"D","assigned_pct","unassigned_pct"
0,1.87793427230047,98.1220657276995
2,53.5211267605634,46.4788732394366
4,100,0
6,100,0
8,100,0
10,100,0
