"D","assigned_pct","unassigned_pct"
0,2.87769784172662,97.1223021582734
1,21.5827338129496,78.4172661870504
2,61.8705035971223,38.1294964028777
3,89.9280575539568,10.0719424460432
4,100,0
5,100,0
6,100,0
7,100,0
8,100,0
9,100,0
10,100,0
11,100,0
12,100,0
13,100,0
14,100,0
15,100,0
16,100,0
17,100,0
18,100,0
19,100,0
20,100,0
