"cluster","Early Adopter","Uninterested","Homo Economicus","Fearful","Stubborn","Influencer","Careful","Activist"
"cluster_1",0,0,0,0,0,0,0,0
"cluster_2",10,11.1111111111111,0,0,0,14.2857142857143,0,0
"cluster_3",18.1818181818182,9.09090909090909,6.66666666666667,6.66666666666667,11.1111111111111,25,5.55555555555556,0
