"cluster","n_patterns","pct_total_patterns","pct_rest_patterns"
"1",161,0.892065602836879,100
"2",166,0.919769503546099,99.1079343971631
"Restantes",17721,98.188164893617,0
