"D","assigned_pct","unassigned_pct"
0,14.0727125,85.9272875
2,18.3761375,81.6238625
4,25.641825,74.358175
6,38.32465,61.67535
8,48.812225,51.187775
10,55.06415,44.93585
