"D","assigned_pct","unassigned_pct"
0,0.000937980715116497,99.9990620192849
2,0.160394702284921,99.8396052977151
4,0.938918695831614,99.0610813041684
6,3.53149739241361,96.4685026075864
8,9.27475331107192,90.7252466889281
10,18.7333508423067,81.2666491576933
