"D","assigned_pct","unassigned_pct"
0,0.00286487802781797,99.9971351219722
2,0.618813654008681,99.3811863459913
4,10.5370213863145,89.4629786136855
6,35.4628926673447,64.5371073326553
8,62.7866668576585,37.2133331423415
10,88.3728925241008,11.6271074758992
