"D","assigned_pct","unassigned_pct"
0,84.88735,15.11265
2,99.999625,0.000375
4,100,0
6,100,0
8,100,0
10,100,0
