n_participants,boot_id,converged,n_terms,n_terms_with_p,n_significant_terms,recovery_rate
100,1,TRUE,32,0,0,0
100,2,TRUE,32,32,16,0.5447761194029851
200,1,TRUE,32,32,19,0.6268656716417911
200,2,TRUE,32,0,0,0
500,1,TRUE,32,32,25,0.8432835820895522
500,2,TRUE,32,32,25,0.8656716417910447
1000,1,TRUE,32,32,26,0.8805970149253731
1000,2,TRUE,32,32,28,0.9328358208955224
