n_participants,n_boot,convergence_rate,mean_terms_with_p,mean_recovery_rate
100,2,1,16,0.27238805970149255
200,2,1,16,0.31343283582089554
500,2,1,32,0.8544776119402985
1000,2,1,32,0.9067164179104478
