"cluster","n_patterns","pct_total_patterns","pct_rest_patterns"
"1",222,1.23005319148936,100
"2",271,1.50155141843972,98.7699468085106
"Restantes",17555,97.2683953900709,0
