"cluster","n_patterns","pct_total_patterns","pct_rest_patterns"
"1",5337,16.5992784274695,100
"2",10782,33.5344613087833,83.4007215725305
"Restantes",16033,49.8662602637472,0
