"D","assigned_pct","unassigned_pct"
0,90.1190625,9.8809375
2,99.9998875,0.0001125
4,100,0
6,100,0
8,100,0
10,100,0
