"D","assigned_pct","unassigned_pct"
0,0.00279360822438261,99.9972063917756
2,0.506574291354714,99.4934257086453
4,4.48560360561701,95.514396394383
6,17.5559652847618,82.4440347152382
8,49.1200134093195,50.8799865906805
10,73.2763437255559,26.7236562744441
