"D","assigned_pct","unassigned_pct"
0,19.7975875,80.2024125
2,37.6114375,62.3885625
4,58.138675,41.861325
6,74.0654125,25.9345875
8,92.0015625,7.9984375
10,98.0272,1.9728
