"cluster","n_archetypes","pct_total_arch","pct_rest_arch"
1,18742,99.9253572190233,100
2,14,0.0746427809767541,0.0746427809767454
