"D","assigned_pct","unassigned_pct"
0,96.8709875,3.1290125
2,99.96285,0.03715
4,100,0
6,100,0
8,100,0
10,100,0
