"D","assigned_pct","unassigned_pct"
0,3.36538461538462,96.6346153846154
2,79.3269230769231,20.6730769230769
4,100,0
6,100,0
8,100,0
10,100,0
