"D","assigned_pct","unassigned_pct"
0,5.07246376811594,94.9275362318841
1,35.5072463768116,64.4927536231884
2,90.5797101449275,9.42028985507246
3,98.5507246376812,1.44927536231884
4,100,0
5,100,0
6,100,0
7,100,0
8,100,0
9,100,0
10,100,0
11,100,0
12,100,0
13,100,0
14,100,0
15,100,0
16,100,0
17,100,0
18,100,0
19,100,0
20,100,0
