"cluster","n_patterns","pct_total_patterns","pct_rest_patterns"
"1",427,1.32806668325454,100
"2",937,2.91428215974123,98.6719333167455
"Restantes",30788,95.7576511570042,0
