"D","assigned_pct","unassigned_pct"
0,0.00468990357558249,99.9953100964244
2,0.749446591378081,99.2505534086219
4,8.69132930626946,91.3086706937305
6,33.5140509511124,66.4859490488876
8,77.4096724571343,22.5903275428657
10,93.413499418452,6.58650058154804
