"D","assigned_pct","unassigned_pct"
0,16.6666666666667,83.3333333333333
1,58.3333333333333,41.6666666666667
2,100,0
3,100,0
4,100,0
5,100,0
6,100,0
7,100,0
8,100,0
9,100,0
10,100,0
11,100,0
12,100,0
13,100,0
14,100,0
15,100,0
16,100,0
17,100,0
18,100,0
19,100,0
20,100,0
