"D","assigned_pct","unassigned_pct"
0,12.9032258064516,87.0967741935484
2,98.3870967741936,1.61290322580645
4,100,0
6,100,0
8,100,0
10,100,0
