"D","assigned_pct","unassigned_pct"
0,94.3281125,5.6718875
2,99.9999875,1.25e-05
4,100,0
6,100,0
8,100,0
10,100,0
