"D","assigned_pct","unassigned_pct"
0,61.3713125,38.6286875
2,99.0917625,0.9082375
4,100,0
6,100,0
8,100,0
10,100,0
