"D","assigned_pct","unassigned_pct"
0,2.34741784037559,97.6525821596244
2,62.9107981220657,37.0892018779343
4,100,0
6,100,0
8,100,0
10,100,0
