"D","assigned_pct","unassigned_pct"
0,3.59712230215827,96.4028776978417
1,26.6187050359712,73.3812949640288
2,71.2230215827338,28.7769784172662
3,97.1223021582734,2.87769784172662
4,100,0
5,100,0
6,100,0
7,100,0
8,100,0
9,100,0
10,100,0
11,100,0
12,100,0
13,100,0
14,100,0
15,100,0
16,100,0
17,100,0
18,100,0
19,100,0
20,100,0
