"cluster","n_patterns","pct_total_patterns","pct_rest_patterns"
"1",2446,13.5527482269504,100
"2",1815,10.0565159574468,86.4472517730496
"Restantes",13787,76.3907358156028,0
