"cluster","n_patterns","pct_total_patterns","pct_rest_patterns"
"1",1,0.72463768115942,100
"2",1,0.72463768115942,99.2753623188406
"Restantes",136,98.5507246376812,0
