"D","assigned_pct","unassigned_pct"
0,31.459925,68.540075
2,77.6490875,22.3509125
4,95.4753375,4.5246625
6,98.9694125,1.0305875
8,99.4785625,0.5214375
10,99.794175,0.205825
