"cluster","n_patterns","pct_total_patterns","pct_rest_patterns"
"1",9283,28.8722318984822,100
"2",15207,47.2972132371237,71.1277681015178
"3",2801,8.71174421497885,23.8305548643941
"4",591,1.83814381686987,15.1188106494153
"5",855,2.65924359293357,13.2806668325454
"Restantes",3415,10.6214232396118,0
