"D","assigned_pct","unassigned_pct"
0,9.67741935483871,90.3225806451613
2,93.5483870967742,6.45161290322581
4,100,0
6,100,0
8,100,0
10,100,0
