"D","assigned_pct","unassigned_pct"
0,0.000931202741460871,99.9990687972585
2,0.148061235892278,99.8519387641077
4,0.979625284016836,99.0203747159832
6,3.70432450553134,96.2956754944687
8,9.74317428390509,90.2568257160949
10,19.4463068499274,80.5536931500726
