"cluster","best_match","pct_match"
1,"Fearful",73.3333333333333
2,"Careful",73.3333333333333
3,"Careful",66.6666666666667
4,"Fearful",60
5,"Careful",80
6,"Fearful",53.3333333333333
7,"Fearful",73.3333333333333
8,"Careful",60
