"cluster","best_match","pct_match"
1,"Careful",73.3333333333333
2,"Careful",46.6666666666667
3,"Influencer",33.3333333333333
4,"Homo.Economicus",33.3333333333333
5,"Careful",33.3333333333333
6,"Careful",33.3333333333333
7,"Careful",53.3333333333333
8,"Careful",40
