"cluster","best_match","pct_match"
1,"Careful",73.3333333333333
2,"Fearful",46.6666666666667
3,"Careful",53.3333333333333
4,"Careful",46.6666666666667
5,"Careful",46.6666666666667
6,"Careful",46.6666666666667
7,"Influencer",33.3333333333333
8,"Fearful",45.4545454545455
