"cluster","n_patterns","pct_total_patterns","pct_rest_patterns"
"1",1508,4.69022144812142,100
"2",2424,7.53918885294849,95.3097785518786
"Restantes",28220,87.7705896989301,0
