"cluster","n_patterns","pct_total_patterns","pct_rest_patterns"
"1",3978,3.70432450553134,100
"2",5817,5.41680634707789,96.2956754944687
"Restantes",97593,90.8788691473908,0
