"cluster","Early.Adopter","Uninterested","Homo.Economicus","Fearful","Stubborn","Influencer","Careful","Activist"
"cluster_1",0,0,0,0,0,0,0,0
"cluster_2",40,33.3333333333333,40,40,66.6666666666667,16.6666666666667,60,50
"cluster_3",50,16.6666666666667,0,0,0,20,0,0
"cluster_4",25,20,0,0,0,0,0,0
"cluster_5",25,20,25,25,50,25,20,33.3333333333333
"cluster_6",40,33.3333333333333,16.6666666666667,16.6666666666667,25,0,33.3333333333333,20
