analysis_sample,integrated_row_id,subsample,comparison_region,subsample_row_id,global_participant_key,dataset_source,source_survey,source_file,participant_key,prolific_id,identification_code,country_model,country_model_grouped,country_region_model,age_group_model,gender_model,employment_model,row_quality_final,usable_for_clustering,usable_for_main_analysis,n_det_valid,det_01_profits,det_02_credit_score,det_03_risk_profile,det_04_added_value,det_05_frugality,det_06_climate_protection,det_07_legal,det_08_trust,det_09_safety,det_10_cost_efficiency,det_11_knowledge,det_12_own_competence,det_13_technical_fit,det_14_environmental_concerns,det_15_self_satisfaction,det_16_commitment,det_17_adherence,det_18_autonomy,det_19_wellbeing,det_20_coziness,det_21_rights_and_duties,det_22_peer_pressure,det_23_support,det_24_socialising,det_25_agreement,det_26_novelty,det_27_fun,det_28_recognition,det_29_trends,det_30_authority,det_31_approval,det_32_own_significance
LATAM,2220,WHY_LATAM,LATAM,1,why__566bdeb3beaf21001240085a,why,Investment_Arquetypes_2022,Content_Export_Investment_Arquetypes_2022_full-latin-final.csv,566bdeb3beaf21001240085a,566bdeb3beaf21001240085a,NA,MX,MX,latin_america,35_44,male,employed,usable_partial,TRUE,TRUE,31,0.5,0.76,0.61,0.75,0.68,0.5,0.5,0.75,0.6,0.82,0.9,0.68,0.75,0.63,0.78,0.71,0.71,0.6,0.66,0.5,0.5,0.5,0.67,0.5,0.5,0.59,0.5,0.5,0.5,0.61,0.5,0.64
LATAM,2221,WHY_LATAM,LATAM,2,why__572bc38f34b25a0010dbe9c4,why,Investment_Arquetypes_2022,Content_Export_Investment_Arquetypes_2022_full-latin-final.csv,572bc38f34b25a0010dbe9c4,572bc38f34b25a0010dbe9c4,NA,MX,MX,latin_america,35_44,male,employed,usable_complete,TRUE,TRUE,32,0.8,0.64,0.5,0.5,1,0.5,0.77,0.88,0.5,1,0.83,1,0.82,0.5,0.86,0.75,0.72,0.81,1,0.74,1,0.5,0.5,0.5,0.76,1,0.9,0.5,0.6,0.66,0.5,0.5
LATAM,2222,WHY_LATAM,LATAM,3,why__57d0540392da98000100c72f,why,Investment_Arquetypes_2022,Content_Export_Investment_Arquetypes_2022_full-latin-final.csv,57d0540392da98000100c72f,57d0540392da98000100c72f,NA,CL,CL,latin_america,35_44,female,employed,usable_complete,TRUE,TRUE,32,0.72,1,1,0.5,0.5,0.5,0.9,1,0.6,1,0.9,1,1,0.8,1,0.8,0.72,0.6,0.7,0.7,1,0.5,0.5,0.5,0.75,0.5,0.5,0.5,0.5,0.5,0.5,0.9
LATAM,2223,WHY_LATAM,LATAM,4,why__5908ec21bc185d00011aa205,why,Investment_Arquetypes_2022,Content_Export_Investment_Arquetypes_2022_full-latin-final.csv,5908ec21bc185d00011aa205,5908ec21bc185d00011aa205,NA,CL,CL,latin_america,55_64,male,employed,usable_complete,TRUE,TRUE,32,0.66,0.5,0.5,0.5,0.5,0.71,0.97,0.7,0.65,0.5,0.79,0.73,0.63,0.5,0.6,0.73,0.5,0.5,0.55,0.57,0.54,0.5,0.5,0.5,0.5,0.5,0.5,0.5,0.5,0.5,0.5,0.52
LATAM,2224,WHY_LATAM,LATAM,5,why__598c2748e339120001fb8875,why,Investment_Arquetypes_2022,Content_Export_Investment_Arquetypes_2022_full-latin-final.csv,598c2748e339120001fb8875,598c2748e339120001fb8875,NA,MX,MX,latin_america,35_44,male,employed,usable_partial,TRUE,TRUE,31,0.75,0.5,0.8,0.5,0.5,0.5,0.5,0.65,0.6,0.85,0.7,0.8,0.75,0.5,0.7,0.55,0.7,0.75,0.8,0.6,0.53,0.6,0.5,0.5,0.5,0.5,0.6,0.5,0.65,0.65,0.5,0.55
LATAM,2225,WHY_LATAM,LATAM,6,why__5a5c0728ac5624000153f533,why,Investment_Arquetypes_2022,Content_Export_Investment_Arquetypes_2022_full-latin-final.csv,5a5c0728ac5624000153f533,5a5c0728ac5624000153f533,NA,MX,MX,latin_america,35_44,male,unknown,usable_complete,TRUE,TRUE,32,0.53,1,0.59,0.61,0.63,0.5,0.5,0.5,0.5,0.85,1,0.5,0.59,0.5,0.5,0.51,0.57,0.5,0.5,0.5,0.5,0.5,0.56,0.5,0.5,0.5,0.5,0.5,0.5,0.5,0.5,0.5
LATAM,2226,WHY_LATAM,LATAM,7,why__5a874306f49c9a0001f39714,why,Investment_Arquetypes_2022,Content_Export_Investment_Arquetypes_2022_full-latin-final.csv,5a874306f49c9a0001f39714,5a874306f49c9a0001f39714,NA,MX,MX,latin_america,35_44,female,employed,usable_complete,TRUE,TRUE,32,0.71,0.97,0.64,0.63,0.73,0.74,0.64,0.93,0.75,0.97,0.78,0.85,0.84,0.81,1,0.97,0.8,0.73,0.89,0.73,0.5,0.53,0.5,0.5,0.56,0.58,0.5,0.5,0.72,0.5,0.5,0.82
LATAM,2227,WHY_LATAM,LATAM,8,why__5ac9c4415cd1050001626162,why,Investment_Arquetypes_2022,Content_Export_Investment_Arquetypes_2022_full-latin-final.csv,5ac9c4415cd1050001626162,5ac9c4415cd1050001626162,NA,MX,MX,latin_america,25_34,male,employed,usable_complete,TRUE,TRUE,32,1,0.5,1,0.85,0.8,0.5,0.9,0.7,1,0.9,1,1,1,0.5,0.9,0.8,0.8,0.85,0.8,0.7,0.7,0.5,0.7,0.5,0.5,0.7,0.5,0.6,0.5,0.8,0.5,0.5
LATAM,2228,WHY_LATAM,LATAM,9,why__5adf7fbc09eae200011305a5,why,Investment_Arquetypes_2022,Content_Export_Investment_Arquetypes_2022_full-latin-final.csv,5adf7fbc09eae200011305a5,5adf7fbc09eae200011305a5,NA,MX,MX,latin_america,45_54,female,unknown,usable_complete,TRUE,TRUE,32,0.64,0.7,0.72,0.68,0.74,0.74,0.82,0.62,0.77,0.77,0.79,0.83,0.72,0.81,0.68,0.87,0.75,0.65,0.67,0.74,0.78,0.72,0.63,0.7,0.69,0.67,0.5,0.66,0.5,0.51,0.5,0.64
LATAM,2229,WHY_LATAM,LATAM,10,why__5af43b1ea37f390001276490,why,Investment_Arquetypes_2022,Content_Export_Investment_Arquetypes_2022_full-latin-final.csv,5af43b1ea37f390001276490,5af43b1ea37f390001276490,NA,MX,MX,latin_america,25_34,female,unknown,usable_complete,TRUE,TRUE,32,0.9,0.95,0.6,0.5,0.5,0.6,0.8,0.5,0.8,0.95,0.85,0.8,0.7,0.5,0.9,1,1,0.85,0.8,0.7,0.5,0.5,0.5,0.5,0.5,0.5,0.6,0.5,0.5,0.5,0.5,0.6
LATAM,2230,WHY_LATAM,LATAM,11,why__5b0f5ef5444cef0001ca968b,why,Investment_Arquetypes_2022,Content_Export_Investment_Arquetypes_2022_full-latin-final.csv,5b0f5ef5444cef0001ca968b,5b0f5ef5444cef0001ca968b,NA,MX,MX,latin_america,25_34,female,unknown,usable_complete,TRUE,TRUE,32,0.5,0.64,0.64,0.77,0.5,0.69,1,0.91,0.73,0.85,0.91,0.84,0.7,0.8,0.79,0.75,0.79,0.79,0.81,0.72,1,0.5,0.5,0.5,0.64,0.5,0.89,0.5,0.5,0.5,0.5,0.77
LATAM,2231,WHY_LATAM,LATAM,12,why__5b157b3bea49770001630696,why,Investment_Arquetypes_2022,Content_Export_Investment_Arquetypes_2022_full-latin-final.csv,5b157b3bea49770001630696,5b157b3bea49770001630696,NA,MX,MX,latin_america,25_34,female,employed,usable_partial,TRUE,TRUE,31,0.8,0.9,0.7,0.66,0.5,0.5,0.5,0.77,0.8,0.7,0.85,0.75,0.6,0.56,0.9,0.75,1,0.6,0.8,0.65,0.6,0.5,0.65,0.7,0.5,0.5,0.55,0.5,0.5,0.5,0.5,0.85
LATAM,2232,WHY_LATAM,LATAM,13,why__5b19a8072767e20001e4eaaf,why,Investment_Arquetypes_2022,Content_Export_Investment_Arquetypes_2022_full-latin-final.csv,5b19a8072767e20001e4eaaf,5b19a8072767e20001e4eaaf,NA,MX,MX,latin_america,25_34,male,employed,usable_partial,TRUE,TRUE,30,1,1,0.85,0.5,0.83,0.5,0.7,0.9,0.6,1,1,0.9,1,0.5,1,1,0.9,0.91,0.95,0.8,0.9,0.55,0.5,0.5,0.5,0.51,0.79,0.65,0.5,0.86,0.5,0.84
LATAM,2233,WHY_LATAM,LATAM,14,why__5b27c8c9051c6e00019d0c96,why,Investment_Arquetypes_2022,Content_Export_Investment_Arquetypes_2022_full-latin-final.csv,5b27c8c9051c6e00019d0c96,5b27c8c9051c6e00019d0c96,NA,CL,CL,latin_america,45_54,male,unknown,usable_complete,TRUE,TRUE,32,0.65,0.8,0.85,0.7,0.8,0.5,0.75,0.55,0.5,0.9,0.9,0.7,0.7,0.66,0.78,0.8,0.7,0.7,0.6,0.5,0.7,0.5,0.5,0.5,0.7,0.5,0.5,0.5,0.5,0.5,0.5,0.5
LATAM,2234,WHY_LATAM,LATAM,15,why__5b3455bf532e3d00018e6e8b,why,Investment_Arquetypes_2022,Content_Export_Investment_Arquetypes_2022_full-latin-final.csv,5b3455bf532e3d00018e6e8b,5b3455bf532e3d00018e6e8b,NA,MX,MX,latin_america,45_54,male,unknown,usable_complete,TRUE,TRUE,32,1,1,1,0.6,0.6,0.75,1,0.6,1,1,1,1,1,1,1,1,1,1,1,1,1,0.5,0.75,0.5,0.5,1,0.75,0.5,0.5,0.8,0.5,0.75
LATAM,2235,WHY_LATAM,LATAM,16,why__5b36e844cf5e6a00018303a8,why,Investment_Arquetypes_2022,Content_Export_Investment_Arquetypes_2022_full-latin-final.csv,5b36e844cf5e6a00018303a8,5b36e844cf5e6a00018303a8,NA,MX,MX,latin_america,25_34,male,employed,usable_complete,TRUE,TRUE,32,0.75,0.93,0.83,0.5,0.5,0.5,0.5,0.71,0.72,0.5,0.8,0.5,0.5,0.5,0.89,0.7,0.99,0.59,0.5,0.86,1,0.61,0.5,0.58,0.74,0.66,0.83,0.67,0.5,0.81,0.5,0.66
LATAM,2236,WHY_LATAM,LATAM,17,why__5b3d6a9ec2aa1000017781a0,why,Investment_Arquetypes_2022,Content_Export_Investment_Arquetypes_2022_full-latin-final.csv,5b3d6a9ec2aa1000017781a0,5b3d6a9ec2aa1000017781a0,NA,CL,CL,latin_america,65_plus,male,employed,usable_complete,TRUE,TRUE,32,0.75,1,1,1,0.75,0.75,1,1,1,1,1,1,1,1,1,1,1,1,0.5,0.5,1,0.5,0.5,0.5,0.5,0.5,0.5,0.5,0.5,1,0.5,0.5
LATAM,2237,WHY_LATAM,LATAM,18,why__5b477fdb56e0140001ac7720,why,Investment_Arquetypes_2022,Content_Export_Investment_Arquetypes_2022_full-latin-final.csv,5b477fdb56e0140001ac7720,5b477fdb56e0140001ac7720,NA,MX,MX,latin_america,45_54,male,unknown,usable_complete,TRUE,TRUE,32,0.82,1,0.83,1,0.5,1,0.99,0.98,0.86,1,0.98,1,1,0.99,0.97,0.99,1,0.92,0.97,0.89,1,0.6,1,0.78,0.73,0.63,0.5,0.64,0.54,0.67,0.5,0.99
LATAM,2238,WHY_LATAM,LATAM,19,why__5b5fdd52b36c3400014718b9,why,Investment_Arquetypes_2022,Content_Export_Investment_Arquetypes_2022_full-latin-final.csv,5b5fdd52b36c3400014718b9,5b5fdd52b36c3400014718b9,NA,MX,MX,latin_america,25_34,female,unemployed,usable_complete,TRUE,TRUE,32,0.81,0.5,0.76,0.5,0.61,0.5,0.71,0.5,0.68,1,0.75,0.92,0.5,0.5,0.78,0.79,0.58,0.8,0.7,0.72,0.9,0.5,0.5,0.5,0.78,0.5,0.5,0.5,0.5,0.5,0.5,0.5
LATAM,2239,WHY_LATAM,LATAM,20,why__5b689fa3cda8590001db3c99,why,Investment_Arquetypes_2022,Content_Export_Investment_Arquetypes_2022_full-latin-final.csv,5b689fa3cda8590001db3c99,5b689fa3cda8590001db3c99,NA,MX,MX,latin_america,25_34,female,employed,usable_complete,TRUE,TRUE,32,0.7,0.9,0.8,0.7,0.6,0.7,0.8,0.8,0.7,0.8,0.8,0.6,0.8,0.9,0.7,0.7,0.8,0.8,0.7,0.5,0.8,0.6,0.5,0.6,0.6,0.5,0.5,0.5,0.5,0.5,0.6,0.6
LATAM,2241,WHY_LATAM,LATAM,22,why__5b7850cef642ed0001517c4d,why,Investment_Arquetypes_2022,Content_Export_Investment_Arquetypes_2022_full-latin-final.csv,5b7850cef642ed0001517c4d,5b7850cef642ed0001517c4d,NA,CL,CL,latin_america,55_64,female,employed,usable_complete,TRUE,TRUE,32,1,1,1,1,0.5,0.75,1,1,1,1,1,1,1,1,1,1,1,0.5,0.5,0.5,1,0.5,0.5,0.5,0.5,0.5,0.5,0.5,0.5,0.75,0.5,0.5
LATAM,2242,WHY_LATAM,LATAM,23,why__5b7b8153db11320001c412e8,why,Investment_Arquetypes_2022,Content_Export_Investment_Arquetypes_2022_full-latin-final.csv,5b7b8153db11320001c412e8,5b7b8153db11320001c412e8,NA,MX,MX,latin_america,25_34,female,employed,usable_complete,TRUE,TRUE,32,1,0.77,0.5,0.5,0.51,0.5,0.55,0.66,0.53,0.85,0.61,0.65,0.5,0.5,0.66,0.62,0.59,0.5,0.64,0.58,1,0.5,0.5,0.5,0.5,0.5,0.66,0.5,0.5,0.5,0.5,0.5
LATAM,2243,WHY_LATAM,LATAM,24,why__5b7c3611b22fe60001df1efd,why,Investment_Arquetypes_2022,Content_Export_Investment_Arquetypes_2022_full-latin-final.csv,5b7c3611b22fe60001df1efd,5b7c3611b22fe60001df1efd,NA,MX,MX,latin_america,25_34,male,unknown,usable_complete,TRUE,TRUE,32,0.72,0.71,0.75,0.5,0.5,0.8,0.85,0.5,0.73,0.73,0.63,0.71,0.5,0.65,0.62,0.66,0.75,0.65,0.67,0.74,0.7,0.5,0.5,0.5,0.6,0.8,0.7,0.5,0.55,0.5,0.5,0.64
LATAM,2244,WHY_LATAM,LATAM,25,why__5b8c8e7d0c740e00019d55c3,why,Investment_Arquetypes_2022,Content_Export_Investment_Arquetypes_2022_full-latin-final.csv,5b8c8e7d0c740e00019d55c3,5b8c8e7d0c740e00019d55c3,NA,MX,MX,latin_america,35_44,male,unknown,usable_complete,TRUE,TRUE,32,1,0.75,0.9,0.86,0.75,0.55,0.5,0.8,0.91,0.93,0.75,0.8,0.79,0.5,0.84,0.66,0.66,0.99,0.99,0.83,0.5,0.5,0.5,0.5,0.51,0.77,0.74,0.5,0.5,0.5,0.5,0.83
LATAM,2245,WHY_LATAM,LATAM,26,why__5b8fe84a1a3ec10001a81642,why,Investment_Arquetypes_2022,Content_Export_Investment_Arquetypes_2022_full-latin-final.csv,5b8fe84a1a3ec10001a81642,5b8fe84a1a3ec10001a81642,NA,CL,CL,latin_america,18_24,male,other,usable_complete,TRUE,TRUE,32,0.9,0.9,0.8,0.5,0.75,0.5,0.5,0.65,0.5,1,1,1,0.7,0.5,0.7,0.65,0.7,0.55,0.55,0.5,0.7,0.5,0.5,0.5,0.5,0.5,0.5,0.5,0.5,0.5,0.5,0.5
LATAM,2246,WHY_LATAM,LATAM,27,why__5b9858a3fe82f50001caef03,why,Investment_Arquetypes_2022,Content_Export_Investment_Arquetypes_2022_full-latin-final.csv,5b9858a3fe82f50001caef03,5b9858a3fe82f50001caef03,NA,MX,MX,latin_america,25_34,male,unknown,usable_complete,TRUE,TRUE,32,0.81,0.89,0.61,0.5,0.84,0.52,0.5,0.68,0.78,0.81,0.84,0.7,0.58,0.61,0.61,0.57,0.76,0.73,0.71,0.58,0.6,0.53,0.64,0.55,0.71,0.61,0.58,0.5,0.55,0.5,0.5,0.5
LATAM,2247,WHY_LATAM,LATAM,28,why__5bb105d357281d0001ff257b,why,Investment_Arquetypes_2022,Content_Export_Investment_Arquetypes_2022_full-latin-final.csv,5bb105d357281d0001ff257b,5bb105d357281d0001ff257b,NA,CL,CL,latin_america,18_24,male,employed,usable_complete,TRUE,TRUE,32,1,1,0.76,0.5,0.5,0.5,1,0.83,0.78,0.79,0.77,0.89,1,0.5,1,0.85,0.75,0.72,0.73,1,0.88,0.78,0.5,0.5,0.81,0.65,1,0.89,0.76,0.79,0.98,0.79
LATAM,2248,WHY_LATAM,LATAM,29,why__5bb511c6689fc5000149c703,why,Investment_Arquetypes_2022,Content_Export_Investment_Arquetypes_2022_full-latin-final.csv,5bb511c6689fc5000149c703,5bb511c6689fc5000149c703,NA,MX,MX,latin_america,45_54,female,unknown,usable_complete,TRUE,TRUE,32,0.75,1,0.8,0.5,0.8,0.5,0.85,0.9,1,0.65,1,1,0.8,0.5,1,0.9,0.6,1,1,1,0.75,0.5,0.5,0.5,0.8,0.6,0.7,0.5,0.5,0.5,0.5,0.85
LATAM,2249,WHY_LATAM,LATAM,30,why__5bb635a5b734a20001f7a902,why,Investment_Arquetypes_2022,Content_Export_Investment_Arquetypes_2022_full-latin-final.csv,5bb635a5b734a20001f7a902,5bb635a5b734a20001f7a902,NA,CL,CL,latin_america,18_24,male,inactive_other,usable_complete,TRUE,TRUE,32,1,0.85,1,0.6,0.75,0.5,0.5,1,0.5,1,0.75,0.75,0.9,0.5,0.9,0.65,0.9,0.75,0.6,0.55,0.7,0.8,0.5,0.5,0.65,0.7,0.7,0.65,0.65,0.5,0.55,0.5
LATAM,2250,WHY_LATAM,LATAM,31,why__5bbfeaeb785edb0001fac427,why,Investment_Arquetypes_2022,Content_Export_Investment_Arquetypes_2022_full-latin-final.csv,5bbfeaeb785edb0001fac427,5bbfeaeb785edb0001fac427,NA,MX,MX,latin_america,25_34,male,employed,usable_complete,TRUE,TRUE,32,1,1,0.65,0.5,0.75,0.5,0.5,0.5,0.8,0.89,1,0.8,1,0.5,0.6,0.7,0.5,0.7,0.95,0.8,0.55,0.5,0.5,0.5,0.5,0.5,0.9,0.5,0.7,0.5,0.5,0.7
LATAM,2251,WHY_LATAM,LATAM,32,why__5bc0ffa6b548c500012783cc,why,Investment_Arquetypes_2022,Content_Export_Investment_Arquetypes_2022_full-latin-final.csv,5bc0ffa6b548c500012783cc,5bc0ffa6b548c500012783cc,NA,MX,MX,latin_america,35_44,male,employed,usable_complete,TRUE,TRUE,32,0.67,0.66,0.65,0.5,0.54,0.5,0.5,0.64,0.71,0.66,0.77,0.63,0.5,0.5,0.5,0.59,0.66,0.5,0.71,0.77,0.64,0.5,0.6,0.5,0.5,0.5,0.82,0.69,0.5,0.71,0.5,0.7
LATAM,2252,WHY_LATAM,LATAM,33,why__5bdf91dbb32fa800012ea282,why,Investment_Arquetypes_2022,Content_Export_Investment_Arquetypes_2022_full-latin-final.csv,5bdf91dbb32fa800012ea282,5bdf91dbb32fa800012ea282,NA,MX,MX,latin_america,45_54,male,employed,usable_complete,TRUE,TRUE,32,0.6,0.5,0.9,0.6,0.5,0.75,0.75,0.5,0.9,1,0.9,0.6,0.9,0.6,0.8,0.9,0.8,0.8,0.75,0.6,0.8,0.5,0.85,0.6,0.5,0.75,0.6,0.5,0.5,0.5,0.5,0.75
LATAM,2253,WHY_LATAM,LATAM,34,why__5bfb7a8b3db90d0001f559a8,why,Investment_Arquetypes_2022,Content_Export_Investment_Arquetypes_2022_full-latin-final.csv,5bfb7a8b3db90d0001f559a8,5bfb7a8b3db90d0001f559a8,NA,MX,MX,latin_america,35_44,female,employed,usable_complete,TRUE,TRUE,32,0.81,1,0.75,0.5,0.5,0.65,0.66,0.73,0.87,0.9,0.72,0.71,0.81,0.62,0.75,0.66,0.78,0.77,0.59,0.66,1,0.5,0.5,0.5,0.55,0.92,0.58,0.5,0.79,0.5,0.5,0.5
LATAM,2254,WHY_LATAM,LATAM,35,why__5bfecff80ef0390001387cc2,why,Investment_Arquetypes_2022,Content_Export_Investment_Arquetypes_2022_full-latin-final.csv,5bfecff80ef0390001387cc2,5bfecff80ef0390001387cc2,NA,MX,MX,latin_america,35_44,female,unknown,usable_partial,TRUE,TRUE,31,0.52,0.78,0.54,0.51,0.6,0.6,0.65,0.5,0.7,0.76,0.81,0.77,0.65,0.5,0.71,0.79,0.83,0.7,0.76,0.5,0.78,0.6,0.5,0.51,0.5,0.5,0.5,0.5,0.61,0.5,0.5,0.71
LATAM,2255,WHY_LATAM,LATAM,36,why__5c05922f4e1b7b00016af702,why,Investment_Arquetypes_2022,Content_Export_Investment_Arquetypes_2022_full-latin-final.csv,5c05922f4e1b7b00016af702,5c05922f4e1b7b00016af702,NA,MX,MX,latin_america,55_64,female,unknown,usable_complete,TRUE,TRUE,32,0.66,0.99,0.5,0.67,0.59,0.91,0.5,0.5,0.59,0.85,0.71,0.61,0.74,0.78,0.68,0.82,0.66,0.54,0.5,0.62,0.81,0.73,0.64,0.5,0.74,0.77,0.5,0.5,0.7,0.61,0.5,0.85
LATAM,2256,WHY_LATAM,LATAM,37,why__5c0e9cd3b9211d0001d7ec58,why,Investment_Arquetypes_2022,Content_Export_Investment_Arquetypes_2022_full-latin-final.csv,5c0e9cd3b9211d0001d7ec58,5c0e9cd3b9211d0001d7ec58,NA,MX,MX,latin_america,25_34,male,employed,usable_complete,TRUE,TRUE,32,0.8,0.6,0.55,0.5,0.5,0.81,0.5,0.5,0.5,0.86,0.5,0.5,0.82,0.93,0.5,0.5,0.5,0.5,0.5,0.5,0.7,0.5,0.5,0.5,0.5,0.76,0.5,0.5,0.5,0.87,0.5,0.5
LATAM,2257,WHY_LATAM,LATAM,38,why__5c1d19c810677f0001d9d56c,why,Investment_Arquetypes_2022,Content_Export_Investment_Arquetypes_2022_full-latin-final.csv,5c1d19c810677f0001d9d56c,5c1d19c810677f0001d9d56c,NA,MX,MX,latin_america,45_54,male,employed,usable_complete,TRUE,TRUE,32,0.81,0.7,0.9,0.58,0.79,0.73,0.79,0.7,0.5,0.78,0.87,0.78,0.86,0.79,0.8,0.85,0.78,0.85,0.72,0.8,0.85,0.5,0.76,0.57,0.85,0.56,0.5,0.56,0.7,0.82,0.53,0.56
LATAM,2258,WHY_LATAM,LATAM,39,why__5c465ffdf608210001a4d536,why,Investment_Arquetypes_2022,Content_Export_Investment_Arquetypes_2022_full-latin-final.csv,5c465ffdf608210001a4d536,5c465ffdf608210001a4d536,NA,MX,MX,latin_america,25_34,male,employed,usable_partial,TRUE,TRUE,31,0.87,1,0.96,0.89,0.69,1,1,0.99,0.9,0.9,1,0.93,1,0.94,0.95,1,0.93,0.75,0.75,0.88,1,0.65,0.92,0.5,0.78,0.5,0.85,0.68,0.6,0.63,0.5,0.75
LATAM,2259,WHY_LATAM,LATAM,40,why__5c5d9b5dfd49d30001da3b1f,why,Investment_Arquetypes_2022,Content_Export_Investment_Arquetypes_2022_full-latin-final.csv,5c5d9b5dfd49d30001da3b1f,5c5d9b5dfd49d30001da3b1f,NA,MX,MX,latin_america,25_34,male,unemployed,usable_complete,TRUE,TRUE,32,1,0.95,0.95,0.5,1,0.85,1,0.5,0.6,0.85,1,0.91,1,0.75,0.9,0.8,0.9,0.9,0.89,0.6,0.9,0.5,0.85,0.5,0.5,0.65,0.6,0.5,0.5,0.5,0.5,0.75
LATAM,2260,WHY_LATAM,LATAM,41,why__5c60c298af517e0001a00b00,why,Investment_Arquetypes_2022,Content_Export_Investment_Arquetypes_2022_full-latin-final.csv,5c60c298af517e0001a00b00,5c60c298af517e0001a00b00,NA,CL,CL,latin_america,18_24,male,employed,usable_complete,TRUE,TRUE,32,0.72,0.99,0.89,0.5,0.82,0.5,0.7,0.97,0.52,1,0.93,1,0.85,0.64,0.93,0.89,0.5,0.92,0.87,0.87,0.85,0.5,0.5,0.5,0.85,0.5,0.5,0.5,0.87,0.5,0.5,0.6
LATAM,2261,WHY_LATAM,LATAM,42,why__5c644e502b97df0001f3d00d,why,Investment_Arquetypes_2022,Content_Export_Investment_Arquetypes_2022_full-latin-final.csv,5c644e502b97df0001f3d00d,5c644e502b97df0001f3d00d,NA,CL,CL,latin_america,25_34,male,unemployed,usable_complete,TRUE,TRUE,32,0.65,0.8,0.8,0.51,0.5,0.65,0.51,0.7,0.69,0.6,0.63,0.8,0.75,0.6,0.75,0.71,0.75,0.9,0.6,0.61,0.5,0.5,0.7,0.5,0.63,0.5,0.5,0.5,0.75,0.51,0.5,0.75
LATAM,2262,WHY_LATAM,LATAM,43,why__5c71f758c1186a0001fa8b2d,why,Investment_Arquetypes_2022,Content_Export_Investment_Arquetypes_2022_full-latin-final.csv,5c71f758c1186a0001fa8b2d,5c71f758c1186a0001fa8b2d,NA,MX,MX,latin_america,25_34,female,employed,usable_complete,TRUE,TRUE,32,0.89,0.9,0.7,0.73,0.5,0.82,0.89,0.88,0.89,0.87,0.81,0.84,0.78,0.81,0.9,0.88,0.88,0.93,0.89,0.92,0.84,0.7,0.83,0.5,0.82,0.5,0.5,0.5,0.83,0.76,0.5,0.89
LATAM,2263,WHY_LATAM,LATAM,44,why__5c72c016a4414500012e1086,why,Investment_Arquetypes_2022,Content_Export_Investment_Arquetypes_2022_full-latin-final.csv,5c72c016a4414500012e1086,5c72c016a4414500012e1086,NA,MX,MX,latin_america,35_44,female,unknown,usable_complete,TRUE,TRUE,32,0.9,0.81,0.8,0.75,0.7,0.7,0.9,0.85,0.88,0.9,0.81,0.8,0.8,0.8,0.91,0.83,0.9,0.8,1,0.7,0.8,0.5,0.71,0.5,0.65,0.9,0.7,0.5,0.5,0.5,0.5,0.7
LATAM,2264,WHY_LATAM,LATAM,45,why__5c73477642a5070001a2f940,why,Investment_Arquetypes_2022,Content_Export_Investment_Arquetypes_2022_full-latin-final.csv,5c73477642a5070001a2f940,5c73477642a5070001a2f940,NA,MX,MX,latin_america,45_54,female,employed,usable_complete,TRUE,TRUE,32,0.7,0.9,0.68,0.74,0.71,0.51,0.76,0.9,0.61,0.6,0.8,0.81,0.84,0.85,0.81,0.68,0.78,0.71,0.5,0.5,0.86,0.77,0.71,0.5,0.82,0.74,0.5,0.51,0.58,0.5,0.5,0.64
LATAM,2265,WHY_LATAM,LATAM,46,why__5c77a6b12819ab0016b94d47,why,Investment_Arquetypes_2022,Content_Export_Investment_Arquetypes_2022_full-latin-final.csv,5c77a6b12819ab0016b94d47,5c77a6b12819ab0016b94d47,NA,MX,MX,latin_america,25_34,male,employed,usable_complete,TRUE,TRUE,32,0.6,0.85,0.7,0.5,0.5,0.5,0.9,0.8,0.65,0.7,0.85,0.9,0.8,0.5,0.8,0.8,0.8,0.75,0.9,0.8,1,0.5,0.5,0.5,0.5,0.5,0.5,0.5,0.6,0.5,0.5,0.85
LATAM,2266,WHY_LATAM,LATAM,47,why__5c90617326e3ed00019896a5,why,Investment_Arquetypes_2022,Content_Export_Investment_Arquetypes_2022_full-latin-final.csv,5c90617326e3ed00019896a5,5c90617326e3ed00019896a5,NA,MX,MX,latin_america,25_34,male,employed,usable_complete,TRUE,TRUE,32,1,0.8,0.9,0.7,0.8,0.7,0.8,0.85,0.7,0.85,0.7,0.9,0.9,1,0.85,0.5,0.8,0.9,0.5,0.8,0.65,0.8,0.6,0.8,0.8,0.85,0.8,0.75,0.85,0.8,0.8,0.85
LATAM,2267,WHY_LATAM,LATAM,48,why__5c96c2ad584978000142357a,why,Investment_Arquetypes_2022,Content_Export_Investment_Arquetypes_2022_full-latin-final.csv,5c96c2ad584978000142357a,5c96c2ad584978000142357a,NA,MX,MX,latin_america,25_34,female,employed,usable_complete,TRUE,TRUE,32,0.61,0.6,0.63,0.5,0.5,0.5,0.65,0.6,0.7,0.72,0.5,0.65,0.58,0.66,0.59,0.57,0.65,0.6,0.58,0.5,0.59,0.5,0.5,0.5,0.6,0.5,0.5,0.5,0.5,0.5,0.5,0.61
LATAM,2268,WHY_LATAM,LATAM,49,why__5ca52f11cc8b7e0016b86c05,why,Investment_Arquetypes_2022,Content_Export_Investment_Arquetypes_2022_full-latin-final.csv,5ca52f11cc8b7e0016b86c05,5ca52f11cc8b7e0016b86c05,NA,MX,MX,latin_america,25_34,female,employed,usable_complete,TRUE,TRUE,32,0.8,0.5,0.55,0.5,0.6,0.85,0.5,0.5,0.85,1,0.7,0.7,1,0.8,0.85,0.85,1,0.8,1,0.85,0.5,0.5,0.9,0.5,0.75,0.5,0.5,0.5,0.5,0.5,0.5,0.5
LATAM,2269,WHY_LATAM,LATAM,50,why__5caad602a15c9800161ad6d3,why,Investment_Arquetypes_2022,Content_Export_Investment_Arquetypes_2022_full-latin-final.csv,5caad602a15c9800161ad6d3,5caad602a15c9800161ad6d3,NA,MX,MX,latin_america,25_34,male,employed,usable_complete,TRUE,TRUE,32,0.9,0.68,0.8,0.5,0.9,0.8,0.8,1,0.6,0.9,1,1,0.9,0.7,0.7,0.9,1,0.7,0.95,0.9,0.75,0.5,0.84,0.5,0.8,0.71,0.5,0.7,0.5,0.6,0.5,0.6
LATAM,2270,WHY_LATAM,LATAM,51,why__5cccd9bee48e6700175286ca,why,Investment_Arquetypes_2022,Content_Export_Investment_Arquetypes_2022_full-latin-final.csv,5cccd9bee48e6700175286ca,5cccd9bee48e6700175286ca,NA,MX,MX,latin_america,45_54,male,employed,usable_complete,TRUE,TRUE,32,0.82,0.93,0.64,0.7,0.66,0.62,0.66,0.76,0.78,0.94,0.71,0.81,0.87,0.65,0.89,0.91,0.93,0.87,0.92,0.5,0.66,0.5,0.68,0.5,0.5,0.64,0.5,0.5,0.5,0.5,0.5,0.91
LATAM,2271,WHY_LATAM,LATAM,52,why__5cd9cd20300c8c00016ea1c4,why,Investment_Arquetypes_2022,Content_Export_Investment_Arquetypes_2022_full-latin-final.csv,5cd9cd20300c8c00016ea1c4,5cd9cd20300c8c00016ea1c4,NA,MX,MX,latin_america,35_44,male,employed,usable_complete,TRUE,TRUE,32,0.76,0.69,0.71,0.5,0.7,0.5,0.5,0.75,0.59,0.81,0.5,0.5,0.5,0.5,0.62,0.67,0.75,0.6,0.59,0.71,0.73,0.5,0.5,0.5,0.5,0.5,0.5,0.54,0.5,0.5,0.5,0.58
LATAM,2272,WHY_LATAM,LATAM,53,why__5ce6bf6bff479a001a356b09,why,Investment_Arquetypes_2022,Content_Export_Investment_Arquetypes_2022_full-latin-final.csv,5ce6bf6bff479a001a356b09,5ce6bf6bff479a001a356b09,NA,CL,CL,latin_america,25_34,male,unknown,usable_complete,TRUE,TRUE,32,0.5,0.8,0.7,0.5,0.5,0.5,0.8,0.8,0.6,0.7,0.6,0.6,0.75,0.5,0.7,0.7,0.65,0.7,0.8,0.65,0.6,0.5,0.5,0.5,0.85,0.5,0.8,0.5,0.5,0.5,0.5,0.5
LATAM,2273,WHY_LATAM,LATAM,54,why__5cf015e31667570001667256,why,Investment_Arquetypes_2022,Content_Export_Investment_Arquetypes_2022_full-latin-final.csv,5cf015e31667570001667256,5cf015e31667570001667256,NA,CL,CL,latin_america,25_34,male,employed,usable_complete,TRUE,TRUE,32,1,0.75,0.85,0.5,1,0.5,0.7,0.85,0.5,1,1,0.8,0.75,0.5,0.71,0.5,1,0.85,0.65,0.6,0.5,0.5,0.5,0.5,0.5,0.5,0.5,0.5,0.5,0.5,0.5,0.5
LATAM,2274,WHY_LATAM,LATAM,55,why__5d12691ae52fb60019feaa35,why,Investment_Arquetypes_2022,Content_Export_Investment_Arquetypes_2022_full-latin-final.csv,5d12691ae52fb60019feaa35,5d12691ae52fb60019feaa35,NA,CL,CL,latin_america,18_24,male,unknown,usable_complete,TRUE,TRUE,32,0.5,1,1,0.65,0.5,0.8,0.8,1,1,0.8,1,1,0.7,0.65,0.8,0.9,0.9,0.75,0.75,0.75,0.7,0.5,0.7,0.5,0.5,0.65,0.75,0.5,0.5,0.7,0.5,1
LATAM,2275,WHY_LATAM,LATAM,56,why__5d1d688e63a46c00157b4506,why,Investment_Arquetypes_2022,Content_Export_Investment_Arquetypes_2022_full-latin-final.csv,5d1d688e63a46c00157b4506,5d1d688e63a46c00157b4506,NA,CL,CL,latin_america,18_24,male,inactive_other,usable_complete,TRUE,TRUE,32,0.85,1,0.85,0.5,0.5,0.5,0.77,0.91,0.69,0.91,0.89,0.86,1,0.6,0.81,0.61,1,0.6,0.6,0.55,0.68,0.64,0.5,0.5,0.6,0.5,0.51,0.5,0.5,0.5,0.5,0.5
LATAM,2276,WHY_LATAM,LATAM,57,why__5d3f63a92df9f7001bd92a32,why,Investment_Arquetypes_2022,Content_Export_Investment_Arquetypes_2022_full-latin-final.csv,5d3f63a92df9f7001bd92a32,5d3f63a92df9f7001bd92a32,NA,MX,MX,latin_america,18_24,male,other,usable_complete,TRUE,TRUE,32,0.89,0.82,0.64,0.6,0.54,0.69,0.63,0.63,0.62,0.86,0.7,0.74,1,0.59,0.76,0.67,0.6,0.78,0.58,0.59,0.5,0.5,0.72,0.5,0.8,0.5,0.5,0.5,0.5,0.5,0.5,0.6
LATAM,2277,WHY_LATAM,LATAM,58,why__5d407502e96dd0001dfe4488,why,Investment_Arquetypes_2022,Content_Export_Investment_Arquetypes_2022_full-latin-final.csv,5d407502e96dd0001dfe4488,5d407502e96dd0001dfe4488,NA,CL,CL,latin_america,25_34,female,unemployed,usable_complete,TRUE,TRUE,32,1,1,1,0.8,1,1,0.55,1,1,1,0.8,1,0.79,1,1,1,1,0.8,1,0.81,0.73,0.57,0.96,0.5,0.89,0.7,0.8,0.5,0.64,0.5,0.5,0.67
LATAM,2278,WHY_LATAM,LATAM,59,why__5d40a788811e75001a0eabe4,why,Investment_Arquetypes_2022,Content_Export_Investment_Arquetypes_2022_full-latin-final.csv,5d40a788811e75001a0eabe4,5d40a788811e75001a0eabe4,NA,CL,CL,latin_america,35_44,male,employed,usable_complete,TRUE,TRUE,32,0.96,0.85,0.76,0.5,0.73,0.5,0.5,0.5,0.72,1,0.71,0.74,0.85,0.51,0.8,0.64,0.9,0.81,0.96,0.71,0.5,0.5,0.5,0.5,0.5,0.81,0.66,0.5,0.5,0.5,0.5,0.59
LATAM,2279,WHY_LATAM,LATAM,60,why__5d40bb74ddc382001c5e4664,why,Investment_Arquetypes_2022,Content_Export_Investment_Arquetypes_2022_full-latin-final.csv,5d40bb74ddc382001c5e4664,5d40bb74ddc382001c5e4664,NA,MX,MX,latin_america,18_24,male,unemployed,usable_complete,TRUE,TRUE,32,0.76,0.66,0.71,0.5,0.5,0.5,0.8,0.62,0.78,0.73,0.78,0.78,0.7,0.5,0.79,0.69,0.69,0.5,0.83,0.8,0.72,0.56,0.6,0.6,0.73,0.71,0.57,0.57,0.62,0.5,0.55,0.61
LATAM,2280,WHY_LATAM,LATAM,61,why__5d43c0183d65ca001a804090,why,Investment_Arquetypes_2022,Content_Export_Investment_Arquetypes_2022_full-latin-final.csv,5d43c0183d65ca001a804090,5d43c0183d65ca001a804090,NA,MX,MX,latin_america,25_34,male,unknown,usable_complete,TRUE,TRUE,32,0.7,0.66,0.55,0.59,0.5,0.69,0.5,0.64,0.69,0.82,0.67,0.58,0.6,0.68,0.71,0.74,0.5,0.69,0.73,0.5,0.62,0.5,0.65,0.5,0.5,0.56,0.7,0.7,0.5,0.66,0.5,0.66
LATAM,2281,WHY_LATAM,LATAM,62,why__5d4dd46624dbed001549696b,why,Investment_Arquetypes_2022,Content_Export_Investment_Arquetypes_2022_full-latin-final.csv,5d4dd46624dbed001549696b,5d4dd46624dbed001549696b,NA,MX,MX,latin_america,18_24,male,unemployed,usable_complete,TRUE,TRUE,32,0.64,0.82,0.7,0.5,1,0.74,0.63,0.5,0.5,0.73,1,0.86,1,0.5,0.92,1,0.79,0.5,0.54,0.5,0.78,0.5,0.5,0.5,0.5,0.72,0.5,0.5,0.5,0.5,0.5,0.74
LATAM,2282,WHY_LATAM,LATAM,63,why__5d5c62433f15a200195a6c9f,why,Investment_Arquetypes_2022,Content_Export_Investment_Arquetypes_2022_full-latin-final.csv,5d5c62433f15a200195a6c9f,5d5c62433f15a200195a6c9f,NA,MX,MX,latin_america,35_44,female,unknown,usable_partial,TRUE,TRUE,31,0.82,0.5,0.5,0.71,0.77,0.57,0.5,0.87,0.74,0.64,0.59,0.94,0.7,0.55,0.66,0.73,0.78,0.74,0.78,0.77,0.79,0.5,0.5,0.61,0.77,0.6,0.5,0.5,0.5,0.5,0.61,0.64
LATAM,2283,WHY_LATAM,LATAM,64,why__5d645bf6912c630018e269e3,why,Investment_Arquetypes_2022,Content_Export_Investment_Arquetypes_2022_full-latin-final.csv,5d645bf6912c630018e269e3,5d645bf6912c630018e269e3,NA,CL,CL,latin_america,25_34,male,unknown,usable_complete,TRUE,TRUE,32,0.74,0.65,0.72,0.65,0.5,0.68,0.5,0.5,0.8,0.5,0.5,0.8,0.65,0.5,0.85,0.92,0.68,0.74,0.9,0.92,0.92,0.54,0.68,0.8,0.82,1,0.5,0.75,0.92,0.5,0.84,0.7
LATAM,2284,WHY_LATAM,LATAM,65,why__5d67fe2073cd1d001a611229,why,Investment_Arquetypes_2022,Content_Export_Investment_Arquetypes_2022_full-latin-final.csv,5d67fe2073cd1d001a611229,5d67fe2073cd1d001a611229,NA,CL,CL,latin_america,35_44,male,employed,usable_complete,TRUE,TRUE,32,0.85,0.8,0.75,0.5,0.75,0.5,0.85,0.7,0.5,0.75,0.9,0.8,0.5,0.5,1,0.6,0.5,0.5,0.5,0.5,0.8,0.5,0.5,0.5,0.5,0.5,0.5,0.5,0.7,0.5,0.5,0.7
LATAM,2285,WHY_LATAM,LATAM,66,why__5d841f00a05011001ab24240,why,Investment_Arquetypes_2022,Content_Export_Investment_Arquetypes_2022_full-latin-final.csv,5d841f00a05011001ab24240,5d841f00a05011001ab24240,NA,MX,MX,latin_america,25_34,female,employed,usable_complete,TRUE,TRUE,32,1,0.84,0.86,0.5,0.6,0.5,0.5,1,0.78,0.88,0.94,0.74,0.59,0.5,0.61,0.74,0.76,0.74,0.64,0.68,0.51,0.5,0.5,0.5,0.5,0.6,0.5,0.5,0.5,0.5,0.5,0.56
LATAM,2286,WHY_LATAM,LATAM,67,why__5d8a98c6f62b5600194549a8,why,Investment_Arquetypes_2022,Content_Export_Investment_Arquetypes_2022_full-latin-final.csv,5d8a98c6f62b5600194549a8,5d8a98c6f62b5600194549a8,NA,MX,MX,latin_america,35_44,male,employed,usable_complete,TRUE,TRUE,32,1,1,0.5,0.5,0.5,0.5,0.5,0.65,0.85,0.9,0.5,0.5,1,0.5,0.85,0.6,0.5,0.85,0.85,0.9,0.5,0.5,0.5,0.5,0.5,0.8,0.5,0.8,0.5,0.5,0.5,0.5
LATAM,2287,WHY_LATAM,LATAM,68,why__5d98a94bea7ad902c4ed0cd2,why,Investment_Arquetypes_2022,Content_Export_Investment_Arquetypes_2022_full-latin-final.csv,5d98a94bea7ad902c4ed0cd2,5d98a94bea7ad902c4ed0cd2,NA,MX,MX,latin_america,25_34,male,other,usable_partial,TRUE,TRUE,31,0.7,0.81,0.84,0.5,0.5,0.5,0.55,0.7,0.5,1,0.5,0.5,0.65,0.5,0.7,0.73,0.6,0.7,0.5,0.5,0.55,0.5,0.5,0.5,0.8,0.62,0.5,0.5,0.5,0.5,0.5,0.68
LATAM,2288,WHY_LATAM,LATAM,69,why__5d9ba8c0da204300184a88a7,why,Investment_Arquetypes_2022,Content_Export_Investment_Arquetypes_2022_full-latin-final.csv,5d9ba8c0da204300184a88a7,5d9ba8c0da204300184a88a7,NA,MX,MX,latin_america,25_34,male,inactive_other,usable_complete,TRUE,TRUE,32,0.75,0.68,0.63,0.5,0.76,0.5,0.5,0.5,0.5,0.94,0.78,0.73,0.99,0.5,1,0.75,0.65,0.64,0.5,0.5,0.58,0.5,0.5,0.5,0.64,0.5,0.5,0.5,0.5,0.5,0.5,0.5
LATAM,2289,WHY_LATAM,LATAM,70,why__5dc891a9deac8260bc0095de,why,Investment_Arquetypes_2022,Content_Export_Investment_Arquetypes_2022_full-latin-final.csv,5dc891a9deac8260bc0095de,5dc891a9deac8260bc0095de,NA,MX,MX,latin_america,25_34,male,unknown,usable_complete,TRUE,TRUE,32,0.75,0.5,0.9,0.75,0.6,0.5,0.85,1,1,1,1,0.9,1,0.5,1,1,0.91,1,1,1,0.7,0.5,0.75,0.5,0.5,0.9,0.5,0.5,0.8,0.71,0.5,0.86
LATAM,2290,WHY_LATAM,LATAM,71,why__5ddf40e651db1cec107473fd,why,Investment_Arquetypes_2022,Content_Export_Investment_Arquetypes_2022_full-latin-final.csv,5ddf40e651db1cec107473fd,5ddf40e651db1cec107473fd,NA,MX,MX,latin_america,25_34,female,unemployed,usable_complete,TRUE,TRUE,32,0.56,0.64,0.78,0.5,0.89,0.5,1,0.5,0.5,0.69,0.67,0.63,0.71,0.5,0.58,0.69,0.5,0.52,0.75,0.51,0.8,0.58,0.5,0.5,0.66,0.5,0.5,0.5,0.5,0.5,0.5,0.55
LATAM,2291,WHY_LATAM,LATAM,72,why__5de94261c4afac000b9bb599,why,Investment_Arquetypes_2022,Content_Export_Investment_Arquetypes_2022_full-latin-final.csv,5de94261c4afac000b9bb599,5de94261c4afac000b9bb599,NA,CL,CL,latin_america,25_34,female,employed,usable_complete,TRUE,TRUE,32,0.87,0.87,1,0.69,0.66,0.97,0.61,0.68,0.87,0.87,0.88,0.74,0.7,0.91,1,0.87,0.73,0.89,0.84,0.65,0.79,0.5,0.81,0.5,0.5,0.5,0.5,0.5,0.5,0.5,0.5,0.78
LATAM,2292,WHY_LATAM,LATAM,73,why__5df916ddbf3d4e6aa3aee21b,why,Investment_Arquetypes_2022,Content_Export_Investment_Arquetypes_2022_full-latin-final.csv,5df916ddbf3d4e6aa3aee21b,5df916ddbf3d4e6aa3aee21b,NA,MX,MX,latin_america,18_24,male,unknown,usable_partial,TRUE,TRUE,30,0.63,0.71,0.63,0.5,0.7,0.87,0.85,0.66,0.5,0.66,0.87,0.5,0.55,0.9,0.55,0.5,0.95,0.61,0.5,0.8,0.58,0.5,0.98,0.6,0.5,0.64,0.5,0.5,0.5,0.5,0.5,0.5
LATAM,2293,WHY_LATAM,LATAM,74,why__5dfae1f373d7248254527108,why,Investment_Arquetypes_2022,Content_Export_Investment_Arquetypes_2022_full-latin-final.csv,5dfae1f373d7248254527108,5dfae1f373d7248254527108,NA,MX,MX,latin_america,25_34,male,employed,usable_complete,TRUE,TRUE,32,0.85,0.9,0.85,0.75,0.85,0.65,0.65,0.71,0.9,0.8,1,0.7,0.7,0.5,1,0.6,0.75,0.85,1,0.85,0.6,0.5,0.5,0.5,0.5,0.8,0.75,0.5,0.5,0.55,0.5,0.5
LATAM,2294,WHY_LATAM,LATAM,75,why__5e0f649eabec5d678a6f11bb,why,Investment_Arquetypes_2022,Content_Export_Investment_Arquetypes_2022_full-latin-final.csv,5e0f649eabec5d678a6f11bb,5e0f649eabec5d678a6f11bb,NA,MX,MX,latin_america,35_44,female,other,usable_complete,TRUE,TRUE,32,1,1,0.99,0.55,0.8,0.5,0.96,1,0.87,0.98,1,1,1,0.6,0.86,0.54,1,0.81,0.55,0.65,0.9,0.52,0.6,0.5,0.75,0.6,0.82,0.5,0.5,0.5,0.5,0.67
LATAM,2295,WHY_LATAM,LATAM,76,why__5e17b01fc801000bf77f76ff,why,Investment_Arquetypes_2022,Content_Export_Investment_Arquetypes_2022_full-latin-final.csv,5e17b01fc801000bf77f76ff,5e17b01fc801000bf77f76ff,NA,MX,MX,latin_america,25_34,male,employed,usable_complete,TRUE,TRUE,32,0.71,0.5,0.81,0.5,0.5,0.64,0.59,0.55,0.72,0.81,1,1,0.71,0.7,0.85,0.85,1,0.62,0.84,0.75,0.71,0.5,0.5,0.5,1,0.5,0.89,0.5,0.5,0.6,0.5,0.63
LATAM,2296,WHY_LATAM,LATAM,77,why__5e23b1f6e8ec0766239da122,why,Investment_Arquetypes_2022,Content_Export_Investment_Arquetypes_2022_full-latin-final.csv,5e23b1f6e8ec0766239da122,5e23b1f6e8ec0766239da122,NA,MX,MX,latin_america,45_54,female,unknown,usable_partial,TRUE,TRUE,26,1,0.6,1,0.5,0.8,0.5,1,0.7,0.8,1,1,0.7,1,0.8,0.6,0.75,1,0.5,0.5,0.5,0.8,0.5,0.5,0.5,0.5,0.5,0.5,0.5,0.5,0.5,0.5,0.7
LATAM,2297,WHY_LATAM,LATAM,78,why__5e3b67fcd61d8738c69aeb0d,why,Investment_Arquetypes_2022,Content_Export_Investment_Arquetypes_2022_full-latin-final.csv,5e3b67fcd61d8738c69aeb0d,5e3b67fcd61d8738c69aeb0d,NA,MX,MX,latin_america,18_24,female,employed,usable_complete,TRUE,TRUE,32,0.7,0.67,0.6,0.64,0.76,0.5,0.5,0.66,0.65,0.92,0.81,0.85,0.5,0.5,0.79,0.84,0.89,0.7,0.67,0.69,0.55,0.5,0.51,0.5,0.54,0.5,0.5,0.5,0.5,0.5,0.5,0.6
LATAM,2298,WHY_LATAM,LATAM,79,why__5e45ad5adb671e0952ec6b86,why,Investment_Arquetypes_2022,Content_Export_Investment_Arquetypes_2022_full-latin-final.csv,5e45ad5adb671e0952ec6b86,5e45ad5adb671e0952ec6b86,NA,MX,MX,latin_america,25_34,female,employed,usable_complete,TRUE,TRUE,32,0.87,1,0.9,0.5,0.86,0.62,0.5,0.83,0.59,0.87,0.58,1,0.68,0.5,0.55,0.57,1,0.68,0.81,0.64,0.5,0.5,0.5,0.5,0.5,0.5,0.5,0.5,0.5,0.5,0.5,0.65
LATAM,2299,WHY_LATAM,LATAM,80,why__5e506fd5b8c9ad0c7435c7f7,why,Investment_Arquetypes_2022,Content_Export_Investment_Arquetypes_2022_full-latin-final.csv,5e506fd5b8c9ad0c7435c7f7,5e506fd5b8c9ad0c7435c7f7,NA,MX,MX,latin_america,25_34,female,employed,usable_partial,TRUE,TRUE,28,0.5,1,0.5,0.5,0.5,0.9,0.5,1,0.9,0.8,1,1,1,0.5,1,1,1,1,0.75,0.8,0.5,0.5,0.6,0.5,0.5,0.75,0.8,0.5,0.5,0.5,0.5,1
LATAM,2300,WHY_LATAM,LATAM,81,why__5e5c993cd0394c474f7cc502,why,Investment_Arquetypes_2022,Content_Export_Investment_Arquetypes_2022_full-latin-final.csv,5e5c993cd0394c474f7cc502,5e5c993cd0394c474f7cc502,NA,MX,MX,latin_america,25_34,male,employed,usable_complete,TRUE,TRUE,32,0.5,0.6,0.85,0.5,0.77,0.5,0.81,1,0.75,0.85,1,0.99,1,0.5,0.75,0.9,0.72,0.62,1,0.91,0.8,0.5,0.5,0.5,0.5,0.58,0.5,0.5,0.5,0.74,0.5,0.5
LATAM,2301,WHY_LATAM,LATAM,82,why__5e5d0f450bf1dd01800ab7c4,why,Investment_Arquetypes_2022,Content_Export_Investment_Arquetypes_2022_full-latin-final.csv,5e5d0f450bf1dd01800ab7c4,5e5d0f450bf1dd01800ab7c4,NA,MX,MX,latin_america,18_24,female,other,usable_complete,TRUE,TRUE,32,0.7,0.6,0.6,0.55,0.5,0.5,0.6,0.55,0.6,0.6,0.5,0.7,0.6,0.5,0.6,0.5,0.6,0.6,0.5,0.5,0.55,0.7,0.5,0.5,0.5,0.5,0.5,0.5,0.5,0.5,0.5,0.5
LATAM,2302,WHY_LATAM,LATAM,83,why__5e7414b9929931398ae59f02,why,Investment_Arquetypes_2022,Content_Export_Investment_Arquetypes_2022_full-latin-final.csv,5e7414b9929931398ae59f02,5e7414b9929931398ae59f02,NA,CL,CL,latin_america,45_54,female,employed,usable_complete,TRUE,TRUE,32,0.76,0.73,1,1,0.82,0.81,0.9,0.96,0.84,1,1,0.83,1,1,1,0.83,0.83,0.87,0.78,0.57,1,0.58,0.74,0.73,0.9,0.81,0.52,0.5,0.75,0.68,0.5,0.98
LATAM,2303,WHY_LATAM,LATAM,84,why__5e792d23c826500d4c0ccec0,why,Investment_Arquetypes_2022,Content_Export_Investment_Arquetypes_2022_full-latin-final.csv,5e792d23c826500d4c0ccec0,5e792d23c826500d4c0ccec0,NA,MX,MX,latin_america,45_54,female,unknown,usable_complete,TRUE,TRUE,32,0.78,0.63,0.82,0.68,0.5,0.52,0.73,0.51,0.77,0.77,0.81,0.73,0.68,0.74,0.76,0.63,0.73,0.63,0.71,0.5,0.66,0.5,0.64,0.71,0.75,0.5,0.5,0.5,0.66,0.63,0.5,0.72
LATAM,2304,WHY_LATAM,LATAM,85,why__5e7e48e983c34c503d02c4f8,why,Investment_Arquetypes_2022,Content_Export_Investment_Arquetypes_2022_full-latin-final.csv,5e7e48e983c34c503d02c4f8,5e7e48e983c34c503d02c4f8,NA,CL,CL,latin_america,35_44,male,employed,usable_complete,TRUE,TRUE,32,0.65,0.91,0.8,0.76,0.5,0.9,1,0.82,0.87,0.71,0.54,0.93,0.5,0.85,0.96,0.75,0.75,0.91,0.5,0.5,0.75,0.5,0.62,0.5,0.5,0.86,0.5,0.5,0.5,0.5,0.5,0.87
LATAM,2305,WHY_LATAM,LATAM,86,why__5e84fe873e0ebd0d3b103df2,why,Investment_Arquetypes_2022,Content_Export_Investment_Arquetypes_2022_full-latin-final.csv,5e84fe873e0ebd0d3b103df2,5e84fe873e0ebd0d3b103df2,NA,CL,CL,latin_america,25_34,male,employed,usable_complete,TRUE,TRUE,32,0.5,1,0.65,0.5,0.56,0.5,0.5,0.87,0.7,0.81,0.79,0.62,0.5,0.61,0.82,0.58,0.87,0.66,0.79,0.8,0.75,0.8,0.87,0.5,0.86,0.61,0.7,0.5,0.61,0.5,0.5,0.65
LATAM,2306,WHY_LATAM,LATAM,87,why__5e870750e77d1900093ceb6c,why,Investment_Arquetypes_2022,Content_Export_Investment_Arquetypes_2022_full-latin-final.csv,5e870750e77d1900093ceb6c,5e870750e77d1900093ceb6c,NA,MX,MX,latin_america,35_44,male,employed,usable_complete,TRUE,TRUE,32,0.6,0.8,0.5,0.75,0.51,0.5,0.5,0.5,0.55,0.85,0.5,0.64,0.86,0.61,0.64,0.51,0.62,0.62,0.79,0.69,0.72,0.51,0.6,0.5,0.5,0.5,0.75,0.55,0.5,0.54,0.5,0.52
LATAM,2307,WHY_LATAM,LATAM,88,why__5e8d0662babca60cd2457e75,why,Investment_Arquetypes_2022,Content_Export_Investment_Arquetypes_2022_full-latin-final.csv,5e8d0662babca60cd2457e75,5e8d0662babca60cd2457e75,NA,MX,MX,latin_america,25_34,male,employed,usable_complete,TRUE,TRUE,32,0.8,0.78,0.7,0.5,0.8,0.5,0.7,0.7,0.6,0.9,1,1,0.8,0.6,0.8,0.7,0.8,0.8,0.7,0.85,0.8,0.6,0.65,0.5,0.9,1,0.5,0.5,0.8,0.5,0.5,0.5
LATAM,2308,WHY_LATAM,LATAM,89,why__5e8d515e288ec412311f5ee4,why,Investment_Arquetypes_2022,Content_Export_Investment_Arquetypes_2022_full-latin-final.csv,5e8d515e288ec412311f5ee4,5e8d515e288ec412311f5ee4,NA,MX,MX,latin_america,25_34,female,employed,usable_complete,TRUE,TRUE,32,0.84,0.75,0.64,0.5,0.78,0.5,0.7,0.5,0.9,0.72,0.59,0.76,0.71,0.5,0.76,0.59,0.55,0.59,0.93,0.6,0.88,0.53,0.63,0.5,0.5,0.51,0.56,0.5,0.55,0.5,0.57,0.9
LATAM,2309,WHY_LATAM,LATAM,90,why__5e8dce370e5d280598092b2a,why,Investment_Arquetypes_2022,Content_Export_Investment_Arquetypes_2022_full-latin-final.csv,5e8dce370e5d280598092b2a,5e8dce370e5d280598092b2a,NA,MX,MX,latin_america,25_34,female,employed,usable_complete,TRUE,TRUE,32,0.7,1,0.8,0.63,0.5,0.5,0.5,0.73,0.67,0.82,0.69,0.57,0.89,0.5,0.79,0.87,0.8,0.69,0.61,0.67,0.76,0.5,1,0.5,0.78,0.66,0.6,0.5,0.7,0.5,0.5,0.5
LATAM,2310,WHY_LATAM,LATAM,91,why__5e8f958b6c1dea291e2b648f,why,Investment_Arquetypes_2022,Content_Export_Investment_Arquetypes_2022_full-latin-final.csv,5e8f958b6c1dea291e2b648f,5e8f958b6c1dea291e2b648f,NA,MX,MX,latin_america,35_44,female,employed,usable_complete,TRUE,TRUE,32,0.83,1,0.85,0.75,0.5,0.9,0.82,0.92,0.95,0.76,0.94,0.98,0.96,0.84,0.89,0.91,0.78,0.74,0.9,0.87,1,0.51,0.87,0.5,0.84,0.52,0.5,0.5,0.76,0.61,0.5,1
LATAM,2311,WHY_LATAM,LATAM,92,why__5e9071852d79d90315e4eb6f,why,Investment_Arquetypes_2022,Content_Export_Investment_Arquetypes_2022_full-latin-final.csv,5e9071852d79d90315e4eb6f,5e9071852d79d90315e4eb6f,NA,CL,CL,latin_america,35_44,male,unknown,usable_complete,TRUE,TRUE,32,0.55,1,0.9,0.7,0.5,0.8,0.95,0.75,0.85,0.9,0.95,0.9,0.9,0.8,0.95,0.75,0.9,0.6,0.75,0.7,1,0.5,0.7,0.5,0.9,0.5,0.5,0.5,0.5,0.5,0.5,0.5
LATAM,2312,WHY_LATAM,LATAM,93,why__5e9392cfccb9d308e90a9cd1,why,Investment_Arquetypes_2022,Content_Export_Investment_Arquetypes_2022_full-latin-final.csv,5e9392cfccb9d308e90a9cd1,5e9392cfccb9d308e90a9cd1,NA,MX,MX,latin_america,18_24,male,unemployed,usable_complete,TRUE,TRUE,32,0.5,0.85,0.71,0.56,0.5,0.5,0.6,0.66,0.6,0.7,0.9,0.65,0.5,0.5,0.85,0.5,0.75,0.6,0.67,0.75,0.85,0.5,0.5,0.5,0.5,0.81,0.6,0.5,0.6,0.65,0.5,0.75
LATAM,2313,WHY_LATAM,LATAM,94,why__5e9512300b6b6588732ef6b1,why,Investment_Arquetypes_2022,Content_Export_Investment_Arquetypes_2022_full-latin-final.csv,5e9512300b6b6588732ef6b1,5e9512300b6b6588732ef6b1,NA,MX,MX,latin_america,25_34,female,unknown,usable_complete,TRUE,TRUE,32,0.55,0.77,0.58,0.64,0.54,0.86,0.5,0.63,0.64,0.75,0.6,0.65,0.56,0.62,0.56,0.5,0.5,0.5,0.65,0.5,0.55,0.5,0.71,0.5,0.5,0.6,0.54,0.5,0.51,0.5,0.5,0.58
LATAM,2314,WHY_LATAM,LATAM,95,why__5e9546ebbc08e21354f19f4d,why,Investment_Arquetypes_2022,Content_Export_Investment_Arquetypes_2022_full-latin-final.csv,5e9546ebbc08e21354f19f4d,5e9546ebbc08e21354f19f4d,NA,CL,CL,latin_america,25_34,male,employed,usable_complete,TRUE,TRUE,32,0.6,0.6,0.5,0.55,0.51,0.63,0.8,0.91,0.5,0.62,0.6,0.9,0.72,0.63,0.81,0.63,1,0.68,0.5,0.5,0.8,0.57,0.61,0.5,0.67,0.75,0.5,0.5,0.5,0.5,0.5,0.51
LATAM,2315,WHY_LATAM,LATAM,96,why__5e95c0a2deb85e0009f071ec,why,Investment_Arquetypes_2022,Content_Export_Investment_Arquetypes_2022_full-latin-final.csv,5e95c0a2deb85e0009f071ec,5e95c0a2deb85e0009f071ec,NA,MX,MX,latin_america,25_34,male,employed,usable_complete,TRUE,TRUE,32,0.88,0.8,0.85,1,0.5,1,1,0.85,0.85,0.75,0.75,0.95,0.85,0.9,0.9,0.9,0.85,1,0.8,0.65,1,0.5,0.95,0.5,0.5,0.85,0.5,1,0.5,0.8,0.5,1
LATAM,2316,WHY_LATAM,LATAM,97,why__5e96195dd7dbe00939d9f042,why,Investment_Arquetypes_2022,Content_Export_Investment_Arquetypes_2022_full-latin-final.csv,5e96195dd7dbe00939d9f042,5e96195dd7dbe00939d9f042,NA,CL,CL,latin_america,25_34,male,employed,usable_complete,TRUE,TRUE,32,0.75,1,0.6,0.5,0.86,0.62,0.71,0.6,0.82,1,0.7,0.79,1,0.79,0.82,0.84,0.9,0.65,0.78,0.81,0.8,0.5,0.65,0.65,0.82,0.5,0.55,0.5,0.52,0.5,0.5,0.87
LATAM,2317,WHY_LATAM,LATAM,98,why__5e967287118edf0fd9824bc2,why,Investment_Arquetypes_2022,Content_Export_Investment_Arquetypes_2022_full-latin-final.csv,5e967287118edf0fd9824bc2,5e967287118edf0fd9824bc2,NA,CL,CL,latin_america,45_54,female,employed,usable_complete,TRUE,TRUE,32,0.5,0.83,0.58,0.71,0.5,0.73,0.86,0.81,0.64,0.7,0.88,0.72,0.65,0.82,0.71,0.8,0.75,0.5,0.5,0.5,0.89,0.6,0.76,0.5,0.5,0.66,0.5,0.5,0.56,0.5,0.5,0.72
LATAM,2318,WHY_LATAM,LATAM,99,why__5e988170df5dcd0a1b35c40e,why,Investment_Arquetypes_2022,Content_Export_Investment_Arquetypes_2022_full-latin-final.csv,5e988170df5dcd0a1b35c40e,5e988170df5dcd0a1b35c40e,NA,CL,CL,latin_america,25_34,female,employed,usable_complete,TRUE,TRUE,32,0.69,0.64,0.58,0.57,0.79,0.5,0.5,0.64,0.65,0.5,0.5,0.75,0.87,0.5,0.62,0.5,0.5,0.59,0.82,0.67,0.85,0.81,0.5,0.5,0.5,0.78,0.84,0.5,0.66,0.5,0.5,0.5
LATAM,2319,WHY_LATAM,LATAM,100,why__5e9ce3d90e7d212164143c80,why,Investment_Arquetypes_2022,Content_Export_Investment_Arquetypes_2022_full-latin-final.csv,5e9ce3d90e7d212164143c80,5e9ce3d90e7d212164143c80,NA,CL,CL,latin_america,25_34,male,other,usable_complete,TRUE,TRUE,32,0.9,0.72,0.94,0.5,0.5,0.66,1,1,0.65,0.87,0.98,1,0.63,0.5,0.97,0.81,0.78,0.7,1,0.91,1,0.65,0.5,0.5,0.5,0.74,0.89,0.5,0.5,0.5,0.5,0.72
LATAM,2320,WHY_LATAM,LATAM,101,why__5e9fdd5effe6a51855448d1b,why,Investment_Arquetypes_2022,Content_Export_Investment_Arquetypes_2022_full-latin-final.csv,5e9fdd5effe6a51855448d1b,5e9fdd5effe6a51855448d1b,NA,MX,MX,latin_america,25_34,male,employed,usable_complete,TRUE,TRUE,32,0.62,0.69,0.61,0.5,0.58,0.65,0.5,0.72,0.54,0.85,1,0.7,0.92,0.66,0.58,0.6,0.65,0.7,0.5,0.5,0.5,0.5,0.5,0.5,0.55,0.54,0.5,0.5,0.54,0.5,0.5,0.5
LATAM,2321,WHY_LATAM,LATAM,102,why__5ea6572b086c724ee6eb019a,why,Investment_Arquetypes_2022,Content_Export_Investment_Arquetypes_2022_full-latin-final.csv,5ea6572b086c724ee6eb019a,5ea6572b086c724ee6eb019a,NA,CL,CL,latin_america,18_24,male,employed,usable_complete,TRUE,TRUE,32,0.61,0.8,0.78,0.5,0.81,1,0.5,0.61,0.5,0.64,1,0.7,1,0.7,0.74,0.77,1,1,0.6,0.5,0.5,0.5,0.5,0.5,0.5,0.5,0.5,0.5,0.5,0.5,0.5,0.5
LATAM,2322,WHY_LATAM,LATAM,103,why__5ea6da5ad773ee03ba8cefc5,why,Investment_Arquetypes_2022,Content_Export_Investment_Arquetypes_2022_full-latin-final.csv,5ea6da5ad773ee03ba8cefc5,5ea6da5ad773ee03ba8cefc5,NA,CL,CL,latin_america,25_34,male,employed,usable_complete,TRUE,TRUE,32,0.55,0.89,0.85,0.5,0.5,1,1,1,0.9,0.8,1,1,1,0.85,1,1,0.5,0.5,0.9,0.8,1,0.5,1,0.5,1,0.6,0.5,0.5,0.5,0.5,0.5,0.8
LATAM,2323,WHY_LATAM,LATAM,104,why__5ea8176676434f02a39db063,why,Investment_Arquetypes_2022,Content_Export_Investment_Arquetypes_2022_full-latin-final.csv,5ea8176676434f02a39db063,5ea8176676434f02a39db063,NA,MX,MX,latin_america,35_44,male,employed,usable_complete,TRUE,TRUE,32,1,0.8,0.5,0.5,0.68,0.5,0.5,0.5,0.8,0.9,1,0.9,1,0.5,1,0.5,1,1,1,1,0.5,0.5,0.5,0.5,0.5,0.5,0.5,0.5,0.5,0.5,0.5,1
LATAM,2324,WHY_LATAM,LATAM,105,why__5eb035358c62bb09069a842f,why,Investment_Arquetypes_2022,Content_Export_Investment_Arquetypes_2022_full-latin-final.csv,5eb035358c62bb09069a842f,5eb035358c62bb09069a842f,NA,CL,CL,latin_america,25_34,male,employed,usable_complete,TRUE,TRUE,32,0.58,0.8,0.55,0.5,0.8,0.5,0.56,0.55,0.9,1,0.8,1,1,0.5,0.61,0.85,0.8,0.79,0.85,0.8,0.6,0.5,0.5,0.5,0.55,0.53,0.61,0.5,0.5,0.59,0.5,0.69
LATAM,2325,WHY_LATAM,LATAM,106,why__5eb0cb5afb9e2418da928edb,why,Investment_Arquetypes_2022,Content_Export_Investment_Arquetypes_2022_full-latin-final.csv,5eb0cb5afb9e2418da928edb,5eb0cb5afb9e2418da928edb,NA,MX,MX,latin_america,18_24,male,unemployed,usable_complete,TRUE,TRUE,32,0.8,0.5,0.6,0.5,0.5,0.5,1,0.8,0.8,1,0.74,1,0.8,0.5,1,1,0.61,1,1,1,0.76,0.5,0.5,0.69,0.5,0.5,0.5,0.6,0.5,0.5,0.5,0.8
LATAM,2326,WHY_LATAM,LATAM,107,why__5eb399a140be6e18063981c3,why,Investment_Arquetypes_2022,Content_Export_Investment_Arquetypes_2022_full-latin-final.csv,5eb399a140be6e18063981c3,5eb399a140be6e18063981c3,NA,CL,CL,latin_america,25_34,male,employed,usable_complete,TRUE,TRUE,32,0.8,0.85,0.8,0.7,0.85,0.85,0.81,0.82,0.84,0.9,0.9,0.96,0.79,0.81,0.84,0.88,0.88,0.6,0.74,0.78,0.79,0.85,0.79,0.5,0.94,0.86,0.82,0.78,0.81,0.78,0.85,0.79
LATAM,2327,WHY_LATAM,LATAM,108,why__5eb3a51f58efe718f5cffdb4,why,Investment_Arquetypes_2022,Content_Export_Investment_Arquetypes_2022_full-latin-final.csv,5eb3a51f58efe718f5cffdb4,5eb3a51f58efe718f5cffdb4,NA,CL,CL,latin_america,25_34,male,unemployed,usable_complete,TRUE,TRUE,32,0.82,0.84,0.74,0.62,0.68,0.65,0.8,0.66,0.77,0.88,0.79,0.88,0.86,0.68,0.81,0.65,0.9,0.9,0.86,0.78,0.74,0.56,0.5,0.5,0.5,0.76,0.73,0.5,0.5,0.5,0.5,0.62
LATAM,2328,WHY_LATAM,LATAM,109,why__5eb471789686d82c24661cb3,why,Investment_Arquetypes_2022,Content_Export_Investment_Arquetypes_2022_full-latin-final.csv,5eb471789686d82c24661cb3,5eb471789686d82c24661cb3,NA,MX,MX,latin_america,45_54,male,employed,usable_complete,TRUE,TRUE,32,1,0.76,0.85,0.5,0.59,0.5,1,0.75,0.72,0.73,0.65,1,0.79,0.5,0.82,1,0.74,0.82,1,0.81,0.74,0.5,0.5,0.69,0.5,0.5,0.62,0.71,0.5,0.5,0.5,0.5
LATAM,2329,WHY_LATAM,LATAM,110,why__5eb8db02ed810484c85ac7e2,why,Investment_Arquetypes_2022,Content_Export_Investment_Arquetypes_2022_full-latin-final.csv,5eb8db02ed810484c85ac7e2,5eb8db02ed810484c85ac7e2,NA,MX,MX,latin_america,18_24,female,unemployed,usable_complete,TRUE,TRUE,32,0.83,0.65,0.73,0.5,0.62,0.92,0.92,0.87,0.94,0.98,1,0.97,1,0.75,0.79,0.99,0.91,0.87,0.89,0.69,0.78,0.5,0.68,0.5,0.79,0.5,0.5,0.57,0.5,0.5,0.5,0.56
LATAM,2330,WHY_LATAM,LATAM,111,why__5ebaddf01a2182073e0e38d7,why,Investment_Arquetypes_2022,Content_Export_Investment_Arquetypes_2022_full-latin-final.csv,5ebaddf01a2182073e0e38d7,5ebaddf01a2182073e0e38d7,NA,MX,MX,latin_america,25_34,male,unknown,usable_complete,TRUE,TRUE,32,0.71,0.5,0.85,0.55,0.65,0.6,0.7,0.96,0.5,0.85,0.8,0.55,0.74,0.5,0.9,0.6,0.5,1,0.51,0.65,0.5,0.5,0.5,0.75,0.5,0.5,0.5,0.5,0.5,0.5,0.5,0.87
LATAM,2331,WHY_LATAM,LATAM,112,why__5ec03fc482583830266742cf,why,Investment_Arquetypes_2022,Content_Export_Investment_Arquetypes_2022_full-latin-final.csv,5ec03fc482583830266742cf,5ec03fc482583830266742cf,NA,MX,MX,latin_america,25_34,female,employed,usable_complete,TRUE,TRUE,32,0.5,0.7,0.89,0.6,0.5,0.5,0.88,0.5,0.76,0.6,0.5,0.73,0.5,0.5,0.64,0.75,0.5,0.67,0.72,0.68,0.68,0.62,0.68,0.5,0.83,0.5,0.64,0.5,0.65,0.5,0.5,0.71
LATAM,2332,WHY_LATAM,LATAM,113,why__5ec0ba5fe70ab737cc37559c,why,Investment_Arquetypes_2022,Content_Export_Investment_Arquetypes_2022_full-latin-final.csv,5ec0ba5fe70ab737cc37559c,5ec0ba5fe70ab737cc37559c,NA,CL,CL,latin_america,25_34,male,employed,usable_complete,TRUE,TRUE,32,0.55,0.7,0.7,0.5,0.55,0.8,0.9,0.7,0.75,0.8,0.75,0.7,0.75,0.55,0.55,0.65,0.85,0.8,0.5,0.5,1,0.55,0.7,0.5,0.6,0.75,0.5,0.5,0.55,0.5,0.5,0.5
LATAM,2333,WHY_LATAM,LATAM,114,why__5ec2a21d6053200957b486f9,why,Investment_Arquetypes_2022,Content_Export_Investment_Arquetypes_2022_full-latin-final.csv,5ec2a21d6053200957b486f9,5ec2a21d6053200957b486f9,NA,MX,MX,latin_america,25_34,male,unemployed,usable_complete,TRUE,TRUE,32,0.5,0.86,0.5,0.8,0.5,0.5,1,0.5,0.6,0.91,0.84,0.9,1,0.5,0.85,0.75,0.8,0.5,0.84,1,0.8,0.5,0.64,0.5,0.76,0.5,0.6,0.5,0.5,0.5,0.5,0.5
LATAM,2334,WHY_LATAM,LATAM,115,why__5ec5a55832a7515e8324a8a8,why,Investment_Arquetypes_2022,Content_Export_Investment_Arquetypes_2022_full-latin-final.csv,5ec5a55832a7515e8324a8a8,5ec5a55832a7515e8324a8a8,NA,MX,MX,latin_america,25_34,male,unemployed,usable_complete,TRUE,TRUE,32,1,0.62,0.73,0.7,1,0.71,0.73,0.86,1,0.93,0.86,0.65,0.88,0.7,1,0.73,0.88,0.82,0.84,0.73,0.78,0.5,0.72,0.73,0.71,0.5,0.5,0.5,0.5,0.5,0.5,0.78
LATAM,2335,WHY_LATAM,LATAM,116,why__5ec6a814c615390ad63cbf1f,why,Investment_Arquetypes_2022,Content_Export_Investment_Arquetypes_2022_full-latin-final.csv,5ec6a814c615390ad63cbf1f,5ec6a814c615390ad63cbf1f,NA,MX,MX,latin_america,25_34,male,employed,usable_complete,TRUE,TRUE,32,0.9,1,0.8,0.85,0.6,0.65,0.6,0.95,0.85,0.7,0.8,0.8,0.75,0.75,0.75,0.85,0.95,0.7,0.65,0.65,0.75,0.5,0.9,0.5,0.5,0.6,0.7,0.5,0.6,0.5,0.5,0.85
LATAM,2336,WHY_LATAM,LATAM,117,why__5ecc71c95c92c2000a9e9a19,why,Investment_Arquetypes_2022,Content_Export_Investment_Arquetypes_2022_full-latin-final.csv,5ecc71c95c92c2000a9e9a19,5ecc71c95c92c2000a9e9a19,NA,MX,MX,latin_america,25_34,female,employed,usable_complete,TRUE,TRUE,32,0.9,1,0.9,0.6,0.6,0.5,0.5,0.8,0.8,1,1,1,1,0.6,1,0.9,1,0.9,1,0.75,0.7,0.5,0.5,0.5,0.5,0.5,0.6,0.5,0.5,0.6,0.5,0.7
LATAM,2337,WHY_LATAM,LATAM,118,why__5ed3e885034557397f017ef0,why,Investment_Arquetypes_2022,Content_Export_Investment_Arquetypes_2022_full-latin-final.csv,5ed3e885034557397f017ef0,5ed3e885034557397f017ef0,NA,MX,MX,latin_america,35_44,female,unknown,usable_complete,TRUE,TRUE,32,0.5,1,0.91,1,1,1,0.92,1,1,1,1,0.93,1,1,1,0.88,0.98,1,1,0.54,0.98,0.89,1,1,1,0.92,0.91,0.97,0.88,0.99,0.91,1
LATAM,2338,WHY_LATAM,LATAM,119,why__5ed9fe560adb8b5a860d8d80,why,Investment_Arquetypes_2022,Content_Export_Investment_Arquetypes_2022_full-latin-final.csv,5ed9fe560adb8b5a860d8d80,5ed9fe560adb8b5a860d8d80,NA,MX,MX,latin_america,18_24,female,other,usable_partial,TRUE,TRUE,31,1,0.98,0.99,1,0.85,0.99,0.97,0.74,1,1,0.77,1,0.99,1,0.98,0.99,1,1,1,0.98,0.99,0.5,0.58,0.5,0.5,0.72,0.61,0.5,0.5,0.69,0.5,1
LATAM,2339,WHY_LATAM,LATAM,120,why__5edc60da1f4a2392b9f843ad,why,Investment_Arquetypes_2022,Content_Export_Investment_Arquetypes_2022_full-latin-final.csv,5edc60da1f4a2392b9f843ad,5edc60da1f4a2392b9f843ad,NA,MX,MX,latin_america,18_24,male,unknown,usable_complete,TRUE,TRUE,32,1,0.74,0.92,0.5,1,0.5,0.72,0.74,1,0.73,0.93,1,1,0.5,1,0.91,1,0.82,1,0.95,0.64,0.85,0.5,0.5,0.5,1,0.5,0.86,1,1,0.5,0.5
LATAM,2340,WHY_LATAM,LATAM,121,why__5edd2e458f29cfa351de300d,why,Investment_Arquetypes_2022,Content_Export_Investment_Arquetypes_2022_full-latin-final.csv,5edd2e458f29cfa351de300d,5edd2e458f29cfa351de300d,NA,MX,MX,latin_america,18_24,male,unemployed,usable_complete,TRUE,TRUE,32,1,0.8,1,0.8,1,0.5,0.5,1,1,1,1,1,0.5,0.5,1,1,1,1,0.6,1,1,0.5,0.76,0.5,0.63,0.7,1,0.7,0.5,0.5,0.5,1
LATAM,2341,WHY_LATAM,LATAM,122,why__5ee15e3a7372d454ac1c93b4,why,Investment_Arquetypes_2022,Content_Export_Investment_Arquetypes_2022_full-latin-final.csv,5ee15e3a7372d454ac1c93b4,5ee15e3a7372d454ac1c93b4,NA,CL,CL,latin_america,25_34,male,unemployed,usable_complete,TRUE,TRUE,32,0.8,0.85,0.85,0.84,0.87,0.88,0.88,0.79,0.86,0.91,0.89,0.86,0.9,0.87,0.86,0.83,0.82,0.89,0.87,0.76,0.86,0.84,0.82,0.86,0.89,0.89,0.87,0.99,0.86,0.84,0.93,0.86
LATAM,2342,WHY_LATAM,LATAM,123,why__5ee23fe02976ed2df1653b84,why,Investment_Arquetypes_2022,Content_Export_Investment_Arquetypes_2022_full-latin-final.csv,5ee23fe02976ed2df1653b84,5ee23fe02976ed2df1653b84,NA,MX,MX,latin_america,35_44,female,employed,usable_complete,TRUE,TRUE,32,0.5,0.96,0.65,0.65,0.63,0.73,0.67,0.53,0.5,0.83,0.72,0.6,0.87,0.62,0.63,0.73,0.5,0.5,0.55,0.5,0.69,0.5,0.77,0.5,0.68,0.5,0.5,0.5,0.5,0.5,0.5,0.5
LATAM,2343,WHY_LATAM,LATAM,124,why__5ee371a168a09104dc317158,why,Investment_Arquetypes_2022,Content_Export_Investment_Arquetypes_2022_full-latin-final.csv,5ee371a168a09104dc317158,5ee371a168a09104dc317158,NA,MX,MX,latin_america,25_34,male,employed,usable_complete,TRUE,TRUE,32,1,0.87,1,0.5,0.81,0.5,1,0.5,0.81,0.8,1,1,1,0.5,1,0.77,1,1,1,1,0.5,0.5,0.5,0.5,0.5,0.5,0.66,0.5,1,0.5,0.5,0.5
LATAM,2344,WHY_LATAM,LATAM,125,why__5ee4015a014f5a0ffa6b63a8,why,Investment_Arquetypes_2022,Content_Export_Investment_Arquetypes_2022_full-latin-final.csv,5ee4015a014f5a0ffa6b63a8,5ee4015a014f5a0ffa6b63a8,NA,CL,CL,latin_america,18_24,male,other,usable_complete,TRUE,TRUE,32,0.5,0.98,0.9,0.57,0.5,0.71,0.74,0.75,0.55,0.8,0.8,0.76,0.81,0.69,0.88,0.67,0.68,0.54,0.51,0.5,0.92,0.5,0.5,0.5,0.5,0.69,0.5,0.5,0.5,0.5,0.5,0.5
LATAM,2345,WHY_LATAM,LATAM,126,why__5ee95917bdb5522f9ee95e4f,why,Investment_Arquetypes_2022,Content_Export_Investment_Arquetypes_2022_full-latin-final.csv,5ee95917bdb5522f9ee95e4f,5ee95917bdb5522f9ee95e4f,NA,MX,MX,latin_america,25_34,male,employed,usable_complete,TRUE,TRUE,32,0.63,0.63,0.91,0.79,0.51,0.75,0.66,0.9,0.72,1,1,0.77,0.61,0.57,0.8,0.85,0.88,0.71,1,0.71,0.75,0.5,0.61,0.5,0.5,0.5,0.5,0.5,0.5,0.5,0.5,0.57
LATAM,2346,WHY_LATAM,LATAM,127,why__5ef0eb65b242da18098cff78,why,Investment_Arquetypes_2022,Content_Export_Investment_Arquetypes_2022_full-latin-final.csv,5ef0eb65b242da18098cff78,5ef0eb65b242da18098cff78,NA,MX,MX,latin_america,45_54,male,unemployed,usable_complete,TRUE,TRUE,32,0.7,0.75,0.8,0.5,0.5,0.55,0.75,0.7,0.7,0.75,0.75,0.75,0.55,0.6,0.75,0.7,0.6,0.8,0.75,0.7,0.65,0.5,0.5,0.5,0.5,0.5,0.55,0.6,0.5,0.5,0.55,0.65
LATAM,2347,WHY_LATAM,LATAM,128,why__5ef37588bfe86a0ca12ba515,why,Investment_Arquetypes_2022,Content_Export_Investment_Arquetypes_2022_full-latin-final.csv,5ef37588bfe86a0ca12ba515,5ef37588bfe86a0ca12ba515,NA,MX,MX,latin_america,18_24,female,unemployed,usable_complete,TRUE,TRUE,32,0.5,0.73,0.5,0.5,0.5,0.5,0.5,0.5,0.69,0.65,0.84,0.78,0.5,0.5,0.69,0.83,0.7,0.73,0.67,0.7,0.82,0.5,0.5,0.5,0.5,0.5,0.5,0.5,0.5,0.5,0.5,0.7
LATAM,2348,WHY_LATAM,LATAM,129,why__5ef55bd12b81b2000adbc771,why,Investment_Arquetypes_2022,Content_Export_Investment_Arquetypes_2022_full-latin-final.csv,5ef55bd12b81b2000adbc771,5ef55bd12b81b2000adbc771,NA,MX,MX,latin_america,25_34,female,employed,usable_complete,TRUE,TRUE,32,0.5,0.5,0.5,0.5,0.5,0.5,0.55,0.7,0.83,0.75,0.5,0.67,0.6,0.5,0.5,0.74,0.72,0.5,0.7,0.8,0.56,0.59,0.63,0.5,0.65,0.5,0.59,0.5,0.5,0.5,0.52,0.72
LATAM,2349,WHY_LATAM,LATAM,130,why__5efe0db089ee652c0edd4a3d,why,Investment_Arquetypes_2022,Content_Export_Investment_Arquetypes_2022_full-latin-final.csv,5efe0db089ee652c0edd4a3d,5efe0db089ee652c0edd4a3d,NA,MX,MX,latin_america,35_44,female,employed,usable_complete,TRUE,TRUE,32,1,1,0.66,0.57,0.62,0.53,0.51,0.74,0.71,1,1,0.89,0.81,0.5,1,0.59,1,0.9,1,0.7,0.82,0.5,0.5,0.5,0.64,0.63,0.5,0.5,0.5,0.5,0.5,0.62
LATAM,2350,WHY_LATAM,LATAM,131,why__5f03759a33e5d656f069b615,why,Investment_Arquetypes_2022,Content_Export_Investment_Arquetypes_2022_full-latin-final.csv,5f03759a33e5d656f069b615,5f03759a33e5d656f069b615,NA,MX,MX,latin_america,25_34,male,unemployed,usable_complete,TRUE,TRUE,32,0.65,0.59,0.6,0.7,0.7,0.7,0.5,0.5,0.61,0.81,0.81,0.62,0.5,0.75,0.5,0.6,0.62,0.7,0.71,0.5,0.5,0.5,0.5,0.5,0.5,0.6,0.5,0.5,0.5,0.5,0.5,0.5
LATAM,2351,WHY_LATAM,LATAM,132,why__5f08f3e3ff3278174e40069b,why,Investment_Arquetypes_2022,Content_Export_Investment_Arquetypes_2022_full-latin-final.csv,5f08f3e3ff3278174e40069b,5f08f3e3ff3278174e40069b,NA,MX,MX,latin_america,18_24,male,inactive_other,usable_complete,TRUE,TRUE,32,1,1,0.5,0.8,0.74,0.5,0.5,0.74,0.7,0.8,0.5,0.7,0.69,0.5,0.63,0.6,0.8,0.71,0.72,0.5,0.5,0.58,0.65,0.6,0.5,1,0.61,0.5,0.5,0.5,0.5,0.7
LATAM,2352,WHY_LATAM,LATAM,133,why__5f0c6e39eff16b5d4f3b2914,why,Investment_Arquetypes_2022,Content_Export_Investment_Arquetypes_2022_full-latin-final.csv,5f0c6e39eff16b5d4f3b2914,5f0c6e39eff16b5d4f3b2914,NA,MX,MX,latin_america,18_24,female,employed,usable_complete,TRUE,TRUE,32,0.73,0.57,0.72,0.58,0.58,0.86,0.67,0.7,0.67,0.68,0.75,0.76,0.68,0.8,0.69,0.7,0.77,0.75,0.75,0.74,0.74,0.77,0.82,0.74,0.77,0.71,0.64,0.5,0.76,0.66,0.5,1
LATAM,2353,WHY_LATAM,LATAM,134,why__5f0e36442e2fa1158ab8d106,why,Investment_Arquetypes_2022,Content_Export_Investment_Arquetypes_2022_full-latin-final.csv,5f0e36442e2fa1158ab8d106,5f0e36442e2fa1158ab8d106,NA,MX,MX,latin_america,55_64,male,employed,usable_complete,TRUE,TRUE,32,0.62,0.89,0.7,0.62,0.6,1,0.7,0.8,0.86,0.92,0.69,0.63,0.76,0.8,0.8,0.85,0.7,0.67,0.8,0.71,0.71,0.7,0.67,0.62,0.71,0.81,0.7,0.71,0.68,0.61,0.63,0.67
LATAM,2354,WHY_LATAM,LATAM,135,why__5f1cdbaab6464a599f2bba6a,why,Investment_Arquetypes_2022,Content_Export_Investment_Arquetypes_2022_full-latin-final.csv,5f1cdbaab6464a599f2bba6a,5f1cdbaab6464a599f2bba6a,NA,MX,MX,latin_america,55_64,male,employed,usable_complete,TRUE,TRUE,32,0.6,0.75,0.5,0.5,0.7,0.5,0.5,0.5,0.67,0.7,0.5,0.5,0.62,0.5,0.67,0.59,0.5,0.82,0.9,0.6,0.76,0.5,0.62,0.5,0.5,0.73,0.5,0.5,0.5,0.5,0.5,0.5
LATAM,2355,WHY_LATAM,LATAM,136,why__5f24891abbc6190706421642,why,Investment_Arquetypes_2022,Content_Export_Investment_Arquetypes_2022_full-latin-final.csv,5f24891abbc6190706421642,5f24891abbc6190706421642,NA,MX,MX,latin_america,25_34,male,unknown,usable_complete,TRUE,TRUE,32,0.66,0.75,0.58,0.59,0.55,0.7,0.64,0.84,0.71,0.61,0.65,0.72,0.6,0.66,0.7,0.61,0.73,0.91,0.76,0.56,0.66,0.55,0.58,0.5,0.54,0.62,0.5,0.5,0.69,0.5,0.5,0.57
LATAM,2356,WHY_LATAM,LATAM,137,why__5f264332488e13372281c1c8,why,Investment_Arquetypes_2022,Content_Export_Investment_Arquetypes_2022_full-latin-final.csv,5f264332488e13372281c1c8,5f264332488e13372281c1c8,NA,CL,CL,latin_america,25_34,female,other,usable_complete,TRUE,TRUE,32,0.7,1,0.6,0.76,0.5,0.5,0.71,0.8,0.5,1,0.87,1,1,0.6,0.63,0.88,0.61,0.66,0.66,0.5,0.5,0.64,0.82,0.5,0.55,1,0.6,0.5,0.5,0.5,0.5,0.8
LATAM,2357,WHY_LATAM,LATAM,138,why__5f2b4939dae40959f75f7baf,why,Investment_Arquetypes_2022,Content_Export_Investment_Arquetypes_2022_full-latin-final.csv,5f2b4939dae40959f75f7baf,5f2b4939dae40959f75f7baf,NA,MX,MX,latin_america,25_34,female,employed,usable_complete,TRUE,TRUE,32,0.88,0.83,0.88,0.59,0.88,0.5,0.71,0.61,0.85,0.93,0.89,0.83,0.8,0.5,0.87,0.87,0.91,0.78,0.85,0.84,0.73,0.6,0.6,0.6,0.86,0.78,0.62,0.61,0.58,0.64,0.5,0.76
LATAM,2358,WHY_LATAM,LATAM,139,why__5f2dae50cee5310bdd43d160,why,Investment_Arquetypes_2022,Content_Export_Investment_Arquetypes_2022_full-latin-final.csv,5f2dae50cee5310bdd43d160,5f2dae50cee5310bdd43d160,NA,MX,MX,latin_america,18_24,female,employed,usable_complete,TRUE,TRUE,32,1,0.59,1,1,0.5,0.5,0.5,1,1,1,1,1,1,1,1,1,1,1,1,1,0.8,0.5,0.5,0.51,0.5,0.5,0.5,0.5,0.5,0.5,0.5,1
LATAM,2359,WHY_LATAM,LATAM,140,why__5f2dbb5133d3b9014b77b156,why,Investment_Arquetypes_2022,Content_Export_Investment_Arquetypes_2022_full-latin-final.csv,5f2dbb5133d3b9014b77b156,5f2dbb5133d3b9014b77b156,NA,MX,MX,latin_america,18_24,female,unemployed,usable_complete,TRUE,TRUE,32,1,0.77,1,0.5,1,0.56,1,1,0.75,0.74,1,0.77,1,0.7,1,1,1,1,1,0.8,1,0.67,0.72,0.5,1,0.69,0.58,0.6,0.63,0.85,0.77,0.5
LATAM,2360,WHY_LATAM,LATAM,141,why__5f2dc04ae81ec50f0b8ea40f,why,Investment_Arquetypes_2022,Content_Export_Investment_Arquetypes_2022_full-latin-final.csv,5f2dc04ae81ec50f0b8ea40f,5f2dc04ae81ec50f0b8ea40f,NA,MX,MX,latin_america,18_24,female,employed,usable_complete,TRUE,TRUE,32,0.69,0.71,0.79,0.72,0.55,0.75,1,0.6,0.92,0.9,0.72,1,0.79,0.64,0.91,1,0.91,0.54,0.87,0.87,1,0.5,0.71,0.59,0.73,0.5,0.5,0.5,0.5,0.5,0.5,0.7
LATAM,2361,WHY_LATAM,LATAM,142,why__5f2dc3b1a2052d0fc281a2c4,why,Investment_Arquetypes_2022,Content_Export_Investment_Arquetypes_2022_full-latin-final.csv,5f2dc3b1a2052d0fc281a2c4,5f2dc3b1a2052d0fc281a2c4,NA,MX,MX,latin_america,25_34,male,employed,usable_complete,TRUE,TRUE,32,0.89,0.8,0.68,0.76,0.5,0.85,0.76,0.86,0.5,0.78,0.64,0.86,0.8,0.87,0.93,0.76,0.74,0.5,0.5,0.5,0.75,0.5,0.5,0.75,0.5,0.85,0.5,0.8,0.5,0.74,0.5,0.5
LATAM,2362,WHY_LATAM,LATAM,143,why__5f2de3a7b874e712ac7bc516,why,Investment_Arquetypes_2022,Content_Export_Investment_Arquetypes_2022_full-latin-final.csv,5f2de3a7b874e712ac7bc516,5f2de3a7b874e712ac7bc516,NA,MX,MX,latin_america,18_24,female,unemployed,usable_complete,TRUE,TRUE,32,0.5,0.81,0.7,0.67,0.58,0.9,0.67,0.7,0.8,0.8,1,1,0.61,0.8,0.66,0.7,0.77,0.64,0.66,0.75,0.8,0.5,0.8,0.65,0.5,0.55,0.5,0.5,0.5,0.5,0.5,0.65
LATAM,2363,WHY_LATAM,LATAM,144,why__5f2de85a6a3798144d095ae8,why,Investment_Arquetypes_2022,Content_Export_Investment_Arquetypes_2022_full-latin-final.csv,5f2de85a6a3798144d095ae8,5f2de85a6a3798144d095ae8,NA,MX,MX,latin_america,18_24,female,unemployed,usable_complete,TRUE,TRUE,32,0.51,0.81,0.62,0.65,0.74,0.59,0.99,0.92,0.92,1,1,0.91,0.5,0.79,1,0.84,0.89,0.95,1,1,0.5,0.58,0.5,0.5,0.5,0.71,0.5,0.83,0.5,0.64,0.5,0.5
LATAM,2364,WHY_LATAM,LATAM,145,why__5f2e09dd8b86e315a3525087,why,Investment_Arquetypes_2022,Content_Export_Investment_Arquetypes_2022_full-latin-final.csv,5f2e09dd8b86e315a3525087,5f2e09dd8b86e315a3525087,NA,MX,MX,latin_america,25_34,female,unemployed,usable_complete,TRUE,TRUE,32,0.72,0.79,0.61,0.62,0.73,0.5,0.69,0.78,0.73,0.82,0.69,0.5,0.69,0.5,0.73,0.7,0.56,0.55,0.74,0.7,0.73,0.5,0.67,0.5,0.59,0.68,0.73,0.78,0.5,0.72,0.5,0.5
LATAM,2365,WHY_LATAM,LATAM,146,why__5f2ec82c8ec5e726e8d025ea,why,Investment_Arquetypes_2022,Content_Export_Investment_Arquetypes_2022_full-latin-final.csv,5f2ec82c8ec5e726e8d025ea,5f2ec82c8ec5e726e8d025ea,NA,MX,MX,latin_america,18_24,male,unknown,usable_complete,TRUE,TRUE,32,0.5,0.74,0.66,0.66,0.69,0.8,0.5,0.72,0.5,0.6,0.8,0.7,0.5,0.8,0.5,0.5,0.75,0.5,0.5,0.5,0.65,0.5,0.55,0.5,0.5,0.55,0.5,0.5,0.5,0.5,0.5,0.5
LATAM,2366,WHY_LATAM,LATAM,147,why__5f2f0014688d632bfee11cbf,why,Investment_Arquetypes_2022,Content_Export_Investment_Arquetypes_2022_full-latin-final.csv,5f2f0014688d632bfee11cbf,5f2f0014688d632bfee11cbf,NA,MX,MX,latin_america,25_34,male,employed,usable_partial,TRUE,TRUE,31,0.85,0.55,0.63,0.69,0.5,0.64,0.5,0.5,0.79,0.85,0.5,0.7,0.89,0.5,0.82,0.75,0.9,0.78,0.85,0.72,0.6,0.5,0.5,0.65,0.5,0.61,0.54,0.61,0.5,0.62,0.5,0.67
LATAM,2367,WHY_LATAM,LATAM,148,why__5f2f46b2c1cba4190424f343,why,Investment_Arquetypes_2022,Content_Export_Investment_Arquetypes_2022_full-latin-final.csv,5f2f46b2c1cba4190424f343,5f2f46b2c1cba4190424f343,NA,MX,MX,latin_america,18_24,male,employed,usable_complete,TRUE,TRUE,32,0.5,0.6,0.65,0.5,0.5,0.89,0.85,0.72,0.57,0.9,0.5,0.84,0.59,0.7,0.75,0.5,0.74,0.72,0.64,0.58,0.56,0.5,0.67,0.5,0.5,0.6,0.5,0.5,0.5,0.5,0.5,0.5
LATAM,2368,WHY_LATAM,LATAM,149,why__5f2f62bb956a3f34b614a33f,why,Investment_Arquetypes_2022,Content_Export_Investment_Arquetypes_2022_full-latin-final.csv,5f2f62bb956a3f34b614a33f,5f2f62bb956a3f34b614a33f,NA,MX,MX,latin_america,35_44,female,employed,usable_complete,TRUE,TRUE,32,0.8,0.78,0.61,0.5,0.74,0.5,0.73,0.8,0.5,1,0.8,0.81,0.91,0.7,0.79,0.75,0.5,0.8,0.65,0.5,0.6,0.5,0.66,0.5,0.5,0.7,0.5,0.77,0.5,0.5,0.5,0.74
LATAM,2369,WHY_LATAM,LATAM,150,why__5f2f6daff36b1e000881ccd3,why,Investment_Arquetypes_2022,Content_Export_Investment_Arquetypes_2022_full-latin-final.csv,5f2f6daff36b1e000881ccd3,5f2f6daff36b1e000881ccd3,NA,MX,MX,latin_america,25_34,female,employed,usable_complete,TRUE,TRUE,32,0.94,0.81,0.88,0.61,0.78,0.52,0.71,0.58,0.75,1,0.78,0.83,1,0.56,0.66,0.76,0.78,0.65,0.7,0.84,0.66,0.5,0.64,0.5,0.5,0.65,0.71,0.5,0.5,0.5,0.5,1
LATAM,2370,WHY_LATAM,LATAM,151,why__5f3016ae45eb230b9c9e66c6,why,Investment_Arquetypes_2022,Content_Export_Investment_Arquetypes_2022_full-latin-final.csv,5f3016ae45eb230b9c9e66c6,5f3016ae45eb230b9c9e66c6,NA,MX,MX,latin_america,25_34,female,employed,usable_complete,TRUE,TRUE,32,0.79,1,0.71,0.73,0.77,0.67,0.7,0.74,0.79,0.88,0.68,0.68,0.5,0.73,0.83,0.5,0.85,0.7,0.81,0.86,0.8,0.5,0.77,0.5,0.5,0.5,0.75,0.5,0.5,0.5,0.5,0.5
LATAM,2371,WHY_LATAM,LATAM,152,why__5f3050933b5a04118e4a4f73,why,Investment_Arquetypes_2022,Content_Export_Investment_Arquetypes_2022_full-latin-final.csv,5f3050933b5a04118e4a4f73,5f3050933b5a04118e4a4f73,NA,MX,MX,latin_america,45_54,male,unknown,usable_complete,TRUE,TRUE,32,0.7,0.82,0.93,0.83,0.61,0.83,0.63,0.72,0.96,0.68,0.5,0.81,0.75,0.57,0.9,0.77,0.68,0.67,0.92,0.71,0.98,0.65,0.61,0.5,0.5,0.5,0.5,0.56,0.5,0.5,0.5,0.83
LATAM,2372,WHY_LATAM,LATAM,153,why__5f30c06d1cdf4953b62ae475,why,Investment_Arquetypes_2022,Content_Export_Investment_Arquetypes_2022_full-latin-final.csv,5f30c06d1cdf4953b62ae475,5f30c06d1cdf4953b62ae475,NA,MX,MX,latin_america,18_24,female,employed,usable_complete,TRUE,TRUE,32,0.5,0.85,0.8,0.9,0.5,0.75,0.7,0.8,1,1,0.9,0.6,0.8,0.75,1,0.8,0.5,0.6,0.53,0.52,0.7,0.5,0.6,0.5,0.5,0.7,0.5,0.5,0.5,0.5,0.5,0.9
LATAM,2373,WHY_LATAM,LATAM,154,why__5f331c32996b2711d70cd4de,why,Investment_Arquetypes_2022,Content_Export_Investment_Arquetypes_2022_full-latin-final.csv,5f331c32996b2711d70cd4de,5f331c32996b2711d70cd4de,NA,MX,MX,latin_america,25_34,male,unknown,usable_complete,TRUE,TRUE,32,1,1,0.65,0.75,0.85,0.75,1,0.7,1,1,0.9,1,0.9,0.65,1,0.9,1,0.85,1,1,1,0.75,0.75,0.7,0.75,1,0.8,0.85,1,0.75,0.5,0.5
LATAM,2374,WHY_LATAM,LATAM,155,why__5f3344917a7a0b159bd0c375,why,Investment_Arquetypes_2022,Content_Export_Investment_Arquetypes_2022_full-latin-final.csv,5f3344917a7a0b159bd0c375,5f3344917a7a0b159bd0c375,NA,MX,MX,latin_america,25_34,female,employed,usable_complete,TRUE,TRUE,32,1,1,0.83,0.5,1,0.5,0.7,0.5,0.74,1,1,0.74,1,0.78,1,0.5,1,0.78,0.73,0.66,0.5,0.5,0.5,0.5,0.88,0.5,0.57,0.5,0.5,0.5,0.5,0.5
LATAM,2375,WHY_LATAM,LATAM,156,why__5f3710b62fd489186633965a,why,Investment_Arquetypes_2022,Content_Export_Investment_Arquetypes_2022_full-latin-final.csv,5f3710b62fd489186633965a,5f3710b62fd489186633965a,NA,MX,MX,latin_america,18_24,female,other,usable_complete,TRUE,TRUE,32,0.57,0.69,0.57,0.69,0.64,0.74,0.5,0.75,0.67,0.88,0.78,0.5,0.6,0.75,0.57,0.55,0.54,0.61,0.55,0.56,0.5,0.58,0.58,0.5,0.5,0.53,0.5,0.5,0.65,0.5,0.5,0.52
LATAM,2376,WHY_LATAM,LATAM,157,why__5f3b1f2078bf3c22f24a262c,why,Investment_Arquetypes_2022,Content_Export_Investment_Arquetypes_2022_full-latin-final.csv,5f3b1f2078bf3c22f24a262c,5f3b1f2078bf3c22f24a262c,NA,CL,CL,latin_america,25_34,male,employed,usable_complete,TRUE,TRUE,32,0.6,0.7,0.5,0.78,0.5,0.8,0.76,0.6,0.67,0.67,0.85,0.78,0.7,0.71,0.5,0.5,0.69,0.63,0.5,0.5,0.84,0.6,0.5,0.5,0.66,0.7,0.69,0.5,0.69,0.5,0.5,0.71
LATAM,2377,WHY_LATAM,LATAM,158,why__5f3dec9a4c8ba4213fd77b05,why,Investment_Arquetypes_2022,Content_Export_Investment_Arquetypes_2022_full-latin-final.csv,5f3dec9a4c8ba4213fd77b05,5f3dec9a4c8ba4213fd77b05,NA,MX,MX,latin_america,25_34,male,unknown,usable_complete,TRUE,TRUE,32,0.8,0.75,0.6,0.6,0.5,0.63,0.65,0.7,0.8,0.85,0.75,0.8,0.75,0.65,0.8,0.8,0.75,0.65,0.8,0.8,0.7,0.5,0.65,0.5,0.6,0.75,0.5,0.5,0.65,0.55,0.5,0.6
LATAM,2378,WHY_LATAM,LATAM,159,why__5f4048f348465a1794f110a0,why,Investment_Arquetypes_2022,Content_Export_Investment_Arquetypes_2022_full-latin-final.csv,5f4048f348465a1794f110a0,5f4048f348465a1794f110a0,NA,MX,MX,latin_america,25_34,male,employed,usable_complete,TRUE,TRUE,32,0.66,0.63,0.6,0.5,0.53,0.5,0.85,0.61,0.78,0.83,0.79,0.8,0.69,0.54,0.62,0.65,0.7,0.55,0.85,0.82,0.86,0.55,0.52,0.5,0.68,0.6,0.5,0.58,0.58,0.5,0.5,0.6
LATAM,2379,WHY_LATAM,LATAM,160,why__5f4174cf36442031ab52225a,why,Investment_Arquetypes_2022,Content_Export_Investment_Arquetypes_2022_full-latin-final.csv,5f4174cf36442031ab52225a,5f4174cf36442031ab52225a,NA,MX,MX,latin_america,25_34,male,unknown,usable_complete,TRUE,TRUE,32,0.5,0.5,0.5,0.86,0.5,0.81,0.5,0.66,0.5,0.79,0.62,0.83,0.77,0.78,0.91,0.83,0.5,0.72,0.85,0.81,0.5,0.7,0.5,0.52,0.73,0.86,0.68,0.5,0.5,0.5,0.5,0.75
LATAM,2380,WHY_LATAM,LATAM,161,why__5f4310b391369a1776db2dde,why,Investment_Arquetypes_2022,Content_Export_Investment_Arquetypes_2022_full-latin-final.csv,5f4310b391369a1776db2dde,5f4310b391369a1776db2dde,NA,MX,MX,latin_america,25_34,male,unemployed,usable_complete,TRUE,TRUE,32,0.6,0.6,0.6,0.7,0.7,0.5,0.5,0.85,0.8,0.63,0.7,0.6,0.5,0.5,0.8,0.55,0.6,0.8,0.95,0.75,0.5,0.65,0.5,0.55,0.5,0.55,0.5,0.5,0.5,0.5,0.5,0.6
LATAM,2381,WHY_LATAM,LATAM,162,why__5f445330e63d6b7925c392b6,why,Investment_Arquetypes_2022,Content_Export_Investment_Arquetypes_2022_full-latin-final.csv,5f445330e63d6b7925c392b6,5f445330e63d6b7925c392b6,NA,MX,MX,latin_america,45_54,female,employed,usable_partial,TRUE,TRUE,31,1,1,0.9,1,1,0.9,1,0.85,1,0.9,1,0.9,1,0.9,1,1,1,1,0.85,0.9,1,0.6,0.75,0.5,0.85,0.7,0.55,0.6,0.75,0.85,0.75,1
LATAM,2382,WHY_LATAM,LATAM,163,why__5f4721d344b08110976d6865,why,Investment_Arquetypes_2022,Content_Export_Investment_Arquetypes_2022_full-latin-final.csv,5f4721d344b08110976d6865,5f4721d344b08110976d6865,NA,MX,MX,latin_america,18_24,female,other,usable_complete,TRUE,TRUE,32,0.5,0.95,0.75,0.75,0.5,0.6,0.85,0.85,0.8,0.9,0.8,0.5,0.75,0.7,0.85,0.75,0.5,0.75,0.75,0.75,0.8,0.5,0.5,0.5,0.9,0.5,0.5,0.5,0.5,0.5,0.5,0.85
LATAM,2383,WHY_LATAM,LATAM,164,why__5f4849b98d15cc2fb3a4d609,why,Investment_Arquetypes_2022,Content_Export_Investment_Arquetypes_2022_full-latin-final.csv,5f4849b98d15cc2fb3a4d609,5f4849b98d15cc2fb3a4d609,NA,MX,MX,latin_america,18_24,female,employed,usable_partial,TRUE,TRUE,30,0.59,0.5,0.5,0.6,0.5,0.64,0.5,0.5,0.5,0.56,0.51,0.62,0.6,0.5,0.55,0.55,0.5,0.5,0.5,0.5,0.5,0.51,0.5,0.5,0.5,0.5,0.52,0.5,0.5,0.5,0.5,0.55
LATAM,2384,WHY_LATAM,LATAM,165,why__5f4928d947b9fe312e9980ad,why,Investment_Arquetypes_2022,Content_Export_Investment_Arquetypes_2022_full-latin-final.csv,5f4928d947b9fe312e9980ad,5f4928d947b9fe312e9980ad,NA,CL,CL,latin_america,25_34,male,employed,usable_complete,TRUE,TRUE,32,1,1,0.75,1,1,1,0.65,0.8,1,1,1,0.8,0.75,0.7,1,0.75,1,1,1,0.8,1,0.5,0.7,1,0.7,1,1,0.7,0.6,0.7,0.5,0.8
LATAM,2385,WHY_LATAM,LATAM,166,why__5f494e2755e3b9495a8919e9,why,Investment_Arquetypes_2022,Content_Export_Investment_Arquetypes_2022_full-latin-final.csv,5f494e2755e3b9495a8919e9,5f494e2755e3b9495a8919e9,NA,CL,CL,latin_america,25_34,male,employed,usable_complete,TRUE,TRUE,32,0.96,0.77,0.8,0.5,0.85,0.5,0.8,0.79,0.66,0.96,0.79,0.91,0.91,0.5,0.99,0.5,1,0.5,0.78,0.86,0.74,0.5,0.85,0.5,0.5,0.5,0.82,0.5,0.5,0.64,0.5,0.9
LATAM,2386,WHY_LATAM,LATAM,167,why__5f497c1e6aa6394ebac7f840,why,Investment_Arquetypes_2022,Content_Export_Investment_Arquetypes_2022_full-latin-final.csv,5f497c1e6aa6394ebac7f840,5f497c1e6aa6394ebac7f840,NA,MX,MX,latin_america,25_34,female,employed,usable_partial,TRUE,TRUE,29,0.58,1,0.6,0.5,0.6,0.54,0.61,0.5,0.79,1,0.58,0.62,0.5,0.5,0.67,0.5,0.7,0.5,0.75,0.58,0.5,0.57,0.53,0.5,0.51,0.5,0.57,0.5,0.5,0.5,0.5,0.5
LATAM,2387,WHY_LATAM,LATAM,168,why__5f4c1b5626199983e1285d83,why,Investment_Arquetypes_2022,Content_Export_Investment_Arquetypes_2022_full-latin-final.csv,5f4c1b5626199983e1285d83,5f4c1b5626199983e1285d83,NA,MX,MX,latin_america,18_24,female,unemployed,usable_partial,TRUE,TRUE,28,0.5,0.66,1,0.5,0.5,0.5,0.89,0.71,0.89,1,1,1,1,0.87,1,1,1,1,0.8,0.89,1,0.5,0.73,0.5,0.7,0.84,0.8,0.5,0.66,0.5,0.5,0.8
LATAM,2388,WHY_LATAM,LATAM,169,why__5f527fcd94f94754853db0e5,why,Investment_Arquetypes_2022,Content_Export_Investment_Arquetypes_2022_full-latin-final.csv,5f527fcd94f94754853db0e5,5f527fcd94f94754853db0e5,NA,MX,MX,latin_america,18_24,male,inactive_other,usable_complete,TRUE,TRUE,32,0.8,0.64,0.73,0.5,0.62,0.5,0.5,0.87,0.6,0.91,0.8,0.81,0.82,0.5,0.76,0.63,0.88,0.72,0.72,0.5,0.7,0.56,0.5,0.5,0.62,0.69,0.5,0.5,0.5,0.5,0.5,0.65
LATAM,2389,WHY_LATAM,LATAM,170,why__5f55136768e37c8a6616bb09,why,Investment_Arquetypes_2022,Content_Export_Investment_Arquetypes_2022_full-latin-final.csv,5f55136768e37c8a6616bb09,5f55136768e37c8a6616bb09,NA,MX,MX,latin_america,18_24,female,employed,usable_complete,TRUE,TRUE,32,0.76,0.83,0.55,0.69,0.5,0.62,0.5,0.78,0.74,0.82,0.64,0.77,0.61,0.64,0.7,0.81,0.72,0.83,0.64,0.93,0.71,0.65,0.5,0.5,0.74,0.62,0.5,0.68,0.75,0.5,0.5,0.56
LATAM,2390,WHY_LATAM,LATAM,171,why__5f573b18a6a8b51a94fdbd08,why,Investment_Arquetypes_2022,Content_Export_Investment_Arquetypes_2022_full-latin-final.csv,5f573b18a6a8b51a94fdbd08,5f573b18a6a8b51a94fdbd08,NA,MX,MX,latin_america,25_34,male,employed,usable_partial,TRUE,TRUE,31,0.5,0.5,0.8,0.85,0.5,1,1,0.75,0.9,1,1,0.8,0.85,1,1,0.5,0.8,0.7,0.8,0.8,1,0.9,0.9,0.5,0.7,0.7,0.5,0.5,0.5,0.5,0.5,0.8
LATAM,2391,WHY_LATAM,LATAM,172,why__5f627edffdaccd2edb7df1fb,why,Investment_Arquetypes_2022,Content_Export_Investment_Arquetypes_2022_full-latin-final.csv,5f627edffdaccd2edb7df1fb,5f627edffdaccd2edb7df1fb,NA,MX,MX,latin_america,18_24,female,other,usable_complete,TRUE,TRUE,32,0.85,0.79,0.86,0.93,0.68,0.94,0.86,0.74,0.95,1,0.97,0.93,0.93,0.88,0.91,0.91,0.92,0.88,0.9,0.91,0.8,0.5,0.87,0.5,0.65,0.77,0.5,0.5,0.62,0.56,0.5,0.68
LATAM,2392,WHY_LATAM,LATAM,173,why__5f63b9d3a83a7d0ecdda4eb2,why,Investment_Arquetypes_2022,Content_Export_Investment_Arquetypes_2022_full-latin-final.csv,5f63b9d3a83a7d0ecdda4eb2,5f63b9d3a83a7d0ecdda4eb2,NA,MX,MX,latin_america,18_24,female,employed,usable_complete,TRUE,TRUE,32,1,1,1,0.6,0.5,0.75,1,0.5,0.77,1,0.98,0.63,0.51,0.5,0.89,0.99,0.85,1,0.95,0.77,0.9,1,0.5,0.5,0.66,0.5,0.5,0.5,0.55,0.5,0.5,0.5
LATAM,2393,WHY_LATAM,LATAM,174,why__5f64bdfa92434501c26dfca5,why,Investment_Arquetypes_2022,Content_Export_Investment_Arquetypes_2022_full-latin-final.csv,5f64bdfa92434501c26dfca5,5f64bdfa92434501c26dfca5,NA,CL,CL,latin_america,45_54,female,employed,usable_complete,TRUE,TRUE,32,0.63,0.58,0.56,0.86,0.54,0.5,0.64,0.61,0.64,0.81,0.72,0.5,0.63,0.83,0.5,0.63,0.6,0.5,0.89,0.64,0.87,0.5,0.5,0.75,0.5,0.5,0.5,0.5,0.5,0.5,0.5,0.5
LATAM,2394,WHY_LATAM,LATAM,175,why__5f66e131cb8b062d0ea776f0,why,Investment_Arquetypes_2022,Content_Export_Investment_Arquetypes_2022_full-latin-final.csv,5f66e131cb8b062d0ea776f0,5f66e131cb8b062d0ea776f0,NA,MX,MX,latin_america,25_34,female,employed,usable_partial,TRUE,TRUE,30,0.5,0.75,0.5,0.85,1,1,0.5,0.5,0.5,0.66,1,0.7,0.7,0.85,0.6,0.6,1,0.65,0.5,0.5,0.5,0.5,1,0.5,0.5,0.5,0.5,0.5,0.5,0.5,0.5,0.7
LATAM,2395,WHY_LATAM,LATAM,176,why__5f68f02c41716709ee9be42d,why,Investment_Arquetypes_2022,Content_Export_Investment_Arquetypes_2022_full-latin-final.csv,5f68f02c41716709ee9be42d,5f68f02c41716709ee9be42d,NA,MX,MX,latin_america,25_34,male,employed,usable_complete,TRUE,TRUE,32,0.63,0.5,0.63,0.55,0.61,0.5,0.57,0.61,0.51,0.6,0.79,0.62,0.5,0.5,0.66,0.68,0.62,0.54,0.5,0.5,0.7,0.5,0.5,0.5,0.5,0.61,0.5,0.57,0.58,0.6,0.5,0.67
LATAM,2396,WHY_LATAM,LATAM,177,why__5f6916f985575a0f22ec8f69,why,Investment_Arquetypes_2022,Content_Export_Investment_Arquetypes_2022_full-latin-final.csv,5f6916f985575a0f22ec8f69,5f6916f985575a0f22ec8f69,NA,MX,MX,latin_america,18_24,male,unemployed,usable_complete,TRUE,TRUE,32,1,1,0.5,1,0.8,0.9,1,1,1,1,1,1,1,1,1,0.5,1,1,0.8,0.5,0.7,0.5,1,0.5,0.5,0.5,0.5,0.5,0.5,0.8,0.5,0.6
LATAM,2397,WHY_LATAM,LATAM,178,why__5f720f7fb7dd520e26f3c0b3,why,Investment_Arquetypes_2022,Content_Export_Investment_Arquetypes_2022_full-latin-final.csv,5f720f7fb7dd520e26f3c0b3,5f720f7fb7dd520e26f3c0b3,NA,MX,MX,latin_america,25_34,male,employed,usable_complete,TRUE,TRUE,32,1,1,1,0.65,0.85,1,0.7,0.5,0.5,1,0.5,0.5,1,1,0.9,0.5,0.85,0.85,0.5,0.5,0.9,0.5,1,0.5,0.5,0.7,0.5,0.6,0.5,0.6,0.72,0.6
LATAM,2398,WHY_LATAM,LATAM,179,why__5f725b345c6f1e18af1dd1b8,why,Investment_Arquetypes_2022,Content_Export_Investment_Arquetypes_2022_full-latin-final.csv,5f725b345c6f1e18af1dd1b8,5f725b345c6f1e18af1dd1b8,NA,MX,MX,latin_america,35_44,female,unknown,usable_complete,TRUE,TRUE,32,1,1,1,0.66,1,0.63,0.89,0.5,0.85,1,0.85,1,1,0.94,0.94,1,1,0.74,1,0.71,0.5,0.61,0.5,0.5,0.69,0.63,0.5,0.5,0.65,0.5,0.5,0.62
LATAM,2399,WHY_LATAM,LATAM,180,why__5f80b75d46ee0012d2634d26,why,Investment_Arquetypes_2022,Content_Export_Investment_Arquetypes_2022_full-latin-final.csv,5f80b75d46ee0012d2634d26,5f80b75d46ee0012d2634d26,NA,MX,MX,latin_america,18_24,male,unemployed,usable_partial,TRUE,TRUE,31,0.64,0.7,0.5,0.5,0.76,0.5,0.5,0.5,0.5,0.5,0.68,0.71,0.65,0.5,1,0.84,0.67,0.55,0.5,0.5,0.5,0.59,0.64,0.5,0.5,0.5,0.64,0.5,0.55,0.58,0.5,0.67
LATAM,2400,WHY_LATAM,LATAM,181,why__5f83e5fac85c275782756b34,why,Investment_Arquetypes_2022,Content_Export_Investment_Arquetypes_2022_full-latin-final.csv,5f83e5fac85c275782756b34,5f83e5fac85c275782756b34,NA,MX,MX,latin_america,25_34,male,unknown,usable_complete,TRUE,TRUE,32,0.5,0.8,0.5,0.5,0.5,0.85,0.9,0.75,0.55,0.6,0.65,0.75,0.8,0.5,0.65,0.6,0.7,0.65,0.7,0.65,1,0.55,0.5,0.5,0.55,0.6,0.5,0.5,0.5,0.5,0.5,0.6
LATAM,2401,WHY_LATAM,LATAM,182,why__5f84e3aa5a8a9e1bd6be956c,why,Investment_Arquetypes_2022,Content_Export_Investment_Arquetypes_2022_full-latin-final.csv,5f84e3aa5a8a9e1bd6be956c,5f84e3aa5a8a9e1bd6be956c,NA,MX,MX,latin_america,55_64,female,inactive_other,usable_complete,TRUE,TRUE,32,0.65,0.95,0.8,0.7,0.9,0.5,0.95,0.9,0.8,1,0.9,1,0.65,0.5,0.75,0.8,1,0.5,0.7,0.5,0.85,0.5,0.6,0.5,0.8,0.5,0.5,0.5,0.5,0.5,0.5,0.5
LATAM,2402,WHY_LATAM,LATAM,183,why__5f87990fe9acf51d7dad3f9d,why,Investment_Arquetypes_2022,Content_Export_Investment_Arquetypes_2022_full-latin-final.csv,5f87990fe9acf51d7dad3f9d,5f87990fe9acf51d7dad3f9d,NA,CL,CL,latin_america,18_24,female,employed,usable_complete,TRUE,TRUE,32,0.68,0.56,0.54,0.5,0.54,0.53,0.86,0.9,0.5,0.86,0.92,0.87,0.85,0.5,0.5,0.71,1,0.58,0.5,0.61,0.89,0.5,0.8,0.5,0.5,0.7,0.5,0.5,0.5,0.5,0.5,0.6
LATAM,2403,WHY_LATAM,LATAM,184,why__5f8a434256536a0fe2e01e78,why,Investment_Arquetypes_2022,Content_Export_Investment_Arquetypes_2022_full-latin-final.csv,5f8a434256536a0fe2e01e78,5f8a434256536a0fe2e01e78,NA,MX,MX,latin_america,25_34,male,employed,usable_complete,TRUE,TRUE,32,0.78,0.66,0.83,0.5,0.5,0.9,0.5,0.78,0.74,0.5,0.81,0.95,0.5,0.5,0.5,0.85,0.8,0.9,0.63,0.78,0.74,0.5,0.5,1,0.89,0.84,0.5,0.5,0.5,0.79,0.5,1
LATAM,2404,WHY_LATAM,LATAM,185,why__5f8dc5a637ef2911ed0450c0,why,Investment_Arquetypes_2022,Content_Export_Investment_Arquetypes_2022_full-latin-final.csv,5f8dc5a637ef2911ed0450c0,5f8dc5a637ef2911ed0450c0,NA,CL,CL,latin_america,18_24,male,unknown,usable_complete,TRUE,TRUE,32,0.8,0.5,0.65,0.6,0.5,0.5,0.5,0.5,1,0.5,0.5,0.7,0.5,0.5,0.75,0.6,0.65,0.5,0.75,1,0.7,0.5,0.5,0.5,0.7,0.5,0.5,0.5,0.5,0.5,0.5,0.5
LATAM,2405,WHY_LATAM,LATAM,186,why__5f8fbbb8bb5b0423cb21ae08,why,Investment_Arquetypes_2022,Content_Export_Investment_Arquetypes_2022_full-latin-final.csv,5f8fbbb8bb5b0423cb21ae08,5f8fbbb8bb5b0423cb21ae08,NA,CL,CL,latin_america,25_34,male,employed,usable_complete,TRUE,TRUE,32,0.65,1,0.8,0.6,0.5,0.85,0.7,0.85,0.71,1,0.5,0.5,0.79,0.68,0.55,0.8,0.65,0.68,0.5,0.5,0.68,0.5,0.5,0.5,0.7,1,0.5,0.6,0.9,0.5,0.5,0.5
LATAM,2406,WHY_LATAM,LATAM,187,why__5f9754d58d86ac10c2068b90,why,Investment_Arquetypes_2022,Content_Export_Investment_Arquetypes_2022_full-latin-final.csv,5f9754d58d86ac10c2068b90,5f9754d58d86ac10c2068b90,NA,MX,MX,latin_america,25_34,female,employed,usable_complete,TRUE,TRUE,32,0.65,0.5,0.5,0.5,0.5,0.5,0.55,0.55,0.57,0.84,0.65,0.62,0.57,0.5,0.6,0.56,0.59,0.61,0.7,0.63,0.62,0.61,0.53,0.5,0.53,0.5,0.5,0.5,0.62,0.5,0.5,0.57
LATAM,2407,WHY_LATAM,LATAM,188,why__5f9afa6dffa5e21329cf3f6e,why,Investment_Arquetypes_2022,Content_Export_Investment_Arquetypes_2022_full-latin-final.csv,5f9afa6dffa5e21329cf3f6e,5f9afa6dffa5e21329cf3f6e,NA,MX,MX,latin_america,18_24,male,other,usable_partial,TRUE,TRUE,31,0.5,0.8,0.5,0.67,0.59,0.55,0.5,0.66,0.6,0.5,0.75,0.84,0.61,0.55,0.9,0.61,0.55,0.61,0.74,0.72,0.5,0.5,0.7,0.5,0.69,0.5,0.5,0.5,0.5,0.5,0.5,0.63
LATAM,2408,WHY_LATAM,LATAM,189,why__5f9baf2a2613ea3ea295875b,why,Investment_Arquetypes_2022,Content_Export_Investment_Arquetypes_2022_full-latin-final.csv,5f9baf2a2613ea3ea295875b,5f9baf2a2613ea3ea295875b,NA,MX,MX,latin_america,25_34,female,employed,usable_complete,TRUE,TRUE,32,0.81,0.68,0.77,0.5,0.7,0.8,0.79,0.93,0.56,0.61,0.75,0.85,0.63,0.5,0.81,0.62,0.92,0.86,0.79,0.72,0.5,0.5,0.5,0.5,0.5,0.72,0.77,0.5,0.5,0.5,0.5,0.5
LATAM,2409,WHY_LATAM,LATAM,190,why__5f9e4fcee6cc513f06191d42,why,Investment_Arquetypes_2022,Content_Export_Investment_Arquetypes_2022_full-latin-final.csv,5f9e4fcee6cc513f06191d42,5f9e4fcee6cc513f06191d42,NA,CL,CL,latin_america,18_24,male,unemployed,usable_complete,TRUE,TRUE,32,0.5,0.5,0.67,0.57,0.5,0.5,0.5,0.72,0.61,0.79,0.78,0.67,0.68,0.75,0.73,0.64,0.86,0.7,0.5,0.6,0.5,0.54,0.68,0.5,0.57,0.62,0.5,0.5,0.5,0.5,0.63,0.5
LATAM,2411,WHY_LATAM,LATAM,192,why__5fac2b70a5caa5166944b377,why,Investment_Arquetypes_2022,Content_Export_Investment_Arquetypes_2022_full-latin-final.csv,5fac2b70a5caa5166944b377,5fac2b70a5caa5166944b377,NA,MX,MX,latin_america,35_44,female,employed,usable_complete,TRUE,TRUE,32,0.83,0.82,0.54,0.72,0.5,0.9,0.84,1,0.5,0.99,0.79,1,0.54,0.75,1,0.65,0.73,0.5,0.59,0.69,0.83,0.5,1,0.5,0.73,0.5,0.5,0.5,0.5,0.5,0.5,0.5
LATAM,2412,WHY_LATAM,LATAM,193,why__5fb754ca012e372845878671,why,Investment_Arquetypes_2022,Content_Export_Investment_Arquetypes_2022_full-latin-final.csv,5fb754ca012e372845878671,5fb754ca012e372845878671,NA,MX,MX,latin_america,18_24,male,employed,usable_complete,TRUE,TRUE,32,0.65,1,0.5,0.65,1,0.6,0.5,0.5,0.5,0.7,0.5,0.5,0.5,0.6,1,0.6,0.5,0.8,0.55,0.6,0.5,0.5,0.5,0.5,0.5,0.7,0.69,0.5,1,0.5,0.5,1
LATAM,2413,WHY_LATAM,LATAM,194,why__5fb775fae133fb2c1167fd5a,why,Investment_Arquetypes_2022,Content_Export_Investment_Arquetypes_2022_full-latin-final.csv,5fb775fae133fb2c1167fd5a,5fb775fae133fb2c1167fd5a,NA,MX,MX,latin_america,25_34,male,employed,usable_partial,TRUE,TRUE,27,0.58,0.58,0.64,0.5,0.5,0.5,0.55,0.5,0.55,0.65,0.58,0.55,0.65,0.5,0.5,0.5,0.5,0.55,0.54,0.65,0.55,0.5,0.5,0.5,0.5,0.68,0.5,0.5,0.5,0.55,0.5,0.65
LATAM,2414,WHY_LATAM,LATAM,195,why__5fbfb99036e420313c504a36,why,Investment_Arquetypes_2022,Content_Export_Investment_Arquetypes_2022_full-latin-final.csv,5fbfb99036e420313c504a36,5fbfb99036e420313c504a36,NA,MX,MX,latin_america,18_24,female,unemployed,usable_complete,TRUE,TRUE,32,0.63,0.66,0.64,0.5,0.5,0.55,0.58,0.5,0.68,0.82,0.61,0.87,0.66,0.73,0.66,0.5,0.5,0.68,0.56,0.56,0.57,0.55,0.5,0.63,0.5,0.74,0.5,0.74,0.63,0.5,0.5,0.5
LATAM,2415,WHY_LATAM,LATAM,196,why__5fc44d83862e3e79b02e0438,why,Investment_Arquetypes_2022,Content_Export_Investment_Arquetypes_2022_full-latin-final.csv,5fc44d83862e3e79b02e0438,5fc44d83862e3e79b02e0438,NA,CL,CL,latin_america,18_24,male,inactive_other,usable_complete,TRUE,TRUE,32,0.9,1,0.83,0.65,0.71,0.68,0.75,0.6,0.8,1,0.61,0.6,0.8,0.9,0.8,0.8,0.8,0.75,0.81,0.6,0.75,0.5,0.8,0.5,0.5,0.56,1,0.6,0.56,0.5,0.5,0.78
LATAM,2416,WHY_LATAM,LATAM,197,why__5fc8088906bd7a10c6eced41,why,Investment_Arquetypes_2022,Content_Export_Investment_Arquetypes_2022_full-latin-final.csv,5fc8088906bd7a10c6eced41,5fc8088906bd7a10c6eced41,NA,MX,MX,latin_america,35_44,female,employed,usable_partial,TRUE,TRUE,30,1,1,0.9,0.7,0.9,0.9,0.9,1,0.9,0.8,1,1,0.85,0.6,1,1,1,0.8,1,0.7,1,0.5,0.7,0.5,1,0.5,0.8,0.5,0.5,0.5,0.5,0.7
LATAM,2417,WHY_LATAM,LATAM,198,why__5fc8a3efb2180e24146bd545,why,Investment_Arquetypes_2022,Content_Export_Investment_Arquetypes_2022_full-latin-final.csv,5fc8a3efb2180e24146bd545,5fc8a3efb2180e24146bd545,NA,MX,MX,latin_america,45_54,male,employed,usable_complete,TRUE,TRUE,32,1,1,0.85,1,1,0.75,0.7,1,1,1,1,1,1,0.81,1,1,1,1,1,1,0.8,0.7,0.6,0.5,1,0.9,0.5,1,0.5,0.7,0.6,1
LATAM,2418,WHY_LATAM,LATAM,199,why__5fd01d9ba6d21307682ab067,why,Investment_Arquetypes_2022,Content_Export_Investment_Arquetypes_2022_full-latin-final.csv,5fd01d9ba6d21307682ab067,5fd01d9ba6d21307682ab067,NA,MX,MX,latin_america,25_34,female,unemployed,usable_complete,TRUE,TRUE,32,0.75,1,0.8,1,0.75,1,1,1,1,1,1,1,1,0.5,1,1,1,0.7,1,0.5,1,0.5,1,0.5,0.7,0.5,0.5,0.5,0.5,0.5,0.5,0.8
LATAM,2419,WHY_LATAM,LATAM,200,why__5fd7d069c3fe940a70832732,why,Investment_Arquetypes_2022,Content_Export_Investment_Arquetypes_2022_full-latin-final.csv,5fd7d069c3fe940a70832732,5fd7d069c3fe940a70832732,NA,MX,MX,latin_america,25_34,male,unemployed,usable_complete,TRUE,TRUE,32,1,0.94,1,0.5,0.89,0.61,0.5,0.61,0.62,1,1,0.78,0.87,0.75,1,0.89,0.8,1,0.8,0.85,0.5,0.5,0.5,0.5,0.5,0.5,0.5,0.5,0.5,0.93,0.5,0.65
LATAM,2420,WHY_LATAM,LATAM,201,why__5fe9028f0b1a4434def8e319,why,Investment_Arquetypes_2022,Content_Export_Investment_Arquetypes_2022_full-latin-final.csv,5fe9028f0b1a4434def8e319,5fe9028f0b1a4434def8e319,NA,MX,MX,latin_america,25_34,female,employed,usable_partial,TRUE,TRUE,31,0.87,1,0.74,0.85,0.86,0.88,0.64,0.93,0.68,1,0.81,0.5,0.7,0.84,0.92,0.73,0.9,0.75,0.8,0.65,0.62,0.65,0.86,0.5,0.88,0.62,0.5,0.5,0.5,0.5,0.5,0.73
LATAM,2421,WHY_LATAM,LATAM,202,why__5fea9e84e6b281ae226e5cf0,why,Investment_Arquetypes_2022,Content_Export_Investment_Arquetypes_2022_full-latin-final.csv,5fea9e84e6b281ae226e5cf0,5fea9e84e6b281ae226e5cf0,NA,CL,CL,latin_america,25_34,female,employed,usable_complete,TRUE,TRUE,32,1,0.86,0.62,0.7,0.85,0.58,0.5,0.81,0.9,1,0.82,0.59,0.6,0.57,0.88,0.9,0.5,0.8,0.88,0.9,0.63,0.58,0.65,0.6,0.5,0.5,0.57,0.5,0.73,0.5,0.5,0.77
LATAM,2422,WHY_LATAM,LATAM,203,why__5ffbf64af393a711815a2ede,why,Investment_Arquetypes_2022,Content_Export_Investment_Arquetypes_2022_full-latin-final.csv,5ffbf64af393a711815a2ede,5ffbf64af393a711815a2ede,NA,CL,CL,latin_america,25_34,male,unemployed,usable_complete,TRUE,TRUE,32,0.5,1,1,0.55,0.75,0.5,1,1,0.5,1,1,1,1,0.6,0.8,0.5,0.75,0.75,0.8,1,1,0.6,0.5,0.5,0.55,1,0.5,0.5,0.7,0.5,0.5,1
LATAM,2423,WHY_LATAM,LATAM,204,why__600090cc2864f714e71d0e45,why,Investment_Arquetypes_2022,Content_Export_Investment_Arquetypes_2022_full-latin-final.csv,600090cc2864f714e71d0e45,600090cc2864f714e71d0e45,NA,MX,MX,latin_america,45_54,female,inactive_other,usable_complete,TRUE,TRUE,32,0.88,0.84,0.71,0.69,1,0.7,0.9,0.87,0.79,0.93,0.6,0.92,0.5,0.75,0.94,0.91,0.95,0.78,0.94,0.88,0.83,0.5,0.73,0.5,0.7,0.5,0.5,0.5,0.5,0.5,0.5,0.67
LATAM,2424,WHY_LATAM,LATAM,205,why__600916bb92179b5ecc406460,why,Investment_Arquetypes_2022,Content_Export_Investment_Arquetypes_2022_full-latin-final.csv,600916bb92179b5ecc406460,600916bb92179b5ecc406460,NA,MX,MX,latin_america,18_24,male,employed,usable_complete,TRUE,TRUE,32,0.86,0.9,0.78,0.53,0.61,0.5,0.62,0.68,0.63,0.8,0.56,0.5,0.62,0.6,0.69,0.68,0.5,0.82,0.69,0.57,0.66,0.55,0.56,0.56,0.5,0.81,0.5,0.5,0.54,0.67,0.5,0.53
LATAM,2425,WHY_LATAM,LATAM,206,why__600b6eeca045ed2188390225,why,Investment_Arquetypes_2022,Content_Export_Investment_Arquetypes_2022_full-latin-final.csv,600b6eeca045ed2188390225,600b6eeca045ed2188390225,NA,CL,CL,latin_america,18_24,male,other,usable_complete,TRUE,TRUE,32,0.5,1,0.55,0.5,0.5,0.5,0.65,0.5,0.5,0.55,0.7,0.6,0.7,0.5,0.75,0.5,0.75,0.55,0.6,0.5,0.6,0.5,0.5,0.5,0.7,0.7,0.5,0.5,0.5,0.5,0.5,0.5
LATAM,2426,WHY_LATAM,LATAM,207,why__600cd05c07aa66461671a98e,why,Investment_Arquetypes_2022,Content_Export_Investment_Arquetypes_2022_full-latin-final.csv,600cd05c07aa66461671a98e,600cd05c07aa66461671a98e,NA,MX,MX,latin_america,25_34,female,employed,usable_complete,TRUE,TRUE,32,0.59,0.99,0.8,0.58,0.84,0.5,0.61,0.82,0.66,0.97,0.76,0.78,0.98,0.5,0.79,0.79,0.65,0.61,0.7,0.7,0.5,0.5,0.5,0.5,0.5,0.5,0.5,0.5,0.5,0.5,0.5,0.62
LATAM,2427,WHY_LATAM,LATAM,208,why__6028556644c98e198530f83f,why,Investment_Arquetypes_2022,Content_Export_Investment_Arquetypes_2022_full-latin-final.csv,6028556644c98e198530f83f,6028556644c98e198530f83f,NA,MX,MX,latin_america,18_24,female,employed,usable_complete,TRUE,TRUE,32,0.78,0.5,0.5,0.6,0.57,0.7,0.61,0.72,0.58,0.87,0.89,0.66,0.82,0.81,0.65,0.61,0.68,0.5,0.5,0.5,0.79,0.58,0.5,0.5,0.74,0.66,0.5,0.5,0.63,0.61,0.5,0.78
LATAM,2428,WHY_LATAM,LATAM,209,why__602a87fa4ae79107f91d2524,why,Investment_Arquetypes_2022,Content_Export_Investment_Arquetypes_2022_full-latin-final.csv,602a87fa4ae79107f91d2524,602a87fa4ae79107f91d2524,NA,CL,CL,latin_america,45_54,female,unknown,usable_complete,TRUE,TRUE,32,0.8,0.71,0.75,0.58,0.71,0.65,0.64,0.7,0.7,0.8,0.5,0.62,0.54,0.71,0.82,0.82,0.75,0.56,0.67,0.72,0.6,0.5,0.55,0.5,0.5,0.5,0.5,0.5,0.5,0.5,0.5,0.59
LATAM,2429,WHY_LATAM,LATAM,210,why__602b04fcb9bd922174f5fea6,why,Investment_Arquetypes_2022,Content_Export_Investment_Arquetypes_2022_full-latin-final.csv,602b04fcb9bd922174f5fea6,602b04fcb9bd922174f5fea6,NA,MX,MX,latin_america,18_24,female,employed,usable_complete,TRUE,TRUE,32,0.5,1,0.85,0.5,0.5,0.88,0.5,0.71,0.59,0.8,0.65,0.5,0.54,0.78,0.63,0.54,0.5,0.5,0.53,0.5,0.73,0.51,0.72,0.5,0.51,0.5,0.5,0.5,0.5,0.5,0.5,0.75
LATAM,2430,WHY_LATAM,LATAM,211,why__602d86345f6c24812bfc3a4e,why,Investment_Arquetypes_2022,Content_Export_Investment_Arquetypes_2022_full-latin-final.csv,602d86345f6c24812bfc3a4e,602d86345f6c24812bfc3a4e,NA,MX,MX,latin_america,18_24,male,employed,usable_complete,TRUE,TRUE,32,0.5,0.64,0.68,0.75,0.64,0.5,0.84,0.67,0.73,0.92,0.76,0.75,0.76,0.5,0.68,0.82,0.75,0.76,0.75,0.8,0.5,0.5,0.5,0.5,0.5,0.68,0.72,0.5,0.5,0.59,0.5,0.74
LATAM,2431,WHY_LATAM,LATAM,212,why__6032a88a2b8e882a37cc2766,why,Investment_Arquetypes_2022,Content_Export_Investment_Arquetypes_2022_full-latin-final.csv,6032a88a2b8e882a37cc2766,6032a88a2b8e882a37cc2766,NA,MX,MX,latin_america,45_54,female,employed,usable_complete,TRUE,TRUE,32,0.75,0.75,0.8,0.8,0.7,0.8,0.75,0.8,0.86,0.91,0.8,0.5,0.76,0.96,0.8,0.69,0.79,0.7,0.85,0.5,0.75,0.82,0.85,0.5,0.74,0.9,0.78,0.55,0.5,0.7,0.5,0.5
LATAM,2432,WHY_LATAM,LATAM,213,why__6033d713338d850cd675d073,why,Investment_Arquetypes_2022,Content_Export_Investment_Arquetypes_2022_full-latin-final.csv,6033d713338d850cd675d073,6033d713338d850cd675d073,NA,MX,MX,latin_america,18_24,female,unknown,usable_complete,TRUE,TRUE,32,0.5,0.71,0.7,0.71,0.69,0.69,0.58,1,0.51,0.68,1,1,0.5,0.5,1,0.6,1,0.81,0.78,0.55,1,0.7,0.7,0.5,0.5,0.74,0.5,0.5,0.5,0.63,0.5,0.52
LATAM,2433,WHY_LATAM,LATAM,214,why__6039301619f2633730d2a3a5,why,Investment_Arquetypes_2022,Content_Export_Investment_Arquetypes_2022_full-latin-final.csv,6039301619f2633730d2a3a5,6039301619f2633730d2a3a5,NA,MX,MX,latin_america,25_34,female,inactive_other,usable_complete,TRUE,TRUE,32,1,1,0.9,0.5,0.5,0.75,1,0.5,0.75,1,1,0.75,1,0.75,1,0.75,0.75,0.5,0.9,0.9,0.9,0.5,0.5,0.5,0.5,0.5,0.5,0.5,0.5,0.5,0.5,0.5
LATAM,2434,WHY_LATAM,LATAM,215,why__603985a82eb19546d480c77f,why,Investment_Arquetypes_2022,Content_Export_Investment_Arquetypes_2022_full-latin-final.csv,603985a82eb19546d480c77f,603985a82eb19546d480c77f,NA,CL,CL,latin_america,18_24,male,other,usable_complete,TRUE,TRUE,32,0.71,0.9,0.78,0.65,0.71,0.5,0.73,0.71,0.69,0.73,0.72,0.72,0.67,0.5,0.64,0.75,0.66,0.7,0.59,0.65,0.5,0.5,0.57,0.5,0.5,0.7,0.6,0.5,0.5,0.5,0.5,0.81
LATAM,2435,WHY_LATAM,LATAM,216,why__603c7ab16aac09a248f51fc9,why,Investment_Arquetypes_2022,Content_Export_Investment_Arquetypes_2022_full-latin-final.csv,603c7ab16aac09a248f51fc9,603c7ab16aac09a248f51fc9,NA,MX,MX,latin_america,25_34,male,employed,usable_complete,TRUE,TRUE,32,0.72,0.62,0.5,0.74,0.75,0.5,0.7,0.5,0.79,0.75,0.87,0.76,0.82,0.9,0.71,0.72,0.81,0.58,0.76,0.68,0.91,0.57,0.54,0.86,0.5,0.9,0.5,0.5,0.6,0.52,0.5,0.6
LATAM,2436,WHY_LATAM,LATAM,217,why__603fb04d42dd7c0a9398a42f,why,Investment_Arquetypes_2022,Content_Export_Investment_Arquetypes_2022_full-latin-final.csv,603fb04d42dd7c0a9398a42f,603fb04d42dd7c0a9398a42f,NA,CL,CL,latin_america,18_24,male,unemployed,usable_complete,TRUE,TRUE,32,0.55,0.8,0.5,0.55,0.5,0.5,0.65,0.65,0.5,0.8,0.9,0.65,0.9,0.65,1,0.8,0.7,0.5,0.55,0.6,0.6,0.5,0.6,0.5,0.5,0.65,0.5,0.5,0.5,0.5,0.5,0.6
LATAM,2437,WHY_LATAM,LATAM,218,why__603fdc2aa858e013dee57879,why,Investment_Arquetypes_2022,Content_Export_Investment_Arquetypes_2022_full-latin-final.csv,603fdc2aa858e013dee57879,603fdc2aa858e013dee57879,NA,MX,MX,latin_america,25_34,male,employed,usable_complete,TRUE,TRUE,32,0.77,0.82,0.74,0.61,0.5,0.86,1,0.83,0.94,1,1,0.85,0.88,0.69,0.9,1,0.91,0.56,1,0.92,1,0.5,0.5,0.5,0.72,1,0.5,0.5,0.9,0.52,0.5,0.74
LATAM,2438,WHY_LATAM,LATAM,219,why__6043f909d14273455e5e7436,why,Investment_Arquetypes_2022,Content_Export_Investment_Arquetypes_2022_full-latin-final.csv,6043f909d14273455e5e7436,6043f909d14273455e5e7436,NA,MX,MX,latin_america,18_24,female,unknown,usable_complete,TRUE,TRUE,32,0.71,0.77,0.55,0.75,0.51,0.68,0.64,0.69,0.58,0.59,0.63,0.78,0.68,0.76,0.69,0.5,0.85,0.75,0.87,0.81,0.66,0.62,0.5,0.74,0.6,0.71,0.55,0.5,0.5,0.5,0.5,0.5
LATAM,2439,WHY_LATAM,LATAM,220,why__604ff1c798e159aa44a2e912,why,Investment_Arquetypes_2022,Content_Export_Investment_Arquetypes_2022_full-latin-final.csv,604ff1c798e159aa44a2e912,604ff1c798e159aa44a2e912,NA,MX,MX,latin_america,25_34,female,employed,usable_complete,TRUE,TRUE,32,0.63,0.94,0.77,0.82,0.83,1,1,1,1,0.9,0.97,0.82,0.9,0.8,0.8,0.82,0.84,0.73,0.75,0.79,0.74,0.67,0.7,0.5,0.83,0.5,0.5,0.5,0.5,0.5,0.5,0.77
LATAM,2440,WHY_LATAM,LATAM,221,why__6052554f2d140e57270e22f9,why,Investment_Arquetypes_2022,Content_Export_Investment_Arquetypes_2022_full-latin-final.csv,6052554f2d140e57270e22f9,6052554f2d140e57270e22f9,NA,MX,MX,latin_america,35_44,male,employed,usable_complete,TRUE,TRUE,32,1,1,0.8,0.8,0.7,0.5,1,0.9,1,0.8,0.8,1,0.7,0.5,0.8,1,1,0.7,1,0.6,0.8,0.5,0.6,0.5,0.6,0.5,0.5,0.5,0.5,0.5,0.5,0.5
LATAM,2441,WHY_LATAM,LATAM,222,why__605266f40d5ed95a44c3d607,why,Investment_Arquetypes_2022,Content_Export_Investment_Arquetypes_2022_full-latin-final.csv,605266f40d5ed95a44c3d607,605266f40d5ed95a44c3d607,NA,MX,MX,latin_america,18_24,female,unemployed,usable_complete,TRUE,TRUE,32,0.63,0.72,0.63,0.69,0.71,0.69,0.53,0.64,0.53,0.73,0.7,0.77,0.73,0.64,0.76,0.5,0.75,0.5,0.66,0.63,0.51,0.63,0.64,0.5,0.5,0.58,0.6,0.5,0.5,0.5,0.5,0.61
LATAM,2442,WHY_LATAM,LATAM,223,why__605271bb64bfe6003f35602b,why,Investment_Arquetypes_2022,Content_Export_Investment_Arquetypes_2022_full-latin-final.csv,605271bb64bfe6003f35602b,605271bb64bfe6003f35602b,NA,MX,MX,latin_america,18_24,female,employed,usable_complete,TRUE,TRUE,32,1,1,0.7,0.5,1,0.5,0.55,0.8,0.7,1,1,0.8,0.6,0.5,0.8,0.75,0.8,0.65,0.7,0.5,0.6,0.5,0.5,0.5,0.7,0.5,0.5,0.5,0.5,0.5,0.5,0.55
LATAM,2443,WHY_LATAM,LATAM,224,why__6053c980f7612d61ed799ce9,why,Investment_Arquetypes_2022,Content_Export_Investment_Arquetypes_2022_full-latin-final.csv,6053c980f7612d61ed799ce9,6053c980f7612d61ed799ce9,NA,MX,MX,latin_america,18_24,male,unemployed,usable_complete,TRUE,TRUE,32,0.5,1,0.79,0.69,1,0.5,0.8,1,0.74,1,1,0.85,0.73,0.5,0.5,0.92,0.83,0.5,0.74,0.6,1,0.5,0.79,0.5,0.5,0.7,0.55,0.5,0.5,0.5,0.5,0.73
LATAM,2444,WHY_LATAM,LATAM,225,why__605563e772e44013a0772597,why,Investment_Arquetypes_2022,Content_Export_Investment_Arquetypes_2022_full-latin-final.csv,605563e772e44013a0772597,605563e772e44013a0772597,NA,CL,CL,latin_america,35_44,male,employed,usable_complete,TRUE,TRUE,32,1,0.92,0.66,1,0.62,0.86,0.5,0.5,0.73,1,0.85,0.5,1,1,0.9,1,0.99,0.7,1,1,0.5,0.5,0.5,0.5,1,0.5,0.5,0.5,0.5,0.5,0.5,0.7
LATAM,2445,WHY_LATAM,LATAM,226,why__605b928529a3c5919e0ed453,why,Investment_Arquetypes_2022,Content_Export_Investment_Arquetypes_2022_full-latin-final.csv,605b928529a3c5919e0ed453,605b928529a3c5919e0ed453,NA,CL,CL,latin_america,25_34,male,inactive_other,usable_complete,TRUE,TRUE,32,1,0.69,0.7,0.61,0.5,0.68,0.86,0.5,0.67,0.81,0.71,0.86,0.68,0.74,0.68,0.86,0.85,0.65,0.65,0.73,0.83,0.5,0.5,0.5,0.84,1,0.82,0.5,0.5,0.5,0.5,0.5
LATAM,2446,WHY_LATAM,LATAM,227,why__605e90cc484dafd94f25f711,why,Investment_Arquetypes_2022,Content_Export_Investment_Arquetypes_2022_full-latin-final.csv,605e90cc484dafd94f25f711,605e90cc484dafd94f25f711,NA,MX,MX,latin_america,25_34,female,employed,usable_complete,TRUE,TRUE,32,1,0.85,1,0.6,0.65,0.85,1,0.6,0.8,0.95,0.5,0.7,0.9,0.85,0.95,0.8,0.8,0.7,0.5,0.5,0.8,0.5,0.5,0.5,0.5,0.6,0.5,0.5,0.95,0.5,0.5,0.6
LATAM,2447,WHY_LATAM,LATAM,228,why__606951b5108e90bb25006ce6,why,Investment_Arquetypes_2022,Content_Export_Investment_Arquetypes_2022_full-latin-final.csv,606951b5108e90bb25006ce6,606951b5108e90bb25006ce6,NA,MX,MX,latin_america,25_34,male,unknown,usable_partial,TRUE,TRUE,31,0.57,0.61,0.67,0.5,0.62,0.82,0.5,0.64,0.67,0.78,0.72,0.8,0.68,0.88,0.86,0.7,0.85,0.72,0.73,0.54,0.81,0.5,0.65,0.5,0.75,0.77,0.75,0.5,0.5,0.62,0.5,0.5
LATAM,2448,WHY_LATAM,LATAM,229,why__606b7e82f4b4345be687db39,why,Investment_Arquetypes_2022,Content_Export_Investment_Arquetypes_2022_full-latin-final.csv,606b7e82f4b4345be687db39,606b7e82f4b4345be687db39,NA,CL,CL,latin_america,18_24,male,unemployed,usable_partial,TRUE,TRUE,30,0.78,0.8,0.71,0.5,0.5,0.5,0.5,0.78,0.78,0.87,0.8,0.79,0.74,0.5,0.55,0.75,0.79,0.78,0.5,0.8,0.8,0.5,0.5,0.5,0.79,0.65,0.5,0.5,0.5,0.5,0.5,0.74
LATAM,2449,WHY_LATAM,LATAM,230,why__606b81830eadb0d0bbee2cb9,why,Investment_Arquetypes_2022,Content_Export_Investment_Arquetypes_2022_full-latin-final.csv,606b81830eadb0d0bbee2cb9,606b81830eadb0d0bbee2cb9,NA,CL,CL,latin_america,25_34,male,employed,usable_complete,TRUE,TRUE,32,0.77,0.83,1,0.56,0.8,0.58,0.64,0.64,0.72,0.86,0.76,0.69,0.88,0.57,0.5,0.5,0.76,0.92,0.72,0.72,0.7,0.5,0.5,0.5,0.8,0.57,0.5,0.5,0.5,0.58,0.5,0.5
LATAM,2450,WHY_LATAM,LATAM,231,why__606dfabebad1c5d51d3377af,why,Investment_Arquetypes_2022,Content_Export_Investment_Arquetypes_2022_full-latin-final.csv,606dfabebad1c5d51d3377af,606dfabebad1c5d51d3377af,NA,MX,MX,latin_america,18_24,male,inactive_other,usable_complete,TRUE,TRUE,32,0.59,0.85,0.86,1,0.5,0.5,0.85,0.82,0.95,0.79,0.5,1,0.84,0.5,0.87,0.81,0.83,0.84,0.5,0.5,1,0.5,0.78,0.5,0.5,0.5,0.67,0.5,0.5,0.93,0.5,0.99
LATAM,2451,WHY_LATAM,LATAM,232,why__606f4b9acd95fc629ae9418d,why,Investment_Arquetypes_2022,Content_Export_Investment_Arquetypes_2022_full-latin-final.csv,606f4b9acd95fc629ae9418d,606f4b9acd95fc629ae9418d,NA,MX,MX,latin_america,25_34,female,employed,usable_complete,TRUE,TRUE,32,0.5,0.74,0.5,0.5,0.59,0.5,0.77,0.7,0.54,0.75,0.63,0.69,0.6,0.6,0.63,0.65,0.71,0.5,0.66,0.5,0.81,0.5,0.68,0.5,0.5,0.78,0.5,0.5,0.72,0.5,0.5,0.67
LATAM,2452,WHY_LATAM,LATAM,233,why__607728dc0b4f8590b94ae57c,why,Investment_Arquetypes_2022,Content_Export_Investment_Arquetypes_2022_full-latin-final.csv,607728dc0b4f8590b94ae57c,607728dc0b4f8590b94ae57c,NA,CL,CL,latin_america,25_34,male,employed,usable_complete,TRUE,TRUE,32,0.69,0.72,0.71,0.5,0.5,1,0.6,0.7,0.78,1,0.81,0.84,1,0.72,0.75,0.77,0.79,1,0.86,0.71,0.5,0.5,0.5,0.5,0.5,0.5,0.5,0.5,0.5,0.5,0.5,1
LATAM,2453,WHY_LATAM,LATAM,234,why__607893faf75b80c8b2a14613,why,Investment_Arquetypes_2022,Content_Export_Investment_Arquetypes_2022_full-latin-final.csv,607893faf75b80c8b2a14613,607893faf75b80c8b2a14613,NA,MX,MX,latin_america,25_34,male,employed,usable_complete,TRUE,TRUE,32,0.61,0.84,0.82,0.8,0.75,0.84,0.81,0.94,0.8,0.73,0.95,0.85,0.77,0.85,0.98,0.5,0.85,0.75,0.7,0.74,0.5,0.5,0.91,0.59,0.5,0.93,0.62,0.78,0.5,0.74,0.67,0.68
LATAM,2454,WHY_LATAM,LATAM,235,why__607f85f6c1ea0861504ac890,why,Investment_Arquetypes_2022,Content_Export_Investment_Arquetypes_2022_full-latin-final.csv,607f85f6c1ea0861504ac890,607f85f6c1ea0861504ac890,NA,CL,CL,latin_america,18_24,female,other,usable_complete,TRUE,TRUE,32,0.51,0.56,0.82,0.81,0.78,0.58,0.76,0.81,0.7,1,0.9,0.76,0.55,0.5,0.9,0.81,0.71,0.77,0.5,0.5,0.75,0.75,0.54,0.5,0.8,0.5,0.5,0.5,0.58,0.69,0.5,0.5
LATAM,2455,WHY_LATAM,LATAM,236,why__6088a7e22d5b98ef3f813a22,why,Investment_Arquetypes_2022,Content_Export_Investment_Arquetypes_2022_full-latin-final.csv,6088a7e22d5b98ef3f813a22,6088a7e22d5b98ef3f813a22,NA,CL,CL,latin_america,25_34,female,employed,usable_complete,TRUE,TRUE,32,0.5,0.69,0.79,0.5,0.7,0.5,1,0.55,0.56,1,0.59,1,1,0.9,1,0.64,0.79,0.66,0.5,0.5,0.85,0.5,0.61,0.5,0.82,0.5,0.5,0.5,0.5,0.5,0.5,0.5
LATAM,2456,WHY_LATAM,LATAM,237,why__6089ac272764c3f1d2cbe240,why,Investment_Arquetypes_2022,Content_Export_Investment_Arquetypes_2022_full-latin-final.csv,6089ac272764c3f1d2cbe240,6089ac272764c3f1d2cbe240,NA,CL,CL,latin_america,25_34,male,employed,usable_partial,TRUE,TRUE,31,0.65,0.5,0.6,0.64,0.5,0.51,0.73,0.71,0.5,0.53,0.83,0.87,0.88,0.79,0.76,0.84,0.5,0.69,0.81,0.77,0.84,0.69,0.73,0.52,0.98,0.5,0.5,0.5,0.5,0.5,0.5,0.64
LATAM,2457,WHY_LATAM,LATAM,238,why__608a0607dcbe1181d545c5d2,why,Investment_Arquetypes_2022,Content_Export_Investment_Arquetypes_2022_full-latin-final.csv,608a0607dcbe1181d545c5d2,608a0607dcbe1181d545c5d2,NA,CL,CL,latin_america,18_24,male,unemployed,usable_complete,TRUE,TRUE,32,0.8,0.9,0.6,0.5,0.8,0.95,0.8,0.65,0.7,0.85,0.65,0.7,0.75,0.75,0.75,0.5,0.7,0.75,0.75,0.65,0.8,0.5,0.7,0.5,0.5,0.5,0.5,0.5,0.6,0.5,0.5,0.5
LATAM,2458,WHY_LATAM,LATAM,239,why__608ab8b9eb657a41933a4ec9,why,Investment_Arquetypes_2022,Content_Export_Investment_Arquetypes_2022_full-latin-final.csv,608ab8b9eb657a41933a4ec9,608ab8b9eb657a41933a4ec9,NA,CL,CL,latin_america,25_34,male,employed,usable_complete,TRUE,TRUE,32,0.9,0.62,0.5,0.5,0.57,0.5,0.5,0.8,0.62,0.66,0.64,0.61,0.61,0.74,0.64,0.58,0.5,0.86,0.96,0.71,0.5,0.7,0.5,0.5,0.64,0.66,0.5,0.5,0.5,0.5,0.5,0.5
LATAM,2459,WHY_LATAM,LATAM,240,why__608c44363026c0937939e2a2,why,Investment_Arquetypes_2022,Content_Export_Investment_Arquetypes_2022_full-latin-final.csv,608c44363026c0937939e2a2,608c44363026c0937939e2a2,NA,MX,MX,latin_america,35_44,male,employed,usable_complete,TRUE,TRUE,32,0.8,0.8,0.8,0.8,0.5,0.9,0.5,0.9,0.5,0.7,1,0.7,0.8,0.7,1,0.7,0.8,0.5,0.6,0.7,1,0.5,0.8,0.5,0.5,0.7,0.5,0.5,0.5,0.5,0.5,0.8
LATAM,2460,WHY_LATAM,LATAM,241,why__6091f992461cb242c10d480a,why,Investment_Arquetypes_2022,Content_Export_Investment_Arquetypes_2022_full-latin-final.csv,6091f992461cb242c10d480a,6091f992461cb242c10d480a,NA,CL,CL,latin_america,25_34,male,unemployed,usable_complete,TRUE,TRUE,32,0.7,1,0.8,0.5,0.5,0.7,0.85,0.8,0.7,0.9,0.8,0.65,1,0.5,0.6,0.6,0.6,0.55,0.65,0.65,1,0.65,0.5,0.5,1,0.9,0.55,0.7,0.5,0.5,0.5,0.5
LATAM,2461,WHY_LATAM,LATAM,242,why__60920010e7bfd828a698e5dd,why,Investment_Arquetypes_2022,Content_Export_Investment_Arquetypes_2022_full-latin-final.csv,60920010e7bfd828a698e5dd,60920010e7bfd828a698e5dd,NA,MX,MX,latin_america,18_24,female,unemployed,usable_complete,TRUE,TRUE,32,0.6,0.66,0.55,0.6,0.67,0.6,0.5,1,0.75,0.65,0.5,0.71,0.76,0.65,0.7,0.65,0.73,0.65,0.6,0.61,0.55,0.55,0.5,0.5,0.5,0.5,0.5,0.5,0.5,0.5,0.5,0.5
LATAM,2462,WHY_LATAM,LATAM,243,why__609228e91a85cc5c8908fbd7,why,Investment_Arquetypes_2022,Content_Export_Investment_Arquetypes_2022_full-latin-final.csv,609228e91a85cc5c8908fbd7,609228e91a85cc5c8908fbd7,NA,MX,MX,latin_america,25_34,female,unknown,usable_complete,TRUE,TRUE,32,0.82,0.9,0.73,0.5,1,0.7,0.5,0.5,1,0.85,0.67,0.62,1,0.5,0.5,0.5,0.82,0.58,0.8,0.62,0.72,0.5,0.5,0.5,1,0.5,0.5,0.5,0.5,0.5,0.5,0.67
LATAM,2463,WHY_LATAM,LATAM,244,why__6092d3d5d250e90206fdc4ee,why,Investment_Arquetypes_2022,Content_Export_Investment_Arquetypes_2022_full-latin-final.csv,6092d3d5d250e90206fdc4ee,6092d3d5d250e90206fdc4ee,NA,MX,MX,latin_america,25_34,male,employed,usable_complete,TRUE,TRUE,32,0.95,0.79,0.8,0.7,0.7,0.8,0.65,0.9,0.55,0.9,1,0.85,0.75,0.9,0.8,0.8,0.8,0.8,0.7,0.75,1,0.5,0.6,0.5,0.5,0.5,0.55,0.5,0.5,0.5,0.5,0.65
LATAM,2464,WHY_LATAM,LATAM,245,why__609337515bc9469811c3486c,why,Investment_Arquetypes_2022,Content_Export_Investment_Arquetypes_2022_full-latin-final.csv,609337515bc9469811c3486c,609337515bc9469811c3486c,NA,MX,MX,latin_america,18_24,male,employed,usable_complete,TRUE,TRUE,32,0.5,0.63,0.61,0.6,0.65,0.6,0.73,0.91,0.55,0.78,0.89,0.68,0.62,0.6,0.8,0.65,0.5,0.64,0.72,0.59,0.75,0.55,0.5,0.5,0.58,0.69,0.59,0.5,0.61,0.5,0.5,0.59
LATAM,2465,WHY_LATAM,LATAM,246,why__6094826e671b82491db1a546,why,Investment_Arquetypes_2022,Content_Export_Investment_Arquetypes_2022_full-latin-final.csv,6094826e671b82491db1a546,6094826e671b82491db1a546,NA,MX,MX,latin_america,25_34,male,employed,usable_complete,TRUE,TRUE,32,1,1,0.5,0.5,0.5,0.7,0.5,0.7,0.5,1,0.5,1,1,1,1,1,1,0.5,1,1,0.5,0.5,0.5,0.5,0.5,0.5,0.8,0.5,0.5,0.5,0.5,0.8
LATAM,2466,WHY_LATAM,LATAM,247,why__6095b0ccd8d9796fb38a3008,why,Investment_Arquetypes_2022,Content_Export_Investment_Arquetypes_2022_full-latin-final.csv,6095b0ccd8d9796fb38a3008,6095b0ccd8d9796fb38a3008,NA,MX,MX,latin_america,25_34,male,unknown,usable_complete,TRUE,TRUE,32,0.71,0.72,0.82,0.51,0.5,0.66,0.5,0.82,1,0.98,1,0.5,0.5,0.5,0.71,1,0.78,0.74,1,0.69,0.5,0.5,0.5,0.5,0.62,0.5,0.67,0.5,0.7,0.5,0.5,0.5
LATAM,2467,WHY_LATAM,LATAM,248,why__609d94f365954bbfe7d4f58b,why,Investment_Arquetypes_2022,Content_Export_Investment_Arquetypes_2022_full-latin-final.csv,609d94f365954bbfe7d4f58b,609d94f365954bbfe7d4f58b,NA,MX,MX,latin_america,18_24,female,unemployed,usable_complete,TRUE,TRUE,32,1,0.68,0.8,0.5,0.8,0.82,0.5,0.85,0.75,0.6,0.7,0.65,0.7,0.65,0.99,0.5,0.7,0.65,0.6,0.5,0.6,0.7,0.5,0.5,0.5,0.7,0.52,0.5,0.5,0.5,0.5,0.8
LATAM,2468,WHY_LATAM,LATAM,249,why__609f5ba0bfd65d108b03e9f7,why,Investment_Arquetypes_2022,Content_Export_Investment_Arquetypes_2022_full-latin-final.csv,609f5ba0bfd65d108b03e9f7,609f5ba0bfd65d108b03e9f7,NA,MX,MX,latin_america,25_34,male,employed,usable_complete,TRUE,TRUE,32,0.6,0.64,0.68,0.6,0.7,0.54,0.5,0.61,0.57,0.5,0.54,0.65,0.65,0.5,0.6,0.5,0.56,0.5,0.63,0.63,0.68,0.5,0.7,0.5,0.5,0.61,0.5,0.5,0.5,0.56,0.5,0.5
LATAM,2469,WHY_LATAM,LATAM,250,why__60a44c957e0ec788592b37f2,why,Investment_Arquetypes_2022,Content_Export_Investment_Arquetypes_2022_full-latin-final.csv,60a44c957e0ec788592b37f2,60a44c957e0ec788592b37f2,NA,MX,MX,latin_america,25_34,female,employed,usable_complete,TRUE,TRUE,32,0.79,0.89,0.75,0.96,0.5,0.5,0.88,1,1,1,0.66,0.97,1,0.5,0.69,0.89,0.71,1,1,1,1,0.95,0.95,0.86,1,0.5,0.5,0.5,0.66,0.5,0.5,0.87
LATAM,2470,WHY_LATAM,LATAM,251,why__60a5901425095c11b3e716f9,why,Investment_Arquetypes_2022,Content_Export_Investment_Arquetypes_2022_full-latin-final.csv,60a5901425095c11b3e716f9,60a5901425095c11b3e716f9,NA,MX,MX,latin_america,18_24,female,employed,usable_partial,TRUE,TRUE,30,0.56,0.67,0.5,0.59,0.5,0.57,0.57,0.56,0.56,0.72,0.64,0.56,0.65,0.61,0.68,0.5,0.54,0.5,0.6,0.65,0.59,0.5,0.53,0.5,0.5,0.5,0.6,0.5,0.5,0.58,0.5,0.72
LATAM,2471,WHY_LATAM,LATAM,252,why__60a6aac9fa721129536f77b9,why,Investment_Arquetypes_2022,Content_Export_Investment_Arquetypes_2022_full-latin-final.csv,60a6aac9fa721129536f77b9,60a6aac9fa721129536f77b9,NA,CL,CL,latin_america,18_24,male,employed,usable_partial,TRUE,TRUE,31,1,0.75,0.6,0.7,0.5,0.5,1,1,0.75,1,0.7,0.6,0.65,0.5,1,0.5,0.75,0.5,1,0.75,1,0.5,0.5,0.5,0.5,0.75,0.5,0.5,0.5,0.5,0.5,0.6
LATAM,2472,WHY_LATAM,LATAM,253,why__60afddbaab9ad3e949ac0114,why,Investment_Arquetypes_2022,Content_Export_Investment_Arquetypes_2022_full-latin-final.csv,60afddbaab9ad3e949ac0114,60afddbaab9ad3e949ac0114,NA,MX,MX,latin_america,18_24,female,unemployed,usable_complete,TRUE,TRUE,32,0.64,0.63,0.67,0.64,0.5,0.5,0.69,0.65,0.56,0.68,0.5,0.74,0.7,0.67,0.63,0.76,0.65,0.64,0.6,0.5,0.79,0.68,0.68,0.5,0.5,0.71,0.68,0.5,0.5,0.5,0.5,0.7
LATAM,2473,WHY_LATAM,LATAM,254,why__60bac97a546a9c355c1532ba,why,Investment_Arquetypes_2022,Content_Export_Investment_Arquetypes_2022_full-latin-final.csv,60bac97a546a9c355c1532ba,60bac97a546a9c355c1532ba,NA,MX,MX,latin_america,25_34,female,employed,usable_complete,TRUE,TRUE,32,0.95,0.6,0.5,0.5,0.65,0.5,0.8,0.5,0.8,0.95,1,0.65,0.9,0.7,1,0.7,0.6,0.7,0.8,0.85,0.9,0.5,0.5,0.5,0.5,0.6,0.5,0.5,0.5,0.5,0.5,0.8
LATAM,2474,WHY_LATAM,LATAM,255,why__60be6636641f651607257372,why,Investment_Arquetypes_2022,Content_Export_Investment_Arquetypes_2022_full-latin-final.csv,60be6636641f651607257372,60be6636641f651607257372,NA,MX,MX,latin_america,25_34,female,employed,usable_complete,TRUE,TRUE,32,0.6,1,0.6,0.6,0.7,0.55,0.5,0.55,0.5,0.65,0.8,0.7,0.6,0.5,0.5,0.5,0.5,0.5,0.5,0.5,0.8,0.5,0.5,0.5,0.5,0.5,0.5,0.5,0.5,0.5,0.5,0.5
LATAM,2475,WHY_LATAM,LATAM,256,why__60c013416fb774165eb9d00b,why,Investment_Arquetypes_2022,Content_Export_Investment_Arquetypes_2022_full-latin-final.csv,60c013416fb774165eb9d00b,60c013416fb774165eb9d00b,NA,MX,MX,latin_america,25_34,male,unemployed,usable_complete,TRUE,TRUE,32,0.56,0.78,0.87,0.91,0.82,0.8,1,0.93,0.9,0.9,0.74,0.87,0.77,0.83,0.8,0.82,0.94,0.77,0.9,0.88,0.9,0.59,0.57,0.5,0.61,0.9,0.65,0.5,0.65,0.77,0.5,0.9
LATAM,2476,WHY_LATAM,LATAM,257,why__60c03680dc5dfe4723659602,why,Investment_Arquetypes_2022,Content_Export_Investment_Arquetypes_2022_full-latin-final.csv,60c03680dc5dfe4723659602,60c03680dc5dfe4723659602,NA,MX,MX,latin_america,18_24,male,other,usable_complete,TRUE,TRUE,32,0.86,1,0.66,0.73,0.83,0.5,0.69,0.5,0.69,0.86,0.5,0.84,0.76,0.57,0.71,0.91,0.58,0.9,0.58,0.5,0.82,0.66,0.66,0.5,0.5,0.5,0.69,0.5,0.5,0.9,0.61,0.72
LATAM,2477,WHY_LATAM,LATAM,258,why__60c0fe89173c2b1f4fe2c578,why,Investment_Arquetypes_2022,Content_Export_Investment_Arquetypes_2022_full-latin-final.csv,60c0fe89173c2b1f4fe2c578,60c0fe89173c2b1f4fe2c578,NA,MX,MX,latin_america,25_34,male,employed,usable_complete,TRUE,TRUE,32,0.9,0.95,0.85,0.9,0.8,1,1,1,1,0.9,0.9,1,0.9,1,1,0.9,0.7,1,1,0.9,1,0.9,1,0.5,0.9,0.8,1,0.5,0.5,0.8,0.5,0.8
LATAM,2478,WHY_LATAM,LATAM,259,why__60c11517da9e1fd6d9a22339,why,Investment_Arquetypes_2022,Content_Export_Investment_Arquetypes_2022_full-latin-final.csv,60c11517da9e1fd6d9a22339,60c11517da9e1fd6d9a22339,NA,MX,MX,latin_america,18_24,female,unemployed,usable_complete,TRUE,TRUE,32,0.87,0.76,0.68,0.5,0.83,0.5,0.5,0.78,0.8,0.76,0.78,0.62,0.82,0.5,0.76,0.69,0.79,0.71,0.5,0.76,0.69,0.5,0.81,0.5,0.72,0.72,0.5,0.5,0.5,0.5,0.5,0.55
LATAM,2479,WHY_LATAM,LATAM,260,why__60c6750fe6a26efa6c3c34b2,why,Investment_Arquetypes_2022,Content_Export_Investment_Arquetypes_2022_full-latin-final.csv,60c6750fe6a26efa6c3c34b2,60c6750fe6a26efa6c3c34b2,NA,CL,CL,latin_america,18_24,male,unemployed,usable_complete,TRUE,TRUE,32,0.75,0.68,0.5,0.58,0.74,0.56,0.64,0.9,0.62,0.6,0.58,0.57,0.6,0.54,0.62,0.62,0.73,0.68,0.68,0.77,0.71,0.54,0.67,0.5,0.64,0.63,0.5,0.5,0.52,0.55,0.5,0.6
LATAM,2480,WHY_LATAM,LATAM,261,why__60ce479746ed85fb4cea5ada,why,Investment_Arquetypes_2022,Content_Export_Investment_Arquetypes_2022_full-latin-final.csv,60ce479746ed85fb4cea5ada,60ce479746ed85fb4cea5ada,NA,MX,MX,latin_america,25_34,male,employed,usable_complete,TRUE,TRUE,32,0.57,0.6,0.56,0.68,0.69,0.62,0.68,0.5,0.5,0.5,0.5,0.5,0.5,0.5,0.5,0.64,0.5,0.69,0.88,0.62,0.62,0.5,0.59,0.5,0.63,0.71,0.62,0.65,0.5,0.59,0.63,0.77
LATAM,2481,WHY_LATAM,LATAM,262,why__60d22bc88de159abc53b09ed,why,Investment_Arquetypes_2022,Content_Export_Investment_Arquetypes_2022_full-latin-final.csv,60d22bc88de159abc53b09ed,60d22bc88de159abc53b09ed,NA,MX,MX,latin_america,18_24,female,unemployed,usable_complete,TRUE,TRUE,32,0.7,1,0.6,0.5,0.5,1,0.65,1,0.65,1,1,1,0.8,0.6,0.7,0.6,0.96,0.9,0.6,0.5,0.94,0.65,0.64,0.5,0.7,0.5,0.5,0.5,0.5,0.5,0.5,0.5
LATAM,2482,WHY_LATAM,LATAM,263,why__60d8bd97181ab5cae30eb0f0,why,Investment_Arquetypes_2022,Content_Export_Investment_Arquetypes_2022_full-latin-final.csv,60d8bd97181ab5cae30eb0f0,60d8bd97181ab5cae30eb0f0,NA,MX,MX,latin_america,25_34,male,employed,usable_complete,TRUE,TRUE,32,0.8,0.9,0.7,0.5,0.8,0.5,0.5,0.8,0.9,0.9,0.6,0.8,0.5,0.5,0.8,0.5,0.6,0.9,0.9,0.9,0.6,0.6,0.5,0.5,0.7,0.5,0.5,0.5,0.5,0.5,0.5,0.5
LATAM,2483,WHY_LATAM,LATAM,264,why__60d8cdd710e344ca903e134d,why,Investment_Arquetypes_2022,Content_Export_Investment_Arquetypes_2022_full-latin-final.csv,60d8cdd710e344ca903e134d,60d8cdd710e344ca903e134d,NA,CL,CL,latin_america,45_54,female,employed,usable_complete,TRUE,TRUE,32,0.87,0.85,0.77,0.5,0.89,0.78,1,0.5,0.69,0.81,0.74,0.79,0.79,0.81,0.74,0.89,0.71,0.5,0.68,0.5,0.5,0.5,0.5,0.5,0.79,1,0.5,0.5,0.5,0.55,0.5,0.5
LATAM,2484,WHY_LATAM,LATAM,265,why__60da8e97af0a0080c3151b97,why,Investment_Arquetypes_2022,Content_Export_Investment_Arquetypes_2022_full-latin-final.csv,60da8e97af0a0080c3151b97,60da8e97af0a0080c3151b97,NA,MX,MX,latin_america,25_34,female,employed,usable_complete,TRUE,TRUE,32,0.85,1,0.55,0.84,0.75,0.56,0.57,0.8,0.5,0.85,0.75,0.71,0.9,0.51,0.81,0.7,1,0.69,0.6,0.55,0.5,0.5,0.75,0.5,0.5,0.5,0.55,0.5,0.5,0.5,0.5,0.6
LATAM,2485,WHY_LATAM,LATAM,266,why__60dec770e794837d68214ae1,why,Investment_Arquetypes_2022,Content_Export_Investment_Arquetypes_2022_full-latin-final.csv,60dec770e794837d68214ae1,60dec770e794837d68214ae1,NA,MX,MX,latin_america,25_34,male,unknown,usable_complete,TRUE,TRUE,32,0.65,0.7,0.65,0.75,0.75,0.7,0.7,0.9,0.7,1,0.9,0.9,0.85,0.7,0.8,0.85,0.75,0.7,0.8,0.7,0.85,0.5,0.7,0.5,0.65,0.5,0.65,0.5,0.5,0.5,0.5,0.65
LATAM,2486,WHY_LATAM,LATAM,267,why__60e0d0e810dc0d3c0eb7ea90,why,Investment_Arquetypes_2022,Content_Export_Investment_Arquetypes_2022_full-latin-final.csv,60e0d0e810dc0d3c0eb7ea90,60e0d0e810dc0d3c0eb7ea90,NA,MX,MX,latin_america,25_34,male,unemployed,usable_complete,TRUE,TRUE,32,0.6,1,0.95,0.8,0.65,0.7,0.8,1,1,0.85,0.8,0.9,0.9,0.75,1,0.9,0.8,0.8,0.7,0.7,0.65,0.5,0.7,0.5,0.65,0.65,0.6,0.5,0.65,0.5,0.5,0.65
LATAM,2487,WHY_LATAM,LATAM,268,why__60e4a5d4b0e40567e60146e4,why,Investment_Arquetypes_2022,Content_Export_Investment_Arquetypes_2022_full-latin-final.csv,60e4a5d4b0e40567e60146e4,60e4a5d4b0e40567e60146e4,NA,MX,MX,latin_america,25_34,male,other,usable_complete,TRUE,TRUE,32,0.5,0.75,0.55,0.5,0.5,0.5,0.5,0.6,0.7,0.55,0.7,0.85,0.5,0.5,0.8,0.5,0.65,0.65,0.65,0.6,0.75,0.5,0.5,0.5,0.5,0.5,0.6,0.5,0.5,0.5,0.5,0.65
LATAM,2488,WHY_LATAM,LATAM,269,why__60ec89e673f5c04e5f9eb56d,why,Investment_Arquetypes_2022,Content_Export_Investment_Arquetypes_2022_full-latin-final.csv,60ec89e673f5c04e5f9eb56d,60ec89e673f5c04e5f9eb56d,NA,MX,MX,latin_america,18_24,female,unemployed,usable_partial,TRUE,TRUE,29,0.64,0.8,0.5,0.51,0.5,0.5,0.9,0.5,0.69,0.94,1,0.64,0.8,0.83,0.7,0.5,0.75,0.83,0.71,0.5,0.92,0.5,0.5,0.5,0.68,0.5,0.5,0.5,0.5,0.5,0.5,0.5
LATAM,2489,WHY_LATAM,LATAM,270,why__60ee43925fe84147c9651df4,why,Investment_Arquetypes_2022,Content_Export_Investment_Arquetypes_2022_full-latin-final.csv,60ee43925fe84147c9651df4,60ee43925fe84147c9651df4,NA,MX,MX,latin_america,25_34,male,employed,usable_partial,TRUE,TRUE,31,1,0.61,0.75,0.62,1,0.57,1,0.81,1,1,1,0.9,0.73,0.5,0.72,0.5,1,0.78,0.89,0.7,0.75,0.69,0.62,0.5,0.77,0.82,0.8,0.5,0.65,0.81,0.5,0.68
LATAM,2490,WHY_LATAM,LATAM,271,why__60f75f26e3288c527b677c7c,why,Investment_Arquetypes_2022,Content_Export_Investment_Arquetypes_2022_full-latin-final.csv,60f75f26e3288c527b677c7c,60f75f26e3288c527b677c7c,NA,MX,MX,latin_america,35_44,female,employed,usable_complete,TRUE,TRUE,32,0.5,0.72,0.66,0.78,0.85,0.5,0.5,0.69,1,0.6,0.63,0.73,0.6,0.5,1,0.82,0.63,0.62,0.72,0.85,0.5,0.61,0.83,0.62,0.62,0.5,0.89,0.61,0.81,0.5,0.65,1
LATAM,2491,WHY_LATAM,LATAM,272,why__60fb690497b26a3c1c6b8c0b,why,Investment_Arquetypes_2022,Content_Export_Investment_Arquetypes_2022_full-latin-final.csv,60fb690497b26a3c1c6b8c0b,60fb690497b26a3c1c6b8c0b,NA,MX,MX,latin_america,25_34,male,employed,usable_complete,TRUE,TRUE,32,1,0.9,0.6,0.58,0.9,0.5,0.5,0.77,0.5,0.86,0.56,0.56,0.85,0.73,0.73,0.74,0.7,0.92,0.88,0.5,0.5,0.5,0.5,0.5,0.5,0.6,0.5,0.6,0.5,0.5,0.5,0.5
LATAM,2492,WHY_LATAM,LATAM,273,why__60fd0f49858465796afd5da9,why,Investment_Arquetypes_2022,Content_Export_Investment_Arquetypes_2022_full-latin-final.csv,60fd0f49858465796afd5da9,60fd0f49858465796afd5da9,NA,MX,MX,latin_america,18_24,female,unemployed,usable_complete,TRUE,TRUE,32,0.5,0.69,0.5,0.51,0.61,0.55,0.58,0.57,0.61,1,1,0.84,0.61,0.7,0.74,0.77,0.7,0.5,0.85,0.62,0.71,0.5,0.5,0.5,1,0.5,0.5,0.5,0.5,0.5,0.5,0.77
LATAM,2493,WHY_LATAM,LATAM,274,why__60fe3e26a879a19576567a34,why,Investment_Arquetypes_2022,Content_Export_Investment_Arquetypes_2022_full-latin-final.csv,60fe3e26a879a19576567a34,60fe3e26a879a19576567a34,NA,MX,MX,latin_america,18_24,male,unemployed,usable_complete,TRUE,TRUE,32,0.72,1,0.74,0.5,0.5,0.5,0.5,0.67,0.52,0.61,0.81,0.71,0.73,0.5,0.76,0.74,0.8,0.55,0.79,0.8,0.57,0.5,0.5,0.5,0.5,0.5,0.71,0.66,0.5,0.5,0.5,0.81
LATAM,2494,WHY_LATAM,LATAM,275,why__60fef403b3b6d8b4cbfa281a,why,Investment_Arquetypes_2022,Content_Export_Investment_Arquetypes_2022_full-latin-final.csv,60fef403b3b6d8b4cbfa281a,60fef403b3b6d8b4cbfa281a,NA,MX,MX,latin_america,35_44,male,employed,usable_complete,TRUE,TRUE,32,0.79,0.58,0.59,0.54,0.78,0.6,0.59,0.62,0.7,0.72,0.5,0.8,0.59,0.67,0.82,0.6,0.85,0.66,0.74,0.63,0.59,0.77,0.59,0.5,0.54,0.56,0.5,0.5,0.68,0.5,0.5,0.61
LATAM,2495,WHY_LATAM,LATAM,276,why__610196bd5cf1346341fbaf3f,why,Investment_Arquetypes_2022,Content_Export_Investment_Arquetypes_2022_full-latin-final.csv,610196bd5cf1346341fbaf3f,610196bd5cf1346341fbaf3f,NA,MX,MX,latin_america,35_44,female,employed,usable_complete,TRUE,TRUE,32,0.8,1,0.5,0.5,0.5,0.5,0.5,0.8,0.5,0.75,1,1,0.5,0.5,1,0.5,0.99,0.6,1,0.99,1,0.5,0.5,0.5,0.7,0.5,0.5,0.7,0.5,0.5,0.5,0.5
LATAM,2496,WHY_LATAM,LATAM,277,why__61026b6b389c99fba84cb5ed,why,Investment_Arquetypes_2022,Content_Export_Investment_Arquetypes_2022_full-latin-final.csv,61026b6b389c99fba84cb5ed,61026b6b389c99fba84cb5ed,NA,MX,MX,latin_america,25_34,male,employed,usable_complete,TRUE,TRUE,32,0.81,1,1,0.56,1,0.6,0.65,0.57,1,0.96,1,0.85,1,0.55,0.79,0.79,1,0.92,1,0.78,0.76,0.8,0.59,0.5,0.85,0.87,0.75,0.59,0.5,0.5,0.5,0.89
LATAM,2497,WHY_LATAM,LATAM,278,why__61031208cc28d6842ef6fe4c,why,Investment_Arquetypes_2022,Content_Export_Investment_Arquetypes_2022_full-latin-final.csv,61031208cc28d6842ef6fe4c,61031208cc28d6842ef6fe4c,NA,MX,MX,latin_america,25_34,female,employed,usable_complete,TRUE,TRUE,32,0.5,0.6,0.5,0.8,0.5,1,0.6,1,0.6,0.89,1,0.8,0.5,0.8,0.8,0.7,0.9,0.5,0.5,0.5,0.5,0.5,1,0.5,0.7,0.5,0.5,0.5,0.5,0.5,0.5,0.5
LATAM,2498,WHY_LATAM,LATAM,279,why__6106ce151a47f7b687062eea,why,Investment_Arquetypes_2022,Content_Export_Investment_Arquetypes_2022_full-latin-final.csv,6106ce151a47f7b687062eea,6106ce151a47f7b687062eea,NA,CL,CL,latin_america,18_24,female,unemployed,usable_complete,TRUE,TRUE,32,0.63,0.76,0.5,0.5,0.73,0.7,0.5,0.88,0.76,0.82,0.88,0.5,0.87,0.5,0.61,0.69,0.65,0.69,0.68,0.72,0.61,0.5,0.5,0.76,0.65,0.74,0.83,0.5,0.73,0.53,0.5,0.5
LATAM,2499,WHY_LATAM,LATAM,280,why__6106eefd02a24910712c201b,why,Investment_Arquetypes_2022,Content_Export_Investment_Arquetypes_2022_full-latin-final.csv,6106eefd02a24910712c201b,6106eefd02a24910712c201b,NA,MX,MX,latin_america,35_44,female,employed,usable_complete,TRUE,TRUE,32,1,1,1,0.5,0.5,0.5,0.57,0.5,1,1,1,1,0.5,0.5,1,0.5,0.7,0.76,1,1,1,0.5,0.5,0.5,0.5,0.5,0.5,0.5,0.9,0.5,0.5,0.7
LATAM,2500,WHY_LATAM,LATAM,281,why__61072008afab8ff879523854,why,Investment_Arquetypes_2022,Content_Export_Investment_Arquetypes_2022_full-latin-final.csv,61072008afab8ff879523854,61072008afab8ff879523854,NA,MX,MX,latin_america,18_24,female,unemployed,usable_partial,TRUE,TRUE,31,0.85,0.6,0.65,0.5,0.5,0.85,0.75,0.75,0.75,0.85,0.8,0.7,0.9,0.75,0.9,0.75,0.64,0.85,0.75,0.65,0.65,0.5,0.65,0.5,0.7,0.6,0.5,0.5,0.5,0.5,0.5,0.75
LATAM,2501,WHY_LATAM,LATAM,282,why__61073e6d38111b5924507b77,why,Investment_Arquetypes_2022,Content_Export_Investment_Arquetypes_2022_full-latin-final.csv,61073e6d38111b5924507b77,61073e6d38111b5924507b77,NA,MX,MX,latin_america,25_34,female,employed,usable_complete,TRUE,TRUE,32,0.7,0.81,0.53,0.95,0.82,0.5,0.68,1,0.9,0.9,1,0.95,0.6,0.5,1,0.9,0.5,0.95,1,0.81,0.8,0.5,0.5,0.6,0.5,0.58,0.61,0.5,0.5,0.65,0.5,0.9
LATAM,2502,WHY_LATAM,LATAM,283,why__61075b217ce52432867755f1,why,Investment_Arquetypes_2022,Content_Export_Investment_Arquetypes_2022_full-latin-final.csv,61075b217ce52432867755f1,61075b217ce52432867755f1,NA,MX,MX,latin_america,18_24,female,employed,usable_partial,TRUE,TRUE,31,0.74,0.86,0.73,0.5,0.5,0.64,0.85,0.61,0.9,0.8,0.63,0.79,0.62,0.5,0.9,0.87,0.5,0.67,0.76,0.69,0.72,0.74,0.55,0.63,0.82,0.5,0.7,0.5,0.67,0.61,0.5,0.99
LATAM,2503,WHY_LATAM,LATAM,284,why__6108139e89cc5e0bcc998019,why,Investment_Arquetypes_2022,Content_Export_Investment_Arquetypes_2022_full-latin-final.csv,6108139e89cc5e0bcc998019,6108139e89cc5e0bcc998019,NA,MX,MX,latin_america,18_24,female,employed,usable_complete,TRUE,TRUE,32,1,0.75,1,0.57,0.55,0.5,0.5,0.5,0.67,1,1,1,1,0.54,0.91,0.67,0.81,0.5,0.65,0.5,0.77,0.5,0.5,0.5,0.5,0.5,0.5,0.5,0.5,0.5,0.5,0.72
LATAM,2504,WHY_LATAM,LATAM,285,why__6109c5233b59821598097fe2,why,Investment_Arquetypes_2022,Content_Export_Investment_Arquetypes_2022_full-latin-final.csv,6109c5233b59821598097fe2,6109c5233b59821598097fe2,NA,MX,MX,latin_america,18_24,female,employed,usable_complete,TRUE,TRUE,32,0.5,0.76,0.88,0.85,0.82,0.89,0.72,0.69,0.84,0.8,0.82,0.88,0.79,0.76,0.87,0.88,0.83,0.83,0.91,0.78,0.8,0.82,0.83,0.83,1,0.82,0.86,0.5,0.88,0.81,0.5,0.76
LATAM,2505,WHY_LATAM,LATAM,286,why__6109d2c5525e33fb9443d3a7,why,Investment_Arquetypes_2022,Content_Export_Investment_Arquetypes_2022_full-latin-final.csv,6109d2c5525e33fb9443d3a7,6109d2c5525e33fb9443d3a7,NA,CL,CL,latin_america,18_24,female,other,usable_complete,TRUE,TRUE,32,0.5,0.7,0.5,0.75,0.5,0.7,0.6,0.65,0.5,0.6,0.5,0.55,0.9,0.65,0.7,0.8,0.5,0.5,0.55,0.5,0.5,0.55,0.5,0.5,0.5,0.5,0.5,0.5,0.5,0.5,0.5,0.7
LATAM,2506,WHY_LATAM,LATAM,287,why__610afdfedb8325ac8a155d00,why,Investment_Arquetypes_2022,Content_Export_Investment_Arquetypes_2022_full-latin-final.csv,610afdfedb8325ac8a155d00,610afdfedb8325ac8a155d00,NA,MX,MX,latin_america,25_34,female,employed,usable_complete,TRUE,TRUE,32,0.81,0.84,0.6,0.5,0.5,0.5,0.6,0.5,1,0.74,0.75,0.9,0.6,0.5,1,0.66,0.68,0.78,0.53,0.74,0.5,0.5,0.5,0.5,0.5,0.5,0.56,0.76,0.5,0.75,0.5,0.5
LATAM,2507,WHY_LATAM,LATAM,288,why__610b0e8c8cd09a0c933773e6,why,Investment_Arquetypes_2022,Content_Export_Investment_Arquetypes_2022_full-latin-final.csv,610b0e8c8cd09a0c933773e6,610b0e8c8cd09a0c933773e6,NA,MX,MX,latin_america,18_24,female,other,usable_complete,TRUE,TRUE,32,0.57,0.72,0.5,0.5,0.6,0.5,0.5,0.5,0.79,0.6,0.79,1,0.68,0.5,1,0.55,1,0.5,0.8,0.73,1,0.58,0.5,0.59,0.5,0.5,0.97,0.5,0.5,0.5,0.5,1
LATAM,2508,WHY_LATAM,LATAM,289,why__610d727f9af382a6093f2a1f,why,Investment_Arquetypes_2022,Content_Export_Investment_Arquetypes_2022_full-latin-final.csv,610d727f9af382a6093f2a1f,610d727f9af382a6093f2a1f,NA,MX,MX,latin_america,18_24,male,unknown,usable_partial,TRUE,TRUE,31,0.85,0.85,0.65,0.7,0.9,0.5,0.8,0.65,0.5,0.9,0.7,0.7,1,0.5,0.7,0.5,0.75,0.75,0.75,0.6,0.5,0.5,0.55,0.5,0.55,0.5,0.5,0.5,0.55,0.5,0.5,0.6
LATAM,2509,WHY_LATAM,LATAM,290,why__611154c1278503776878d3ae,why,Investment_Arquetypes_2022,Content_Export_Investment_Arquetypes_2022_full-latin-final.csv,611154c1278503776878d3ae,611154c1278503776878d3ae,NA,MX,MX,latin_america,18_24,female,unknown,usable_partial,TRUE,TRUE,30,0.7,0.84,0.88,0.65,0.5,0.6,0.7,0.61,0.8,0.9,0.9,0.66,0.8,0.7,0.8,0.62,0.94,0.75,0.78,0.68,0.83,0.5,0.58,0.57,0.5,0.5,0.5,0.84,0.5,0.58,0.5,0.7
LATAM,2510,WHY_LATAM,LATAM,291,why__611176867427ad420f7f9c6f,why,Investment_Arquetypes_2022,Content_Export_Investment_Arquetypes_2022_full-latin-final.csv,611176867427ad420f7f9c6f,611176867427ad420f7f9c6f,NA,MX,MX,latin_america,25_34,female,employed,usable_complete,TRUE,TRUE,32,0.75,0.85,0.75,1,1,1,1,0.5,0.5,1,1,0.9,0.9,1,0.6,0.7,0.9,0.9,0.52,0.5,1,0.55,1,0.5,1,0.5,0.5,0.5,0.5,0.5,0.5,0.5
LATAM,2511,WHY_LATAM,LATAM,292,why__6112c8ac433bc260943bb75e,why,Investment_Arquetypes_2022,Content_Export_Investment_Arquetypes_2022_full-latin-final.csv,6112c8ac433bc260943bb75e,6112c8ac433bc260943bb75e,NA,MX,MX,latin_america,18_24,female,employed,usable_complete,TRUE,TRUE,32,0.56,0.82,0.93,0.5,0.5,0.6,0.73,0.5,0.52,0.83,0.75,0.61,1,0.61,0.77,0.5,0.75,0.67,0.61,0.57,0.88,0.78,0.61,0.5,0.5,0.62,0.5,0.5,0.5,0.5,0.5,0.56
LATAM,2512,WHY_LATAM,LATAM,293,why__61144c403a9f41dcb4acc040,why,Investment_Arquetypes_2022,Content_Export_Investment_Arquetypes_2022_full-latin-final.csv,61144c403a9f41dcb4acc040,61144c403a9f41dcb4acc040,NA,MX,MX,latin_america,25_34,male,employed,usable_complete,TRUE,TRUE,32,0.7,0.8,0.7,0.6,0.5,0.5,0.5,0.6,0.7,0.9,0.75,1,1,0.5,1,0.85,0.6,0.8,0.8,1,0.7,0.7,0.5,0.5,0.7,0.89,0.5,0.5,0.6,0.5,0.5,0.7
LATAM,2513,WHY_LATAM,LATAM,294,why__61145b698b354d688c2af144,why,Investment_Arquetypes_2022,Content_Export_Investment_Arquetypes_2022_full-latin-final.csv,61145b698b354d688c2af144,61145b698b354d688c2af144,NA,MX,MX,latin_america,18_24,female,employed,usable_complete,TRUE,TRUE,32,0.58,1,1,0.7,0.8,0.77,0.93,1,0.87,0.72,1,1,0.76,0.82,0.65,1,0.86,0.79,0.81,0.67,0.63,0.76,0.5,0.5,0.79,0.68,0.5,0.8,0.8,0.5,0.5,0.7
LATAM,2514,WHY_LATAM,LATAM,295,why__6117d8abca38886e66f7f900,why,Investment_Arquetypes_2022,Content_Export_Investment_Arquetypes_2022_full-latin-final.csv,6117d8abca38886e66f7f900,6117d8abca38886e66f7f900,NA,MX,MX,latin_america,25_34,female,employed,usable_complete,TRUE,TRUE,32,0.53,0.56,0.64,0.5,0.5,0.5,0.59,0.5,0.5,0.9,0.5,0.83,0.72,0.53,0.78,0.65,0.79,0.79,0.65,0.76,0.83,0.5,0.5,0.5,0.5,1,0.53,0.5,0.5,0.5,0.5,0.5
LATAM,2515,WHY_LATAM,LATAM,296,why__611e8be405de1e23f7232157,why,Investment_Arquetypes_2022,Content_Export_Investment_Arquetypes_2022_full-latin-final.csv,611e8be405de1e23f7232157,611e8be405de1e23f7232157,NA,MX,MX,latin_america,35_44,male,employed,usable_complete,TRUE,TRUE,32,1,0.84,0.9,0.79,0.5,0.79,0.77,0.71,0.5,0.82,0.91,0.68,0.77,0.76,0.8,1,0.74,0.78,0.78,0.73,0.81,0.5,0.5,0.5,0.57,0.94,0.67,0.68,0.5,0.84,0.5,0.89
LATAM,2516,WHY_LATAM,LATAM,297,why__611e90806f7fc1bb0bfa9b7c,why,Investment_Arquetypes_2022,Content_Export_Investment_Arquetypes_2022_full-latin-final.csv,611e90806f7fc1bb0bfa9b7c,611e90806f7fc1bb0bfa9b7c,NA,MX,MX,latin_america,25_34,female,employed,usable_complete,TRUE,TRUE,32,0.5,1,0.5,0.5,0.5,0.62,0.64,0.76,0.5,0.69,0.64,0.65,0.7,0.67,0.66,0.5,0.5,0.5,0.84,0.61,0.67,0.5,0.5,0.5,0.75,0.5,0.5,0.5,0.5,0.5,0.5,0.5
LATAM,2517,WHY_LATAM,LATAM,298,why__61204c75c375ab1d4b1badd5,why,Investment_Arquetypes_2022,Content_Export_Investment_Arquetypes_2022_full-latin-final.csv,61204c75c375ab1d4b1badd5,61204c75c375ab1d4b1badd5,NA,MX,MX,latin_america,18_24,male,employed,usable_complete,TRUE,TRUE,32,0.8,0.8,0.65,0.75,0.5,0.85,0.85,0.85,0.8,0.8,0.85,0.8,0.85,0.8,0.7,0.75,0.85,0.8,0.75,0.6,0.75,0.5,0.6,0.5,0.8,0.75,0.6,0.5,0.5,0.5,0.5,0.65
LATAM,2518,WHY_LATAM,LATAM,299,why__61230876ad65890ff8619511,why,Investment_Arquetypes_2022,Content_Export_Investment_Arquetypes_2022_full-latin-final.csv,61230876ad65890ff8619511,61230876ad65890ff8619511,NA,MX,MX,latin_america,35_44,male,employed,usable_complete,TRUE,TRUE,32,0.6,0.85,0.65,0.5,0.6,0.5,0.6,0.7,0.65,0.95,0.75,0.9,0.85,0.5,0.95,0.9,0.55,0.8,0.65,0.65,0.75,0.5,0.5,0.5,0.5,0.5,0.5,0.65,0.5,0.75,0.5,0.5
LATAM,2519,WHY_LATAM,LATAM,300,why__61250fb215f9e6c8db46fba5,why,Investment_Arquetypes_2022,Content_Export_Investment_Arquetypes_2022_full-latin-final.csv,61250fb215f9e6c8db46fba5,61250fb215f9e6c8db46fba5,NA,CL,CL,latin_america,25_34,male,employed,usable_complete,TRUE,TRUE,32,0.6,1,0.95,0.85,0.65,0.95,0.9,0.8,0.85,0.95,0.85,0.9,0.8,0.95,0.7,0.9,0.85,0.95,0.65,0.55,1,0.5,0.7,0.5,0.5,0.5,0.75,0.5,0.8,0.5,0.5,0.5
LATAM,2520,WHY_LATAM,LATAM,301,why__6125cdf4d30d304d61650e6e,why,Investment_Arquetypes_2022,Content_Export_Investment_Arquetypes_2022_full-latin-final.csv,6125cdf4d30d304d61650e6e,6125cdf4d30d304d61650e6e,NA,MX,MX,latin_america,18_24,male,other,usable_complete,TRUE,TRUE,32,0.5,0.63,0.5,0.57,0.5,0.55,0.5,0.77,0.5,0.5,0.5,0.56,0.56,0.5,0.6,0.61,0.69,0.5,0.57,0.5,0.5,0.5,0.5,0.5,0.61,0.5,0.59,0.5,0.5,0.5,0.5,0.61
LATAM,2521,WHY_LATAM,LATAM,302,why__612742541c10c193688cea34,why,Investment_Arquetypes_2022,Content_Export_Investment_Arquetypes_2022_full-latin-final.csv,612742541c10c193688cea34,612742541c10c193688cea34,NA,CL,CL,latin_america,25_34,male,unemployed,usable_complete,TRUE,TRUE,32,1,1,0.6,0.55,0.7,0.6,0.5,0.6,0.75,0.85,0.8,0.6,1,0.5,0.8,0.5,0.65,1,1,0.7,0.7,0.6,0.5,0.5,0.5,0.65,0.5,0.8,0.55,0.5,0.55,0.55
LATAM,2522,WHY_LATAM,LATAM,303,why__61293e86bf1512d7b7a4e2a1,why,Investment_Arquetypes_2022,Content_Export_Investment_Arquetypes_2022_full-latin-final.csv,61293e86bf1512d7b7a4e2a1,61293e86bf1512d7b7a4e2a1,NA,MX,MX,latin_america,25_34,female,employed,usable_complete,TRUE,TRUE,32,0.92,1,1,0.5,0.8,0.5,0.85,0.79,0.89,1,0.89,0.92,0.92,0.5,0.92,1,0.5,0.8,0.92,0.5,0.57,0.81,0.5,0.5,0.9,0.5,0.5,0.5,0.5,0.5,0.5,0.89
LATAM,2523,WHY_LATAM,LATAM,304,why__612cdeffb0f43fcec973f0ff,why,Investment_Arquetypes_2022,Content_Export_Investment_Arquetypes_2022_full-latin-final.csv,612cdeffb0f43fcec973f0ff,612cdeffb0f43fcec973f0ff,NA,MX,MX,latin_america,18_24,female,employed,usable_partial,TRUE,TRUE,31,0.5,0.83,0.68,0.5,0.5,0.5,0.64,0.81,0.68,0.72,1,0.6,0.67,0.55,0.69,0.61,0.84,0.75,0.7,0.75,0.65,0.5,0.58,0.69,0.54,0.59,0.78,0.78,0.5,0.5,0.64,0.59
LATAM,2524,WHY_LATAM,LATAM,305,why__61314fbda0ad57bb6d9d32b3,why,Investment_Arquetypes_2022,Content_Export_Investment_Arquetypes_2022_full-latin-final.csv,61314fbda0ad57bb6d9d32b3,61314fbda0ad57bb6d9d32b3,NA,MX,MX,latin_america,25_34,female,unemployed,usable_complete,TRUE,TRUE,32,1,1,1,0.5,0.5,0.5,0.72,1,0.71,1,1,1,0.88,0.5,1,0.73,0.65,0.81,0.79,0.76,0.95,0.63,0.5,0.82,0.5,0.5,0.5,0.65,0.5,0.5,0.5,0.79
LATAM,2525,WHY_LATAM,LATAM,306,why__6135336b7ffeb440e6a0f042,why,Investment_Arquetypes_2022,Content_Export_Investment_Arquetypes_2022_full-latin-final.csv,6135336b7ffeb440e6a0f042,6135336b7ffeb440e6a0f042,NA,MX,MX,latin_america,25_34,female,employed,usable_complete,TRUE,TRUE,32,0.66,1,1,0.57,0.5,0.5,0.5,0.76,0.73,0.64,0.5,0.56,0.67,0.52,0.59,0.58,0.84,0.5,1,0.78,0.64,0.63,0.55,0.5,0.7,0.5,0.76,0.5,0.58,0.5,0.57,0.6
LATAM,2526,WHY_LATAM,LATAM,307,why__613688d0acdf68a9e2853fb5,why,Investment_Arquetypes_2022,Content_Export_Investment_Arquetypes_2022_full-latin-final.csv,613688d0acdf68a9e2853fb5,613688d0acdf68a9e2853fb5,NA,CL,CL,latin_america,25_34,male,employed,usable_partial,TRUE,TRUE,31,0.86,0.79,0.5,0.5,0.66,0.5,0.5,0.68,0.74,0.83,0.76,0.82,0.5,0.56,0.76,0.72,0.56,0.84,0.84,0.88,0.5,0.59,0.5,0.79,0.5,0.57,0.79,0.5,0.62,0.5,0.5,0.74
LATAM,2527,WHY_LATAM,LATAM,308,why__61368b205c8f03ed1bfefb92,why,Investment_Arquetypes_2022,Content_Export_Investment_Arquetypes_2022_full-latin-final.csv,61368b205c8f03ed1bfefb92,61368b205c8f03ed1bfefb92,NA,MX,MX,latin_america,35_44,male,employed,usable_complete,TRUE,TRUE,32,1,0.81,0.96,0.8,0.7,0.86,0.99,0.95,0.92,0.95,0.89,0.88,0.95,0.7,0.97,0.91,0.8,0.91,0.89,0.93,0.96,0.63,0.8,0.8,0.82,0.91,0.85,0.91,0.61,0.75,0.5,0.84
LATAM,2528,WHY_LATAM,LATAM,309,why__61381fc0024ffe24683c2784,why,Investment_Arquetypes_2022,Content_Export_Investment_Arquetypes_2022_full-latin-final.csv,61381fc0024ffe24683c2784,61381fc0024ffe24683c2784,NA,MX,MX,latin_america,18_24,female,other,usable_complete,TRUE,TRUE,32,1,0.57,0.82,0.6,0.5,0.5,0.82,0.78,0.81,0.79,0.7,0.8,0.54,0.5,0.8,0.65,0.78,0.77,0.75,0.62,0.92,0.6,0.79,0.5,0.66,0.61,0.5,0.6,0.72,0.5,0.5,0.69
LATAM,2529,WHY_LATAM,LATAM,310,why__6138d26ce6302b626fcf805c,why,Investment_Arquetypes_2022,Content_Export_Investment_Arquetypes_2022_full-latin-final.csv,6138d26ce6302b626fcf805c,6138d26ce6302b626fcf805c,NA,MX,MX,latin_america,25_34,male,employed,usable_complete,TRUE,TRUE,32,0.8,0.71,0.5,0.5,0.87,0.52,0.55,0.8,0.5,0.85,0.75,0.5,0.85,0.5,0.74,0.5,0.61,0.7,0.8,0.8,0.55,0.52,0.5,0.5,0.75,0.8,0.65,0.5,0.56,0.5,0.51,0.5
LATAM,2530,WHY_LATAM,LATAM,311,why__6139133041546096188da709,why,Investment_Arquetypes_2022,Content_Export_Investment_Arquetypes_2022_full-latin-final.csv,6139133041546096188da709,6139133041546096188da709,NA,MX,MX,latin_america,18_24,male,employed,usable_partial,TRUE,TRUE,31,1,1,0.73,0.5,0.66,0.68,0.5,1,0.76,1,0.83,0.9,0.5,0.83,0.75,1,0.5,0.73,0.83,0.65,0.5,0.62,0.5,0.8,0.5,0.8,0.58,0.5,0.92,0.5,0.5,0.61
LATAM,2531,WHY_LATAM,LATAM,312,why__6139512182e8aca64496c5e6,why,Investment_Arquetypes_2022,Content_Export_Investment_Arquetypes_2022_full-latin-final.csv,6139512182e8aca64496c5e6,6139512182e8aca64496c5e6,NA,MX,MX,latin_america,25_34,male,unemployed,usable_complete,TRUE,TRUE,32,0.98,0.99,1,1,0.98,1,0.7,0.7,0.6,0.8,0.5,0.81,0.98,1,0.97,1,0.99,1,0.5,0.5,0.5,0.5,0.5,0.5,0.5,1,0.5,0.5,0.6,0.7,0.5,0.7
LATAM,2532,WHY_LATAM,LATAM,313,why__613a11159fa938c6a003daaf,why,Investment_Arquetypes_2022,Content_Export_Investment_Arquetypes_2022_full-latin-final.csv,613a11159fa938c6a003daaf,613a11159fa938c6a003daaf,NA,MX,MX,latin_america,18_24,female,other,usable_complete,TRUE,TRUE,32,0.6,0.9,0.7,0.5,0.6,0.7,0.7,0.75,0.9,0.7,0.9,0.75,0.6,0.7,0.8,0.6,0.8,0.5,0.9,0.7,0.8,0.5,0.7,0.5,0.75,0.5,0.5,0.5,0.5,0.5,0.5,0.7
LATAM,2533,WHY_LATAM,LATAM,314,why__613a3d980fd9796d4b302d08,why,Investment_Arquetypes_2022,Content_Export_Investment_Arquetypes_2022_full-latin-final.csv,613a3d980fd9796d4b302d08,613a3d980fd9796d4b302d08,NA,MX,MX,latin_america,18_24,male,employed,usable_complete,TRUE,TRUE,32,0.54,0.71,0.77,0.66,0.64,0.5,0.5,0.63,0.78,1,0.89,0.84,0.78,0.69,0.98,0.5,0.59,0.68,0.8,0.5,0.5,0.5,0.5,0.5,0.68,0.83,0.57,0.5,0.65,0.5,0.5,0.59
LATAM,2534,WHY_LATAM,LATAM,315,why__613a419a0e61dade4fa31285,why,Investment_Arquetypes_2022,Content_Export_Investment_Arquetypes_2022_full-latin-final.csv,613a419a0e61dade4fa31285,613a419a0e61dade4fa31285,NA,MX,MX,latin_america,25_34,female,employed,usable_partial,TRUE,TRUE,29,0.7,0.8,1,0.73,0.5,0.5,1,1,1,1,1,1,1,0.5,0.82,1,1,0.5,1,0.61,1,0.5,0.5,0.5,0.61,1,0.5,0.5,0.5,0.5,0.5,0.92
LATAM,2535,WHY_LATAM,LATAM,316,why__613a469755c08ab3b9d682ad,why,Investment_Arquetypes_2022,Content_Export_Investment_Arquetypes_2022_full-latin-final.csv,613a469755c08ab3b9d682ad,613a469755c08ab3b9d682ad,NA,MX,MX,latin_america,25_34,female,employed,usable_complete,TRUE,TRUE,32,0.89,0.73,0.88,0.5,0.55,0.5,0.68,0.78,0.7,0.9,0.8,0.67,0.81,0.5,0.82,0.81,0.73,0.69,0.55,0.5,0.83,0.67,0.65,0.5,0.69,0.65,0.5,0.5,0.69,0.5,0.5,0.5
LATAM,2536,WHY_LATAM,LATAM,317,why__613a49ba0eae835719765d0d,why,Investment_Arquetypes_2022,Content_Export_Investment_Arquetypes_2022_full-latin-final.csv,613a49ba0eae835719765d0d,613a49ba0eae835719765d0d,NA,MX,MX,latin_america,25_34,male,employed,usable_complete,TRUE,TRUE,32,0.74,0.78,0.5,0.85,0.85,0.5,1,0.5,0.83,0.97,0.83,0.71,0.73,0.67,0.94,0.66,0.6,0.72,0.83,0.71,0.8,0.5,0.77,0.82,0.68,0.74,0.5,0.81,0.5,0.73,0.5,0.91
LATAM,2537,WHY_LATAM,LATAM,318,why__613a4b42362385920cddff76,why,Investment_Arquetypes_2022,Content_Export_Investment_Arquetypes_2022_full-latin-final.csv,613a4b42362385920cddff76,613a4b42362385920cddff76,NA,MX,MX,latin_america,25_34,male,employed,usable_complete,TRUE,TRUE,32,0.8,0.8,0.8,0.55,0.55,0.75,0.65,0.5,0.8,0.9,0.9,0.85,0.8,0.7,0.85,0.8,0.85,0.9,0.8,0.8,0.85,0.6,0.8,0.8,0.75,0.8,0.7,0.6,0.6,0.6,0.55,0.6
LATAM,2538,WHY_LATAM,LATAM,319,why__613a4cae09206ef2b68f9bb3,why,Investment_Arquetypes_2022,Content_Export_Investment_Arquetypes_2022_full-latin-final.csv,613a4cae09206ef2b68f9bb3,613a4cae09206ef2b68f9bb3,NA,MX,MX,latin_america,25_34,female,employed,usable_partial,TRUE,TRUE,31,0.55,0.67,0.7,0.7,0.5,0.8,0.75,0.79,0.82,0.79,0.82,0.92,0.61,0.74,0.6,0.78,0.95,0.81,0.91,0.5,0.61,0.54,0.56,0.8,0.5,0.68,0.5,0.67,0.92,0.78,0.5,0.75
LATAM,2539,WHY_LATAM,LATAM,320,why__613a4ce609206ef2b68f9bc8,why,Investment_Arquetypes_2022,Content_Export_Investment_Arquetypes_2022_full-latin-final.csv,613a4ce609206ef2b68f9bc8,613a4ce609206ef2b68f9bc8,NA,MX,MX,latin_america,25_34,male,employed,usable_complete,TRUE,TRUE,32,0.81,0.72,0.5,0.5,0.68,0.5,0.5,0.82,0.72,0.92,1,1,0.61,0.81,0.79,0.61,0.69,1,0.76,0.91,0.5,0.5,0.64,0.5,0.5,0.77,0.7,0.5,0.73,0.5,0.5,1
LATAM,2540,WHY_LATAM,LATAM,321,why__613a4e942ec6f9878dae86f1,why,Investment_Arquetypes_2022,Content_Export_Investment_Arquetypes_2022_full-latin-final.csv,613a4e942ec6f9878dae86f1,613a4e942ec6f9878dae86f1,NA,MX,MX,latin_america,25_34,female,employed,usable_complete,TRUE,TRUE,32,0.55,0.73,0.83,0.64,1,0.68,0.5,0.5,0.61,1,1,1,0.81,1,0.62,1,1,0.59,1,1,0.88,0.85,0.59,0.5,1,1,0.6,0.5,0.5,0.5,0.5,1
LATAM,2541,WHY_LATAM,LATAM,322,why__613a504b12b739cab54dcade,why,Investment_Arquetypes_2022,Content_Export_Investment_Arquetypes_2022_full-latin-final.csv,613a504b12b739cab54dcade,613a504b12b739cab54dcade,NA,MX,MX,latin_america,25_34,female,employed,usable_complete,TRUE,TRUE,32,0.75,0.94,0.85,0.5,0.75,0.65,0.75,0.65,0.65,0.75,0.7,0.9,0.82,0.76,0.7,0.85,0.6,0.7,0.8,0.5,0.86,0.64,0.6,0.5,0.5,0.5,0.5,0.5,0.5,0.5,0.5,0.8
LATAM,2542,WHY_LATAM,LATAM,323,why__613a541cf948d295c1df8752,why,Investment_Arquetypes_2022,Content_Export_Investment_Arquetypes_2022_full-latin-final.csv,613a541cf948d295c1df8752,613a541cf948d295c1df8752,NA,MX,MX,latin_america,25_34,female,employed,usable_complete,TRUE,TRUE,32,0.5,0.8,0.7,0.5,0.5,0.6,0.9,0.8,0.9,0.8,1,1,0.7,0.7,0.9,0.7,0.9,0.5,0.8,0.5,1,0.5,0.5,0.5,0.8,0.5,0.5,0.5,0.5,0.5,0.5,0.5
LATAM,2543,WHY_LATAM,LATAM,324,why__613a5452564824ee45131b18,why,Investment_Arquetypes_2022,Content_Export_Investment_Arquetypes_2022_full-latin-final.csv,613a5452564824ee45131b18,613a5452564824ee45131b18,NA,MX,MX,latin_america,18_24,male,employed,usable_complete,TRUE,TRUE,32,1,1,1,0.5,1,1,1,0.8,1,1,1,1,0.9,0.8,0.8,0.5,0.75,1,0.65,0.75,1,0.5,0.9,0.5,0.7,0.8,0.5,0.7,0.5,0.6,0.5,0.5
LATAM,2544,WHY_LATAM,LATAM,325,why__613a56bd4ce44fe88991498e,why,Investment_Arquetypes_2022,Content_Export_Investment_Arquetypes_2022_full-latin-final.csv,613a56bd4ce44fe88991498e,613a56bd4ce44fe88991498e,NA,MX,MX,latin_america,25_34,male,unemployed,usable_partial,TRUE,TRUE,31,0.72,0.5,0.64,0.5,0.73,0.61,1,1,1,1,1,1,1,0.61,0.83,0.5,0.71,1,0.65,0.57,1,0.5,0.67,0.5,0.5,0.5,0.61,0.5,0.5,0.5,0.5,1
LATAM,2545,WHY_LATAM,LATAM,326,why__613a61ef41fa92a76097b140,why,Investment_Arquetypes_2022,Content_Export_Investment_Arquetypes_2022_full-latin-final.csv,613a61ef41fa92a76097b140,613a61ef41fa92a76097b140,NA,MX,MX,latin_america,18_24,female,employed,usable_complete,TRUE,TRUE,32,0.62,0.68,0.62,0.58,0.5,0.7,0.59,0.69,0.55,0.69,0.64,0.5,0.6,0.8,0.5,0.76,0.58,0.69,0.8,0.62,0.63,0.5,0.65,0.5,0.68,0.62,0.5,0.5,0.5,0.7,0.5,0.77
LATAM,2546,WHY_LATAM,LATAM,327,why__613a68a9f9bc0d833831eff0,why,Investment_Arquetypes_2022,Content_Export_Investment_Arquetypes_2022_full-latin-final.csv,613a68a9f9bc0d833831eff0,613a68a9f9bc0d833831eff0,NA,MX,MX,latin_america,25_34,female,employed,usable_complete,TRUE,TRUE,32,1,0.85,0.7,0.5,0.91,0.77,0.5,0.5,0.83,0.8,0.93,0.83,0.88,0.92,0.83,0.5,0.5,0.55,0.84,0.66,0.71,0.6,0.5,0.5,0.5,0.6,0.5,0.5,0.62,0.5,0.5,0.83
LATAM,2547,WHY_LATAM,LATAM,328,why__613a69d8ed1c11f70b3d37c7,why,Investment_Arquetypes_2022,Content_Export_Investment_Arquetypes_2022_full-latin-final.csv,613a69d8ed1c11f70b3d37c7,613a69d8ed1c11f70b3d37c7,NA,MX,MX,latin_america,25_34,male,employed,usable_complete,TRUE,TRUE,32,0.87,0.89,0.5,0.5,0.89,0.5,0.62,0.6,0.72,0.73,0.77,0.61,0.68,0.5,0.56,0.66,0.65,0.63,0.58,0.66,0.57,0.5,0.5,0.5,0.5,0.85,0.5,0.5,0.74,0.5,0.5,0.5
LATAM,2548,WHY_LATAM,LATAM,329,why__613a6a2789252564e87e33b8,why,Investment_Arquetypes_2022,Content_Export_Investment_Arquetypes_2022_full-latin-final.csv,613a6a2789252564e87e33b8,613a6a2789252564e87e33b8,NA,MX,MX,latin_america,18_24,female,employed,usable_complete,TRUE,TRUE,32,0.7,0.95,0.65,0.75,0.5,0.5,0.5,0.55,0.8,0.75,0.7,0.8,0.95,0.5,0.55,0.7,0.7,0.85,0.95,0.95,0.6,0.6,0.65,0.5,0.5,0.75,0.5,0.6,0.5,0.6,0.5,0.7
LATAM,2549,WHY_LATAM,LATAM,330,why__613a6abd8f010ce9c87a4bc7,why,Investment_Arquetypes_2022,Content_Export_Investment_Arquetypes_2022_full-latin-final.csv,613a6abd8f010ce9c87a4bc7,613a6abd8f010ce9c87a4bc7,NA,MX,MX,latin_america,18_24,female,unemployed,usable_complete,TRUE,TRUE,32,0.73,0.89,0.77,0.59,0.83,0.5,0.5,0.57,0.7,0.89,0.67,0.76,0.77,0.59,0.77,0.73,0.89,0.65,0.68,0.8,0.7,0.5,0.58,0.58,0.61,0.5,0.56,0.5,0.5,0.5,0.5,0.54
LATAM,2550,WHY_LATAM,LATAM,331,why__613a6acaa0d3d3c54b091e92,why,Investment_Arquetypes_2022,Content_Export_Investment_Arquetypes_2022_full-latin-final.csv,613a6acaa0d3d3c54b091e92,613a6acaa0d3d3c54b091e92,NA,MX,MX,latin_america,25_34,female,employed,usable_complete,TRUE,TRUE,32,0.85,0.95,0.75,0.6,0.65,0.75,0.9,0.65,0.5,1,0.5,0.9,0.8,0.7,0.95,0.65,0.7,0.8,0.5,0.5,0.85,0.5,0.5,0.5,0.7,0.6,0.5,0.5,0.5,0.5,0.5,0.55
LATAM,2551,WHY_LATAM,LATAM,332,why__613a6c93c8ecb9b626ac35a2,why,Investment_Arquetypes_2022,Content_Export_Investment_Arquetypes_2022_full-latin-final.csv,613a6c93c8ecb9b626ac35a2,613a6c93c8ecb9b626ac35a2,NA,MX,MX,latin_america,25_34,female,employed,usable_complete,TRUE,TRUE,32,0.78,0.83,0.68,0.77,0.5,0.68,0.82,0.81,0.74,0.85,0.87,1,0.78,0.6,0.77,0.81,0.88,0.73,0.81,0.76,0.8,0.68,0.5,0.5,0.78,0.62,0.55,0.5,0.5,0.51,0.52,0.79
LATAM,2552,WHY_LATAM,LATAM,333,why__613a73698cc7d9c7b60930cd,why,Investment_Arquetypes_2022,Content_Export_Investment_Arquetypes_2022_full-latin-final.csv,613a73698cc7d9c7b60930cd,613a73698cc7d9c7b60930cd,NA,MX,MX,latin_america,25_34,female,employed,usable_complete,TRUE,TRUE,32,0.5,1,0.6,0.6,0.5,1,0.5,0.5,1,1,0.5,1,0.5,0.8,1,0.5,0.5,0.85,1,1,0.8,0.5,0.5,0.5,0.7,0.5,0.6,0.5,0.5,0.5,0.5,0.5
LATAM,2553,WHY_LATAM,LATAM,334,why__613a74c8402a5fc10a269abc,why,Investment_Arquetypes_2022,Content_Export_Investment_Arquetypes_2022_full-latin-final.csv,613a74c8402a5fc10a269abc,613a74c8402a5fc10a269abc,NA,MX,MX,latin_america,25_34,female,employed,usable_partial,TRUE,TRUE,31,1,1,0.5,0.5,0.5,0.64,0.6,0.92,0.84,0.94,0.5,0.61,0.58,0.6,0.95,0.67,0.5,0.99,1,0.91,0.62,0.58,0.55,0.54,0.59,0.5,0.76,0.68,0.87,0.54,0.6,0.82
LATAM,2554,WHY_LATAM,LATAM,335,why__613a779cf82fe120412839e5,why,Investment_Arquetypes_2022,Content_Export_Investment_Arquetypes_2022_full-latin-final.csv,613a779cf82fe120412839e5,613a779cf82fe120412839e5,NA,MX,MX,latin_america,25_34,female,employed,usable_complete,TRUE,TRUE,32,0.82,0.74,0.66,0.87,0.64,0.93,0.89,0.86,0.7,0.81,0.91,0.82,0.9,0.5,0.9,0.76,0.76,0.85,0.5,0.64,0.9,0.5,0.81,0.63,0.67,0.81,0.5,0.5,0.5,0.5,0.5,0.87
LATAM,2555,WHY_LATAM,LATAM,336,why__613a7a5f8b312649e7a5b4ee,why,Investment_Arquetypes_2022,Content_Export_Investment_Arquetypes_2022_full-latin-final.csv,613a7a5f8b312649e7a5b4ee,613a7a5f8b312649e7a5b4ee,NA,MX,MX,latin_america,25_34,female,employed,usable_complete,TRUE,TRUE,32,0.82,0.96,0.56,0.5,0.78,0.5,0.56,0.5,0.7,0.91,0.63,0.94,0.62,0.51,0.55,0.55,0.88,0.72,0.85,0.81,0.54,0.76,0.5,0.5,0.5,0.6,0.5,0.5,0.5,0.5,0.5,0.5
LATAM,2556,WHY_LATAM,LATAM,337,why__613a7ba48f73bf9f81343cf0,why,Investment_Arquetypes_2022,Content_Export_Investment_Arquetypes_2022_full-latin-final.csv,613a7ba48f73bf9f81343cf0,613a7ba48f73bf9f81343cf0,NA,MX,MX,latin_america,18_24,female,unemployed,usable_complete,TRUE,TRUE,32,0.54,0.73,0.76,0.6,0.68,0.91,0.61,0.69,0.6,0.72,0.8,0.85,0.68,0.84,0.68,0.79,0.77,0.54,0.58,0.59,0.5,0.5,0.82,0.6,0.56,0.5,0.5,0.5,0.56,0.5,0.5,0.69
LATAM,2557,WHY_LATAM,LATAM,338,why__613a7c43c131b1c2caf33fd0,why,Investment_Arquetypes_2022,Content_Export_Investment_Arquetypes_2022_full-latin-final.csv,613a7c43c131b1c2caf33fd0,613a7c43c131b1c2caf33fd0,NA,MX,MX,latin_america,18_24,female,employed,usable_complete,TRUE,TRUE,32,0.92,0.5,0.83,0.5,0.5,0.5,0.5,0.87,0.5,0.89,0.85,0.77,0.85,0.84,0.83,0.5,0.8,0.84,0.75,0.84,0.5,0.5,0.5,0.5,0.5,0.85,0.94,0.94,0.85,0.5,0.5,0.5
LATAM,2558,WHY_LATAM,LATAM,339,why__613a7eb0d13f4dee9108c3d5,why,Investment_Arquetypes_2022,Content_Export_Investment_Arquetypes_2022_full-latin-final.csv,613a7eb0d13f4dee9108c3d5,613a7eb0d13f4dee9108c3d5,NA,MX,MX,latin_america,25_34,male,employed,usable_complete,TRUE,TRUE,32,1,1,0.7,0.5,0.7,1,1,0.5,1,1,1,0.8,1,1,1,0.5,1,0.7,1,1,1,0.5,0.5,0.5,0.7,1,0.5,0.5,0.5,0.5,0.5,0.5
LATAM,2559,WHY_LATAM,LATAM,340,why__613a84ffc8f7b995ae0d8242,why,Investment_Arquetypes_2022,Content_Export_Investment_Arquetypes_2022_full-latin-final.csv,613a84ffc8f7b995ae0d8242,613a84ffc8f7b995ae0d8242,NA,MX,MX,latin_america,18_24,female,unemployed,usable_complete,TRUE,TRUE,32,0.83,0.5,0.76,0.64,0.61,0.5,0.78,0.5,0.5,1,0.86,0.93,0.7,0.6,0.79,0.76,0.84,0.84,0.5,0.5,0.6,0.5,0.5,0.5,0.93,0.59,0.6,0.72,0.56,0.5,0.5,0.5
LATAM,2560,WHY_LATAM,LATAM,341,why__613a859e2a96f7f4bbcacca3,why,Investment_Arquetypes_2022,Content_Export_Investment_Arquetypes_2022_full-latin-final.csv,613a859e2a96f7f4bbcacca3,613a859e2a96f7f4bbcacca3,NA,MX,MX,latin_america,25_34,male,employed,usable_complete,TRUE,TRUE,32,0.65,0.8,0.7,0.7,0.5,0.6,0.7,0.8,0.81,1,0.95,0.85,0.9,0.6,0.8,0.8,0.95,0.8,0.6,0.8,0.5,0.9,0.6,0.5,0.6,0.75,0.5,0.5,0.5,0.5,0.5,0.5
LATAM,2561,WHY_LATAM,LATAM,342,why__613a877f05a09f4891d4bd0b,why,Investment_Arquetypes_2022,Content_Export_Investment_Arquetypes_2022_full-latin-final.csv,613a877f05a09f4891d4bd0b,613a877f05a09f4891d4bd0b,NA,MX,MX,latin_america,18_24,male,employed,usable_complete,TRUE,TRUE,32,0.85,1,1,0.85,0.5,0.5,0.94,0.82,0.8,0.91,0.93,0.53,0.77,0.75,0.89,0.8,0.85,0.92,0.92,0.7,0.95,0.5,0.83,0.7,0.5,0.78,0.78,0.5,0.6,0.8,0.5,0.5
LATAM,2562,WHY_LATAM,LATAM,343,why__613a8cbb6c44fc553001c364,why,Investment_Arquetypes_2022,Content_Export_Investment_Arquetypes_2022_full-latin-final.csv,613a8cbb6c44fc553001c364,613a8cbb6c44fc553001c364,NA,MX,MX,latin_america,25_34,female,employed,usable_complete,TRUE,TRUE,32,0.7,0.5,0.61,0.5,0.86,0.5,0.5,0.56,0.5,0.55,0.6,0.56,0.5,0.5,0.53,0.56,0.62,0.57,0.53,0.5,0.5,0.5,0.5,0.5,0.5,0.5,0.5,0.5,0.68,0.5,0.5,0.54
LATAM,2563,WHY_LATAM,LATAM,344,why__613a8d20828a132ddd39f713,why,Investment_Arquetypes_2022,Content_Export_Investment_Arquetypes_2022_full-latin-final.csv,613a8d20828a132ddd39f713,613a8d20828a132ddd39f713,NA,MX,MX,latin_america,18_24,female,employed,usable_partial,TRUE,TRUE,31,0.84,0.91,0.6,0.69,0.5,0.5,0.89,0.5,0.72,0.9,0.83,0.92,0.83,0.51,0.88,0.81,0.81,0.85,0.68,0.53,0.75,0.5,0.5,0.5,0.5,0.5,0.5,0.5,0.5,0.55,0.5,0.73
LATAM,2564,WHY_LATAM,LATAM,345,why__613a9193ed68e49209b471b7,why,Investment_Arquetypes_2022,Content_Export_Investment_Arquetypes_2022_full-latin-final.csv,613a9193ed68e49209b471b7,613a9193ed68e49209b471b7,NA,MX,MX,latin_america,18_24,female,employed,usable_complete,TRUE,TRUE,32,0.72,0.5,0.73,0.7,0.5,0.87,0.5,0.67,0.63,0.83,0.61,0.76,0.65,0.6,0.71,0.77,1,0.73,1,0.69,0.5,0.88,0.74,0.65,0.54,0.85,0.6,0.5,0.5,0.68,0.53,0.66
LATAM,2566,WHY_LATAM,LATAM,347,why__613a9700bf01a93d7008c3f7,why,Investment_Arquetypes_2022,Content_Export_Investment_Arquetypes_2022_full-latin-final.csv,613a9700bf01a93d7008c3f7,613a9700bf01a93d7008c3f7,NA,MX,MX,latin_america,18_24,male,unemployed,usable_complete,TRUE,TRUE,32,1,0.5,1,0.5,0.83,0.6,1,0.89,0.92,1,1,1,1,0.68,0.84,0.82,0.88,0.88,0.95,0.69,1,0.5,0.5,0.5,0.66,1,0.5,0.5,0.66,0.77,0.5,0.5
LATAM,2567,WHY_LATAM,LATAM,348,why__613a9a79a177842985a94263,why,Investment_Arquetypes_2022,Content_Export_Investment_Arquetypes_2022_full-latin-final.csv,613a9a79a177842985a94263,613a9a79a177842985a94263,NA,MX,MX,latin_america,25_34,female,employed,usable_complete,TRUE,TRUE,32,0.74,0.93,0.86,0.74,0.5,0.63,0.8,0.8,0.84,0.54,0.75,0.61,0.82,0.6,0.67,0.8,0.64,0.5,0.84,0.62,0.53,0.5,0.5,0.5,0.5,0.56,0.5,0.62,0.5,0.5,0.5,0.61
LATAM,2568,WHY_LATAM,LATAM,349,why__613a9da3c77e45388ba8a4c6,why,Investment_Arquetypes_2022,Content_Export_Investment_Arquetypes_2022_full-latin-final.csv,613a9da3c77e45388ba8a4c6,613a9da3c77e45388ba8a4c6,NA,MX,MX,latin_america,25_34,male,unemployed,usable_complete,TRUE,TRUE,32,0.65,0.5,0.5,0.59,0.81,0.53,0.5,0.6,0.66,0.75,0.62,0.66,0.79,0.62,0.65,0.5,0.65,0.58,0.76,0.5,0.56,0.63,0.5,0.5,0.5,0.58,0.5,0.5,0.55,0.5,0.5,0.83
LATAM,2569,WHY_LATAM,LATAM,350,why__613a9ff128ea0b646c09417c,why,Investment_Arquetypes_2022,Content_Export_Investment_Arquetypes_2022_full-latin-final.csv,613a9ff128ea0b646c09417c,613a9ff128ea0b646c09417c,NA,MX,MX,latin_america,25_34,male,unknown,usable_complete,TRUE,TRUE,32,0.5,0.5,0.72,0.6,0.6,0.76,0.73,0.5,0.89,0.9,0.92,0.81,0.7,0.59,0.71,0.94,0.83,0.75,0.77,0.5,0.69,0.5,0.5,0.5,0.67,0.5,0.69,0.5,0.66,0.5,0.5,0.9
LATAM,2570,WHY_LATAM,LATAM,351,why__613aa1303160c3f3db604c4c,why,Investment_Arquetypes_2022,Content_Export_Investment_Arquetypes_2022_full-latin-final.csv,613aa1303160c3f3db604c4c,613aa1303160c3f3db604c4c,NA,MX,MX,latin_america,25_34,male,employed,usable_partial,TRUE,TRUE,30,0.8,0.7,0.73,0.61,0.5,0.5,0.5,0.7,0.66,0.78,0.75,0.7,0.7,0.55,0.65,0.66,0.8,0.61,0.55,0.6,0.5,0.69,0.59,0.5,0.65,0.6,0.5,0.5,0.5,0.63,0.59,0.75
LATAM,2571,WHY_LATAM,LATAM,352,why__613aa2725ff60e4e6ab3077e,why,Investment_Arquetypes_2022,Content_Export_Investment_Arquetypes_2022_full-latin-final.csv,613aa2725ff60e4e6ab3077e,613aa2725ff60e4e6ab3077e,NA,MX,MX,latin_america,25_34,female,employed,usable_complete,TRUE,TRUE,32,1,1,0.72,0.67,0.81,0.65,0.5,0.79,0.74,1,0.95,0.66,0.93,1,0.8,0.8,1,0.7,1,1,0.71,0.86,1,1,1,0.77,1,0.77,0.72,0.75,0.73,1
LATAM,2572,WHY_LATAM,LATAM,353,why__613aa5573b490858a6a548b8,why,Investment_Arquetypes_2022,Content_Export_Investment_Arquetypes_2022_full-latin-final.csv,613aa5573b490858a6a548b8,613aa5573b490858a6a548b8,NA,MX,MX,latin_america,18_24,female,employed,usable_complete,TRUE,TRUE,32,0.77,0.76,0.8,0.71,0.58,0.83,0.7,0.65,0.73,0.9,0.5,0.83,0.74,0.86,0.75,0.84,0.78,0.8,0.95,0.82,0.8,0.5,0.8,0.65,0.5,0.77,0.63,0.5,0.79,0.5,0.5,0.83
LATAM,2573,WHY_LATAM,LATAM,354,why__613aaa02224b5019dba07b4f,why,Investment_Arquetypes_2022,Content_Export_Investment_Arquetypes_2022_full-latin-final.csv,613aaa02224b5019dba07b4f,613aaa02224b5019dba07b4f,NA,MX,MX,latin_america,25_34,male,employed,usable_complete,TRUE,TRUE,32,0.61,0.85,0.5,0.85,0.51,0.61,0.5,0.61,0.54,0.65,0.77,0.8,0.56,0.66,0.74,0.66,0.84,0.66,0.73,0.56,0.7,0.5,0.5,0.5,0.57,0.8,0.65,0.57,0.6,0.5,0.5,0.57
LATAM,2574,WHY_LATAM,LATAM,355,why__613ab0960ff3efd039adf1e0,why,Investment_Arquetypes_2022,Content_Export_Investment_Arquetypes_2022_full-latin-final.csv,613ab0960ff3efd039adf1e0,613ab0960ff3efd039adf1e0,NA,MX,MX,latin_america,18_24,male,employed,usable_complete,TRUE,TRUE,32,0.86,0.73,0.9,0.5,0.8,0.5,0.8,1,1,1,0.9,0.87,0.82,0.81,0.86,0.79,0.9,1,0.88,0.8,0.83,0.84,0.5,0.74,0.83,1,0.72,0.84,0.77,0.66,0.5,0.88
LATAM,2575,WHY_LATAM,LATAM,356,why__613ab4a7f3f7544dbdcfaa53,why,Investment_Arquetypes_2022,Content_Export_Investment_Arquetypes_2022_full-latin-final.csv,613ab4a7f3f7544dbdcfaa53,613ab4a7f3f7544dbdcfaa53,NA,MX,MX,latin_america,25_34,female,employed,usable_complete,TRUE,TRUE,32,0.5,0.84,0.5,0.65,0.5,0.5,0.67,0.65,0.5,0.65,0.5,0.5,0.66,0.66,0.68,0.5,0.55,0.77,0.59,0.5,0.57,0.5,0.5,0.5,0.5,0.56,0.5,0.61,0.75,0.6,0.5,0.5
LATAM,2576,WHY_LATAM,LATAM,357,why__613abcc8a654d0ca925f9434,why,Investment_Arquetypes_2022,Content_Export_Investment_Arquetypes_2022_full-latin-final.csv,613abcc8a654d0ca925f9434,613abcc8a654d0ca925f9434,NA,MX,MX,latin_america,25_34,female,employed,usable_complete,TRUE,TRUE,32,0.73,0.83,0.7,0.85,0.5,0.63,0.69,0.5,0.72,0.74,0.74,0.73,0.81,0.5,0.76,0.84,0.78,0.77,0.75,0.65,0.93,0.5,0.57,0.75,0.5,0.72,0.77,0.5,0.5,0.5,0.5,0.64
LATAM,2577,WHY_LATAM,LATAM,358,why__613abf9426ac9c70ce1c7e33,why,Investment_Arquetypes_2022,Content_Export_Investment_Arquetypes_2022_full-latin-final.csv,613abf9426ac9c70ce1c7e33,613abf9426ac9c70ce1c7e33,NA,MX,MX,latin_america,25_34,male,employed,usable_complete,TRUE,TRUE,32,0.63,0.92,0.9,0.65,0.64,0.7,0.6,0.81,0.8,0.86,0.9,0.79,0.63,0.87,0.9,0.93,0.8,0.71,0.76,0.56,0.74,0.5,0.65,0.5,0.61,0.89,0.5,0.5,0.5,0.5,0.5,0.65
LATAM,2578,WHY_LATAM,LATAM,359,why__613ac4b87c8024e25fbd3f0f,why,Investment_Arquetypes_2022,Content_Export_Investment_Arquetypes_2022_full-latin-final.csv,613ac4b87c8024e25fbd3f0f,613ac4b87c8024e25fbd3f0f,NA,MX,MX,latin_america,25_34,female,employed,usable_complete,TRUE,TRUE,32,0.99,0.55,0.7,0.9,0.5,0.99,0.85,0.99,0.5,0.8,0.98,0.95,0.9,1,0.9,0.7,1,0.85,0.5,0.5,0.86,0.5,0.5,0.5,0.5,0.5,0.5,0.5,0.5,0.5,0.5,0.75
LATAM,2579,WHY_LATAM,LATAM,360,why__613ac677749969b288c4a7b1,why,Investment_Arquetypes_2022,Content_Export_Investment_Arquetypes_2022_full-latin-final.csv,613ac677749969b288c4a7b1,613ac677749969b288c4a7b1,NA,MX,MX,latin_america,18_24,female,unemployed,usable_complete,TRUE,TRUE,32,0.79,0.78,0.5,0.5,0.71,0.79,0.5,0.74,0.79,0.74,0.78,0.71,0.75,0.83,0.78,0.71,0.81,0.69,0.81,0.67,0.69,0.5,0.5,0.5,0.78,0.5,0.5,0.5,0.5,0.77,0.5,0.5
LATAM,2580,WHY_LATAM,LATAM,361,why__613aca1a4be85d20432449be,why,Investment_Arquetypes_2022,Content_Export_Investment_Arquetypes_2022_full-latin-final.csv,613aca1a4be85d20432449be,613aca1a4be85d20432449be,NA,MX,MX,latin_america,25_34,male,unemployed,usable_complete,TRUE,TRUE,32,1,0.65,0.77,0.71,0.8,0.5,0.91,0.84,0.75,0.95,0.72,0.68,0.77,0.5,0.91,0.72,0.86,0.83,1,0.9,0.82,0.67,0.5,0.5,0.85,0.86,0.82,0.5,0.6,0.65,0.5,0.5
LATAM,2581,WHY_LATAM,LATAM,362,why__613ad069b7f1de6a11fbf6b5,why,Investment_Arquetypes_2022,Content_Export_Investment_Arquetypes_2022_full-latin-final.csv,613ad069b7f1de6a11fbf6b5,613ad069b7f1de6a11fbf6b5,NA,MX,MX,latin_america,18_24,female,unemployed,usable_complete,TRUE,TRUE,32,0.84,0.77,0.5,0.59,0.5,0.73,0.58,0.5,0.6,0.7,0.5,0.59,0.55,0.65,0.61,0.54,0.57,0.67,0.65,0.63,0.71,0.55,0.56,0.56,0.5,0.62,0.5,0.86,0.5,0.58,0.5,0.76
LATAM,2582,WHY_LATAM,LATAM,363,why__613ad2b1e74781675b503eff,why,Investment_Arquetypes_2022,Content_Export_Investment_Arquetypes_2022_full-latin-final.csv,613ad2b1e74781675b503eff,613ad2b1e74781675b503eff,NA,MX,MX,latin_america,35_44,male,employed,usable_complete,TRUE,TRUE,32,0.55,0.8,0.65,0.6,0.5,0.6,0.7,0.75,0.7,0.55,0.75,0.7,0.5,0.5,0.6,0.65,0.65,0.6,0.7,0.65,0.7,0.5,0.6,0.5,0.7,0.55,0.5,0.5,0.5,0.6,0.5,0.5
LATAM,2583,WHY_LATAM,LATAM,364,why__613ad6720b6845ff55cb9ce1,why,Investment_Arquetypes_2022,Content_Export_Investment_Arquetypes_2022_full-latin-final.csv,613ad6720b6845ff55cb9ce1,613ad6720b6845ff55cb9ce1,NA,MX,MX,latin_america,18_24,female,employed,usable_complete,TRUE,TRUE,32,0.64,1,1,0.5,0.55,0.5,0.8,0.95,0.71,1,1,0.88,0.66,0.6,0.68,0.64,1,0.71,0.5,0.52,1,0.5,0.69,0.5,0.5,0.7,0.5,0.5,0.61,0.5,0.5,0.52
LATAM,2584,WHY_LATAM,LATAM,365,why__613ad6e1aef94f36b83813d9,why,Investment_Arquetypes_2022,Content_Export_Investment_Arquetypes_2022_full-latin-final.csv,613ad6e1aef94f36b83813d9,613ad6e1aef94f36b83813d9,NA,MX,MX,latin_america,18_24,female,unemployed,usable_complete,TRUE,TRUE,32,0.7,0.7,0.5,0.57,0.5,0.71,0.55,0.82,0.55,0.8,0.85,0.7,0.77,0.7,0.61,0.7,0.73,0.5,0.55,0.5,0.6,0.6,0.6,0.5,0.6,0.5,0.5,0.5,0.5,0.5,0.5,0.56
LATAM,2585,WHY_LATAM,LATAM,366,why__613b1e3607aa50c67b534570,why,Investment_Arquetypes_2022,Content_Export_Investment_Arquetypes_2022_full-latin-final.csv,613b1e3607aa50c67b534570,613b1e3607aa50c67b534570,NA,MX,MX,latin_america,25_34,female,employed,usable_complete,TRUE,TRUE,32,0.7,1,1,0.5,1,0.5,0.56,1,0.78,1,0.75,1,1,0.55,1,1,1,0.77,0.6,1,0.9,0.61,0.5,0.5,0.5,0.52,0.5,0.5,0.5,0.5,0.5,0.5
LATAM,2586,WHY_LATAM,LATAM,367,why__613b4e06c9c5b25b183f52dd,why,Investment_Arquetypes_2022,Content_Export_Investment_Arquetypes_2022_full-latin-final.csv,613b4e06c9c5b25b183f52dd,613b4e06c9c5b25b183f52dd,NA,MX,MX,latin_america,25_34,female,employed,usable_complete,TRUE,TRUE,32,1,0.62,1,0.61,0.5,0.5,0.57,1,0.79,0.71,0.78,0.73,0.68,0.5,0.8,0.57,1,0.78,1,0.92,0.73,0.74,0.69,0.84,0.62,0.75,0.69,0.84,0.75,0.63,0.71,0.8
LATAM,2587,WHY_LATAM,LATAM,368,why__613b58efbb6b17d24f3dbfc4,why,Investment_Arquetypes_2022,Content_Export_Investment_Arquetypes_2022_full-latin-final.csv,613b58efbb6b17d24f3dbfc4,613b58efbb6b17d24f3dbfc4,NA,MX,MX,latin_america,45_54,male,employed,usable_partial,TRUE,TRUE,27,0.63,0.69,0.59,0.71,0.5,0.67,0.61,0.67,0.72,0.74,0.73,0.69,0.66,0.7,0.7,0.7,0.69,0.64,0.56,0.5,0.72,0.5,0.75,0.5,0.71,0.6,0.5,0.5,0.63,0.5,0.69,0.64
LATAM,2588,WHY_LATAM,LATAM,369,why__613b78d2e578df60af0c6814,why,Investment_Arquetypes_2022,Content_Export_Investment_Arquetypes_2022_full-latin-final.csv,613b78d2e578df60af0c6814,613b78d2e578df60af0c6814,NA,MX,MX,latin_america,25_34,male,employed,usable_complete,TRUE,TRUE,32,0.9,0.66,0.6,0.7,0.76,0.5,0.71,0.75,0.6,1,0.85,0.91,0.8,0.6,0.8,0.85,0.9,0.7,0.6,0.65,0.96,0.5,0.6,0.5,0.5,0.5,0.61,0.5,0.5,0.5,0.5,0.56
LATAM,2589,WHY_LATAM,LATAM,370,why__613b78e2750f5b572f00151a,why,Investment_Arquetypes_2022,Content_Export_Investment_Arquetypes_2022_full-latin-final.csv,613b78e2750f5b572f00151a,613b78e2750f5b572f00151a,NA,MX,MX,latin_america,25_34,male,employed,usable_complete,TRUE,TRUE,32,0.96,0.5,0.71,0.68,0.5,0.74,0.64,0.82,0.93,0.6,0.78,0.86,0.7,1,0.5,0.86,0.67,0.67,0.81,0.7,0.89,0.5,0.73,0.8,0.75,0.68,0.7,0.67,0.6,0.61,0.5,0.65
LATAM,2590,WHY_LATAM,LATAM,371,why__613b7b74f40bbe72dee491b5,why,Investment_Arquetypes_2022,Content_Export_Investment_Arquetypes_2022_full-latin-final.csv,613b7b74f40bbe72dee491b5,613b7b74f40bbe72dee491b5,NA,MX,MX,latin_america,18_24,female,unemployed,usable_complete,TRUE,TRUE,32,0.5,0.5,0.7,0.86,0.5,0.85,0.8,0.5,0.81,0.62,0.5,0.78,0.71,0.63,1,0.98,0.84,0.5,0.94,0.61,0.89,0.91,0.64,0.5,1,0.65,1,0.5,0.8,0.5,0.5,0.89
LATAM,2591,WHY_LATAM,LATAM,372,why__613b8440e625773956bbe161,why,Investment_Arquetypes_2022,Content_Export_Investment_Arquetypes_2022_full-latin-final.csv,613b8440e625773956bbe161,613b8440e625773956bbe161,NA,MX,MX,latin_america,25_34,female,employed,usable_complete,TRUE,TRUE,32,0.72,0.5,0.64,0.79,0.66,0.5,0.7,1,1,1,0.7,0.65,1,0.62,0.94,1,0.94,0.62,0.95,0.83,0.5,0.78,0.71,0.89,0.68,0.5,0.5,0.5,0.5,0.72,0.68,0.79
LATAM,2592,WHY_LATAM,LATAM,373,why__613b8815ef773b5f511d77cc,why,Investment_Arquetypes_2022,Content_Export_Investment_Arquetypes_2022_full-latin-final.csv,613b8815ef773b5f511d77cc,613b8815ef773b5f511d77cc,NA,MX,MX,latin_america,25_34,male,employed,usable_partial,TRUE,TRUE,30,0.7,0.75,0.95,0.65,0.7,0.5,1,1,0.8,1,1,1,0.9,0.6,1,1,0.85,0.95,0.95,0.7,0.5,0.5,0.75,0.5,0.5,0.65,0.95,0.5,0.5,0.5,0.5,0.95
LATAM,2593,WHY_LATAM,LATAM,374,why__613b8c9719c838f7c5e7297c,why,Investment_Arquetypes_2022,Content_Export_Investment_Arquetypes_2022_full-latin-final.csv,613b8c9719c838f7c5e7297c,613b8c9719c838f7c5e7297c,NA,MX,MX,latin_america,18_24,female,other,usable_complete,TRUE,TRUE,32,0.7,0.8,0.6,0.8,0.5,1,0.5,0.85,0.8,0.7,0.85,0.8,0.8,0.8,0.8,1,0.9,0.5,0.8,0.65,0.5,0.5,0.8,0.5,0.7,0.5,0.5,0.5,0.5,0.5,0.5,0.8
LATAM,2594,WHY_LATAM,LATAM,375,why__613ba9f8346cb581bb4002e4,why,Investment_Arquetypes_2022,Content_Export_Investment_Arquetypes_2022_full-latin-final.csv,613ba9f8346cb581bb4002e4,613ba9f8346cb581bb4002e4,NA,MX,MX,latin_america,25_34,female,employed,usable_complete,TRUE,TRUE,32,0.63,0.9,0.69,0.5,0.58,0.5,0.68,0.81,0.5,0.87,0.8,0.79,0.9,0.5,0.69,0.6,0.71,0.69,0.5,0.5,0.65,0.5,0.5,0.5,0.5,0.56,0.5,0.5,0.5,0.5,0.5,0.5
LATAM,2595,WHY_LATAM,LATAM,376,why__613bbe37bb5e6fa81c182308,why,Investment_Arquetypes_2022,Content_Export_Investment_Arquetypes_2022_full-latin-final.csv,613bbe37bb5e6fa81c182308,613bbe37bb5e6fa81c182308,NA,MX,MX,latin_america,25_34,female,employed,usable_complete,TRUE,TRUE,32,1,0.75,0.75,0.65,0.5,0.5,0.9,0.75,0.9,1,1,0.6,0.6,0.6,1,1,0.8,1,1,0.7,0.65,0.5,0.5,0.5,1,0.5,0.5,0.5,0.5,0.5,0.5,0.9
LATAM,2596,WHY_LATAM,LATAM,377,why__613bbfebd7cdd60585f6a3a2,why,Investment_Arquetypes_2022,Content_Export_Investment_Arquetypes_2022_full-latin-final.csv,613bbfebd7cdd60585f6a3a2,613bbfebd7cdd60585f6a3a2,NA,MX,MX,latin_america,18_24,male,employed,usable_complete,TRUE,TRUE,32,0.6,0.85,0.85,0.6,0.61,0.66,0.56,0.55,0.75,0.86,0.8,0.7,1,0.85,0.9,0.5,0.66,0.65,0.8,0.75,0.65,0.61,0.55,0.5,0.7,0.7,0.65,0.5,0.65,0.5,0.5,0.5
LATAM,2597,WHY_LATAM,LATAM,378,why__613befc9cd4cf2abfaa8a42e,why,Investment_Arquetypes_2022,Content_Export_Investment_Arquetypes_2022_full-latin-final.csv,613befc9cd4cf2abfaa8a42e,613befc9cd4cf2abfaa8a42e,NA,MX,MX,latin_america,25_34,female,employed,usable_complete,TRUE,TRUE,32,0.6,0.63,0.75,0.5,0.5,0.5,0.66,0.6,0.83,0.64,0.6,0.6,0.7,0.5,0.5,0.5,0.58,0.64,0.6,0.5,0.65,0.7,0.5,0.5,0.7,0.5,0.5,0.5,0.5,0.56,0.5,0.61
LATAM,2598,WHY_LATAM,LATAM,379,why__613c00b88f61dc898936eeb4,why,Investment_Arquetypes_2022,Content_Export_Investment_Arquetypes_2022_full-latin-final.csv,613c00b88f61dc898936eeb4,613c00b88f61dc898936eeb4,NA,MX,MX,latin_america,18_24,female,employed,usable_complete,TRUE,TRUE,32,0.59,0.58,0.64,0.67,0.54,0.74,0.65,0.59,0.5,0.58,0.56,0.5,0.6,0.5,0.62,0.62,0.76,0.54,0.58,0.56,0.67,0.5,0.55,0.5,0.73,0.5,0.5,0.5,0.57,0.5,0.5,0.64
LATAM,2599,WHY_LATAM,LATAM,380,why__613c26e64b62a02b49f56947,why,Investment_Arquetypes_2022,Content_Export_Investment_Arquetypes_2022_full-latin-final.csv,613c26e64b62a02b49f56947,613c26e64b62a02b49f56947,NA,MX,MX,latin_america,25_34,male,employed,usable_complete,TRUE,TRUE,32,0.78,0.8,0.86,0.6,1,0.82,0.91,0.58,0.95,1,0.88,0.77,0.64,0.71,0.75,0.78,0.77,0.97,0.75,0.59,0.81,0.5,0.69,0.5,0.5,0.5,0.6,0.5,0.5,0.5,0.5,1
LATAM,2600,WHY_LATAM,LATAM,381,why__613c26f7960541b930b654d7,why,Investment_Arquetypes_2022,Content_Export_Investment_Arquetypes_2022_full-latin-final.csv,613c26f7960541b930b654d7,613c26f7960541b930b654d7,NA,MX,MX,latin_america,25_34,female,unemployed,usable_complete,TRUE,TRUE,32,0.6,0.5,0.5,0.67,0.68,0.76,0.63,0.83,0.62,0.73,0.67,0.86,0.5,0.8,0.76,0.84,0.87,0.68,0.61,0.5,0.8,0.5,0.73,0.5,0.77,0.58,0.5,0.5,0.5,0.5,0.5,0.73
LATAM,2601,WHY_LATAM,LATAM,382,why__613c542c957161802d700fb2,why,Investment_Arquetypes_2022,Content_Export_Investment_Arquetypes_2022_full-latin-final.csv,613c542c957161802d700fb2,613c542c957161802d700fb2,NA,MX,MX,latin_america,18_24,female,inactive_other,usable_partial,TRUE,TRUE,31,0.5,0.91,0.86,0.5,0.91,0.87,0.5,0.92,0.66,0.87,0.81,0.91,0.73,0.74,0.5,0.5,0.5,0.5,0.67,0.61,0.5,0.53,1,0.5,0.72,0.92,0.5,0.5,0.5,0.5,0.5,0.8
LATAM,2602,WHY_LATAM,LATAM,383,why__613cc17e41ff5ec4fdf2c966,why,Investment_Arquetypes_2022,Content_Export_Investment_Arquetypes_2022_full-latin-final.csv,613cc17e41ff5ec4fdf2c966,613cc17e41ff5ec4fdf2c966,NA,MX,MX,latin_america,25_34,female,employed,usable_complete,TRUE,TRUE,32,0.6,0.7,0.54,0.5,0.5,0.5,0.61,0.56,0.7,0.63,0.7,0.7,0.61,0.5,0.61,0.6,0.62,0.5,0.5,0.5,0.57,0.5,0.67,0.5,0.63,0.56,0.5,0.5,0.5,0.5,0.5,0.5
LATAM,2603,WHY_LATAM,LATAM,384,why__613ce0908bb5dbe6bcb5944a,why,Investment_Arquetypes_2022,Content_Export_Investment_Arquetypes_2022_full-latin-final.csv,613ce0908bb5dbe6bcb5944a,613ce0908bb5dbe6bcb5944a,NA,MX,MX,latin_america,25_34,female,employed,usable_complete,TRUE,TRUE,32,0.66,0.65,0.72,0.5,0.5,0.73,0.7,0.5,0.7,0.64,0.69,0.68,0.63,0.5,1,0.66,0.5,0.62,0.67,0.69,0.79,0.71,0.5,0.69,0.5,0.66,0.68,0.65,0.5,0.5,0.5,0.75
LATAM,2604,WHY_LATAM,LATAM,385,why__613d17189f701e7a75b88d68,why,Investment_Arquetypes_2022,Content_Export_Investment_Arquetypes_2022_full-latin-final.csv,613d17189f701e7a75b88d68,613d17189f701e7a75b88d68,NA,MX,MX,latin_america,25_34,female,unemployed,usable_partial,TRUE,TRUE,30,0.64,0.82,0.62,0.7,0.6,0.88,0.7,0.8,0.75,0.88,0.8,0.75,0.8,0.85,0.86,0.5,0.74,0.5,0.8,0.7,0.78,0.5,0.8,0.5,0.6,0.56,0.5,0.5,0.5,0.5,0.5,0.68
LATAM,2605,WHY_LATAM,LATAM,386,why__613d27b40800b7766ba938d8,why,Investment_Arquetypes_2022,Content_Export_Investment_Arquetypes_2022_full-latin-final.csv,613d27b40800b7766ba938d8,613d27b40800b7766ba938d8,NA,MX,MX,latin_america,18_24,female,employed,usable_partial,TRUE,TRUE,31,0.95,0.5,0.83,0.5,0.5,0.5,0.5,0.65,0.64,0.65,0.5,0.63,0.67,0.5,0.71,0.66,0.67,0.6,0.67,0.6,0.54,0.55,0.62,0.5,0.5,0.7,0.78,0.8,0.5,0.73,0.5,0.56
LATAM,2606,WHY_LATAM,LATAM,387,why__613d2a7208f243bb8693418e,why,Investment_Arquetypes_2022,Content_Export_Investment_Arquetypes_2022_full-latin-final.csv,613d2a7208f243bb8693418e,613d2a7208f243bb8693418e,NA,MX,MX,latin_america,25_34,male,employed,usable_complete,TRUE,TRUE,32,0.5,0.79,0.71,0.5,0.5,0.5,0.5,0.66,0.64,0.5,0.65,0.67,0.67,0.5,0.6,0.62,0.5,0.87,0.58,0.61,0.67,0.59,0.5,0.62,0.61,0.59,0.5,0.5,0.5,0.62,0.5,0.58
LATAM,2607,WHY_LATAM,LATAM,388,why__613d424625638e68d8a9b8c6,why,Investment_Arquetypes_2022,Content_Export_Investment_Arquetypes_2022_full-latin-final.csv,613d424625638e68d8a9b8c6,613d424625638e68d8a9b8c6,NA,MX,MX,latin_america,18_24,male,employed,usable_complete,TRUE,TRUE,32,0.7,0.9,0.75,0.57,0.6,0.5,0.5,0.7,0.74,1,0.5,0.76,1,0.5,0.75,0.6,0.6,1,0.6,0.6,0.55,0.6,0.5,0.5,0.5,0.6,0.5,0.5,0.5,0.5,0.5,0.5
LATAM,2608,WHY_LATAM,LATAM,389,why__613d52fd70350a41c7c55bf7,why,Investment_Arquetypes_2022,Content_Export_Investment_Arquetypes_2022_full-latin-final.csv,613d52fd70350a41c7c55bf7,613d52fd70350a41c7c55bf7,NA,MX,MX,latin_america,18_24,female,employed,usable_complete,TRUE,TRUE,32,0.61,1,0.74,0.63,0.5,0.5,0.59,0.62,1,0.83,0.82,0.62,0.81,0.5,0.86,0.6,1,0.67,0.78,0.65,0.75,0.5,0.5,0.5,0.63,0.55,0.5,0.5,0.5,0.5,0.5,0.63
LATAM,2609,WHY_LATAM,LATAM,390,why__613e5f8850eae60e0e24d723,why,Investment_Arquetypes_2022,Content_Export_Investment_Arquetypes_2022_full-latin-final.csv,613e5f8850eae60e0e24d723,613e5f8850eae60e0e24d723,NA,MX,MX,latin_america,25_34,male,employed,usable_complete,TRUE,TRUE,32,0.74,1,0.82,0.83,0.57,1,0.66,0.62,0.81,1,1,0.92,1,0.77,0.81,1,0.92,0.66,0.83,0.5,1,0.5,0.59,0.5,1,1,0.63,0.5,0.82,0.5,0.5,0.5
LATAM,2610,WHY_LATAM,LATAM,391,why__613e79bab4ffe7389bb2a20c,why,Investment_Arquetypes_2022,Content_Export_Investment_Arquetypes_2022_full-latin-final.csv,613e79bab4ffe7389bb2a20c,613e79bab4ffe7389bb2a20c,NA,MX,MX,latin_america,18_24,female,employed,usable_complete,TRUE,TRUE,32,0.5,1,0.5,0.84,0.5,0.5,0.76,0.77,0.5,1,0.93,0.5,0.71,0.5,0.63,1,1,0.85,0.5,0.5,0.72,0.5,0.64,0.61,0.5,0.5,0.5,0.5,0.5,0.75,0.5,0.5
LATAM,2611,WHY_LATAM,LATAM,392,why__613e7eeac77b3f7e3c03b01b,why,Investment_Arquetypes_2022,Content_Export_Investment_Arquetypes_2022_full-latin-final.csv,613e7eeac77b3f7e3c03b01b,613e7eeac77b3f7e3c03b01b,NA,MX,MX,latin_america,18_24,female,employed,usable_complete,TRUE,TRUE,32,0.7,0.8,0.9,0.6,0.5,0.6,0.5,0.5,0.5,1,1,0.98,1,0.87,1,0.7,1,0.8,1,0.8,0.9,0.8,0.5,0.5,0.5,1,0.6,0.5,1,0.5,0.5,0.7
LATAM,2613,WHY_LATAM,LATAM,394,why__613eb686f547ddd4edaa898f,why,Investment_Arquetypes_2022,Content_Export_Investment_Arquetypes_2022_full-latin-final.csv,613eb686f547ddd4edaa898f,613eb686f547ddd4edaa898f,NA,MX,MX,latin_america,18_24,male,unemployed,usable_complete,TRUE,TRUE,32,1,0.8,0.8,0.86,0.8,1,0.81,1,1,0.73,0.75,1,0.76,1,0.58,1,1,0.8,0.73,0.73,1,0.5,1,0.8,0.68,1,1,0.81,0.7,0.83,0.5,0.67
LATAM,2614,WHY_LATAM,LATAM,395,why__613f6b1630971f18562691f9,why,Investment_Arquetypes_2022,Content_Export_Investment_Arquetypes_2022_full-latin-final.csv,613f6b1630971f18562691f9,613f6b1630971f18562691f9,NA,MX,MX,latin_america,25_34,female,employed,usable_complete,TRUE,TRUE,32,0.65,1,0.75,1,0.9,0.7,0.65,0.75,1,0.8,0.6,0.8,1,1,1,1,1,0.9,1,1,0.7,0.5,0.5,0.5,0.9,0.9,1,0.5,0.5,0.5,0.5,1
LATAM,2615,WHY_LATAM,LATAM,396,why__613f7e7bb3f0ae74dccd6a4e,why,Investment_Arquetypes_2022,Content_Export_Investment_Arquetypes_2022_full-latin-final.csv,613f7e7bb3f0ae74dccd6a4e,613f7e7bb3f0ae74dccd6a4e,NA,MX,MX,latin_america,18_24,female,unemployed,usable_complete,TRUE,TRUE,32,0.5,0.98,0.77,0.5,0.51,0.52,0.5,0.6,0.83,0.71,0.5,0.87,0.63,0.72,0.76,0.65,0.87,1,0.74,0.5,0.82,1,0.5,0.76,1,0.71,0.5,0.71,0.89,0.66,0.85,0.72
LATAM,2616,WHY_LATAM,LATAM,397,why__613f90102d1544ce1403ea89,why,Investment_Arquetypes_2022,Content_Export_Investment_Arquetypes_2022_full-latin-final.csv,613f90102d1544ce1403ea89,613f90102d1544ce1403ea89,NA,MX,MX,latin_america,35_44,male,unknown,usable_complete,TRUE,TRUE,32,0.62,0.56,0.62,0.51,0.6,0.71,0.54,0.67,0.53,0.7,0.78,0.61,0.69,0.54,0.61,0.68,0.59,0.61,0.58,0.53,0.53,0.5,0.61,0.5,0.57,0.54,0.58,0.5,0.5,0.5,0.5,0.5
LATAM,2617,WHY_LATAM,LATAM,398,why__613fb961c23ea1a83a98e57b,why,Investment_Arquetypes_2022,Content_Export_Investment_Arquetypes_2022_full-latin-final.csv,613fb961c23ea1a83a98e57b,613fb961c23ea1a83a98e57b,NA,MX,MX,latin_america,18_24,female,employed,usable_partial,TRUE,TRUE,30,0.68,0.6,0.5,0.5,0.74,0.9,0.7,0.67,0.61,0.5,0.79,1,0.64,0.57,0.64,0.66,0.88,0.58,0.76,0.6,0.84,0.5,0.5,0.5,0.5,0.65,0.5,0.5,0.5,0.5,0.5,0.62
LATAM,2618,WHY_LATAM,LATAM,399,why__613fde0b34b0cbed4c9250ad,why,Investment_Arquetypes_2022,Content_Export_Investment_Arquetypes_2022_full-latin-final.csv,613fde0b34b0cbed4c9250ad,613fde0b34b0cbed4c9250ad,NA,MX,MX,latin_america,18_24,female,unemployed,usable_partial,TRUE,TRUE,31,1,0.89,0.5,0.6,0.88,0.7,0.5,0.5,0.6,0.81,0.65,1,0.96,0.5,0.5,1,0.5,0.8,0.66,0.5,0.56,0.5,0.5,0.5,0.5,0.5,0.5,0.54,0.5,0.5,0.5,0.5
LATAM,2619,WHY_LATAM,LATAM,400,why__61400425790ab5dbef568393,why,Investment_Arquetypes_2022,Content_Export_Investment_Arquetypes_2022_full-latin-final.csv,61400425790ab5dbef568393,61400425790ab5dbef568393,NA,MX,MX,latin_america,25_34,female,unknown,usable_complete,TRUE,TRUE,32,0.75,0.85,0.55,0.5,0.5,0.5,0.7,0.65,0.85,1,0.7,0.6,0.71,0.5,1,0.7,0.65,0.7,0.8,0.75,0.6,0.5,0.81,0.5,0.5,0.5,0.5,0.5,0.5,0.5,0.5,0.5
LATAM,2620,WHY_LATAM,LATAM,401,why__614018867826df1c3ce4323a,why,Investment_Arquetypes_2022,Content_Export_Investment_Arquetypes_2022_full-latin-final.csv,614018867826df1c3ce4323a,614018867826df1c3ce4323a,NA,MX,MX,latin_america,25_34,male,employed,usable_complete,TRUE,TRUE,32,0.5,1,0.76,0.5,0.5,0.5,0.5,0.59,0.5,0.8,0.55,0.6,0.6,0.5,0.67,0.62,0.75,0.64,0.63,0.63,0.6,0.58,0.5,0.5,0.6,0.8,0.6,0.87,0.56,0.7,0.6,0.5
LATAM,2621,WHY_LATAM,LATAM,402,why__61403ccaf15c48625b82ec6b,why,Investment_Arquetypes_2022,Content_Export_Investment_Arquetypes_2022_full-latin-final.csv,61403ccaf15c48625b82ec6b,61403ccaf15c48625b82ec6b,NA,MX,MX,latin_america,18_24,male,employed,usable_complete,TRUE,TRUE,32,0.57,0.63,0.6,0.56,0.5,0.5,0.51,0.5,0.54,0.76,0.53,0.65,0.59,0.5,0.86,0.71,0.57,0.71,0.54,0.7,0.69,0.5,0.5,0.5,0.55,0.77,0.55,0.5,0.56,0.5,0.5,0.5
LATAM,2622,WHY_LATAM,LATAM,403,why__6140d774f8f9b0dcefc6b70d,why,Investment_Arquetypes_2022,Content_Export_Investment_Arquetypes_2022_full-latin-final.csv,6140d774f8f9b0dcefc6b70d,6140d774f8f9b0dcefc6b70d,NA,MX,MX,latin_america,25_34,male,employed,usable_complete,TRUE,TRUE,32,0.96,0.98,0.84,0.76,0.65,0.76,0.82,0.5,0.76,0.85,0.71,0.91,0.72,0.5,0.86,0.87,0.81,0.8,0.77,0.85,0.85,0.5,0.5,0.5,0.5,0.78,0.5,0.5,0.5,0.59,0.5,0.91
LATAM,2623,WHY_LATAM,LATAM,404,why__6141566319dbb6998ac9cb21,why,Investment_Arquetypes_2022,Content_Export_Investment_Arquetypes_2022_full-latin-final.csv,6141566319dbb6998ac9cb21,6141566319dbb6998ac9cb21,NA,MX,MX,latin_america,18_24,male,employed,usable_complete,TRUE,TRUE,32,0.96,0.59,0.75,0.5,0.9,0.5,0.5,0.8,0.71,0.88,0.74,0.86,0.75,0.5,0.84,0.82,0.78,0.74,0.62,0.54,0.5,0.69,0.5,0.5,0.8,0.5,0.52,0.5,0.73,0.5,0.5,0.5
LATAM,2624,WHY_LATAM,LATAM,405,why__614220034f7198b7c67a60c9,why,Investment_Arquetypes_2022,Content_Export_Investment_Arquetypes_2022_full-latin-final.csv,614220034f7198b7c67a60c9,614220034f7198b7c67a60c9,NA,MX,MX,latin_america,25_34,female,inactive_other,usable_partial,TRUE,TRUE,29,0.84,0.5,0.73,0.5,0.5,0.72,0.5,0.69,0.72,0.58,0.69,0.99,0.77,0.96,0.73,0.5,0.5,0.5,0.72,0.77,0.78,0.5,0.71,0.63,0.97,0.5,0.5,0.5,0.9,0.5,0.67,0.7
LATAM,2625,WHY_LATAM,LATAM,406,why__614254caca61eb2f1ee5df31,why,Investment_Arquetypes_2022,Content_Export_Investment_Arquetypes_2022_full-latin-final.csv,614254caca61eb2f1ee5df31,614254caca61eb2f1ee5df31,NA,MX,MX,latin_america,25_34,female,employed,usable_complete,TRUE,TRUE,32,1,0.92,0.5,0.86,0.8,0.75,0.65,0.5,0.99,0.63,0.5,0.64,0.5,0.72,0.89,0.74,0.5,0.9,1,0.84,0.5,0.5,0.5,0.5,0.5,0.5,0.78,0.6,0.78,0.5,0.5,0.5
LATAM,2626,WHY_LATAM,LATAM,407,why__61427638cf7d53661a232858,why,Investment_Arquetypes_2022,Content_Export_Investment_Arquetypes_2022_full-latin-final.csv,61427638cf7d53661a232858,61427638cf7d53661a232858,NA,MX,MX,latin_america,25_34,female,employed,usable_complete,TRUE,TRUE,32,0.9,0.9,0.85,0.5,0.6,0.5,0.8,1,0.8,1,0.5,1,0.7,0.5,1,1,1,0.85,1,0.9,0.9,0.55,0.7,0.9,0.8,0.8,0.9,0.5,0.55,1,0.5,0.9
LATAM,2627,WHY_LATAM,LATAM,408,why__614280eba55c35f7925dece3,why,Investment_Arquetypes_2022,Content_Export_Investment_Arquetypes_2022_full-latin-final.csv,614280eba55c35f7925dece3,614280eba55c35f7925dece3,NA,MX,MX,latin_america,25_34,female,employed,usable_partial,TRUE,TRUE,31,0.5,0.71,0.5,0.5,0.5,0.7,0.6,0.64,0.5,0.66,0.8,0.52,0.67,0.5,0.67,0.63,0.62,0.63,0.72,0.5,0.69,0.5,0.66,0.5,0.74,0.5,0.74,0.5,0.7,0.69,0.65,0.5
LATAM,2628,WHY_LATAM,LATAM,409,why__61428986257808bc16da05c6,why,Investment_Arquetypes_2022,Content_Export_Investment_Arquetypes_2022_full-latin-final.csv,61428986257808bc16da05c6,61428986257808bc16da05c6,NA,MX,MX,latin_america,18_24,male,other,usable_complete,TRUE,TRUE,32,0.75,0.6,0.6,0.5,0.5,0.5,0.8,0.65,0.7,0.95,0.8,0.6,0.55,0.5,0.9,0.6,0.75,0.8,1,0.9,1,0.5,0.5,0.5,0.5,0.65,0.5,0.5,0.5,0.5,0.5,0.5
LATAM,2629,WHY_LATAM,LATAM,410,why__61428b6ecdd1efd0868ef6b9,why,Investment_Arquetypes_2022,Content_Export_Investment_Arquetypes_2022_full-latin-final.csv,61428b6ecdd1efd0868ef6b9,61428b6ecdd1efd0868ef6b9,NA,MX,MX,latin_america,25_34,female,employed,usable_complete,TRUE,TRUE,32,0.62,1,0.5,0.7,0.53,0.7,0.57,0.56,0.6,0.75,0.59,0.75,0.59,0.57,0.61,0.6,0.58,0.55,0.55,0.59,0.53,0.5,0.5,0.5,0.5,0.5,0.5,0.5,0.5,0.52,0.5,0.52
LATAM,2630,WHY_LATAM,LATAM,411,why__614386aaad55b05aa5c7767e,why,Investment_Arquetypes_2022,Content_Export_Investment_Arquetypes_2022_full-latin-final.csv,614386aaad55b05aa5c7767e,614386aaad55b05aa5c7767e,NA,MX,MX,latin_america,18_24,female,employed,usable_partial,TRUE,TRUE,26,0.7,0.5,0.5,0.75,0.63,0.71,0.5,0.5,0.5,0.87,0.6,0.51,1,0.78,0.75,0.5,0.73,0.5,0.7,0.5,0.5,0.5,0.76,0.5,0.5,0.63,0.5,0.5,0.5,0.5,0.5,0.72
LATAM,2631,WHY_LATAM,LATAM,412,why__6143a74ee2a59fe9ef24de02,why,Investment_Arquetypes_2022,Content_Export_Investment_Arquetypes_2022_full-latin-final.csv,6143a74ee2a59fe9ef24de02,6143a74ee2a59fe9ef24de02,NA,MX,MX,latin_america,18_24,female,unemployed,usable_complete,TRUE,TRUE,32,0.9,0.92,0.68,0.71,0.55,0.61,0.69,0.65,0.88,0.88,0.62,0.88,0.69,0.74,0.88,0.89,0.92,0.69,0.82,0.68,0.57,0.68,0.97,0.7,0.55,0.75,0.62,0.61,0.61,0.51,0.5,0.94
LATAM,2632,WHY_LATAM,LATAM,413,why__6143fce3f32125a7e2811fbd,why,Investment_Arquetypes_2022,Content_Export_Investment_Arquetypes_2022_full-latin-final.csv,6143fce3f32125a7e2811fbd,6143fce3f32125a7e2811fbd,NA,MX,MX,latin_america,18_24,male,unemployed,usable_complete,TRUE,TRUE,32,0.82,0.65,0.66,0.5,0.5,0.61,0.86,0.66,0.74,1,0.79,0.75,0.5,0.5,0.71,1,0.79,0.5,0.88,0.91,1,0.5,0.84,0.96,0.79,0.93,0.92,0.5,1,0.69,0.5,0.5
LATAM,2633,WHY_LATAM,LATAM,414,why__6144c512c528f4bbbec67287,why,Investment_Arquetypes_2022,Content_Export_Investment_Arquetypes_2022_full-latin-final.csv,6144c512c528f4bbbec67287,6144c512c528f4bbbec67287,NA,MX,MX,latin_america,18_24,male,unemployed,usable_complete,TRUE,TRUE,32,0.6,0.7,0.8,0.7,0.5,0.7,1,0.8,0.5,0.9,0.9,1,0.8,0.6,0.8,0.8,0.9,0.7,0.7,0.7,1,0.5,0.8,0.5,0.8,0.8,0.5,0.5,0.5,0.5,0.5,0.7
LATAM,2634,WHY_LATAM,LATAM,415,why__61468b271736dbb6dc2d137e,why,Investment_Arquetypes_2022,Content_Export_Investment_Arquetypes_2022_full-latin-final.csv,61468b271736dbb6dc2d137e,61468b271736dbb6dc2d137e,NA,MX,MX,latin_america,18_24,male,employed,usable_complete,TRUE,TRUE,32,0.77,1,0.98,0.65,0.6,0.5,0.7,0.97,0.85,1,0.5,0.61,0.9,0.5,1,0.83,0.62,0.74,0.5,0.5,0.79,0.5,0.77,0.5,0.67,0.5,0.5,0.5,0.5,0.5,0.5,0.5
LATAM,2635,WHY_LATAM,LATAM,416,why__6147e6a2c845382b450a2748,why,Investment_Arquetypes_2022,Content_Export_Investment_Arquetypes_2022_full-latin-final.csv,6147e6a2c845382b450a2748,6147e6a2c845382b450a2748,NA,MX,MX,latin_america,25_34,female,unknown,usable_complete,TRUE,TRUE,32,0.5,1,0.73,0.5,0.88,0.5,0.5,0.9,0.83,0.66,0.57,0.74,0.6,0.5,0.81,0.82,0.5,0.6,1,0.53,0.9,0.89,0.55,0.69,0.5,0.5,0.77,0.84,0.91,0.5,0.62,0.5
LATAM,2636,WHY_LATAM,LATAM,417,why__614892c21d455a2f7fe6eee1,why,Investment_Arquetypes_2022,Content_Export_Investment_Arquetypes_2022_full-latin-final.csv,614892c21d455a2f7fe6eee1,614892c21d455a2f7fe6eee1,NA,MX,MX,latin_america,18_24,female,unemployed,usable_complete,TRUE,TRUE,32,0.5,0.85,0.5,0.5,0.7,0.5,0.5,0.6,0.81,0.5,1,0.8,0.7,0.5,0.7,0.8,0.85,0.75,0.6,0.7,0.5,0.5,0.6,0.5,0.5,0.65,0.5,0.5,0.5,0.5,0.5,0.85
LATAM,2637,WHY_LATAM,LATAM,418,why__6148ad8986cdf6fb069b432c,why,Investment_Arquetypes_2022,Content_Export_Investment_Arquetypes_2022_full-latin-final.csv,6148ad8986cdf6fb069b432c,6148ad8986cdf6fb069b432c,NA,MX,MX,latin_america,18_24,male,employed,usable_complete,TRUE,TRUE,32,1,0.69,0.98,0.76,0.65,0.6,0.72,0.98,0.72,0.99,0.87,0.86,0.71,1,0.77,0.68,1,0.6,0.86,0.98,0.79,0.74,0.76,0.72,0.9,0.7,0.5,0.66,0.5,0.59,0.5,0.5
LATAM,2638,WHY_LATAM,LATAM,419,why__6148bf90e4a4620ca010c833,why,Investment_Arquetypes_2022,Content_Export_Investment_Arquetypes_2022_full-latin-final.csv,6148bf90e4a4620ca010c833,6148bf90e4a4620ca010c833,NA,MX,MX,latin_america,25_34,male,employed,usable_complete,TRUE,TRUE,32,1,0.77,0.68,0.5,0.85,0.5,0.67,0.8,0.86,1,0.73,0.92,0.8,0.83,0.73,0.69,0.76,0.82,0.81,0.83,0.86,0.5,0.78,0.5,0.5,0.65,0.5,0.89,0.7,0.81,0.5,0.5
LATAM,2639,WHY_LATAM,LATAM,420,why__6148ca2f6b6bdff955a1a5b1,why,Investment_Arquetypes_2022,Content_Export_Investment_Arquetypes_2022_full-latin-final.csv,6148ca2f6b6bdff955a1a5b1,6148ca2f6b6bdff955a1a5b1,NA,MX,MX,latin_america,25_34,female,employed,usable_partial,TRUE,TRUE,31,0.75,0.9,0.7,0.5,0.5,0.5,0.5,0.7,1,1,0.7,0.5,0.5,0.7,0.7,0.8,0.85,0.5,1,1,0.8,0.6,0.65,0.5,0.6,0.5,0.6,0.5,0.5,0.5,0.5,0.6
LATAM,2640,WHY_LATAM,LATAM,421,why__614a5ef08ba15d46343b1986,why,Investment_Arquetypes_2022,Content_Export_Investment_Arquetypes_2022_full-latin-final.csv,614a5ef08ba15d46343b1986,614a5ef08ba15d46343b1986,NA,MX,MX,latin_america,18_24,male,unknown,usable_complete,TRUE,TRUE,32,0.7,0.6,0.65,0.6,0.5,0.5,0.65,0.8,0.7,0.8,0.65,0.71,0.6,0.7,0.7,0.7,0.7,0.65,0.7,0.7,0.8,0.5,0.65,0.65,0.65,0.6,0.5,0.5,0.7,0.5,0.5,0.5
LATAM,2641,WHY_LATAM,LATAM,422,why__614ab9a1c3eb9f981b40c893,why,Investment_Arquetypes_2022,Content_Export_Investment_Arquetypes_2022_full-latin-final.csv,614ab9a1c3eb9f981b40c893,614ab9a1c3eb9f981b40c893,NA,MX,MX,latin_america,25_34,male,employed,usable_complete,TRUE,TRUE,32,0.56,0.76,0.5,0.62,0.5,0.5,0.59,0.68,0.65,0.67,0.61,0.69,0.72,0.77,0.69,0.7,0.67,0.67,0.57,0.54,0.67,0.5,0.64,0.5,0.62,0.67,0.5,0.5,0.5,0.5,0.5,0.63
LATAM,2642,WHY_LATAM,LATAM,423,why__614b5380d1c125efc68febea,why,Investment_Arquetypes_2022,Content_Export_Investment_Arquetypes_2022_full-latin-final.csv,614b5380d1c125efc68febea,614b5380d1c125efc68febea,NA,MX,MX,latin_america,25_34,female,employed,usable_complete,TRUE,TRUE,32,0.63,0.68,0.69,0.58,0.66,0.7,0.5,0.5,0.66,0.5,0.5,0.5,0.5,0.65,0.53,0.59,0.5,0.6,0.71,0.73,0.63,0.5,0.5,0.5,0.5,0.67,0.5,0.69,0.5,0.68,0.67,0.77
LATAM,2643,WHY_LATAM,LATAM,424,why__614b56db574226da0851f05c,why,Investment_Arquetypes_2022,Content_Export_Investment_Arquetypes_2022_full-latin-final.csv,614b56db574226da0851f05c,614b56db574226da0851f05c,NA,MX,MX,latin_america,25_34,female,employed,usable_partial,TRUE,TRUE,30,0.5,0.5,0.6,0.6,0.5,0.5,0.5,0.5,0.7,0.52,0.6,0.9,0.75,0.8,0.9,0.6,0.81,0.8,0.55,0.5,0.6,0.5,0.65,0.5,0.5,0.54,0.5,0.5,0.5,0.5,0.5,0.75
LATAM,2644,WHY_LATAM,LATAM,425,why__614cce1a0dcaa6b078d3d5a7,why,Investment_Arquetypes_2022,Content_Export_Investment_Arquetypes_2022_full-latin-final.csv,614cce1a0dcaa6b078d3d5a7,614cce1a0dcaa6b078d3d5a7,NA,MX,MX,latin_america,18_24,male,unknown,usable_complete,TRUE,TRUE,32,0.8,0.85,0.65,0.6,0.7,0.75,0.5,0.65,0.7,0.8,0.7,0.75,0.7,0.65,0.75,0.7,0.65,0.7,0.8,0.7,0.7,0.55,0.65,0.55,0.65,0.65,0.5,0.55,0.6,0.65,0.5,0.7
LATAM,2645,WHY_LATAM,LATAM,426,why__614dd5f6c07191a861f2bd78,why,Investment_Arquetypes_2022,Content_Export_Investment_Arquetypes_2022_full-latin-final.csv,614dd5f6c07191a861f2bd78,614dd5f6c07191a861f2bd78,NA,MX,MX,latin_america,18_24,male,employed,usable_complete,TRUE,TRUE,32,0.9,0.5,0.5,0.5,0.55,0.75,0.86,0.6,0.6,0.85,0.7,0.7,0.8,0.7,0.9,0.8,0.82,0.76,0.76,0.8,0.8,0.6,0.85,0.5,0.5,0.8,0.5,0.5,0.5,0.5,0.5,0.78
LATAM,2646,WHY_LATAM,LATAM,427,why__614f5fdc92cf035aad2ba1b2,why,Investment_Arquetypes_2022,Content_Export_Investment_Arquetypes_2022_full-latin-final.csv,614f5fdc92cf035aad2ba1b2,614f5fdc92cf035aad2ba1b2,NA,MX,MX,latin_america,18_24,female,employed,usable_complete,TRUE,TRUE,32,0.5,0.74,0.69,0.5,0.5,0.68,0.94,1,0.67,0.99,0.73,1,0.68,1,0.79,0.76,0.78,0.82,0.71,0.56,0.86,0.5,0.5,0.71,0.8,1,1,0.8,0.5,0.69,0.5,1
LATAM,2647,WHY_LATAM,LATAM,428,why__614f64f9c11bac7b4bb00030,why,Investment_Arquetypes_2022,Content_Export_Investment_Arquetypes_2022_full-latin-final.csv,614f64f9c11bac7b4bb00030,614f64f9c11bac7b4bb00030,NA,MX,MX,latin_america,25_34,female,employed,usable_complete,TRUE,TRUE,32,0.5,0.5,0.6,0.5,0.5,0.76,1,1,0.56,0.61,1,0.5,1,0.5,1,1,0.79,0.68,0.5,0.5,1,0.5,1,0.5,1,0.5,0.5,0.5,0.5,0.5,0.5,0.5
LATAM,2648,WHY_LATAM,LATAM,429,why__614f70b55373b6760cb9d5c9,why,Investment_Arquetypes_2022,Content_Export_Investment_Arquetypes_2022_full-latin-final.csv,614f70b55373b6760cb9d5c9,614f70b55373b6760cb9d5c9,NA,MX,MX,latin_america,55_64,male,employed,usable_complete,TRUE,TRUE,32,0.6,0.5,0.6,0.65,0.5,0.5,0.7,0.75,0.7,0.9,0.85,0.75,0.85,0.55,0.7,0.65,0.6,0.8,0.7,0.7,0.7,0.5,0.55,0.5,0.5,0.55,0.5,0.5,0.5,0.5,0.5,0.6
LATAM,2649,WHY_LATAM,LATAM,430,why__614f82c2c5531f58f0109978,why,Investment_Arquetypes_2022,Content_Export_Investment_Arquetypes_2022_full-latin-final.csv,614f82c2c5531f58f0109978,614f82c2c5531f58f0109978,NA,MX,MX,latin_america,25_34,male,employed,usable_complete,TRUE,TRUE,32,0.77,0.78,0.71,0.84,0.68,0.69,0.83,0.76,0.89,0.71,0.82,0.83,0.66,0.83,0.85,0.8,0.85,0.71,0.89,0.79,0.77,0.73,0.73,0.79,0.84,0.83,0.8,0.8,0.75,0.72,0.71,0.8
LATAM,2650,WHY_LATAM,LATAM,431,why__6151cac776c9ba6b61b3351b,why,Investment_Arquetypes_2022,Content_Export_Investment_Arquetypes_2022_full-latin-final.csv,6151cac776c9ba6b61b3351b,6151cac776c9ba6b61b3351b,NA,MX,MX,latin_america,25_34,female,employed,usable_complete,TRUE,TRUE,32,0.84,0.85,0.81,0.86,0.77,0.83,0.99,1,1,0.83,0.86,0.91,1,0.91,0.92,0.98,0.88,0.93,1,0.94,0.99,0.5,0.72,0.8,0.83,0.9,1,0.58,0.7,0.99,0.5,0.81
LATAM,2651,WHY_LATAM,LATAM,432,why__6151cfe3ba49dd3ad62708ee,why,Investment_Arquetypes_2022,Content_Export_Investment_Arquetypes_2022_full-latin-final.csv,6151cfe3ba49dd3ad62708ee,6151cfe3ba49dd3ad62708ee,NA,MX,MX,latin_america,35_44,male,unknown,usable_complete,TRUE,TRUE,32,0.82,0.72,0.5,0.5,0.5,0.62,0.63,0.69,0.83,0.69,0.85,0.69,0.77,0.69,0.59,0.5,0.65,0.71,0.75,0.73,0.66,0.5,0.67,0.5,0.73,0.73,0.66,0.5,0.5,0.5,0.72,0.74
LATAM,2652,WHY_LATAM,LATAM,433,why__6151d44b37b6d4d1f414a2c6,why,Investment_Arquetypes_2022,Content_Export_Investment_Arquetypes_2022_full-latin-final.csv,6151d44b37b6d4d1f414a2c6,6151d44b37b6d4d1f414a2c6,NA,MX,MX,latin_america,18_24,female,employed,usable_partial,TRUE,TRUE,31,0.5,0.81,0.72,0.5,0.5,0.78,0.68,0.5,0.68,0.69,0.5,0.64,0.64,0.67,0.75,0.53,0.5,0.5,0.64,0.62,0.59,0.54,0.67,0.5,0.52,0.5,0.59,0.54,0.5,0.51,0.5,0.86
LATAM,2653,WHY_LATAM,LATAM,434,why__6151fc337e8e6c69ea53efd8,why,Investment_Arquetypes_2022,Content_Export_Investment_Arquetypes_2022_full-latin-final.csv,6151fc337e8e6c69ea53efd8,6151fc337e8e6c69ea53efd8,NA,MX,MX,latin_america,18_24,female,employed,usable_complete,TRUE,TRUE,32,1,0.5,1,0.5,0.82,0.74,1,0.5,1,1,1,1,0.7,0.74,1,0.81,1,1,1,1,1,0.68,0.83,0.5,0.5,0.82,0.5,1,0.5,0.77,0.76,0.5
LATAM,2654,WHY_LATAM,LATAM,435,why__6152003488526410fe7cc763,why,Investment_Arquetypes_2022,Content_Export_Investment_Arquetypes_2022_full-latin-final.csv,6152003488526410fe7cc763,6152003488526410fe7cc763,NA,MX,MX,latin_america,25_34,male,employed,usable_complete,TRUE,TRUE,32,0.75,0.68,0.7,0.5,0.9,0.5,0.5,0.5,0.7,1,0.73,0.78,0.79,0.5,0.71,0.74,0.81,0.75,0.5,0.5,0.5,0.5,0.5,0.5,0.73,0.5,0.5,0.5,0.5,0.5,0.5,0.5
LATAM,2655,WHY_LATAM,LATAM,436,why__615222831e25d7ca27cd2c5a,why,Investment_Arquetypes_2022,Content_Export_Investment_Arquetypes_2022_full-latin-final.csv,615222831e25d7ca27cd2c5a,615222831e25d7ca27cd2c5a,NA,MX,MX,latin_america,18_24,female,inactive_other,usable_complete,TRUE,TRUE,32,0.9,0.5,0.5,0.5,0.6,0.5,0.5,0.5,0.5,0.8,0.9,1,0.8,0.5,0.8,1,0.5,0.6,0.5,0.8,0.5,0.5,0.5,0.5,0.5,0.5,0.5,0.5,0.5,0.9,0.5,0.9
LATAM,2656,WHY_LATAM,LATAM,437,why__615316621143bec862a6b5e4,why,Investment_Arquetypes_2022,Content_Export_Investment_Arquetypes_2022_full-latin-final.csv,615316621143bec862a6b5e4,615316621143bec862a6b5e4,NA,MX,MX,latin_america,25_34,female,unknown,usable_complete,TRUE,TRUE,32,1,0.67,0.54,0.5,1,0.63,0.53,0.53,1,0.6,0.52,0.52,0.58,0.5,0.55,0.55,0.62,0.59,0.65,0.5,0.66,0.52,0.64,0.5,0.5,0.5,0.5,0.5,0.5,0.5,0.5,0.51
LATAM,2657,WHY_LATAM,LATAM,438,why__6153b8844c49ace88c1a94bf,why,Investment_Arquetypes_2022,Content_Export_Investment_Arquetypes_2022_full-latin-final.csv,6153b8844c49ace88c1a94bf,6153b8844c49ace88c1a94bf,NA,MX,MX,latin_america,25_34,male,unemployed,usable_complete,TRUE,TRUE,32,0.7,0.89,0.85,0.5,0.5,0.5,0.75,0.59,0.71,0.97,0.87,1,0.9,0.5,0.99,0.84,0.85,0.71,0.94,0.8,0.5,0.5,0.5,0.5,0.94,0.5,0.5,0.5,0.5,0.5,0.5,0.76
LATAM,2658,WHY_LATAM,LATAM,439,why__61574077a387cffb584cfb06,why,Investment_Arquetypes_2022,Content_Export_Investment_Arquetypes_2022_full-latin-final.csv,61574077a387cffb584cfb06,61574077a387cffb584cfb06,NA,MX,MX,latin_america,25_34,female,employed,usable_complete,TRUE,TRUE,32,0.8,1,1,1,0.8,1,1,1,1,1,1,1,1,1,0.8,1,0.8,0.7,0.85,0.75,1,0.91,0.85,0.5,0.6,0.5,0.5,0.5,0.5,0.5,0.5,0.8
LATAM,2659,WHY_LATAM,LATAM,440,why__6157a2af017051a23a62be97,why,Investment_Arquetypes_2022,Content_Export_Investment_Arquetypes_2022_full-latin-final.csv,6157a2af017051a23a62be97,6157a2af017051a23a62be97,NA,MX,MX,latin_america,18_24,male,employed,usable_complete,TRUE,TRUE,32,0.7,0.76,0.5,0.59,0.5,0.89,0.9,1,0.7,1,1,0.74,1,0.54,0.56,0.85,0.79,0.92,1,0.7,1,0.5,0.53,0.5,0.89,0.55,0.5,0.5,0.5,0.5,0.5,0.57
LATAM,2660,WHY_LATAM,LATAM,441,why__6157a84a2098ed994ba48650,why,Investment_Arquetypes_2022,Content_Export_Investment_Arquetypes_2022_full-latin-final.csv,6157a84a2098ed994ba48650,6157a84a2098ed994ba48650,NA,MX,MX,latin_america,18_24,female,other,usable_complete,TRUE,TRUE,32,0.65,0.5,0.5,0.5,0.5,0.5,0.5,0.75,0.85,0.78,0.85,0.71,0.8,0.5,0.7,0.59,0.73,0.5,0.75,0.79,0.5,0.5,0.5,0.5,0.81,0.5,0.5,0.5,0.5,0.5,0.5,0.6
LATAM,2661,WHY_LATAM,LATAM,442,why__615b0913b967a23799df8412,why,Investment_Arquetypes_2022,Content_Export_Investment_Arquetypes_2022_full-latin-final.csv,615b0913b967a23799df8412,615b0913b967a23799df8412,NA,MX,MX,latin_america,25_34,female,unemployed,usable_complete,TRUE,TRUE,32,0.66,0.5,0.6,0.67,0.5,0.94,0.68,0.61,0.61,0.81,0.74,0.5,0.63,0.81,0.5,0.89,0.68,0.66,0.59,0.5,0.76,0.55,0.5,0.5,0.5,0.56,0.5,0.5,0.5,0.5,0.5,0.75
LATAM,2662,WHY_LATAM,LATAM,443,why__615bc2bfcbb7dff35fb83eb1,why,Investment_Arquetypes_2022,Content_Export_Investment_Arquetypes_2022_full-latin-final.csv,615bc2bfcbb7dff35fb83eb1,615bc2bfcbb7dff35fb83eb1,NA,MX,MX,latin_america,18_24,female,unknown,usable_partial,TRUE,TRUE,31,0.53,0.91,0.88,0.9,0.66,0.53,0.95,0.91,1,0.89,1,0.92,0.89,0.5,0.89,0.89,0.93,0.97,0.94,0.92,0.5,0.5,0.5,0.5,0.89,0.95,0.5,0.5,0.89,0.5,0.5,0.93
LATAM,2663,WHY_LATAM,LATAM,444,why__615c8512324e80bb9d5ae1ef,why,Investment_Arquetypes_2022,Content_Export_Investment_Arquetypes_2022_full-latin-final.csv,615c8512324e80bb9d5ae1ef,615c8512324e80bb9d5ae1ef,NA,MX,MX,latin_america,35_44,male,employed,usable_complete,TRUE,TRUE,32,0.6,1,0.61,0.5,0.5,0.5,0.5,0.5,0.5,0.9,0.75,0.9,0.74,0.5,0.8,0.71,0.7,0.82,0.81,0.75,0.75,0.5,0.5,0.5,0.5,0.7,0.8,0.5,0.75,0.5,0.5,0.91
LATAM,2664,WHY_LATAM,LATAM,445,why__615cb5f95658bd64d631da08,why,Investment_Arquetypes_2022,Content_Export_Investment_Arquetypes_2022_full-latin-final.csv,615cb5f95658bd64d631da08,615cb5f95658bd64d631da08,NA,MX,MX,latin_america,25_34,male,employed,usable_complete,TRUE,TRUE,32,0.5,0.73,0.68,0.63,0.5,0.74,0.91,0.5,0.7,0.53,0.5,0.9,0.65,0.71,0.5,0.79,0.55,0.84,0.63,0.71,0.93,0.74,0.93,0.84,0.77,0.5,0.9,0.65,0.61,0.5,0.9,0.79
LATAM,2665,WHY_LATAM,LATAM,446,why__615cff4d629adb388780f5ce,why,Investment_Arquetypes_2022,Content_Export_Investment_Arquetypes_2022_full-latin-final.csv,615cff4d629adb388780f5ce,615cff4d629adb388780f5ce,NA,MX,MX,latin_america,18_24,female,employed,usable_complete,TRUE,TRUE,32,0.76,0.59,0.66,0.5,0.5,0.5,0.5,0.74,0.64,0.57,0.7,0.64,0.5,0.58,0.8,0.64,0.5,0.67,0.62,0.66,0.56,0.77,0.54,0.5,0.62,0.76,0.66,0.68,0.76,0.5,0.5,0.5
LATAM,2666,WHY_LATAM,LATAM,447,why__615ddb0c6adce920fbb53a2d,why,Investment_Arquetypes_2022,Content_Export_Investment_Arquetypes_2022_full-latin-final.csv,615ddb0c6adce920fbb53a2d,615ddb0c6adce920fbb53a2d,NA,MX,MX,latin_america,25_34,male,employed,usable_complete,TRUE,TRUE,32,0.59,1,0.64,0.5,0.64,0.5,0.76,0.7,0.7,0.65,0.5,1,1,0.72,0.76,0.66,0.65,0.5,0.74,0.5,0.73,0.82,0.5,0.5,0.8,0.68,0.5,0.5,0.5,0.5,0.5,1
LATAM,2667,WHY_LATAM,LATAM,448,why__615e1837df2d927f6820b57d,why,Investment_Arquetypes_2022,Content_Export_Investment_Arquetypes_2022_full-latin-final.csv,615e1837df2d927f6820b57d,615e1837df2d927f6820b57d,NA,MX,MX,latin_america,18_24,female,employed,usable_partial,TRUE,TRUE,29,1,0.9,0.75,1,0.7,0.78,1,0.5,1,1,1,0.6,1,0.75,0.89,1,0.65,0.8,1,0.7,0.5,0.5,0.7,0.6,0.5,0.5,0.5,0.5,0.5,0.6,0.5,0.6
LATAM,2668,WHY_LATAM,LATAM,449,why__615e83303bf461137c0fc627,why,Investment_Arquetypes_2022,Content_Export_Investment_Arquetypes_2022_full-latin-final.csv,615e83303bf461137c0fc627,615e83303bf461137c0fc627,NA,MX,MX,latin_america,25_34,female,employed,usable_complete,TRUE,TRUE,32,0.59,0.63,0.58,0.5,0.58,0.57,0.61,0.59,0.5,0.57,0.58,0.58,0.61,0.74,0.56,0.62,0.59,0.56,0.6,0.57,0.74,0.57,0.59,0.5,0.56,0.72,0.5,0.5,0.61,0.55,0.56,0.5
LATAM,2669,WHY_LATAM,LATAM,450,why__615f316da40e7564fd9c1856,why,Investment_Arquetypes_2022,Content_Export_Investment_Arquetypes_2022_full-latin-final.csv,615f316da40e7564fd9c1856,615f316da40e7564fd9c1856,NA,MX,MX,latin_america,25_34,female,employed,usable_complete,TRUE,TRUE,32,0.63,0.93,0.7,0.5,0.88,0.5,0.5,0.79,0.5,0.79,0.87,0.64,0.62,0.65,0.63,0.5,0.5,0.5,0.5,0.5,0.6,0.5,0.5,0.5,0.5,0.5,0.5,0.5,0.5,0.5,0.5,0.5
LATAM,2670,WHY_LATAM,LATAM,451,why__615f3c64daae99cf4ac6916c,why,Investment_Arquetypes_2022,Content_Export_Investment_Arquetypes_2022_full-latin-final.csv,615f3c64daae99cf4ac6916c,615f3c64daae99cf4ac6916c,NA,MX,MX,latin_america,25_34,male,employed,usable_complete,TRUE,TRUE,32,0.7,0.67,0.77,0.88,0.56,0.65,0.5,0.5,0.9,0.81,0.7,0.8,0.85,0.67,0.6,0.72,0.5,0.8,0.83,0.76,0.71,0.5,0.5,0.5,0.5,0.6,0.6,0.78,0.5,0.7,0.5,0.72
LATAM,2671,WHY_LATAM,LATAM,452,why__6160ba8aa3c67e4797bf18ef,why,Investment_Arquetypes_2022,Content_Export_Investment_Arquetypes_2022_full-latin-final.csv,6160ba8aa3c67e4797bf18ef,6160ba8aa3c67e4797bf18ef,NA,MX,MX,latin_america,25_34,female,employed,usable_complete,TRUE,TRUE,32,0.87,0.72,0.51,0.5,0.5,1,0.78,0.5,0.66,0.83,0.81,0.89,0.76,0.95,0.85,0.83,1,0.7,0.87,0.79,1,0.77,0.97,0.74,0.67,0.74,0.5,0.5,0.85,0.5,0.5,0.91
LATAM,2672,WHY_LATAM,LATAM,453,why__6161a947307a1052753600be,why,Investment_Arquetypes_2022,Content_Export_Investment_Arquetypes_2022_full-latin-final.csv,6161a947307a1052753600be,6161a947307a1052753600be,NA,MX,MX,latin_america,25_34,male,employed,usable_complete,TRUE,TRUE,32,0.65,0.8,0.5,0.6,0.7,0.8,0.5,0.7,0.6,0.7,0.8,0.8,0.8,0.7,0.7,0.7,0.8,0.6,0.6,0.65,0.7,0.5,0.8,0.5,0.5,0.6,0.5,0.5,0.5,0.5,0.5,0.8
LATAM,2673,WHY_LATAM,LATAM,454,why__6162bf42048363a56b08995e,why,Investment_Arquetypes_2022,Content_Export_Investment_Arquetypes_2022_full-latin-final.csv,6162bf42048363a56b08995e,6162bf42048363a56b08995e,NA,MX,MX,latin_america,25_34,male,unemployed,usable_partial,TRUE,TRUE,31,0.6,1,0.71,0.5,0.8,0.6,1,1,0.5,1,0.95,0.71,0.7,1,0.6,0.7,0.5,0.5,0.6,0.5,0.72,0.5,0.51,0.5,0.7,0.5,0.5,0.5,0.5,0.5,0.5,0.5
LATAM,2674,WHY_LATAM,LATAM,455,why__61636a4bf1a773cc305502e7,why,Investment_Arquetypes_2022,Content_Export_Investment_Arquetypes_2022_full-latin-final.csv,61636a4bf1a773cc305502e7,61636a4bf1a773cc305502e7,NA,MX,MX,latin_america,18_24,male,other,usable_complete,TRUE,TRUE,32,0.53,0.59,0.57,0.8,0.58,0.91,0.62,0.75,0.65,0.69,0.69,0.6,0.61,0.87,0.75,0.76,0.67,0.73,0.67,0.62,0.68,0.5,0.73,0.5,0.59,0.57,0.62,0.5,0.5,0.6,0.5,0.73
LATAM,2675,WHY_LATAM,LATAM,456,why__6164309b43cdd6eaa2bb0e7e,why,Investment_Arquetypes_2022,Content_Export_Investment_Arquetypes_2022_full-latin-final.csv,6164309b43cdd6eaa2bb0e7e,6164309b43cdd6eaa2bb0e7e,NA,MX,MX,latin_america,25_34,female,employed,usable_partial,TRUE,TRUE,29,0.61,0.66,0.72,0.54,0.5,0.5,0.5,0.5,0.5,0.66,0.5,0.58,0.61,0.63,0.68,0.63,0.67,0.68,0.5,0.64,0.5,0.5,0.5,0.5,0.5,0.5,0.5,0.5,0.5,0.5,0.5,0.5
LATAM,2676,WHY_LATAM,LATAM,457,why__61660b4af0be02375d417718,why,Investment_Arquetypes_2022,Content_Export_Investment_Arquetypes_2022_full-latin-final.csv,61660b4af0be02375d417718,61660b4af0be02375d417718,NA,MX,MX,latin_america,25_34,male,employed,usable_partial,TRUE,TRUE,31,1,0.5,1,0.51,0.61,0.55,1,1,0.69,1,0.5,1,1,0.65,1,1,1,1,1,1,0.77,0.5,0.5,0.5,0.75,0.5,0.5,1,0.5,0.75,0.5,0.5
LATAM,2677,WHY_LATAM,LATAM,458,why__61663e3c5db40a8ff9e8e1c8,why,Investment_Arquetypes_2022,Content_Export_Investment_Arquetypes_2022_full-latin-final.csv,61663e3c5db40a8ff9e8e1c8,61663e3c5db40a8ff9e8e1c8,NA,MX,MX,latin_america,25_34,male,employed,usable_complete,TRUE,TRUE,32,0.6,0.7,0.6,0.7,0.6,0.75,1,1,0.85,0.55,0.5,0.85,1,0.9,0.8,0.65,0.65,0.5,0.7,0.7,0.9,0.5,0.9,0.8,0.7,0.75,0.7,0.55,0.7,0.5,0.5,0.5
LATAM,2678,WHY_LATAM,LATAM,459,why__6168432c5662ef2b142ec095,why,Investment_Arquetypes_2022,Content_Export_Investment_Arquetypes_2022_full-latin-final.csv,6168432c5662ef2b142ec095,6168432c5662ef2b142ec095,NA,MX,MX,latin_america,55_64,male,employed,usable_complete,TRUE,TRUE,32,0.9,1,1,0.98,1,1,1,1,1,1,1,1,1,1,1,1,1,1,1,1,1,0.52,1,0.5,1,1,0.87,0.5,0.95,0.88,0.5,0.95
LATAM,2679,WHY_LATAM,LATAM,460,why__6169abd4e006adba4739143e,why,Investment_Arquetypes_2022,Content_Export_Investment_Arquetypes_2022_full-latin-final.csv,6169abd4e006adba4739143e,6169abd4e006adba4739143e,NA,MX,MX,latin_america,25_34,male,unemployed,usable_complete,TRUE,TRUE,32,0.75,1,1,0.5,0.71,0.51,0.5,0.51,0.5,0.75,0.7,0.66,0.8,0.6,0.8,0.6,0.9,0.8,0.6,0.5,0.5,0.5,0.5,0.5,0.5,0.5,0.5,0.5,0.5,0.5,0.5,0.84
LATAM,2680,WHY_LATAM,LATAM,461,why__6169e8a8311d269013eb73c7,why,Investment_Arquetypes_2022,Content_Export_Investment_Arquetypes_2022_full-latin-final.csv,6169e8a8311d269013eb73c7,6169e8a8311d269013eb73c7,NA,MX,MX,latin_america,25_34,female,unemployed,usable_complete,TRUE,TRUE,32,0.5,1,1,0.85,0.5,1,1,1,0.55,1,1,1,1,1,1,1,1,0.85,0.56,0.5,1,0.5,1,0.5,0.5,0.5,0.5,0.85,0.5,0.5,0.5,0.8
LATAM,2681,WHY_LATAM,LATAM,462,why__616bc7221f50cb7718775b65,why,Investment_Arquetypes_2022,Content_Export_Investment_Arquetypes_2022_full-latin-final.csv,616bc7221f50cb7718775b65,616bc7221f50cb7718775b65,NA,MX,MX,latin_america,25_34,female,employed,usable_complete,TRUE,TRUE,32,1,1,0.64,0.5,0.5,0.5,0.65,0.61,1,0.82,0.87,0.8,0.68,0.5,0.86,0.8,0.5,0.81,1,1,0.86,0.5,0.62,0.56,0.67,0.79,1,0.5,0.52,0.67,0.5,0.5
LATAM,2682,WHY_LATAM,LATAM,463,why__616c5184f5f58cc79f9bcf9b,why,Investment_Arquetypes_2022,Content_Export_Investment_Arquetypes_2022_full-latin-final.csv,616c5184f5f58cc79f9bcf9b,616c5184f5f58cc79f9bcf9b,NA,MX,MX,latin_america,18_24,female,unemployed,usable_complete,TRUE,TRUE,32,0.74,0.88,0.65,0.5,0.65,0.5,0.76,0.71,0.87,0.85,0.8,0.77,0.78,0.5,0.69,0.76,0.78,0.67,0.85,0.81,0.85,0.5,0.5,0.5,0.5,0.73,0.5,0.5,0.5,0.62,0.5,0.5
LATAM,2683,WHY_LATAM,LATAM,464,why__616de1e6f5e9e9a1febeb814,why,Investment_Arquetypes_2022,Content_Export_Investment_Arquetypes_2022_full-latin-final.csv,616de1e6f5e9e9a1febeb814,616de1e6f5e9e9a1febeb814,NA,MX,MX,latin_america,25_34,female,unknown,usable_complete,TRUE,TRUE,32,0.85,0.7,0.75,0.6,0.85,0.65,0.65,0.65,0.8,0.9,0.7,0.7,0.75,0.7,0.7,0.85,0.5,0.6,0.8,0.6,0.9,0.5,0.75,0.5,0.7,0.5,0.5,0.55,0.55,0.6,0.5,0.7
LATAM,2684,WHY_LATAM,LATAM,465,why__616f22b8e54926da850c38c9,why,Investment_Arquetypes_2022,Content_Export_Investment_Arquetypes_2022_full-latin-final.csv,616f22b8e54926da850c38c9,616f22b8e54926da850c38c9,NA,MX,MX,latin_america,35_44,female,employed,usable_complete,TRUE,TRUE,32,0.5,1,1,0.6,0.7,0.5,0.65,0.9,0.9,0.9,1,0.9,0.88,0.75,0.9,1,0.5,0.75,0.7,0.65,0.9,0.5,0.9,0.5,0.5,0.55,0.5,0.5,0.6,0.5,0.5,0.9
LATAM,2685,WHY_LATAM,LATAM,466,why__616f6ed2ead3bb59cd1397ac,why,Investment_Arquetypes_2022,Content_Export_Investment_Arquetypes_2022_full-latin-final.csv,616f6ed2ead3bb59cd1397ac,616f6ed2ead3bb59cd1397ac,NA,MX,MX,latin_america,18_24,female,other,usable_complete,TRUE,TRUE,32,0.86,0.9,0.62,0.5,0.71,0.54,0.81,0.65,0.67,0.85,0.81,0.71,0.63,0.5,0.69,0.5,0.76,0.5,0.7,0.59,0.65,0.5,0.6,0.5,0.5,0.5,0.5,0.5,0.5,0.5,0.5,0.5
LATAM,2686,WHY_LATAM,LATAM,467,why__61709e0bf43e2224192a5327,why,Investment_Arquetypes_2022,Content_Export_Investment_Arquetypes_2022_full-latin-final.csv,61709e0bf43e2224192a5327,61709e0bf43e2224192a5327,NA,MX,MX,latin_america,25_34,female,employed,usable_partial,TRUE,TRUE,31,0.5,0.57,0.7,0.67,0.59,0.5,0.5,0.5,0.5,0.66,0.5,0.91,0.66,0.5,0.5,0.74,0.9,0.66,0.5,0.5,0.5,0.5,0.5,0.5,0.5,0.5,0.5,0.5,0.5,0.5,0.5,0.61
LATAM,2687,WHY_LATAM,LATAM,468,why__6170c9123edfc3ee296cda22,why,Investment_Arquetypes_2022,Content_Export_Investment_Arquetypes_2022_full-latin-final.csv,6170c9123edfc3ee296cda22,6170c9123edfc3ee296cda22,NA,MX,MX,latin_america,25_34,male,unemployed,usable_partial,TRUE,TRUE,30,0.79,0.9,0.77,0.5,0.7,0.5,0.73,0.5,0.59,0.94,1,0.91,0.95,0.71,0.98,0.9,0.65,0.82,0.77,0.57,0.67,0.5,0.59,0.5,0.5,0.69,0.79,0.5,0.5,0.5,0.5,0.63
LATAM,2688,WHY_LATAM,LATAM,469,why__617453a66b7f8a31a27a6689,why,Investment_Arquetypes_2022,Content_Export_Investment_Arquetypes_2022_full-latin-final.csv,617453a66b7f8a31a27a6689,617453a66b7f8a31a27a6689,NA,MX,MX,latin_america,18_24,female,employed,usable_complete,TRUE,TRUE,32,1,1,0.7,0.5,0.5,0.5,1,1,1,1,1,1,1,0.5,1,1,1,1,1,1,1,0.5,0.5,0.5,0.5,0.55,0.6,0.5,0.8,0.5,0.5,0.55
LATAM,2689,WHY_LATAM,LATAM,470,why__6175a21c9a0b946e86e8792d,why,Investment_Arquetypes_2022,Content_Export_Investment_Arquetypes_2022_full-latin-final.csv,6175a21c9a0b946e86e8792d,6175a21c9a0b946e86e8792d,NA,MX,MX,latin_america,18_24,female,employed,usable_partial,TRUE,TRUE,31,0.85,0.7,0.8,0.8,0.75,0.6,0.5,0.8,0.5,0.85,0.6,1,0.8,0.7,0.9,0.82,0.71,0.85,0.85,0.65,0.5,0.5,0.76,0.5,0.5,0.5,0.65,0.5,0.65,0.5,0.5,0.5
LATAM,2690,WHY_LATAM,LATAM,471,why__617600aa26fa05b6decdaaef,why,Investment_Arquetypes_2022,Content_Export_Investment_Arquetypes_2022_full-latin-final.csv,617600aa26fa05b6decdaaef,617600aa26fa05b6decdaaef,NA,MX,MX,latin_america,25_34,male,employed,usable_complete,TRUE,TRUE,32,0.63,0.66,0.54,0.66,0.5,0.65,0.71,0.55,0.71,0.8,0.91,0.67,0.84,0.81,0.75,0.81,0.76,0.69,0.74,0.74,0.87,0.5,0.73,0.54,0.69,0.74,0.5,0.5,0.68,0.51,0.5,0.81
LATAM,2691,WHY_LATAM,LATAM,472,why__61764d66dde556a8e0d03c14,why,Investment_Arquetypes_2022,Content_Export_Investment_Arquetypes_2022_full-latin-final.csv,61764d66dde556a8e0d03c14,61764d66dde556a8e0d03c14,NA,MX,MX,latin_america,18_24,male,employed,usable_complete,TRUE,TRUE,32,1,0.82,0.69,0.93,0.94,0.78,0.5,0.79,1,0.88,0.78,1,0.82,0.76,0.84,1,1,0.63,1,0.68,0.57,0.5,0.5,0.61,0.5,0.85,0.5,0.5,0.63,0.76,0.5,1
LATAM,2692,WHY_LATAM,LATAM,473,why__63bb4a3a48b487f62234debe,why,Investment_Arquetypes_2022,Content_Export_Investment_Arquetypes_2022_full-latin-final.csv,63bb4a3a48b487f62234debe,63bb4a3a48b487f62234debe,NA,MX,MX,latin_america,45_54,male,inactive_other,usable_complete,TRUE,TRUE,32,0.85,0.73,0.87,0.5,0.82,0.5,1,0.68,0.55,0.87,0.83,0.74,0.72,1,0.77,0.5,0.77,0.5,0.68,0.5,1,0.5,0.5,0.5,0.65,0.5,0.5,0.5,0.5,0.5,0.5,0.5
LATAM,2693,WHY_LATAM,LATAM,474,why__why_noid_191,why,Investment_Arquetypes_2022,Content_Export_Investment_Arquetypes_2022_full-latin-final.csv,why_noid_191,NA,NA,MX,MX,latin_america,unknown,unknown,unknown,usable_complete_limited_metadata,TRUE,TRUE,32,0.9,0.94,0.79,0.61,0.5,0.66,0.5,0.5,0.8,0.9,1,0.5,0.7,0.87,0.5,0.77,0.8,0.73,0.73,0.79,0.6,0.5,0.6,0.5,0.5,0.74,0.5,0.5,0.5,0.5,0.5,0.6
LATAM,2694,WHY_LATAM,LATAM,475,why__why_noid_192,why,Investment_Arquetypes_2022,Content_Export_Investment_Arquetypes_2022_full-latin-final.csv,why_noid_192,NA,NA,MX,MX,latin_america,unknown,unknown,unknown,usable_partial_limited_metadata,TRUE,TRUE,30,0.79,0.81,1,0.5,1,0.5,0.62,0.78,1,0.89,0.99,0.92,0.74,0.5,1,1,1,0.83,0.88,0.82,0.82,0.67,0.5,0.7,0.6,1,0.66,0.5,0.74,0.67,0.5,0.71
LATAM,2695,WHY_LATAM,LATAM,476,why__why_noid_207,why,Investment_Arquetypes_2022,Content_Export_Investment_Arquetypes_2022_full-latin-final.csv,why_noid_207,NA,NA,MX,MX,latin_america,unknown,unknown,unknown,usable_partial_limited_metadata,TRUE,TRUE,31,0.7,0.5,0.93,0.5,0.5,0.5,0.75,0.5,0.5,0.6,0.73,0.8,0.55,0.5,0.71,0.76,0.6,0.5,0.6,0.65,0.68,0.5,0.67,0.5,0.56,0.54,0.5,0.72,0.5,0.5,0.5,0.5
LATAM,2696,WHY_LATAM,LATAM,477,why__why_noid_209,why,Investment_Arquetypes_2022,Content_Export_Investment_Arquetypes_2022_full-latin-final.csv,why_noid_209,NA,NA,MX,MX,latin_america,unknown,unknown,unknown,usable_complete_limited_metadata,TRUE,TRUE,32,0.7,1,0.55,0.5,0.5,0.5,0.7,0.65,0.55,1,1,0.75,0.65,0.5,0.95,1,0.6,0.55,0.6,0.6,0.55,0.5,0.6,0.5,0.5,0.6,0.65,0.5,0.5,0.5,0.5,0.55
LATAM,2697,WHY_LATAM,LATAM,478,why__why_noid_242,why,Investment_Arquetypes_2022,Content_Export_Investment_Arquetypes_2022_full-latin-final.csv,why_noid_242,NA,NA,CL,CL,latin_america,unknown,unknown,unknown,usable_complete_limited_metadata,TRUE,TRUE,32,0.5,1,1,1,1,1,0.5,0.72,0.63,0.76,0.5,1,1,1,1,1,1,1,1,0.5,0.5,0.7,0.5,0.5,0.5,1,0.5,1,0.5,0.5,0.5,0.5
LATAM,2698,WHY_LATAM,LATAM,479,why__why_noid_253,why,Investment_Arquetypes_2022,Content_Export_Investment_Arquetypes_2022_full-latin-final.csv,why_noid_253,NA,NA,MX,MX,latin_america,unknown,unknown,unknown,usable_complete_limited_metadata,TRUE,TRUE,32,0.72,1,1,0.78,0.5,1,1,0.83,0.85,1,1,1,0.85,1,1,1,0.79,0.61,0.65,0.5,1,0.68,1,0.5,0.77,0.5,0.5,0.5,0.5,0.5,0.5,0.74
LATAM,2699,WHY_LATAM,LATAM,480,why__why_noid_283,why,Investment_Arquetypes_2022,Content_Export_Investment_Arquetypes_2022_full-latin-final.csv,why_noid_283,NA,NA,MX,MX,latin_america,unknown,unknown,unknown,usable_complete_limited_metadata,TRUE,TRUE,32,0.8,1,0.85,0.5,0.5,0.85,0.69,0.6,0.7,0.85,1,1,0.75,0.69,0.8,0.74,0.75,0.6,0.85,0.76,0.5,0.5,1,0.5,0.7,0.7,0.5,0.5,0.5,0.68,0.5,0.64
LATAM,2700,WHY_LATAM,LATAM,481,why__why_noid_328,why,Investment_Arquetypes_2022,Content_Export_Investment_Arquetypes_2022_full-latin-final.csv,why_noid_328,NA,NA,MX,MX,latin_america,unknown,unknown,unknown,usable_complete_limited_metadata,TRUE,TRUE,32,0.7,1,0.5,0.5,1,1,0.5,0.65,0.5,0.8,1,1,1,1,0.55,1,0.5,1,0.75,0.5,0.5,0.5,0.5,0.5,0.5,0.6,0.5,0.5,0.5,0.5,0.5,0.7
LATAM,2701,WHY_LATAM,LATAM,482,why__why_noid_369,why,Investment_Arquetypes_2022,Content_Export_Investment_Arquetypes_2022_full-latin-final.csv,why_noid_369,NA,NA,MX,MX,latin_america,unknown,unknown,unknown,usable_complete_limited_metadata,TRUE,TRUE,32,0.5,0.5,0.5,0.5,0.68,0.5,0.5,0.5,0.5,0.7,0.76,0.76,0.73,0.5,0.71,0.71,0.5,0.75,0.5,0.5,0.6,0.5,0.5,0.5,0.5,0.5,0.5,0.5,0.5,0.5,0.5,0.7
LATAM,2702,WHY_LATAM,LATAM,483,why__why_noid_40,why,Investment_Arquetypes_2022,Content_Export_Investment_Arquetypes_2022_full-latin-final.csv,why_noid_40,NA,NA,MX,MX,latin_america,unknown,unknown,unknown,usable_complete_limited_metadata,TRUE,TRUE,32,0.8,0.5,0.6,0.5,0.5,0.55,0.5,0.8,0.65,0.9,0.85,0.9,0.65,0.5,0.8,0.7,0.7,0.6,0.6,0.5,0.65,0.5,0.5,0.5,0.9,0.5,0.5,0.5,0.5,0.5,0.5,0.5
LATAM,2703,WHY_LATAM,LATAM,484,why__why_noid_411,why,Investment_Arquetypes_2022,Content_Export_Investment_Arquetypes_2022_full-latin-final.csv,why_noid_411,NA,NA,MX,MX,latin_america,unknown,unknown,unknown,usable_partial_limited_metadata,TRUE,TRUE,31,0.5,0.77,0.5,0.78,0.87,0.76,0.5,0.6,0.57,0.66,0.5,0.77,0.63,0.5,0.76,0.57,0.97,0.78,0.86,0.8,0.65,0.61,0.54,0.71,0.59,0.63,0.67,0.7,0.69,0.67,0.5,0.75
LATAM,2704,WHY_LATAM,LATAM,485,why__why_noid_423,why,Investment_Arquetypes_2022,Content_Export_Investment_Arquetypes_2022_full-latin-final.csv,why_noid_423,NA,NA,MX,MX,latin_america,unknown,unknown,unknown,usable_complete_limited_metadata,TRUE,TRUE,32,0.59,0.74,0.71,0.62,0.66,0.88,0.81,0.9,0.61,0.62,0.9,0.5,0.77,0.89,0.65,0.81,0.78,0.84,0.75,0.59,0.72,0.67,0.73,0.63,0.71,0.7,0.5,0.73,0.68,0.5,0.5,0.73
LATAM,2705,WHY_LATAM,LATAM,486,why__why_noid_497,why,Investment_Arquetypes_2022,Content_Export_Investment_Arquetypes_2022_full-latin-final.csv,why_noid_497,NA,NA,MX,MX,latin_america,unknown,unknown,unknown,usable_complete_limited_metadata,TRUE,TRUE,32,0.98,0.58,0.63,0.52,0.57,0.58,0.55,0.69,0.51,0.59,0.56,0.5,0.5,0.67,0.57,0.55,0.76,0.99,1,0.5,0.58,0.55,0.57,0.66,0.6,0.5,0.59,0.61,0.64,0.71,0.58,0.5
LATAM,2706,WHY_LATAM,LATAM,487,why__why_noid_498,why,Investment_Arquetypes_2022,Content_Export_Investment_Arquetypes_2022_full-latin-final.csv,why_noid_498,NA,NA,MX,MX,latin_america,unknown,unknown,unknown,usable_complete_limited_metadata,TRUE,TRUE,32,0.71,0.66,0.5,0.82,0.59,0.6,0.5,0.63,0.57,0.68,0.55,0.6,0.5,0.64,0.7,0.63,0.63,0.59,0.5,0.82,0.59,0.5,0.58,0.5,0.59,0.6,0.72,0.66,0.55,0.67,0.67,0.5
LATAM,2707,WHY_LATAM,LATAM,488,why__why_noid_499,why,Investment_Arquetypes_2022,Content_Export_Investment_Arquetypes_2022_full-latin-final.csv,why_noid_499,NA,NA,MX,MX,latin_america,unknown,unknown,unknown,usable_partial_limited_metadata,TRUE,TRUE,28,1,1,0.83,1,1,0.97,0.99,0.72,1,0.5,1,1,1,1,1,0.76,1,1,0.5,1,1,1,0.8,1,1,1,1,1,1,1,0.5,0.5
LATAM,2708,WHY_LATAM,LATAM,489,why__why_noid_500,why,Investment_Arquetypes_2022,Content_Export_Investment_Arquetypes_2022_full-latin-final.csv,why_noid_500,NA,NA,MX,MX,latin_america,unknown,unknown,unknown,usable_partial_limited_metadata,TRUE,TRUE,29,0.65,0.6,0.53,0.56,0.5,0.5,0.71,0.5,0.78,0.55,1,0.95,0.67,0.51,0.5,0.72,0.65,0.66,1,0.77,0.8,0.5,0.58,0.79,0.5,0.61,0.5,0.64,0.5,0.58,0.5,0.82
LATAM,2709,WHY_LATAM,LATAM,490,why__why_noid_501,why,Investment_Arquetypes_2022,Content_Export_Investment_Arquetypes_2022_full-latin-final.csv,why_noid_501,NA,NA,MX,MX,latin_america,unknown,unknown,unknown,usable_partial_limited_metadata,TRUE,TRUE,30,0.5,0.5,0.57,0.5,0.5,0.93,1,0.5,0.5,1,1,0.68,0.5,0.91,0.5,0.71,0.5,0.5,0.5,0.5,0.67,0.5,0.5,0.5,0.5,0.75,0.5,0.51,0.5,1,0.5,0.5
LATAM,2710,WHY_LATAM,LATAM,491,why__why_noid_502,why,Investment_Arquetypes_2022,Content_Export_Investment_Arquetypes_2022_full-latin-final.csv,why_noid_502,NA,NA,MX,MX,latin_america,unknown,unknown,unknown,usable_partial_limited_metadata,TRUE,TRUE,31,0.8,0.51,0.5,0.5,0.5,0.5,0.5,0.6,1,1,1,1,1,1,0.5,0.5,0.5,0.6,1,1,0.5,0.5,1,0.7,0.5,1,0.5,1,0.5,0.7,0.5,0.5
LATAM,2711,WHY_LATAM,LATAM,492,why__why_noid_503,why,Investment_Arquetypes_2022,Content_Export_Investment_Arquetypes_2022_full-latin-final.csv,why_noid_503,NA,NA,CO,CO,latin_america,unknown,unknown,unknown,usable_partial_limited_metadata,TRUE,TRUE,31,0.5,0.7,0.75,0.5,0.5,0.89,1,0.5,0.6,0.55,0.66,0.9,0.5,0.66,0.65,0.8,0.69,0.5,0.63,0.5,0.95,0.5,0.6,0.5,0.59,0.5,0.5,0.5,0.5,0.5,0.5,0.73
LATAM,2712,WHY_LATAM,LATAM,493,why__why_noid_504,why,Investment_Arquetypes_2022,Content_Export_Investment_Arquetypes_2022_full-latin-final.csv,why_noid_504,NA,NA,CO,CO,latin_america,unknown,unknown,unknown,usable_partial_limited_metadata,TRUE,TRUE,31,0.5,0.5,0.59,0.62,0.5,0.91,0.82,0.79,0.6,0.54,0.59,0.62,0.73,0.69,0.67,0.5,0.8,0.57,0.54,0.58,0.83,0.5,0.55,0.5,0.5,0.5,0.5,0.5,0.5,0.5,0.5,0.71
LATAM,2713,WHY_LATAM,LATAM,494,why__why_noid_505,why,Investment_Arquetypes_2022,Content_Export_Investment_Arquetypes_2022_full-latin-final.csv,why_noid_505,NA,NA,CO,CO,latin_america,unknown,unknown,unknown,usable_partial_limited_metadata,TRUE,TRUE,30,0.74,1,0.64,0.5,0.71,0.5,1,0.73,0.77,0.78,0.74,0.74,0.5,0.5,0.73,0.9,0.68,0.72,0.76,0.72,0.87,0.5,0.5,0.5,0.66,0.5,0.61,0.5,0.5,0.5,0.5,0.77
LATAM,2714,WHY_LATAM,LATAM,495,why__why_noid_506,why,Investment_Arquetypes_2022,Content_Export_Investment_Arquetypes_2022_full-latin-final.csv,why_noid_506,NA,NA,CL,CL,latin_america,unknown,unknown,unknown,usable_partial_limited_metadata,TRUE,TRUE,24,0.5,0.82,0.5,0.92,0.76,0.97,0.96,0.75,0.5,0.5,0.87,0.65,1,0.9,0.72,1,0.78,0.77,0.5,0.5,1,0.6,0.9,0.5,0.99,0.5,0.98,0.5,0.5,0.5,0.5,0.76
LATAM,2715,WHY_LATAM,LATAM,496,why__why_noid_507,why,Investment_Arquetypes_2022,Content_Export_Investment_Arquetypes_2022_full-latin-final.csv,why_noid_507,NA,NA,CL,CL,latin_america,unknown,unknown,unknown,usable_partial_limited_metadata,TRUE,TRUE,31,0.8,0.5,0.7,0.5,0.8,0.8,1,0.6,1,1,0.8,0.65,0.9,0.7,1,1,0.6,0.62,0.7,0.9,0.9,0.5,0.6,0.5,0.5,0.7,0.9,0.5,0.85,0.6,0.5,0.8
LATAM,2716,WHY_LATAM,LATAM,497,why__why_noid_508,why,Investment_Arquetypes_2022,Content_Export_Investment_Arquetypes_2022_full-latin-final.csv,why_noid_508,NA,NA,CL,CL,latin_america,unknown,unknown,unknown,usable_partial_limited_metadata,TRUE,TRUE,30,0.5,1,0.98,0.86,0.5,0.7,1,1,0.99,1,1,0.99,0.99,1,0.97,1,0.94,0.5,1,0.98,1,0.75,0.64,0.5,0.99,0.5,0.5,0.5,0.74,0.5,0.5,0.84
LATAM,2717,WHY_LATAM,LATAM,498,why__why_noid_509,why,Investment_Arquetypes_2022,Content_Export_Investment_Arquetypes_2022_full-latin-final.csv,why_noid_509,NA,NA,CL,CL,latin_america,unknown,unknown,unknown,usable_partial_limited_metadata,TRUE,TRUE,31,0.5,0.5,0.79,0.75,0.5,0.95,0.86,0.7,0.57,0.85,0.75,0.85,0.78,0.74,0.83,0.66,0.93,0.6,0.5,0.5,0.73,0.5,0.7,0.5,0.5,0.78,0.5,0.5,0.5,0.5,0.5,0.76
LATAM,2718,WHY_LATAM,LATAM,499,why__why_noid_511,why,Investment_Arquetypes_2022,Content_Export_Investment_Arquetypes_2022_full-latin-final.csv,why_noid_511,NA,NA,MX,MX,latin_america,unknown,unknown,unknown,usable_partial_limited_metadata,TRUE,TRUE,31,0.73,0.71,0.5,0.73,0.5,0.78,0.68,0.6,1,0.84,0.78,0.82,0.73,0.77,0.81,0.72,0.71,0.69,0.96,0.74,0.87,0.62,0.53,0.5,0.5,0.5,0.5,0.8,0.5,0.5,0.5,0.73
LATAM,2721,WHY_LATAM,LATAM,502,why__why_noid_514,why,Investment_Arquetypes_2022,Content_Export_Investment_Arquetypes_2022_full-latin-final.csv,why_noid_514,NA,NA,MX,MX,latin_america,unknown,unknown,unknown,usable_complete_limited_metadata,TRUE,TRUE,32,0.65,1,0.84,0.88,0.5,0.5,0.5,0.84,0.74,0.86,0.88,0.77,0.76,0.81,0.87,0.74,0.76,0.96,0.91,0.78,0.77,0.5,0.81,0.5,0.5,1,0.83,0.5,0.72,0.74,0.5,0.77
LATAM,2722,WHY_LATAM,LATAM,503,why__why_noid_515,why,Investment_Arquetypes_2022,Content_Export_Investment_Arquetypes_2022_full-latin-final.csv,why_noid_515,NA,NA,MX,MX,latin_america,unknown,unknown,unknown,usable_complete_limited_metadata,TRUE,TRUE,32,0.62,0.6,0.5,0.61,0.5,0.52,0.61,0.83,0.6,0.5,0.75,0.9,0.5,0.5,0.64,0.62,0.65,0.65,0.62,0.71,0.63,0.5,0.5,0.66,0.6,0.59,0.68,0.5,0.5,0.5,0.71,0.72
LATAM,2723,WHY_LATAM,LATAM,504,why__why_noid_516,why,Investment_Arquetypes_2022,Content_Export_Investment_Arquetypes_2022_full-latin-final.csv,why_noid_516,NA,NA,MX,MX,latin_america,unknown,unknown,unknown,usable_complete_limited_metadata,TRUE,TRUE,32,0.83,0.91,0.86,0.73,0.84,0.95,0.78,0.88,0.8,0.76,0.89,0.97,0.84,0.81,1,0.91,0.86,0.86,0.83,0.83,0.86,0.79,0.9,0.87,0.98,0.85,0.83,0.81,0.84,0.85,0.83,0.98
LATAM,2724,WHY_LATAM,LATAM,505,why__why_noid_517,why,Investment_Arquetypes_2022,Content_Export_Investment_Arquetypes_2022_full-latin-final.csv,why_noid_517,NA,NA,MX,MX,latin_america,unknown,unknown,unknown,usable_partial_limited_metadata,TRUE,TRUE,31,1,0.89,0.7,0.65,0.77,0.52,0.75,0.69,0.93,0.81,0.59,0.67,0.5,0.5,0.77,0.71,0.8,0.59,0.86,1,0.73,0.77,0.71,0.61,0.68,0.94,0.66,0.88,0.58,0.79,0.7,0.66
LATAM,2726,WHY_LATAM,LATAM,507,why__why_noid_520,why,Investment_Arquetypes_2022,Content_Export_Investment_Arquetypes_2022_full-latin-final.csv,why_noid_520,NA,NA,MX,MX,latin_america,unknown,unknown,unknown,usable_complete_limited_metadata,TRUE,TRUE,32,0.9,0.95,1,0.5,0.5,0.75,0.5,0.7,1,1,1,0.75,0.65,0.8,1,0.9,0.55,0.8,0.95,0.8,0.65,0.65,0.75,0.6,0.75,0.7,0.5,0.5,0.65,0.7,0.7,0.8
LATAM,2727,WHY_LATAM,LATAM,508,why__why_noid_523,why,Investment_Arquetypes_2022,Content_Export_Investment_Arquetypes_2022_full-latin-final.csv,why_noid_523,NA,NA,MX,MX,latin_america,unknown,unknown,unknown,usable_partial_limited_metadata,TRUE,TRUE,28,0.65,0.5,1,0.5,0.5,0.8,0.7,0.55,0.5,0.82,0.8,1,0.5,0.99,0.8,1,0.65,0.65,0.5,0.5,0.75,0.5,0.7,0.5,0.6,0.5,0.5,0.5,0.55,0.5,0.5,0.5
LATAM,2729,WHY_LATAM,LATAM,510,why__why_noid_525,why,Investment_Arquetypes_2022,Content_Export_Investment_Arquetypes_2022_full-latin-final.csv,why_noid_525,NA,NA,MX,MX,latin_america,unknown,unknown,unknown,usable_partial_limited_metadata,TRUE,TRUE,30,0.8,0.5,0.5,0.5,0.5,0.85,0.5,0.5,0.8,0.6,0.5,0.65,0.5,0.5,0.7,0.5,0.6,0.5,0.7,0.5,0.6,0.5,0.6,0.65,0.5,0.55,0.5,0.5,0.5,0.5,0.5,0.5
LATAM,2731,WHY_LATAM,LATAM,512,why__why_noid_530,why,Investment_Arquetypes_2022,Content_Export_Investment_Arquetypes_2022_full-latin-final.csv,why_noid_530,NA,NA,MX,MX,latin_america,unknown,unknown,unknown,usable_partial_limited_metadata,TRUE,TRUE,29,0.65,0.5,0.82,0.69,0.5,0.72,0.5,0.63,0.81,1,0.74,0.66,0.74,0.77,0.7,0.5,0.85,0.78,0.79,0.65,1,0.5,0.84,0.68,0.5,0.65,0.65,0.5,0.78,0.72,0.5,0.66
LATAM,2732,WHY_LATAM,LATAM,513,why__why_noid_531,why,Investment_Arquetypes_2022,Content_Export_Investment_Arquetypes_2022_full-latin-final.csv,why_noid_531,NA,NA,MX,MX,latin_america,unknown,unknown,unknown,usable_partial_limited_metadata,TRUE,TRUE,26,0.77,0.5,0.5,0.5,0.5,0.5,0.5,0.64,0.5,0.5,1,0.8,0.5,0.51,1,1,1,1,0.5,0.5,0.5,0.5,0.5,0.5,0.5,0.5,0.5,0.5,0.5,0.5,0.5,0.5
LATAM,2734,WHY_LATAM,LATAM,515,why__why_noid_533,why,Investment_Arquetypes_2022,Content_Export_Investment_Arquetypes_2022_full-latin-final.csv,why_noid_533,NA,NA,CL,CL,latin_america,unknown,unknown,unknown,usable_complete_limited_metadata,TRUE,TRUE,32,0.5,0.92,0.89,0.6,0.5,0.55,1,0.85,0.67,0.91,1,1,0.76,0.6,0.86,0.86,0.9,0.67,0.64,0.71,0.87,0.5,0.65,0.5,0.5,0.62,0.85,0.61,0.5,0.5,0.5,0.89
LATAM,2735,WHY_LATAM,LATAM,516,why__why_noid_534,why,Investment_Arquetypes_2022,Content_Export_Investment_Arquetypes_2022_full-latin-final.csv,why_noid_534,NA,NA,CL,CL,latin_america,unknown,unknown,unknown,usable_partial_limited_metadata,TRUE,TRUE,26,1,0.99,1,0.83,0.5,0.5,0.5,0.5,0.94,1,0.98,1,0.5,0.99,0.75,1,1,1,0.5,0.75,0.5,0.65,0.5,0.91,0.5,1,0.73,1,0.5,0.71,0.77,0.5
LATAM,2736,WHY_LATAM,LATAM,517,why__why_noid_535,why,Investment_Arquetypes_2022,Content_Export_Investment_Arquetypes_2022_full-latin-final.csv,why_noid_535,NA,NA,MX,MX,latin_america,unknown,unknown,unknown,usable_partial_limited_metadata,TRUE,TRUE,31,0.5,0.5,0.59,0.5,0.5,0.74,0.5,0.5,0.5,0.63,0.69,0.72,0.73,0.5,0.74,0.5,0.68,0.66,0.5,0.5,0.65,0.5,0.5,0.69,0.79,0.71,0.5,0.67,0.66,0.5,0.5,0.5
LATAM,2737,WHY_LATAM,LATAM,518,why__why_noid_536,why,Investment_Arquetypes_2022,Content_Export_Investment_Arquetypes_2022_full-latin-final.csv,why_noid_536,NA,NA,MX,MX,latin_america,unknown,unknown,unknown,usable_partial_limited_metadata,TRUE,TRUE,29,0.79,0.59,0.78,0.5,0.81,0.81,0.76,0.78,0.69,0.86,0.5,0.5,0.52,0.78,0.5,0.83,0.53,0.5,0.83,0.76,0.5,0.5,0.77,0.83,0.63,0.5,0.76,0.89,0.5,0.5,0.5,0.78
LATAM,2739,WHY_LATAM,LATAM,520,why__why_noid_538,why,Investment_Arquetypes_2022,Content_Export_Investment_Arquetypes_2022_full-latin-final.csv,why_noid_538,NA,NA,MX,MX,latin_america,unknown,unknown,unknown,usable_partial_limited_metadata,TRUE,TRUE,31,0.5,1,0.5,0.85,0.85,0.5,0.5,0.82,0.5,0.79,0.7,0.83,0.5,0.75,0.81,0.71,0.7,0.5,0.5,0.51,0.88,0.62,0.77,0.81,0.78,0.5,0.5,0.96,0.75,0.77,0.5,0.83
LATAM,2740,WHY_LATAM,LATAM,521,why__why_noid_540,why,Investment_Arquetypes_2022,Content_Export_Investment_Arquetypes_2022_full-latin-final.csv,why_noid_540,NA,NA,MX,MX,latin_america,unknown,unknown,unknown,usable_complete_limited_metadata,TRUE,TRUE,32,0.86,0.83,0.87,0.82,0.84,0.68,0.68,0.83,0.58,0.74,0.82,0.85,0.79,0.78,0.82,0.8,0.83,0.74,0.78,0.6,0.79,0.83,0.81,0.85,0.76,0.8,0.86,0.82,0.84,0.86,0.77,0.76
LATAM,2741,WHY_LATAM,LATAM,522,why__why_noid_541,why,Investment_Arquetypes_2022,Content_Export_Investment_Arquetypes_2022_full-latin-final.csv,why_noid_541,NA,NA,CO,CO,latin_america,unknown,unknown,unknown,usable_complete_limited_metadata,TRUE,TRUE,32,0.5,0.6,0.5,0.5,0.68,0.76,0.63,0.67,0.7,0.74,0.5,0.71,0.5,0.5,0.69,0.72,0.69,0.52,0.64,0.75,0.73,0.53,0.65,0.74,0.7,0.7,0.65,0.69,0.65,0.65,0.5,0.69
LATAM,2742,WHY_LATAM,LATAM,523,why__why_noid_542,why,Investment_Arquetypes_2022,Content_Export_Investment_Arquetypes_2022_full-latin-final.csv,why_noid_542,NA,NA,MX,MX,latin_america,unknown,unknown,unknown,usable_partial_limited_metadata,TRUE,TRUE,29,0.8,0.65,0.71,0.5,0.7,0.8,0.5,0.66,0.6,0.7,0.8,0.66,0.7,0.77,0.7,0.5,0.7,0.62,0.8,0.66,0.71,0.71,0.59,0.72,0.5,0.7,0.5,0.59,0.5,0.5,0.5,0.7
LATAM,2743,WHY_LATAM,LATAM,524,why__why_noid_543,why,Investment_Arquetypes_2022,Content_Export_Investment_Arquetypes_2022_full-latin-final.csv,why_noid_543,NA,NA,MX,MX,latin_america,unknown,unknown,unknown,usable_complete_limited_metadata,TRUE,TRUE,32,0.83,0.72,0.73,0.62,0.77,0.85,0.8,0.77,0.84,0.71,0.84,0.71,0.74,0.73,0.9,0.5,0.72,0.96,0.77,0.91,0.75,0.75,0.72,0.62,0.74,0.91,0.72,0.83,0.5,0.83,0.76,0.85
LATAM,2744,WHY_LATAM,LATAM,525,why__why_noid_544,why,Investment_Arquetypes_2022,Content_Export_Investment_Arquetypes_2022_full-latin-final.csv,why_noid_544,NA,NA,MX,MX,latin_america,unknown,unknown,unknown,usable_partial_limited_metadata,TRUE,TRUE,31,0.67,0.84,0.86,0.75,0.5,0.5,0.81,0.84,0.73,0.5,0.5,0.88,0.7,0.5,0.75,0.77,0.5,0.5,0.5,0.7,0.5,0.73,0.5,0.71,0.86,0.5,0.5,0.79,0.81,0.79,0.78,0.67
LATAM,2745,WHY_LATAM,LATAM,526,why__why_noid_545,why,Investment_Arquetypes_2022,Content_Export_Investment_Arquetypes_2022_full-latin-final.csv,why_noid_545,NA,NA,MX,MX,latin_america,unknown,unknown,unknown,usable_partial_limited_metadata,TRUE,TRUE,31,0.73,0.8,0.82,0.72,0.78,0.75,0.76,0.75,0.77,0.77,0.77,0.74,0.72,1,0.89,0.52,0.77,0.82,0.71,0.7,0.5,0.58,0.5,0.74,0.79,0.74,0.71,0.83,0.77,0.8,0.73,0.76
LATAM,2746,WHY_LATAM,LATAM,527,why__why_noid_547,why,Investment_Arquetypes_2022,Content_Export_Investment_Arquetypes_2022_full-latin-final.csv,why_noid_547,NA,NA,MX,MX,latin_america,unknown,unknown,unknown,usable_complete_limited_metadata,TRUE,TRUE,32,0.55,0.5,0.5,0.6,1,0.5,0.5,1,0.5,0.7,0.5,1,0.6,1,0.6,0.6,0.8,0.6,0.65,0.7,0.65,0.5,0.5,0.75,0.75,0.8,0.65,0.5,0.5,0.5,0.75,0.7
LATAM,2747,WHY_LATAM,LATAM,528,why__why_noid_548,why,Investment_Arquetypes_2022,Content_Export_Investment_Arquetypes_2022_full-latin-final.csv,why_noid_548,NA,NA,MX,MX,latin_america,unknown,unknown,unknown,usable_complete_limited_metadata,TRUE,TRUE,32,0.75,0.65,0.7,0.59,0.5,0.75,0.7,0.7,0.75,0.8,0.5,0.6,0.85,0.85,0.75,0.75,0.5,0.6,0.5,0.7,0.8,0.5,0.5,0.5,0.7,0.75,0.5,0.8,0.5,0.6,0.5,0.55
LATAM,2749,WHY_LATAM,LATAM,530,why__why_noid_550,why,Investment_Arquetypes_2022,Content_Export_Investment_Arquetypes_2022_full-latin-final.csv,why_noid_550,NA,NA,MX,MX,latin_america,unknown,unknown,unknown,usable_complete_limited_metadata,TRUE,TRUE,32,0.97,0.97,0.9,0.8,0.7,0.87,0.78,0.75,0.95,0.78,0.9,0.94,0.87,0.77,0.83,0.86,0.95,0.89,0.79,0.82,0.93,0.83,0.76,0.9,0.93,0.9,0.94,0.76,0.77,0.77,0.65,0.93
LATAM,2750,WHY_LATAM,LATAM,531,why__why_noid_551,why,Investment_Arquetypes_2022,Content_Export_Investment_Arquetypes_2022_full-latin-final.csv,why_noid_551,NA,NA,MX,MX,latin_america,unknown,unknown,unknown,usable_complete_limited_metadata,TRUE,TRUE,32,1,0.87,0.79,0.83,0.87,0.86,1,0.83,1,1,0.93,0.87,1,0.94,1,0.89,1,0.86,1,0.83,0.87,0.74,0.86,0.88,0.89,1,0.81,1,0.77,1,1,1
LATAM,2751,WHY_LATAM,LATAM,532,why__why_noid_552,why,Investment_Arquetypes_2022,Content_Export_Investment_Arquetypes_2022_full-latin-final.csv,why_noid_552,NA,NA,MX,MX,latin_america,unknown,unknown,unknown,usable_complete_limited_metadata,TRUE,TRUE,32,1,1,1,0.71,1,1,0.72,1,1,0.93,1,1,1,1,0.82,1,1,0.81,1,1,0.98,1,1,0.99,1,1,1,1,0.88,1,1,1
LATAM,2753,WHY_LATAM,LATAM,534,why__why_noid_555,why,Investment_Arquetypes_2022,Content_Export_Investment_Arquetypes_2022_full-latin-final.csv,why_noid_555,NA,NA,MX,MX,latin_america,unknown,unknown,unknown,usable_partial_limited_metadata,TRUE,TRUE,29,0.78,0.76,0.78,0.6,0.5,0.5,0.76,0.82,0.67,0.5,0.5,0.5,0.8,0.5,0.5,0.74,0.5,0.5,0.58,0.5,0.5,0.62,0.76,0.71,0.73,0.5,0.5,0.7,0.76,0.87,0.61,0.5
LATAM,2754,WHY_LATAM,LATAM,535,why__why_noid_558,why,Investment_Arquetypes_2022,Content_Export_Investment_Arquetypes_2022_full-latin-final.csv,why_noid_558,NA,NA,MX,MX,latin_america,unknown,unknown,unknown,usable_partial_limited_metadata,TRUE,TRUE,31,1,1,1,0.71,0.5,0.5,0.59,0.79,1,1,0.5,0.5,0.5,0.6,0.77,1,0.8,0.65,1,0.62,1,0.5,0.5,0.5,0.5,0.63,0.55,0.66,0.77,0.5,0.5,0.5
LATAM,2755,WHY_LATAM,LATAM,536,why__why_noid_559,why,Investment_Arquetypes_2022,Content_Export_Investment_Arquetypes_2022_full-latin-final.csv,why_noid_559,NA,NA,MX,MX,latin_america,unknown,unknown,unknown,usable_complete_limited_metadata,TRUE,TRUE,32,1,1,0.8,0.55,0.55,0.56,0.5,0.6,0.7,0.76,0.79,1,0.63,0.5,0.9,0.67,0.65,0.7,0.86,0.59,0.55,0.6,0.5,0.5,0.8,0.75,0.55,0.5,0.5,0.5,0.5,0.78
LATAM,2756,WHY_LATAM,LATAM,537,why__why_noid_560,why,Investment_Arquetypes_2022,Content_Export_Investment_Arquetypes_2022_full-latin-final.csv,why_noid_560,NA,NA,MX,MX,latin_america,unknown,unknown,unknown,usable_partial_limited_metadata,TRUE,TRUE,31,1,1,0.92,1,1,1,1,0.5,1,0.85,1,1,0.8,0.99,1,1,1,0.95,0.91,1,0.91,0.5,0.92,1,1,0.78,1,0.85,1,0.5,0.5,0.81
LATAM,2757,WHY_LATAM,LATAM,538,why__why_noid_561,why,Investment_Arquetypes_2022,Content_Export_Investment_Arquetypes_2022_full-latin-final.csv,why_noid_561,NA,NA,MX,MX,latin_america,unknown,unknown,unknown,usable_partial_limited_metadata,TRUE,TRUE,25,0.5,0.65,0.71,0.6,0.5,0.5,0.89,0.96,0.5,1,0.88,0.85,1,0.5,1,0.5,0.95,0.79,0.89,0.77,0.91,0.5,0.5,0.5,0.5,0.5,0.5,0.5,0.5,0.5,0.5,0.8
LATAM,2759,WHY_LATAM,LATAM,540,why__why_noid_563,why,Investment_Arquetypes_2022,Content_Export_Investment_Arquetypes_2022_full-latin-final.csv,why_noid_563,NA,NA,MX,MX,latin_america,unknown,unknown,unknown,usable_complete_limited_metadata,TRUE,TRUE,32,0.5,0.64,0.5,0.62,0.5,0.5,0.5,0.63,0.52,0.62,0.67,0.71,0.59,0.56,0.5,0.64,0.63,0.7,0.5,0.5,0.67,0.5,0.52,0.5,0.5,0.55,0.5,0.5,0.68,0.5,0.5,0.5
LATAM,2760,WHY_LATAM,LATAM,541,why__why_noid_564,why,Investment_Arquetypes_2022,Content_Export_Investment_Arquetypes_2022_full-latin-final.csv,why_noid_564,NA,NA,CO,CO,latin_america,unknown,unknown,unknown,usable_partial_limited_metadata,TRUE,TRUE,30,0.86,0.72,0.68,0.83,0.77,0.67,0.95,1,0.77,0.94,0.92,0.85,0.8,0.7,0.72,0.78,0.78,0.5,0.95,0.75,0.79,0.5,0.8,0.76,0.76,0.68,0.5,0.55,0.76,0.68,0.5,0.55
LATAM,2761,WHY_LATAM,LATAM,542,why__why_noid_565,why,Investment_Arquetypes_2022,Content_Export_Investment_Arquetypes_2022_full-latin-final.csv,why_noid_565,NA,NA,MX,MX,latin_america,unknown,unknown,unknown,usable_complete_limited_metadata,TRUE,TRUE,32,0.8,1,0.85,0.5,0.75,0.5,0.5,0.8,1,1,0.8,0.5,0.8,0.6,0.9,1,0.85,0.6,1,0.8,0.9,0.5,0.75,0.5,0.75,0.7,0.5,0.5,0.5,0.5,0.5,0.65
LATAM,2762,WHY_LATAM,LATAM,543,why__why_noid_566,why,Investment_Arquetypes_2022,Content_Export_Investment_Arquetypes_2022_full-latin-final.csv,why_noid_566,NA,NA,MX,MX,latin_america,unknown,unknown,unknown,usable_complete_limited_metadata,TRUE,TRUE,32,0.85,0.74,0.67,0.5,0.78,0.8,0.83,0.92,0.5,0.78,0.88,0.76,0.5,0.5,0.98,0.73,0.5,0.5,0.8,0.93,0.76,0.75,0.85,0.5,0.82,0.5,0.73,0.86,0.95,0.77,0.79,0.82
LATAM,2763,WHY_LATAM,LATAM,544,why__why_noid_567,why,Investment_Arquetypes_2022,Content_Export_Investment_Arquetypes_2022_full-latin-final.csv,why_noid_567,NA,NA,CO,CO,latin_america,unknown,unknown,unknown,usable_complete_limited_metadata,TRUE,TRUE,32,0.61,0.59,0.51,0.58,0.67,0.5,0.63,0.58,0.54,0.5,0.67,0.56,0.52,0.69,0.5,0.57,0.57,0.5,0.56,0.5,0.51,0.5,0.6,0.55,0.57,0.55,0.5,0.51,0.5,0.63,0.5,0.65
LATAM,2766,WHY_LATAM,LATAM,547,why__why_noid_570,why,Investment_Arquetypes_2022,Content_Export_Investment_Arquetypes_2022_full-latin-final.csv,why_noid_570,NA,NA,MX,MX,latin_america,unknown,unknown,unknown,usable_partial_limited_metadata,TRUE,TRUE,29,0.5,0.5,0.66,0.64,0.5,0.93,0.69,0.5,0.88,0.68,0.6,0.8,0.74,0.5,0.53,0.64,0.63,0.62,0.58,0.5,0.5,0.5,0.64,0.5,0.5,0.58,0.86,0.58,0.5,0.69,0.5,0.5
LATAM,2767,WHY_LATAM,LATAM,548,why__why_noid_571,why,Investment_Arquetypes_2022,Content_Export_Investment_Arquetypes_2022_full-latin-final.csv,why_noid_571,NA,NA,MX,MX,latin_america,unknown,unknown,unknown,usable_complete_limited_metadata,TRUE,TRUE,32,1,1,0.7,0.89,1,1,1,0.89,1,0.69,0.79,1,0.97,1,1,1,1,1,1,1,1,0.5,1,1,1,0.89,1,0.95,1,0.85,1,1
LATAM,2768,WHY_LATAM,LATAM,549,why__why_noid_572,why,Investment_Arquetypes_2022,Content_Export_Investment_Arquetypes_2022_full-latin-final.csv,why_noid_572,NA,NA,MX,MX,latin_america,unknown,unknown,unknown,usable_partial_limited_metadata,TRUE,TRUE,25,1,1,1,1,0.5,0.5,1,0.5,1,0.8,0.5,1,0.5,0.5,1,0.7,1,1,1,1,1,0.5,0.8,0.5,1,0.5,0.5,0.5,0.5,0.5,0.5,1
LATAM,2769,WHY_LATAM,LATAM,550,why__why_noid_573,why,Investment_Arquetypes_2022,Content_Export_Investment_Arquetypes_2022_full-latin-final.csv,why_noid_573,NA,NA,MX,MX,latin_america,unknown,unknown,unknown,usable_complete_limited_metadata,TRUE,TRUE,32,0.83,1,0.71,0.5,0.88,0.57,0.5,0.5,0.62,0.62,0.5,0.82,0.79,0.69,0.93,0.66,0.8,0.65,1,0.77,0.5,0.5,0.5,0.58,0.5,0.74,0.83,0.5,0.6,0.5,0.5,0.65
LATAM,2770,WHY_LATAM,LATAM,551,why__why_noid_574,why,Investment_Arquetypes_2022,Content_Export_Investment_Arquetypes_2022_full-latin-final.csv,why_noid_574,NA,NA,MX,MX,latin_america,unknown,unknown,unknown,usable_partial_limited_metadata,TRUE,TRUE,25,0.9,0.99,0.71,0.75,0.65,0.5,0.98,0.62,1,1,1,0.77,0.65,0.89,0.76,0.7,0.8,0.97,0.5,0.5,0.5,0.5,0.61,0.62,0.66,0.63,0.84,0.5,0.5,0.62,0.5,1
LATAM,2771,WHY_LATAM,LATAM,552,why__why_noid_575,why,Investment_Arquetypes_2022,Content_Export_Investment_Arquetypes_2022_full-latin-final.csv,why_noid_575,NA,NA,MX,MX,latin_america,unknown,unknown,unknown,usable_complete_limited_metadata,TRUE,TRUE,32,1,1,1,0.5,0.85,0.75,0.5,0.65,1,1,0.75,1,0.5,0.5,1,0.7,0.8,0.65,1,0.8,0.75,0.5,0.5,0.65,0.5,0.5,0.6,0.65,0.7,0.6,0.5,0.6
LATAM,2772,WHY_LATAM,LATAM,553,why__why_noid_576,why,Investment_Arquetypes_2022,Content_Export_Investment_Arquetypes_2022_full-latin-final.csv,why_noid_576,NA,NA,MX,MX,latin_america,unknown,unknown,unknown,usable_partial_limited_metadata,TRUE,TRUE,31,0.96,0.75,0.73,0.65,0.5,0.73,0.69,0.66,0.7,0.71,0.77,0.74,0.5,0.56,0.69,0.88,0.5,0.74,0.72,0.5,0.67,0.69,0.5,0.65,0.66,0.61,0.74,0.72,1,0.54,0.81,0.71
LATAM,2773,WHY_LATAM,LATAM,554,why__why_noid_578,why,Investment_Arquetypes_2022,Content_Export_Investment_Arquetypes_2022_full-latin-final.csv,why_noid_578,NA,NA,MX,MX,latin_america,unknown,unknown,unknown,usable_partial_limited_metadata,TRUE,TRUE,31,0.75,0.69,0.5,0.83,0.72,0.7,0.74,0.91,0.5,0.75,0.5,0.77,0.56,0.74,0.79,1,0.8,0.5,0.5,1,0.75,0.5,0.7,0.8,0.7,0.5,0.83,0.78,0.7,0.79,0.5,0.5
LATAM,2774,WHY_LATAM,LATAM,555,why__why_noid_579,why,Investment_Arquetypes_2022,Content_Export_Investment_Arquetypes_2022_full-latin-final.csv,why_noid_579,NA,NA,MX,MX,latin_america,unknown,unknown,unknown,usable_partial_limited_metadata,TRUE,TRUE,31,0.78,0.71,0.77,0.75,0.5,0.71,0.61,0.79,0.8,0.75,0.7,0.84,0.58,0.57,0.83,0.83,0.79,0.87,0.5,0.76,0.74,0.5,0.65,0.58,0.57,0.77,0.85,0.68,0.65,0.8,0.59,0.5
LATAM,2775,WHY_LATAM,LATAM,556,why__why_noid_581,why,Investment_Arquetypes_2022,Content_Export_Investment_Arquetypes_2022_full-latin-final.csv,why_noid_581,NA,NA,MX,MX,latin_america,unknown,unknown,unknown,usable_complete_limited_metadata,TRUE,TRUE,32,0.88,0.9,1,1,0.75,0.86,0.89,0.84,0.7,0.83,0.85,0.9,0.93,0.92,1,0.87,0.87,0.92,0.87,0.85,0.83,0.89,0.8,0.7,0.85,0.8,0.88,0.85,0.8,0.92,0.98,0.87
LATAM,2776,WHY_LATAM,LATAM,557,why__why_noid_582,why,Investment_Arquetypes_2022,Content_Export_Investment_Arquetypes_2022_full-latin-final.csv,why_noid_582,NA,NA,MX,MX,latin_america,unknown,unknown,unknown,usable_partial_limited_metadata,TRUE,TRUE,31,0.85,0.62,0.69,0.69,0.5,0.5,0.5,0.7,1,0.76,1,1,0.74,0.6,0.85,1,0.9,0.7,1,0.85,0.6,0.7,0.5,0.7,0.8,0.62,0.7,0.5,0.8,0.79,0.6,0.59
LATAM,2777,WHY_LATAM,LATAM,558,why__why_noid_583,why,Investment_Arquetypes_2022,Content_Export_Investment_Arquetypes_2022_full-latin-final.csv,why_noid_583,NA,NA,MX,MX,latin_america,unknown,unknown,unknown,usable_complete_limited_metadata,TRUE,TRUE,32,0.77,0.74,0.77,0.78,0.76,0.69,0.8,0.79,0.82,0.86,0.73,0.79,0.89,0.81,0.83,0.82,1,0.76,0.78,0.83,0.71,0.83,0.8,0.76,0.83,0.58,0.73,0.84,0.8,0.9,0.81,0.82
LATAM,2778,WHY_LATAM,LATAM,559,why__why_noid_584,why,Investment_Arquetypes_2022,Content_Export_Investment_Arquetypes_2022_full-latin-final.csv,why_noid_584,NA,NA,MX,MX,latin_america,unknown,unknown,unknown,usable_partial_limited_metadata,TRUE,TRUE,31,0.75,0.52,0.71,0.6,0.6,1,0.5,0.82,0.54,0.98,0.51,0.67,0.69,0.8,0.8,0.8,0.81,0.56,0.88,0.89,1,0.5,0.67,0.5,0.59,1,0.95,0.65,0.75,0.84,0.5,1
LATAM,2779,WHY_LATAM,LATAM,560,why__why_noid_585,why,Investment_Arquetypes_2022,Content_Export_Investment_Arquetypes_2022_full-latin-final.csv,why_noid_585,NA,NA,MX,MX,latin_america,unknown,unknown,unknown,usable_partial_limited_metadata,TRUE,TRUE,29,0.5,0.58,0.65,0.64,0.5,0.55,0.5,0.5,0.66,0.63,0.87,0.56,0.9,0.5,0.54,0.78,0.52,0.5,0.5,0.58,0.88,0.5,0.64,0.55,0.77,0.85,0.5,0.5,0.5,0.5,0.5,0.64
LATAM,2780,WHY_LATAM,LATAM,561,why__why_noid_586,why,Investment_Arquetypes_2022,Content_Export_Investment_Arquetypes_2022_full-latin-final.csv,why_noid_586,NA,NA,MX,MX,latin_america,unknown,unknown,unknown,usable_partial_limited_metadata,TRUE,TRUE,31,0.5,0.5,0.72,0.5,0.5,0.84,0.88,0.75,0.85,0.62,0.5,0.85,0.5,0.64,0.85,1,0.5,0.5,0.5,0.5,0.84,0.66,0.67,0.67,0.77,0.5,1,0.72,0.87,0.5,0.72,0.5
LATAM,2781,WHY_LATAM,LATAM,562,why__why_noid_587,why,Investment_Arquetypes_2022,Content_Export_Investment_Arquetypes_2022_full-latin-final.csv,why_noid_587,NA,NA,MX,MX,latin_america,unknown,unknown,unknown,usable_complete_limited_metadata,TRUE,TRUE,32,0.6,0.63,0.74,0.75,0.73,0.65,0.69,0.75,0.86,0.72,0.79,0.69,0.62,0.68,0.75,0.73,0.7,0.76,0.73,0.83,0.72,0.73,0.7,0.86,0.77,0.66,0.64,0.82,0.67,0.67,0.78,0.7
LATAM,2782,WHY_LATAM,LATAM,563,why__why_noid_588,why,Investment_Arquetypes_2022,Content_Export_Investment_Arquetypes_2022_full-latin-final.csv,why_noid_588,NA,NA,MX,MX,latin_america,unknown,unknown,unknown,usable_partial_limited_metadata,TRUE,TRUE,31,0.8,0.5,0.5,0.7,0.5,0.5,0.5,0.5,0.6,0.51,0.74,0.82,0.56,0.8,0.7,0.77,0.88,0.5,0.55,0.81,0.5,0.5,0.5,0.5,0.5,0.8,0.89,0.55,0.82,0.6,0.5,0.5
LATAM,2783,WHY_LATAM,LATAM,564,why__why_noid_589,why,Investment_Arquetypes_2022,Content_Export_Investment_Arquetypes_2022_full-latin-final.csv,why_noid_589,NA,NA,MX,MX,latin_america,unknown,unknown,unknown,usable_complete_limited_metadata,TRUE,TRUE,32,0.81,0.98,0.62,0.78,0.63,0.73,0.68,0.67,1,0.85,0.5,0.65,0.6,0.67,0.63,0.74,0.73,0.71,0.73,0.84,0.64,1,0.89,0.5,0.68,0.69,0.5,0.5,0.69,0.57,0.66,0.5
LATAM,2784,WHY_LATAM,LATAM,565,why__why_noid_590,why,Investment_Arquetypes_2022,Content_Export_Investment_Arquetypes_2022_full-latin-final.csv,why_noid_590,NA,NA,MX,MX,latin_america,unknown,unknown,unknown,usable_partial_limited_metadata,TRUE,TRUE,30,0.73,0.99,0.65,0.7,0.65,0.82,0.58,0.64,0.85,0.66,0.76,0.81,0.65,0.69,0.5,0.54,0.74,0.86,0.61,0.65,0.61,0.5,0.5,0.5,0.5,0.66,0.5,0.5,0.5,0.62,0.68,0.5
LATAM,2785,WHY_LATAM,LATAM,566,why__why_noid_591,why,Investment_Arquetypes_2022,Content_Export_Investment_Arquetypes_2022_full-latin-final.csv,why_noid_591,NA,NA,MX,MX,latin_america,unknown,unknown,unknown,usable_complete_limited_metadata,TRUE,TRUE,32,1,0.78,0.96,0.94,1,1,0.97,1,0.96,1,1,0.97,0.97,0.76,1,1,0.87,0.94,0.96,1,0.93,0.93,0.9,0.99,1,0.95,1,1,1,1,1,1
LATAM,2786,WHY_LATAM,LATAM,567,why__why_noid_592,why,Investment_Arquetypes_2022,Content_Export_Investment_Arquetypes_2022_full-latin-final.csv,why_noid_592,NA,NA,MX,MX,latin_america,unknown,unknown,unknown,usable_partial_limited_metadata,TRUE,TRUE,29,0.5,0.5,0.6,0.7,0.5,0.75,0.9,0.7,0.85,1,0.9,0.6,0.5,0.58,0.56,0.76,0.6,0.5,0.5,0.5,0.7,0.5,0.5,0.5,0.5,0.5,0.5,0.5,0.5,0.5,0.5,0.65
LATAM,2787,WHY_LATAM,LATAM,568,why__why_noid_593,why,Investment_Arquetypes_2022,Content_Export_Investment_Arquetypes_2022_full-latin-final.csv,why_noid_593,NA,NA,MX,MX,latin_america,unknown,unknown,unknown,usable_partial_limited_metadata,TRUE,TRUE,28,0.51,1,0.5,0.5,0.5,0.5,0.85,1,1,0.7,0.92,0.95,0.5,1,0.5,1,0.86,0.71,0.63,1,0.5,0.5,0.84,1,0.5,0.82,0.8,0.74,0.5,0.72,0.82,0.51
LATAM,2788,WHY_LATAM,LATAM,569,why__why_noid_594,why,Investment_Arquetypes_2022,Content_Export_Investment_Arquetypes_2022_full-latin-final.csv,why_noid_594,NA,NA,MX,MX,latin_america,unknown,unknown,unknown,usable_complete_limited_metadata,TRUE,TRUE,32,0.94,0.61,0.91,0.67,0.71,0.75,0.59,0.69,0.93,0.82,0.76,0.76,0.72,0.71,0.74,0.94,0.89,0.85,0.73,0.59,0.82,0.5,0.65,0.53,0.77,0.71,0.7,0.5,0.5,0.68,0.5,0.56
LATAM,2789,WHY_LATAM,LATAM,570,why__why_noid_595,why,Investment_Arquetypes_2022,Content_Export_Investment_Arquetypes_2022_full-latin-final.csv,why_noid_595,NA,NA,MX,MX,latin_america,unknown,unknown,unknown,usable_complete_limited_metadata,TRUE,TRUE,32,0.5,0.64,0.63,0.64,0.64,0.5,0.58,0.63,0.63,0.5,0.57,0.63,0.68,0.5,0.7,0.69,0.6,0.64,0.63,0.5,0.66,0.6,0.5,0.62,0.5,0.5,0.63,0.64,0.6,0.62,0.6,0.5
LATAM,2790,WHY_LATAM,LATAM,571,why__why_noid_596,why,Investment_Arquetypes_2022,Content_Export_Investment_Arquetypes_2022_full-latin-final.csv,why_noid_596,NA,NA,MX,MX,latin_america,unknown,unknown,unknown,usable_partial_limited_metadata,TRUE,TRUE,31,0.72,0.65,0.52,0.5,0.5,0.62,0.66,0.5,0.62,0.5,0.5,0.61,0.63,0.65,0.57,0.65,0.65,0.58,0.63,0.62,0.57,0.61,0.64,0.66,0.5,0.66,0.63,0.5,0.65,0.7,0.5,0.68
LATAM,2793,WHY_LATAM,LATAM,574,why__why_noid_601,why,Investment_Arquetypes_2022,Content_Export_Investment_Arquetypes_2022_full-latin-final.csv,why_noid_601,NA,NA,MX,MX,latin_america,unknown,unknown,unknown,usable_complete_limited_metadata,TRUE,TRUE,32,0.73,0.68,0.65,0.67,0.6,0.57,0.61,0.65,0.5,0.68,0.66,0.67,0.5,0.55,0.5,0.55,0.5,0.61,0.63,0.5,0.69,0.62,0.68,0.68,0.77,0.7,0.5,0.5,0.66,0.5,0.63,1
LATAM,2794,WHY_LATAM,LATAM,575,why__why_noid_602,why,Investment_Arquetypes_2022,Content_Export_Investment_Arquetypes_2022_full-latin-final.csv,why_noid_602,NA,NA,MX,MX,latin_america,unknown,unknown,unknown,usable_complete_limited_metadata,TRUE,TRUE,32,0.5,0.97,0.71,0.5,0.5,0.63,0.75,0.5,0.66,0.64,0.5,0.5,0.62,0.72,0.64,0.5,0.67,0.5,0.65,0.5,0.72,0.5,0.7,0.68,0.86,0.5,0.5,0.5,0.5,0.5,0.5,0.5
LATAM,2795,WHY_LATAM,LATAM,576,why__why_noid_603,why,Investment_Arquetypes_2022,Content_Export_Investment_Arquetypes_2022_full-latin-final.csv,why_noid_603,NA,NA,MX,MX,latin_america,unknown,unknown,unknown,usable_partial_limited_metadata,TRUE,TRUE,26,0.5,0.6,0.5,0.5,0.5,0.5,0.5,0.5,0.5,0.5,0.5,0.9,0.6,0.5,0.5,0.75,0.85,0.5,0.7,0.5,0.8,0.6,0.65,0.5,0.5,0.5,0.75,0.5,0.6,0.5,0.5,0.5
LATAM,2797,WHY_LATAM,LATAM,578,why__why_noid_605,why,Investment_Arquetypes_2022,Content_Export_Investment_Arquetypes_2022_full-latin-final.csv,why_noid_605,NA,NA,MX,MX,latin_america,unknown,unknown,unknown,usable_partial_limited_metadata,TRUE,TRUE,31,0.5,0.5,0.5,0.76,0.5,0.5,0.5,0.5,0.79,1,0.79,0.7,0.55,0.5,0.81,0.8,0.5,0.71,1,0.5,0.75,0.73,0.5,0.5,0.5,0.67,0.5,0.5,0.5,0.77,0.5,0.7
LATAM,2798,WHY_LATAM,LATAM,579,why__why_noid_606,why,Investment_Arquetypes_2022,Content_Export_Investment_Arquetypes_2022_full-latin-final.csv,why_noid_606,NA,NA,MX,MX,latin_america,unknown,unknown,unknown,usable_partial_limited_metadata,TRUE,TRUE,31,0.72,0.74,0.67,0.67,0.5,0.69,0.77,0.69,0.66,0.71,0.71,0.5,0.64,0.5,0.73,0.76,0.63,0.8,0.5,0.69,0.67,0.69,0.72,0.7,0.71,0.78,0.66,0.84,0.6,0.61,0.82,0.5
LATAM,2799,WHY_LATAM,LATAM,580,why__why_noid_607,why,Investment_Arquetypes_2022,Content_Export_Investment_Arquetypes_2022_full-latin-final.csv,why_noid_607,NA,NA,MX,MX,latin_america,unknown,unknown,unknown,usable_complete_limited_metadata,TRUE,TRUE,32,0.73,0.82,0.7,0.8,0.74,0.77,0.79,0.85,0.68,0.73,0.74,0.93,0.9,0.71,0.73,0.81,0.96,0.7,0.75,0.9,0.69,0.81,0.83,0.69,0.71,0.73,0.85,0.69,0.63,0.68,0.76,0.87
LATAM,2800,WHY_LATAM,LATAM,581,why__why_noid_608,why,Investment_Arquetypes_2022,Content_Export_Investment_Arquetypes_2022_full-latin-final.csv,why_noid_608,NA,NA,MX,MX,latin_america,unknown,unknown,unknown,usable_complete_limited_metadata,TRUE,TRUE,32,0.84,1,0.81,0.84,0.97,0.86,0.82,0.76,0.72,0.92,0.81,0.91,0.89,0.8,0.78,0.81,0.87,0.92,0.83,0.83,0.77,0.88,0.8,0.8,0.81,0.69,0.8,0.84,0.9,0.84,0.79,0.85
LATAM,2802,WHY_LATAM,LATAM,583,why__why_noid_610,why,Investment_Arquetypes_2022,Content_Export_Investment_Arquetypes_2022_full-latin-final.csv,why_noid_610,NA,NA,MX,MX,latin_america,unknown,unknown,unknown,usable_partial_limited_metadata,TRUE,TRUE,30,1,0.73,1,0.5,1,0.72,0.5,0.5,0.5,1,1,1,1,1,1,0.5,1,1,0.69,0.8,0.5,0.5,0.7,0.82,0.5,0.5,0.5,0.5,0.5,1,0.5,1
LATAM,2804,WHY_LATAM,LATAM,585,why__why_noid_613,why,Investment_Arquetypes_2022,Content_Export_Investment_Arquetypes_2022_full-latin-final.csv,why_noid_613,NA,NA,MX,MX,latin_america,unknown,unknown,unknown,usable_complete_limited_metadata,TRUE,TRUE,32,1,0.67,0.8,0.75,0.88,0.95,0.53,1,1,1,0.83,0.61,0.71,0.73,0.68,0.5,0.87,0.74,1,1,0.5,0.5,1,0.5,1,0.63,0.5,0.5,0.5,0.5,0.5,0.5
LATAM,2805,WHY_LATAM,LATAM,586,why__why_noid_614,why,Investment_Arquetypes_2022,Content_Export_Investment_Arquetypes_2022_full-latin-final.csv,why_noid_614,NA,NA,MX,MX,latin_america,unknown,unknown,unknown,usable_partial_limited_metadata,TRUE,TRUE,31,0.51,0.98,0.79,0.5,0.98,0.58,0.62,0.99,0.63,0.99,0.5,1,0.99,0.62,0.77,0.99,0.5,0.5,0.5,0.55,0.86,0.76,0.5,0.5,0.5,0.5,0.85,0.52,0.5,0.5,0.5,0.5
LATAM,2806,WHY_LATAM,LATAM,587,why__why_noid_616,why,Investment_Arquetypes_2022,Content_Export_Investment_Arquetypes_2022_full-latin-final.csv,why_noid_616,NA,NA,MX,MX,latin_america,unknown,unknown,unknown,usable_complete_limited_metadata,TRUE,TRUE,32,0.69,0.85,0.83,0.5,0.5,1,1,0.54,1,1,1,0.8,0.5,1,1,0.5,1,1,0.5,0.5,0.51,0.5,0.5,0.5,0.9,0.5,0.5,0.5,0.5,0.7,0.5,0.5
LATAM,2807,WHY_LATAM,LATAM,588,why__why_noid_617,why,Investment_Arquetypes_2022,Content_Export_Investment_Arquetypes_2022_full-latin-final.csv,why_noid_617,NA,NA,MX,MX,latin_america,unknown,unknown,unknown,usable_partial_limited_metadata,TRUE,TRUE,30,1,0.64,1,1,0.75,1,0.8,1,1,1,0.5,1,1,0.5,1,1,1,1,1,1,1,0.8,1,1,1,1,0.81,1,1,0.7,0.84,1
LATAM,2808,WHY_LATAM,LATAM,589,why__why_noid_618,why,Investment_Arquetypes_2022,Content_Export_Investment_Arquetypes_2022_full-latin-final.csv,why_noid_618,NA,NA,MX,MX,latin_america,unknown,unknown,unknown,usable_complete_limited_metadata,TRUE,TRUE,32,0.79,0.68,0.77,0.71,0.83,0.8,0.74,0.83,0.71,0.79,0.79,0.71,0.5,0.87,0.82,0.86,0.69,0.77,0.79,0.89,0.84,0.81,0.62,0.83,0.75,0.81,0.5,0.82,0.78,0.8,0.81,0.73
LATAM,2809,WHY_LATAM,LATAM,590,why__why_noid_619,why,Investment_Arquetypes_2022,Content_Export_Investment_Arquetypes_2022_full-latin-final.csv,why_noid_619,NA,NA,MX,MX,latin_america,unknown,unknown,unknown,usable_complete_limited_metadata,TRUE,TRUE,32,0.74,0.74,0.7,0.66,0.71,1,0.96,0.74,0.83,1,0.5,0.85,0.85,1,1,0.67,0.9,0.82,0.82,0.91,0.9,0.84,0.76,0.8,0.5,0.71,0.5,0.67,0.77,0.84,0.69,0.5
LATAM,2810,WHY_LATAM,LATAM,591,why__why_noid_621,why,Investment_Arquetypes_2022,Content_Export_Investment_Arquetypes_2022_full-latin-final.csv,why_noid_621,NA,NA,MX,MX,latin_america,unknown,unknown,unknown,usable_partial_limited_metadata,TRUE,TRUE,31,0.8,0.77,0.76,0.88,1,1,0.85,1,0.77,0.81,0.86,0.66,0.83,1,0.82,0.77,0.89,0.72,0.73,0.87,1,1,0.53,0.75,1,0.74,1,0.82,0.77,0.88,0.5,0.5
LATAM,2811,WHY_LATAM,LATAM,592,why__why_noid_622,why,Investment_Arquetypes_2022,Content_Export_Investment_Arquetypes_2022_full-latin-final.csv,why_noid_622,NA,NA,MX,MX,latin_america,unknown,unknown,unknown,usable_complete_limited_metadata,TRUE,TRUE,32,0.84,0.66,0.78,0.78,0.89,0.78,0.78,0.88,0.81,0.8,0.5,0.95,0.67,0.74,0.5,0.85,0.8,0.77,0.58,0.64,0.78,0.82,0.71,0.5,0.93,0.74,0.68,0.71,0.84,0.79,0.82,0.82
LATAM,2812,WHY_LATAM,LATAM,593,why__why_noid_623,why,Investment_Arquetypes_2022,Content_Export_Investment_Arquetypes_2022_full-latin-final.csv,why_noid_623,NA,NA,MX,MX,latin_america,unknown,unknown,unknown,usable_complete_limited_metadata,TRUE,TRUE,32,0.77,1,0.5,0.78,0.76,0.78,0.8,0.75,0.81,0.78,0.84,0.86,0.8,0.5,0.77,0.75,0.81,0.64,0.5,0.5,0.78,0.93,0.71,0.83,0.5,0.81,0.74,0.74,0.5,0.5,0.79,0.8
LATAM,2813,WHY_LATAM,LATAM,594,why__why_noid_624,why,Investment_Arquetypes_2022,Content_Export_Investment_Arquetypes_2022_full-latin-final.csv,why_noid_624,NA,NA,MX,MX,latin_america,unknown,unknown,unknown,usable_complete_limited_metadata,TRUE,TRUE,32,0.78,0.87,0.8,0.82,0.83,0.82,0.81,0.81,0.84,0.84,0.86,0.8,0.84,0.85,0.85,0.85,0.81,0.89,0.79,0.85,0.77,0.86,0.8,0.83,0.73,0.87,0.87,0.96,0.84,0.85,0.86,0.82
LATAM,2814,WHY_LATAM,LATAM,595,why__why_noid_625,why,Investment_Arquetypes_2022,Content_Export_Investment_Arquetypes_2022_full-latin-final.csv,why_noid_625,NA,NA,MX,MX,latin_america,unknown,unknown,unknown,usable_complete_limited_metadata,TRUE,TRUE,32,0.66,0.76,0.73,0.7,0.67,0.75,0.7,0.71,0.7,0.71,0.69,0.68,0.6,0.69,0.68,0.68,0.74,0.65,0.64,0.7,0.71,0.71,0.66,0.75,0.7,0.68,0.69,0.73,0.67,0.66,0.66,0.65
LATAM,2815,WHY_LATAM,LATAM,596,why__why_noid_626,why,Investment_Arquetypes_2022,Content_Export_Investment_Arquetypes_2022_full-latin-final.csv,why_noid_626,NA,NA,MX,MX,latin_america,unknown,unknown,unknown,usable_complete_limited_metadata,TRUE,TRUE,32,1,0.68,0.75,0.79,0.8,0.7,1,1,1,1,1,1,0.74,1,1,1,0.5,0.72,1,1,0.67,0.6,0.69,1,0.5,0.88,0.83,0.51,0.5,0.7,0.5,1
LATAM,2817,WHY_LATAM,LATAM,598,why__why_noid_628,why,Investment_Arquetypes_2022,Content_Export_Investment_Arquetypes_2022_full-latin-final.csv,why_noid_628,NA,NA,MX,MX,latin_america,unknown,unknown,unknown,usable_partial_limited_metadata,TRUE,TRUE,29,0.92,0.76,0.83,0.83,0.55,0.87,1,0.77,1,0.82,0.81,0.85,0.5,1,1,0.84,0.83,0.79,1,0.87,1,0.5,0.8,0.5,1,0.81,0.81,0.83,0.5,0.5,0.5,0.86
LATAM,2818,WHY_LATAM,LATAM,599,why__why_noid_629,why,Investment_Arquetypes_2022,Content_Export_Investment_Arquetypes_2022_full-latin-final.csv,why_noid_629,NA,NA,MX,MX,latin_america,unknown,unknown,unknown,usable_partial_limited_metadata,TRUE,TRUE,31,0.79,0.71,0.73,0.74,0.73,0.69,0.81,0.73,0.5,0.75,0.5,0.74,0.71,0.63,0.83,0.72,0.5,0.72,0.74,0.5,0.75,0.74,0.75,0.74,0.68,0.66,0.5,0.67,0.74,1,0.5,0.79
LATAM,2820,WHY_LATAM,LATAM,601,why__why_noid_631,why,Investment_Arquetypes_2022,Content_Export_Investment_Arquetypes_2022_full-latin-final.csv,why_noid_631,NA,NA,MX,MX,latin_america,unknown,unknown,unknown,usable_complete_limited_metadata,TRUE,TRUE,32,0.77,0.87,0.66,1,0.5,0.86,0.89,0.5,0.5,0.82,0.5,0.89,0.82,0.89,0.81,0.53,0.5,0.91,0.66,0.5,0.91,0.82,0.9,0.5,0.5,0.5,0.83,0.76,0.5,0.79,0.5,0.66
LATAM,2821,WHY_LATAM,LATAM,602,why__why_noid_632,why,Investment_Arquetypes_2022,Content_Export_Investment_Arquetypes_2022_full-latin-final.csv,why_noid_632,NA,NA,MX,MX,latin_america,unknown,unknown,unknown,usable_complete_limited_metadata,TRUE,TRUE,32,0.5,0.5,0.5,0.52,0.69,1,0.82,0.68,0.6,0.69,0.5,0.65,0.68,0.5,0.5,0.5,0.55,0.72,0.5,0.74,0.5,0.5,0.73,0.72,0.74,0.5,0.68,0.5,0.71,0.5,0.5,0.5
LATAM,2822,WHY_LATAM,LATAM,603,why__why_noid_635,why,Investment_Arquetypes_2022,Content_Export_Investment_Arquetypes_2022_full-latin-final.csv,why_noid_635,NA,NA,MX,MX,latin_america,unknown,unknown,unknown,usable_complete_limited_metadata,TRUE,TRUE,32,0.74,0.73,0.67,0.64,0.73,0.66,1,0.91,0.8,0.68,0.74,0.65,0.58,0.68,0.66,0.6,0.68,0.72,0.78,0.5,0.64,0.65,1,0.74,0.69,0.65,0.7,0.5,0.58,0.74,0.78,0.79
LATAM,2824,WHY_LATAM,LATAM,605,why__why_noid_638,why,Investment_Arquetypes_2022,Content_Export_Investment_Arquetypes_2022_full-latin-final.csv,why_noid_638,NA,NA,MX,MX,latin_america,unknown,unknown,unknown,usable_complete_limited_metadata,TRUE,TRUE,32,1,1,0.52,0.5,0.5,0.62,0.88,1,0.62,0.72,0.87,1,0.55,0.67,0.7,0.78,0.7,0.55,0.82,0.64,1,0.62,0.5,0.5,0.5,0.83,0.71,0.7,0.5,0.5,0.5,0.5
LATAM,2825,WHY_LATAM,LATAM,606,why__why_noid_641,why,Investment_Arquetypes_2022,Content_Export_Investment_Arquetypes_2022_full-latin-final.csv,why_noid_641,NA,NA,MX,MX,latin_america,unknown,unknown,unknown,usable_complete_limited_metadata,TRUE,TRUE,32,0.8,0.75,0.65,0.78,0.82,0.5,0.74,0.84,0.65,0.7,0.72,0.67,0.5,0.84,0.66,0.73,0.88,0.78,0.9,0.72,0.98,0.98,0.5,0.91,0.92,0.85,0.76,0.75,0.83,1,0.74,0.71
LATAM,2826,WHY_LATAM,LATAM,607,why__why_noid_642,why,Investment_Arquetypes_2022,Content_Export_Investment_Arquetypes_2022_full-latin-final.csv,why_noid_642,NA,NA,MX,MX,latin_america,unknown,unknown,unknown,usable_partial_limited_metadata,TRUE,TRUE,28,0.5,1,0.55,1,1,0.85,1,0.8,0.9,1,0.5,0.5,1,1,1,1,1,0.8,0.5,0.6,0.5,0.5,0.85,0.5,0.5,1,0.5,0.65,0.5,0.6,0.5,1
LATAM,2827,WHY_LATAM,LATAM,608,why__why_noid_643,why,Investment_Arquetypes_2022,Content_Export_Investment_Arquetypes_2022_full-latin-final.csv,why_noid_643,NA,NA,MX,MX,latin_america,unknown,unknown,unknown,usable_partial_limited_metadata,TRUE,TRUE,30,0.66,0.52,0.72,0.63,0.61,0.66,0.6,0.64,0.63,0.66,0.5,0.63,0.6,0.61,0.64,0.6,0.73,0.65,0.61,0.7,0.68,0.7,0.64,0.66,0.65,0.63,0.5,0.69,0.64,0.62,0.67,0.65
LATAM,2828,WHY_LATAM,LATAM,609,why__why_noid_645,why,Investment_Arquetypes_2022,Content_Export_Investment_Arquetypes_2022_full-latin-final.csv,why_noid_645,NA,NA,MX,MX,latin_america,unknown,unknown,unknown,usable_complete_limited_metadata,TRUE,TRUE,32,1,1,1,0.5,0.5,0.5,1,1,0.96,1,1,1,0.96,0.5,1,1,1,1,1,1,1,0.52,0.5,0.5,0.98,0.5,1,0.5,0.5,0.5,0.5,1
LATAM,2829,WHY_LATAM,LATAM,610,why__why_noid_646,why,Investment_Arquetypes_2022,Content_Export_Investment_Arquetypes_2022_full-latin-final.csv,why_noid_646,NA,NA,MX,MX,latin_america,unknown,unknown,unknown,usable_partial_limited_metadata,TRUE,TRUE,31,0.86,0.79,0.67,0.54,0.5,0.61,0.9,0.71,1,0.85,0.71,0.82,0.64,0.89,0.77,0.83,0.95,0.6,0.63,0.6,0.83,0.5,0.88,0.77,0.5,0.5,0.5,0.5,0.5,0.56,0.5,0.61
LATAM,2830,WHY_LATAM,LATAM,611,why__why_noid_647,why,Investment_Arquetypes_2022,Content_Export_Investment_Arquetypes_2022_full-latin-final.csv,why_noid_647,NA,NA,MX,MX,latin_america,unknown,unknown,unknown,usable_complete_limited_metadata,TRUE,TRUE,32,0.62,0.99,0.68,0.65,0.78,0.69,0.67,0.5,0.65,0.74,0.65,0.76,0.64,0.61,0.76,0.64,0.81,0.57,0.82,0.7,0.73,0.78,0.75,0.62,0.7,0.69,0.72,0.67,0.63,0.65,0.61,0.67
LATAM,2831,WHY_LATAM,LATAM,612,why__why_noid_648,why,Investment_Arquetypes_2022,Content_Export_Investment_Arquetypes_2022_full-latin-final.csv,why_noid_648,NA,NA,MX,MX,latin_america,unknown,unknown,unknown,usable_complete_limited_metadata,TRUE,TRUE,32,0.5,0.85,0.87,0.5,0.5,0.83,0.93,0.84,0.95,0.89,0.87,1,0.66,0.88,0.94,0.87,0.89,0.86,0.73,0.78,0.8,0.5,0.9,0.51,0.79,0.5,0.5,0.69,0.67,0.51,0.7,0.83
LATAM,2832,WHY_LATAM,LATAM,613,why__why_noid_649,why,Investment_Arquetypes_2022,Content_Export_Investment_Arquetypes_2022_full-latin-final.csv,why_noid_649,NA,NA,MX,MX,latin_america,unknown,unknown,unknown,usable_partial_limited_metadata,TRUE,TRUE,31,0.5,1,0.61,0.75,0.65,0.75,0.75,0.5,0.62,0.7,0.5,0.5,1,0.67,0.87,0.5,0.5,0.76,0.5,0.75,1,0.5,0.83,0.5,0.5,0.76,0.78,0.5,0.63,0.67,0.5,0.5
LATAM,2833,WHY_LATAM,LATAM,614,why__why_noid_650,why,Investment_Arquetypes_2022,Content_Export_Investment_Arquetypes_2022_full-latin-final.csv,why_noid_650,NA,NA,MX,MX,latin_america,unknown,unknown,unknown,usable_complete_limited_metadata,TRUE,TRUE,32,0.79,0.81,0.8,0.89,0.5,0.5,0.83,0.5,1,1,0.71,0.86,0.95,0.5,0.86,1,0.5,0.8,1,0.74,0.89,1,0.69,1,1,1,1,1,0.89,0.95,0.88,0.5
LATAM,2834,WHY_LATAM,LATAM,615,why__why_noid_651,why,Investment_Arquetypes_2022,Content_Export_Investment_Arquetypes_2022_full-latin-final.csv,why_noid_651,NA,NA,MX,MX,latin_america,unknown,unknown,unknown,usable_complete_limited_metadata,TRUE,TRUE,32,0.9,0.91,0.81,0.73,0.71,0.63,0.68,0.77,0.86,0.8,0.82,0.89,0.83,0.74,0.81,0.87,0.77,0.72,0.85,0.83,0.75,1,0.71,0.71,0.68,0.93,0.92,0.87,0.78,0.74,0.76,0.8
LATAM,2835,WHY_LATAM,LATAM,616,why__why_noid_652,why,Investment_Arquetypes_2022,Content_Export_Investment_Arquetypes_2022_full-latin-final.csv,why_noid_652,NA,NA,MX,MX,latin_america,unknown,unknown,unknown,usable_partial_limited_metadata,TRUE,TRUE,29,0.99,1,0.94,0.91,0.9,0.9,0.97,0.5,0.99,1,0.5,0.94,0.99,0.96,0.5,0.95,0.95,0.94,1,0.95,0.95,0.94,0.99,0.91,1,0.94,0.95,0.93,1,0.95,0.99,0.97
LATAM,2836,WHY_LATAM,LATAM,617,why__why_noid_653,why,Investment_Arquetypes_2022,Content_Export_Investment_Arquetypes_2022_full-latin-final.csv,why_noid_653,NA,NA,MX,MX,latin_america,unknown,unknown,unknown,usable_partial_limited_metadata,TRUE,TRUE,31,0.5,0.5,0.74,0.5,0.63,0.67,0.82,0.79,0.82,0.69,0.87,0.82,0.5,0.65,0.74,0.69,0.81,0.81,0.78,0.76,0.5,0.5,0.71,0.5,0.5,0.7,0.5,0.75,0.5,0.5,0.5,0.69
LATAM,2837,WHY_LATAM,LATAM,618,why__why_noid_654,why,Investment_Arquetypes_2022,Content_Export_Investment_Arquetypes_2022_full-latin-final.csv,why_noid_654,NA,NA,MX,MX,latin_america,unknown,unknown,unknown,usable_complete_limited_metadata,TRUE,TRUE,32,0.72,1,1,0.67,0.7,0.55,0.88,0.56,0.97,0.82,0.71,0.63,0.5,0.82,0.71,0.5,0.82,0.58,0.69,0.84,0.77,0.71,0.68,0.55,0.5,0.66,0.63,0.56,0.66,0.78,0.5,0.69
LATAM,2838,WHY_LATAM,LATAM,619,why__why_noid_655,why,Investment_Arquetypes_2022,Content_Export_Investment_Arquetypes_2022_full-latin-final.csv,why_noid_655,NA,NA,MX,MX,latin_america,unknown,unknown,unknown,usable_complete_limited_metadata,TRUE,TRUE,32,0.81,0.8,0.98,0.79,0.81,0.5,0.75,0.5,0.59,1,0.95,0.75,0.9,0.5,0.99,0.5,0.84,0.9,0.76,0.86,0.66,0.5,0.5,0.5,0.5,0.97,0.5,0.82,0.5,0.87,0.5,0.81
LATAM,2839,WHY_LATAM,LATAM,620,why__why_noid_657,why,Investment_Arquetypes_2022,Content_Export_Investment_Arquetypes_2022_full-latin-final.csv,why_noid_657,NA,NA,MX,MX,latin_america,unknown,unknown,unknown,usable_complete_limited_metadata,TRUE,TRUE,32,0.52,0.51,0.52,0.5,0.5,0.51,0.5,0.52,0.51,0.5,0.5,0.51,0.52,0.5,0.5,0.5,0.53,0.5,0.51,0.5,0.5,0.53,0.5,0.55,0.52,0.5,0.51,0.51,0.52,0.51,0.5,0.5
LATAM,2843,WHY_LATAM,LATAM,624,why__why_noid_661,why,Investment_Arquetypes_2022,Content_Export_Investment_Arquetypes_2022_full-latin-final.csv,why_noid_661,NA,NA,MX,MX,latin_america,unknown,unknown,unknown,usable_partial_limited_metadata,TRUE,TRUE,28,1,0.7,0.85,0.5,0.5,1,0.8,0.7,0.5,1,1,1,0.9,1,1,0.5,0.6,0.5,0.5,0.5,0.9,0.5,0.9,0.5,0.5,1,0.5,0.8,0.5,0.5,0.5,0.65
LATAM,2844,WHY_LATAM,LATAM,625,why__why_noid_662,why,Investment_Arquetypes_2022,Content_Export_Investment_Arquetypes_2022_full-latin-final.csv,why_noid_662,NA,NA,MX,MX,latin_america,unknown,unknown,unknown,usable_partial_limited_metadata,TRUE,TRUE,29,0.75,0.5,0.85,0.5,0.52,0.58,0.5,0.61,0.85,0.65,0.88,0.66,0.77,0.5,0.56,0.5,0.68,0.68,0.64,0.52,0.92,0.5,0.84,0.65,0.5,1,0.72,0.89,0.67,1,0.5,0.7
LATAM,2846,WHY_LATAM,LATAM,627,why__why_noid_665,why,Investment_Arquetypes_2022,Content_Export_Investment_Arquetypes_2022_full-latin-final.csv,why_noid_665,NA,NA,MX,MX,latin_america,unknown,unknown,unknown,usable_complete_limited_metadata,TRUE,TRUE,32,1,1,1,0.98,1,0.85,1,1,1,1,1,1,1,0.86,1,0.81,1,1,1,1,0.8,0.5,0.7,0.65,0.76,0.6,0.93,1,0.63,1,0.5,0.8
LATAM,2848,WHY_LATAM,LATAM,629,why__why_noid_667,why,Investment_Arquetypes_2022,Content_Export_Investment_Arquetypes_2022_full-latin-final.csv,why_noid_667,NA,NA,MX,MX,latin_america,unknown,unknown,unknown,usable_complete_limited_metadata,TRUE,TRUE,32,0.61,0.76,0.5,0.75,0.68,0.5,0.66,0.61,0.5,0.7,0.76,0.69,0.74,0.68,0.75,0.68,0.5,0.76,0.79,0.77,0.73,0.79,0.64,0.75,0.63,0.7,0.77,0.64,0.7,1,0.5,0.73
LATAM,2849,WHY_LATAM,LATAM,630,why__why_noid_668,why,Investment_Arquetypes_2022,Content_Export_Investment_Arquetypes_2022_full-latin-final.csv,why_noid_668,NA,NA,MX,MX,latin_america,unknown,unknown,unknown,usable_complete_limited_metadata,TRUE,TRUE,32,0.99,0.76,1,0.73,0.5,0.77,0.8,1,1,0.64,0.85,0.5,0.72,0.74,1,0.5,1,0.5,1,0.5,0.51,0.82,0.79,0.67,0.83,0.91,0.79,0.72,0.5,0.99,1,1
LATAM,2850,WHY_LATAM,LATAM,631,why__why_noid_669,why,Investment_Arquetypes_2022,Content_Export_Investment_Arquetypes_2022_full-latin-final.csv,why_noid_669,NA,NA,CO,CO,latin_america,unknown,unknown,unknown,usable_complete_limited_metadata,TRUE,TRUE,32,1,1,1,0.5,1,0.62,1,0.5,0.77,1,0.96,0.79,1,1,1,0.55,0.91,0.8,0.99,1,1,0.5,0.5,0.5,0.5,0.5,0.5,0.5,0.5,0.5,0.5,1
LATAM,2851,WHY_LATAM,LATAM,632,why__why_noid_670,why,Investment_Arquetypes_2022,Content_Export_Investment_Arquetypes_2022_full-latin-final.csv,why_noid_670,NA,NA,CO,CO,latin_america,unknown,unknown,unknown,usable_complete_limited_metadata,TRUE,TRUE,32,1,0.84,0.98,0.95,0.77,0.82,1,0.91,0.59,0.97,1,0.82,0.95,1,0.93,0.93,0.85,0.73,0.98,0.87,0.8,0.5,0.66,0.89,0.5,0.72,0.5,0.57,0.5,0.93,0.5,0.9
LATAM,2852,WHY_LATAM,LATAM,633,why__why_noid_671,why,Investment_Arquetypes_2022,Content_Export_Investment_Arquetypes_2022_full-latin-final.csv,why_noid_671,NA,NA,CO,CO,latin_america,unknown,unknown,unknown,usable_complete_limited_metadata,TRUE,TRUE,32,0.5,0.69,0.5,0.5,0.5,0.5,0.5,0.5,0.63,0.5,0.62,0.6,0.61,0.5,0.74,0.76,0.73,0.5,0.68,0.7,0.5,0.5,0.5,0.5,0.5,0.5,0.5,0.5,0.5,0.5,0.5,0.64
LATAM,2853,WHY_LATAM,LATAM,634,why__why_noid_672,why,Investment_Arquetypes_2022,Content_Export_Investment_Arquetypes_2022_full-latin-final.csv,why_noid_672,NA,NA,CO,CO,latin_america,unknown,unknown,unknown,usable_complete_limited_metadata,TRUE,TRUE,32,0.7,0.76,0.78,0.67,0.78,0.71,0.75,0.81,0.71,0.75,0.71,0.79,0.66,0.75,0.74,0.7,0.84,0.81,0.84,0.69,0.71,0.86,0.79,0.84,0.79,0.76,0.63,0.79,0.78,0.75,0.69,0.75
LATAM,2854,WHY_LATAM,LATAM,635,why__why_noid_673,why,Investment_Arquetypes_2022,Content_Export_Investment_Arquetypes_2022_full-latin-final.csv,why_noid_673,NA,NA,CO,CO,latin_america,unknown,unknown,unknown,usable_complete_limited_metadata,TRUE,TRUE,32,0.77,0.78,0.72,0.73,0.69,0.5,0.5,0.5,1,0.71,0.76,0.73,0.71,0.67,0.7,0.75,0.75,0.79,0.84,1,0.79,0.72,0.83,0.5,0.5,0.67,0.74,0.74,0.78,1,0.68,0.74
LATAM,2856,WHY_LATAM,LATAM,637,why__why_noid_675,why,Investment_Arquetypes_2022,Content_Export_Investment_Arquetypes_2022_full-latin-final.csv,why_noid_675,NA,NA,CO,CO,latin_america,unknown,unknown,unknown,usable_complete_limited_metadata,TRUE,TRUE,32,0.57,0.79,0.69,0.68,0.8,0.6,0.67,0.58,0.62,0.67,0.64,0.7,0.58,0.68,0.67,0.56,0.65,0.54,0.56,0.85,0.76,0.6,0.5,0.61,0.73,0.59,0.7,0.62,0.66,0.67,0.56,0.68
LATAM,2857,WHY_LATAM,LATAM,638,why__why_noid_676,why,Investment_Arquetypes_2022,Content_Export_Investment_Arquetypes_2022_full-latin-final.csv,why_noid_676,NA,NA,CO,CO,latin_america,unknown,unknown,unknown,usable_complete_limited_metadata,TRUE,TRUE,32,1,0.67,1,0.5,1,1,1,0.67,1,1,1,1,1,1,1,0.81,1,1,1,1,1,0.88,1,1,0.8,1,1,1,1,0.67,0.72,1
