"cluster","n_patterns","pct_total_patterns","pct_rest_patterns"
"1",1,1.47058823529412,100
"2",1,1.47058823529412,98.5294117647059
"Restantes",66,97.0588235294118,0
