"cluster","n_patterns","pct_total_patterns","pct_rest_patterns"
"1",7213,22.4340631998009,100
"2",15596,48.5070913162478,77.565936800199
"3",3870,12.0365762627519,29.0588454839512
"4",971,3.02002985817367,17.0222692211993
"5",846,2.63125155511321,14.0022393630256
"6",19,0.0590943020651903,11.3709878079124
"7",2621,8.15190345857178,11.3118935058472
"8",118,0.367006718089077,3.15999004727546
"Restantes",898,2.79298332918636,0
