"cluster","n_patterns","pct_total_patterns","pct_rest_patterns"
"1",22,0.0684249813386414,100
"2",22,0.0684249813386414,99.9315750186614
"Restantes",32108,99.8631500373227,0
