"cluster","n_patterns","pct_total_patterns","pct_rest_patterns"
"1",8,16.6666666666667,100
"2",7,14.5833333333333,83.3333333333333
"3",4,8.33333333333333,68.75
"4",2,4.16666666666667,60.4166666666667
"5",2,4.16666666666667,56.25
"6",2,4.16666666666667,52.0833333333333
"7",1,2.08333333333333,47.9166666666667
"Restantes",22,45.8333333333333,0
