"D","assigned_pct","unassigned_pct"
0,21.0228625,78.9771375
2,45.265975,54.734025
4,63.7186875,36.2813125
6,81.2841125,18.7158875
8,94.3470875,5.6529125
10,98.6211,1.3789
