"D","assigned_pct","unassigned_pct"
0,2.8169014084507,97.1830985915493
2,70.4225352112676,29.5774647887324
4,100,0
6,100,0
8,100,0
10,100,0
