"D","assigned_pct","unassigned_pct"
0,84.1664125,15.8335875
2,99.9999375,6.25e-05
4,100,0
6,100,0
8,100,0
10,100,0
