"cluster","n_patterns","pct_total_patterns","pct_rest_patterns"
"1",26,18.8405797101449,100
"2",25,18.1159420289855,81.1594202898551
"Restantes",87,63.0434782608696,0
