"cluster","n_patterns","pct_total_patterns","pct_rest_patterns"
"1",34,16.3461538461538,100
"2",33,15.8653846153846,83.6538461538462
"3",20,9.61538461538462,67.7884615384615
"4",22,10.5769230769231,58.1730769230769
"Restantes",99,47.5961538461538,0
