"D","assigned_pct","unassigned_pct"
0,78.3299,21.6701
2,99.9978875,0.0021125
4,100,0
6,100,0
8,100,0
10,100,0
