"cluster","n_patterns","pct_total_patterns","pct_rest_patterns"
"1",12961,40.7156095875349,100
"2",16256,51.0665033141708,59.2843904124651
"Restantes",2616,8.21788709829422,0
