"cluster","n_patterns","pct_total_patterns","pct_rest_patterns"
"1",17956,99.4902482269504,100
"2",61,0.337987588652482,0.509751773049643
"Restantes",31,0.171764184397163,0
