"cluster","n_patterns","pct_total_patterns","pct_rest_patterns"
"1",18,0.0565450947130336,100
"2",20,0.0628278830144818,99.943454905287
"Restantes",31795,99.8806270222725,0
