"cluster","n_patterns","pct_total_patterns","pct_rest_patterns"
"1",1,0.000931202741460871,100
"2",1,0.000931202741460871,99.9990687972585
"Restantes",107386,99.9981375945171,0
