"cluster","n_patterns","pct_total_patterns","pct_rest_patterns"
"1",42125,62.0955497575141,100
"2",1508,2.22291012544407,37.9044502424859
"Restantes",24206,35.6815401170418,0
