"cluster","n_patterns","pct_total_patterns","pct_rest_patterns"
"1",1,2.12765957446809,100
"2",1,2.12765957446809,97.8723404255319
"Restantes",45,95.7446808510638,0
