"D","assigned_pct","unassigned_pct"
0,92.26735,7.73265
2,99.9999625,3.75e-05
4,100,0
6,100,0
8,100,0
10,100,0
