"D","assigned_pct","unassigned_pct"
0,14.1062875,85.8937125
2,18.319475,81.680525
4,25.3104875,74.6895125
6,37.9441375,62.0558625
8,48.1707375,51.8292625
10,54.630375,45.369625
