"cluster","Early Adopter","Uninterested","Homo Economicus","Fearful","Stubborn","Influencer","Careful","Activist"
"cluster_1",0,0,0,0,0,0,0,0
"cluster_2",16.6666666666667,17.6470588235294,41.1764705882353,60,20,5.88235294117647,58.8235294117647,31.25
"cluster_3",10.5263157894737,5.26315789473684,41.1764705882353,33.3333333333333,5.88235294117647,5.88235294117647,42.1052631578947,16.6666666666667
"cluster_4",10.5263157894737,17.6470588235294,20,20,0,5.88235294117647,17.3913043478261,5
"cluster_5",10.5263157894737,11.1111111111111,14.2857142857143,9.09090909090909,5.88235294117647,12.5,17.3913043478261,10.5263157894737
"cluster_6",23.5294117647059,17.6470588235294,20,14.2857142857143,20,12.5,12.5,16.6666666666667
"cluster_7",16.6666666666667,11.1111111111111,20,9.09090909090909,12.5,20,12.5,5
