"cluster","n_patterns","pct_total_patterns","pct_rest_patterns"
"1",15064,47.3219614865077,100
"2",15893,49.926177237458,52.6780385134923
"3",251,0.788489931831747,2.7518612760343
"4",368,1.15603304746647,1.96337134420256
"5",192,0.603147676939026,0.807338296736091
"6",36,0.113090189426067,0.20419061979706
"7",19,0.0596864888637577,0.0911004303710001
"Restantes",10,0.0314139415072409,0
