"cluster","Early.Adopter","Uninterested","Homo.Economicus","Fearful","Stubborn","Influencer","Careful","Activist"
"cluster_1",0,0,0,0,0,0,0,0
"cluster_2",18.1818181818182,8.33333333333333,6.66666666666667,6.66666666666667,11.1111111111111,33.3333333333333,5.55555555555556,0
"cluster_3",16.6666666666667,16.6666666666667,41.1764705882353,60,20,11.1111111111111,58.8235294117647,31.25
