experience_short,n,percentage
NA,685,11.30176538524996
NA,1192,19.6667216630919
NA,928,15.311004784688995
NA,1790,29.533080349777265
NA,856,14.12308199967002
NA,610,10.064345817521861
