"cluster","n_patterns","pct_total_patterns","pct_rest_patterns"
1,130,94.2028985507246,100
2,8,5.79710144927536,5.79710144927536
