"cluster","n_patterns","pct_total_patterns","pct_rest_patterns"
"1",4095,6.03635077168001,100
"2",3403,5.01628856557438,93.96364922832
"3",772,1.13798847270744,88.9473606627456
"4",784,1.15567741269771,87.8093721900382
"Restantes",58785,86.6536947773405,0
