"cluster","n_patterns","pct_total_patterns","pct_rest_patterns"
"1",1,0.0031102264244837,100
"2",1,0.0031102264244837,99.9968897735755
"3",1,0.0031102264244837,99.993779547151
"Restantes",32149,99.9906693207265,0
