"cluster","n_patterns","pct_total_patterns","pct_rest_patterns"
"1",13427,74.396054964539,100
"2",364,2.01684397163121,25.603945035461
"Restantes",4257,23.5871010638298,0
