"cluster","n_patterns","pct_total_patterns","pct_rest_patterns"
"1",19102,27.3624500436894,100
"2",5655,8.1004426236553,72.6375499563106
"3",2254,3.22871753735085,64.5371073326553
"Restantes",42800,61.3083897953045,0
