"D","assigned_pct","unassigned_pct"
0,75.4085125,24.5914875
2,99.9923,0.0077
4,100,0
6,100,0
8,100,0
10,100,0
