"D","n_patterns_covered","freq_covered","pct_covered"
0,0,0,0
1,1,2,0.00025
2,4,11,0.001375
3,23,43,0.005375
4,63,148,0.0185
5,134,384,0.048
6,256,1062,0.13275
7,425,2835,0.354375
8,665,6528,0.816
9,998,12294,1.53675
10,1355,20964,2.6205
11,1751,34058,4.25725
12,9186,753308,94.1635
13,9210,753360,94.17
14,16006,794664,99.333
15,16014,794677,99.334625
16,17962,799902,99.98775
17,17966,799906,99.98825
18,18048,800000,100
19,18048,800000,100
20,18048,800000,100
