"D","assigned_pct","unassigned_pct"
0,30.0236375,69.9763625
2,57.1423875,42.8576125
4,100,0
6,100,0
8,100,0
10,100,0
