"cluster","n_patterns","pct_total_patterns","pct_rest_patterns"
"1",18439,98.7415658134304,100
"2",73,0.390917853700332,1.25843418656956
"Restantes",162,0.86751633286923,0
