analysis_sample,matrix_name,n_factors,determinant,mean_importance,sd_importance,median_importance,mean_rank,prop_above_0_20,prop_above_0_30,prop_above_0_40
LATAM,matrix_32_ext_0_1,2,det_28_recognition,0.7141607874353395,0.03253054396433036,0.7137854910440609,1.67,1,1,1
LATAM,matrix_32_ext_0_1,2,det_24_socialising,0.7004601100564886,0.03336272119126889,0.7048229209176435,2.09,1,1,1
LATAM,matrix_32_ext_0_1,2,det_31_approval,0.6519525120327935,0.03997210604542048,0.6557862972873632,4.22,1,1,1
LATAM,matrix_32_ext_0_1,2,det_30_authority,0.6510412299407996,0.035150985149229284,0.6500647413271945,4.18,1,1,1
LATAM,matrix_32_ext_0_1,2,det_15_self_satisfaction,0.6438231250299212,0.033506893536612,0.6421077033129221,4.54,1,1,1
LATAM,matrix_32_ext_0_1,2,det_19_wellbeing,0.6076549946875949,0.04116421787182277,0.6077197733430206,6.54,1,1,1
LATAM,matrix_32_ext_0_1,2,det_09_safety,0.5842002852229721,0.029937805697692742,0.585678963515148,8.16,1,1,1
LATAM,matrix_32_ext_0_1,2,det_20_coziness,0.5578775751901299,0.03844284782899676,0.5632519843663593,10.72,1,1,1
LATAM,matrix_32_ext_0_1,2,det_17_adherence,0.5527724572648005,0.03610707426856947,0.5536939652232404,10.87,1,1,1
LATAM,matrix_32_ext_0_1,2,det_12_own_competence,0.550215460082915,0.04116412907423319,0.5448671509314347,11.31,1,1,1
LATAM,matrix_32_ext_0_1,2,det_22_peer_pressure,0.5467632183094214,0.045080735359521805,0.5461125260519248,11.82,1,1,1
LATAM,matrix_32_ext_0_1,2,det_16_commitment,0.5443640463671482,0.03718737603542664,0.5495215495290898,11.86,1,1,1
LATAM,matrix_32_ext_0_1,2,det_29_trends,0.5321071213495202,0.04457981451771635,0.5299410719370278,13.06,1,1,0.99
LATAM,matrix_32_ext_0_1,2,det_01_profits,0.5220823464291068,0.0401952277453015,0.5249462751169258,14.02,1,1,0.99
LATAM,matrix_32_ext_0_1,2,det_03_risk_profile,0.5187267884225263,0.04037902129207227,0.5192830888648696,14.22,1,1,0.99
LATAM,matrix_32_ext_0_1,2,det_18_autonomy,0.5086970244710693,0.050398775223528036,0.5106288910902382,15.17,1,1,0.98
LATAM,matrix_32_ext_0_1,2,det_10_cost_efficiency,0.4983961911269754,0.03972528529892275,0.4979909442023872,16.27,1,1,1
LATAM,matrix_32_ext_0_1,2,det_11_knowledge,0.49011971013732786,0.0389449689667912,0.48975574514833026,17.13,1,1,0.99
LATAM,matrix_32_ext_0_1,2,det_13_technical_fit,0.4841042439320263,0.03985508189557976,0.490833598853504,17.62,1,1,0.97
LATAM,matrix_32_ext_0_1,2,det_04_added_value,0.4757292075201443,0.047876074689896665,0.478660572763263,18.25,1,1,0.94
LATAM,matrix_32_ext_0_1,2,det_14_environmental_concerns,0.43923801225152204,0.04972260283215667,0.4354563399284377,21.04,1,1,0.8
LATAM,matrix_32_ext_0_1,2,det_08_trust,0.41191033190025816,0.0476460487229994,0.42112843782324016,23.1,1,0.98,0.66
LATAM,matrix_32_ext_0_1,2,det_05_frugality,0.403818576213327,0.04567075455291553,0.40088205163493873,23.72,1,0.98,0.54
LATAM,matrix_32_ext_0_1,2,det_32_own_significance,0.40086476400993915,0.04318414977946609,0.4032167841482915,24.18,1,0.98,0.54
LATAM,matrix_32_ext_0_1,2,det_27_fun,0.3836045157362795,0.04860389919955974,0.3768867890843812,25,1,0.96,0.37
LATAM,matrix_32_ext_0_1,2,det_07_legal,0.3683854994688001,0.04463459155237457,0.36153144356153555,26.23,1,0.99,0.23
LATAM,matrix_32_ext_0_1,2,det_02_credit_score,0.3535253732292791,0.04459159618632322,0.35348606598670196,27.24,1,0.9,0.13
LATAM,matrix_32_ext_0_1,2,det_25_agreement,0.34700325445951125,0.03599278628703783,0.34559839499407596,27.74,1,0.9,0.08
LATAM,matrix_32_ext_0_1,2,det_23_support,0.3397165587096523,0.0385680106813968,0.33648241502352694,28.17,1,0.85,0.1
LATAM,matrix_32_ext_0_1,2,det_21_rights_and_duties,0.33610747491607884,0.04762055428482311,0.3300703534322719,28.58,1,0.77,0.11
LATAM,matrix_32_ext_0_1,2,det_06_climate_protection,0.3311431075453147,0.04763051353391439,0.32526931778630797,28.79,1,0.76,0.08
LATAM,matrix_32_ext_0_1,2,det_26_novelty,0.2938460482048632,0.048739516276769985,0.2940920379500035,30.49,1,0.42,0.02
LATAM,matrix_32_ext_0_1,3,det_28_recognition,0.7153254112621106,0.03398088568367708,0.713904211699598,2.33,1,1,1
LATAM,matrix_32_ext_0_1,3,det_24_socialising,0.7139075899046139,0.032767591441357824,0.715879673018855,2.41,1,1,1
LATAM,matrix_32_ext_0_1,3,det_31_approval,0.6612658675805996,0.050349122172056435,0.6674485271768628,4.93,1,1,1
LATAM,matrix_32_ext_0_1,3,det_30_authority,0.6465173350425487,0.035707685940353354,0.6472391336744049,5.58,1,1,1
LATAM,matrix_32_ext_0_1,3,det_19_wellbeing,0.6451230335354492,0.08258102481910266,0.6565259831422794,6.1,1,1,0.99
LATAM,matrix_32_ext_0_1,3,det_06_climate_protection,0.5971921352537323,0.17845967196638968,0.6586650787117843,9.84,0.99,0.88,0.82
LATAM,matrix_32_ext_0_1,3,det_15_self_satisfaction,0.5689207633848066,0.10451545492375448,0.6009606072065038,10,1,1,0.95
LATAM,matrix_32_ext_0_1,3,det_20_coziness,0.5664561542062663,0.08344008134516935,0.5706303684862033,10.6,1,1,0.96
LATAM,matrix_32_ext_0_1,3,det_09_safety,0.5620747445294516,0.07953017284696898,0.5760153094635444,10.54,1,1,0.95
LATAM,matrix_32_ext_0_1,3,det_29_trends,0.5493698847177652,0.04364920099299103,0.5492355695012281,11,1,1,1
LATAM,matrix_32_ext_0_1,3,det_22_peer_pressure,0.5358448048376367,0.04433066179629645,0.5356619612993108,11.96,1,1,1
LATAM,matrix_32_ext_0_1,3,det_16_commitment,0.504053075074289,0.0881706181473685,0.5097709457764348,14.23,1,1,0.85
LATAM,matrix_32_ext_0_1,3,det_10_cost_efficiency,0.48265860912453323,0.09968820068636751,0.5035423836078822,16.01,1,0.97,0.75
LATAM,matrix_32_ext_0_1,3,det_12_own_competence,0.4812763001121847,0.08735245969526001,0.4710789779100304,15.92,1,1,0.83
LATAM,matrix_32_ext_0_1,3,det_01_profits,0.4803934112206635,0.08121996498356861,0.49133337094384555,16.16,1,0.99,0.82
LATAM,matrix_32_ext_0_1,3,det_18_autonomy,0.4605567977692333,0.08173627629201247,0.46762716805115667,17.32,1,0.98,0.77
LATAM,matrix_32_ext_0_1,3,det_14_environmental_concerns,0.44860523251590984,0.11954307962944874,0.4453552110697031,18.44,0.99,0.9,0.58
LATAM,matrix_32_ext_0_1,3,det_04_added_value,0.44370365003982754,0.08011898877474076,0.4433881737750571,18.67,1,0.97,0.71
LATAM,matrix_32_ext_0_1,3,det_03_risk_profile,0.4411929769930096,0.07254653590602085,0.4524039963210514,18.84,1,0.99,0.7
LATAM,matrix_32_ext_0_1,3,det_11_knowledge,0.4394745134251525,0.08022167923972301,0.43511251391732986,19.15,1,0.99,0.69
LATAM,matrix_32_ext_0_1,3,det_17_adherence,0.4289707187795535,0.05946808425548792,0.43413366388653224,19.66,1,1,0.67
LATAM,matrix_32_ext_0_1,3,det_13_technical_fit,0.4189198611365693,0.07660509394291735,0.4241532746374511,20.69,1,0.91,0.61
LATAM,matrix_32_ext_0_1,3,det_21_rights_and_duties,0.39928244050918016,0.12699473779699305,0.3938708991834897,21.08,0.98,0.69,0.49
LATAM,matrix_32_ext_0_1,3,det_08_trust,0.3908530285705879,0.08452793743019199,0.3835343873789206,22.36,1,0.87,0.43
LATAM,matrix_32_ext_0_1,3,det_07_legal,0.38342453138691235,0.09393940268699681,0.3784140597224757,22.36,1,0.76,0.45
LATAM,matrix_32_ext_0_1,3,det_02_credit_score,0.37909515963392765,0.06683414308528636,0.3820944753440335,23.21,1,0.9,0.36
LATAM,matrix_32_ext_0_1,3,det_27_fun,0.36337003951548336,0.044614822006792676,0.36036382950476137,24.39,1,0.96,0.21
LATAM,matrix_32_ext_0_1,3,det_05_frugality,0.3550637473005696,0.08551864563387034,0.345872075217299,24.48,1,0.73,0.25
LATAM,matrix_32_ext_0_1,3,det_23_support,0.3500988348783816,0.07922747546773459,0.3486262689666543,25.23,1,0.68,0.24
LATAM,matrix_32_ext_0_1,3,det_25_agreement,0.31160217316457367,0.042691085788951075,0.30626198794195036,28.15,1,0.55,0.04
LATAM,matrix_32_ext_0_1,3,det_32_own_significance,0.3010600605006404,0.053730006096710616,0.29450006512844173,28.36,0.99,0.43,0.05
LATAM,matrix_32_ext_0_1,3,det_26_novelty,0.2999847639459678,0.07966788310327749,0.28558140968485934,28,0.96,0.44,0.11
LATAM,matrix_32_ext_0_1,4,det_24_socialising,0.7174538772631935,0.03194666063296727,0.7187753128183756,2.48,1,1,1
LATAM,matrix_32_ext_0_1,4,det_28_recognition,0.7119682802245977,0.03415914714318384,0.7109422691141394,2.69,1,1,1
LATAM,matrix_32_ext_0_1,4,det_06_climate_protection,0.6959317298126801,0.06820388333794938,0.7072527313089081,3.71,1,1,1
LATAM,matrix_32_ext_0_1,4,det_31_approval,0.6690140410114979,0.0430546108887662,0.6749560866536632,4.84,1,1,1
LATAM,matrix_32_ext_0_1,4,det_19_wellbeing,0.6600016918713187,0.0764454292250436,0.6751952954421707,5.33,1,1,0.99
LATAM,matrix_32_ext_0_1,4,det_30_authority,0.6464086827515672,0.03497754123278372,0.6450186789375809,5.81,1,1,1
LATAM,matrix_32_ext_0_1,4,det_20_coziness,0.6041129049721301,0.07514783017865599,0.6133934013063553,8.41,1,1,0.98
LATAM,matrix_32_ext_0_1,4,det_29_trends,0.5575346049220553,0.04148260603353889,0.5551537631104377,10.59,1,1,1
LATAM,matrix_32_ext_0_1,4,det_22_peer_pressure,0.5337594722006648,0.04568302536679449,0.5312115206872495,12.1,1,1,1
LATAM,matrix_32_ext_0_1,4,det_14_environmental_concerns,0.5198011945462404,0.11428405648116095,0.5208041041395165,13.54,1,0.97,0.82
LATAM,matrix_32_ext_0_1,4,det_16_commitment,0.5183702485446793,0.08665350027884372,0.5285526117380448,13.03,1,0.99,0.89
LATAM,matrix_32_ext_0_1,4,det_15_self_satisfaction,0.5128118405055956,0.09627261737366208,0.5073589927746351,13.33,1,1,0.87
LATAM,matrix_32_ext_0_1,4,det_09_safety,0.4991196278076122,0.09389239993318703,0.5040704866013151,14.49,1,1,0.83
LATAM,matrix_32_ext_0_1,4,det_12_own_competence,0.4846819131938236,0.0798759448811407,0.4963419266317094,15.34,1,0.99,0.84
LATAM,matrix_32_ext_0_1,4,det_04_added_value,0.4703882692934828,0.071263312360703407,0.4674630488750722,16.58,1,1,0.85
LATAM,matrix_32_ext_0_1,4,det_10_cost_efficiency,0.45762586522489074,0.10718948140703749,0.45582300341806015,17.39,1,0.93,0.65
LATAM,matrix_32_ext_0_1,4,det_11_knowledge,0.4458717750916772,0.08112884204168141,0.44356954378611907,18.24,1,0.97,0.73
LATAM,matrix_32_ext_0_1,4,det_01_profits,0.4379086571204777,0.09068643976260544,0.4315423165378005,18.42,1,0.93,0.64
LATAM,matrix_32_ext_0_1,4,det_03_risk_profile,0.43413149046418537,0.08354142340332892,0.43395954837882605,19.29,1,0.95,0.65
LATAM,matrix_32_ext_0_1,4,det_08_trust,0.41978386091338366,0.08725024416045027,0.4150947987853091,19.83,1,0.92,0.53
LATAM,matrix_32_ext_0_1,4,det_21_rights_and_duties,0.41760497287915527,0.08367818389020193,0.4134996474543545,19.79,1,0.9,0.56
LATAM,matrix_32_ext_0_1,4,det_13_technical_fit,0.41566967489349677,0.08804671584322797,0.4112539775827795,20.45,1,0.91,0.54
LATAM,matrix_32_ext_0_1,4,det_18_autonomy,0.400753821225785,0.08806931818236453,0.3862989198284488,21.28,1,0.88,0.45
LATAM,matrix_32_ext_0_1,4,det_07_legal,0.3634849385355705,0.07094246804806456,0.3553345551308128,23.75,1,0.77,0.26
LATAM,matrix_32_ext_0_1,4,det_17_adherence,0.3606790200618238,0.07075916685930717,0.3509106423474958,24.42,1,0.76,0.28
LATAM,matrix_32_ext_0_1,4,det_23_support,0.3606656195684545,0.07435610204295633,0.34894019746835653,24.11,1,0.79,0.32
LATAM,matrix_32_ext_0_1,4,det_27_fun,0.3554694970950464,0.04448587648175682,0.35151456185160357,24.6,1,0.91,0.17
LATAM,matrix_32_ext_0_1,4,det_05_frugality,0.3517383894957343,0.07882670314717194,0.35250031229129763,24.48,0.97,0.73,0.22
LATAM,matrix_32_ext_0_1,4,det_02_credit_score,0.3499677884018756,0.07610239950427722,0.3572047504866965,24.63,0.99,0.69,0.28
LATAM,matrix_32_ext_0_1,4,det_26_novelty,0.3168933997387903,0.06562077502203852,0.3110637625395839,27.16,0.99,0.57,0.1
LATAM,matrix_32_ext_0_1,4,det_25_agreement,0.30013616035759066,0.04696372548148155,0.29805557127086435,28.5,1,0.47,0.02
LATAM,matrix_32_ext_0_1,4,det_32_own_significance,0.27702503373055254,0.058912518499740885,0.2727255329279668,29.39,0.91,0.34,0.02
LATAM,matrix_32_ext_0_1,5,det_24_socialising,0.7176106764303994,0.03264072632081775,0.7190969712364282,3.05,1,1,1
LATAM,matrix_32_ext_0_1,5,det_28_recognition,0.7117719840803112,0.03506111914632053,0.7081904180415755,3.23,1,1,1
LATAM,matrix_32_ext_0_1,5,det_19_wellbeing,0.6990949723145985,0.0802573739928732,0.7111100495870463,4.08,1,1,1
LATAM,matrix_32_ext_0_1,5,det_06_climate_protection,0.6913594489747287,0.07302708850151196,0.702000591591542,4.29,1,1,0.99
LATAM,matrix_32_ext_0_1,5,det_31_approval,0.6732490753783967,0.04014822544018469,0.6771194296656289,5.12,1,1,1
LATAM,matrix_32_ext_0_1,5,det_20_coziness,0.6553450619014777,0.0895049710609975,0.6724309827599054,6.15,1,1,0.99
LATAM,matrix_32_ext_0_1,5,det_30_authority,0.6367945743318878,0.036155578536734644,0.6355225396822866,6.85,1,1,1
LATAM,matrix_32_ext_0_1,5,det_29_trends,0.5617935408124524,0.04023748517268821,0.5614145551484162,10.57,1,1,1
LATAM,matrix_32_ext_0_1,5,det_14_environmental_concerns,0.5454748273539923,0.11060376976619521,0.5553244562093265,11.96,1,0.99,0.87
LATAM,matrix_32_ext_0_1,5,det_22_peer_pressure,0.5225866121661872,0.046677719031698275,0.5214470303669658,12.64,1,1,1
LATAM,matrix_32_ext_0_1,5,det_09_safety,0.5145292251807274,0.11508673927396953,0.49781340600099966,13.48,1,0.99,0.81
LATAM,matrix_32_ext_0_1,5,det_10_cost_efficiency,0.4971730259636613,0.1030962037357923,0.5047936831176386,14.71,1,0.97,0.82
LATAM,matrix_32_ext_0_1,5,det_16_commitment,0.4834339843392507,0.1029564266694773,0.4858028715620122,15.5,1,0.97,0.78
LATAM,matrix_32_ext_0_1,5,det_04_added_value,0.48312929434336566,0.08251602758073694,0.4744327163784209,14.9,1,1,0.88
LATAM,matrix_32_ext_0_1,5,det_11_knowledge,0.46074752779813727,0.11154773882777272,0.4635276393435662,16.79,1,0.94,0.65
LATAM,matrix_32_ext_0_1,5,det_12_own_competence,0.45401658678741935,0.07756118510993089,0.4518700743955956,16.86,1,0.99,0.77
LATAM,matrix_32_ext_0_1,5,det_15_self_satisfaction,0.4442592099166502,0.0775933204354333,0.4398013750200863,17.81,1,0.98,0.63
LATAM,matrix_32_ext_0_1,5,det_13_technical_fit,0.43832974568681315,0.10105237176636331,0.4447959335392166,18.42,1,0.9,0.65
LATAM,matrix_32_ext_0_1,5,det_03_risk_profile,0.42991357489690013,0.0989651205287509,0.42633962390889796,18.91,1,0.91,0.58
LATAM,matrix_32_ext_0_1,5,det_21_rights_and_duties,0.4160851079879084,0.09317993835999258,0.40769404364946943,19.62,0.99,0.88,0.54
LATAM,matrix_32_ext_0_1,5,det_08_trust,0.3999666061986821,0.08952723549026574,0.37812813043478133,20.89,1,0.88,0.43
LATAM,matrix_32_ext_0_1,5,det_01_profits,0.39572952235299025,0.09633725009990077,0.37622755482061293,21.13,1,0.86,0.38
LATAM,matrix_32_ext_0_1,5,det_07_legal,0.36773749098995406,0.07966142932102072,0.3586680421389095,23.27,1,0.74,0.32
LATAM,matrix_32_ext_0_1,5,det_18_autonomy,0.3677170563015912,0.08393831566453612,0.35248439244721436,23,1,0.75,0.36
LATAM,matrix_32_ext_0_1,5,det_27_fun,0.36072514745109396,0.04646010253854772,0.35679059906471466,23.56,1,0.91,0.19
LATAM,matrix_32_ext_0_1,5,det_17_adherence,0.35701509890354194,0.0756111081155737,0.3538185250247943,23.64,1,0.75,0.29
LATAM,matrix_32_ext_0_1,5,det_23_support,0.343946612799875,0.06915343512866207,0.33307287643298755,24.47,1,0.71,0.23
LATAM,matrix_32_ext_0_1,5,det_05_frugality,0.3401249702058612,0.07938856752967222,0.3239646805516284,24.88,0.99,0.63,0.18
LATAM,matrix_32_ext_0_1,5,det_02_credit_score,0.3217210293028746,0.07069886872939876,0.3078530515499294,26.05,0.98,0.57,0.19
LATAM,matrix_32_ext_0_1,5,det_32_own_significance,0.31233072221677693,0.09331634093363658,0.29868545374555155,26.61,0.95,0.47,0.17
LATAM,matrix_32_ext_0_1,5,det_25_agreement,0.3007669843606206,0.04590580750563595,0.29962908064674787,27.66,1,0.49,0.01
LATAM,matrix_32_ext_0_1,5,det_26_novelty,0.29786736157736843,0.06444644001108171,0.2917635128236486,27.9,0.97,0.47,0.04
LATAM,matrix_32_ext_0_1,6,det_28_recognition,0.7184519771572544,0.039330267248177134,0.7196502898799679,3.33,1,1,1
LATAM,matrix_32_ext_0_1,6,det_24_socialising,0.7133155741610752,0.03475971163586913,0.7164047863243208,3.3,1,1,1
LATAM,matrix_32_ext_0_1,6,det_20_coziness,0.7113534285132262,0.07999074388606663,0.7155686528530758,4.12,1,1,1
LATAM,matrix_32_ext_0_1,6,det_19_wellbeing,0.6880016914744912,0.09755724262475945,0.7037917866677732,4.89,1,1,0.99
LATAM,matrix_32_ext_0_1,6,det_06_climate_protection,0.684881646969543,0.07393594731813259,0.6999489773627613,5,1,1,1
LATAM,matrix_32_ext_0_1,6,det_31_approval,0.6768495099649385,0.04428299192877669,0.6796554312736987,5.22,1,1,1
LATAM,matrix_32_ext_0_1,6,det_30_authority,0.6292027496309202,0.044830684111840435,0.6329728777169779,7.17,1,1,1
LATAM,matrix_32_ext_0_1,6,det_14_environmental_concerns,0.5605089272293494,0.10125568673039433,0.5668799559593705,11.06,1,1,0.95
LATAM,matrix_32_ext_0_1,6,det_29_trends,0.5530714972663844,0.0475244864331259,0.5570460101779285,11.21,1,1,0.99
LATAM,matrix_32_ext_0_1,6,det_22_peer_pressure,0.5145875081628697,0.05031938596783967,0.5176863912798562,13.24,1,1,0.99
LATAM,matrix_32_ext_0_1,6,det_09_safety,0.5075105575632424,0.10120680690138219,0.49925308584181133,13.5,1,0.99,0.85
LATAM,matrix_32_ext_0_1,6,det_04_added_value,0.49871130042748407,0.08145385776876098,0.4846532220933191,14.11,1,0.99,0.93
LATAM,matrix_32_ext_0_1,6,det_10_cost_efficiency,0.4914343689374158,0.10099186713023679,0.48114030059164375,14.8,1,0.98,0.86
LATAM,matrix_32_ext_0_1,6,det_11_knowledge,0.47753573002114924,0.11615285478571208,0.47128462269296023,15.63,1,0.93,0.69
LATAM,matrix_32_ext_0_1,6,det_16_commitment,0.4674776399246016,0.10877458931343557,0.4587654332008766,16.39,1,0.96,0.66
LATAM,matrix_32_ext_0_1,6,det_12_own_competence,0.4471253262356593,0.10246166707394634,0.4489289152494807,17.38,1,0.91,0.65
LATAM,matrix_32_ext_0_1,6,det_13_technical_fit,0.4414488172899008,0.10964453421849067,0.43174614115085663,18.09,1,0.9,0.6
LATAM,matrix_32_ext_0_1,6,det_03_risk_profile,0.4221388425325779,0.09641616481858943,0.4084298143402718,19.04,1,0.87,0.53
LATAM,matrix_32_ext_0_1,6,det_21_rights_and_duties,0.41896475806542677,0.10070304080952545,0.41511052899200906,19.43,1,0.88,0.55
LATAM,matrix_32_ext_0_1,6,det_15_self_satisfaction,0.41092361031704755,0.07443016725975223,0.40427697924380035,19.61,1,0.95,0.53
LATAM,matrix_32_ext_0_1,6,det_01_profits,0.40804081243660417,0.11176910854375738,0.38772208660224816,20.39,1,0.88,0.41
LATAM,matrix_32_ext_0_1,6,det_07_legal,0.38409837179856776,0.09293595073853349,0.36895211464620425,21.9,1,0.77,0.38
LATAM,matrix_32_ext_0_1,6,det_08_trust,0.37592454451619745,0.0896520983890955,0.3600128114962734,22.03,1,0.8,0.38
LATAM,matrix_32_ext_0_1,6,det_18_autonomy,0.35828091575411114,0.09052826586850293,0.34252070295949033,23.23,1,0.71,0.31
LATAM,matrix_32_ext_0_1,6,det_17_adherence,0.3576132748413587,0.08003374620733464,0.3408932128132335,23.74,1,0.74,0.32
LATAM,matrix_32_ext_0_1,6,det_27_fun,0.356892568793924,0.04838846329176265,0.3490973534598931,23.47,1,0.88,0.23
LATAM,matrix_32_ext_0_1,6,det_23_support,0.3475568715811224,0.0759647243516144,0.33489420559894234,24.09,0.99,0.71,0.19
LATAM,matrix_32_ext_0_1,6,det_05_frugality,0.3386471973211311,0.0773177316347585,0.33434709290398745,24.59,0.99,0.64,0.2
LATAM,matrix_32_ext_0_1,6,det_02_credit_score,0.32040331479494855,0.07306742536917743,0.30850318440812086,25.84,0.98,0.59,0.15
LATAM,matrix_32_ext_0_1,6,det_32_own_significance,0.30970935023869894,0.08119857556856618,0.29697089578725844,26.58,0.95,0.47,0.12
LATAM,matrix_32_ext_0_1,6,det_26_novelty,0.2980505022392083,0.06041340982959827,0.2973404542893373,27.58,0.96,0.5,0.04
LATAM,matrix_32_ext_0_1,6,det_25_agreement,0.29425871905519957,0.046987073829859144,0.2901550402594205,28.04,1,0.44,0.01
LATAM,matrix_32_ext_0_1,7,det_28_recognition,0.7349673483010426,0.050450287414605804,0.7305023107869528,3.16,1,1,1
LATAM,matrix_32_ext_0_1,7,det_20_coziness,0.7306633066286261,0.07874386402493373,0.7281990336564816,3.52,1,1,1
LATAM,matrix_32_ext_0_1,7,det_24_socialising,0.6950003654316108,0.05514091474579093,0.7046245098469226,4.39,1,1,0.99
LATAM,matrix_32_ext_0_1,7,det_06_climate_protection,0.6836043784079939,0.07983615233180927,0.6902563233817689,5.1,1,1,1
LATAM,matrix_32_ext_0_1,7,det_31_approval,0.6816246502032808,0.05456803969135946,0.6835740888927628,5.28,1,1,1
LATAM,matrix_32_ext_0_1,7,det_19_wellbeing,0.6809216614251202,0.09649554653603687,0.6970257128665605,5.36,1,1,0.98
LATAM,matrix_32_ext_0_1,7,det_30_authority,0.60253624226414,0.06905267597242389,0.6147852097751513,8.64,1,1,0.98
LATAM,matrix_32_ext_0_1,7,det_14_environmental_concerns,0.5558734137876141,0.09410192230139777,0.5447591856512897,11.05,1,1,0.98
LATAM,matrix_32_ext_0_1,7,det_29_trends,0.529991840389781,0.07384932427538601,0.5404644316091001,12.35,1,1,0.97
LATAM,matrix_32_ext_0_1,7,det_04_added_value,0.5207641641904552,0.0894799733833732,0.5194359502353525,12.81,1,1,0.93
LATAM,matrix_32_ext_0_1,7,det_09_safety,0.5141931260922812,0.11820898811297927,0.47179961434343176,13.36,1,1,0.86
LATAM,matrix_32_ext_0_1,7,det_22_peer_pressure,0.49703052836315703,0.06047859055017231,0.5021596576397558,14.24,1,1,0.92
LATAM,matrix_32_ext_0_1,7,det_11_knowledge,0.48497228349174776,0.12086605857935218,0.4863077283099405,15.42,1,0.96,0.72
LATAM,matrix_32_ext_0_1,7,det_10_cost_efficiency,0.46653322185270685,0.10196748955156512,0.4437784614297058,16.36,1,0.99,0.7
LATAM,matrix_32_ext_0_1,7,det_16_commitment,0.46390363664366274,0.110496536890635,0.4512881982389514,16.39,1,0.97,0.64
LATAM,matrix_32_ext_0_1,7,det_13_technical_fit,0.45980384800732294,0.11600234900820872,0.4591619279402831,17.05,1,0.91,0.66
LATAM,matrix_32_ext_0_1,7,det_01_profits,0.45353699547489035,0.1408953856639429,0.4152287310952921,17.87,1,0.91,0.55
LATAM,matrix_32_ext_0_1,7,det_12_own_competence,0.4256980132820241,0.09843076656346643,0.4289888953798408,18.56,1,0.93,0.57
LATAM,matrix_32_ext_0_1,7,det_07_legal,0.4234293799109562,0.13911068878522773,0.3738319795888188,19.42,1,0.84,0.42
LATAM,matrix_32_ext_0_1,7,det_21_rights_and_duties,0.42164729932664835,0.11260159186963614,0.4119792309410235,19.35,1,0.86,0.52
LATAM,matrix_32_ext_0_1,7,det_15_self_satisfaction,0.38795045723249116,0.08342307814187598,0.37433132792036744,21.36,1,0.84,0.42
LATAM,matrix_32_ext_0_1,7,det_03_risk_profile,0.38448603325936825,0.08481789762238857,0.36546809204080366,21.66,1,0.88,0.39
LATAM,matrix_32_ext_0_1,7,det_08_trust,0.3794682622052863,0.11916768673718411,0.34155028725223846,22.22,0.99,0.76,0.36
LATAM,matrix_32_ext_0_1,7,det_18_autonomy,0.36813214302171793,0.11266305864681771,0.35197773440116087,22.69,0.99,0.73,0.31
LATAM,matrix_32_ext_0_1,7,det_17_adherence,0.35780964899707635,0.08517703321803251,0.34393756090443595,23.64,1,0.71,0.26
LATAM,matrix_32_ext_0_1,7,det_05_frugality,0.3527065095063118,0.08423140206950447,0.33633114455414015,23.81,1,0.66,0.28
LATAM,matrix_32_ext_0_1,7,det_27_fun,0.3493303178123411,0.04874819253398743,0.341687140629061,23.88,1,0.85,0.19
LATAM,matrix_32_ext_0_1,7,det_23_support,0.34559626812284133,0.06709002364472061,0.3314278653923396,24.25,1,0.71,0.2
LATAM,matrix_32_ext_0_1,7,det_02_credit_score,0.32884254785459666,0.08192116658555042,0.31606964637467105,25.09,0.98,0.59,0.2
LATAM,matrix_32_ext_0_1,7,det_32_own_significance,0.31951033536128415,0.08664775976660775,0.30758552296209596,26.09,0.96,0.53,0.13
LATAM,matrix_32_ext_0_1,7,det_25_agreement,0.3118131084657848,0.07310377418727217,0.3022237762855599,26.55,0.97,0.52,0.07
LATAM,matrix_32_ext_0_1,7,det_26_novelty,0.30199309975646965,0.0674593132864029,0.2995091673092757,27.08,0.97,0.49,0.08
LATAM,matrix_32_ext_0_1,8,det_28_recognition,0.7474634025789934,0.055257349768719856,0.7433196466710239,3.07,1,1,1
LATAM,matrix_32_ext_0_1,8,det_20_coziness,0.7384690662592941,0.08127628324808212,0.7414560602899775,3.49,1,1,1
LATAM,matrix_32_ext_0_1,8,det_31_approval,0.6773555139979475,0.06982756237451454,0.685986840218237,5.55,1,1,1
LATAM,matrix_32_ext_0_1,8,det_24_socialising,0.6745029323833377,0.06682776454713919,0.6827037744616804,5.62,1,1,0.99
LATAM,matrix_32_ext_0_1,8,det_06_climate_protection,0.6728946697480421,0.0956557051357119,0.6854805507368886,5.96,1,1,0.99
LATAM,matrix_32_ext_0_1,8,det_19_wellbeing,0.6695412807079654,0.10431645614223214,0.6743530469082806,6.48,1,1,0.98
LATAM,matrix_32_ext_0_1,8,det_30_authority,0.5691955634581748,0.08306475998449907,0.5835211987745015,10.51,1,1,0.98
LATAM,matrix_32_ext_0_1,8,det_14_environmental_concerns,0.5509605281851049,0.10882217714612642,0.5541080242493681,11.58,1,1,0.96
LATAM,matrix_32_ext_0_1,8,det_04_added_value,0.5286342635558534,0.10029175579164787,0.5249142920902848,12.77,1,1,0.89
LATAM,matrix_32_ext_0_1,8,det_29_trends,0.5084116677012899,0.0804708380322587,0.516621853644492,13.83,1,1,0.89
LATAM,matrix_32_ext_0_1,8,det_01_profits,0.5036886551673323,0.1615084150775166,0.4873532067617255,15,1,0.92,0.65
LATAM,matrix_32_ext_0_1,8,det_09_safety,0.5014623842671653,0.1240519970011067,0.47622916656678127,14.64,1,1,0.77
LATAM,matrix_32_ext_0_1,8,det_07_legal,0.4994292280965893,0.1956661681014944,0.44672641701855725,15.89,1,0.87,0.57
LATAM,matrix_32_ext_0_1,8,det_11_knowledge,0.49286297529444517,0.13792015122388449,0.47170686845144405,15.28,1,0.96,0.71
LATAM,matrix_32_ext_0_1,8,det_13_technical_fit,0.475550834489059,0.12236127166651693,0.48253060869813824,16.12,1,0.89,0.69
LATAM,matrix_32_ext_0_1,8,det_22_peer_pressure,0.47126296671707507,0.07257149381318116,0.48220330219798385,15.85,1,0.99,0.83
LATAM,matrix_32_ext_0_1,8,det_16_commitment,0.4541352360960301,0.11533407454016674,0.42957470243821194,17.24,1,0.96,0.61
LATAM,matrix_32_ext_0_1,8,det_10_cost_efficiency,0.448843352933363,0.10694079866862806,0.4320748846493775,17.53,1,0.94,0.66
LATAM,matrix_32_ext_0_1,8,det_21_rights_and_duties,0.42215640141746863,0.1155680646915548,0.4089201778171521,19.06,1,0.84,0.54
LATAM,matrix_32_ext_0_1,8,det_08_trust,0.4132060946492599,0.16833416854554292,0.3628945984584514,20.55,0.98,0.77,0.41
LATAM,matrix_32_ext_0_1,8,det_12_own_competence,0.41178820383483594,0.09713973430897414,0.40791455695214063,19.7,1,0.87,0.52
LATAM,matrix_32_ext_0_1,8,det_18_autonomy,0.40267219183547476,0.15060093432602448,0.362760307796833,20.91,1,0.77,0.39
LATAM,matrix_32_ext_0_1,8,det_03_risk_profile,0.38936032229871753,0.08936552224550012,0.3847519075658046,20.96,1,0.83,0.45
LATAM,matrix_32_ext_0_1,8,det_15_self_satisfaction,0.3867830780967227,0.083613815760013,0.37907107907116355,21.32,1,0.83,0.36
LATAM,matrix_32_ext_0_1,8,det_23_support,0.3597809721765982,0.09938450634891355,0.3418894398914719,23.3,1,0.69,0.27
LATAM,matrix_32_ext_0_1,8,det_17_adherence,0.35932913033440866,0.08377196016913464,0.3460984726143832,23.26,1,0.76,0.24
LATAM,matrix_32_ext_0_1,8,det_05_frugality,0.3555182848249706,0.09423461157025902,0.33457472938763994,23.44,0.99,0.66,0.31
LATAM,matrix_32_ext_0_1,8,det_32_own_significance,0.3372715638976686,0.09668224839755385,0.3132596913277669,24.73,0.97,0.6,0.19
LATAM,matrix_32_ext_0_1,8,det_27_fun,0.3346782260005634,0.06841836222600584,0.3257783536622968,25.02,1,0.69,0.13
LATAM,matrix_32_ext_0_1,8,det_25_agreement,0.32142431212896394,0.09077730905212641,0.3003542958096187,26.05,1,0.51,0.14
LATAM,matrix_32_ext_0_1,8,det_02_credit_score,0.3114083001851813,0.07703762109092402,0.3113970400627718,26.3,0.98,0.53,0.09
LATAM,matrix_32_ext_0_1,8,det_26_novelty,0.30079107310309566,0.0744941836217624,0.28915563251523485,26.99,0.94,0.44,0.09
LATAM,matrix_32_pos_0_1,2,det_24_socialising,0.6791084004223086,0.04438791498748969,0.6833436405019863,1.91,1,1,1
LATAM,matrix_32_pos_0_1,2,det_10_cost_efficiency,0.6249427119643728,0.031647273463016316,0.6340400462365569,4.25,1,1,1
LATAM,matrix_32_pos_0_1,2,det_31_approval,0.623960230937962,0.0684730806675977,0.6278094175608094,4.92,1,1,1
LATAM,matrix_32_pos_0_1,2,det_15_self_satisfaction,0.6211607944207446,0.046777297535950835,0.6296979556722394,4.8,1,1,1
LATAM,matrix_32_pos_0_1,2,det_11_knowledge,0.615464937352377,0.0360531382391223,0.6194235249414876,4.89,1,1,1
LATAM,matrix_32_pos_0_1,2,det_03_risk_profile,0.5860985981448396,0.03968898662490134,0.5908342026216498,7.09,1,1,1
LATAM,matrix_32_pos_0_1,2,det_12_own_competence,0.5767919066594533,0.037678621627244974,0.5849985436638478,7.93,1,1,1
LATAM,matrix_32_pos_0_1,2,det_28_recognition,0.5761110364104288,0.05442850772277463,0.5737118329232347,8.25,1,1,1
LATAM,matrix_32_pos_0_1,2,det_13_technical_fit,0.571895177340759,0.03329908744764461,0.5708771323941622,8.43,1,1,1
LATAM,matrix_32_pos_0_1,2,det_17_adherence,0.5364953254866284,0.03859352226188392,0.5347667547662813,11.53,1,1,1
LATAM,matrix_32_pos_0_1,2,det_30_authority,0.5306974597421967,0.057207600724865096,0.5333309732464889,11.89,1,1,0.98
LATAM,matrix_32_pos_0_1,2,det_22_peer_pressure,0.5101779845284403,0.05147085755812331,0.5102334013281409,13.54,1,1,0.99
LATAM,matrix_32_pos_0_1,2,det_07_legal,0.509461401255249,0.06261928979001516,0.5125072280603076,13.78,1,1,0.97
LATAM,matrix_32_pos_0_1,2,det_09_safety,0.49374486208007295,0.04998675555544924,0.49553753641225484,14.8,1,1,0.94
LATAM,matrix_32_pos_0_1,2,det_27_fun,0.493710550089744,0.05270226714613907,0.49684320269803806,15,1,1,0.91
LATAM,matrix_32_pos_0_1,2,det_18_autonomy,0.4863768597825922,0.05718125919456596,0.4880250220643615,15.74,1,1,0.93
LATAM,matrix_32_pos_0_1,2,det_26_novelty,0.471534170251725,0.045495095021471296,0.47312249436827536,17.05,1,1,0.95
LATAM,matrix_32_pos_0_1,2,det_29_trends,0.46756804043512784,0.06062379028436951,0.4708766491092104,17.37,1,1,0.85
LATAM,matrix_32_pos_0_1,2,det_16_commitment,0.46378072176219576,0.04547900574647912,0.46768394806593605,17.68,1,1,0.89
LATAM,matrix_32_pos_0_1,2,det_01_profits,0.4596379911400381,0.0589675476654961,0.46018444748632736,17.79,1,0.97,0.86
LATAM,matrix_32_pos_0_1,2,det_19_wellbeing,0.44655446171160207,0.06223460935926616,0.44784422135002905,18.81,1,1,0.74
LATAM,matrix_32_pos_0_1,2,det_08_trust,0.40373926238817504,0.048931625074394906,0.4021014263089317,22.31,1,0.98,0.56
LATAM,matrix_32_pos_0_1,2,det_20_coziness,0.38234183345862865,0.05026731509729875,0.3743548429562822,23.72,1,0.96,0.36
LATAM,matrix_32_pos_0_1,2,det_05_frugality,0.3817338085978186,0.04141705376727374,0.3815035592574358,23.88,1,0.98,0.31
LATAM,matrix_32_pos_0_1,2,det_25_agreement,0.37975571019118787,0.06076694311407848,0.3844351382491805,23.85,1,0.89,0.4
LATAM,matrix_32_pos_0_1,2,det_21_rights_and_duties,0.37735037373001745,0.05483868372130813,0.3784726573614493,24.09,1,0.94,0.34
LATAM,matrix_32_pos_0_1,2,det_02_credit_score,0.3506678593082366,0.04941422774339354,0.3557935442403287,25.94,1,0.82,0.18
LATAM,matrix_32_pos_0_1,2,det_23_support,0.31107729341145596,0.05122054052309254,0.30550714306476556,28.12,0.99,0.57,0.04
LATAM,matrix_32_pos_0_1,2,det_04_added_value,0.3083323053758233,0.03846664994414673,0.3066642084412674,28.33,1,0.54,0.01
LATAM,matrix_32_pos_0_1,2,det_14_environmental_concerns,0.2853895435214366,0.04335848212985496,0.27884870100829356,29.3,0.99,0.36,0.02
LATAM,matrix_32_pos_0_1,2,det_32_own_significance,0.2851541455662707,0.032112194597244535,0.2807742793676744,29.66,1,0.31,0.01
LATAM,matrix_32_pos_0_1,2,det_06_climate_protection,0.234866849657174,0.0428551090511196,0.23564593652476623,31.35,0.81,0.06,0
LATAM,matrix_32_pos_0_1,3,det_24_socialising,0.6669639396964666,0.047759554239381385,0.6700139609802266,2.79,1,1,1
LATAM,matrix_32_pos_0_1,3,det_06_climate_protection,0.6400364832385139,0.08206401748023408,0.6584616229460207,4.88,1,1,0.98
LATAM,matrix_32_pos_0_1,3,det_15_self_satisfaction,0.6351548342595726,0.050390264449539576,0.6426078459099251,4.27,1,1,1
LATAM,matrix_32_pos_0_1,3,det_31_approval,0.612415384611088,0.06553027773279557,0.622703221770745,6.34,1,1,0.98
LATAM,matrix_32_pos_0_1,3,det_10_cost_efficiency,0.6091151163539905,0.05588835647146874,0.6209929884909938,6.29,1,1,0.99
LATAM,matrix_32_pos_0_1,3,det_28_recognition,0.5747084478527409,0.05383489078063299,0.5796078116179786,9.14,1,1,1
LATAM,matrix_32_pos_0_1,3,det_19_wellbeing,0.5682103576972336,0.07462126829238075,0.5690913666133964,10.74,1,1,1
LATAM,matrix_32_pos_0_1,3,det_23_support,0.5560941137460237,0.06183630221302955,0.5666562649678805,11.15,1,1,1
LATAM,matrix_32_pos_0_1,3,det_03_risk_profile,0.5550270972920452,0.055957543108490805,0.5621058357841013,10.89,1,1,0.98
LATAM,matrix_32_pos_0_1,3,det_01_profits,0.5513682204886782,0.052112377572107474,0.5509700522658912,11.69,1,1,0.99
LATAM,matrix_32_pos_0_1,3,det_11_knowledge,0.5495215366040246,0.05918079172635118,0.5546658867426606,11.41,1,1,1
LATAM,matrix_32_pos_0_1,3,det_09_safety,0.5348354206650524,0.04559767989373734,0.538565371550265,13.09,1,1,1
LATAM,matrix_32_pos_0_1,3,det_12_own_competence,0.5345694853530084,0.06143626023656087,0.5480379487174296,12.83,1,1,0.97
LATAM,matrix_32_pos_0_1,3,det_18_autonomy,0.531699363444433,0.049785315692986686,0.5322563872071973,13.47,1,1,0.98
LATAM,matrix_32_pos_0_1,3,det_30_authority,0.5165458035770493,0.06330997710472137,0.5218095720559798,14.65,1,1,0.94
LATAM,matrix_32_pos_0_1,3,det_13_technical_fit,0.5047836670801213,0.054357390162177034,0.5116946806371995,16.2,1,1,0.96
LATAM,matrix_32_pos_0_1,3,det_27_fun,0.4969168071436947,0.051159368397231,0.5014157793688206,17,1,1,0.96
LATAM,matrix_32_pos_0_1,3,det_20_coziness,0.49581109821988495,0.07844506545101473,0.48010132462401534,17.5,1,1,0.96
LATAM,matrix_32_pos_0_1,3,det_22_peer_pressure,0.4940101507829405,0.05020924887626626,0.49485654959454944,17.35,1,1,0.97
LATAM,matrix_32_pos_0_1,3,det_14_environmental_concerns,0.49294783844764845,0.07253345921087327,0.5098777747581641,17.22,1,1,0.89
LATAM,matrix_32_pos_0_1,3,det_17_adherence,0.4681442216336973,0.05188816460418518,0.47612200753207207,19.98,1,1,0.89
LATAM,matrix_32_pos_0_1,3,det_29_trends,0.46702328294194917,0.05462929027612091,0.4726080236322291,19.73,1,1,0.85
LATAM,matrix_32_pos_0_1,3,det_07_legal,0.46062089215399094,0.07689573886731212,0.4468831165805853,20.55,1,1,0.76
LATAM,matrix_32_pos_0_1,3,det_26_novelty,0.4567800005976794,0.047816160270553784,0.4565148425762992,20.95,1,1,0.87
LATAM,matrix_32_pos_0_1,3,det_16_commitment,0.42120786456201403,0.05599612310884109,0.4234210697286074,24,1,0.97,0.71
LATAM,matrix_32_pos_0_1,3,det_21_rights_and_duties,0.3909697213090875,0.08051321482629532,0.3785956504696798,25.23,1,0.86,0.39
LATAM,matrix_32_pos_0_1,3,det_04_added_value,0.3886883849947172,0.057781153973384854,0.3958951847575242,26.28,1,0.95,0.44
LATAM,matrix_32_pos_0_1,3,det_05_frugality,0.38473136603971203,0.04963686544838818,0.3855689317355151,26.57,1,0.94,0.37
LATAM,matrix_32_pos_0_1,3,det_02_credit_score,0.36936849671324895,0.05031842545725574,0.3732747291279581,27.59,1,0.91,0.28
LATAM,matrix_32_pos_0_1,3,det_25_agreement,0.36788682576250015,0.04357215745215221,0.372297425590217,27.89,1,0.92,0.23
LATAM,matrix_32_pos_0_1,3,det_08_trust,0.35584768384442356,0.049705463778631755,0.35912644907231334,28.59,0.99,0.84,0.18
LATAM,matrix_32_pos_0_1,3,det_32_own_significance,0.2570937086295372,0.03459331768644497,0.25449949824247753,31.74,0.98,0.09,0
LATAM,matrix_32_pos_0_1,4,det_06_climate_protection,0.6606986302665333,0.08420122970869953,0.668923536012262,4.48,1,1,0.98
LATAM,matrix_32_pos_0_1,4,det_24_socialising,0.6432118668268283,0.06719002749018825,0.6499793303106767,4.85,1,1,1
LATAM,matrix_32_pos_0_1,4,det_31_approval,0.6220599910940408,0.07659848370681406,0.6310686553533533,6.51,1,1,0.99
LATAM,matrix_32_pos_0_1,4,det_14_environmental_concerns,0.6137951524652352,0.10970320697597609,0.6314021088710873,7.65,1,1,0.95
LATAM,matrix_32_pos_0_1,4,det_01_profits,0.6006045749187257,0.07092948802791792,0.6253608732712954,7.52,1,1,0.99
LATAM,matrix_32_pos_0_1,4,det_21_rights_and_duties,0.5975928419746802,0.1030189562261601,0.627731533792885,8.28,1,1,0.93
LATAM,matrix_32_pos_0_1,4,det_28_recognition,0.5838417107742978,0.063318752887884,0.58770962233439,8.65,1,1,1
LATAM,matrix_32_pos_0_1,4,det_19_wellbeing,0.5542549675761874,0.12604785208522568,0.5580494604935684,12.41,1,1,0.85
LATAM,matrix_32_pos_0_1,4,det_10_cost_efficiency,0.5427573081022097,0.07743299611503938,0.5557382842030361,12.08,1,1,0.94
LATAM,matrix_32_pos_0_1,4,det_07_legal,0.5390340137424771,0.08447730001703281,0.541344740886369,12.36,1,1,0.94
LATAM,matrix_32_pos_0_1,4,det_20_coziness,0.5268388821530819,0.11433867232000244,0.4940326439384757,14.84,1,1,0.88
LATAM,matrix_32_pos_0_1,4,det_30_authority,0.52647271899321,0.06642254271717,0.5342143082799139,13.13,1,1,0.95
LATAM,matrix_32_pos_0_1,4,det_18_autonomy,0.5183422802195391,0.0798076427157975,0.5253705906601573,13.83,1,1,0.89
LATAM,matrix_32_pos_0_1,4,det_15_self_satisfaction,0.5179162540151198,0.07288205320710771,0.5138596639225861,13.7,1,1,0.94
LATAM,matrix_32_pos_0_1,4,det_11_knowledge,0.490419583505026,0.09028980881907338,0.4764630054088014,16.77,1,0.99,0.88
LATAM,matrix_32_pos_0_1,4,det_05_frugality,0.48934702142029607,0.07352730034020144,0.49410904332582933,16.36,1,0.97,0.91
LATAM,matrix_32_pos_0_1,4,det_13_technical_fit,0.48140417332773,0.08703470951370465,0.4828915792423868,17.65,1,0.99,0.82
LATAM,matrix_32_pos_0_1,4,det_22_peer_pressure,0.47273014753345877,0.06817061328608465,0.4725078021740423,18.14,1,1,0.84
LATAM,matrix_32_pos_0_1,4,det_27_fun,0.47181145761041804,0.06333380599520506,0.4808250110197894,17.99,1,1,0.83
LATAM,matrix_32_pos_0_1,4,det_09_safety,0.46826151884953776,0.08484379315313978,0.4610235588933718,18.55,1,0.98,0.77
LATAM,matrix_32_pos_0_1,4,det_23_support,0.4571551580555761,0.08193386576745763,0.44342910490408927,19.98,1,1,0.72
LATAM,matrix_32_pos_0_1,4,det_12_own_competence,0.451885371436375,0.07668786656008239,0.43939812689529434,19.76,1,0.99,0.73
LATAM,matrix_32_pos_0_1,4,det_03_risk_profile,0.4484225227622318,0.06922144305380812,0.44795582309573667,20.23,1,1,0.72
LATAM,matrix_32_pos_0_1,4,det_26_novelty,0.4481190691655991,0.05570950768888865,0.4471132570377292,20.5,1,0.99,0.8
LATAM,matrix_32_pos_0_1,4,det_29_trends,0.44646249529237225,0.06598543439762244,0.455505665929765,20.74,1,0.99,0.73
LATAM,matrix_32_pos_0_1,4,det_25_agreement,0.4237460918797026,0.05119299495727315,0.4178238659418534,22.5,1,0.99,0.68
LATAM,matrix_32_pos_0_1,4,det_04_added_value,0.42269446443618447,0.08374674853962244,0.42538580400385395,22.08,1,0.92,0.61
LATAM,matrix_32_pos_0_1,4,det_17_adherence,0.3935074063353632,0.0698210305588093,0.37918631521096985,25.04,1,0.95,0.38
LATAM,matrix_32_pos_0_1,4,det_02_credit_score,0.38563980563650085,0.05935309407381512,0.39341498654445983,25.65,1,0.86,0.45
LATAM,matrix_32_pos_0_1,4,det_16_commitment,0.35714540344009416,0.06398215890435717,0.35148867748736995,27.56,1,0.83,0.24
LATAM,matrix_32_pos_0_1,4,det_08_trust,0.35547553587860703,0.07964082441557545,0.34849973797210937,26.88,1,0.71,0.3
LATAM,matrix_32_pos_0_1,4,det_32_own_significance,0.25841010545236776,0.04802693540935366,0.24820367452358966,31.33,0.92,0.2,0
LATAM,matrix_32_pos_0_1,5,det_06_climate_protection,0.7375352062497335,0.07701040801425793,0.7518694741381465,2.86,1,1,1
LATAM,matrix_32_pos_0_1,5,det_19_wellbeing,0.720643532153937,0.09240999548319925,0.735430869746696,3.75,1,1,0.99
LATAM,matrix_32_pos_0_1,5,det_31_approval,0.6746196870448414,0.08642703503432403,0.6899118623989244,5.76,1,1,0.99
LATAM,matrix_32_pos_0_1,5,det_20_coziness,0.6691686262671257,0.09322070504369023,0.6822670570694431,6.14,1,1,0.97
LATAM,matrix_32_pos_0_1,5,det_14_environmental_concerns,0.6663442895538201,0.09408017763358009,0.673393192075968,6.12,1,0.99,0.98
LATAM,matrix_32_pos_0_1,5,det_28_recognition,0.6353335161591308,0.07643727707114246,0.6463217116199749,7.53,1,1,0.99
LATAM,matrix_32_pos_0_1,5,det_21_rights_and_duties,0.5971636815859087,0.08606269033291442,0.6259577867579513,9.37,1,0.99,0.98
LATAM,matrix_32_pos_0_1,5,det_07_legal,0.5809382235489876,0.09016137035606926,0.5867837275689058,10.97,1,1,0.98
LATAM,matrix_32_pos_0_1,5,det_24_socialising,0.5639603429102197,0.08135431977383245,0.5825910895949051,11.2,1,1,0.94
LATAM,matrix_32_pos_0_1,5,det_09_safety,0.5638309787982196,0.10503774150699696,0.5724750281138907,11.51,1,0.99,0.92
LATAM,matrix_32_pos_0_1,5,det_30_authority,0.5565909484069597,0.08312094637195985,0.5744986934643692,12.34,1,1,0.94
LATAM,matrix_32_pos_0_1,5,det_11_knowledge,0.5350886165027166,0.11016393286345719,0.527159127192627,13.31,1,0.99,0.89
LATAM,matrix_32_pos_0_1,5,det_04_added_value,0.5348302434519346,0.1020663512715909,0.5397361840192949,13.27,1,0.99,0.89
LATAM,matrix_32_pos_0_1,5,det_10_cost_efficiency,0.5097014186576433,0.08630618872584823,0.5026029954606257,14.87,1,1,0.92
LATAM,matrix_32_pos_0_1,5,det_01_profits,0.5048888748593636,0.07701113862642679,0.49976383968716076,15.46,1,1,0.9
LATAM,matrix_32_pos_0_1,5,det_13_technical_fit,0.5008493281396619,0.08904986119064817,0.494854898132835,15.64,1,0.99,0.86
LATAM,matrix_32_pos_0_1,5,det_05_frugality,0.4968498343557353,0.0715131906546939,0.5017322181326669,15.74,1,0.98,0.92
LATAM,matrix_32_pos_0_1,5,det_22_peer_pressure,0.4398568015491568,0.08405913291181917,0.43838829442375843,20.22,1,0.95,0.66
LATAM,matrix_32_pos_0_1,5,det_23_support,0.428988561145595,0.06961477023592996,0.4230584153069446,21.11,1,0.99,0.64
LATAM,matrix_32_pos_0_1,5,det_26_novelty,0.4254912079326312,0.07030205772738109,0.42972203517087254,21.25,1,0.98,0.63
LATAM,matrix_32_pos_0_1,5,det_12_own_competence,0.42525531412893436,0.07065453340391568,0.4259270769507921,21.45,1,0.98,0.61
LATAM,matrix_32_pos_0_1,5,det_15_self_satisfaction,0.41793477276970187,0.05900677739644656,0.41080363988933133,22.01,1,1,0.58
LATAM,matrix_32_pos_0_1,5,det_25_agreement,0.4172033423472252,0.0899261230432689,0.40383104712040674,22.48,1,0.93,0.53
LATAM,matrix_32_pos_0_1,5,det_03_risk_profile,0.4137311166019917,0.08085562470792299,0.39773776664072913,21.99,1,0.95,0.5
LATAM,matrix_32_pos_0_1,5,det_29_trends,0.4102147792753622,0.06848213694081479,0.41090842711602815,22.57,1,0.97,0.56
LATAM,matrix_32_pos_0_1,5,det_27_fun,0.4094015095202581,0.04798859767122089,0.4035483685704847,22.8,1,1,0.52
LATAM,matrix_32_pos_0_1,5,det_18_autonomy,0.40400070431181667,0.05673726372381917,0.40068437716049077,23.26,1,0.98,0.51
LATAM,matrix_32_pos_0_1,5,det_17_adherence,0.39231913061573465,0.08309094836206067,0.3797887970605518,23.87,1,0.89,0.43
LATAM,matrix_32_pos_0_1,5,det_08_trust,0.37541976486981554,0.0839786862232013,0.3686875263568368,24.62,1,0.82,0.35
LATAM,matrix_32_pos_0_1,5,det_32_own_significance,0.35334318321470326,0.06917442192914572,0.3474478242473936,26.69,1,0.76,0.23
LATAM,matrix_32_pos_0_1,5,det_16_commitment,0.328999138140387,0.05157637787443507,0.3304652463855814,28.52,1,0.7,0.09
LATAM,matrix_32_pos_0_1,5,det_02_credit_score,0.3100270328046576,0.05491178274703714,0.29762581477081135,29.32,1,0.49,0.06
LATAM,matrix_32_pos_0_1,6,det_19_wellbeing,0.7503608216149279,0.06763902005281833,0.7624127158086198,2.99,1,1,1
LATAM,matrix_32_pos_0_1,6,det_06_climate_protection,0.7449208381524143,0.07124923239497645,0.749230816762071,3.21,1,1,1
LATAM,matrix_32_pos_0_1,6,det_20_coziness,0.7106171248461142,0.08392917966906865,0.7111576853562753,4.69,1,1,0.99
LATAM,matrix_32_pos_0_1,6,det_14_environmental_concerns,0.6894898027793692,0.08338047844054922,0.6951286518952544,5.87,1,1,1
LATAM,matrix_32_pos_0_1,6,det_28_recognition,0.678742531996305,0.06499623786682827,0.6897202386018221,5.46,1,1,1
LATAM,matrix_32_pos_0_1,6,det_31_approval,0.6605152720637973,0.08829181846106439,0.6653965769367582,6.99,1,1,1
LATAM,matrix_32_pos_0_1,6,det_30_authority,0.6085582613716939,0.06517798333480955,0.6151578217766911,9.52,1,1,1
LATAM,matrix_32_pos_0_1,6,det_21_rights_and_duties,0.5954657891503178,0.101573882529167,0.6285364333176336,10.6,1,1,0.95
LATAM,matrix_32_pos_0_1,6,det_07_legal,0.5884244982512846,0.09066320447544017,0.6018376301181049,10.88,1,1,0.95
LATAM,matrix_32_pos_0_1,6,det_09_safety,0.5707116765704768,0.09867584487684655,0.5747275578805782,11.58,1,1,0.96
LATAM,matrix_32_pos_0_1,6,det_13_technical_fit,0.5571501037770729,0.08089306233561606,0.5630188855787869,12.34,1,1,0.98
LATAM,matrix_32_pos_0_1,6,det_04_added_value,0.5537643983586714,0.09201367319675252,0.5472101239125322,12.8,1,1,0.98
LATAM,matrix_32_pos_0_1,6,det_10_cost_efficiency,0.5353952135476541,0.08357909537778523,0.5423789987105991,13.87,1,1,0.95
LATAM,matrix_32_pos_0_1,6,det_11_knowledge,0.5188137629997907,0.09364147166595162,0.4972604336667115,14.55,1,1,0.95
LATAM,matrix_32_pos_0_1,6,det_24_socialising,0.5115283774023596,0.0895710486423282,0.5255518386271493,15.44,1,1,0.85
LATAM,matrix_32_pos_0_1,6,det_05_frugality,0.501833961885968,0.07033064686503897,0.5084105997394496,15.66,1,0.99,0.95
LATAM,matrix_32_pos_0_1,6,det_25_agreement,0.49054230323885883,0.11081769282789551,0.46862693976023767,16.68,1,0.99,0.76
LATAM,matrix_32_pos_0_1,6,det_22_peer_pressure,0.48663115744185353,0.10853060598537896,0.46778074688728544,17.05,1,0.97,0.78
LATAM,matrix_32_pos_0_1,6,det_01_profits,0.4795849761954844,0.06958222193692522,0.4788170696276761,17.36,1,1,0.86
LATAM,matrix_32_pos_0_1,6,det_23_support,0.42991772766553144,0.06858215601304252,0.4202500285030214,20.78,1,0.99,0.67
LATAM,matrix_32_pos_0_1,6,det_03_risk_profile,0.4108543588187432,0.0770810976342023,0.4089950279021959,22.02,1,0.96,0.54
LATAM,matrix_32_pos_0_1,6,det_15_self_satisfaction,0.3981985306122491,0.052361223030684204,0.39700550721890665,22.97,1,0.98,0.44
LATAM,matrix_32_pos_0_1,6,det_12_own_competence,0.3930013926690202,0.06775968209280252,0.3837748427773004,23.39,1,0.94,0.41
LATAM,matrix_32_pos_0_1,6,det_08_trust,0.38441080484762535,0.09042778868433513,0.384055035044617,23.65,0.98,0.84,0.45
LATAM,matrix_32_pos_0_1,6,det_27_fun,0.38343237664245566,0.046445746740138946,0.3807490243681132,24.28,1,0.96,0.33
LATAM,matrix_32_pos_0_1,6,det_29_trends,0.38017571735190775,0.07228147800298239,0.37415570797591613,24.38,1,0.88,0.33
LATAM,matrix_32_pos_0_1,6,det_18_autonomy,0.37996411595291585,0.057131588956650214,0.37732029160700753,24.24,1,0.94,0.42
LATAM,matrix_32_pos_0_1,6,det_17_adherence,0.37911667119742465,0.07366312392242137,0.37155257863307256,24.63,1,0.87,0.34
LATAM,matrix_32_pos_0_1,6,det_26_novelty,0.37333086586292497,0.07388453112060132,0.36819480062859467,24.8,1,0.8,0.38
LATAM,matrix_32_pos_0_1,6,det_32_own_significance,0.3464009307846968,0.06103411513554488,0.34062934046945204,26.65,1,0.75,0.18
LATAM,matrix_32_pos_0_1,6,det_16_commitment,0.3085644433690948,0.05239078131230878,0.29734730613418325,29.27,1,0.49,0.05
LATAM,matrix_32_pos_0_1,6,det_02_credit_score,0.30431722550362517,0.05071016206079269,0.3044653186671521,29.4,0.97,0.52,0.03
LATAM,matrix_32_pos_0_1,7,det_20_coziness,0.7773710031516468,0.08463140007330537,0.7852914921789171,3.08,1,1,1
LATAM,matrix_32_pos_0_1,7,det_19_wellbeing,0.7390025916095307,0.06785335559783838,0.7495313365489791,3.84,1,1,1
LATAM,matrix_32_pos_0_1,7,det_06_climate_protection,0.7389466051723074,0.0862560249206389,0.7587802517716014,4.08,1,1,1
LATAM,matrix_32_pos_0_1,7,det_14_environmental_concerns,0.7236410096350678,0.08605646810136491,0.731349541197859,4.73,1,1,0.99
LATAM,matrix_32_pos_0_1,7,det_28_recognition,0.690753665823082,0.06170726098551963,0.6918364168040173,5.6,1,1,1
LATAM,matrix_32_pos_0_1,7,det_31_approval,0.6487622880821461,0.09365126339633373,0.6427589620565819,7.94,1,1,0.98
LATAM,matrix_32_pos_0_1,7,det_21_rights_and_duties,0.6178404281915323,0.08903909652219293,0.6394803828031042,9.36,1,1,0.99
LATAM,matrix_32_pos_0_1,7,det_30_authority,0.6105128004278367,0.06988809527242842,0.6097757828804856,9.94,1,1,0.99
LATAM,matrix_32_pos_0_1,7,det_07_legal,0.6055578531544937,0.0955352615797929,0.619285373489779,10.31,1,1,0.96
LATAM,matrix_32_pos_0_1,7,det_13_technical_fit,0.5625204710070374,0.08721869647225469,0.574539996181304,12.26,1,0.99,0.94
LATAM,matrix_32_pos_0_1,7,det_04_added_value,0.5599184872120915,0.11000166606855995,0.557445450412716,12.64,1,1,0.93
LATAM,matrix_32_pos_0_1,7,det_09_safety,0.542474490315226,0.10116992438853095,0.5270476615511106,13.33,1,1,0.92
LATAM,matrix_32_pos_0_1,7,det_11_knowledge,0.5363022368301448,0.1173284968061391,0.5090285353348284,13.97,1,1,0.91
LATAM,matrix_32_pos_0_1,7,det_22_peer_pressure,0.5359162508548163,0.11255806668050614,0.5564361312090282,14.15,1,0.99,0.84
LATAM,matrix_32_pos_0_1,7,det_10_cost_efficiency,0.5295738829592039,0.07935946739665004,0.535900113552818,14.19,1,1,0.93
LATAM,matrix_32_pos_0_1,7,det_25_agreement,0.5099562574660012,0.11066655554720704,0.5033114800628775,15.63,1,1,0.8
LATAM,matrix_32_pos_0_1,7,det_05_frugality,0.4953341695907967,0.06983682706099031,0.5028032588266598,16.19,1,0.99,0.91
LATAM,matrix_32_pos_0_1,7,det_01_profits,0.48380551199543614,0.07632648434211603,0.49037008236915236,16.88,1,0.98,0.87
LATAM,matrix_32_pos_0_1,7,det_24_socialising,0.47320245164773767,0.09199398668329412,0.4763632818627992,17.83,1,1,0.73
LATAM,matrix_32_pos_0_1,7,det_23_support,0.41874742585959723,0.07614976819090002,0.41328116483650124,21.16,1,0.96,0.59
LATAM,matrix_32_pos_0_1,7,det_03_risk_profile,0.4150963352976099,0.06948956260457245,0.4148938590742811,21.45,1,0.97,0.61
LATAM,matrix_32_pos_0_1,7,det_29_trends,0.38780072692874995,0.0932156489479707,0.3675915233186022,23.32,1,0.85,0.36
LATAM,matrix_32_pos_0_1,7,det_08_trust,0.38269733995238125,0.09168958826929965,0.37389713271525205,23.49,0.99,0.84,0.32
LATAM,matrix_32_pos_0_1,7,det_17_adherence,0.37617922086929234,0.08325803660949654,0.36477351890301146,24.21,1,0.82,0.37
LATAM,matrix_32_pos_0_1,7,det_15_self_satisfaction,0.37233477145483923,0.04956881499334485,0.3647054315901328,24.39,1,0.96,0.22
LATAM,matrix_32_pos_0_1,7,det_12_own_competence,0.3678076427653621,0.07701789251321693,0.3497050332336411,24.85,1,0.85,0.27
LATAM,matrix_32_pos_0_1,7,det_18_autonomy,0.35907828688994625,0.055938356371496786,0.3446850061472284,25.15,1,0.83,0.26
LATAM,matrix_32_pos_0_1,7,det_26_novelty,0.3577869382357847,0.0659179639934309,0.3508471845444412,25.46,1,0.82,0.23
LATAM,matrix_32_pos_0_1,7,det_27_fun,0.35511011612090704,0.05777966540343778,0.3458045626138958,25.75,1,0.87,0.25
LATAM,matrix_32_pos_0_1,7,det_32_own_significance,0.33080172231301963,0.07072327663324467,0.31202412702515625,27.3,1,0.61,0.15
LATAM,matrix_32_pos_0_1,7,det_02_credit_score,0.32728937937711117,0.05684644904585352,0.32069771459139207,27.51,1,0.66,0.12
LATAM,matrix_32_pos_0_1,7,det_16_commitment,0.31567150242677317,0.0716482914596631,0.30619766466756415,28.01,0.98,0.54,0.12
LATAM,matrix_32_pos_0_1,8,det_20_coziness,0.8248565453401725,0.061906148391275784,0.8338153395232121,2.14,1,1,1
LATAM,matrix_32_pos_0_1,8,det_14_environmental_concerns,0.7605863365875909,0.07194776718311907,0.7727226605244655,3.76,1,1,1
LATAM,matrix_32_pos_0_1,8,det_19_wellbeing,0.7394010717775382,0.058183984518677574,0.7420776053277374,4.31,1,1,1
LATAM,matrix_32_pos_0_1,8,det_06_climate_protection,0.7303230079092368,0.09070048687121958,0.7472021181377987,5.12,1,1,1
LATAM,matrix_32_pos_0_1,8,det_28_recognition,0.6995170727179999,0.06205986909615946,0.7019638893927103,6.14,1,1,1
LATAM,matrix_32_pos_0_1,8,det_31_approval,0.6567991401030032,0.10219111692546574,0.6638734704193018,8.34,1,1,0.99
LATAM,matrix_32_pos_0_1,8,det_07_legal,0.6554593180576956,0.09794478610357484,0.6716163690800527,8.31,1,1,0.98
LATAM,matrix_32_pos_0_1,8,det_21_rights_and_duties,0.6470544106470014,0.09147709921594502,0.6517095878591226,8.55,1,1,0.97
LATAM,matrix_32_pos_0_1,8,det_30_authority,0.5858218722852683,0.07891015818530488,0.5921682542435941,11.38,1,1,0.97
LATAM,matrix_32_pos_0_1,8,det_04_added_value,0.5849946930779075,0.12811288611878704,0.5716088692693467,11.89,1,1,0.96
LATAM,matrix_32_pos_0_1,8,det_22_peer_pressure,0.561626857335888,0.11703007932956258,0.5899544844071378,12.83,1,0.96,0.88
LATAM,matrix_32_pos_0_1,8,det_11_knowledge,0.5477236888325706,0.13133095502377654,0.537590825855358,13.64,1,1,0.85
LATAM,matrix_32_pos_0_1,8,det_13_technical_fit,0.5455715383708889,0.09280464704706294,0.5594654743229417,13.6,1,1,0.89
LATAM,matrix_32_pos_0_1,8,det_25_agreement,0.5446149757803254,0.11077377907374113,0.5561832987880662,13.74,1,1,0.88
LATAM,matrix_32_pos_0_1,8,det_10_cost_efficiency,0.5096669242548711,0.09642206210536548,0.5167106928203471,15.36,1,1,0.84
LATAM,matrix_32_pos_0_1,8,det_09_safety,0.49666319112955315,0.0898841976151324,0.48691981464708667,16.03,1,1,0.88
LATAM,matrix_32_pos_0_1,8,det_01_profits,0.48348502282700445,0.0750875766310123,0.48941463929957596,16.84,1,1,0.86
LATAM,matrix_32_pos_0_1,8,det_05_frugality,0.48255537702132417,0.06572141283742375,0.4839113619520059,16.94,1,1,0.91
LATAM,matrix_32_pos_0_1,8,det_24_socialising,0.45125601584377256,0.07979558610010036,0.4473524699885628,18.88,1,0.99,0.73
LATAM,matrix_32_pos_0_1,8,det_08_trust,0.4249396476317158,0.12241732095036227,0.4024863169471073,20.89,0.99,0.84,0.51
LATAM,matrix_32_pos_0_1,8,det_29_trends,0.41275302710554457,0.11885532886624284,0.37530488382060173,21.59,1,0.88,0.43
LATAM,matrix_32_pos_0_1,8,det_03_risk_profile,0.4126540130550849,0.06308459954074792,0.40646721193103114,21.21,1,0.97,0.55
LATAM,matrix_32_pos_0_1,8,det_23_support,0.40107473643889346,0.09050367257332033,0.3834879280414081,22.04,1,0.9,0.41
LATAM,matrix_32_pos_0_1,8,det_17_adherence,0.3717455062649829,0.08266126328242372,0.36899389430087026,23.9,1,0.75,0.37
LATAM,matrix_32_pos_0_1,8,det_26_novelty,0.35947625128933103,0.07901923314890034,0.34022150134095575,24.81,1,0.8,0.24
LATAM,matrix_32_pos_0_1,8,det_15_self_satisfaction,0.35234787862405703,0.045930386852845236,0.3466038820902899,25.39,1,0.89,0.16
LATAM,matrix_32_pos_0_1,8,det_12_own_competence,0.3493816973336907,0.08086557259074546,0.3336220543420747,25.73,1,0.74,0.19
LATAM,matrix_32_pos_0_1,8,det_18_autonomy,0.3402588887977262,0.04690259042773717,0.3341851750848393,26.39,1,0.77,0.14
LATAM,matrix_32_pos_0_1,8,det_02_credit_score,0.3374581990520908,0.060901597767571924,0.33734973590693795,26.42,1,0.7,0.17
LATAM,matrix_32_pos_0_1,8,det_16_commitment,0.33013144252789933,0.07362679346337495,0.32455165648984924,26.76,0.99,0.6,0.16
LATAM,matrix_32_pos_0_1,8,det_27_fun,0.3276978595413146,0.05050012504046915,0.32013461545038574,26.99,1,0.69,0.08
LATAM,matrix_32_pos_0_1,8,det_32_own_significance,0.3140514911173093,0.05590359995844817,0.30381534015107303,28.08,1,0.57,0.06
LATAM,matrix_32_raw_0_1,2,det_24_socialising,0.7793077728606543,0.021817452869204657,0.7789366708843293,1.11,1,1,1
LATAM,matrix_32_raw_0_1,2,det_31_approval,0.7355130579094592,0.031247684676749283,0.7406366518548557,1.95,1,1,1
LATAM,matrix_32_raw_0_1,2,det_28_recognition,0.6780035921358544,0.029295528278652224,0.6822902004914664,3.06,1,1,1
LATAM,matrix_32_raw_0_1,2,det_15_self_satisfaction,0.5918925804210997,0.04257829445280177,0.5961820075087486,6.45,1,1,1
LATAM,matrix_32_raw_0_1,2,det_10_cost_efficiency,0.5892900199167448,0.030253760464089015,0.5901737254592896,6.28,1,1,1
LATAM,matrix_32_raw_0_1,2,det_30_authority,0.5839039556773146,0.035694939145008056,0.5862268738225807,6.85,1,1,1
LATAM,matrix_32_raw_0_1,2,det_22_peer_pressure,0.56218459812356,0.040186391475391686,0.5605413945670639,8.39,1,1,1
LATAM,matrix_32_raw_0_1,2,det_12_own_competence,0.5599724108348969,0.04017358848305202,0.562648598540989,8.56,1,1,1
LATAM,matrix_32_raw_0_1,2,det_09_safety,0.5572388598004329,0.0386893193658537,0.565371384263931,8.83,1,1,1
LATAM,matrix_32_raw_0_1,2,det_03_risk_profile,0.5569798783381741,0.034645660809914505,0.5611699533218661,8.75,1,1,1
LATAM,matrix_32_raw_0_1,2,det_11_knowledge,0.5145562874673445,0.040243203188885676,0.5167344664259546,12.5,1,1,1
LATAM,matrix_32_raw_0_1,2,det_29_trends,0.5122452045777675,0.0415687081166919,0.5122853383131261,12.79,1,1,1
LATAM,matrix_32_raw_0_1,2,det_17_adherence,0.5100826520849884,0.03952471230746126,0.5144611781269148,13.12,1,1,1
LATAM,matrix_32_raw_0_1,2,det_07_legal,0.5065936255121022,0.045558747786359585,0.5039394028681733,13.04,1,1,0.98
LATAM,matrix_32_raw_0_1,2,det_27_fun,0.48801951768310126,0.039482188930414636,0.4916196187425004,15.17,1,1,0.96
LATAM,matrix_32_raw_0_1,2,det_13_technical_fit,0.48276179899767757,0.030599478197548144,0.4857062328160367,15.3,1,1,1
LATAM,matrix_32_raw_0_1,2,det_19_wellbeing,0.47470317661619493,0.05229063492357692,0.4791895635009116,15.88,1,1,0.92
LATAM,matrix_32_raw_0_1,2,det_26_novelty,0.4474870588338887,0.039693947305080496,0.4509930522000035,18.23,1,1,0.88
LATAM,matrix_32_raw_0_1,2,det_18_autonomy,0.44389690643801555,0.043775200762355006,0.44675665720055857,18.43,1,1,0.83
LATAM,matrix_32_raw_0_1,2,det_01_profits,0.42882128843993017,0.04365416017695422,0.4242661913233666,19.3,1,0.99,0.76
LATAM,matrix_32_raw_0_1,2,det_16_commitment,0.4106595351268557,0.042710477751553545,0.41518732830259714,20.84,1,0.99,0.63
LATAM,matrix_32_raw_0_1,2,det_21_rights_and_duties,0.4011581652962935,0.03783073260839921,0.40202903050823424,21.47,1,1,0.52
LATAM,matrix_32_raw_0_1,2,det_20_coziness,0.37269551383350086,0.04052108905747097,0.3718302160838757,23.38,1,0.98,0.27
LATAM,matrix_32_raw_0_1,2,det_25_agreement,0.35796956020445103,0.05502862200439916,0.3598854060398132,24.01,1,0.86,0.24
LATAM,matrix_32_raw_0_1,2,det_08_trust,0.3489787508077832,0.047532129690015995,0.3505547142947426,24.68,1,0.88,0.11
LATAM,matrix_32_raw_0_1,2,det_23_support,0.3284258939768947,0.04399270707659049,0.32888150733955035,25.9,1,0.73,0.06
LATAM,matrix_32_raw_0_1,2,det_05_frugality,0.313948435925687,0.04443487722036522,0.3140430677955597,26.67,1,0.6,0.03
LATAM,matrix_32_raw_0_1,2,det_02_credit_score,0.29268781217080775,0.04378857282219534,0.29836588090917043,27.75,0.97,0.49,0
LATAM,matrix_32_raw_0_1,2,det_04_added_value,0.2858445415412273,0.035174701355982683,0.2869364872791982,28.12,1,0.35,0
LATAM,matrix_32_raw_0_1,2,det_32_own_significance,0.26064019317495724,0.03826761503424528,0.2613349731192229,29.4,0.95,0.14,0
LATAM,matrix_32_raw_0_1,2,det_14_environmental_concerns,0.23444782385669802,0.04537998829524415,0.23524541777216307,29.99,0.75,0.08,0
LATAM,matrix_32_raw_0_1,2,det_06_climate_protection,0.18223948893395597,0.041545052055338975,0.18322214747723112,31.8,0.35,0,0
LATAM,matrix_32_raw_0_1,3,det_24_socialising,0.7707408918643283,0.023967973645561323,0.7701161534092356,1.2,1,1,1
LATAM,matrix_32_raw_0_1,3,det_31_approval,0.7384335714030998,0.029663016136931453,0.7424948850755213,2,1,1,1
LATAM,matrix_32_raw_0_1,3,det_28_recognition,0.6834251747578083,0.026788153318063494,0.6862838909749202,3.66,1,1,1
LATAM,matrix_32_raw_0_1,3,det_06_climate_protection,0.6334730738463655,0.08563280536373939,0.64565277842742,6.63,1,1,1
LATAM,matrix_32_raw_0_1,3,det_19_wellbeing,0.6081519031612737,0.056003591033385265,0.6107387743858685,7.58,1,1,1
LATAM,matrix_32_raw_0_1,3,det_15_self_satisfaction,0.5998203590901344,0.05349548994193534,0.6092068734542668,7.98,1,1,1
LATAM,matrix_32_raw_0_1,3,det_23_support,0.5709703628830354,0.0639074567214588,0.5751507645523644,10.43,1,1,0.99
LATAM,matrix_32_raw_0_1,3,det_30_authority,0.5697650569168615,0.037847586047619945,0.5711805388567195,10.09,1,1,1
LATAM,matrix_32_raw_0_1,3,det_09_safety,0.5661279569813017,0.04681158429019867,0.571978132502019,10.25,1,1,1
LATAM,matrix_32_raw_0_1,3,det_22_peer_pressure,0.5540066915554268,0.04061195322083007,0.5507870908345871,11.46,1,1,1
LATAM,matrix_32_raw_0_1,3,det_14_environmental_concerns,0.5487323593207792,0.08527937391892661,0.5619182762499144,12.07,1,1,0.96
LATAM,matrix_32_raw_0_1,3,det_10_cost_efficiency,0.5452858386678905,0.06858493708477345,0.5607019258201749,12.06,1,1,0.94
LATAM,matrix_32_raw_0_1,3,det_20_coziness,0.5439961198852304,0.07279687457333797,0.5422272341709973,13.02,1,1,0.99
LATAM,matrix_32_raw_0_1,3,det_01_profits,0.5272076344312511,0.04821305888414081,0.5302933987580515,13.82,1,1,0.99
LATAM,matrix_32_raw_0_1,3,det_18_autonomy,0.5243666091812098,0.0481607605987861,0.5315134894991163,14.29,1,1,0.99
LATAM,matrix_32_raw_0_1,3,det_12_own_competence,0.5052795243648188,0.07202243049708809,0.5173701263059124,15.67,1,1,0.9
LATAM,matrix_32_raw_0_1,3,det_29_trends,0.50170477746683,0.041467565773337926,0.5039444229784449,16.19,1,1,1
LATAM,matrix_32_raw_0_1,3,det_27_fun,0.4949463951990444,0.0392153578490872,0.4921134590909656,16.71,1,1,0.99
LATAM,matrix_32_raw_0_1,3,det_03_risk_profile,0.4855188892733763,0.057894701238530785,0.4896365371556387,17.14,1,1,0.93
LATAM,matrix_32_raw_0_1,3,det_07_legal,0.4649864295765244,0.08295191925829719,0.45000502019088773,18.93,1,1,0.78
LATAM,matrix_32_raw_0_1,3,det_11_knowledge,0.4454864944633286,0.06605466440144785,0.45194753173686886,20.63,1,1,0.75
LATAM,matrix_32_raw_0_1,3,det_04_added_value,0.4341417536854066,0.06375517145576262,0.43784069851920826,21.46,1,0.96,0.71
LATAM,matrix_32_raw_0_1,3,det_26_novelty,0.42631224416732083,0.039788748984297725,0.42845940404499105,22.41,1,1,0.72
LATAM,matrix_32_raw_0_1,3,det_17_adherence,0.4216576637707591,0.052239587818311936,0.41394033262047636,22.44,1,1,0.67
LATAM,matrix_32_raw_0_1,3,det_21_rights_and_duties,0.40500502072393496,0.0924830553429474,0.3742124007532189,22.89,1,0.93,0.39
LATAM,matrix_32_raw_0_1,3,det_13_technical_fit,0.39088620786871336,0.0478057312823823,0.39659820957790404,24.66,1,0.96,0.46
LATAM,matrix_32_raw_0_1,3,det_25_agreement,0.3560046280864935,0.04911904280752964,0.3571063622485646,26.5,1,0.88,0.25
LATAM,matrix_32_raw_0_1,3,det_16_commitment,0.35041319574448526,0.04995369904702414,0.3504241500244756,26.89,1,0.84,0.16
LATAM,matrix_32_raw_0_1,3,det_08_trust,0.3093161424624819,0.049851112834085165,0.30651182994190335,29.04,0.98,0.55,0.06
LATAM,matrix_32_raw_0_1,3,det_05_frugality,0.30577356651447524,0.04621227902791781,0.3043890052097032,29.11,0.98,0.55,0.02
LATAM,matrix_32_raw_0_1,3,det_02_credit_score,0.30275204620737817,0.04521332307778139,0.3058114100276106,29.28,0.97,0.57,0
LATAM,matrix_32_raw_0_1,3,det_32_own_significance,0.23219206804605086,0.04051878056417408,0.23067853060956456,31.51,0.76,0.06,0
LATAM,matrix_32_raw_0_1,4,det_24_socialising,0.7614567829647164,0.027546497365886272,0.7638012351263306,1.9,1,1,1
LATAM,matrix_32_raw_0_1,4,det_31_approval,0.7462956845527575,0.03272981748847615,0.7472467197482597,2.52,1,1,1
LATAM,matrix_32_raw_0_1,4,det_06_climate_protection,0.7070816245471536,0.0656012895341065,0.7140199446615856,4.38,1,1,0.99
LATAM,matrix_32_raw_0_1,4,det_28_recognition,0.6924374993573721,0.02637495858416358,0.6930630808874861,5.07,1,1,1
LATAM,matrix_32_raw_0_1,4,det_14_environmental_concerns,0.6890919794117518,0.07387158815943368,0.6981399601206606,5.42,1,1,0.99
LATAM,matrix_32_raw_0_1,4,det_21_rights_and_duties,0.6601289547627177,0.08820543803895736,0.6788827902499202,6.77,1,1,0.97
LATAM,matrix_32_raw_0_1,4,det_07_legal,0.6336292400504976,0.08582025974679569,0.6521008962686692,8.52,1,1,0.98
LATAM,matrix_32_raw_0_1,4,det_18_autonomy,0.5946915665182914,0.06944219606533204,0.6091809790304907,10.22,1,1,0.97
LATAM,matrix_32_raw_0_1,4,det_01_profits,0.5908631381210607,0.0633553336381044,0.5942420876153784,10.18,1,1,0.99
LATAM,matrix_32_raw_0_1,4,det_30_authority,0.5795133289807693,0.036768253313666524,0.5809462792101866,10.62,1,1,1
LATAM,matrix_32_raw_0_1,4,det_19_wellbeing,0.5660390722641674,0.10534016055882531,0.5799508828248874,12.38,1,1,0.91
LATAM,matrix_32_raw_0_1,4,det_22_peer_pressure,0.5370806868876475,0.0466459987030826,0.5314707125225682,13.63,1,1,1
LATAM,matrix_32_raw_0_1,4,det_15_self_satisfaction,0.529178525473457,0.06512724947386994,0.5367081974538391,14.27,1,1,0.96
LATAM,matrix_32_raw_0_1,4,det_20_coziness,0.5199389516462771,0.10485444302467205,0.5178947028353698,15.7,1,1,0.85
LATAM,matrix_32_raw_0_1,4,det_10_cost_efficiency,0.5024015111058658,0.06811507217852243,0.5132915520125447,15.99,1,1,0.91
LATAM,matrix_32_raw_0_1,4,det_29_trends,0.497092812213658,0.04420572761823536,0.4964840120656056,16.45,1,1,0.98
LATAM,matrix_32_raw_0_1,4,det_04_added_value,0.48538317165959166,0.08874560605036493,0.4913098909229632,17.3,1,1,0.81
LATAM,matrix_32_raw_0_1,4,det_27_fun,0.4819693538868504,0.04997615194437386,0.4902344465867992,17.4,1,1,0.93
LATAM,matrix_32_raw_0_1,4,det_09_safety,0.4718734139417366,0.05604322714804818,0.45972820531279984,18.23,1,1,0.94
LATAM,matrix_32_raw_0_1,4,det_25_agreement,0.458493685768124,0.072453407170614,0.4550165430727871,18.86,1,0.99,0.79
LATAM,matrix_32_raw_0_1,4,det_23_support,0.444150119463276,0.05700004455875434,0.43674131393089555,20.4,1,1,0.77
LATAM,matrix_32_raw_0_1,4,det_26_novelty,0.43304561697291194,0.04624124013829372,0.4367839723134149,21.21,1,1,0.76
LATAM,matrix_32_raw_0_1,4,det_12_own_competence,0.4170713161249398,0.06646402972797165,0.4061959681978828,22.1,1,1,0.55
LATAM,matrix_32_raw_0_1,4,det_03_risk_profile,0.4047143695600363,0.056165531411579,0.39917238942326444,23.27,1,1,0.5
LATAM,matrix_32_raw_0_1,4,det_13_technical_fit,0.394878133481908,0.08201633479633144,0.38625190335070164,23.74,1,0.87,0.42
LATAM,matrix_32_raw_0_1,4,det_11_knowledge,0.3900193109589245,0.07924078227201178,0.3710919460894778,24.31,1,0.93,0.33
LATAM,matrix_32_raw_0_1,4,det_05_frugality,0.38274430826214395,0.07245112107646312,0.3792978378769042,24.33,1,0.89,0.43
LATAM,matrix_32_raw_0_1,4,det_17_adherence,0.3771470345618522,0.06287792369937377,0.3745713401796419,25.15,1,0.91,0.26
LATAM,matrix_32_raw_0_1,4,det_02_credit_score,0.31751367777057504,0.05371554094402362,0.3186587811719629,28.68,0.96,0.62,0.04
LATAM,matrix_32_raw_0_1,4,det_08_trust,0.31158164484943773,0.0685039294461649,0.30945699127981774,28.63,0.98,0.53,0.1
LATAM,matrix_32_raw_0_1,4,det_16_commitment,0.29436389502401217,0.0518045576474215,0.28574129597669384,29.67,1,0.41,0.04
LATAM,matrix_32_raw_0_1,4,det_32_own_significance,0.25753586818103247,0.05399549587250818,0.2528835267305498,30.7,0.83,0.18,0.01
LATAM,matrix_32_raw_0_1,5,det_31_approval,0.7929637653644599,0.03727887718793271,0.7939941442708709,1.82,1,1,1
LATAM,matrix_32_raw_0_1,5,det_06_climate_protection,0.7403336629950925,0.058271566883287926,0.7471094005029705,4.06,1,1,1
LATAM,matrix_32_raw_0_1,5,det_28_recognition,0.7356177848351093,0.033792167165670434,0.7379134134745131,4.24,1,1,1
LATAM,matrix_32_raw_0_1,5,det_19_wellbeing,0.7250264125979584,0.05734444477864084,0.7312116817162465,4.95,1,1,1
LATAM,matrix_32_raw_0_1,5,det_20_coziness,0.7007956484141558,0.05761986887218516,0.702274123558536,6.23,1,1,1
LATAM,matrix_32_raw_0_1,5,det_24_socialising,0.7000798823010494,0.04183907005849028,0.6982981861903199,6.25,1,1,1
LATAM,matrix_32_raw_0_1,5,det_14_environmental_concerns,0.6965268245241966,0.06511971101529491,0.6975676730101567,6.83,1,1,1
LATAM,matrix_32_raw_0_1,5,det_21_rights_and_duties,0.6868873726784803,0.05242287505935554,0.6982336043355574,7.04,1,1,1
LATAM,matrix_32_raw_0_1,5,det_07_legal,0.6827128865784011,0.0649534634881925,0.6850731348552923,7.02,1,1,1
LATAM,matrix_32_raw_0_1,5,det_30_authority,0.6263923530705201,0.044165994110736476,0.6239753852900836,10.12,1,1,1
LATAM,matrix_32_raw_0_1,5,det_01_profits,0.6000672349258895,0.062490950376460866,0.6080148522226692,11.38,1,1,0.98
LATAM,matrix_32_raw_0_1,5,det_04_added_value,0.5504007653331444,0.09214688600425645,0.5554720909955408,13.59,1,1,0.94
LATAM,matrix_32_raw_0_1,5,det_10_cost_efficiency,0.50414655567036,0.0881776514530981,0.497342804659217,15.63,1,1,0.91
LATAM,matrix_32_raw_0_1,5,det_09_safety,0.4904134330606745,0.07818865020390353,0.4885988880098513,16.33,1,1,0.84
LATAM,matrix_32_raw_0_1,5,det_29_trends,0.47931685298769033,0.05551864810938757,0.4843854766301971,16.65,1,1,0.92
LATAM,matrix_32_raw_0_1,5,det_13_technical_fit,0.47291832778384824,0.08839306367332875,0.47900873019306967,17.92,1,0.96,0.74
LATAM,matrix_32_raw_0_1,5,det_22_peer_pressure,0.46679664669411536,0.0630117731937133,0.4656297224632333,17.72,1,1,0.85
LATAM,matrix_32_raw_0_1,5,det_18_autonomy,0.4478665349878766,0.055008815694012766,0.4427446768295846,19.42,1,1,0.77
LATAM,matrix_32_raw_0_1,5,det_25_agreement,0.43880433838159966,0.06682127334881378,0.43400509308498375,20.46,1,1,0.69
LATAM,matrix_32_raw_0_1,5,det_05_frugality,0.4324530754870501,0.06534993278611244,0.4364053555008409,20.25,1,0.95,0.73
LATAM,matrix_32_raw_0_1,5,det_23_support,0.42876986587675414,0.04953534898200355,0.4180392086781405,21.11,1,1,0.66
LATAM,matrix_32_raw_0_1,5,det_27_fun,0.4189528847149057,0.03979094411333772,0.41215084273180114,21.7,1,1,0.66
LATAM,matrix_32_raw_0_1,5,det_03_risk_profile,0.41032411278421776,0.06276597073401348,0.4097736969802216,22.18,1,0.96,0.56
LATAM,matrix_32_raw_0_1,5,det_15_self_satisfaction,0.4093237949529555,0.055717652480152265,0.4074652988219235,22.64,1,0.99,0.55
LATAM,matrix_32_raw_0_1,5,det_26_novelty,0.398897506034969,0.053891559091602,0.40011641678345133,23.56,1,0.97,0.5
LATAM,matrix_32_raw_0_1,5,det_12_own_competence,0.38788468797017533,0.052432145128285444,0.39021042403806155,24.06,1,0.95,0.4
LATAM,matrix_32_raw_0_1,5,det_11_knowledge,0.3795269747027242,0.07552451842304671,0.36780490587076875,24.59,1,0.82,0.38
LATAM,matrix_32_raw_0_1,5,det_32_own_significance,0.36671971800722636,0.06219510375744155,0.36858443316510403,25.77,1,0.85,0.29
LATAM,matrix_32_raw_0_1,5,det_17_adherence,0.3550165567518276,0.06343445689822372,0.3536039941965332,26.32,1,0.78,0.25
LATAM,matrix_32_raw_0_1,5,det_08_trust,0.3254199814381748,0.05786283554631079,0.3254867504396746,28.34,0.99,0.65,0.1
LATAM,matrix_32_raw_0_1,5,det_02_credit_score,0.30299787209986573,0.06001881340828621,0.29497586997972436,29.17,0.98,0.48,0.06
LATAM,matrix_32_raw_0_1,5,det_16_commitment,0.2741102786524068,0.04757596683274941,0.2739540781841477,30.65,0.94,0.25,0.01
LATAM,matrix_32_raw_0_1,6,det_31_approval,0.7649875646578516,0.06285517609571016,0.772606079735193,3.35,1,1,1
LATAM,matrix_32_raw_0_1,6,det_06_climate_protection,0.7478235296662455,0.061436227201262864,0.7515284720664175,4.27,1,1,1
LATAM,matrix_32_raw_0_1,6,det_28_recognition,0.7452589081172091,0.034615547529920965,0.747035430869688,4.03,1,1,1
LATAM,matrix_32_raw_0_1,6,det_19_wellbeing,0.7379855693193279,0.05334748961855522,0.7444581175441906,4.49,1,1,1
LATAM,matrix_32_raw_0_1,6,det_14_environmental_concerns,0.7141691259996235,0.0700977511379735,0.7057748425885441,5.96,1,1,1
LATAM,matrix_32_raw_0_1,6,det_20_coziness,0.7067017981067415,0.05934286619488838,0.7104855096670996,6.33,1,1,1
LATAM,matrix_32_raw_0_1,6,det_21_rights_and_duties,0.6890639194594003,0.06222799061412534,0.6934355409086819,7.32,1,1,1
LATAM,matrix_32_raw_0_1,6,det_07_legal,0.6801303229704627,0.06768289020102866,0.6892000964326788,7.72,1,1,1
LATAM,matrix_32_raw_0_1,6,det_24_socialising,0.6713123265113957,0.05208886932759243,0.6743705537306433,8.3,1,1,1
LATAM,matrix_32_raw_0_1,6,det_30_authority,0.6514152348345003,0.0615261857984962,0.6455259175601771,9.02,1,1,1
LATAM,matrix_32_raw_0_1,6,det_04_added_value,0.5905295098518417,0.1079108534184177,0.5795250788622417,12.01,1,1,0.99
LATAM,matrix_32_raw_0_1,6,det_01_profits,0.5601960675950344,0.07394514122104417,0.5730204436697147,13.7,1,1,0.99
LATAM,matrix_32_raw_0_1,6,det_10_cost_efficiency,0.5422347659021729,0.10312058001027832,0.558562416222895,14.31,1,0.99,0.92
LATAM,matrix_32_raw_0_1,6,det_13_technical_fit,0.5237507756616626,0.09550992837117497,0.5418571979175202,15.62,1,0.99,0.86
LATAM,matrix_32_raw_0_1,6,det_09_safety,0.5153738199793205,0.08876279961020982,0.5125748761873359,15.75,1,1,0.89
LATAM,matrix_32_raw_0_1,6,det_25_agreement,0.5067017061716169,0.11206410148857132,0.48549963269979474,16.43,1,1,0.82
LATAM,matrix_32_raw_0_1,6,det_22_peer_pressure,0.4971415093656,0.06731168167613936,0.49599333759320885,16.35,1,1,0.93
LATAM,matrix_32_raw_0_1,6,det_29_trends,0.45128217721848957,0.07188517153746816,0.4549198847091782,19.03,1,1,0.73
LATAM,matrix_32_raw_0_1,6,det_05_frugality,0.4332364201514262,0.07640067033513616,0.4340187325447295,20.61,1,0.96,0.68
LATAM,matrix_32_raw_0_1,6,det_18_autonomy,0.42278379382142756,0.052720829569171686,0.42151206823206866,21.34,1,1,0.66
LATAM,matrix_32_raw_0_1,6,det_23_support,0.4196200162083266,0.06040500220107658,0.40562106059220127,21.61,1,0.99,0.55
LATAM,matrix_32_raw_0_1,6,det_03_risk_profile,0.407956424756346,0.05658737953408856,0.40464602264497807,22.23,1,0.97,0.52
LATAM,matrix_32_raw_0_1,6,det_15_self_satisfaction,0.40076306292350045,0.055211366981767845,0.39316521260681064,23.04,1,1,0.46
LATAM,matrix_32_raw_0_1,6,det_27_fun,0.396633428848079,0.05058736985434704,0.39401178810151616,23.25,1,0.97,0.45
LATAM,matrix_32_raw_0_1,6,det_11_knowledge,0.38836398141524914,0.08421443951222135,0.3724527308735772,23.78,1,0.87,0.42
LATAM,matrix_32_raw_0_1,6,det_26_novelty,0.3800272096458819,0.06038325788378946,0.37156793708928304,24.5,1,0.88,0.4
LATAM,matrix_32_raw_0_1,6,det_32_own_significance,0.37672278286885613,0.06334843614552771,0.3753189733832175,24.44,1,0.89,0.34
LATAM,matrix_32_raw_0_1,6,det_12_own_competence,0.36589163524480084,0.05304297289659514,0.3683603366388085,25.04,1,0.9,0.24
LATAM,matrix_32_raw_0_1,6,det_17_adherence,0.3557998978566864,0.07024339002358258,0.3539804773407803,25.87,1,0.8,0.25
LATAM,matrix_32_raw_0_1,6,det_08_trust,0.3177159818204718,0.059120501988850015,0.31297960434662775,28.33,0.99,0.6,0.09
LATAM,matrix_32_raw_0_1,6,det_02_credit_score,0.2965891873627447,0.06478539657622025,0.28999673515569263,29.03,0.94,0.44,0.07
LATAM,matrix_32_raw_0_1,6,det_16_commitment,0.26452656488159115,0.042403838246668574,0.2623091532695593,30.94,0.95,0.2,0
LATAM,matrix_32_raw_0_1,7,det_06_climate_protection,0.7703541015969669,0.07944783528711365,0.7662337711027785,4.15,1,1,1
LATAM,matrix_32_raw_0_1,7,det_19_wellbeing,0.7559844782118857,0.05672675805655709,0.7624679092127267,4.31,1,1,1
LATAM,matrix_32_raw_0_1,7,det_28_recognition,0.7487655172402281,0.04865072087079039,0.7521788483580223,4.42,1,1,1
LATAM,matrix_32_raw_0_1,7,det_14_environmental_concerns,0.7458531187673145,0.06956237510224136,0.7498969054480706,5,1,1,1
LATAM,matrix_32_raw_0_1,7,det_20_coziness,0.7254876372662463,0.05563999165731656,0.7310417039225127,6.01,1,1,1
LATAM,matrix_32_raw_0_1,7,det_31_approval,0.7207583416836593,0.07782986280228289,0.7260751690606891,6.26,1,1,1
LATAM,matrix_32_raw_0_1,7,det_21_rights_and_duties,0.7045431636251234,0.06323355477841261,0.7127817172001887,7.03,1,1,1
LATAM,matrix_32_raw_0_1,7,det_30_authority,0.6764229446697617,0.06630801690460926,0.6781720988839258,8.31,1,1,1
LATAM,matrix_32_raw_0_1,7,det_07_legal,0.6698248696102996,0.06637302265980721,0.6702444646881072,8.82,1,1,1
LATAM,matrix_32_raw_0_1,7,det_04_added_value,0.6510880095228355,0.13313366969074117,0.6513028627431964,9.79,1,1,0.99
LATAM,matrix_32_raw_0_1,7,det_24_socialising,0.6454815604590272,0.05947971694770004,0.651248133847286,10.16,1,1,1
LATAM,matrix_32_raw_0_1,7,det_25_agreement,0.5641588617537036,0.1315225256070715,0.5649312546329677,13.95,1,1,0.86
LATAM,matrix_32_raw_0_1,7,det_10_cost_efficiency,0.5529933134386475,0.1035577915186944,0.5590966341627248,14.31,1,0.99,0.93
LATAM,matrix_32_raw_0_1,7,det_13_technical_fit,0.537053235905943,0.09446735451632288,0.5474357093180391,15.27,1,0.98,0.94
LATAM,matrix_32_raw_0_1,7,det_22_peer_pressure,0.5368464769129135,0.07937615931612817,0.5361691154031074,14.81,1,1,0.97
LATAM,matrix_32_raw_0_1,7,det_01_profits,0.5298396642927683,0.07796913293389615,0.539263773749685,15.28,1,1,0.92
LATAM,matrix_32_raw_0_1,7,det_09_safety,0.5077744925857417,0.07898005300475598,0.4998851299082866,16.13,1,1,0.92
LATAM,matrix_32_raw_0_1,7,det_05_frugality,0.43973260994158553,0.10058729877594744,0.42916699578423195,20.28,1,0.91,0.65
LATAM,matrix_32_raw_0_1,7,det_11_knowledge,0.4359597356669971,0.13445356609573478,0.3956309957019948,20.93,1,0.91,0.47
LATAM,matrix_32_raw_0_1,7,det_29_trends,0.42778276846802,0.07454535023797317,0.42092972928579825,20.5,1,1,0.55
LATAM,matrix_32_raw_0_1,7,det_18_autonomy,0.4046173502332015,0.06687951671322742,0.3933728420697675,22.43,1,0.98,0.39
LATAM,matrix_32_raw_0_1,7,det_23_support,0.4041793390083969,0.0647026786486875,0.3919850484570857,22.2,1,0.97,0.46
LATAM,matrix_32_raw_0_1,7,det_03_risk_profile,0.4021775008750522,0.054240067184998624,0.40856093754774747,22.46,1,0.96,0.56
LATAM,matrix_32_raw_0_1,7,det_15_self_satisfaction,0.3987550982064969,0.05884751987783386,0.3849381162221691,22.75,1,0.98,0.42
LATAM,matrix_32_raw_0_1,7,det_17_adherence,0.36408879197077,0.07443706808953364,0.35748878877966433,24.98,1,0.83,0.27
LATAM,matrix_32_raw_0_1,7,det_26_novelty,0.36363889734742955,0.0593555309051116,0.3610166693528126,25.05,1,0.88,0.24
LATAM,matrix_32_raw_0_1,7,det_27_fun,0.3579634639637478,0.049700374144299016,0.3572544573270333,25.61,1,0.89,0.19
LATAM,matrix_32_raw_0_1,7,det_32_own_significance,0.3555104965066031,0.0683545913714728,0.34851672714466647,25.51,1,0.82,0.23
LATAM,matrix_32_raw_0_1,7,det_12_own_competence,0.35067722306972815,0.05351036562792105,0.3508961846288837,26,1,0.81,0.16
LATAM,matrix_32_raw_0_1,7,det_08_trust,0.33246402954964155,0.07037150750470764,0.3218245108525271,26.98,0.97,0.63,0.19
LATAM,matrix_32_raw_0_1,7,det_02_credit_score,0.31185816781357717,0.07042080655773397,0.3161497532329929,27.96,0.98,0.59,0.11
LATAM,matrix_32_raw_0_1,7,det_16_commitment,0.27295334216877676,0.053020967248466715,0.2629044734832509,30.35,0.95,0.34,0.03
LATAM,matrix_32_raw_0_1,8,det_06_climate_protection,0.7934665625826682,0.08784457473271283,0.7872619477522216,3.91,1,1,1
LATAM,matrix_32_raw_0_1,8,det_19_wellbeing,0.7610559130360249,0.05145335436073118,0.7619004339859647,4.7,1,1,1
LATAM,matrix_32_raw_0_1,8,det_28_recognition,0.756248305280336,0.04868348845736285,0.7623364517111909,4.66,1,1,1
LATAM,matrix_32_raw_0_1,8,det_14_environmental_concerns,0.7476544966025302,0.07476426561918427,0.757106654551493,5.48,1,1,1
LATAM,matrix_32_raw_0_1,8,det_20_coziness,0.7413348069294721,0.05844604087251168,0.7442864238482333,5.67,1,1,1
LATAM,matrix_32_raw_0_1,8,det_04_added_value,0.7237258752233829,0.11868102012392635,0.7527759931882019,6.64,1,1,1
LATAM,matrix_32_raw_0_1,8,det_21_rights_and_duties,0.7141235303848794,0.06586195664737617,0.7095343493748939,7,1,1,1
LATAM,matrix_32_raw_0_1,8,det_30_authority,0.695782046009447,0.06337328920459018,0.6955909537460514,8.21,1,1,1
LATAM,matrix_32_raw_0_1,8,det_31_approval,0.6840526071014257,0.07945519026869453,0.6831652570276162,8.7,1,1,1
LATAM,matrix_32_raw_0_1,8,det_07_legal,0.6758905599370969,0.06125745119887081,0.6777997157861065,9.1,1,1,1
LATAM,matrix_32_raw_0_1,8,det_25_agreement,0.631041358506632,0.11587659022967467,0.6395433326242598,11.23,1,1,0.96
LATAM,matrix_32_raw_0_1,8,det_24_socialising,0.6297922565928705,0.06462161517475927,0.6343355593081113,11.51,1,1,1
LATAM,matrix_32_raw_0_1,8,det_11_knowledge,0.5499038795806852,0.15974763410523096,0.5566587643354491,15.13,1,0.97,0.76
LATAM,matrix_32_raw_0_1,8,det_22_peer_pressure,0.5472602961494059,0.08069420781278872,0.5479800311303967,14.71,1,1,0.97
LATAM,matrix_32_raw_0_1,8,det_10_cost_efficiency,0.5122848814260851,0.10765482068970786,0.49929216246492225,16.33,1,0.99,0.81
LATAM,matrix_32_raw_0_1,8,det_13_technical_fit,0.5090103767721653,0.09320945475339086,0.5251561389401858,16.79,1,0.98,0.86
LATAM,matrix_32_raw_0_1,8,det_01_profits,0.5014888270082588,0.09482185560239444,0.5140242269093496,17.07,1,0.99,0.83
LATAM,matrix_32_raw_0_1,8,det_05_frugality,0.49518641248370676,0.14244671753144708,0.4827843400754456,17.76,1,0.92,0.73
LATAM,matrix_32_raw_0_1,8,det_09_safety,0.4845328745509554,0.06684035217589299,0.4723458028081383,17.29,1,1,0.91
LATAM,matrix_32_raw_0_1,8,det_29_trends,0.4093812447719172,0.06369475659196422,0.4030180585372508,21.44,1,1,0.51
LATAM,matrix_32_raw_0_1,8,det_03_risk_profile,0.40405218861630204,0.060934081822754414,0.39415158476405143,21.98,1,0.99,0.48
LATAM,matrix_32_raw_0_1,8,det_17_adherence,0.38964885063603605,0.08676596405729808,0.3872088184544614,23.18,0.99,0.83,0.44
LATAM,matrix_32_raw_0_1,8,det_23_support,0.38746658862038746,0.07413344289488692,0.38363720208794067,23.48,1,0.89,0.38
LATAM,matrix_32_raw_0_1,8,det_15_self_satisfaction,0.38563231619771593,0.06307232421034298,0.37722948877704043,23.47,1,0.94,0.39
LATAM,matrix_32_raw_0_1,8,det_18_autonomy,0.37859291477932355,0.0573186107842282,0.3743199315177782,23.8,1,0.97,0.32
LATAM,matrix_32_raw_0_1,8,det_26_novelty,0.36287938109159873,0.06635307182793895,0.35625971642453813,25.09,1,0.88,0.21
LATAM,matrix_32_raw_0_1,8,det_32_own_significance,0.35196374173740075,0.07034299583889536,0.3518081781731879,25.76,1,0.74,0.21
LATAM,matrix_32_raw_0_1,8,det_12_own_competence,0.3401789772934645,0.05243057617279968,0.33034355360215284,26.38,1,0.81,0.12
LATAM,matrix_32_raw_0_1,8,det_08_trust,0.3285268598174205,0.06948452669965283,0.3172922700823362,27.15,1,0.66,0.15
LATAM,matrix_32_raw_0_1,8,det_02_credit_score,0.3280144134090825,0.07876858875397241,0.33180827419761194,26.79,0.96,0.68,0.13
LATAM,matrix_32_raw_0_1,8,det_27_fun,0.3270310997786089,0.04309519129475582,0.3264391241197837,27.69,1,0.68,0.05
LATAM,matrix_32_raw_0_1,8,det_16_commitment,0.276480826366495,0.05343073454883174,0.27087090689838433,29.9,0.97,0.26,0.02
LATAM,matrix_32_z_abs,2,det_24_socialising,0.6211164286312836,0.06162348359245844,0.63118862553377,2.28,1,1,0.99
LATAM,matrix_32_z_abs,2,det_29_trends,0.5660097173217962,0.08077896955624267,0.5740481317397372,4.47,1,0.98,0.97
LATAM,matrix_32_z_abs,2,det_28_recognition,0.5354655443204382,0.07930522694721842,0.5526908372447574,5.91,1,0.98,0.94
LATAM,matrix_32_z_abs,2,det_22_peer_pressure,0.5139950207820907,0.053186812710800224,0.511865201008904,6.56,1,1,0.98
LATAM,matrix_32_z_abs,2,det_30_authority,0.5129319294071607,0.05677298797908095,0.5217572937228807,6.63,1,1,0.95
LATAM,matrix_32_z_abs,2,det_09_safety,0.49450538537635225,0.1003933016110274,0.5130432087087111,8.18,1,0.95,0.81
LATAM,matrix_32_z_abs,2,det_31_approval,0.47031809187390844,0.07858602049641612,0.4828265094109169,9.77,0.99,0.98,0.83
LATAM,matrix_32_z_abs,2,det_17_adherence,0.45501285172267497,0.08800705105740891,0.47723787098292414,10.46,1,0.92,0.75
LATAM,matrix_32_z_abs,2,det_05_frugality,0.4470654444000447,0.0829414037734375,0.4606056741235838,11.11,0.99,0.93,0.75
LATAM,matrix_32_z_abs,2,det_04_added_value,0.4306161346199411,0.11088820615055028,0.43215432076792837,12.65,1,0.85,0.57
LATAM,matrix_32_z_abs,2,det_14_environmental_concerns,0.40828973451126727,0.1302089726484129,0.39288489668965143,14.58,0.99,0.74,0.49
LATAM,matrix_32_z_abs,2,det_20_coziness,0.40652566331382844,0.0700814327836976,0.409427902081967,13.77,1,0.93,0.56
LATAM,matrix_32_z_abs,2,det_27_fun,0.39617494669211856,0.06447693478354381,0.4013493316022614,14.96,1,0.92,0.51
LATAM,matrix_32_z_abs,2,det_15_self_satisfaction,0.39392240819473645,0.10487162107617846,0.3923307384687127,15.03,0.98,0.81,0.47
LATAM,matrix_32_z_abs,2,det_25_agreement,0.39231968388139243,0.06482662987860487,0.393695355999517,15,1,0.95,0.46
LATAM,matrix_32_z_abs,2,det_23_support,0.3800356064140475,0.060491534366751504,0.3723560478116728,15.96,1,0.94,0.33
LATAM,matrix_32_z_abs,2,det_12_own_competence,0.368507008811891,0.10832267155532191,0.380264313225818,16.78,0.93,0.73,0.41
LATAM,matrix_32_z_abs,2,det_07_legal,0.35354123146714805,0.055166361543144325,0.34684154842277914,17.98,1,0.81,0.2
LATAM,matrix_32_z_abs,2,det_06_climate_protection,0.3528232780702131,0.12499793357425874,0.35079104487446544,18.36,0.86,0.65,0.37
LATAM,matrix_32_z_abs,2,det_19_wellbeing,0.3436130848237771,0.08944641659379302,0.340046399218612,19.09,0.95,0.71,0.26
LATAM,matrix_32_z_abs,2,det_16_commitment,0.34326366835218924,0.08237094351141738,0.34692835009749223,19.11,0.94,0.68,0.27
LATAM,matrix_32_z_abs,2,det_11_knowledge,0.32899787191886914,0.09865595238188625,0.33702025742509334,20.14,0.92,0.55,0.25
LATAM,matrix_32_z_abs,2,det_32_own_significance,0.3108085644855982,0.05848200803835277,0.3047632363312345,21.55,1,0.52,0.1
LATAM,matrix_32_z_abs,2,det_26_novelty,0.3091086024870039,0.05665410524607107,0.3045890115545826,21.51,1,0.53,0.06
LATAM,matrix_32_z_abs,2,det_08_trust,0.30214727123466295,0.048638606489655505,0.2953316897945847,22.22,0.98,0.47,0.03
LATAM,matrix_32_z_abs,2,det_18_autonomy,0.2949121882304721,0.058802809124157654,0.28811300519845917,23.08,0.98,0.42,0.06
LATAM,matrix_32_z_abs,2,det_03_risk_profile,0.2866279392105418,0.07512939335887799,0.2886112674101901,23.05,0.86,0.44,0.07
LATAM,matrix_32_z_abs,2,det_21_rights_and_duties,0.2738716870214595,0.06435014051754268,0.26447759374844415,24.57,0.92,0.28,0.06
LATAM,matrix_32_z_abs,2,det_13_technical_fit,0.240516518074521,0.05301927760909992,0.2304263531523562,26.96,0.8,0.1,0.01
LATAM,matrix_32_z_abs,2,det_02_credit_score,0.22316992100456504,0.07031851976629114,0.21488589650260453,27.57,0.61,0.18,0.01
LATAM,matrix_32_z_abs,2,det_01_profits,0.2132655375857352,0.05848517070600893,0.20320330954251364,28.26,0.56,0.06,0.01
LATAM,matrix_32_z_abs,2,det_10_cost_efficiency,0.1573048397786046,0.06396902576409576,0.15047145209791454,30.45,0.26,0.02,0
LATAM,matrix_32_z_abs,3,det_14_environmental_concerns,0.6559982450558843,0.08639405557067345,0.6735513145325718,2.63,1,0.99,0.98
LATAM,matrix_32_z_abs,3,det_24_socialising,0.6356889347260938,0.04565393684909633,0.6411732735118703,2.79,1,1,1
LATAM,matrix_32_z_abs,3,det_09_safety,0.5894475937332682,0.08163691002530431,0.6037793980206123,5.1,1,1,0.97
LATAM,matrix_32_z_abs,3,det_29_trends,0.5838143605066765,0.052594769789211765,0.5885427210491478,4.84,1,1,1
LATAM,matrix_32_z_abs,3,det_28_recognition,0.5541673089848147,0.058570761613159,0.5576795160923143,6.31,1,1,0.98
LATAM,matrix_32_z_abs,3,det_04_added_value,0.5476655130068545,0.06680894757994343,0.5539899097632832,6.96,1,1,0.96
LATAM,matrix_32_z_abs,3,det_06_climate_protection,0.5408416777251601,0.07313474307784053,0.5555587195993259,7.51,0.99,0.98,0.96
LATAM,matrix_32_z_abs,3,det_22_peer_pressure,0.5116165805016643,0.050604925822104144,0.5086885848686186,8.82,1,1,0.98
LATAM,matrix_32_z_abs,3,det_31_approval,0.4961755199439945,0.059813437343102294,0.5096252093806892,9.9,1,1,0.93
LATAM,matrix_32_z_abs,3,det_30_authority,0.4914209978505588,0.04638513735835726,0.49552125490601795,9.92,1,1,0.97
LATAM,matrix_32_z_abs,3,det_17_adherence,0.4710579306863342,0.07717077116916356,0.47026020163895943,11.58,0.99,0.98,0.82
LATAM,matrix_32_z_abs,3,det_11_knowledge,0.4415052918070537,0.084806190762653,0.4556645479854561,13.29,1,0.92,0.73
LATAM,matrix_32_z_abs,3,det_15_self_satisfaction,0.4208960727969747,0.10643678738596764,0.4307974076676112,14.88,0.98,0.84,0.63
LATAM,matrix_32_z_abs,3,det_12_own_competence,0.4108906429410197,0.1077840527629609,0.42553402950081387,15.54,0.97,0.82,0.56
LATAM,matrix_32_z_abs,3,det_27_fun,0.38282875337980476,0.05669072898433197,0.3752595280209464,16.74,1,0.94,0.37
LATAM,matrix_32_z_abs,3,det_05_frugality,0.3809365619093552,0.0671204786507663,0.3634761294804971,16.97,1,0.93,0.38
LATAM,matrix_32_z_abs,3,det_20_coziness,0.37339305443495924,0.08066238621878716,0.38105852017110836,17.9,1,0.78,0.39
LATAM,matrix_32_z_abs,3,det_19_wellbeing,0.36344048134896756,0.08962159092234909,0.3590227697174645,18.89,0.97,0.72,0.38
LATAM,matrix_32_z_abs,3,det_25_agreement,0.3620750759088723,0.06498315062730921,0.35832376939076366,18.56,1,0.79,0.31
LATAM,matrix_32_z_abs,3,det_23_support,0.3486032186854537,0.06033638257009507,0.34842454608270934,19.56,1,0.77,0.2
LATAM,matrix_32_z_abs,3,det_07_legal,0.3406505535161873,0.058047244914387355,0.32708311048610483,20.07,1,0.69,0.18
LATAM,matrix_32_z_abs,3,det_18_autonomy,0.3185780774583549,0.07009869276526946,0.3124252547662072,21.68,0.98,0.56,0.12
LATAM,matrix_32_z_abs,3,det_16_commitment,0.29645010691536083,0.07211666599978839,0.286361674230752,23.3,0.94,0.41,0.09
LATAM,matrix_32_z_abs,3,det_26_novelty,0.2848697526301207,0.050167278829707694,0.27543382243958664,24.05,0.98,0.31,0.01
LATAM,matrix_32_z_abs,3,det_32_own_significance,0.27362594819237973,0.049173348141950575,0.26661413742255546,24.89,0.95,0.3,0
LATAM,matrix_32_z_abs,3,det_08_trust,0.27111990671415853,0.04956582071848688,0.26823020742354836,25.04,0.96,0.25,0.02
LATAM,matrix_32_z_abs,3,det_03_risk_profile,0.2702468663468067,0.08102199308178272,0.2599452678969728,24.75,0.79,0.31,0.09
LATAM,matrix_32_z_abs,3,det_21_rights_and_duties,0.2616729220541057,0.07006264477503331,0.25296417626890166,25.48,0.8,0.25,0.06
LATAM,matrix_32_z_abs,3,det_02_credit_score,0.2548086334144074,0.07163464883221489,0.245055341423417,25.63,0.79,0.24,0.03
LATAM,matrix_32_z_abs,3,det_13_technical_fit,0.24583281286870903,0.07839048199712487,0.22867177594778126,26.5,0.71,0.19,0.04
LATAM,matrix_32_z_abs,3,det_10_cost_efficiency,0.20757475959974048,0.0914735471112038,0.18509265049459656,28.55,0.4,0.07,0.05
LATAM,matrix_32_z_abs,3,det_01_profits,0.19823435091447136,0.0552550744905488,0.18906183715383926,29.37,0.4,0.04,0
LATAM,matrix_32_z_abs,4,det_14_environmental_concerns,0.6768326817061575,0.06252537596642184,0.6756012590538425,1.98,1,1,1
LATAM,matrix_32_z_abs,4,det_24_socialising,0.6149956877585613,0.05555819290345756,0.6167779284803475,3.8,1,1,1
LATAM,matrix_32_z_abs,4,det_09_safety,0.5783401415137861,0.09523617885571503,0.5775797762807592,6.09,1,1,0.95
LATAM,matrix_32_z_abs,4,det_28_recognition,0.5665929452445504,0.06399681416234548,0.5690713654546296,6.17,1,0.99,0.99
LATAM,matrix_32_z_abs,4,det_29_trends,0.566193393755513,0.05978057319405542,0.564566952624241,6.28,1,1,1
LATAM,matrix_32_z_abs,4,det_06_climate_protection,0.5601370690710687,0.0546868682789651,0.5646153280772717,6.67,1,1,1
LATAM,matrix_32_z_abs,4,det_04_added_value,0.5517597733397194,0.06398259670806963,0.5495100711138827,6.94,1,1,0.99
LATAM,matrix_32_z_abs,4,det_31_approval,0.5122332087944064,0.0598821752322372,0.5173911834506907,9.25,1,1,0.95
LATAM,matrix_32_z_abs,4,det_22_peer_pressure,0.5101171136928754,0.05231870933736712,0.5099038222798153,9.54,1,1,0.99
LATAM,matrix_32_z_abs,4,det_30_authority,0.4836208574068036,0.05355796278909669,0.48779932944708704,11.51,1,1,0.92
LATAM,matrix_32_z_abs,4,det_17_adherence,0.46069019707562253,0.08795221438749398,0.47354098753389173,12.82,0.99,0.96,0.74
LATAM,matrix_32_z_abs,4,det_15_self_satisfaction,0.42704259624531954,0.09598480290406759,0.4249103394360973,15.06,0.99,0.92,0.59
LATAM,matrix_32_z_abs,4,det_20_coziness,0.4225501316014354,0.11940752583158437,0.397790627400467,15.6,1,0.86,0.49
LATAM,matrix_32_z_abs,4,det_11_knowledge,0.40482110616956724,0.07763731582732986,0.405714153981908,16.56,1,0.91,0.58
LATAM,matrix_32_z_abs,4,det_05_frugality,0.393407134792597,0.08285588926935337,0.370892207278808,17.5,1,0.91,0.4
LATAM,matrix_32_z_abs,4,det_12_own_competence,0.38460666601471555,0.09740387916636532,0.3955880127207897,18.03,0.97,0.77,0.45
LATAM,matrix_32_z_abs,4,det_18_autonomy,0.3833754224729577,0.09828326840543945,0.3930756042571849,18.24,0.97,0.76,0.47
LATAM,matrix_32_z_abs,4,det_27_fun,0.37244270772313803,0.05885904694823894,0.3665509894827093,18.86,1,0.9,0.31
LATAM,matrix_32_z_abs,4,det_19_wellbeing,0.3723071559952909,0.10461565594733575,0.3548318211250649,19.34,0.98,0.73,0.38
LATAM,matrix_32_z_abs,4,det_25_agreement,0.36551930137182004,0.06323244538507547,0.3643407391626619,19.5,1,0.84,0.3
LATAM,matrix_32_z_abs,4,det_23_support,0.35615538644165806,0.0615671948085405,0.35297878595352805,19.94,1,0.84,0.22
LATAM,matrix_32_z_abs,4,det_10_cost_efficiency,0.34032801054745415,0.14747394119461987,0.30840374052618863,21.05,0.8,0.51,0.34
LATAM,matrix_32_z_abs,4,det_13_technical_fit,0.32558921382787515,0.1435718945857649,0.26989990879832654,22.35,0.85,0.4,0.28
LATAM,matrix_32_z_abs,4,det_03_risk_profile,0.3198442049652908,0.10078180299200118,0.29847813022680525,22.75,0.85,0.49,0.24
LATAM,matrix_32_z_abs,4,det_07_legal,0.31548636772472993,0.054022829514033685,0.3013932301191905,23.06,1,0.53,0.07
LATAM,matrix_32_z_abs,4,det_21_rights_and_duties,0.30596706733833506,0.10625451941121386,0.27985703608644175,23.77,0.87,0.39,0.17
LATAM,matrix_32_z_abs,4,det_16_commitment,0.2920232491196819,0.07010549408458694,0.2871996028096965,24.74,0.94,0.42,0.1
LATAM,matrix_32_z_abs,4,det_32_own_significance,0.28745111554532765,0.05632842658528524,0.28074522953033837,25.01,0.96,0.39,0.03
LATAM,matrix_32_z_abs,4,det_26_novelty,0.2831389448860212,0.0461151789817133,0.2737009342981368,25.44,0.99,0.34,0.01
LATAM,matrix_32_z_abs,4,det_02_credit_score,0.2763068833464948,0.0699941297067683,0.28482489147846524,25.65,0.82,0.38,0.01
LATAM,matrix_32_z_abs,4,det_08_trust,0.2753017584483425,0.06171177058553831,0.26664233532106457,25.79,0.93,0.31,0.04
LATAM,matrix_32_z_abs,4,det_01_profits,0.22374743755569815,0.06714500550805999,0.20918702675915746,28.71,0.56,0.11,0.02
LATAM,matrix_32_z_abs,5,det_14_environmental_concerns,0.6804690849484861,0.0645290747194915,0.683117538795344,2.11,1,1,1
LATAM,matrix_32_z_abs,5,det_24_socialising,0.6043750316028813,0.06101658387894597,0.6111002471591671,4.9,1,1,0.99
LATAM,matrix_32_z_abs,5,det_28_recognition,0.5770316614493405,0.059725081957401206,0.5735358299797164,6.06,1,1,1
LATAM,matrix_32_z_abs,5,det_06_climate_protection,0.566312596993732,0.06017104222213452,0.5691170554901017,6.68,1,1,0.99
LATAM,matrix_32_z_abs,5,det_09_safety,0.5576543181174377,0.11291763114034177,0.5548259062250469,8.09,1,0.99,0.89
LATAM,matrix_32_z_abs,5,det_04_added_value,0.5488039730526482,0.06660237598308218,0.5433657223651305,7.65,1,1,0.99
LATAM,matrix_32_z_abs,5,det_29_trends,0.5337953071793955,0.07165557700365285,0.5356102569103701,8.94,1,1,0.96
LATAM,matrix_32_z_abs,5,det_31_approval,0.5261120429519786,0.06121583060029247,0.5291544626487716,9.26,1,1,0.97
LATAM,matrix_32_z_abs,5,det_22_peer_pressure,0.5103642709267043,0.05643451735600226,0.5087268433283283,10.15,1,1,0.96
LATAM,matrix_32_z_abs,5,det_20_coziness,0.4818293357572516,0.10943380187157253,0.4929742927397687,12.11,1,0.97,0.72
LATAM,matrix_32_z_abs,5,det_30_authority,0.48103753004559063,0.05813666408913407,0.48012990182437704,12.21,1,0.99,0.93
LATAM,matrix_32_z_abs,5,det_15_self_satisfaction,0.4441874293726025,0.11304902581244329,0.43366311904056454,15,1,0.91,0.6
LATAM,matrix_32_z_abs,5,det_17_adherence,0.4321528857705684,0.08508635117256239,0.4310002328258129,15.11,0.99,0.96,0.61
LATAM,matrix_32_z_abs,5,det_13_technical_fit,0.42858842658596086,0.1717738533771836,0.42170382638119674,16.13,0.91,0.69,0.52
LATAM,matrix_32_z_abs,5,det_10_cost_efficiency,0.4186580978864396,0.14418863485756406,0.4203928773446329,16.51,0.92,0.74,0.55
LATAM,matrix_32_z_abs,5,det_05_frugality,0.41196305168302133,0.09993189025665446,0.40486887715821857,17.03,1,0.91,0.51
LATAM,matrix_32_z_abs,5,det_18_autonomy,0.4082491655516855,0.10547788968217527,0.3976933160375491,17.5,0.99,0.9,0.49
LATAM,matrix_32_z_abs,5,det_19_wellbeing,0.40766048290170637,0.12929326578417596,0.38827488491101014,17.94,0.98,0.81,0.47
LATAM,matrix_32_z_abs,5,det_11_knowledge,0.37380154832498946,0.0752219658749842,0.37230993388943034,19.57,1,0.86,0.33
LATAM,matrix_32_z_abs,5,det_27_fun,0.3714357119650909,0.0602270626677699,0.3704538474663942,19.74,0.99,0.87,0.33
LATAM,matrix_32_z_abs,5,det_21_rights_and_duties,0.3621132060350873,0.1290964148346543,0.3200786125619913,20.94,0.96,0.55,0.34
LATAM,matrix_32_z_abs,5,det_25_agreement,0.3617822726582328,0.062323674086095064,0.3550349373372635,20.5,1,0.87,0.24
LATAM,matrix_32_z_abs,5,det_12_own_competence,0.3614604097381271,0.10021066756612163,0.3596612991105652,20.69,0.98,0.68,0.32
LATAM,matrix_32_z_abs,5,det_23_support,0.3610154520759859,0.06528124228861884,0.34959577295678557,20.53,1,0.87,0.17
LATAM,matrix_32_z_abs,5,det_03_risk_profile,0.34993670696927537,0.09896911710317428,0.332607244710526,21.46,0.95,0.67,0.3
LATAM,matrix_32_z_abs,5,det_07_legal,0.3068316838175167,0.05275816202291871,0.3043284384770272,24.9,1,0.52,0.05
LATAM,matrix_32_z_abs,5,det_32_own_significance,0.29916559647278995,0.06193297301049136,0.29714914895921674,25.4,0.98,0.48,0.08
LATAM,matrix_32_z_abs,5,det_16_commitment,0.29584890191602475,0.07751424262349346,0.2787606376813222,25.54,0.92,0.41,0.1
LATAM,matrix_32_z_abs,5,det_02_credit_score,0.29450236412827513,0.08329994053835246,0.2972516550830275,25.18,0.87,0.47,0.11
LATAM,matrix_32_z_abs,5,det_26_novelty,0.2840215988489631,0.047801186273825035,0.2757814339317048,26.54,0.99,0.34,0.01
LATAM,matrix_32_z_abs,5,det_08_trust,0.2827275769349802,0.061330786228521054,0.2745627841569025,26.42,0.93,0.35,0.04
LATAM,matrix_32_z_abs,5,det_01_profits,0.263474790268947,0.08298025314848193,0.2570424478117326,27.21,0.75,0.33,0.05
LATAM,matrix_32_z_abs,6,det_14_environmental_concerns,0.6808371742811347,0.073259861749192,0.6849188696478747,2.68,1,1,0.99
LATAM,matrix_32_z_abs,6,det_28_recognition,0.5853952512987178,0.06055281241712219,0.5813806955314027,6.42,1,1,1
LATAM,matrix_32_z_abs,6,det_24_socialising,0.5799648289055181,0.07668948357135054,0.5920197181687927,6.41,1,1,0.98
LATAM,matrix_32_z_abs,6,det_06_climate_protection,0.5733810911535114,0.06203576565526552,0.5740138234247757,7,1,1,1
LATAM,matrix_32_z_abs,6,det_09_safety,0.5557100004020199,0.12309205970126488,0.5472586353937763,8.87,1,1,0.87
LATAM,matrix_32_z_abs,6,det_31_approval,0.5433984105425472,0.073894955273778,0.5494379338783868,8.79,1,1,0.96
LATAM,matrix_32_z_abs,6,det_04_added_value,0.5401426954526718,0.06988838177107967,0.5393746392620329,8.95,1,1,0.98
LATAM,matrix_32_z_abs,6,det_13_technical_fit,0.5279268345873046,0.15765002275926515,0.5624530849936419,10.74,0.98,0.88,0.76
LATAM,matrix_32_z_abs,6,det_20_coziness,0.5139856797742127,0.10536671186449793,0.534976469574435,10.6,1,0.99,0.81
LATAM,matrix_32_z_abs,6,det_29_trends,0.5003769358126692,0.08514221581174901,0.4982086910176481,11.22,1,1,0.88
LATAM,matrix_32_z_abs,6,det_22_peer_pressure,0.4967275072804607,0.07620148492677561,0.5147140380863131,11.61,1,0.99,0.88
LATAM,matrix_32_z_abs,6,det_30_authority,0.4648079837998358,0.07856068544476796,0.46616584919958565,13.81,1,0.94,0.8
LATAM,matrix_32_z_abs,6,det_10_cost_efficiency,0.4624866613506505,0.1342810042088557,0.46826692729880426,14.17,0.98,0.86,0.67
LATAM,matrix_32_z_abs,6,det_15_self_satisfaction,0.452824133194501,0.11968073470801972,0.43729340728445976,14.68,1,0.92,0.63
LATAM,matrix_32_z_abs,6,det_19_wellbeing,0.43815751537998654,0.13357431078308896,0.4150521524132351,16.37,0.99,0.87,0.56
LATAM,matrix_32_z_abs,6,det_05_frugality,0.4266095799949352,0.11473108915635015,0.4028120500234424,16.5,1,0.91,0.51
LATAM,matrix_32_z_abs,6,det_18_autonomy,0.42527358264427045,0.12084178951447191,0.3964463440078654,16.9,1,0.92,0.48
LATAM,matrix_32_z_abs,6,det_17_adherence,0.403213147575783,0.084879188211833545,0.4004622432911632,17.7,1,0.87,0.5
LATAM,matrix_32_z_abs,6,det_21_rights_and_duties,0.4014711913921818,0.13886187936241828,0.3560069119305672,18.79,0.97,0.7,0.4
LATAM,matrix_32_z_abs,6,det_25_agreement,0.37697233291455445,0.10085101780949784,0.3599346304784639,20.15,0.99,0.78,0.32
LATAM,matrix_32_z_abs,6,det_23_support,0.3730413458366093,0.08502432650282661,0.35919695106778415,20.5,1,0.85,0.28
LATAM,matrix_32_z_abs,6,det_27_fun,0.3598978419016198,0.062056291027629586,0.35066162449405625,21.19,1,0.86,0.25
LATAM,matrix_32_z_abs,6,det_03_risk_profile,0.35416924118333526,0.09560258482288386,0.35054889672256995,21.47,0.96,0.67,0.33
LATAM,matrix_32_z_abs,6,det_12_own_competence,0.35368694910515897,0.10451629266616376,0.32913225579830946,21.99,0.96,0.65,0.26
LATAM,matrix_32_z_abs,6,det_11_knowledge,0.3444967570558163,0.06363903056509694,0.3428306488810016,22.04,0.99,0.76,0.19
LATAM,matrix_32_z_abs,6,det_02_credit_score,0.3212605553265306,0.08642045735916483,0.300297358397173,24.04,0.97,0.5,0.19
LATAM,matrix_32_z_abs,6,det_32_own_significance,0.32067812069450374,0.06217552559286815,0.3066461595977646,24.36,0.99,0.55,0.1
LATAM,matrix_32_z_abs,6,det_16_commitment,0.31624207196767357,0.09239896380324866,0.296637337385393,24.74,0.96,0.47,0.15
LATAM,matrix_32_z_abs,6,det_07_legal,0.31132620296791697,0.06838999259868424,0.29538540703700755,25.09,0.98,0.46,0.09
LATAM,matrix_32_z_abs,6,det_01_profits,0.2949055425400579,0.08200834074203459,0.28371346935019937,26.08,0.9,0.41,0.13
LATAM,matrix_32_z_abs,6,det_08_trust,0.28791574066474473,0.05693404815242188,0.2821016360868347,26.89,0.94,0.37,0.04
LATAM,matrix_32_z_abs,6,det_26_novelty,0.28091500053553453,0.05382086369057097,0.2761597495907648,27.25,0.96,0.32,0.02
LATAM,matrix_32_z_abs,7,det_14_environmental_concerns,0.6703485611667783,0.07829360795038078,0.6807125356804491,3.38,1,1,1
LATAM,matrix_32_z_abs,7,det_06_climate_protection,0.5835964051585362,0.07423279943720079,0.5840767084411937,7.16,1,1,0.99
LATAM,matrix_32_z_abs,7,det_28_recognition,0.5807135957127433,0.0827931776050408,0.5826464470096505,7.36,1,1,0.97
LATAM,matrix_32_z_abs,7,det_24_socialising,0.5633142296991183,0.08668362812304489,0.5711724812160084,8.23,1,1,0.96
LATAM,matrix_32_z_abs,7,det_13_technical_fit,0.5589437973599558,0.13598644962691564,0.5820269111058829,9.39,1,0.94,0.88
LATAM,matrix_32_z_abs,7,det_31_approval,0.5512724834003677,0.08085697697926732,0.5540661383155849,8.69,1,1,0.94
LATAM,matrix_32_z_abs,7,det_04_added_value,0.5295357132241525,0.0727599710207648,0.5320009953534397,10.04,1,1,0.93
LATAM,matrix_32_z_abs,7,det_20_coziness,0.5154817927589298,0.102949177766466,0.5283419405105534,11.14,1,0.99,0.85
LATAM,matrix_32_z_abs,7,det_19_wellbeing,0.5138201210166402,0.1650530328872691,0.49444576223462,12.55,0.99,0.89,0.74
LATAM,matrix_32_z_abs,7,det_10_cost_efficiency,0.5007005566236913,0.12186507532130844,0.5076765653922375,12.26,1,0.91,0.78
LATAM,matrix_32_z_abs,7,det_09_safety,0.5005669554855127,0.12263203567630476,0.48012824728392256,12.51,1,1,0.77
LATAM,matrix_32_z_abs,7,det_29_trends,0.49336609125210634,0.1010411399960792,0.4872055109748257,12.62,1,0.99,0.8
LATAM,matrix_32_z_abs,7,det_22_peer_pressure,0.4827384617302238,0.07775284628524713,0.49562630657983664,13.07,1,0.99,0.83
LATAM,matrix_32_z_abs,7,det_05_frugality,0.4647356985977848,0.1305777963661999,0.4479998560191636,14.85,1,0.93,0.62
LATAM,matrix_32_z_abs,7,det_21_rights_and_duties,0.46192949353616136,0.16281420869564533,0.4590078193205901,15.37,0.97,0.76,0.6
LATAM,matrix_32_z_abs,7,det_18_autonomy,0.4523038521014964,0.14313476817065693,0.4107740801123142,15.95,1,0.9,0.53
LATAM,matrix_32_z_abs,7,det_30_authority,0.44293343724828643,0.08121389687200743,0.4503544843258338,15.54,1,0.95,0.69
LATAM,matrix_32_z_abs,7,det_15_self_satisfaction,0.43498271239609,0.11922514388355675,0.42263748228533043,16.6,1,0.87,0.56
LATAM,matrix_32_z_abs,7,det_23_support,0.41023985133860685,0.11867196165157695,0.37867638724708674,18.48,1,0.88,0.4
LATAM,matrix_32_z_abs,7,det_25_agreement,0.4096474311048541,0.11608575581711274,0.3836828273385605,18.24,0.99,0.86,0.41
LATAM,matrix_32_z_abs,7,det_17_adherence,0.3880176879277937,0.08172666811942507,0.3731898716571873,19.69,1,0.88,0.45
LATAM,matrix_32_z_abs,7,det_12_own_competence,0.371843600463368,0.12035394583068973,0.35121194315930027,20.93,0.96,0.69,0.28
LATAM,matrix_32_z_abs,7,det_27_fun,0.35715055305053084,0.06365616098726497,0.35389055608226094,21.88,1,0.8,0.25
LATAM,matrix_32_z_abs,7,det_02_credit_score,0.3548025862914911,0.11100466429375506,0.32662516494332927,22.09,0.97,0.62,0.3
LATAM,matrix_32_z_abs,7,det_07_legal,0.3376282519500435,0.08598682286580035,0.3201645971743098,23.48,0.99,0.62,0.25
LATAM,matrix_32_z_abs,7,det_03_risk_profile,0.33609196495889976,0.08975457792514704,0.3188493655170385,23.43,0.96,0.59,0.23
LATAM,matrix_32_z_abs,7,det_16_commitment,0.33474278008089475,0.09796896668675904,0.3203286509302432,23.57,0.96,0.58,0.22
LATAM,matrix_32_z_abs,7,det_32_own_significance,0.32186334205239137,0.07066002821090768,0.30653758735087255,24.55,1,0.53,0.15
LATAM,matrix_32_z_abs,7,det_11_knowledge,0.31804551912142615,0.06293198896980812,0.3093792059048671,24.93,0.98,0.61,0.12
LATAM,matrix_32_z_abs,7,det_01_profits,0.3069489518255084,0.08397488645325574,0.28815208079292065,25.74,0.95,0.45,0.14
LATAM,matrix_32_z_abs,7,det_26_novelty,0.29071020230185424,0.059524278429326324,0.28785691463147944,26.98,0.96,0.4,0.01
LATAM,matrix_32_z_abs,7,det_08_trust,0.2884932773006948,0.05654056034557207,0.28488273539899134,27.3,0.96,0.35,0.05
LATAM,matrix_32_z_abs,8,det_14_environmental_concerns,0.6633086250212513,0.10204923080766942,0.6806628995888071,4.55,1,1,0.99
LATAM,matrix_32_z_abs,8,det_28_recognition,0.5859671032180355,0.08917068880727648,0.5842392747316001,7.85,1,0.99,0.98
LATAM,matrix_32_z_abs,8,det_06_climate_protection,0.5849137136333645,0.087491384923599,0.5814673122974319,7.59,1,1,0.98
LATAM,matrix_32_z_abs,8,det_31_approval,0.5694279506454224,0.0868878169909425,0.5774055936479032,8.24,1,0.98,0.97
LATAM,matrix_32_z_abs,8,det_19_wellbeing,0.5670951633157683,0.168974372942407,0.5545203458191668,10.29,1,0.96,0.83
LATAM,matrix_32_z_abs,8,det_13_technical_fit,0.5655857865258656,0.1345772614269557,0.5871718476417568,9.34,1,0.96,0.86
LATAM,matrix_32_z_abs,8,det_21_rights_and_duties,0.5355891612865987,0.16709930439639467,0.5701464534288199,11.67,1,0.9,0.73
LATAM,matrix_32_z_abs,8,det_24_socialising,0.5314515109136186,0.09113049649823593,0.5441310391070331,10.25,1,1,0.93
LATAM,matrix_32_z_abs,8,det_04_added_value,0.5189430689758331,0.09788856611311249,0.5248969355288485,11.43,1,1,0.89
LATAM,matrix_32_z_abs,8,det_10_cost_efficiency,0.5165258765814091,0.12405577064313122,0.5210898436793256,11.79,1,0.96,0.83
LATAM,matrix_32_z_abs,8,det_05_frugality,0.5131700567400109,0.14251986251666043,0.5037034210089322,12.34,1,0.97,0.76
LATAM,matrix_32_z_abs,8,det_20_coziness,0.5119547998341969,0.10862204207948192,0.5038126225139878,11.67,1,0.99,0.83
LATAM,matrix_32_z_abs,8,det_18_autonomy,0.5083895947673435,0.15468413621021765,0.48364833598396284,13.04,1,0.95,0.66
LATAM,matrix_32_z_abs,8,det_29_trends,0.4685519800635087,0.10762664949491808,0.4525416373896245,14.56,1,0.98,0.71
LATAM,matrix_32_z_abs,8,det_22_peer_pressure,0.4639822577190942,0.09786528440246356,0.4731449027169654,14.97,1,0.99,0.68
LATAM,matrix_32_z_abs,8,det_09_safety,0.4619963412604726,0.12580232386139042,0.4197326838124184,15.47,1,1,0.57
LATAM,matrix_32_z_abs,8,det_15_self_satisfaction,0.44795536603302055,0.12151646634723402,0.42539934043697236,16.04,1,0.92,0.62
LATAM,matrix_32_z_abs,8,det_30_authority,0.4192094467697654,0.08075840977706804,0.4164174143945859,17.91,1,0.93,0.57
LATAM,matrix_32_z_abs,8,det_25_agreement,0.41597706791513217,0.11212828073697975,0.3908060221196812,18.26,1,0.9,0.46
LATAM,matrix_32_z_abs,8,det_12_own_competence,0.40460465808893925,0.11805283133354758,0.3809536924105382,19.16,0.99,0.81,0.44
LATAM,matrix_32_z_abs,8,det_23_support,0.40302133375562416,0.1286931163676155,0.3658186662844282,19.8,1,0.84,0.37
LATAM,matrix_32_z_abs,8,det_17_adherence,0.36913125604313435,0.07482694616804228,0.3650653828471919,21.58,1,0.81,0.3
LATAM,matrix_32_z_abs,8,det_02_credit_score,0.3686631067930803,0.1272511501275426,0.3431969464737106,21.55,0.94,0.67,0.32
LATAM,matrix_32_z_abs,8,det_16_commitment,0.3684320535624329,0.12247809513622125,0.3480820250658306,21.67,0.99,0.67,0.32
LATAM,matrix_32_z_abs,8,det_07_legal,0.36493438623496705,0.0977574892215636,0.3566804910812508,22.04,0.99,0.74,0.34
LATAM,matrix_32_z_abs,8,det_27_fun,0.3557476596770651,0.06850723177395379,0.3595961475426614,22.29,1,0.78,0.27
LATAM,matrix_32_z_abs,8,det_03_risk_profile,0.3347988113396643,0.08266842599283239,0.3303954672001873,23.91,0.96,0.63,0.18
LATAM,matrix_32_z_abs,8,det_32_own_significance,0.32264879942791164,0.06727199965179054,0.3124027559983329,25.03,1,0.56,0.15
LATAM,matrix_32_z_abs,8,det_01_profits,0.32107183144198465,0.09563050921855408,0.302250992941422,25.04,0.96,0.51,0.19
LATAM,matrix_32_z_abs,8,det_11_knowledge,0.3194229701606541,0.0785726798831638,0.3092942673523754,25.43,0.95,0.54,0.18
LATAM,matrix_32_z_abs,8,det_08_trust,0.3036793991225672,0.06698828358234066,0.28475480723785906,26.47,0.97,0.45,0.12
LATAM,matrix_32_z_abs,8,det_26_novelty,0.3004963498100189,0.07117917775347064,0.2889051200288467,26.77,0.96,0.42,0.08
