bootstrap_id,target_sample_type,usable_for_main_analysis,usable_for_clustering,row_quality_final,n,prop_within_type
1,abstention,FALSE,FALSE,no_determinants,25,0.04940711462450593
1,abstention,FALSE,FALSE,suspicious_determinants,3,0.005928853754940711
1,abstention,FALSE,FALSE,too_many_missing_determinants,5,0.009881422924901186
1,abstention,TRUE,TRUE,usable_complete,387,0.7648221343873518
1,abstention,TRUE,TRUE,usable_complete_limited_metadata,24,0.04743083003952569
1,abstention,TRUE,TRUE,usable_partial,57,0.11264822134387352
1,abstention,TRUE,TRUE,usable_partial_limited_metadata,5,0.009881422924901186
1,voter,FALSE,FALSE,no_determinants,72,0.145748987854251
1,voter,FALSE,FALSE,suspicious_determinants,10,0.020242914979757085
1,voter,FALSE,FALSE,too_many_missing_determinants,29,0.058704453441295545
1,voter,TRUE,TRUE,usable_complete,241,0.48785425101214575
1,voter,TRUE,TRUE,usable_complete_limited_metadata,6,0.012145748987854251
1,voter,TRUE,TRUE,usable_partial,135,0.2732793522267207
1,voter,TRUE,TRUE,usable_partial_limited_metadata,1,0.0020242914979757085
2,abstention,FALSE,FALSE,no_determinants,31,0.06126482213438735
2,abstention,FALSE,FALSE,suspicious_determinants,2,0.003952569169960474
2,abstention,FALSE,FALSE,too_many_missing_determinants,1,0.001976284584980237
2,abstention,TRUE,TRUE,usable_complete,398,0.7865612648221344
2,abstention,TRUE,TRUE,usable_complete_limited_metadata,21,0.041501976284584984
2,abstention,TRUE,TRUE,usable_partial,51,0.1007905138339921
2,abstention,TRUE,TRUE,usable_partial_limited_metadata,2,0.003952569169960474
2,voter,FALSE,FALSE,no_determinants,87,0.17611336032388664
2,voter,FALSE,FALSE,suspicious_determinants,1,0.0020242914979757085
2,voter,FALSE,FALSE,too_many_missing_determinants,30,0.06072874493927125
2,voter,TRUE,TRUE,usable_complete,259,0.5242914979757085
2,voter,TRUE,TRUE,usable_complete_limited_metadata,3,0.006072874493927126
2,voter,TRUE,TRUE,usable_partial,114,0.23076923076923078
3,abstention,FALSE,FALSE,no_determinants,35,0.0691699604743083
3,abstention,FALSE,FALSE,suspicious_determinants,1,0.001976284584980237
3,abstention,FALSE,FALSE,too_many_missing_determinants,5,0.009881422924901186
3,abstention,TRUE,TRUE,usable_complete,404,0.7984189723320159
3,abstention,TRUE,TRUE,usable_complete_limited_metadata,13,0.025691699604743084
3,abstention,TRUE,TRUE,usable_partial,45,0.08893280632411067
3,abstention,TRUE,TRUE,usable_partial_limited_metadata,3,0.005928853754940711
3,voter,FALSE,FALSE,no_determinants,70,0.1417004048582996
3,voter,FALSE,FALSE,suspicious_determinants,1,0.0020242914979757085
3,voter,FALSE,FALSE,too_many_missing_determinants,17,0.03441295546558704
3,voter,TRUE,TRUE,usable_complete,259,0.5242914979757085
3,voter,TRUE,TRUE,usable_complete_limited_metadata,8,0.016194331983805668
3,voter,TRUE,TRUE,usable_partial,136,0.27530364372469635
3,voter,TRUE,TRUE,usable_partial_limited_metadata,3,0.006072874493927126
4,abstention,FALSE,FALSE,no_determinants,39,0.07707509881422925
4,abstention,FALSE,FALSE,suspicious_determinants,1,0.001976284584980237
4,abstention,FALSE,FALSE,too_many_missing_determinants,6,0.011857707509881422
4,abstention,TRUE,TRUE,usable_complete,385,0.7608695652173914
4,abstention,TRUE,TRUE,usable_complete_limited_metadata,19,0.037549407114624504
4,abstention,TRUE,TRUE,usable_partial,53,0.10474308300395258
4,abstention,TRUE,TRUE,usable_partial_limited_metadata,3,0.005928853754940711
4,voter,FALSE,FALSE,no_determinants,83,0.1680161943319838
4,voter,FALSE,FALSE,suspicious_determinants,6,0.012145748987854251
4,voter,FALSE,FALSE,too_many_missing_determinants,25,0.05060728744939271
4,voter,TRUE,TRUE,usable_complete,253,0.5121457489878543
4,voter,TRUE,TRUE,usable_complete_limited_metadata,4,0.008097165991902834
4,voter,TRUE,TRUE,usable_partial,122,0.24696356275303644
4,voter,TRUE,TRUE,usable_partial_limited_metadata,1,0.0020242914979757085
5,abstention,FALSE,FALSE,no_determinants,24,0.04743083003952569
5,abstention,FALSE,FALSE,too_many_missing_determinants,5,0.009881422924901186
5,abstention,TRUE,TRUE,usable_complete,421,0.8320158102766798
5,abstention,TRUE,TRUE,usable_complete_limited_metadata,21,0.041501976284584984
5,abstention,TRUE,TRUE,usable_partial,33,0.06521739130434782
5,abstention,TRUE,TRUE,usable_partial_limited_metadata,2,0.003952569169960474
5,voter,FALSE,FALSE,no_determinants,76,0.15384615384615385
5,voter,FALSE,FALSE,suspicious_determinants,2,0.004048582995951417
5,voter,FALSE,FALSE,too_many_missing_determinants,29,0.058704453441295545
5,voter,TRUE,TRUE,usable_complete,243,0.49190283400809715
5,voter,TRUE,TRUE,usable_complete_limited_metadata,8,0.016194331983805668
5,voter,TRUE,TRUE,usable_partial,134,0.27125506072874495
5,voter,TRUE,TRUE,usable_partial_limited_metadata,2,0.004048582995951417
6,abstention,FALSE,FALSE,no_determinants,30,0.05928853754940711
6,abstention,FALSE,FALSE,suspicious_determinants,2,0.003952569169960474
6,abstention,FALSE,FALSE,too_many_missing_determinants,6,0.011857707509881422
6,abstention,TRUE,TRUE,usable_complete,403,0.7964426877470355
6,abstention,TRUE,TRUE,usable_complete_limited_metadata,15,0.029644268774703556
6,abstention,TRUE,TRUE,usable_partial,48,0.09486166007905138
6,abstention,TRUE,TRUE,usable_partial_limited_metadata,2,0.003952569169960474
6,voter,FALSE,FALSE,no_determinants,79,0.15991902834008098
6,voter,FALSE,FALSE,suspicious_determinants,5,0.010121457489878543
6,voter,FALSE,FALSE,too_many_missing_determinants,30,0.06072874493927125
6,voter,TRUE,TRUE,usable_complete,250,0.5060728744939271
6,voter,TRUE,TRUE,usable_complete_limited_metadata,2,0.004048582995951417
6,voter,TRUE,TRUE,usable_partial,127,0.25708502024291496
6,voter,TRUE,TRUE,usable_partial_limited_metadata,1,0.0020242914979757085
7,abstention,FALSE,FALSE,no_determinants,24,0.04743083003952569
7,abstention,FALSE,FALSE,too_many_missing_determinants,4,0.007905138339920948
7,abstention,TRUE,TRUE,usable_complete,398,0.7865612648221344
7,abstention,TRUE,TRUE,usable_complete_limited_metadata,26,0.05138339920948617
7,abstention,TRUE,TRUE,usable_partial,50,0.09881422924901186
7,abstention,TRUE,TRUE,usable_partial_limited_metadata,4,0.007905138339920948
7,voter,FALSE,FALSE,no_determinants,79,0.15991902834008098
7,voter,FALSE,FALSE,suspicious_determinants,3,0.006072874493927126
7,voter,FALSE,FALSE,too_many_missing_determinants,26,0.05263157894736842
7,voter,TRUE,TRUE,usable_complete,256,0.5182186234817814
7,voter,TRUE,TRUE,usable_complete_limited_metadata,8,0.016194331983805668
7,voter,TRUE,TRUE,usable_partial,121,0.24493927125506074
7,voter,TRUE,TRUE,usable_partial_limited_metadata,1,0.0020242914979757085
8,abstention,FALSE,FALSE,no_determinants,36,0.07114624505928854
8,abstention,FALSE,FALSE,suspicious_determinants,1,0.001976284584980237
8,abstention,FALSE,FALSE,too_many_missing_determinants,2,0.003952569169960474
8,abstention,TRUE,TRUE,usable_complete,408,0.8063241106719368
8,abstention,TRUE,TRUE,usable_complete_limited_metadata,18,0.03557312252964427
8,abstention,TRUE,TRUE,usable_partial,41,0.08102766798418973
8,voter,FALSE,FALSE,no_determinants,89,0.18016194331983806
8,voter,FALSE,FALSE,suspicious_determinants,3,0.006072874493927126
8,voter,FALSE,FALSE,too_many_missing_determinants,27,0.05465587044534413
8,voter,TRUE,TRUE,usable_complete,238,0.4817813765182186
8,voter,TRUE,TRUE,usable_complete_limited_metadata,5,0.010121457489878543
8,voter,TRUE,TRUE,usable_partial,131,0.2651821862348178
8,voter,TRUE,TRUE,usable_partial_limited_metadata,1,0.0020242914979757085
9,abstention,FALSE,FALSE,no_determinants,26,0.05138339920948617
9,abstention,FALSE,FALSE,suspicious_determinants,1,0.001976284584980237
9,abstention,FALSE,FALSE,too_many_missing_determinants,7,0.01383399209486166
9,abstention,TRUE,TRUE,usable_complete,397,0.7845849802371542
9,abstention,TRUE,TRUE,usable_complete_limited_metadata,26,0.05138339920948617
9,abstention,TRUE,TRUE,usable_partial,45,0.08893280632411067
9,abstention,TRUE,TRUE,usable_partial_limited_metadata,4,0.007905138339920948
9,voter,FALSE,FALSE,no_determinants,76,0.15384615384615385
9,voter,FALSE,FALSE,suspicious_determinants,4,0.008097165991902834
9,voter,FALSE,FALSE,too_many_missing_determinants,22,0.044534412955465584
9,voter,TRUE,TRUE,usable_complete,262,0.5303643724696356
9,voter,TRUE,TRUE,usable_complete_limited_metadata,10,0.020242914979757085
9,voter,TRUE,TRUE,usable_partial,120,0.242914979757085
10,abstention,FALSE,FALSE,no_determinants,40,0.07905138339920949
10,abstention,FALSE,FALSE,too_many_missing_determinants,3,0.005928853754940711
10,abstention,TRUE,TRUE,usable_complete,395,0.7806324110671937
10,abstention,TRUE,TRUE,usable_complete_limited_metadata,9,0.017786561264822136
10,abstention,TRUE,TRUE,usable_partial,56,0.11067193675889328
10,abstention,TRUE,TRUE,usable_partial_limited_metadata,3,0.005928853754940711
10,voter,FALSE,FALSE,no_determinants,91,0.18421052631578946
10,voter,FALSE,FALSE,too_many_missing_determinants,22,0.044534412955465584
10,voter,TRUE,TRUE,usable_complete,256,0.5182186234817814
10,voter,TRUE,TRUE,usable_complete_limited_metadata,13,0.02631578947368421
10,voter,TRUE,TRUE,usable_partial,111,0.22469635627530365
10,voter,TRUE,TRUE,usable_partial_limited_metadata,1,0.0020242914979757085
11,abstention,FALSE,FALSE,no_determinants,24,0.04743083003952569
11,abstention,FALSE,FALSE,too_many_missing_determinants,5,0.009881422924901186
11,abstention,TRUE,TRUE,usable_complete,408,0.8063241106719368
11,abstention,TRUE,TRUE,usable_complete_limited_metadata,21,0.041501976284584984
11,abstention,TRUE,TRUE,usable_partial,46,0.09090909090909091
11,abstention,TRUE,TRUE,usable_partial_limited_metadata,2,0.003952569169960474
11,voter,FALSE,FALSE,no_determinants,83,0.1680161943319838
11,voter,FALSE,FALSE,suspicious_determinants,3,0.006072874493927126
11,voter,FALSE,FALSE,too_many_missing_determinants,25,0.05060728744939271
11,voter,TRUE,TRUE,usable_complete,254,0.5141700404858299
11,voter,TRUE,TRUE,usable_complete_limited_metadata,7,0.01417004048582996
11,voter,TRUE,TRUE,usable_partial,122,0.24696356275303644
12,abstention,FALSE,FALSE,no_determinants,35,0.0691699604743083
12,abstention,FALSE,FALSE,suspicious_determinants,1,0.001976284584980237
12,abstention,FALSE,FALSE,too_many_missing_determinants,5,0.009881422924901186
12,abstention,TRUE,TRUE,usable_complete,407,0.8043478260869565
12,abstention,TRUE,TRUE,usable_complete_limited_metadata,19,0.037549407114624504
12,abstention,TRUE,TRUE,usable_partial,35,0.0691699604743083
12,abstention,TRUE,TRUE,usable_partial_limited_metadata,4,0.007905138339920948
12,voter,FALSE,FALSE,no_determinants,88,0.17813765182186234
12,voter,FALSE,FALSE,suspicious_determinants,7,0.01417004048582996
12,voter,FALSE,FALSE,too_many_missing_determinants,27,0.05465587044534413
12,voter,TRUE,TRUE,usable_complete,224,0.4534412955465587
12,voter,TRUE,TRUE,usable_complete_limited_metadata,5,0.010121457489878543
12,voter,TRUE,TRUE,usable_partial,141,0.28542510121457487
12,voter,TRUE,TRUE,usable_partial_limited_metadata,2,0.004048582995951417
13,abstention,FALSE,FALSE,no_determinants,30,0.05928853754940711
13,abstention,FALSE,FALSE,suspicious_determinants,4,0.007905138339920948
13,abstention,FALSE,FALSE,too_many_missing_determinants,3,0.005928853754940711
13,abstention,TRUE,TRUE,usable_complete,404,0.7984189723320159
13,abstention,TRUE,TRUE,usable_complete_limited_metadata,26,0.05138339920948617
13,abstention,TRUE,TRUE,usable_partial,36,0.07114624505928854
13,abstention,TRUE,TRUE,usable_partial_limited_metadata,3,0.005928853754940711
13,voter,FALSE,FALSE,no_determinants,92,0.1862348178137652
13,voter,FALSE,FALSE,suspicious_determinants,6,0.012145748987854251
13,voter,FALSE,FALSE,too_many_missing_determinants,27,0.05465587044534413
13,voter,TRUE,TRUE,usable_complete,238,0.4817813765182186
13,voter,TRUE,TRUE,usable_complete_limited_metadata,3,0.006072874493927126
13,voter,TRUE,TRUE,usable_partial,124,0.25101214574898784
13,voter,TRUE,TRUE,usable_partial_limited_metadata,4,0.008097165991902834
14,abstention,FALSE,FALSE,no_determinants,33,0.06521739130434782
14,abstention,FALSE,FALSE,suspicious_determinants,1,0.001976284584980237
14,abstention,FALSE,FALSE,too_many_missing_determinants,6,0.011857707509881422
14,abstention,TRUE,TRUE,usable_complete,403,0.7964426877470355
14,abstention,TRUE,TRUE,usable_complete_limited_metadata,17,0.03359683794466403
14,abstention,TRUE,TRUE,usable_partial,43,0.08498023715415019
14,abstention,TRUE,TRUE,usable_partial_limited_metadata,3,0.005928853754940711
14,voter,FALSE,FALSE,no_determinants,87,0.17611336032388664
14,voter,FALSE,FALSE,suspicious_determinants,2,0.004048582995951417
14,voter,FALSE,FALSE,too_many_missing_determinants,29,0.058704453441295545
14,voter,TRUE,TRUE,usable_complete,245,0.4959514170040486
14,voter,TRUE,TRUE,usable_complete_limited_metadata,4,0.008097165991902834
14,voter,TRUE,TRUE,usable_partial,126,0.2550607287449393
14,voter,TRUE,TRUE,usable_partial_limited_metadata,1,0.0020242914979757085
15,abstention,FALSE,FALSE,no_determinants,35,0.0691699604743083
15,abstention,FALSE,FALSE,too_many_missing_determinants,6,0.011857707509881422
15,abstention,TRUE,TRUE,usable_complete,390,0.7707509881422925
15,abstention,TRUE,TRUE,usable_complete_limited_metadata,24,0.04743083003952569
15,abstention,TRUE,TRUE,usable_partial,48,0.09486166007905138
15,abstention,TRUE,TRUE,usable_partial_limited_metadata,3,0.005928853754940711
15,voter,FALSE,FALSE,no_determinants,79,0.15991902834008098
15,voter,FALSE,FALSE,suspicious_determinants,2,0.004048582995951417
15,voter,FALSE,FALSE,too_many_missing_determinants,23,0.0465587044534413
15,voter,TRUE,TRUE,usable_complete,263,0.5323886639676113
15,voter,TRUE,TRUE,usable_complete_limited_metadata,6,0.012145748987854251
15,voter,TRUE,TRUE,usable_partial,120,0.242914979757085
15,voter,TRUE,TRUE,usable_partial_limited_metadata,1,0.0020242914979757085
16,abstention,FALSE,FALSE,no_determinants,20,0.039525691699604744
16,abstention,FALSE,FALSE,suspicious_determinants,1,0.001976284584980237
16,abstention,FALSE,FALSE,too_many_missing_determinants,6,0.011857707509881422
16,abstention,TRUE,TRUE,usable_complete,401,0.7924901185770751
16,abstention,TRUE,TRUE,usable_complete_limited_metadata,22,0.043478260869565216
16,abstention,TRUE,TRUE,usable_partial,54,0.1067193675889328
16,abstention,TRUE,TRUE,usable_partial_limited_metadata,2,0.003952569169960474
16,voter,FALSE,FALSE,no_determinants,74,0.14979757085020243
16,voter,FALSE,FALSE,suspicious_determinants,5,0.010121457489878543
16,voter,FALSE,FALSE,too_many_missing_determinants,31,0.06275303643724696
16,voter,TRUE,TRUE,usable_complete,255,0.5161943319838057
16,voter,TRUE,TRUE,usable_complete_limited_metadata,8,0.016194331983805668
16,voter,TRUE,TRUE,usable_partial,119,0.2408906882591093
16,voter,TRUE,TRUE,usable_partial_limited_metadata,2,0.004048582995951417
17,abstention,FALSE,FALSE,no_determinants,35,0.0691699604743083
17,abstention,FALSE,FALSE,suspicious_determinants,1,0.001976284584980237
17,abstention,FALSE,FALSE,too_many_missing_determinants,8,0.015810276679841896
17,abstention,TRUE,TRUE,usable_complete,397,0.7845849802371542
17,abstention,TRUE,TRUE,usable_complete_limited_metadata,24,0.04743083003952569
17,abstention,TRUE,TRUE,usable_partial,40,0.07905138339920949
17,abstention,TRUE,TRUE,usable_partial_limited_metadata,1,0.001976284584980237
17,voter,FALSE,FALSE,no_determinants,84,0.1700404858299595
17,voter,FALSE,FALSE,suspicious_determinants,6,0.012145748987854251
17,voter,FALSE,FALSE,too_many_missing_determinants,25,0.05060728744939271
17,voter,TRUE,TRUE,usable_complete,250,0.5060728744939271
17,voter,TRUE,TRUE,usable_complete_limited_metadata,4,0.008097165991902834
17,voter,TRUE,TRUE,usable_partial,123,0.24898785425101214
17,voter,TRUE,TRUE,usable_partial_limited_metadata,2,0.004048582995951417
18,abstention,FALSE,FALSE,no_determinants,23,0.045454545454545456
18,abstention,FALSE,FALSE,too_many_missing_determinants,3,0.005928853754940711
18,abstention,TRUE,TRUE,usable_complete,420,0.8300395256916996
18,abstention,TRUE,TRUE,usable_complete_limited_metadata,16,0.03162055335968379
18,abstention,TRUE,TRUE,usable_partial,40,0.07905138339920949
18,abstention,TRUE,TRUE,usable_partial_limited_metadata,4,0.007905138339920948
18,voter,FALSE,FALSE,no_determinants,71,0.1437246963562753
18,voter,FALSE,FALSE,suspicious_determinants,5,0.010121457489878543
18,voter,FALSE,FALSE,too_many_missing_determinants,23,0.0465587044534413
18,voter,TRUE,TRUE,usable_complete,259,0.5242914979757085
18,voter,TRUE,TRUE,usable_complete_limited_metadata,7,0.01417004048582996
18,voter,TRUE,TRUE,usable_partial,129,0.2611336032388664
19,abstention,FALSE,FALSE,no_determinants,35,0.0691699604743083
19,abstention,FALSE,FALSE,suspicious_determinants,1,0.001976284584980237
19,abstention,FALSE,FALSE,too_many_missing_determinants,6,0.011857707509881422
19,abstention,TRUE,TRUE,usable_complete,399,0.7885375494071146
19,abstention,TRUE,TRUE,usable_complete_limited_metadata,15,0.029644268774703556
19,abstention,TRUE,TRUE,usable_partial,48,0.09486166007905138
19,abstention,TRUE,TRUE,usable_partial_limited_metadata,2,0.003952569169960474
19,voter,FALSE,FALSE,no_determinants,73,0.14777327935222673
19,voter,FALSE,FALSE,suspicious_determinants,4,0.008097165991902834
19,voter,FALSE,FALSE,too_many_missing_determinants,26,0.05263157894736842
19,voter,TRUE,TRUE,usable_complete,261,0.52834008097166
19,voter,TRUE,TRUE,usable_complete_limited_metadata,6,0.012145748987854251
19,voter,TRUE,TRUE,usable_partial,123,0.24898785425101214
19,voter,TRUE,TRUE,usable_partial_limited_metadata,1,0.0020242914979757085
20,abstention,FALSE,FALSE,no_determinants,31,0.06126482213438735
20,abstention,FALSE,FALSE,suspicious_determinants,1,0.001976284584980237
20,abstention,FALSE,FALSE,too_many_missing_determinants,2,0.003952569169960474
20,abstention,TRUE,TRUE,usable_complete,409,0.808300395256917
20,abstention,TRUE,TRUE,usable_complete_limited_metadata,19,0.037549407114624504
20,abstention,TRUE,TRUE,usable_partial,42,0.08300395256916997
20,abstention,TRUE,TRUE,usable_partial_limited_metadata,2,0.003952569169960474
20,voter,FALSE,FALSE,no_determinants,68,0.13765182186234817
20,voter,FALSE,FALSE,suspicious_determinants,2,0.004048582995951417
20,voter,FALSE,FALSE,too_many_missing_determinants,22,0.044534412955465584
20,voter,TRUE,TRUE,usable_complete,245,0.4959514170040486
20,voter,TRUE,TRUE,usable_complete_limited_metadata,9,0.018218623481781375
20,voter,TRUE,TRUE,usable_partial,148,0.29959514170040485
21,abstention,FALSE,FALSE,no_determinants,31,0.06126482213438735
21,abstention,FALSE,FALSE,too_many_missing_determinants,7,0.01383399209486166
21,abstention,TRUE,TRUE,usable_complete,396,0.782608695652174
21,abstention,TRUE,TRUE,usable_complete_limited_metadata,21,0.041501976284584984
21,abstention,TRUE,TRUE,usable_partial,47,0.09288537549407115
21,abstention,TRUE,TRUE,usable_partial_limited_metadata,4,0.007905138339920948
21,voter,FALSE,FALSE,no_determinants,72,0.145748987854251
21,voter,FALSE,FALSE,suspicious_determinants,5,0.010121457489878543
21,voter,FALSE,FALSE,too_many_missing_determinants,23,0.0465587044534413
21,voter,TRUE,TRUE,usable_complete,255,0.5161943319838057
21,voter,TRUE,TRUE,usable_complete_limited_metadata,5,0.010121457489878543
21,voter,TRUE,TRUE,usable_partial,134,0.27125506072874495
22,abstention,FALSE,FALSE,no_determinants,24,0.04743083003952569
22,abstention,FALSE,FALSE,too_many_missing_determinants,4,0.007905138339920948
22,abstention,TRUE,TRUE,usable_complete,394,0.7786561264822134
22,abstention,TRUE,TRUE,usable_complete_limited_metadata,25,0.04940711462450593
22,abstention,TRUE,TRUE,usable_partial,53,0.10474308300395258
22,abstention,TRUE,TRUE,usable_partial_limited_metadata,6,0.011857707509881422
22,voter,FALSE,FALSE,no_determinants,83,0.1680161943319838
22,voter,FALSE,FALSE,suspicious_determinants,5,0.010121457489878543
22,voter,FALSE,FALSE,too_many_missing_determinants,25,0.05060728744939271
22,voter,TRUE,TRUE,usable_complete,240,0.48582995951417
22,voter,TRUE,TRUE,usable_complete_limited_metadata,6,0.012145748987854251
22,voter,TRUE,TRUE,usable_partial,132,0.26720647773279355
22,voter,TRUE,TRUE,usable_partial_limited_metadata,3,0.006072874493927126
23,abstention,FALSE,FALSE,no_determinants,21,0.041501976284584984
23,abstention,FALSE,FALSE,too_many_missing_determinants,2,0.003952569169960474
23,abstention,TRUE,TRUE,usable_complete,415,0.8201581027667985
23,abstention,TRUE,TRUE,usable_complete_limited_metadata,17,0.03359683794466403
23,abstention,TRUE,TRUE,usable_partial,47,0.09288537549407115
23,abstention,TRUE,TRUE,usable_partial_limited_metadata,4,0.007905138339920948
23,voter,FALSE,FALSE,no_determinants,79,0.15991902834008098
23,voter,FALSE,FALSE,suspicious_determinants,2,0.004048582995951417
23,voter,FALSE,FALSE,too_many_missing_determinants,22,0.044534412955465584
23,voter,TRUE,TRUE,usable_complete,260,0.5263157894736842
23,voter,TRUE,TRUE,usable_complete_limited_metadata,6,0.012145748987854251
23,voter,TRUE,TRUE,usable_partial,122,0.24696356275303644
23,voter,TRUE,TRUE,usable_partial_limited_metadata,3,0.006072874493927126
24,abstention,FALSE,FALSE,no_determinants,40,0.07905138339920949
24,abstention,FALSE,FALSE,suspicious_determinants,1,0.001976284584980237
24,abstention,FALSE,FALSE,too_many_missing_determinants,5,0.009881422924901186
24,abstention,TRUE,TRUE,usable_complete,390,0.7707509881422925
24,abstention,TRUE,TRUE,usable_complete_limited_metadata,23,0.045454545454545456
24,abstention,TRUE,TRUE,usable_partial,46,0.09090909090909091
24,abstention,TRUE,TRUE,usable_partial_limited_metadata,1,0.001976284584980237
24,voter,FALSE,FALSE,no_determinants,72,0.145748987854251
24,voter,FALSE,FALSE,suspicious_determinants,5,0.010121457489878543
24,voter,FALSE,FALSE,too_many_missing_determinants,22,0.044534412955465584
24,voter,TRUE,TRUE,usable_complete,245,0.4959514170040486
24,voter,TRUE,TRUE,usable_complete_limited_metadata,5,0.010121457489878543
24,voter,TRUE,TRUE,usable_partial,144,0.291497975708502
24,voter,TRUE,TRUE,usable_partial_limited_metadata,1,0.0020242914979757085
25,abstention,FALSE,FALSE,no_determinants,32,0.06324110671936758
25,abstention,FALSE,FALSE,suspicious_determinants,2,0.003952569169960474
25,abstention,FALSE,FALSE,too_many_missing_determinants,5,0.009881422924901186
25,abstention,TRUE,TRUE,usable_complete,410,0.8102766798418972
25,abstention,TRUE,TRUE,usable_complete_limited_metadata,17,0.03359683794466403
25,abstention,TRUE,TRUE,usable_partial,40,0.07905138339920949
25,voter,FALSE,FALSE,no_determinants,81,0.16396761133603238
25,voter,FALSE,FALSE,suspicious_determinants,2,0.004048582995951417
25,voter,FALSE,FALSE,too_many_missing_determinants,18,0.03643724696356275
25,voter,TRUE,TRUE,usable_complete,265,0.5364372469635628
25,voter,TRUE,TRUE,usable_complete_limited_metadata,7,0.01417004048582996
25,voter,TRUE,TRUE,usable_partial,121,0.24493927125506074
26,abstention,FALSE,FALSE,no_determinants,42,0.08300395256916997
26,abstention,FALSE,FALSE,suspicious_determinants,1,0.001976284584980237
26,abstention,FALSE,FALSE,too_many_missing_determinants,1,0.001976284584980237
26,abstention,TRUE,TRUE,usable_complete,402,0.7944664031620553
26,abstention,TRUE,TRUE,usable_complete_limited_metadata,19,0.037549407114624504
26,abstention,TRUE,TRUE,usable_partial,41,0.08102766798418973
26,voter,FALSE,FALSE,no_determinants,72,0.145748987854251
26,voter,FALSE,FALSE,suspicious_determinants,4,0.008097165991902834
26,voter,FALSE,FALSE,too_many_missing_determinants,31,0.06275303643724696
26,voter,TRUE,TRUE,usable_complete,259,0.5242914979757085
26,voter,TRUE,TRUE,usable_complete_limited_metadata,6,0.012145748987854251
26,voter,TRUE,TRUE,usable_partial,122,0.24696356275303644
27,abstention,FALSE,FALSE,no_determinants,32,0.06324110671936758
27,abstention,FALSE,FALSE,too_many_missing_determinants,5,0.009881422924901186
27,abstention,TRUE,TRUE,usable_complete,400,0.7905138339920948
27,abstention,TRUE,TRUE,usable_complete_limited_metadata,15,0.029644268774703556
27,abstention,TRUE,TRUE,usable_partial,53,0.10474308300395258
27,abstention,TRUE,TRUE,usable_partial_limited_metadata,1,0.001976284584980237
27,voter,FALSE,FALSE,no_determinants,83,0.1680161943319838
27,voter,FALSE,FALSE,suspicious_determinants,4,0.008097165991902834
27,voter,FALSE,FALSE,too_many_missing_determinants,23,0.0465587044534413
27,voter,TRUE,TRUE,usable_complete,262,0.5303643724696356
27,voter,TRUE,TRUE,usable_complete_limited_metadata,10,0.020242914979757085
27,voter,TRUE,TRUE,usable_partial,110,0.22267206477732793
27,voter,TRUE,TRUE,usable_partial_limited_metadata,2,0.004048582995951417
28,abstention,FALSE,FALSE,no_determinants,34,0.06719367588932806
28,abstention,FALSE,FALSE,suspicious_determinants,2,0.003952569169960474
28,abstention,FALSE,FALSE,too_many_missing_determinants,4,0.007905138339920948
28,abstention,TRUE,TRUE,usable_complete,388,0.766798418972332
28,abstention,TRUE,TRUE,usable_complete_limited_metadata,20,0.039525691699604744
28,abstention,TRUE,TRUE,usable_partial,56,0.11067193675889328
28,abstention,TRUE,TRUE,usable_partial_limited_metadata,2,0.003952569169960474
28,voter,FALSE,FALSE,no_determinants,83,0.1680161943319838
28,voter,FALSE,FALSE,suspicious_determinants,3,0.006072874493927126
28,voter,FALSE,FALSE,too_many_missing_determinants,35,0.0708502024291498
28,voter,TRUE,TRUE,usable_complete,244,0.4939271255060729
28,voter,TRUE,TRUE,usable_complete_limited_metadata,3,0.006072874493927126
28,voter,TRUE,TRUE,usable_partial,126,0.2550607287449393
29,abstention,FALSE,FALSE,no_determinants,28,0.05533596837944664
29,abstention,FALSE,FALSE,too_many_missing_determinants,6,0.011857707509881422
29,abstention,TRUE,TRUE,usable_complete,409,0.808300395256917
29,abstention,TRUE,TRUE,usable_complete_limited_metadata,17,0.03359683794466403
29,abstention,TRUE,TRUE,usable_partial,46,0.09090909090909091
29,voter,FALSE,FALSE,no_determinants,70,0.1417004048582996
29,voter,FALSE,FALSE,suspicious_determinants,3,0.006072874493927126
29,voter,FALSE,FALSE,too_many_missing_determinants,26,0.05263157894736842
29,voter,TRUE,TRUE,usable_complete,251,0.5080971659919028
29,voter,TRUE,TRUE,usable_complete_limited_metadata,11,0.022267206477732792
29,voter,TRUE,TRUE,usable_partial,132,0.26720647773279355
29,voter,TRUE,TRUE,usable_partial_limited_metadata,1,0.0020242914979757085
30,abstention,FALSE,FALSE,no_determinants,18,0.03557312252964427
30,abstention,FALSE,FALSE,too_many_missing_determinants,6,0.011857707509881422
30,abstention,TRUE,TRUE,usable_complete,415,0.8201581027667985
30,abstention,TRUE,TRUE,usable_complete_limited_metadata,21,0.041501976284584984
30,abstention,TRUE,TRUE,usable_partial,40,0.07905138339920949
30,abstention,TRUE,TRUE,usable_partial_limited_metadata,6,0.011857707509881422
30,voter,FALSE,FALSE,no_determinants,72,0.145748987854251
30,voter,FALSE,FALSE,suspicious_determinants,2,0.004048582995951417
30,voter,FALSE,FALSE,too_many_missing_determinants,14,0.02834008097165992
30,voter,TRUE,TRUE,usable_complete,276,0.5587044534412956
30,voter,TRUE,TRUE,usable_complete_limited_metadata,6,0.012145748987854251
30,voter,TRUE,TRUE,usable_partial,123,0.24898785425101214
30,voter,TRUE,TRUE,usable_partial_limited_metadata,1,0.0020242914979757085
31,abstention,FALSE,FALSE,no_determinants,39,0.07707509881422925
31,abstention,FALSE,FALSE,suspicious_determinants,2,0.003952569169960474
31,abstention,FALSE,FALSE,too_many_missing_determinants,5,0.009881422924901186
31,abstention,TRUE,TRUE,usable_complete,394,0.7786561264822134
31,abstention,TRUE,TRUE,usable_complete_limited_metadata,16,0.03162055335968379
31,abstention,TRUE,TRUE,usable_partial,47,0.09288537549407115
31,abstention,TRUE,TRUE,usable_partial_limited_metadata,3,0.005928853754940711
31,voter,FALSE,FALSE,no_determinants,76,0.15384615384615385
31,voter,FALSE,FALSE,suspicious_determinants,5,0.010121457489878543
31,voter,FALSE,FALSE,too_many_missing_determinants,22,0.044534412955465584
31,voter,TRUE,TRUE,usable_complete,260,0.5263157894736842
31,voter,TRUE,TRUE,usable_complete_limited_metadata,8,0.016194331983805668
31,voter,TRUE,TRUE,usable_partial,121,0.24493927125506074
31,voter,TRUE,TRUE,usable_partial_limited_metadata,2,0.004048582995951417
32,abstention,FALSE,FALSE,no_determinants,28,0.05533596837944664
32,abstention,FALSE,FALSE,suspicious_determinants,1,0.001976284584980237
32,abstention,FALSE,FALSE,too_many_missing_determinants,2,0.003952569169960474
32,abstention,TRUE,TRUE,usable_complete,409,0.808300395256917
32,abstention,TRUE,TRUE,usable_complete_limited_metadata,15,0.029644268774703556
32,abstention,TRUE,TRUE,usable_partial,50,0.09881422924901186
32,abstention,TRUE,TRUE,usable_partial_limited_metadata,1,0.001976284584980237
32,voter,FALSE,FALSE,no_determinants,70,0.1417004048582996
32,voter,FALSE,FALSE,suspicious_determinants,3,0.006072874493927126
32,voter,FALSE,FALSE,too_many_missing_determinants,30,0.06072874493927125
32,voter,TRUE,TRUE,usable_complete,256,0.5182186234817814
32,voter,TRUE,TRUE,usable_complete_limited_metadata,6,0.012145748987854251
32,voter,TRUE,TRUE,usable_partial,127,0.25708502024291496
32,voter,TRUE,TRUE,usable_partial_limited_metadata,2,0.004048582995951417
33,abstention,FALSE,FALSE,no_determinants,33,0.06521739130434782
33,abstention,FALSE,FALSE,suspicious_determinants,1,0.001976284584980237
33,abstention,FALSE,FALSE,too_many_missing_determinants,6,0.011857707509881422
33,abstention,TRUE,TRUE,usable_complete,387,0.7648221343873518
33,abstention,TRUE,TRUE,usable_complete_limited_metadata,21,0.041501976284584984
33,abstention,TRUE,TRUE,usable_partial,55,0.10869565217391304
33,abstention,TRUE,TRUE,usable_partial_limited_metadata,3,0.005928853754940711
33,voter,FALSE,FALSE,no_determinants,82,0.1659919028340081
33,voter,FALSE,FALSE,suspicious_determinants,6,0.012145748987854251
33,voter,FALSE,FALSE,too_many_missing_determinants,33,0.06680161943319839
33,voter,TRUE,TRUE,usable_complete,259,0.5242914979757085
33,voter,TRUE,TRUE,usable_complete_limited_metadata,6,0.012145748987854251
33,voter,TRUE,TRUE,usable_partial,107,0.2165991902834008
33,voter,TRUE,TRUE,usable_partial_limited_metadata,1,0.0020242914979757085
34,abstention,FALSE,FALSE,no_determinants,36,0.07114624505928854
34,abstention,FALSE,FALSE,too_many_missing_determinants,3,0.005928853754940711
34,abstention,TRUE,TRUE,usable_complete,405,0.8003952569169961
34,abstention,TRUE,TRUE,usable_complete_limited_metadata,16,0.03162055335968379
34,abstention,TRUE,TRUE,usable_partial,45,0.08893280632411067
34,abstention,TRUE,TRUE,usable_partial_limited_metadata,1,0.001976284584980237
34,voter,FALSE,FALSE,no_determinants,95,0.19230769230769232
34,voter,FALSE,FALSE,suspicious_determinants,2,0.004048582995951417
34,voter,FALSE,FALSE,too_many_missing_determinants,27,0.05465587044534413
34,voter,TRUE,TRUE,usable_complete,261,0.52834008097166
34,voter,TRUE,TRUE,usable_complete_limited_metadata,1,0.0020242914979757085
34,voter,TRUE,TRUE,usable_partial,108,0.21862348178137653
35,abstention,FALSE,FALSE,no_determinants,28,0.05533596837944664
35,abstention,FALSE,FALSE,suspicious_determinants,1,0.001976284584980237
35,abstention,FALSE,FALSE,too_many_missing_determinants,2,0.003952569169960474
35,abstention,TRUE,TRUE,usable_complete,408,0.8063241106719368
35,abstention,TRUE,TRUE,usable_complete_limited_metadata,21,0.041501976284584984
35,abstention,TRUE,TRUE,usable_partial,42,0.08300395256916997
35,abstention,TRUE,TRUE,usable_partial_limited_metadata,4,0.007905138339920948
35,voter,FALSE,FALSE,no_determinants,87,0.17611336032388664
35,voter,FALSE,FALSE,too_many_missing_determinants,31,0.06275303643724696
35,voter,TRUE,TRUE,usable_complete,245,0.4959514170040486
35,voter,TRUE,TRUE,usable_complete_limited_metadata,4,0.008097165991902834
35,voter,TRUE,TRUE,usable_partial,127,0.25708502024291496
36,abstention,FALSE,FALSE,no_determinants,34,0.06719367588932806
36,abstention,FALSE,FALSE,suspicious_determinants,2,0.003952569169960474
36,abstention,FALSE,FALSE,too_many_missing_determinants,3,0.005928853754940711
36,abstention,TRUE,TRUE,usable_complete,396,0.782608695652174
36,abstention,TRUE,TRUE,usable_complete_limited_metadata,20,0.039525691699604744
36,abstention,TRUE,TRUE,usable_partial,49,0.09683794466403162
36,abstention,TRUE,TRUE,usable_partial_limited_metadata,2,0.003952569169960474
36,voter,FALSE,FALSE,no_determinants,89,0.18016194331983806
36,voter,FALSE,FALSE,suspicious_determinants,4,0.008097165991902834
36,voter,FALSE,FALSE,too_many_missing_determinants,25,0.05060728744939271
36,voter,TRUE,TRUE,usable_complete,237,0.4797570850202429
36,voter,TRUE,TRUE,usable_complete_limited_metadata,5,0.010121457489878543
36,voter,TRUE,TRUE,usable_partial,133,0.2692307692307692
36,voter,TRUE,TRUE,usable_partial_limited_metadata,1,0.0020242914979757085
37,abstention,FALSE,FALSE,no_determinants,39,0.07707509881422925
37,abstention,FALSE,FALSE,too_many_missing_determinants,3,0.005928853754940711
37,abstention,TRUE,TRUE,usable_complete,393,0.7766798418972332
37,abstention,TRUE,TRUE,usable_complete_limited_metadata,20,0.039525691699604744
37,abstention,TRUE,TRUE,usable_partial,45,0.08893280632411067
37,abstention,TRUE,TRUE,usable_partial_limited_metadata,6,0.011857707509881422
37,voter,FALSE,FALSE,no_determinants,86,0.17408906882591094
37,voter,FALSE,FALSE,suspicious_determinants,3,0.006072874493927126
37,voter,FALSE,FALSE,too_many_missing_determinants,20,0.04048582995951417
37,voter,TRUE,TRUE,usable_complete,246,0.4979757085020243
37,voter,TRUE,TRUE,usable_complete_limited_metadata,8,0.016194331983805668
37,voter,TRUE,TRUE,usable_partial,130,0.2631578947368421
37,voter,TRUE,TRUE,usable_partial_limited_metadata,1,0.0020242914979757085
38,abstention,FALSE,FALSE,no_determinants,37,0.07312252964426877
38,abstention,FALSE,FALSE,suspicious_determinants,2,0.003952569169960474
38,abstention,FALSE,FALSE,too_many_missing_determinants,6,0.011857707509881422
38,abstention,TRUE,TRUE,usable_complete,393,0.7766798418972332
38,abstention,TRUE,TRUE,usable_complete_limited_metadata,24,0.04743083003952569
38,abstention,TRUE,TRUE,usable_partial,41,0.08102766798418973
38,abstention,TRUE,TRUE,usable_partial_limited_metadata,3,0.005928853754940711
38,voter,FALSE,FALSE,no_determinants,69,0.1396761133603239
38,voter,FALSE,FALSE,suspicious_determinants,3,0.006072874493927126
38,voter,FALSE,FALSE,too_many_missing_determinants,32,0.06477732793522267
38,voter,TRUE,TRUE,usable_complete,258,0.5222672064777328
38,voter,TRUE,TRUE,usable_complete_limited_metadata,1,0.0020242914979757085
38,voter,TRUE,TRUE,usable_partial,130,0.2631578947368421
38,voter,TRUE,TRUE,usable_partial_limited_metadata,1,0.0020242914979757085
39,abstention,FALSE,FALSE,no_determinants,21,0.041501976284584984
39,abstention,FALSE,FALSE,suspicious_determinants,2,0.003952569169960474
39,abstention,FALSE,FALSE,too_many_missing_determinants,3,0.005928853754940711
39,abstention,TRUE,TRUE,usable_complete,410,0.8102766798418972
39,abstention,TRUE,TRUE,usable_complete_limited_metadata,20,0.039525691699604744
39,abstention,TRUE,TRUE,usable_partial,47,0.09288537549407115
39,abstention,TRUE,TRUE,usable_partial_limited_metadata,3,0.005928853754940711
39,voter,FALSE,FALSE,no_determinants,73,0.14777327935222673
39,voter,FALSE,FALSE,suspicious_determinants,3,0.006072874493927126
39,voter,FALSE,FALSE,too_many_missing_determinants,30,0.06072874493927125
39,voter,TRUE,TRUE,usable_complete,264,0.5344129554655871
39,voter,TRUE,TRUE,usable_complete_limited_metadata,7,0.01417004048582996
39,voter,TRUE,TRUE,usable_partial,117,0.23684210526315788
40,abstention,FALSE,FALSE,no_determinants,35,0.0691699604743083
40,abstention,FALSE,FALSE,suspicious_determinants,1,0.001976284584980237
40,abstention,FALSE,FALSE,too_many_missing_determinants,3,0.005928853754940711
40,abstention,TRUE,TRUE,usable_complete,388,0.766798418972332
40,abstention,TRUE,TRUE,usable_complete_limited_metadata,15,0.029644268774703556
40,abstention,TRUE,TRUE,usable_partial,59,0.116600790513834
40,abstention,TRUE,TRUE,usable_partial_limited_metadata,5,0.009881422924901186
40,voter,FALSE,FALSE,no_determinants,67,0.13562753036437247
40,voter,FALSE,FALSE,suspicious_determinants,1,0.0020242914979757085
40,voter,FALSE,FALSE,too_many_missing_determinants,25,0.05060728744939271
40,voter,TRUE,TRUE,usable_complete,258,0.5222672064777328
40,voter,TRUE,TRUE,usable_complete_limited_metadata,9,0.018218623481781375
40,voter,TRUE,TRUE,usable_partial,134,0.27125506072874495
41,abstention,FALSE,FALSE,no_determinants,37,0.07312252964426877
41,abstention,FALSE,FALSE,suspicious_determinants,1,0.001976284584980237
41,abstention,FALSE,FALSE,too_many_missing_determinants,6,0.011857707509881422
41,abstention,TRUE,TRUE,usable_complete,397,0.7845849802371542
41,abstention,TRUE,TRUE,usable_complete_limited_metadata,30,0.05928853754940711
41,abstention,TRUE,TRUE,usable_partial,33,0.06521739130434782
41,abstention,TRUE,TRUE,usable_partial_limited_metadata,2,0.003952569169960474
41,voter,FALSE,FALSE,no_determinants,86,0.17408906882591094
41,voter,FALSE,FALSE,suspicious_determinants,3,0.006072874493927126
41,voter,FALSE,FALSE,too_many_missing_determinants,27,0.05465587044534413
41,voter,TRUE,TRUE,usable_complete,244,0.4939271255060729
41,voter,TRUE,TRUE,usable_complete_limited_metadata,6,0.012145748987854251
41,voter,TRUE,TRUE,usable_partial,128,0.2591093117408907
42,abstention,FALSE,FALSE,no_determinants,32,0.06324110671936758
42,abstention,FALSE,FALSE,suspicious_determinants,1,0.001976284584980237
42,abstention,FALSE,FALSE,too_many_missing_determinants,5,0.009881422924901186
42,abstention,TRUE,TRUE,usable_complete,404,0.7984189723320159
42,abstention,TRUE,TRUE,usable_complete_limited_metadata,14,0.02766798418972332
42,abstention,TRUE,TRUE,usable_partial,50,0.09881422924901186
42,voter,FALSE,FALSE,no_determinants,64,0.12955465587044535
42,voter,FALSE,FALSE,suspicious_determinants,2,0.004048582995951417
42,voter,FALSE,FALSE,too_many_missing_determinants,19,0.038461538461538464
42,voter,TRUE,TRUE,usable_complete,264,0.5344129554655871
42,voter,TRUE,TRUE,usable_complete_limited_metadata,4,0.008097165991902834
42,voter,TRUE,TRUE,usable_partial,138,0.2793522267206478
42,voter,TRUE,TRUE,usable_partial_limited_metadata,3,0.006072874493927126
43,abstention,FALSE,FALSE,no_determinants,32,0.06324110671936758
43,abstention,FALSE,FALSE,suspicious_determinants,2,0.003952569169960474
43,abstention,FALSE,FALSE,too_many_missing_determinants,3,0.005928853754940711
43,abstention,TRUE,TRUE,usable_complete,399,0.7885375494071146
43,abstention,TRUE,TRUE,usable_complete_limited_metadata,21,0.041501976284584984
43,abstention,TRUE,TRUE,usable_partial,47,0.09288537549407115
43,abstention,TRUE,TRUE,usable_partial_limited_metadata,2,0.003952569169960474
43,voter,FALSE,FALSE,no_determinants,84,0.1700404858299595
43,voter,FALSE,FALSE,suspicious_determinants,3,0.006072874493927126
43,voter,FALSE,FALSE,too_many_missing_determinants,30,0.06072874493927125
43,voter,TRUE,TRUE,usable_complete,230,0.46558704453441296
43,voter,TRUE,TRUE,usable_complete_limited_metadata,14,0.02834008097165992
43,voter,TRUE,TRUE,usable_partial,133,0.2692307692307692
44,abstention,FALSE,FALSE,no_determinants,35,0.0691699604743083
44,abstention,FALSE,FALSE,too_many_missing_determinants,4,0.007905138339920948
44,abstention,TRUE,TRUE,usable_complete,403,0.7964426877470355
44,abstention,TRUE,TRUE,usable_complete_limited_metadata,25,0.04940711462450593
44,abstention,TRUE,TRUE,usable_partial,36,0.07114624505928854
44,abstention,TRUE,TRUE,usable_partial_limited_metadata,3,0.005928853754940711
44,voter,FALSE,FALSE,no_determinants,84,0.1700404858299595
44,voter,FALSE,FALSE,suspicious_determinants,2,0.004048582995951417
44,voter,FALSE,FALSE,too_many_missing_determinants,28,0.05668016194331984
44,voter,TRUE,TRUE,usable_complete,252,0.5101214574898786
44,voter,TRUE,TRUE,usable_complete_limited_metadata,4,0.008097165991902834
44,voter,TRUE,TRUE,usable_partial,124,0.25101214574898784
45,abstention,FALSE,FALSE,no_determinants,37,0.07312252964426877
45,abstention,FALSE,FALSE,too_many_missing_determinants,4,0.007905138339920948
45,abstention,TRUE,TRUE,usable_complete,399,0.7885375494071146
45,abstention,TRUE,TRUE,usable_complete_limited_metadata,19,0.037549407114624504
45,abstention,TRUE,TRUE,usable_partial,47,0.09288537549407115
45,voter,FALSE,FALSE,no_determinants,94,0.1902834008097166
45,voter,FALSE,FALSE,suspicious_determinants,4,0.008097165991902834
45,voter,FALSE,FALSE,too_many_missing_determinants,23,0.0465587044534413
45,voter,TRUE,TRUE,usable_complete,232,0.46963562753036436
45,voter,TRUE,TRUE,usable_complete_limited_metadata,4,0.008097165991902834
45,voter,TRUE,TRUE,usable_partial,136,0.27530364372469635
45,voter,TRUE,TRUE,usable_partial_limited_metadata,1,0.0020242914979757085
46,abstention,FALSE,FALSE,no_determinants,40,0.07905138339920949
46,abstention,FALSE,FALSE,suspicious_determinants,4,0.007905138339920948
46,abstention,FALSE,FALSE,too_many_missing_determinants,7,0.01383399209486166
46,abstention,TRUE,TRUE,usable_complete,390,0.7707509881422925
46,abstention,TRUE,TRUE,usable_complete_limited_metadata,17,0.03359683794466403
46,abstention,TRUE,TRUE,usable_partial,46,0.09090909090909091
46,abstention,TRUE,TRUE,usable_partial_limited_metadata,2,0.003952569169960474
46,voter,FALSE,FALSE,no_determinants,91,0.18421052631578946
46,voter,FALSE,FALSE,suspicious_determinants,6,0.012145748987854251
46,voter,FALSE,FALSE,too_many_missing_determinants,20,0.04048582995951417
46,voter,TRUE,TRUE,usable_complete,244,0.4939271255060729
46,voter,TRUE,TRUE,usable_complete_limited_metadata,6,0.012145748987854251
46,voter,TRUE,TRUE,usable_partial,127,0.25708502024291496
47,abstention,FALSE,FALSE,no_determinants,29,0.05731225296442688
47,abstention,FALSE,FALSE,suspicious_determinants,1,0.001976284584980237
47,abstention,FALSE,FALSE,too_many_missing_determinants,6,0.011857707509881422
47,abstention,TRUE,TRUE,usable_complete,404,0.7984189723320159
47,abstention,TRUE,TRUE,usable_complete_limited_metadata,23,0.045454545454545456
47,abstention,TRUE,TRUE,usable_partial,39,0.07707509881422925
47,abstention,TRUE,TRUE,usable_partial_limited_metadata,4,0.007905138339920948
47,voter,FALSE,FALSE,no_determinants,83,0.1680161943319838
47,voter,FALSE,FALSE,suspicious_determinants,2,0.004048582995951417
47,voter,FALSE,FALSE,too_many_missing_determinants,18,0.03643724696356275
47,voter,TRUE,TRUE,usable_complete,270,0.5465587044534413
47,voter,TRUE,TRUE,usable_complete_limited_metadata,6,0.012145748987854251
47,voter,TRUE,TRUE,usable_partial,114,0.23076923076923078
47,voter,TRUE,TRUE,usable_partial_limited_metadata,1,0.0020242914979757085
48,abstention,FALSE,FALSE,no_determinants,21,0.041501976284584984
48,abstention,FALSE,FALSE,too_many_missing_determinants,6,0.011857707509881422
48,abstention,TRUE,TRUE,usable_complete,411,0.8122529644268774
48,abstention,TRUE,TRUE,usable_complete_limited_metadata,13,0.025691699604743084
48,abstention,TRUE,TRUE,usable_partial,52,0.10276679841897234
48,abstention,TRUE,TRUE,usable_partial_limited_metadata,3,0.005928853754940711
48,voter,FALSE,FALSE,no_determinants,71,0.1437246963562753
48,voter,FALSE,FALSE,suspicious_determinants,1,0.0020242914979757085
48,voter,FALSE,FALSE,too_many_missing_determinants,37,0.07489878542510121
48,voter,TRUE,TRUE,usable_complete,246,0.4979757085020243
48,voter,TRUE,TRUE,usable_complete_limited_metadata,2,0.004048582995951417
48,voter,TRUE,TRUE,usable_partial,135,0.2732793522267207
48,voter,TRUE,TRUE,usable_partial_limited_metadata,2,0.004048582995951417
49,abstention,FALSE,FALSE,no_determinants,45,0.08893280632411067
49,abstention,FALSE,FALSE,suspicious_determinants,1,0.001976284584980237
49,abstention,FALSE,FALSE,too_many_missing_determinants,2,0.003952569169960474
49,abstention,TRUE,TRUE,usable_complete,395,0.7806324110671937
49,abstention,TRUE,TRUE,usable_complete_limited_metadata,19,0.037549407114624504
49,abstention,TRUE,TRUE,usable_partial,41,0.08102766798418973
49,abstention,TRUE,TRUE,usable_partial_limited_metadata,3,0.005928853754940711
49,voter,FALSE,FALSE,no_determinants,81,0.16396761133603238
49,voter,FALSE,FALSE,suspicious_determinants,3,0.006072874493927126
49,voter,FALSE,FALSE,too_many_missing_determinants,26,0.05263157894736842
49,voter,TRUE,TRUE,usable_complete,241,0.48785425101214575
49,voter,TRUE,TRUE,usable_complete_limited_metadata,7,0.01417004048582996
49,voter,TRUE,TRUE,usable_partial,136,0.27530364372469635
50,abstention,FALSE,FALSE,no_determinants,30,0.05928853754940711
50,abstention,FALSE,FALSE,suspicious_determinants,3,0.005928853754940711
50,abstention,FALSE,FALSE,too_many_missing_determinants,4,0.007905138339920948
50,abstention,TRUE,TRUE,usable_complete,395,0.7806324110671937
50,abstention,TRUE,TRUE,usable_complete_limited_metadata,30,0.05928853754940711
50,abstention,TRUE,TRUE,usable_partial,38,0.07509881422924901
50,abstention,TRUE,TRUE,usable_partial_limited_metadata,6,0.011857707509881422
50,voter,FALSE,FALSE,no_determinants,92,0.1862348178137652
50,voter,FALSE,FALSE,suspicious_determinants,5,0.010121457489878543
50,voter,FALSE,FALSE,too_many_missing_determinants,19,0.038461538461538464
50,voter,TRUE,TRUE,usable_complete,239,0.48380566801619435
50,voter,TRUE,TRUE,usable_complete_limited_metadata,9,0.018218623481781375
50,voter,TRUE,TRUE,usable_partial,129,0.2611336032388664
50,voter,TRUE,TRUE,usable_partial_limited_metadata,1,0.0020242914979757085
51,abstention,FALSE,FALSE,no_determinants,41,0.08102766798418973
51,abstention,FALSE,FALSE,suspicious_determinants,1,0.001976284584980237
51,abstention,FALSE,FALSE,too_many_missing_determinants,3,0.005928853754940711
51,abstention,TRUE,TRUE,usable_complete,386,0.7628458498023716
51,abstention,TRUE,TRUE,usable_complete_limited_metadata,10,0.019762845849802372
51,abstention,TRUE,TRUE,usable_partial,62,0.1225296442687747
51,abstention,TRUE,TRUE,usable_partial_limited_metadata,3,0.005928853754940711
51,voter,FALSE,FALSE,no_determinants,66,0.13360323886639677
51,voter,FALSE,FALSE,suspicious_determinants,3,0.006072874493927126
51,voter,FALSE,FALSE,too_many_missing_determinants,26,0.05263157894736842
51,voter,TRUE,TRUE,usable_complete,264,0.5344129554655871
51,voter,TRUE,TRUE,usable_complete_limited_metadata,7,0.01417004048582996
51,voter,TRUE,TRUE,usable_partial,125,0.25303643724696356
51,voter,TRUE,TRUE,usable_partial_limited_metadata,3,0.006072874493927126
52,abstention,FALSE,FALSE,no_determinants,31,0.06126482213438735
52,abstention,FALSE,FALSE,suspicious_determinants,3,0.005928853754940711
52,abstention,FALSE,FALSE,too_many_missing_determinants,4,0.007905138339920948
52,abstention,TRUE,TRUE,usable_complete,403,0.7964426877470355
52,abstention,TRUE,TRUE,usable_complete_limited_metadata,15,0.029644268774703556
52,abstention,TRUE,TRUE,usable_partial,47,0.09288537549407115
52,abstention,TRUE,TRUE,usable_partial_limited_metadata,3,0.005928853754940711
52,voter,FALSE,FALSE,no_determinants,77,0.15587044534412955
52,voter,FALSE,FALSE,suspicious_determinants,3,0.006072874493927126
52,voter,FALSE,FALSE,too_many_missing_determinants,28,0.05668016194331984
52,voter,TRUE,TRUE,usable_complete,254,0.5141700404858299
52,voter,TRUE,TRUE,usable_complete_limited_metadata,8,0.016194331983805668
52,voter,TRUE,TRUE,usable_partial,120,0.242914979757085
52,voter,TRUE,TRUE,usable_partial_limited_metadata,4,0.008097165991902834
53,abstention,FALSE,FALSE,no_determinants,19,0.037549407114624504
53,abstention,FALSE,FALSE,suspicious_determinants,3,0.005928853754940711
53,abstention,FALSE,FALSE,too_many_missing_determinants,1,0.001976284584980237
53,abstention,TRUE,TRUE,usable_complete,409,0.808300395256917
53,abstention,TRUE,TRUE,usable_complete_limited_metadata,10,0.019762845849802372
53,abstention,TRUE,TRUE,usable_partial,60,0.11857707509881422
53,abstention,TRUE,TRUE,usable_partial_limited_metadata,4,0.007905138339920948
53,voter,FALSE,FALSE,no_determinants,67,0.13562753036437247
53,voter,FALSE,FALSE,suspicious_determinants,3,0.006072874493927126
53,voter,FALSE,FALSE,too_many_missing_determinants,21,0.04251012145748988
53,voter,TRUE,TRUE,usable_complete,253,0.5121457489878543
53,voter,TRUE,TRUE,usable_complete_limited_metadata,9,0.018218623481781375
53,voter,TRUE,TRUE,usable_partial,139,0.2813765182186235
53,voter,TRUE,TRUE,usable_partial_limited_metadata,2,0.004048582995951417
54,abstention,FALSE,FALSE,no_determinants,33,0.06521739130434782
54,abstention,FALSE,FALSE,suspicious_determinants,1,0.001976284584980237
54,abstention,FALSE,FALSE,too_many_missing_determinants,2,0.003952569169960474
54,abstention,TRUE,TRUE,usable_complete,389,0.7687747035573123
54,abstention,TRUE,TRUE,usable_complete_limited_metadata,20,0.039525691699604744
54,abstention,TRUE,TRUE,usable_partial,58,0.11462450592885376
54,abstention,TRUE,TRUE,usable_partial_limited_metadata,3,0.005928853754940711
54,voter,FALSE,FALSE,no_determinants,91,0.18421052631578946
54,voter,FALSE,FALSE,suspicious_determinants,3,0.006072874493927126
54,voter,FALSE,FALSE,too_many_missing_determinants,27,0.05465587044534413
54,voter,TRUE,TRUE,usable_complete,244,0.4939271255060729
54,voter,TRUE,TRUE,usable_complete_limited_metadata,1,0.0020242914979757085
54,voter,TRUE,TRUE,usable_partial,127,0.25708502024291496
54,voter,TRUE,TRUE,usable_partial_limited_metadata,1,0.0020242914979757085
55,abstention,FALSE,FALSE,no_determinants,34,0.06719367588932806
55,abstention,FALSE,FALSE,suspicious_determinants,3,0.005928853754940711
55,abstention,FALSE,FALSE,too_many_missing_determinants,4,0.007905138339920948
55,abstention,TRUE,TRUE,usable_complete,383,0.7569169960474308
55,abstention,TRUE,TRUE,usable_complete_limited_metadata,18,0.03557312252964427
55,abstention,TRUE,TRUE,usable_partial,61,0.12055335968379446
55,abstention,TRUE,TRUE,usable_partial_limited_metadata,3,0.005928853754940711
55,voter,FALSE,FALSE,no_determinants,92,0.1862348178137652
55,voter,FALSE,FALSE,suspicious_determinants,3,0.006072874493927126
55,voter,FALSE,FALSE,too_many_missing_determinants,21,0.04251012145748988
55,voter,TRUE,TRUE,usable_complete,253,0.5121457489878543
55,voter,TRUE,TRUE,usable_complete_limited_metadata,10,0.020242914979757085
55,voter,TRUE,TRUE,usable_partial,115,0.23279352226720648
56,abstention,FALSE,FALSE,no_determinants,39,0.07707509881422925
56,abstention,FALSE,FALSE,too_many_missing_determinants,3,0.005928853754940711
56,abstention,TRUE,TRUE,usable_complete,397,0.7845849802371542
56,abstention,TRUE,TRUE,usable_complete_limited_metadata,14,0.02766798418972332
56,abstention,TRUE,TRUE,usable_partial,51,0.1007905138339921
56,abstention,TRUE,TRUE,usable_partial_limited_metadata,2,0.003952569169960474
56,voter,FALSE,FALSE,no_determinants,76,0.15384615384615385
56,voter,FALSE,FALSE,suspicious_determinants,3,0.006072874493927126
56,voter,FALSE,FALSE,too_many_missing_determinants,24,0.048582995951417005
56,voter,TRUE,TRUE,usable_complete,248,0.5020242914979757
56,voter,TRUE,TRUE,usable_complete_limited_metadata,8,0.016194331983805668
56,voter,TRUE,TRUE,usable_partial,132,0.26720647773279355
56,voter,TRUE,TRUE,usable_partial_limited_metadata,3,0.006072874493927126
57,abstention,FALSE,FALSE,no_determinants,24,0.04743083003952569
57,abstention,FALSE,FALSE,too_many_missing_determinants,6,0.011857707509881422
57,abstention,TRUE,TRUE,usable_complete,414,0.8181818181818182
57,abstention,TRUE,TRUE,usable_complete_limited_metadata,21,0.041501976284584984
57,abstention,TRUE,TRUE,usable_partial,39,0.07707509881422925
57,abstention,TRUE,TRUE,usable_partial_limited_metadata,2,0.003952569169960474
57,voter,FALSE,FALSE,no_determinants,79,0.15991902834008098
57,voter,FALSE,FALSE,suspicious_determinants,3,0.006072874493927126
57,voter,FALSE,FALSE,too_many_missing_determinants,25,0.05060728744939271
57,voter,TRUE,TRUE,usable_complete,263,0.5323886639676113
57,voter,TRUE,TRUE,usable_complete_limited_metadata,4,0.008097165991902834
57,voter,TRUE,TRUE,usable_partial,120,0.242914979757085
58,abstention,FALSE,FALSE,no_determinants,42,0.08300395256916997
58,abstention,FALSE,FALSE,suspicious_determinants,2,0.003952569169960474
58,abstention,FALSE,FALSE,too_many_missing_determinants,1,0.001976284584980237
58,abstention,TRUE,TRUE,usable_complete,400,0.7905138339920948
58,abstention,TRUE,TRUE,usable_complete_limited_metadata,22,0.043478260869565216
58,abstention,TRUE,TRUE,usable_partial,39,0.07707509881422925
58,voter,FALSE,FALSE,no_determinants,71,0.1437246963562753
58,voter,FALSE,FALSE,suspicious_determinants,5,0.010121457489878543
58,voter,FALSE,FALSE,too_many_missing_determinants,24,0.048582995951417005
58,voter,TRUE,TRUE,usable_complete,260,0.5263157894736842
58,voter,TRUE,TRUE,usable_complete_limited_metadata,5,0.010121457489878543
58,voter,TRUE,TRUE,usable_partial,127,0.25708502024291496
58,voter,TRUE,TRUE,usable_partial_limited_metadata,2,0.004048582995951417
59,abstention,FALSE,FALSE,no_determinants,31,0.06126482213438735
59,abstention,FALSE,FALSE,too_many_missing_determinants,4,0.007905138339920948
59,abstention,TRUE,TRUE,usable_complete,406,0.8023715415019763
59,abstention,TRUE,TRUE,usable_complete_limited_metadata,19,0.037549407114624504
59,abstention,TRUE,TRUE,usable_partial,44,0.08695652173913043
59,abstention,TRUE,TRUE,usable_partial_limited_metadata,2,0.003952569169960474
59,voter,FALSE,FALSE,no_determinants,82,0.1659919028340081
59,voter,FALSE,FALSE,suspicious_determinants,4,0.008097165991902834
59,voter,FALSE,FALSE,too_many_missing_determinants,23,0.0465587044534413
59,voter,TRUE,TRUE,usable_complete,229,0.46356275303643724
59,voter,TRUE,TRUE,usable_complete_limited_metadata,8,0.016194331983805668
59,voter,TRUE,TRUE,usable_partial,147,0.2975708502024291
59,voter,TRUE,TRUE,usable_partial_limited_metadata,1,0.0020242914979757085
60,abstention,FALSE,FALSE,no_determinants,26,0.05138339920948617
60,abstention,FALSE,FALSE,suspicious_determinants,2,0.003952569169960474
60,abstention,FALSE,FALSE,too_many_missing_determinants,9,0.017786561264822136
60,abstention,TRUE,TRUE,usable_complete,399,0.7885375494071146
60,abstention,TRUE,TRUE,usable_complete_limited_metadata,26,0.05138339920948617
60,abstention,TRUE,TRUE,usable_partial,43,0.08498023715415019
60,abstention,TRUE,TRUE,usable_partial_limited_metadata,1,0.001976284584980237
60,voter,FALSE,FALSE,no_determinants,66,0.13360323886639677
60,voter,FALSE,FALSE,suspicious_determinants,3,0.006072874493927126
60,voter,FALSE,FALSE,too_many_missing_determinants,27,0.05465587044534413
60,voter,TRUE,TRUE,usable_complete,262,0.5303643724696356
60,voter,TRUE,TRUE,usable_complete_limited_metadata,9,0.018218623481781375
60,voter,TRUE,TRUE,usable_partial,127,0.25708502024291496
61,abstention,FALSE,FALSE,no_determinants,25,0.04940711462450593
61,abstention,FALSE,FALSE,too_many_missing_determinants,3,0.005928853754940711
61,abstention,TRUE,TRUE,usable_complete,397,0.7845849802371542
61,abstention,TRUE,TRUE,usable_complete_limited_metadata,25,0.04940711462450593
61,abstention,TRUE,TRUE,usable_partial,53,0.10474308300395258
61,abstention,TRUE,TRUE,usable_partial_limited_metadata,3,0.005928853754940711
61,voter,FALSE,FALSE,no_determinants,81,0.16396761133603238
61,voter,FALSE,FALSE,suspicious_determinants,2,0.004048582995951417
61,voter,FALSE,FALSE,too_many_missing_determinants,25,0.05060728744939271
61,voter,TRUE,TRUE,usable_complete,240,0.48582995951417
61,voter,TRUE,TRUE,usable_complete_limited_metadata,7,0.01417004048582996
61,voter,TRUE,TRUE,usable_partial,138,0.2793522267206478
61,voter,TRUE,TRUE,usable_partial_limited_metadata,1,0.0020242914979757085
62,abstention,FALSE,FALSE,no_determinants,42,0.08300395256916997
62,abstention,FALSE,FALSE,suspicious_determinants,1,0.001976284584980237
62,abstention,FALSE,FALSE,too_many_missing_determinants,5,0.009881422924901186
62,abstention,TRUE,TRUE,usable_complete,388,0.766798418972332
62,abstention,TRUE,TRUE,usable_complete_limited_metadata,12,0.023715415019762844
62,abstention,TRUE,TRUE,usable_partial,56,0.11067193675889328
62,abstention,TRUE,TRUE,usable_partial_limited_metadata,2,0.003952569169960474
62,voter,FALSE,FALSE,no_determinants,83,0.1680161943319838
62,voter,FALSE,FALSE,suspicious_determinants,6,0.012145748987854251
62,voter,FALSE,FALSE,too_many_missing_determinants,27,0.05465587044534413
62,voter,TRUE,TRUE,usable_complete,245,0.4959514170040486
62,voter,TRUE,TRUE,usable_complete_limited_metadata,5,0.010121457489878543
62,voter,TRUE,TRUE,usable_partial,126,0.2550607287449393
62,voter,TRUE,TRUE,usable_partial_limited_metadata,2,0.004048582995951417
63,abstention,FALSE,FALSE,no_determinants,27,0.0533596837944664
63,abstention,FALSE,FALSE,suspicious_determinants,1,0.001976284584980237
63,abstention,FALSE,FALSE,too_many_missing_determinants,5,0.009881422924901186
63,abstention,TRUE,TRUE,usable_complete,406,0.8023715415019763
63,abstention,TRUE,TRUE,usable_complete_limited_metadata,11,0.021739130434782608
63,abstention,TRUE,TRUE,usable_partial,53,0.10474308300395258
63,abstention,TRUE,TRUE,usable_partial_limited_metadata,3,0.005928853754940711
63,voter,FALSE,FALSE,no_determinants,68,0.13765182186234817
63,voter,FALSE,FALSE,suspicious_determinants,5,0.010121457489878543
63,voter,FALSE,FALSE,too_many_missing_determinants,33,0.06680161943319839
63,voter,TRUE,TRUE,usable_complete,242,0.4898785425101215
63,voter,TRUE,TRUE,usable_complete_limited_metadata,8,0.016194331983805668
63,voter,TRUE,TRUE,usable_partial,138,0.2793522267206478
64,abstention,FALSE,FALSE,no_determinants,41,0.08102766798418973
64,abstention,FALSE,FALSE,too_many_missing_determinants,5,0.009881422924901186
64,abstention,TRUE,TRUE,usable_complete,389,0.7687747035573123
64,abstention,TRUE,TRUE,usable_complete_limited_metadata,20,0.039525691699604744
64,abstention,TRUE,TRUE,usable_partial,46,0.09090909090909091
64,abstention,TRUE,TRUE,usable_partial_limited_metadata,5,0.009881422924901186
64,voter,FALSE,FALSE,no_determinants,71,0.1437246963562753
64,voter,FALSE,FALSE,suspicious_determinants,3,0.006072874493927126
64,voter,FALSE,FALSE,too_many_missing_determinants,31,0.06275303643724696
64,voter,TRUE,TRUE,usable_complete,247,0.5
64,voter,TRUE,TRUE,usable_complete_limited_metadata,4,0.008097165991902834
64,voter,TRUE,TRUE,usable_partial,137,0.2773279352226721
64,voter,TRUE,TRUE,usable_partial_limited_metadata,1,0.0020242914979757085
65,abstention,FALSE,FALSE,no_determinants,33,0.06521739130434782
65,abstention,FALSE,FALSE,suspicious_determinants,1,0.001976284584980237
65,abstention,FALSE,FALSE,too_many_missing_determinants,4,0.007905138339920948
65,abstention,TRUE,TRUE,usable_complete,407,0.8043478260869565
65,abstention,TRUE,TRUE,usable_complete_limited_metadata,16,0.03162055335968379
65,abstention,TRUE,TRUE,usable_partial,42,0.08300395256916997
65,abstention,TRUE,TRUE,usable_partial_limited_metadata,3,0.005928853754940711
65,voter,FALSE,FALSE,no_determinants,79,0.15991902834008098
65,voter,FALSE,FALSE,suspicious_determinants,1,0.0020242914979757085
65,voter,FALSE,FALSE,too_many_missing_determinants,32,0.06477732793522267
65,voter,TRUE,TRUE,usable_complete,241,0.48785425101214575
65,voter,TRUE,TRUE,usable_complete_limited_metadata,8,0.016194331983805668
65,voter,TRUE,TRUE,usable_partial,133,0.2692307692307692
66,abstention,FALSE,FALSE,no_determinants,32,0.06324110671936758
66,abstention,FALSE,FALSE,suspicious_determinants,1,0.001976284584980237
66,abstention,FALSE,FALSE,too_many_missing_determinants,7,0.01383399209486166
66,abstention,TRUE,TRUE,usable_complete,398,0.7865612648221344
66,abstention,TRUE,TRUE,usable_complete_limited_metadata,20,0.039525691699604744
66,abstention,TRUE,TRUE,usable_partial,43,0.08498023715415019
66,abstention,TRUE,TRUE,usable_partial_limited_metadata,5,0.009881422924901186
66,voter,FALSE,FALSE,no_determinants,75,0.15182186234817813
66,voter,FALSE,FALSE,suspicious_determinants,7,0.01417004048582996
66,voter,FALSE,FALSE,too_many_missing_determinants,21,0.04251012145748988
66,voter,TRUE,TRUE,usable_complete,239,0.48380566801619435
66,voter,TRUE,TRUE,usable_complete_limited_metadata,4,0.008097165991902834
66,voter,TRUE,TRUE,usable_partial,146,0.29554655870445345
66,voter,TRUE,TRUE,usable_partial_limited_metadata,2,0.004048582995951417
67,abstention,FALSE,FALSE,no_determinants,26,0.05138339920948617
67,abstention,FALSE,FALSE,suspicious_determinants,1,0.001976284584980237
67,abstention,FALSE,FALSE,too_many_missing_determinants,5,0.009881422924901186
67,abstention,TRUE,TRUE,usable_complete,412,0.8142292490118577
67,abstention,TRUE,TRUE,usable_complete_limited_metadata,13,0.025691699604743084
67,abstention,TRUE,TRUE,usable_partial,45,0.08893280632411067
67,abstention,TRUE,TRUE,usable_partial_limited_metadata,4,0.007905138339920948
67,voter,FALSE,FALSE,no_determinants,75,0.15182186234817813
67,voter,FALSE,FALSE,suspicious_determinants,4,0.008097165991902834
67,voter,FALSE,FALSE,too_many_missing_determinants,18,0.03643724696356275
67,voter,TRUE,TRUE,usable_complete,239,0.48380566801619435
67,voter,TRUE,TRUE,usable_complete_limited_metadata,12,0.024291497975708502
67,voter,TRUE,TRUE,usable_partial,146,0.29554655870445345
68,abstention,FALSE,FALSE,no_determinants,37,0.07312252964426877
68,abstention,FALSE,FALSE,suspicious_determinants,1,0.001976284584980237
68,abstention,FALSE,FALSE,too_many_missing_determinants,6,0.011857707509881422
68,abstention,TRUE,TRUE,usable_complete,396,0.782608695652174
68,abstention,TRUE,TRUE,usable_complete_limited_metadata,15,0.029644268774703556
68,abstention,TRUE,TRUE,usable_partial,49,0.09683794466403162
68,abstention,TRUE,TRUE,usable_partial_limited_metadata,2,0.003952569169960474
68,voter,FALSE,FALSE,no_determinants,67,0.13562753036437247
68,voter,FALSE,FALSE,suspicious_determinants,5,0.010121457489878543
68,voter,FALSE,FALSE,too_many_missing_determinants,31,0.06275303643724696
68,voter,TRUE,TRUE,usable_complete,260,0.5263157894736842
68,voter,TRUE,TRUE,usable_complete_limited_metadata,8,0.016194331983805668
68,voter,TRUE,TRUE,usable_partial,122,0.24696356275303644
68,voter,TRUE,TRUE,usable_partial_limited_metadata,1,0.0020242914979757085
69,abstention,FALSE,FALSE,no_determinants,38,0.07509881422924901
69,abstention,FALSE,FALSE,suspicious_determinants,1,0.001976284584980237
69,abstention,FALSE,FALSE,too_many_missing_determinants,2,0.003952569169960474
69,abstention,TRUE,TRUE,usable_complete,401,0.7924901185770751
69,abstention,TRUE,TRUE,usable_complete_limited_metadata,18,0.03557312252964427
69,abstention,TRUE,TRUE,usable_partial,43,0.08498023715415019
69,abstention,TRUE,TRUE,usable_partial_limited_metadata,3,0.005928853754940711
69,voter,FALSE,FALSE,no_determinants,77,0.15587044534412955
69,voter,FALSE,FALSE,suspicious_determinants,3,0.006072874493927126
69,voter,FALSE,FALSE,too_many_missing_determinants,22,0.044534412955465584
69,voter,TRUE,TRUE,usable_complete,255,0.5161943319838057
69,voter,TRUE,TRUE,usable_complete_limited_metadata,7,0.01417004048582996
69,voter,TRUE,TRUE,usable_partial,130,0.2631578947368421
70,abstention,FALSE,FALSE,no_determinants,31,0.06126482213438735
70,abstention,FALSE,FALSE,suspicious_determinants,1,0.001976284584980237
70,abstention,FALSE,FALSE,too_many_missing_determinants,4,0.007905138339920948
70,abstention,TRUE,TRUE,usable_complete,402,0.7944664031620553
70,abstention,TRUE,TRUE,usable_complete_limited_metadata,19,0.037549407114624504
70,abstention,TRUE,TRUE,usable_partial,45,0.08893280632411067
70,abstention,TRUE,TRUE,usable_partial_limited_metadata,4,0.007905138339920948
70,voter,FALSE,FALSE,no_determinants,80,0.16194331983805668
70,voter,FALSE,FALSE,suspicious_determinants,1,0.0020242914979757085
70,voter,FALSE,FALSE,too_many_missing_determinants,27,0.05465587044534413
70,voter,TRUE,TRUE,usable_complete,244,0.4939271255060729
70,voter,TRUE,TRUE,usable_complete_limited_metadata,9,0.018218623481781375
70,voter,TRUE,TRUE,usable_partial,131,0.2651821862348178
70,voter,TRUE,TRUE,usable_partial_limited_metadata,2,0.004048582995951417
71,abstention,FALSE,FALSE,no_determinants,26,0.05138339920948617
71,abstention,FALSE,FALSE,too_many_missing_determinants,6,0.011857707509881422
71,abstention,TRUE,TRUE,usable_complete,400,0.7905138339920948
71,abstention,TRUE,TRUE,usable_complete_limited_metadata,24,0.04743083003952569
71,abstention,TRUE,TRUE,usable_partial,49,0.09683794466403162
71,abstention,TRUE,TRUE,usable_partial_limited_metadata,1,0.001976284584980237
71,voter,FALSE,FALSE,no_determinants,71,0.1437246963562753
71,voter,FALSE,FALSE,suspicious_determinants,9,0.018218623481781375
71,voter,FALSE,FALSE,too_many_missing_determinants,30,0.06072874493927125
71,voter,TRUE,TRUE,usable_complete,248,0.5020242914979757
71,voter,TRUE,TRUE,usable_complete_limited_metadata,9,0.018218623481781375
71,voter,TRUE,TRUE,usable_partial,124,0.25101214574898784
71,voter,TRUE,TRUE,usable_partial_limited_metadata,3,0.006072874493927126
72,abstention,FALSE,FALSE,no_determinants,28,0.05533596837944664
72,abstention,FALSE,FALSE,suspicious_determinants,1,0.001976284584980237
72,abstention,FALSE,FALSE,too_many_missing_determinants,1,0.001976284584980237
72,abstention,TRUE,TRUE,usable_complete,400,0.7905138339920948
72,abstention,TRUE,TRUE,usable_complete_limited_metadata,18,0.03557312252964427
72,abstention,TRUE,TRUE,usable_partial,53,0.10474308300395258
72,abstention,TRUE,TRUE,usable_partial_limited_metadata,5,0.009881422924901186
72,voter,FALSE,FALSE,no_determinants,76,0.15384615384615385
72,voter,FALSE,FALSE,suspicious_determinants,6,0.012145748987854251
72,voter,FALSE,FALSE,too_many_missing_determinants,26,0.05263157894736842
72,voter,TRUE,TRUE,usable_complete,253,0.5121457489878543
72,voter,TRUE,TRUE,usable_complete_limited_metadata,6,0.012145748987854251
72,voter,TRUE,TRUE,usable_partial,127,0.25708502024291496
73,abstention,FALSE,FALSE,no_determinants,34,0.06719367588932806
73,abstention,FALSE,FALSE,suspicious_determinants,3,0.005928853754940711
73,abstention,FALSE,FALSE,too_many_missing_determinants,2,0.003952569169960474
73,abstention,TRUE,TRUE,usable_complete,395,0.7806324110671937
73,abstention,TRUE,TRUE,usable_complete_limited_metadata,14,0.02766798418972332
73,abstention,TRUE,TRUE,usable_partial,56,0.11067193675889328
73,abstention,TRUE,TRUE,usable_partial_limited_metadata,2,0.003952569169960474
73,voter,FALSE,FALSE,no_determinants,73,0.14777327935222673
73,voter,FALSE,FALSE,suspicious_determinants,2,0.004048582995951417
73,voter,FALSE,FALSE,too_many_missing_determinants,27,0.05465587044534413
73,voter,TRUE,TRUE,usable_complete,245,0.4959514170040486
73,voter,TRUE,TRUE,usable_complete_limited_metadata,6,0.012145748987854251
73,voter,TRUE,TRUE,usable_partial,140,0.2834008097165992
73,voter,TRUE,TRUE,usable_partial_limited_metadata,1,0.0020242914979757085
74,abstention,FALSE,FALSE,no_determinants,31,0.06126482213438735
74,abstention,FALSE,FALSE,suspicious_determinants,2,0.003952569169960474
74,abstention,FALSE,FALSE,too_many_missing_determinants,10,0.019762845849802372
74,abstention,TRUE,TRUE,usable_complete,390,0.7707509881422925
74,abstention,TRUE,TRUE,usable_complete_limited_metadata,26,0.05138339920948617
74,abstention,TRUE,TRUE,usable_partial,45,0.08893280632411067
74,abstention,TRUE,TRUE,usable_partial_limited_metadata,2,0.003952569169960474
74,voter,FALSE,FALSE,no_determinants,85,0.1720647773279352
74,voter,FALSE,FALSE,suspicious_determinants,5,0.010121457489878543
74,voter,FALSE,FALSE,too_many_missing_determinants,28,0.05668016194331984
74,voter,TRUE,TRUE,usable_complete,248,0.5020242914979757
74,voter,TRUE,TRUE,usable_complete_limited_metadata,9,0.018218623481781375
74,voter,TRUE,TRUE,usable_partial,119,0.2408906882591093
75,abstention,FALSE,FALSE,no_determinants,26,0.05138339920948617
75,abstention,FALSE,FALSE,suspicious_determinants,1,0.001976284584980237
75,abstention,FALSE,FALSE,too_many_missing_determinants,2,0.003952569169960474
75,abstention,TRUE,TRUE,usable_complete,410,0.8102766798418972
75,abstention,TRUE,TRUE,usable_complete_limited_metadata,23,0.045454545454545456
75,abstention,TRUE,TRUE,usable_partial,43,0.08498023715415019
75,abstention,TRUE,TRUE,usable_partial_limited_metadata,1,0.001976284584980237
75,voter,FALSE,FALSE,no_determinants,67,0.13562753036437247
75,voter,FALSE,FALSE,suspicious_determinants,4,0.008097165991902834
75,voter,FALSE,FALSE,too_many_missing_determinants,29,0.058704453441295545
75,voter,TRUE,TRUE,usable_complete,264,0.5344129554655871
75,voter,TRUE,TRUE,usable_complete_limited_metadata,6,0.012145748987854251
75,voter,TRUE,TRUE,usable_partial,123,0.24898785425101214
75,voter,TRUE,TRUE,usable_partial_limited_metadata,1,0.0020242914979757085
76,abstention,FALSE,FALSE,no_determinants,30,0.05928853754940711
76,abstention,FALSE,FALSE,suspicious_determinants,2,0.003952569169960474
76,abstention,FALSE,FALSE,too_many_missing_determinants,5,0.009881422924901186
76,abstention,TRUE,TRUE,usable_complete,386,0.7628458498023716
76,abstention,TRUE,TRUE,usable_complete_limited_metadata,14,0.02766798418972332
76,abstention,TRUE,TRUE,usable_partial,66,0.13043478260869565
76,abstention,TRUE,TRUE,usable_partial_limited_metadata,3,0.005928853754940711
76,voter,FALSE,FALSE,no_determinants,83,0.1680161943319838
76,voter,FALSE,FALSE,suspicious_determinants,5,0.010121457489878543
76,voter,FALSE,FALSE,too_many_missing_determinants,22,0.044534412955465584
76,voter,TRUE,TRUE,usable_complete,239,0.48380566801619435
76,voter,TRUE,TRUE,usable_complete_limited_metadata,7,0.01417004048582996
76,voter,TRUE,TRUE,usable_partial,137,0.2773279352226721
76,voter,TRUE,TRUE,usable_partial_limited_metadata,1,0.0020242914979757085
77,abstention,FALSE,FALSE,no_determinants,36,0.07114624505928854
77,abstention,FALSE,FALSE,too_many_missing_determinants,6,0.011857707509881422
77,abstention,TRUE,TRUE,usable_complete,394,0.7786561264822134
77,abstention,TRUE,TRUE,usable_complete_limited_metadata,18,0.03557312252964427
77,abstention,TRUE,TRUE,usable_partial,49,0.09683794466403162
77,abstention,TRUE,TRUE,usable_partial_limited_metadata,3,0.005928853754940711
77,voter,FALSE,FALSE,no_determinants,70,0.1417004048582996
77,voter,FALSE,FALSE,suspicious_determinants,5,0.010121457489878543
77,voter,FALSE,FALSE,too_many_missing_determinants,22,0.044534412955465584
77,voter,TRUE,TRUE,usable_complete,257,0.520242914979757
77,voter,TRUE,TRUE,usable_complete_limited_metadata,10,0.020242914979757085
77,voter,TRUE,TRUE,usable_partial,128,0.2591093117408907
77,voter,TRUE,TRUE,usable_partial_limited_metadata,2,0.004048582995951417
78,abstention,FALSE,FALSE,no_determinants,24,0.04743083003952569
78,abstention,FALSE,FALSE,suspicious_determinants,2,0.003952569169960474
78,abstention,FALSE,FALSE,too_many_missing_determinants,8,0.015810276679841896
78,abstention,TRUE,TRUE,usable_complete,407,0.8043478260869565
78,abstention,TRUE,TRUE,usable_complete_limited_metadata,19,0.037549407114624504
78,abstention,TRUE,TRUE,usable_partial,44,0.08695652173913043
78,abstention,TRUE,TRUE,usable_partial_limited_metadata,2,0.003952569169960474
78,voter,FALSE,FALSE,no_determinants,71,0.1437246963562753
78,voter,FALSE,FALSE,suspicious_determinants,2,0.004048582995951417
78,voter,FALSE,FALSE,too_many_missing_determinants,25,0.05060728744939271
78,voter,TRUE,TRUE,usable_complete,274,0.5546558704453441
78,voter,TRUE,TRUE,usable_complete_limited_metadata,6,0.012145748987854251
78,voter,TRUE,TRUE,usable_partial,115,0.23279352226720648
78,voter,TRUE,TRUE,usable_partial_limited_metadata,1,0.0020242914979757085
79,abstention,FALSE,FALSE,no_determinants,34,0.06719367588932806
79,abstention,FALSE,FALSE,suspicious_determinants,1,0.001976284584980237
79,abstention,FALSE,FALSE,too_many_missing_determinants,6,0.011857707509881422
79,abstention,TRUE,TRUE,usable_complete,384,0.758893280632411
79,abstention,TRUE,TRUE,usable_complete_limited_metadata,20,0.039525691699604744
79,abstention,TRUE,TRUE,usable_partial,57,0.11264822134387352
79,abstention,TRUE,TRUE,usable_partial_limited_metadata,4,0.007905138339920948
79,voter,FALSE,FALSE,no_determinants,67,0.13562753036437247
79,voter,FALSE,FALSE,suspicious_determinants,2,0.004048582995951417
79,voter,FALSE,FALSE,too_many_missing_determinants,33,0.06680161943319839
79,voter,TRUE,TRUE,usable_complete,253,0.5121457489878543
79,voter,TRUE,TRUE,usable_complete_limited_metadata,11,0.022267206477732792
79,voter,TRUE,TRUE,usable_partial,126,0.2550607287449393
79,voter,TRUE,TRUE,usable_partial_limited_metadata,2,0.004048582995951417
80,abstention,FALSE,FALSE,no_determinants,43,0.08498023715415019
80,abstention,FALSE,FALSE,suspicious_determinants,1,0.001976284584980237
80,abstention,FALSE,FALSE,too_many_missing_determinants,3,0.005928853754940711
80,abstention,TRUE,TRUE,usable_complete,391,0.7727272727272727
80,abstention,TRUE,TRUE,usable_complete_limited_metadata,18,0.03557312252964427
80,abstention,TRUE,TRUE,usable_partial,48,0.09486166007905138
80,abstention,TRUE,TRUE,usable_partial_limited_metadata,2,0.003952569169960474
80,voter,FALSE,FALSE,no_determinants,64,0.12955465587044535
80,voter,FALSE,FALSE,suspicious_determinants,4,0.008097165991902834
80,voter,FALSE,FALSE,too_many_missing_determinants,31,0.06275303643724696
80,voter,TRUE,TRUE,usable_complete,256,0.5182186234817814
80,voter,TRUE,TRUE,usable_complete_limited_metadata,8,0.016194331983805668
80,voter,TRUE,TRUE,usable_partial,130,0.2631578947368421
80,voter,TRUE,TRUE,usable_partial_limited_metadata,1,0.0020242914979757085
81,abstention,FALSE,FALSE,no_determinants,33,0.06521739130434782
81,abstention,FALSE,FALSE,suspicious_determinants,1,0.001976284584980237
81,abstention,FALSE,FALSE,too_many_missing_determinants,1,0.001976284584980237
81,abstention,TRUE,TRUE,usable_complete,411,0.8122529644268774
81,abstention,TRUE,TRUE,usable_complete_limited_metadata,18,0.03557312252964427
81,abstention,TRUE,TRUE,usable_partial,42,0.08300395256916997
81,voter,FALSE,FALSE,no_determinants,78,0.15789473684210525
81,voter,FALSE,FALSE,suspicious_determinants,3,0.006072874493927126
81,voter,FALSE,FALSE,too_many_missing_determinants,31,0.06275303643724696
81,voter,TRUE,TRUE,usable_complete,253,0.5121457489878543
81,voter,TRUE,TRUE,usable_complete_limited_metadata,7,0.01417004048582996
81,voter,TRUE,TRUE,usable_partial,120,0.242914979757085
81,voter,TRUE,TRUE,usable_partial_limited_metadata,2,0.004048582995951417
82,abstention,FALSE,FALSE,no_determinants,26,0.05138339920948617
82,abstention,FALSE,FALSE,suspicious_determinants,2,0.003952569169960474
82,abstention,FALSE,FALSE,too_many_missing_determinants,6,0.011857707509881422
82,abstention,TRUE,TRUE,usable_complete,413,0.8162055335968379
82,abstention,TRUE,TRUE,usable_complete_limited_metadata,20,0.039525691699604744
82,abstention,TRUE,TRUE,usable_partial,36,0.07114624505928854
82,abstention,TRUE,TRUE,usable_partial_limited_metadata,3,0.005928853754940711
82,voter,FALSE,FALSE,no_determinants,84,0.1700404858299595
82,voter,FALSE,FALSE,suspicious_determinants,6,0.012145748987854251
82,voter,FALSE,FALSE,too_many_missing_determinants,26,0.05263157894736842
82,voter,TRUE,TRUE,usable_complete,239,0.48380566801619435
82,voter,TRUE,TRUE,usable_complete_limited_metadata,4,0.008097165991902834
82,voter,TRUE,TRUE,usable_partial,134,0.27125506072874495
82,voter,TRUE,TRUE,usable_partial_limited_metadata,1,0.0020242914979757085
83,abstention,FALSE,FALSE,no_determinants,31,0.06126482213438735
83,abstention,FALSE,FALSE,too_many_missing_determinants,3,0.005928853754940711
83,abstention,TRUE,TRUE,usable_complete,394,0.7786561264822134
83,abstention,TRUE,TRUE,usable_complete_limited_metadata,17,0.03359683794466403
83,abstention,TRUE,TRUE,usable_partial,59,0.116600790513834
83,abstention,TRUE,TRUE,usable_partial_limited_metadata,2,0.003952569169960474
83,voter,FALSE,FALSE,no_determinants,73,0.14777327935222673
83,voter,FALSE,FALSE,suspicious_determinants,3,0.006072874493927126
83,voter,FALSE,FALSE,too_many_missing_determinants,23,0.0465587044534413
83,voter,TRUE,TRUE,usable_complete,260,0.5263157894736842
83,voter,TRUE,TRUE,usable_complete_limited_metadata,9,0.018218623481781375
83,voter,TRUE,TRUE,usable_partial,125,0.25303643724696356
83,voter,TRUE,TRUE,usable_partial_limited_metadata,1,0.0020242914979757085
84,abstention,FALSE,FALSE,no_determinants,37,0.07312252964426877
84,abstention,FALSE,FALSE,suspicious_determinants,2,0.003952569169960474
84,abstention,FALSE,FALSE,too_many_missing_determinants,7,0.01383399209486166
84,abstention,TRUE,TRUE,usable_complete,398,0.7865612648221344
84,abstention,TRUE,TRUE,usable_complete_limited_metadata,19,0.037549407114624504
84,abstention,TRUE,TRUE,usable_partial,41,0.08102766798418973
84,abstention,TRUE,TRUE,usable_partial_limited_metadata,2,0.003952569169960474
84,voter,FALSE,FALSE,no_determinants,80,0.16194331983805668
84,voter,FALSE,FALSE,suspicious_determinants,5,0.010121457489878543
84,voter,FALSE,FALSE,too_many_missing_determinants,28,0.05668016194331984
84,voter,TRUE,TRUE,usable_complete,253,0.5121457489878543
84,voter,TRUE,TRUE,usable_complete_limited_metadata,9,0.018218623481781375
84,voter,TRUE,TRUE,usable_partial,118,0.2388663967611336
84,voter,TRUE,TRUE,usable_partial_limited_metadata,1,0.0020242914979757085
85,abstention,FALSE,FALSE,no_determinants,39,0.07707509881422925
85,abstention,FALSE,FALSE,suspicious_determinants,2,0.003952569169960474
85,abstention,FALSE,FALSE,too_many_missing_determinants,6,0.011857707509881422
85,abstention,TRUE,TRUE,usable_complete,402,0.7944664031620553
85,abstention,TRUE,TRUE,usable_complete_limited_metadata,12,0.023715415019762844
85,abstention,TRUE,TRUE,usable_partial,43,0.08498023715415019
85,abstention,TRUE,TRUE,usable_partial_limited_metadata,2,0.003952569169960474
85,voter,FALSE,FALSE,no_determinants,69,0.1396761133603239
85,voter,FALSE,FALSE,suspicious_determinants,4,0.008097165991902834
85,voter,FALSE,FALSE,too_many_missing_determinants,27,0.05465587044534413
85,voter,TRUE,TRUE,usable_complete,275,0.5566801619433198
85,voter,TRUE,TRUE,usable_complete_limited_metadata,5,0.010121457489878543
85,voter,TRUE,TRUE,usable_partial,113,0.22874493927125505
85,voter,TRUE,TRUE,usable_partial_limited_metadata,1,0.0020242914979757085
86,abstention,FALSE,FALSE,no_determinants,31,0.06126482213438735
86,abstention,FALSE,FALSE,too_many_missing_determinants,3,0.005928853754940711
86,abstention,TRUE,TRUE,usable_complete,402,0.7944664031620553
86,abstention,TRUE,TRUE,usable_complete_limited_metadata,23,0.045454545454545456
86,abstention,TRUE,TRUE,usable_partial,43,0.08498023715415019
86,abstention,TRUE,TRUE,usable_partial_limited_metadata,4,0.007905138339920948
86,voter,FALSE,FALSE,no_determinants,71,0.1437246963562753
86,voter,FALSE,FALSE,suspicious_determinants,2,0.004048582995951417
86,voter,FALSE,FALSE,too_many_missing_determinants,25,0.05060728744939271
86,voter,TRUE,TRUE,usable_complete,264,0.5344129554655871
86,voter,TRUE,TRUE,usable_complete_limited_metadata,9,0.018218623481781375
86,voter,TRUE,TRUE,usable_partial,122,0.24696356275303644
86,voter,TRUE,TRUE,usable_partial_limited_metadata,1,0.0020242914979757085
87,abstention,FALSE,FALSE,no_determinants,29,0.05731225296442688
87,abstention,FALSE,FALSE,too_many_missing_determinants,7,0.01383399209486166
87,abstention,TRUE,TRUE,usable_complete,397,0.7845849802371542
87,abstention,TRUE,TRUE,usable_complete_limited_metadata,19,0.037549407114624504
87,abstention,TRUE,TRUE,usable_partial,48,0.09486166007905138
87,abstention,TRUE,TRUE,usable_partial_limited_metadata,6,0.011857707509881422
87,voter,FALSE,FALSE,no_determinants,86,0.17408906882591094
87,voter,FALSE,FALSE,suspicious_determinants,4,0.008097165991902834
87,voter,FALSE,FALSE,too_many_missing_determinants,24,0.048582995951417005
87,voter,TRUE,TRUE,usable_complete,237,0.4797570850202429
87,voter,TRUE,TRUE,usable_complete_limited_metadata,12,0.024291497975708502
87,voter,TRUE,TRUE,usable_partial,130,0.2631578947368421
87,voter,TRUE,TRUE,usable_partial_limited_metadata,1,0.0020242914979757085
88,abstention,FALSE,FALSE,no_determinants,34,0.06719367588932806
88,abstention,FALSE,FALSE,suspicious_determinants,1,0.001976284584980237
88,abstention,FALSE,FALSE,too_many_missing_determinants,7,0.01383399209486166
88,abstention,TRUE,TRUE,usable_complete,385,0.7608695652173914
88,abstention,TRUE,TRUE,usable_complete_limited_metadata,31,0.06126482213438735
88,abstention,TRUE,TRUE,usable_partial,47,0.09288537549407115
88,abstention,TRUE,TRUE,usable_partial_limited_metadata,1,0.001976284584980237
88,voter,FALSE,FALSE,no_determinants,77,0.15587044534412955
88,voter,FALSE,FALSE,suspicious_determinants,4,0.008097165991902834
88,voter,FALSE,FALSE,too_many_missing_determinants,27,0.05465587044534413
88,voter,TRUE,TRUE,usable_complete,242,0.4898785425101215
88,voter,TRUE,TRUE,usable_complete_limited_metadata,10,0.020242914979757085
88,voter,TRUE,TRUE,usable_partial,132,0.26720647773279355
88,voter,TRUE,TRUE,usable_partial_limited_metadata,2,0.004048582995951417
89,abstention,FALSE,FALSE,no_determinants,24,0.04743083003952569
89,abstention,FALSE,FALSE,suspicious_determinants,3,0.005928853754940711
89,abstention,FALSE,FALSE,too_many_missing_determinants,2,0.003952569169960474
89,abstention,TRUE,TRUE,usable_complete,407,0.8043478260869565
89,abstention,TRUE,TRUE,usable_complete_limited_metadata,22,0.043478260869565216
89,abstention,TRUE,TRUE,usable_partial,44,0.08695652173913043
89,abstention,TRUE,TRUE,usable_partial_limited_metadata,4,0.007905138339920948
89,voter,FALSE,FALSE,no_determinants,88,0.17813765182186234
89,voter,FALSE,FALSE,suspicious_determinants,4,0.008097165991902834
89,voter,FALSE,FALSE,too_many_missing_determinants,30,0.06072874493927125
89,voter,TRUE,TRUE,usable_complete,235,0.4757085020242915
89,voter,TRUE,TRUE,usable_complete_limited_metadata,11,0.022267206477732792
89,voter,TRUE,TRUE,usable_partial,126,0.2550607287449393
90,abstention,FALSE,FALSE,no_determinants,30,0.05928853754940711
90,abstention,FALSE,FALSE,too_many_missing_determinants,3,0.005928853754940711
90,abstention,TRUE,TRUE,usable_complete,409,0.808300395256917
90,abstention,TRUE,TRUE,usable_complete_limited_metadata,16,0.03162055335968379
90,abstention,TRUE,TRUE,usable_partial,44,0.08695652173913043
90,abstention,TRUE,TRUE,usable_partial_limited_metadata,4,0.007905138339920948
90,voter,FALSE,FALSE,no_determinants,71,0.1437246963562753
90,voter,FALSE,FALSE,suspicious_determinants,2,0.004048582995951417
90,voter,FALSE,FALSE,too_many_missing_determinants,38,0.07692307692307693
90,voter,TRUE,TRUE,usable_complete,264,0.5344129554655871
90,voter,TRUE,TRUE,usable_complete_limited_metadata,10,0.020242914979757085
90,voter,TRUE,TRUE,usable_partial,109,0.22064777327935223
91,abstention,FALSE,FALSE,no_determinants,31,0.06126482213438735
91,abstention,FALSE,FALSE,too_many_missing_determinants,5,0.009881422924901186
91,abstention,TRUE,TRUE,usable_complete,407,0.8043478260869565
91,abstention,TRUE,TRUE,usable_complete_limited_metadata,13,0.025691699604743084
91,abstention,TRUE,TRUE,usable_partial,49,0.09683794466403162
91,abstention,TRUE,TRUE,usable_partial_limited_metadata,1,0.001976284584980237
91,voter,FALSE,FALSE,no_determinants,83,0.1680161943319838
91,voter,FALSE,FALSE,suspicious_determinants,3,0.006072874493927126
91,voter,FALSE,FALSE,too_many_missing_determinants,24,0.048582995951417005
91,voter,TRUE,TRUE,usable_complete,251,0.5080971659919028
91,voter,TRUE,TRUE,usable_complete_limited_metadata,14,0.02834008097165992
91,voter,TRUE,TRUE,usable_partial,117,0.23684210526315788
91,voter,TRUE,TRUE,usable_partial_limited_metadata,2,0.004048582995951417
92,abstention,FALSE,FALSE,no_determinants,22,0.043478260869565216
92,abstention,FALSE,FALSE,too_many_missing_determinants,5,0.009881422924901186
92,abstention,TRUE,TRUE,usable_complete,412,0.8142292490118577
92,abstention,TRUE,TRUE,usable_complete_limited_metadata,19,0.037549407114624504
92,abstention,TRUE,TRUE,usable_partial,47,0.09288537549407115
92,abstention,TRUE,TRUE,usable_partial_limited_metadata,1,0.001976284584980237
92,voter,FALSE,FALSE,no_determinants,65,0.13157894736842105
92,voter,FALSE,FALSE,suspicious_determinants,3,0.006072874493927126
92,voter,FALSE,FALSE,too_many_missing_determinants,26,0.05263157894736842
92,voter,TRUE,TRUE,usable_complete,260,0.5263157894736842
92,voter,TRUE,TRUE,usable_complete_limited_metadata,3,0.006072874493927126
92,voter,TRUE,TRUE,usable_partial,134,0.27125506072874495
92,voter,TRUE,TRUE,usable_partial_limited_metadata,3,0.006072874493927126
93,abstention,FALSE,FALSE,no_determinants,20,0.039525691699604744
93,abstention,FALSE,FALSE,suspicious_determinants,1,0.001976284584980237
93,abstention,FALSE,FALSE,too_many_missing_determinants,7,0.01383399209486166
93,abstention,TRUE,TRUE,usable_complete,423,0.8359683794466403
93,abstention,TRUE,TRUE,usable_complete_limited_metadata,17,0.03359683794466403
93,abstention,TRUE,TRUE,usable_partial,37,0.07312252964426877
93,abstention,TRUE,TRUE,usable_partial_limited_metadata,1,0.001976284584980237
93,voter,FALSE,FALSE,no_determinants,102,0.20647773279352227
93,voter,FALSE,FALSE,suspicious_determinants,2,0.004048582995951417
93,voter,FALSE,FALSE,too_many_missing_determinants,25,0.05060728744939271
93,voter,TRUE,TRUE,usable_complete,242,0.4898785425101215
93,voter,TRUE,TRUE,usable_complete_limited_metadata,5,0.010121457489878543
93,voter,TRUE,TRUE,usable_partial,118,0.2388663967611336
94,abstention,FALSE,FALSE,no_determinants,33,0.06521739130434782
94,abstention,FALSE,FALSE,too_many_missing_determinants,4,0.007905138339920948
94,abstention,TRUE,TRUE,usable_complete,399,0.7885375494071146
94,abstention,TRUE,TRUE,usable_complete_limited_metadata,17,0.03359683794466403
94,abstention,TRUE,TRUE,usable_partial,51,0.1007905138339921
94,abstention,TRUE,TRUE,usable_partial_limited_metadata,2,0.003952569169960474
94,voter,FALSE,FALSE,no_determinants,73,0.14777327935222673
94,voter,FALSE,FALSE,suspicious_determinants,4,0.008097165991902834
94,voter,FALSE,FALSE,too_many_missing_determinants,19,0.038461538461538464
94,voter,TRUE,TRUE,usable_complete,251,0.5080971659919028
94,voter,TRUE,TRUE,usable_complete_limited_metadata,9,0.018218623481781375
94,voter,TRUE,TRUE,usable_partial,134,0.27125506072874495
94,voter,TRUE,TRUE,usable_partial_limited_metadata,4,0.008097165991902834
95,abstention,FALSE,FALSE,no_determinants,20,0.039525691699604744
95,abstention,FALSE,FALSE,suspicious_determinants,4,0.007905138339920948
95,abstention,FALSE,FALSE,too_many_missing_determinants,6,0.011857707509881422
95,abstention,TRUE,TRUE,usable_complete,414,0.8181818181818182
95,abstention,TRUE,TRUE,usable_complete_limited_metadata,14,0.02766798418972332
95,abstention,TRUE,TRUE,usable_partial,44,0.08695652173913043
95,abstention,TRUE,TRUE,usable_partial_limited_metadata,4,0.007905138339920948
95,voter,FALSE,FALSE,no_determinants,64,0.12955465587044535
95,voter,FALSE,FALSE,suspicious_determinants,5,0.010121457489878543
95,voter,FALSE,FALSE,too_many_missing_determinants,31,0.06275303643724696
95,voter,TRUE,TRUE,usable_complete,249,0.5040485829959515
95,voter,TRUE,TRUE,usable_complete_limited_metadata,5,0.010121457489878543
95,voter,TRUE,TRUE,usable_partial,139,0.2813765182186235
95,voter,TRUE,TRUE,usable_partial_limited_metadata,1,0.0020242914979757085
96,abstention,FALSE,FALSE,no_determinants,31,0.06126482213438735
96,abstention,FALSE,FALSE,suspicious_determinants,1,0.001976284584980237
96,abstention,FALSE,FALSE,too_many_missing_determinants,3,0.005928853754940711
96,abstention,TRUE,TRUE,usable_complete,391,0.7727272727272727
96,abstention,TRUE,TRUE,usable_complete_limited_metadata,24,0.04743083003952569
96,abstention,TRUE,TRUE,usable_partial,55,0.10869565217391304
96,abstention,TRUE,TRUE,usable_partial_limited_metadata,1,0.001976284584980237
96,voter,FALSE,FALSE,no_determinants,79,0.15991902834008098
96,voter,FALSE,FALSE,suspicious_determinants,3,0.006072874493927126
96,voter,FALSE,FALSE,too_many_missing_determinants,31,0.06275303643724696
96,voter,TRUE,TRUE,usable_complete,245,0.4959514170040486
96,voter,TRUE,TRUE,usable_complete_limited_metadata,3,0.006072874493927126
96,voter,TRUE,TRUE,usable_partial,132,0.26720647773279355
96,voter,TRUE,TRUE,usable_partial_limited_metadata,1,0.0020242914979757085
97,abstention,FALSE,FALSE,no_determinants,33,0.06521739130434782
97,abstention,FALSE,FALSE,suspicious_determinants,1,0.001976284584980237
97,abstention,FALSE,FALSE,too_many_missing_determinants,3,0.005928853754940711
97,abstention,TRUE,TRUE,usable_complete,399,0.7885375494071146
97,abstention,TRUE,TRUE,usable_complete_limited_metadata,21,0.041501976284584984
97,abstention,TRUE,TRUE,usable_partial,48,0.09486166007905138
97,abstention,TRUE,TRUE,usable_partial_limited_metadata,1,0.001976284584980237
97,voter,FALSE,FALSE,no_determinants,74,0.14979757085020243
97,voter,FALSE,FALSE,too_many_missing_determinants,33,0.06680161943319839
97,voter,TRUE,TRUE,usable_complete,246,0.4979757085020243
97,voter,TRUE,TRUE,usable_complete_limited_metadata,5,0.010121457489878543
97,voter,TRUE,TRUE,usable_partial,134,0.27125506072874495
97,voter,TRUE,TRUE,usable_partial_limited_metadata,2,0.004048582995951417
98,abstention,FALSE,FALSE,no_determinants,34,0.06719367588932806
98,abstention,FALSE,FALSE,too_many_missing_determinants,3,0.005928853754940711
98,abstention,TRUE,TRUE,usable_complete,398,0.7865612648221344
98,abstention,TRUE,TRUE,usable_complete_limited_metadata,19,0.037549407114624504
98,abstention,TRUE,TRUE,usable_partial,50,0.09881422924901186
98,abstention,TRUE,TRUE,usable_partial_limited_metadata,2,0.003952569169960474
98,voter,FALSE,FALSE,no_determinants,60,0.1214574898785425
98,voter,FALSE,FALSE,suspicious_determinants,4,0.008097165991902834
98,voter,FALSE,FALSE,too_many_missing_determinants,30,0.06072874493927125
98,voter,TRUE,TRUE,usable_complete,251,0.5080971659919028
98,voter,TRUE,TRUE,usable_complete_limited_metadata,5,0.010121457489878543
98,voter,TRUE,TRUE,usable_partial,144,0.291497975708502
99,abstention,FALSE,FALSE,no_determinants,30,0.05928853754940711
99,abstention,FALSE,FALSE,too_many_missing_determinants,6,0.011857707509881422
99,abstention,TRUE,TRUE,usable_complete,410,0.8102766798418972
99,abstention,TRUE,TRUE,usable_complete_limited_metadata,19,0.037549407114624504
99,abstention,TRUE,TRUE,usable_partial,41,0.08102766798418973
99,voter,FALSE,FALSE,no_determinants,68,0.13765182186234817
99,voter,FALSE,FALSE,too_many_missing_determinants,29,0.058704453441295545
99,voter,TRUE,TRUE,usable_complete,269,0.5445344129554656
99,voter,TRUE,TRUE,usable_complete_limited_metadata,6,0.012145748987854251
99,voter,TRUE,TRUE,usable_partial,122,0.24696356275303644
100,abstention,FALSE,FALSE,no_determinants,34,0.06719367588932806
100,abstention,FALSE,FALSE,suspicious_determinants,1,0.001976284584980237
100,abstention,FALSE,FALSE,too_many_missing_determinants,4,0.007905138339920948
100,abstention,TRUE,TRUE,usable_complete,402,0.7944664031620553
100,abstention,TRUE,TRUE,usable_complete_limited_metadata,13,0.025691699604743084
100,abstention,TRUE,TRUE,usable_partial,51,0.1007905138339921
100,abstention,TRUE,TRUE,usable_partial_limited_metadata,1,0.001976284584980237
100,voter,FALSE,FALSE,no_determinants,70,0.1417004048582996
100,voter,FALSE,FALSE,suspicious_determinants,2,0.004048582995951417
100,voter,FALSE,FALSE,too_many_missing_determinants,33,0.06680161943319839
100,voter,TRUE,TRUE,usable_complete,241,0.48785425101214575
100,voter,TRUE,TRUE,usable_complete_limited_metadata,12,0.024291497975708502
100,voter,TRUE,TRUE,usable_partial,136,0.27530364372469635
101,abstention,FALSE,FALSE,no_determinants,31,0.06126482213438735
101,abstention,FALSE,FALSE,suspicious_determinants,1,0.001976284584980237
101,abstention,FALSE,FALSE,too_many_missing_determinants,3,0.005928853754940711
101,abstention,TRUE,TRUE,usable_complete,412,0.8142292490118577
101,abstention,TRUE,TRUE,usable_complete_limited_metadata,18,0.03557312252964427
101,abstention,TRUE,TRUE,usable_partial,39,0.07707509881422925
101,abstention,TRUE,TRUE,usable_partial_limited_metadata,2,0.003952569169960474
101,voter,FALSE,FALSE,no_determinants,77,0.15587044534412955
101,voter,FALSE,FALSE,suspicious_determinants,2,0.004048582995951417
101,voter,FALSE,FALSE,too_many_missing_determinants,29,0.058704453441295545
101,voter,TRUE,TRUE,usable_complete,238,0.4817813765182186
101,voter,TRUE,TRUE,usable_complete_limited_metadata,8,0.016194331983805668
101,voter,TRUE,TRUE,usable_partial,138,0.2793522267206478
101,voter,TRUE,TRUE,usable_partial_limited_metadata,2,0.004048582995951417
102,abstention,FALSE,FALSE,no_determinants,38,0.07509881422924901
102,abstention,FALSE,FALSE,suspicious_determinants,3,0.005928853754940711
102,abstention,FALSE,FALSE,too_many_missing_determinants,4,0.007905138339920948
102,abstention,TRUE,TRUE,usable_complete,387,0.7648221343873518
102,abstention,TRUE,TRUE,usable_complete_limited_metadata,17,0.03359683794466403
102,abstention,TRUE,TRUE,usable_partial,54,0.1067193675889328
102,abstention,TRUE,TRUE,usable_partial_limited_metadata,3,0.005928853754940711
102,voter,FALSE,FALSE,no_determinants,82,0.1659919028340081
102,voter,FALSE,FALSE,suspicious_determinants,4,0.008097165991902834
102,voter,FALSE,FALSE,too_many_missing_determinants,32,0.06477732793522267
102,voter,TRUE,TRUE,usable_complete,262,0.5303643724696356
102,voter,TRUE,TRUE,usable_complete_limited_metadata,5,0.010121457489878543
102,voter,TRUE,TRUE,usable_partial,109,0.22064777327935223
103,abstention,FALSE,FALSE,no_determinants,37,0.07312252964426877
103,abstention,FALSE,FALSE,suspicious_determinants,1,0.001976284584980237
103,abstention,FALSE,FALSE,too_many_missing_determinants,5,0.009881422924901186
103,abstention,TRUE,TRUE,usable_complete,400,0.7905138339920948
103,abstention,TRUE,TRUE,usable_complete_limited_metadata,16,0.03162055335968379
103,abstention,TRUE,TRUE,usable_partial,47,0.09288537549407115
103,voter,FALSE,FALSE,no_determinants,79,0.15991902834008098
103,voter,FALSE,FALSE,suspicious_determinants,3,0.006072874493927126
103,voter,FALSE,FALSE,too_many_missing_determinants,29,0.058704453441295545
103,voter,TRUE,TRUE,usable_complete,259,0.5242914979757085
103,voter,TRUE,TRUE,usable_complete_limited_metadata,6,0.012145748987854251
103,voter,TRUE,TRUE,usable_partial,117,0.23684210526315788
103,voter,TRUE,TRUE,usable_partial_limited_metadata,1,0.0020242914979757085
104,abstention,FALSE,FALSE,no_determinants,27,0.0533596837944664
104,abstention,FALSE,FALSE,suspicious_determinants,2,0.003952569169960474
104,abstention,FALSE,FALSE,too_many_missing_determinants,6,0.011857707509881422
104,abstention,TRUE,TRUE,usable_complete,407,0.8043478260869565
104,abstention,TRUE,TRUE,usable_complete_limited_metadata,20,0.039525691699604744
104,abstention,TRUE,TRUE,usable_partial,43,0.08498023715415019
104,abstention,TRUE,TRUE,usable_partial_limited_metadata,1,0.001976284584980237
104,voter,FALSE,FALSE,no_determinants,84,0.1700404858299595
104,voter,FALSE,FALSE,suspicious_determinants,3,0.006072874493927126
104,voter,FALSE,FALSE,too_many_missing_determinants,25,0.05060728744939271
104,voter,TRUE,TRUE,usable_complete,240,0.48582995951417
104,voter,TRUE,TRUE,usable_complete_limited_metadata,8,0.016194331983805668
104,voter,TRUE,TRUE,usable_partial,134,0.27125506072874495
105,abstention,FALSE,FALSE,no_determinants,29,0.05731225296442688
105,abstention,FALSE,FALSE,suspicious_determinants,4,0.007905138339920948
105,abstention,FALSE,FALSE,too_many_missing_determinants,3,0.005928853754940711
105,abstention,TRUE,TRUE,usable_complete,404,0.7984189723320159
105,abstention,TRUE,TRUE,usable_complete_limited_metadata,12,0.023715415019762844
105,abstention,TRUE,TRUE,usable_partial,50,0.09881422924901186
105,abstention,TRUE,TRUE,usable_partial_limited_metadata,4,0.007905138339920948
105,voter,FALSE,FALSE,no_determinants,73,0.14777327935222673
105,voter,FALSE,FALSE,suspicious_determinants,4,0.008097165991902834
105,voter,FALSE,FALSE,too_many_missing_determinants,28,0.05668016194331984
105,voter,TRUE,TRUE,usable_complete,256,0.5182186234817814
105,voter,TRUE,TRUE,usable_complete_limited_metadata,4,0.008097165991902834
105,voter,TRUE,TRUE,usable_partial,127,0.25708502024291496
105,voter,TRUE,TRUE,usable_partial_limited_metadata,2,0.004048582995951417
106,abstention,FALSE,FALSE,no_determinants,35,0.0691699604743083
106,abstention,FALSE,FALSE,too_many_missing_determinants,1,0.001976284584980237
106,abstention,TRUE,TRUE,usable_complete,409,0.808300395256917
106,abstention,TRUE,TRUE,usable_complete_limited_metadata,14,0.02766798418972332
106,abstention,TRUE,TRUE,usable_partial,44,0.08695652173913043
106,abstention,TRUE,TRUE,usable_partial_limited_metadata,3,0.005928853754940711
106,voter,FALSE,FALSE,no_determinants,90,0.18218623481781376
106,voter,FALSE,FALSE,suspicious_determinants,5,0.010121457489878543
106,voter,FALSE,FALSE,too_many_missing_determinants,31,0.06275303643724696
106,voter,TRUE,TRUE,usable_complete,241,0.48785425101214575
106,voter,TRUE,TRUE,usable_complete_limited_metadata,10,0.020242914979757085
106,voter,TRUE,TRUE,usable_partial,117,0.23684210526315788
107,abstention,FALSE,FALSE,no_determinants,42,0.08300395256916997
107,abstention,FALSE,FALSE,too_many_missing_determinants,2,0.003952569169960474
107,abstention,TRUE,TRUE,usable_complete,391,0.7727272727272727
107,abstention,TRUE,TRUE,usable_complete_limited_metadata,23,0.045454545454545456
107,abstention,TRUE,TRUE,usable_partial,47,0.09288537549407115
107,abstention,TRUE,TRUE,usable_partial_limited_metadata,1,0.001976284584980237
107,voter,FALSE,FALSE,no_determinants,83,0.1680161943319838
107,voter,FALSE,FALSE,suspicious_determinants,7,0.01417004048582996
107,voter,FALSE,FALSE,too_many_missing_determinants,28,0.05668016194331984
107,voter,TRUE,TRUE,usable_complete,252,0.5101214574898786
107,voter,TRUE,TRUE,usable_complete_limited_metadata,9,0.018218623481781375
107,voter,TRUE,TRUE,usable_partial,114,0.23076923076923078
107,voter,TRUE,TRUE,usable_partial_limited_metadata,1,0.0020242914979757085
108,abstention,FALSE,FALSE,no_determinants,25,0.04940711462450593
108,abstention,FALSE,FALSE,suspicious_determinants,2,0.003952569169960474
108,abstention,FALSE,FALSE,too_many_missing_determinants,2,0.003952569169960474
108,abstention,TRUE,TRUE,usable_complete,402,0.7944664031620553
108,abstention,TRUE,TRUE,usable_complete_limited_metadata,18,0.03557312252964427
108,abstention,TRUE,TRUE,usable_partial,55,0.10869565217391304
108,abstention,TRUE,TRUE,usable_partial_limited_metadata,2,0.003952569169960474
108,voter,FALSE,FALSE,no_determinants,73,0.14777327935222673
108,voter,FALSE,FALSE,suspicious_determinants,2,0.004048582995951417
108,voter,FALSE,FALSE,too_many_missing_determinants,23,0.0465587044534413
108,voter,TRUE,TRUE,usable_complete,255,0.5161943319838057
108,voter,TRUE,TRUE,usable_complete_limited_metadata,7,0.01417004048582996
108,voter,TRUE,TRUE,usable_partial,131,0.2651821862348178
108,voter,TRUE,TRUE,usable_partial_limited_metadata,3,0.006072874493927126
109,abstention,FALSE,FALSE,no_determinants,28,0.05533596837944664
109,abstention,FALSE,FALSE,suspicious_determinants,1,0.001976284584980237
109,abstention,FALSE,FALSE,too_many_missing_determinants,6,0.011857707509881422
109,abstention,TRUE,TRUE,usable_complete,396,0.782608695652174
109,abstention,TRUE,TRUE,usable_complete_limited_metadata,19,0.037549407114624504
109,abstention,TRUE,TRUE,usable_partial,50,0.09881422924901186
109,abstention,TRUE,TRUE,usable_partial_limited_metadata,6,0.011857707509881422
109,voter,FALSE,FALSE,no_determinants,74,0.14979757085020243
109,voter,FALSE,FALSE,suspicious_determinants,9,0.018218623481781375
109,voter,FALSE,FALSE,too_many_missing_determinants,15,0.030364372469635626
109,voter,TRUE,TRUE,usable_complete,247,0.5
109,voter,TRUE,TRUE,usable_complete_limited_metadata,5,0.010121457489878543
109,voter,TRUE,TRUE,usable_partial,142,0.2874493927125506
109,voter,TRUE,TRUE,usable_partial_limited_metadata,2,0.004048582995951417
110,abstention,FALSE,FALSE,no_determinants,26,0.05138339920948617
110,abstention,FALSE,FALSE,too_many_missing_determinants,5,0.009881422924901186
110,abstention,TRUE,TRUE,usable_complete,389,0.7687747035573123
110,abstention,TRUE,TRUE,usable_complete_limited_metadata,25,0.04940711462450593
110,abstention,TRUE,TRUE,usable_partial,57,0.11264822134387352
110,abstention,TRUE,TRUE,usable_partial_limited_metadata,4,0.007905138339920948
110,voter,FALSE,FALSE,no_determinants,79,0.15991902834008098
110,voter,FALSE,FALSE,suspicious_determinants,4,0.008097165991902834
110,voter,FALSE,FALSE,too_many_missing_determinants,25,0.05060728744939271
110,voter,TRUE,TRUE,usable_complete,269,0.5445344129554656
110,voter,TRUE,TRUE,usable_complete_limited_metadata,7,0.01417004048582996
110,voter,TRUE,TRUE,usable_partial,109,0.22064777327935223
110,voter,TRUE,TRUE,usable_partial_limited_metadata,1,0.0020242914979757085
111,abstention,FALSE,FALSE,no_determinants,28,0.05533596837944664
111,abstention,FALSE,FALSE,too_many_missing_determinants,4,0.007905138339920948
111,abstention,TRUE,TRUE,usable_complete,404,0.7984189723320159
111,abstention,TRUE,TRUE,usable_complete_limited_metadata,18,0.03557312252964427
111,abstention,TRUE,TRUE,usable_partial,50,0.09881422924901186
111,abstention,TRUE,TRUE,usable_partial_limited_metadata,2,0.003952569169960474
111,voter,FALSE,FALSE,no_determinants,74,0.14979757085020243
111,voter,FALSE,FALSE,suspicious_determinants,3,0.006072874493927126
111,voter,FALSE,FALSE,too_many_missing_determinants,28,0.05668016194331984
111,voter,TRUE,TRUE,usable_complete,255,0.5161943319838057
111,voter,TRUE,TRUE,usable_complete_limited_metadata,8,0.016194331983805668
111,voter,TRUE,TRUE,usable_partial,125,0.25303643724696356
111,voter,TRUE,TRUE,usable_partial_limited_metadata,1,0.0020242914979757085
112,abstention,FALSE,FALSE,no_determinants,33,0.06521739130434782
112,abstention,FALSE,FALSE,suspicious_determinants,1,0.001976284584980237
112,abstention,FALSE,FALSE,too_many_missing_determinants,1,0.001976284584980237
112,abstention,TRUE,TRUE,usable_complete,398,0.7865612648221344
112,abstention,TRUE,TRUE,usable_complete_limited_metadata,16,0.03162055335968379
112,abstention,TRUE,TRUE,usable_partial,55,0.10869565217391304
112,abstention,TRUE,TRUE,usable_partial_limited_metadata,2,0.003952569169960474
112,voter,FALSE,FALSE,no_determinants,77,0.15587044534412955
112,voter,FALSE,FALSE,suspicious_determinants,2,0.004048582995951417
112,voter,FALSE,FALSE,too_many_missing_determinants,23,0.0465587044534413
112,voter,TRUE,TRUE,usable_complete,258,0.5222672064777328
112,voter,TRUE,TRUE,usable_complete_limited_metadata,2,0.004048582995951417
112,voter,TRUE,TRUE,usable_partial,130,0.2631578947368421
112,voter,TRUE,TRUE,usable_partial_limited_metadata,2,0.004048582995951417
113,abstention,FALSE,FALSE,no_determinants,36,0.07114624505928854
113,abstention,FALSE,FALSE,suspicious_determinants,2,0.003952569169960474
113,abstention,FALSE,FALSE,too_many_missing_determinants,7,0.01383399209486166
113,abstention,TRUE,TRUE,usable_complete,392,0.7747035573122529
113,abstention,TRUE,TRUE,usable_complete_limited_metadata,13,0.025691699604743084
113,abstention,TRUE,TRUE,usable_partial,55,0.10869565217391304
113,abstention,TRUE,TRUE,usable_partial_limited_metadata,1,0.001976284584980237
113,voter,FALSE,FALSE,no_determinants,62,0.12550607287449392
113,voter,FALSE,FALSE,suspicious_determinants,4,0.008097165991902834
113,voter,FALSE,FALSE,too_many_missing_determinants,37,0.07489878542510121
113,voter,TRUE,TRUE,usable_complete,262,0.5303643724696356
113,voter,TRUE,TRUE,usable_complete_limited_metadata,11,0.022267206477732792
113,voter,TRUE,TRUE,usable_partial,118,0.2388663967611336
114,abstention,FALSE,FALSE,no_determinants,42,0.08300395256916997
114,abstention,FALSE,FALSE,suspicious_determinants,1,0.001976284584980237
114,abstention,FALSE,FALSE,too_many_missing_determinants,5,0.009881422924901186
114,abstention,TRUE,TRUE,usable_complete,385,0.7608695652173914
114,abstention,TRUE,TRUE,usable_complete_limited_metadata,23,0.045454545454545456
114,abstention,TRUE,TRUE,usable_partial,50,0.09881422924901186
114,voter,FALSE,FALSE,no_determinants,81,0.16396761133603238
114,voter,FALSE,FALSE,suspicious_determinants,1,0.0020242914979757085
114,voter,FALSE,FALSE,too_many_missing_determinants,24,0.048582995951417005
114,voter,TRUE,TRUE,usable_complete,258,0.5222672064777328
114,voter,TRUE,TRUE,usable_complete_limited_metadata,6,0.012145748987854251
114,voter,TRUE,TRUE,usable_partial,124,0.25101214574898784
115,abstention,FALSE,FALSE,no_determinants,27,0.0533596837944664
115,abstention,FALSE,FALSE,suspicious_determinants,1,0.001976284584980237
115,abstention,FALSE,FALSE,too_many_missing_determinants,10,0.019762845849802372
115,abstention,TRUE,TRUE,usable_complete,389,0.7687747035573123
115,abstention,TRUE,TRUE,usable_complete_limited_metadata,23,0.045454545454545456
115,abstention,TRUE,TRUE,usable_partial,52,0.10276679841897234
115,abstention,TRUE,TRUE,usable_partial_limited_metadata,4,0.007905138339920948
115,voter,FALSE,FALSE,no_determinants,85,0.1720647773279352
115,voter,FALSE,FALSE,suspicious_determinants,6,0.012145748987854251
115,voter,FALSE,FALSE,too_many_missing_determinants,20,0.04048582995951417
115,voter,TRUE,TRUE,usable_complete,258,0.5222672064777328
115,voter,TRUE,TRUE,usable_complete_limited_metadata,5,0.010121457489878543
115,voter,TRUE,TRUE,usable_partial,119,0.2408906882591093
115,voter,TRUE,TRUE,usable_partial_limited_metadata,1,0.0020242914979757085
116,abstention,FALSE,FALSE,no_determinants,33,0.06521739130434782
116,abstention,FALSE,FALSE,too_many_missing_determinants,2,0.003952569169960474
116,abstention,TRUE,TRUE,usable_complete,406,0.8023715415019763
116,abstention,TRUE,TRUE,usable_complete_limited_metadata,18,0.03557312252964427
116,abstention,TRUE,TRUE,usable_partial,44,0.08695652173913043
116,abstention,TRUE,TRUE,usable_partial_limited_metadata,3,0.005928853754940711
116,voter,FALSE,FALSE,no_determinants,79,0.15991902834008098
116,voter,FALSE,FALSE,suspicious_determinants,3,0.006072874493927126
116,voter,FALSE,FALSE,too_many_missing_determinants,28,0.05668016194331984
116,voter,TRUE,TRUE,usable_complete,238,0.4817813765182186
116,voter,TRUE,TRUE,usable_complete_limited_metadata,6,0.012145748987854251
116,voter,TRUE,TRUE,usable_partial,139,0.2813765182186235
116,voter,TRUE,TRUE,usable_partial_limited_metadata,1,0.0020242914979757085
117,abstention,FALSE,FALSE,no_determinants,18,0.03557312252964427
117,abstention,FALSE,FALSE,suspicious_determinants,1,0.001976284584980237
117,abstention,FALSE,FALSE,too_many_missing_determinants,5,0.009881422924901186
117,abstention,TRUE,TRUE,usable_complete,411,0.8122529644268774
117,abstention,TRUE,TRUE,usable_complete_limited_metadata,24,0.04743083003952569
117,abstention,TRUE,TRUE,usable_partial,43,0.08498023715415019
117,abstention,TRUE,TRUE,usable_partial_limited_metadata,4,0.007905138339920948
117,voter,FALSE,FALSE,no_determinants,81,0.16396761133603238
117,voter,FALSE,FALSE,suspicious_determinants,4,0.008097165991902834
117,voter,FALSE,FALSE,too_many_missing_determinants,28,0.05668016194331984
117,voter,TRUE,TRUE,usable_complete,250,0.5060728744939271
117,voter,TRUE,TRUE,usable_complete_limited_metadata,8,0.016194331983805668
117,voter,TRUE,TRUE,usable_partial,123,0.24898785425101214
118,abstention,FALSE,FALSE,no_determinants,33,0.06521739130434782
118,abstention,FALSE,FALSE,suspicious_determinants,2,0.003952569169960474
118,abstention,FALSE,FALSE,too_many_missing_determinants,4,0.007905138339920948
118,abstention,TRUE,TRUE,usable_complete,391,0.7727272727272727
118,abstention,TRUE,TRUE,usable_complete_limited_metadata,27,0.0533596837944664
118,abstention,TRUE,TRUE,usable_partial,46,0.09090909090909091
118,abstention,TRUE,TRUE,usable_partial_limited_metadata,3,0.005928853754940711
118,voter,FALSE,FALSE,no_determinants,84,0.1700404858299595
118,voter,FALSE,FALSE,suspicious_determinants,3,0.006072874493927126
118,voter,FALSE,FALSE,too_many_missing_determinants,36,0.0728744939271255
118,voter,TRUE,TRUE,usable_complete,245,0.4959514170040486
118,voter,TRUE,TRUE,usable_complete_limited_metadata,6,0.012145748987854251
118,voter,TRUE,TRUE,usable_partial,120,0.242914979757085
119,abstention,FALSE,FALSE,no_determinants,21,0.041501976284584984
119,abstention,FALSE,FALSE,suspicious_determinants,1,0.001976284584980237
119,abstention,FALSE,FALSE,too_many_missing_determinants,5,0.009881422924901186
119,abstention,TRUE,TRUE,usable_complete,414,0.8181818181818182
119,abstention,TRUE,TRUE,usable_complete_limited_metadata,23,0.045454545454545456
119,abstention,TRUE,TRUE,usable_partial,40,0.07905138339920949
119,abstention,TRUE,TRUE,usable_partial_limited_metadata,2,0.003952569169960474
119,voter,FALSE,FALSE,no_determinants,61,0.12348178137651822
119,voter,FALSE,FALSE,suspicious_determinants,5,0.010121457489878543
119,voter,FALSE,FALSE,too_many_missing_determinants,34,0.06882591093117409
119,voter,TRUE,TRUE,usable_complete,264,0.5344129554655871
119,voter,TRUE,TRUE,usable_complete_limited_metadata,5,0.010121457489878543
119,voter,TRUE,TRUE,usable_partial,124,0.25101214574898784
119,voter,TRUE,TRUE,usable_partial_limited_metadata,1,0.0020242914979757085
120,abstention,FALSE,FALSE,no_determinants,37,0.07312252964426877
120,abstention,FALSE,FALSE,suspicious_determinants,2,0.003952569169960474
120,abstention,FALSE,FALSE,too_many_missing_determinants,4,0.007905138339920948
120,abstention,TRUE,TRUE,usable_complete,391,0.7727272727272727
120,abstention,TRUE,TRUE,usable_complete_limited_metadata,16,0.03162055335968379
120,abstention,TRUE,TRUE,usable_partial,53,0.10474308300395258
120,abstention,TRUE,TRUE,usable_partial_limited_metadata,3,0.005928853754940711
120,voter,FALSE,FALSE,no_determinants,89,0.18016194331983806
120,voter,FALSE,FALSE,suspicious_determinants,5,0.010121457489878543
120,voter,FALSE,FALSE,too_many_missing_determinants,20,0.04048582995951417
120,voter,TRUE,TRUE,usable_complete,249,0.5040485829959515
120,voter,TRUE,TRUE,usable_complete_limited_metadata,7,0.01417004048582996
120,voter,TRUE,TRUE,usable_partial,124,0.25101214574898784
121,abstention,FALSE,FALSE,no_determinants,39,0.07707509881422925
121,abstention,FALSE,FALSE,too_many_missing_determinants,3,0.005928853754940711
121,abstention,TRUE,TRUE,usable_complete,399,0.7885375494071146
121,abstention,TRUE,TRUE,usable_complete_limited_metadata,19,0.037549407114624504
121,abstention,TRUE,TRUE,usable_partial,44,0.08695652173913043
121,abstention,TRUE,TRUE,usable_partial_limited_metadata,2,0.003952569169960474
121,voter,FALSE,FALSE,no_determinants,73,0.14777327935222673
121,voter,FALSE,FALSE,suspicious_determinants,3,0.006072874493927126
121,voter,FALSE,FALSE,too_many_missing_determinants,27,0.05465587044534413
121,voter,TRUE,TRUE,usable_complete,259,0.5242914979757085
121,voter,TRUE,TRUE,usable_complete_limited_metadata,8,0.016194331983805668
121,voter,TRUE,TRUE,usable_partial,124,0.25101214574898784
122,abstention,FALSE,FALSE,no_determinants,32,0.06324110671936758
122,abstention,FALSE,FALSE,suspicious_determinants,3,0.005928853754940711
122,abstention,FALSE,FALSE,too_many_missing_determinants,4,0.007905138339920948
122,abstention,TRUE,TRUE,usable_complete,397,0.7845849802371542
122,abstention,TRUE,TRUE,usable_complete_limited_metadata,22,0.043478260869565216
122,abstention,TRUE,TRUE,usable_partial,45,0.08893280632411067
122,abstention,TRUE,TRUE,usable_partial_limited_metadata,3,0.005928853754940711
122,voter,FALSE,FALSE,no_determinants,75,0.15182186234817813
122,voter,FALSE,FALSE,suspicious_determinants,1,0.0020242914979757085
122,voter,FALSE,FALSE,too_many_missing_determinants,21,0.04251012145748988
122,voter,TRUE,TRUE,usable_complete,250,0.5060728744939271
122,voter,TRUE,TRUE,usable_complete_limited_metadata,6,0.012145748987854251
122,voter,TRUE,TRUE,usable_partial,140,0.2834008097165992
122,voter,TRUE,TRUE,usable_partial_limited_metadata,1,0.0020242914979757085
123,abstention,FALSE,FALSE,no_determinants,30,0.05928853754940711
123,abstention,FALSE,FALSE,suspicious_determinants,4,0.007905138339920948
123,abstention,FALSE,FALSE,too_many_missing_determinants,6,0.011857707509881422
123,abstention,TRUE,TRUE,usable_complete,404,0.7984189723320159
123,abstention,TRUE,TRUE,usable_complete_limited_metadata,20,0.039525691699604744
123,abstention,TRUE,TRUE,usable_partial,42,0.08300395256916997
123,voter,FALSE,FALSE,no_determinants,96,0.19433198380566802
123,voter,FALSE,FALSE,suspicious_determinants,4,0.008097165991902834
123,voter,FALSE,FALSE,too_many_missing_determinants,22,0.044534412955465584
123,voter,TRUE,TRUE,usable_complete,246,0.4979757085020243
123,voter,TRUE,TRUE,usable_complete_limited_metadata,6,0.012145748987854251
123,voter,TRUE,TRUE,usable_partial,118,0.2388663967611336
123,voter,TRUE,TRUE,usable_partial_limited_metadata,2,0.004048582995951417
124,abstention,FALSE,FALSE,no_determinants,36,0.07114624505928854
124,abstention,FALSE,FALSE,suspicious_determinants,1,0.001976284584980237
124,abstention,FALSE,FALSE,too_many_missing_determinants,6,0.011857707509881422
124,abstention,TRUE,TRUE,usable_complete,389,0.7687747035573123
124,abstention,TRUE,TRUE,usable_complete_limited_metadata,25,0.04940711462450593
124,abstention,TRUE,TRUE,usable_partial,47,0.09288537549407115
124,abstention,TRUE,TRUE,usable_partial_limited_metadata,2,0.003952569169960474
124,voter,FALSE,FALSE,no_determinants,77,0.15587044534412955
124,voter,FALSE,FALSE,suspicious_determinants,3,0.006072874493927126
124,voter,FALSE,FALSE,too_many_missing_determinants,29,0.058704453441295545
124,voter,TRUE,TRUE,usable_complete,255,0.5161943319838057
124,voter,TRUE,TRUE,usable_complete_limited_metadata,6,0.012145748987854251
124,voter,TRUE,TRUE,usable_partial,124,0.25101214574898784
125,abstention,FALSE,FALSE,no_determinants,24,0.04743083003952569
125,abstention,FALSE,FALSE,suspicious_determinants,1,0.001976284584980237
125,abstention,FALSE,FALSE,too_many_missing_determinants,6,0.011857707509881422
125,abstention,TRUE,TRUE,usable_complete,398,0.7865612648221344
125,abstention,TRUE,TRUE,usable_complete_limited_metadata,21,0.041501976284584984
125,abstention,TRUE,TRUE,usable_partial,52,0.10276679841897234
125,abstention,TRUE,TRUE,usable_partial_limited_metadata,4,0.007905138339920948
125,voter,FALSE,FALSE,no_determinants,72,0.145748987854251
125,voter,FALSE,FALSE,suspicious_determinants,1,0.0020242914979757085
125,voter,FALSE,FALSE,too_many_missing_determinants,36,0.0728744939271255
125,voter,TRUE,TRUE,usable_complete,248,0.5020242914979757
125,voter,TRUE,TRUE,usable_complete_limited_metadata,10,0.020242914979757085
125,voter,TRUE,TRUE,usable_partial,125,0.25303643724696356
125,voter,TRUE,TRUE,usable_partial_limited_metadata,2,0.004048582995951417
126,abstention,FALSE,FALSE,no_determinants,35,0.0691699604743083
126,abstention,FALSE,FALSE,too_many_missing_determinants,6,0.011857707509881422
126,abstention,TRUE,TRUE,usable_complete,406,0.8023715415019763
126,abstention,TRUE,TRUE,usable_complete_limited_metadata,11,0.021739130434782608
126,abstention,TRUE,TRUE,usable_partial,46,0.09090909090909091
126,abstention,TRUE,TRUE,usable_partial_limited_metadata,2,0.003952569169960474
126,voter,FALSE,FALSE,no_determinants,74,0.14979757085020243
126,voter,FALSE,FALSE,suspicious_determinants,4,0.008097165991902834
126,voter,FALSE,FALSE,too_many_missing_determinants,23,0.0465587044534413
126,voter,TRUE,TRUE,usable_complete,253,0.5121457489878543
126,voter,TRUE,TRUE,usable_complete_limited_metadata,9,0.018218623481781375
126,voter,TRUE,TRUE,usable_partial,131,0.2651821862348178
127,abstention,FALSE,FALSE,no_determinants,32,0.06324110671936758
127,abstention,FALSE,FALSE,suspicious_determinants,1,0.001976284584980237
127,abstention,FALSE,FALSE,too_many_missing_determinants,3,0.005928853754940711
127,abstention,TRUE,TRUE,usable_complete,402,0.7944664031620553
127,abstention,TRUE,TRUE,usable_complete_limited_metadata,24,0.04743083003952569
127,abstention,TRUE,TRUE,usable_partial,41,0.08102766798418973
127,abstention,TRUE,TRUE,usable_partial_limited_metadata,3,0.005928853754940711
127,voter,FALSE,FALSE,no_determinants,79,0.15991902834008098
127,voter,FALSE,FALSE,suspicious_determinants,4,0.008097165991902834
127,voter,FALSE,FALSE,too_many_missing_determinants,16,0.032388663967611336
127,voter,TRUE,TRUE,usable_complete,265,0.5364372469635628
127,voter,TRUE,TRUE,usable_complete_limited_metadata,8,0.016194331983805668
127,voter,TRUE,TRUE,usable_partial,122,0.24696356275303644
128,abstention,FALSE,FALSE,no_determinants,30,0.05928853754940711
128,abstention,FALSE,FALSE,suspicious_determinants,1,0.001976284584980237
128,abstention,FALSE,FALSE,too_many_missing_determinants,10,0.019762845849802372
128,abstention,TRUE,TRUE,usable_complete,404,0.7984189723320159
128,abstention,TRUE,TRUE,usable_complete_limited_metadata,13,0.025691699604743084
128,abstention,TRUE,TRUE,usable_partial,47,0.09288537549407115
128,abstention,TRUE,TRUE,usable_partial_limited_metadata,1,0.001976284584980237
128,voter,FALSE,FALSE,no_determinants,73,0.14777327935222673
128,voter,FALSE,FALSE,suspicious_determinants,4,0.008097165991902834
128,voter,FALSE,FALSE,too_many_missing_determinants,28,0.05668016194331984
128,voter,TRUE,TRUE,usable_complete,237,0.4797570850202429
128,voter,TRUE,TRUE,usable_complete_limited_metadata,14,0.02834008097165992
128,voter,TRUE,TRUE,usable_partial,137,0.2773279352226721
128,voter,TRUE,TRUE,usable_partial_limited_metadata,1,0.0020242914979757085
129,abstention,FALSE,FALSE,no_determinants,23,0.045454545454545456
129,abstention,FALSE,FALSE,suspicious_determinants,1,0.001976284584980237
129,abstention,FALSE,FALSE,too_many_missing_determinants,3,0.005928853754940711
129,abstention,TRUE,TRUE,usable_complete,408,0.8063241106719368
129,abstention,TRUE,TRUE,usable_complete_limited_metadata,21,0.041501976284584984
129,abstention,TRUE,TRUE,usable_partial,45,0.08893280632411067
129,abstention,TRUE,TRUE,usable_partial_limited_metadata,5,0.009881422924901186
129,voter,FALSE,FALSE,no_determinants,68,0.13765182186234817
129,voter,FALSE,FALSE,suspicious_determinants,5,0.010121457489878543
129,voter,FALSE,FALSE,too_many_missing_determinants,27,0.05465587044534413
129,voter,TRUE,TRUE,usable_complete,242,0.4898785425101215
129,voter,TRUE,TRUE,usable_complete_limited_metadata,14,0.02834008097165992
129,voter,TRUE,TRUE,usable_partial,137,0.2773279352226721
129,voter,TRUE,TRUE,usable_partial_limited_metadata,1,0.0020242914979757085
130,abstention,FALSE,FALSE,no_determinants,34,0.06719367588932806
130,abstention,FALSE,FALSE,suspicious_determinants,2,0.003952569169960474
130,abstention,FALSE,FALSE,too_many_missing_determinants,7,0.01383399209486166
130,abstention,TRUE,TRUE,usable_complete,409,0.808300395256917
130,abstention,TRUE,TRUE,usable_complete_limited_metadata,9,0.017786561264822136
130,abstention,TRUE,TRUE,usable_partial,43,0.08498023715415019
130,abstention,TRUE,TRUE,usable_partial_limited_metadata,2,0.003952569169960474
130,voter,FALSE,FALSE,no_determinants,79,0.15991902834008098
130,voter,FALSE,FALSE,too_many_missing_determinants,27,0.05465587044534413
130,voter,TRUE,TRUE,usable_complete,251,0.5080971659919028
130,voter,TRUE,TRUE,usable_complete_limited_metadata,7,0.01417004048582996
130,voter,TRUE,TRUE,usable_partial,128,0.2591093117408907
130,voter,TRUE,TRUE,usable_partial_limited_metadata,2,0.004048582995951417
131,abstention,FALSE,FALSE,no_determinants,31,0.06126482213438735
131,abstention,TRUE,TRUE,usable_complete,406,0.8023715415019763
131,abstention,TRUE,TRUE,usable_complete_limited_metadata,22,0.043478260869565216
131,abstention,TRUE,TRUE,usable_partial,43,0.08498023715415019
131,abstention,TRUE,TRUE,usable_partial_limited_metadata,4,0.007905138339920948
131,voter,FALSE,FALSE,no_determinants,80,0.16194331983805668
131,voter,FALSE,FALSE,suspicious_determinants,7,0.01417004048582996
131,voter,FALSE,FALSE,too_many_missing_determinants,39,0.07894736842105263
131,voter,TRUE,TRUE,usable_complete,252,0.5101214574898786
131,voter,TRUE,TRUE,usable_complete_limited_metadata,3,0.006072874493927126
131,voter,TRUE,TRUE,usable_partial,112,0.22672064777327935
131,voter,TRUE,TRUE,usable_partial_limited_metadata,1,0.0020242914979757085
132,abstention,FALSE,FALSE,no_determinants,35,0.0691699604743083
132,abstention,FALSE,FALSE,too_many_missing_determinants,4,0.007905138339920948
132,abstention,TRUE,TRUE,usable_complete,407,0.8043478260869565
132,abstention,TRUE,TRUE,usable_complete_limited_metadata,14,0.02766798418972332
132,abstention,TRUE,TRUE,usable_partial,45,0.08893280632411067
132,abstention,TRUE,TRUE,usable_partial_limited_metadata,1,0.001976284584980237
132,voter,FALSE,FALSE,no_determinants,74,0.14979757085020243
132,voter,FALSE,FALSE,suspicious_determinants,6,0.012145748987854251
132,voter,FALSE,FALSE,too_many_missing_determinants,31,0.06275303643724696
132,voter,TRUE,TRUE,usable_complete,249,0.5040485829959515
132,voter,TRUE,TRUE,usable_complete_limited_metadata,8,0.016194331983805668
132,voter,TRUE,TRUE,usable_partial,125,0.25303643724696356
132,voter,TRUE,TRUE,usable_partial_limited_metadata,1,0.0020242914979757085
133,abstention,FALSE,FALSE,no_determinants,27,0.0533596837944664
133,abstention,FALSE,FALSE,too_many_missing_determinants,5,0.009881422924901186
133,abstention,TRUE,TRUE,usable_complete,390,0.7707509881422925
133,abstention,TRUE,TRUE,usable_complete_limited_metadata,24,0.04743083003952569
133,abstention,TRUE,TRUE,usable_partial,56,0.11067193675889328
133,abstention,TRUE,TRUE,usable_partial_limited_metadata,4,0.007905138339920948
133,voter,FALSE,FALSE,no_determinants,77,0.15587044534412955
133,voter,FALSE,FALSE,suspicious_determinants,2,0.004048582995951417
133,voter,FALSE,FALSE,too_many_missing_determinants,21,0.04251012145748988
133,voter,TRUE,TRUE,usable_complete,264,0.5344129554655871
133,voter,TRUE,TRUE,usable_complete_limited_metadata,5,0.010121457489878543
133,voter,TRUE,TRUE,usable_partial,125,0.25303643724696356
134,abstention,FALSE,FALSE,no_determinants,38,0.07509881422924901
134,abstention,FALSE,FALSE,suspicious_determinants,2,0.003952569169960474
134,abstention,FALSE,FALSE,too_many_missing_determinants,5,0.009881422924901186
134,abstention,TRUE,TRUE,usable_complete,384,0.758893280632411
134,abstention,TRUE,TRUE,usable_complete_limited_metadata,27,0.0533596837944664
134,abstention,TRUE,TRUE,usable_partial,50,0.09881422924901186
134,voter,FALSE,FALSE,no_determinants,78,0.15789473684210525
134,voter,FALSE,FALSE,suspicious_determinants,3,0.006072874493927126
134,voter,FALSE,FALSE,too_many_missing_determinants,20,0.04048582995951417
134,voter,TRUE,TRUE,usable_complete,268,0.5425101214574899
134,voter,TRUE,TRUE,usable_complete_limited_metadata,6,0.012145748987854251
134,voter,TRUE,TRUE,usable_partial,117,0.23684210526315788
134,voter,TRUE,TRUE,usable_partial_limited_metadata,2,0.004048582995951417
135,abstention,FALSE,FALSE,no_determinants,31,0.06126482213438735
135,abstention,FALSE,FALSE,too_many_missing_determinants,6,0.011857707509881422
135,abstention,TRUE,TRUE,usable_complete,411,0.8122529644268774
135,abstention,TRUE,TRUE,usable_complete_limited_metadata,14,0.02766798418972332
135,abstention,TRUE,TRUE,usable_partial,42,0.08300395256916997
135,abstention,TRUE,TRUE,usable_partial_limited_metadata,2,0.003952569169960474
135,voter,FALSE,FALSE,no_determinants,91,0.18421052631578946
135,voter,FALSE,FALSE,suspicious_determinants,4,0.008097165991902834
135,voter,FALSE,FALSE,too_many_missing_determinants,25,0.05060728744939271
135,voter,TRUE,TRUE,usable_complete,243,0.49190283400809715
135,voter,TRUE,TRUE,usable_complete_limited_metadata,6,0.012145748987854251
135,voter,TRUE,TRUE,usable_partial,124,0.25101214574898784
135,voter,TRUE,TRUE,usable_partial_limited_metadata,1,0.0020242914979757085
136,abstention,FALSE,FALSE,no_determinants,28,0.05533596837944664
136,abstention,FALSE,FALSE,suspicious_determinants,1,0.001976284584980237
136,abstention,FALSE,FALSE,too_many_missing_determinants,3,0.005928853754940711
136,abstention,TRUE,TRUE,usable_complete,404,0.7984189723320159
136,abstention,TRUE,TRUE,usable_complete_limited_metadata,23,0.045454545454545456
136,abstention,TRUE,TRUE,usable_partial,46,0.09090909090909091
136,abstention,TRUE,TRUE,usable_partial_limited_metadata,1,0.001976284584980237
136,voter,FALSE,FALSE,no_determinants,67,0.13562753036437247
136,voter,FALSE,FALSE,suspicious_determinants,3,0.006072874493927126
136,voter,FALSE,FALSE,too_many_missing_determinants,21,0.04251012145748988
136,voter,TRUE,TRUE,usable_complete,269,0.5445344129554656
136,voter,TRUE,TRUE,usable_complete_limited_metadata,5,0.010121457489878543
136,voter,TRUE,TRUE,usable_partial,129,0.2611336032388664
137,abstention,FALSE,FALSE,no_determinants,25,0.04940711462450593
137,abstention,FALSE,FALSE,too_many_missing_determinants,6,0.011857707509881422
137,abstention,TRUE,TRUE,usable_complete,408,0.8063241106719368
137,abstention,TRUE,TRUE,usable_complete_limited_metadata,20,0.039525691699604744
137,abstention,TRUE,TRUE,usable_partial,46,0.09090909090909091
137,abstention,TRUE,TRUE,usable_partial_limited_metadata,1,0.001976284584980237
137,voter,FALSE,FALSE,no_determinants,72,0.145748987854251
137,voter,FALSE,FALSE,suspicious_determinants,6,0.012145748987854251
137,voter,FALSE,FALSE,too_many_missing_determinants,22,0.044534412955465584
137,voter,TRUE,TRUE,usable_complete,246,0.4979757085020243
137,voter,TRUE,TRUE,usable_complete_limited_metadata,10,0.020242914979757085
137,voter,TRUE,TRUE,usable_partial,137,0.2773279352226721
137,voter,TRUE,TRUE,usable_partial_limited_metadata,1,0.0020242914979757085
138,abstention,FALSE,FALSE,no_determinants,32,0.06324110671936758
138,abstention,FALSE,FALSE,suspicious_determinants,2,0.003952569169960474
138,abstention,FALSE,FALSE,too_many_missing_determinants,6,0.011857707509881422
138,abstention,TRUE,TRUE,usable_complete,403,0.7964426877470355
138,abstention,TRUE,TRUE,usable_complete_limited_metadata,21,0.041501976284584984
138,abstention,TRUE,TRUE,usable_partial,38,0.07509881422924901
138,abstention,TRUE,TRUE,usable_partial_limited_metadata,4,0.007905138339920948
138,voter,FALSE,FALSE,no_determinants,75,0.15182186234817813
138,voter,FALSE,FALSE,suspicious_determinants,2,0.004048582995951417
138,voter,FALSE,FALSE,too_many_missing_determinants,28,0.05668016194331984
138,voter,TRUE,TRUE,usable_complete,260,0.5263157894736842
138,voter,TRUE,TRUE,usable_complete_limited_metadata,8,0.016194331983805668
138,voter,TRUE,TRUE,usable_partial,121,0.24493927125506074
139,abstention,FALSE,FALSE,no_determinants,30,0.05928853754940711
139,abstention,FALSE,FALSE,suspicious_determinants,1,0.001976284584980237
139,abstention,FALSE,FALSE,too_many_missing_determinants,3,0.005928853754940711
139,abstention,TRUE,TRUE,usable_complete,407,0.8043478260869565
139,abstention,TRUE,TRUE,usable_complete_limited_metadata,16,0.03162055335968379
139,abstention,TRUE,TRUE,usable_partial,49,0.09683794466403162
139,voter,FALSE,FALSE,no_determinants,78,0.15789473684210525
139,voter,FALSE,FALSE,suspicious_determinants,4,0.008097165991902834
139,voter,FALSE,FALSE,too_many_missing_determinants,29,0.058704453441295545
139,voter,TRUE,TRUE,usable_complete,241,0.48785425101214575
139,voter,TRUE,TRUE,usable_complete_limited_metadata,6,0.012145748987854251
139,voter,TRUE,TRUE,usable_partial,136,0.27530364372469635
140,abstention,FALSE,FALSE,no_determinants,28,0.05533596837944664
140,abstention,FALSE,FALSE,suspicious_determinants,2,0.003952569169960474
140,abstention,FALSE,FALSE,too_many_missing_determinants,4,0.007905138339920948
140,abstention,TRUE,TRUE,usable_complete,404,0.7984189723320159
140,abstention,TRUE,TRUE,usable_complete_limited_metadata,17,0.03359683794466403
140,abstention,TRUE,TRUE,usable_partial,48,0.09486166007905138
140,abstention,TRUE,TRUE,usable_partial_limited_metadata,3,0.005928853754940711
140,voter,FALSE,FALSE,no_determinants,78,0.15789473684210525
140,voter,FALSE,FALSE,suspicious_determinants,4,0.008097165991902834
140,voter,FALSE,FALSE,too_many_missing_determinants,30,0.06072874493927125
140,voter,TRUE,TRUE,usable_complete,246,0.4979757085020243
140,voter,TRUE,TRUE,usable_complete_limited_metadata,10,0.020242914979757085
140,voter,TRUE,TRUE,usable_partial,126,0.2550607287449393
141,abstention,FALSE,FALSE,no_determinants,32,0.06324110671936758
141,abstention,FALSE,FALSE,suspicious_determinants,1,0.001976284584980237
141,abstention,FALSE,FALSE,too_many_missing_determinants,4,0.007905138339920948
141,abstention,TRUE,TRUE,usable_complete,401,0.7924901185770751
141,abstention,TRUE,TRUE,usable_complete_limited_metadata,11,0.021739130434782608
141,abstention,TRUE,TRUE,usable_partial,52,0.10276679841897234
141,abstention,TRUE,TRUE,usable_partial_limited_metadata,5,0.009881422924901186
141,voter,FALSE,FALSE,no_determinants,78,0.15789473684210525
141,voter,FALSE,FALSE,suspicious_determinants,3,0.006072874493927126
141,voter,FALSE,FALSE,too_many_missing_determinants,28,0.05668016194331984
141,voter,TRUE,TRUE,usable_complete,255,0.5161943319838057
141,voter,TRUE,TRUE,usable_complete_limited_metadata,6,0.012145748987854251
141,voter,TRUE,TRUE,usable_partial,124,0.25101214574898784
142,abstention,FALSE,FALSE,no_determinants,35,0.0691699604743083
142,abstention,FALSE,FALSE,suspicious_determinants,1,0.001976284584980237
142,abstention,FALSE,FALSE,too_many_missing_determinants,3,0.005928853754940711
142,abstention,TRUE,TRUE,usable_complete,397,0.7845849802371542
142,abstention,TRUE,TRUE,usable_complete_limited_metadata,20,0.039525691699604744
142,abstention,TRUE,TRUE,usable_partial,49,0.09683794466403162
142,abstention,TRUE,TRUE,usable_partial_limited_metadata,1,0.001976284584980237
142,voter,FALSE,FALSE,no_determinants,88,0.17813765182186234
142,voter,FALSE,FALSE,suspicious_determinants,4,0.008097165991902834
142,voter,FALSE,FALSE,too_many_missing_determinants,27,0.05465587044534413
142,voter,TRUE,TRUE,usable_complete,244,0.4939271255060729
142,voter,TRUE,TRUE,usable_complete_limited_metadata,10,0.020242914979757085
142,voter,TRUE,TRUE,usable_partial,121,0.24493927125506074
143,abstention,FALSE,FALSE,no_determinants,34,0.06719367588932806
143,abstention,FALSE,FALSE,too_many_missing_determinants,3,0.005928853754940711
143,abstention,TRUE,TRUE,usable_complete,404,0.7984189723320159
143,abstention,TRUE,TRUE,usable_complete_limited_metadata,21,0.041501976284584984
143,abstention,TRUE,TRUE,usable_partial,40,0.07905138339920949
143,abstention,TRUE,TRUE,usable_partial_limited_metadata,4,0.007905138339920948
143,voter,FALSE,FALSE,no_determinants,80,0.16194331983805668
143,voter,FALSE,FALSE,suspicious_determinants,6,0.012145748987854251
143,voter,FALSE,FALSE,too_many_missing_determinants,30,0.06072874493927125
143,voter,TRUE,TRUE,usable_complete,237,0.4797570850202429
143,voter,TRUE,TRUE,usable_complete_limited_metadata,8,0.016194331983805668
143,voter,TRUE,TRUE,usable_partial,133,0.2692307692307692
144,abstention,FALSE,FALSE,no_determinants,26,0.05138339920948617
144,abstention,FALSE,FALSE,suspicious_determinants,1,0.001976284584980237
144,abstention,FALSE,FALSE,too_many_missing_determinants,1,0.001976284584980237
144,abstention,TRUE,TRUE,usable_complete,420,0.8300395256916996
144,abstention,TRUE,TRUE,usable_complete_limited_metadata,14,0.02766798418972332
144,abstention,TRUE,TRUE,usable_partial,42,0.08300395256916997
144,abstention,TRUE,TRUE,usable_partial_limited_metadata,2,0.003952569169960474
144,voter,FALSE,FALSE,no_determinants,80,0.16194331983805668
144,voter,FALSE,FALSE,suspicious_determinants,2,0.004048582995951417
144,voter,FALSE,FALSE,too_many_missing_determinants,32,0.06477732793522267
144,voter,TRUE,TRUE,usable_complete,265,0.5364372469635628
144,voter,TRUE,TRUE,usable_complete_limited_metadata,8,0.016194331983805668
144,voter,TRUE,TRUE,usable_partial,105,0.2125506072874494
144,voter,TRUE,TRUE,usable_partial_limited_metadata,2,0.004048582995951417
145,abstention,FALSE,FALSE,no_determinants,21,0.041501976284584984
145,abstention,FALSE,FALSE,suspicious_determinants,1,0.001976284584980237
145,abstention,FALSE,FALSE,too_many_missing_determinants,2,0.003952569169960474
145,abstention,TRUE,TRUE,usable_complete,406,0.8023715415019763
145,abstention,TRUE,TRUE,usable_complete_limited_metadata,18,0.03557312252964427
145,abstention,TRUE,TRUE,usable_partial,55,0.10869565217391304
145,abstention,TRUE,TRUE,usable_partial_limited_metadata,3,0.005928853754940711
145,voter,FALSE,FALSE,no_determinants,64,0.12955465587044535
145,voter,FALSE,FALSE,suspicious_determinants,2,0.004048582995951417
145,voter,FALSE,FALSE,too_many_missing_determinants,28,0.05668016194331984
145,voter,TRUE,TRUE,usable_complete,263,0.5323886639676113
145,voter,TRUE,TRUE,usable_complete_limited_metadata,10,0.020242914979757085
145,voter,TRUE,TRUE,usable_partial,126,0.2550607287449393
145,voter,TRUE,TRUE,usable_partial_limited_metadata,1,0.0020242914979757085
146,abstention,FALSE,FALSE,no_determinants,36,0.07114624505928854
146,abstention,FALSE,FALSE,suspicious_determinants,1,0.001976284584980237
146,abstention,FALSE,FALSE,too_many_missing_determinants,4,0.007905138339920948
146,abstention,TRUE,TRUE,usable_complete,387,0.7648221343873518
146,abstention,TRUE,TRUE,usable_complete_limited_metadata,28,0.05533596837944664
146,abstention,TRUE,TRUE,usable_partial,48,0.09486166007905138
146,abstention,TRUE,TRUE,usable_partial_limited_metadata,2,0.003952569169960474
146,voter,FALSE,FALSE,no_determinants,90,0.18218623481781376
146,voter,FALSE,FALSE,suspicious_determinants,4,0.008097165991902834
146,voter,FALSE,FALSE,too_many_missing_determinants,25,0.05060728744939271
146,voter,TRUE,TRUE,usable_complete,251,0.5080971659919028
146,voter,TRUE,TRUE,usable_complete_limited_metadata,4,0.008097165991902834
146,voter,TRUE,TRUE,usable_partial,120,0.242914979757085
147,abstention,FALSE,FALSE,no_determinants,31,0.06126482213438735
147,abstention,FALSE,FALSE,too_many_missing_determinants,3,0.005928853754940711
147,abstention,TRUE,TRUE,usable_complete,408,0.8063241106719368
147,abstention,TRUE,TRUE,usable_complete_limited_metadata,19,0.037549407114624504
147,abstention,TRUE,TRUE,usable_partial,45,0.08893280632411067
147,voter,FALSE,FALSE,no_determinants,76,0.15384615384615385
147,voter,FALSE,FALSE,suspicious_determinants,7,0.01417004048582996
147,voter,FALSE,FALSE,too_many_missing_determinants,25,0.05060728744939271
147,voter,TRUE,TRUE,usable_complete,259,0.5242914979757085
147,voter,TRUE,TRUE,usable_complete_limited_metadata,7,0.01417004048582996
147,voter,TRUE,TRUE,usable_partial,119,0.2408906882591093
147,voter,TRUE,TRUE,usable_partial_limited_metadata,1,0.0020242914979757085
148,abstention,FALSE,FALSE,no_determinants,31,0.06126482213438735
148,abstention,FALSE,FALSE,suspicious_determinants,1,0.001976284584980237
148,abstention,FALSE,FALSE,too_many_missing_determinants,4,0.007905138339920948
148,abstention,TRUE,TRUE,usable_complete,399,0.7885375494071146
148,abstention,TRUE,TRUE,usable_complete_limited_metadata,20,0.039525691699604744
148,abstention,TRUE,TRUE,usable_partial,50,0.09881422924901186
148,abstention,TRUE,TRUE,usable_partial_limited_metadata,1,0.001976284584980237
148,voter,FALSE,FALSE,no_determinants,97,0.19635627530364372
148,voter,FALSE,FALSE,suspicious_determinants,3,0.006072874493927126
148,voter,FALSE,FALSE,too_many_missing_determinants,24,0.048582995951417005
148,voter,TRUE,TRUE,usable_complete,241,0.48785425101214575
148,voter,TRUE,TRUE,usable_complete_limited_metadata,6,0.012145748987854251
148,voter,TRUE,TRUE,usable_partial,122,0.24696356275303644
148,voter,TRUE,TRUE,usable_partial_limited_metadata,1,0.0020242914979757085
149,abstention,FALSE,FALSE,no_determinants,29,0.05731225296442688
149,abstention,FALSE,FALSE,too_many_missing_determinants,5,0.009881422924901186
149,abstention,TRUE,TRUE,usable_complete,405,0.8003952569169961
149,abstention,TRUE,TRUE,usable_complete_limited_metadata,17,0.03359683794466403
149,abstention,TRUE,TRUE,usable_partial,49,0.09683794466403162
149,abstention,TRUE,TRUE,usable_partial_limited_metadata,1,0.001976284584980237
149,voter,FALSE,FALSE,no_determinants,71,0.1437246963562753
149,voter,FALSE,FALSE,suspicious_determinants,5,0.010121457489878543
149,voter,FALSE,FALSE,too_many_missing_determinants,30,0.06072874493927125
149,voter,TRUE,TRUE,usable_complete,255,0.5161943319838057
149,voter,TRUE,TRUE,usable_complete_limited_metadata,5,0.010121457489878543
149,voter,TRUE,TRUE,usable_partial,128,0.2591093117408907
150,abstention,FALSE,FALSE,no_determinants,39,0.07707509881422925
150,abstention,FALSE,FALSE,suspicious_determinants,1,0.001976284584980237
150,abstention,FALSE,FALSE,too_many_missing_determinants,1,0.001976284584980237
150,abstention,TRUE,TRUE,usable_complete,390,0.7707509881422925
150,abstention,TRUE,TRUE,usable_complete_limited_metadata,24,0.04743083003952569
150,abstention,TRUE,TRUE,usable_partial,50,0.09881422924901186
150,abstention,TRUE,TRUE,usable_partial_limited_metadata,1,0.001976284584980237
150,voter,FALSE,FALSE,no_determinants,72,0.145748987854251
150,voter,FALSE,FALSE,suspicious_determinants,2,0.004048582995951417
150,voter,FALSE,FALSE,too_many_missing_determinants,38,0.07692307692307693
150,voter,TRUE,TRUE,usable_complete,251,0.5080971659919028
150,voter,TRUE,TRUE,usable_complete_limited_metadata,6,0.012145748987854251
150,voter,TRUE,TRUE,usable_partial,124,0.25101214574898784
150,voter,TRUE,TRUE,usable_partial_limited_metadata,1,0.0020242914979757085
151,abstention,FALSE,FALSE,no_determinants,28,0.05533596837944664
151,abstention,FALSE,FALSE,too_many_missing_determinants,6,0.011857707509881422
151,abstention,TRUE,TRUE,usable_complete,411,0.8122529644268774
151,abstention,TRUE,TRUE,usable_complete_limited_metadata,15,0.029644268774703556
151,abstention,TRUE,TRUE,usable_partial,43,0.08498023715415019
151,abstention,TRUE,TRUE,usable_partial_limited_metadata,3,0.005928853754940711
151,voter,FALSE,FALSE,no_determinants,104,0.21052631578947367
151,voter,FALSE,FALSE,suspicious_determinants,5,0.010121457489878543
151,voter,FALSE,FALSE,too_many_missing_determinants,21,0.04251012145748988
151,voter,TRUE,TRUE,usable_complete,239,0.48380566801619435
151,voter,TRUE,TRUE,usable_complete_limited_metadata,5,0.010121457489878543
151,voter,TRUE,TRUE,usable_partial,119,0.2408906882591093
151,voter,TRUE,TRUE,usable_partial_limited_metadata,1,0.0020242914979757085
152,abstention,FALSE,FALSE,no_determinants,36,0.07114624505928854
152,abstention,FALSE,FALSE,suspicious_determinants,1,0.001976284584980237
152,abstention,FALSE,FALSE,too_many_missing_determinants,7,0.01383399209486166
152,abstention,TRUE,TRUE,usable_complete,397,0.7845849802371542
152,abstention,TRUE,TRUE,usable_complete_limited_metadata,14,0.02766798418972332
152,abstention,TRUE,TRUE,usable_partial,49,0.09683794466403162
152,abstention,TRUE,TRUE,usable_partial_limited_metadata,2,0.003952569169960474
152,voter,FALSE,FALSE,no_determinants,76,0.15384615384615385
152,voter,FALSE,FALSE,suspicious_determinants,5,0.010121457489878543
152,voter,FALSE,FALSE,too_many_missing_determinants,25,0.05060728744939271
152,voter,TRUE,TRUE,usable_complete,253,0.5121457489878543
152,voter,TRUE,TRUE,usable_complete_limited_metadata,9,0.018218623481781375
152,voter,TRUE,TRUE,usable_partial,126,0.2550607287449393
153,abstention,FALSE,FALSE,no_determinants,35,0.0691699604743083
153,abstention,FALSE,FALSE,suspicious_determinants,1,0.001976284584980237
153,abstention,FALSE,FALSE,too_many_missing_determinants,3,0.005928853754940711
153,abstention,TRUE,TRUE,usable_complete,404,0.7984189723320159
153,abstention,TRUE,TRUE,usable_complete_limited_metadata,12,0.023715415019762844
153,abstention,TRUE,TRUE,usable_partial,48,0.09486166007905138
153,abstention,TRUE,TRUE,usable_partial_limited_metadata,3,0.005928853754940711
153,voter,FALSE,FALSE,no_determinants,89,0.18016194331983806
153,voter,FALSE,FALSE,suspicious_determinants,3,0.006072874493927126
153,voter,FALSE,FALSE,too_many_missing_determinants,28,0.05668016194331984
153,voter,TRUE,TRUE,usable_complete,230,0.46558704453441296
153,voter,TRUE,TRUE,usable_complete_limited_metadata,9,0.018218623481781375
153,voter,TRUE,TRUE,usable_partial,134,0.27125506072874495
153,voter,TRUE,TRUE,usable_partial_limited_metadata,1,0.0020242914979757085
154,abstention,FALSE,FALSE,no_determinants,29,0.05731225296442688
154,abstention,FALSE,FALSE,suspicious_determinants,1,0.001976284584980237
154,abstention,FALSE,FALSE,too_many_missing_determinants,3,0.005928853754940711
154,abstention,TRUE,TRUE,usable_complete,408,0.8063241106719368
154,abstention,TRUE,TRUE,usable_complete_limited_metadata,21,0.041501976284584984
154,abstention,TRUE,TRUE,usable_partial,38,0.07509881422924901
154,abstention,TRUE,TRUE,usable_partial_limited_metadata,6,0.011857707509881422
154,voter,FALSE,FALSE,no_determinants,92,0.1862348178137652
154,voter,FALSE,FALSE,suspicious_determinants,3,0.006072874493927126
154,voter,FALSE,FALSE,too_many_missing_determinants,25,0.05060728744939271
154,voter,TRUE,TRUE,usable_complete,250,0.5060728744939271
154,voter,TRUE,TRUE,usable_complete_limited_metadata,6,0.012145748987854251
154,voter,TRUE,TRUE,usable_partial,118,0.2388663967611336
155,abstention,FALSE,FALSE,no_determinants,35,0.0691699604743083
155,abstention,FALSE,FALSE,suspicious_determinants,2,0.003952569169960474
155,abstention,FALSE,FALSE,too_many_missing_determinants,9,0.017786561264822136
155,abstention,TRUE,TRUE,usable_complete,394,0.7786561264822134
155,abstention,TRUE,TRUE,usable_complete_limited_metadata,14,0.02766798418972332
155,abstention,TRUE,TRUE,usable_partial,48,0.09486166007905138
155,abstention,TRUE,TRUE,usable_partial_limited_metadata,4,0.007905138339920948
155,voter,FALSE,FALSE,no_determinants,69,0.1396761133603239
155,voter,FALSE,FALSE,suspicious_determinants,3,0.006072874493927126
155,voter,FALSE,FALSE,too_many_missing_determinants,27,0.05465587044534413
155,voter,TRUE,TRUE,usable_complete,262,0.5303643724696356
155,voter,TRUE,TRUE,usable_complete_limited_metadata,8,0.016194331983805668
155,voter,TRUE,TRUE,usable_partial,123,0.24898785425101214
155,voter,TRUE,TRUE,usable_partial_limited_metadata,2,0.004048582995951417
156,abstention,FALSE,FALSE,no_determinants,30,0.05928853754940711
156,abstention,FALSE,FALSE,suspicious_determinants,1,0.001976284584980237
156,abstention,FALSE,FALSE,too_many_missing_determinants,2,0.003952569169960474
156,abstention,TRUE,TRUE,usable_complete,413,0.8162055335968379
156,abstention,TRUE,TRUE,usable_complete_limited_metadata,18,0.03557312252964427
156,abstention,TRUE,TRUE,usable_partial,41,0.08102766798418973
156,abstention,TRUE,TRUE,usable_partial_limited_metadata,1,0.001976284584980237
156,voter,FALSE,FALSE,no_determinants,86,0.17408906882591094
156,voter,FALSE,FALSE,suspicious_determinants,4,0.008097165991902834
156,voter,FALSE,FALSE,too_many_missing_determinants,33,0.06680161943319839
156,voter,TRUE,TRUE,usable_complete,238,0.4817813765182186
156,voter,TRUE,TRUE,usable_complete_limited_metadata,4,0.008097165991902834
156,voter,TRUE,TRUE,usable_partial,128,0.2591093117408907
156,voter,TRUE,TRUE,usable_partial_limited_metadata,1,0.0020242914979757085
157,abstention,FALSE,FALSE,no_determinants,34,0.06719367588932806
157,abstention,FALSE,FALSE,suspicious_determinants,2,0.003952569169960474
157,abstention,FALSE,FALSE,too_many_missing_determinants,5,0.009881422924901186
157,abstention,TRUE,TRUE,usable_complete,396,0.782608695652174
157,abstention,TRUE,TRUE,usable_complete_limited_metadata,15,0.029644268774703556
157,abstention,TRUE,TRUE,usable_partial,51,0.1007905138339921
157,abstention,TRUE,TRUE,usable_partial_limited_metadata,3,0.005928853754940711
157,voter,FALSE,FALSE,no_determinants,73,0.14777327935222673
157,voter,FALSE,FALSE,suspicious_determinants,2,0.004048582995951417
157,voter,FALSE,FALSE,too_many_missing_determinants,25,0.05060728744939271
157,voter,TRUE,TRUE,usable_complete,263,0.5323886639676113
157,voter,TRUE,TRUE,usable_complete_limited_metadata,6,0.012145748987854251
157,voter,TRUE,TRUE,usable_partial,125,0.25303643724696356
158,abstention,FALSE,FALSE,no_determinants,32,0.06324110671936758
158,abstention,FALSE,FALSE,suspicious_determinants,1,0.001976284584980237
158,abstention,FALSE,FALSE,too_many_missing_determinants,6,0.011857707509881422
158,abstention,TRUE,TRUE,usable_complete,396,0.782608695652174
158,abstention,TRUE,TRUE,usable_complete_limited_metadata,22,0.043478260869565216
158,abstention,TRUE,TRUE,usable_partial,46,0.09090909090909091
158,abstention,TRUE,TRUE,usable_partial_limited_metadata,3,0.005928853754940711
158,voter,FALSE,FALSE,no_determinants,76,0.15384615384615385
158,voter,FALSE,FALSE,suspicious_determinants,4,0.008097165991902834
158,voter,FALSE,FALSE,too_many_missing_determinants,27,0.05465587044534413
158,voter,TRUE,TRUE,usable_complete,247,0.5
158,voter,TRUE,TRUE,usable_complete_limited_metadata,8,0.016194331983805668
158,voter,TRUE,TRUE,usable_partial,130,0.2631578947368421
158,voter,TRUE,TRUE,usable_partial_limited_metadata,2,0.004048582995951417
159,abstention,FALSE,FALSE,no_determinants,32,0.06324110671936758
159,abstention,FALSE,FALSE,suspicious_determinants,1,0.001976284584980237
159,abstention,FALSE,FALSE,too_many_missing_determinants,6,0.011857707509881422
159,abstention,TRUE,TRUE,usable_complete,380,0.7509881422924901
159,abstention,TRUE,TRUE,usable_complete_limited_metadata,29,0.05731225296442688
159,abstention,TRUE,TRUE,usable_partial,55,0.10869565217391304
159,abstention,TRUE,TRUE,usable_partial_limited_metadata,3,0.005928853754940711
159,voter,FALSE,FALSE,no_determinants,82,0.1659919028340081
159,voter,FALSE,FALSE,suspicious_determinants,1,0.0020242914979757085
159,voter,FALSE,FALSE,too_many_missing_determinants,36,0.0728744939271255
159,voter,TRUE,TRUE,usable_complete,247,0.5
159,voter,TRUE,TRUE,usable_complete_limited_metadata,6,0.012145748987854251
159,voter,TRUE,TRUE,usable_partial,122,0.24696356275303644
160,abstention,FALSE,FALSE,no_determinants,34,0.06719367588932806
160,abstention,FALSE,FALSE,suspicious_determinants,1,0.001976284584980237
160,abstention,FALSE,FALSE,too_many_missing_determinants,3,0.005928853754940711
160,abstention,TRUE,TRUE,usable_complete,403,0.7964426877470355
160,abstention,TRUE,TRUE,usable_complete_limited_metadata,17,0.03359683794466403
160,abstention,TRUE,TRUE,usable_partial,47,0.09288537549407115
160,abstention,TRUE,TRUE,usable_partial_limited_metadata,1,0.001976284584980237
160,voter,FALSE,FALSE,no_determinants,62,0.12550607287449392
160,voter,FALSE,FALSE,suspicious_determinants,4,0.008097165991902834
160,voter,FALSE,FALSE,too_many_missing_determinants,32,0.06477732793522267
160,voter,TRUE,TRUE,usable_complete,271,0.548582995951417
160,voter,TRUE,TRUE,usable_complete_limited_metadata,3,0.006072874493927126
160,voter,TRUE,TRUE,usable_partial,122,0.24696356275303644
161,abstention,FALSE,FALSE,no_determinants,30,0.05928853754940711
161,abstention,FALSE,FALSE,too_many_missing_determinants,3,0.005928853754940711
161,abstention,TRUE,TRUE,usable_complete,403,0.7964426877470355
161,abstention,TRUE,TRUE,usable_complete_limited_metadata,14,0.02766798418972332
161,abstention,TRUE,TRUE,usable_partial,53,0.10474308300395258
161,abstention,TRUE,TRUE,usable_partial_limited_metadata,3,0.005928853754940711
161,voter,FALSE,FALSE,no_determinants,84,0.1700404858299595
161,voter,FALSE,FALSE,suspicious_determinants,1,0.0020242914979757085
161,voter,FALSE,FALSE,too_many_missing_determinants,31,0.06275303643724696
161,voter,TRUE,TRUE,usable_complete,257,0.520242914979757
161,voter,TRUE,TRUE,usable_complete_limited_metadata,7,0.01417004048582996
161,voter,TRUE,TRUE,usable_partial,114,0.23076923076923078
162,abstention,FALSE,FALSE,no_determinants,33,0.06521739130434782
162,abstention,FALSE,FALSE,too_many_missing_determinants,5,0.009881422924901186
162,abstention,TRUE,TRUE,usable_complete,412,0.8142292490118577
162,abstention,TRUE,TRUE,usable_complete_limited_metadata,13,0.025691699604743084
162,abstention,TRUE,TRUE,usable_partial,39,0.07707509881422925
162,abstention,TRUE,TRUE,usable_partial_limited_metadata,4,0.007905138339920948
162,voter,FALSE,FALSE,no_determinants,80,0.16194331983805668
162,voter,FALSE,FALSE,suspicious_determinants,6,0.012145748987854251
162,voter,FALSE,FALSE,too_many_missing_determinants,22,0.044534412955465584
162,voter,TRUE,TRUE,usable_complete,244,0.4939271255060729
162,voter,TRUE,TRUE,usable_complete_limited_metadata,3,0.006072874493927126
162,voter,TRUE,TRUE,usable_partial,139,0.2813765182186235
163,abstention,FALSE,FALSE,no_determinants,32,0.06324110671936758
163,abstention,FALSE,FALSE,too_many_missing_determinants,3,0.005928853754940711
163,abstention,TRUE,TRUE,usable_complete,400,0.7905138339920948
163,abstention,TRUE,TRUE,usable_complete_limited_metadata,21,0.041501976284584984
163,abstention,TRUE,TRUE,usable_partial,46,0.09090909090909091
163,abstention,TRUE,TRUE,usable_partial_limited_metadata,4,0.007905138339920948
163,voter,FALSE,FALSE,no_determinants,76,0.15384615384615385
163,voter,FALSE,FALSE,suspicious_determinants,2,0.004048582995951417
163,voter,FALSE,FALSE,too_many_missing_determinants,26,0.05263157894736842
163,voter,TRUE,TRUE,usable_complete,248,0.5020242914979757
163,voter,TRUE,TRUE,usable_complete_limited_metadata,11,0.022267206477732792
163,voter,TRUE,TRUE,usable_partial,130,0.2631578947368421
163,voter,TRUE,TRUE,usable_partial_limited_metadata,1,0.0020242914979757085
164,abstention,FALSE,FALSE,no_determinants,32,0.06324110671936758
164,abstention,FALSE,FALSE,suspicious_determinants,1,0.001976284584980237
164,abstention,FALSE,FALSE,too_many_missing_determinants,3,0.005928853754940711
164,abstention,TRUE,TRUE,usable_complete,406,0.8023715415019763
164,abstention,TRUE,TRUE,usable_complete_limited_metadata,18,0.03557312252964427
164,abstention,TRUE,TRUE,usable_partial,45,0.08893280632411067
164,abstention,TRUE,TRUE,usable_partial_limited_metadata,1,0.001976284584980237
164,voter,FALSE,FALSE,no_determinants,92,0.1862348178137652
164,voter,FALSE,FALSE,suspicious_determinants,6,0.012145748987854251
164,voter,FALSE,FALSE,too_many_missing_determinants,20,0.04048582995951417
164,voter,TRUE,TRUE,usable_complete,241,0.48785425101214575
164,voter,TRUE,TRUE,usable_complete_limited_metadata,6,0.012145748987854251
164,voter,TRUE,TRUE,usable_partial,128,0.2591093117408907
164,voter,TRUE,TRUE,usable_partial_limited_metadata,1,0.0020242914979757085
165,abstention,FALSE,FALSE,no_determinants,28,0.05533596837944664
165,abstention,FALSE,FALSE,suspicious_determinants,1,0.001976284584980237
165,abstention,FALSE,FALSE,too_many_missing_determinants,3,0.005928853754940711
165,abstention,TRUE,TRUE,usable_complete,403,0.7964426877470355
165,abstention,TRUE,TRUE,usable_complete_limited_metadata,16,0.03162055335968379
165,abstention,TRUE,TRUE,usable_partial,53,0.10474308300395258
165,abstention,TRUE,TRUE,usable_partial_limited_metadata,2,0.003952569169960474
165,voter,FALSE,FALSE,no_determinants,78,0.15789473684210525
165,voter,FALSE,FALSE,suspicious_determinants,3,0.006072874493927126
165,voter,FALSE,FALSE,too_many_missing_determinants,17,0.03441295546558704
165,voter,TRUE,TRUE,usable_complete,262,0.5303643724696356
165,voter,TRUE,TRUE,usable_complete_limited_metadata,9,0.018218623481781375
165,voter,TRUE,TRUE,usable_partial,124,0.25101214574898784
165,voter,TRUE,TRUE,usable_partial_limited_metadata,1,0.0020242914979757085
166,abstention,FALSE,FALSE,no_determinants,31,0.06126482213438735
166,abstention,FALSE,FALSE,suspicious_determinants,1,0.001976284584980237
166,abstention,FALSE,FALSE,too_many_missing_determinants,4,0.007905138339920948
166,abstention,TRUE,TRUE,usable_complete,400,0.7905138339920948
166,abstention,TRUE,TRUE,usable_complete_limited_metadata,15,0.029644268774703556
166,abstention,TRUE,TRUE,usable_partial,50,0.09881422924901186
166,abstention,TRUE,TRUE,usable_partial_limited_metadata,5,0.009881422924901186
166,voter,FALSE,FALSE,no_determinants,74,0.14979757085020243
166,voter,FALSE,FALSE,suspicious_determinants,5,0.010121457489878543
166,voter,FALSE,FALSE,too_many_missing_determinants,28,0.05668016194331984
166,voter,TRUE,TRUE,usable_complete,251,0.5080971659919028
166,voter,TRUE,TRUE,usable_complete_limited_metadata,6,0.012145748987854251
166,voter,TRUE,TRUE,usable_partial,128,0.2591093117408907
166,voter,TRUE,TRUE,usable_partial_limited_metadata,2,0.004048582995951417
167,abstention,FALSE,FALSE,no_determinants,44,0.08695652173913043
167,abstention,FALSE,FALSE,too_many_missing_determinants,3,0.005928853754940711
167,abstention,TRUE,TRUE,usable_complete,396,0.782608695652174
167,abstention,TRUE,TRUE,usable_complete_limited_metadata,18,0.03557312252964427
167,abstention,TRUE,TRUE,usable_partial,41,0.08102766798418973
167,abstention,TRUE,TRUE,usable_partial_limited_metadata,4,0.007905138339920948
167,voter,FALSE,FALSE,no_determinants,76,0.15384615384615385
167,voter,FALSE,FALSE,suspicious_determinants,4,0.008097165991902834
167,voter,FALSE,FALSE,too_many_missing_determinants,29,0.058704453441295545
167,voter,TRUE,TRUE,usable_complete,249,0.5040485829959515
167,voter,TRUE,TRUE,usable_complete_limited_metadata,7,0.01417004048582996
167,voter,TRUE,TRUE,usable_partial,129,0.2611336032388664
168,abstention,FALSE,FALSE,no_determinants,26,0.05138339920948617
168,abstention,FALSE,FALSE,suspicious_determinants,2,0.003952569169960474
168,abstention,FALSE,FALSE,too_many_missing_determinants,6,0.011857707509881422
168,abstention,TRUE,TRUE,usable_complete,405,0.8003952569169961
168,abstention,TRUE,TRUE,usable_complete_limited_metadata,19,0.037549407114624504
168,abstention,TRUE,TRUE,usable_partial,48,0.09486166007905138
168,voter,FALSE,FALSE,no_determinants,82,0.1659919028340081
168,voter,FALSE,FALSE,suspicious_determinants,2,0.004048582995951417
168,voter,FALSE,FALSE,too_many_missing_determinants,20,0.04048582995951417
168,voter,TRUE,TRUE,usable_complete,239,0.48380566801619435
168,voter,TRUE,TRUE,usable_complete_limited_metadata,9,0.018218623481781375
168,voter,TRUE,TRUE,usable_partial,141,0.28542510121457487
168,voter,TRUE,TRUE,usable_partial_limited_metadata,1,0.0020242914979757085
169,abstention,FALSE,FALSE,no_determinants,34,0.06719367588932806
169,abstention,FALSE,FALSE,too_many_missing_determinants,7,0.01383399209486166
169,abstention,TRUE,TRUE,usable_complete,386,0.7628458498023716
169,abstention,TRUE,TRUE,usable_complete_limited_metadata,17,0.03359683794466403
169,abstention,TRUE,TRUE,usable_partial,57,0.11264822134387352
169,abstention,TRUE,TRUE,usable_partial_limited_metadata,5,0.009881422924901186
169,voter,FALSE,FALSE,no_determinants,72,0.145748987854251
169,voter,FALSE,FALSE,suspicious_determinants,5,0.010121457489878543
169,voter,FALSE,FALSE,too_many_missing_determinants,25,0.05060728744939271
169,voter,TRUE,TRUE,usable_complete,255,0.5161943319838057
169,voter,TRUE,TRUE,usable_complete_limited_metadata,4,0.008097165991902834
169,voter,TRUE,TRUE,usable_partial,130,0.2631578947368421
169,voter,TRUE,TRUE,usable_partial_limited_metadata,3,0.006072874493927126
170,abstention,FALSE,FALSE,no_determinants,30,0.05928853754940711
170,abstention,FALSE,FALSE,suspicious_determinants,2,0.003952569169960474
170,abstention,FALSE,FALSE,too_many_missing_determinants,3,0.005928853754940711
170,abstention,TRUE,TRUE,usable_complete,406,0.8023715415019763
170,abstention,TRUE,TRUE,usable_complete_limited_metadata,18,0.03557312252964427
170,abstention,TRUE,TRUE,usable_partial,44,0.08695652173913043
170,abstention,TRUE,TRUE,usable_partial_limited_metadata,3,0.005928853754940711
170,voter,FALSE,FALSE,no_determinants,92,0.1862348178137652
170,voter,FALSE,FALSE,suspicious_determinants,1,0.0020242914979757085
170,voter,FALSE,FALSE,too_many_missing_determinants,21,0.04251012145748988
170,voter,TRUE,TRUE,usable_complete,247,0.5
170,voter,TRUE,TRUE,usable_complete_limited_metadata,7,0.01417004048582996
170,voter,TRUE,TRUE,usable_partial,124,0.25101214574898784
170,voter,TRUE,TRUE,usable_partial_limited_metadata,2,0.004048582995951417
171,abstention,FALSE,FALSE,no_determinants,27,0.0533596837944664
171,abstention,FALSE,FALSE,suspicious_determinants,1,0.001976284584980237
171,abstention,FALSE,FALSE,too_many_missing_determinants,3,0.005928853754940711
171,abstention,TRUE,TRUE,usable_complete,413,0.8162055335968379
171,abstention,TRUE,TRUE,usable_complete_limited_metadata,13,0.025691699604743084
171,abstention,TRUE,TRUE,usable_partial,47,0.09288537549407115
171,abstention,TRUE,TRUE,usable_partial_limited_metadata,2,0.003952569169960474
171,voter,FALSE,FALSE,no_determinants,83,0.1680161943319838
171,voter,FALSE,FALSE,suspicious_determinants,2,0.004048582995951417
171,voter,FALSE,FALSE,too_many_missing_determinants,28,0.05668016194331984
171,voter,TRUE,TRUE,usable_complete,241,0.48785425101214575
171,voter,TRUE,TRUE,usable_complete_limited_metadata,9,0.018218623481781375
171,voter,TRUE,TRUE,usable_partial,127,0.25708502024291496
171,voter,TRUE,TRUE,usable_partial_limited_metadata,4,0.008097165991902834
172,abstention,FALSE,FALSE,no_determinants,33,0.06521739130434782
172,abstention,FALSE,FALSE,suspicious_determinants,1,0.001976284584980237
172,abstention,FALSE,FALSE,too_many_missing_determinants,3,0.005928853754940711
172,abstention,TRUE,TRUE,usable_complete,403,0.7964426877470355
172,abstention,TRUE,TRUE,usable_complete_limited_metadata,23,0.045454545454545456
172,abstention,TRUE,TRUE,usable_partial,41,0.08102766798418973
172,abstention,TRUE,TRUE,usable_partial_limited_metadata,2,0.003952569169960474
172,voter,FALSE,FALSE,no_determinants,86,0.17408906882591094
172,voter,FALSE,FALSE,suspicious_determinants,2,0.004048582995951417
172,voter,FALSE,FALSE,too_many_missing_determinants,23,0.0465587044534413
172,voter,TRUE,TRUE,usable_complete,245,0.4959514170040486
172,voter,TRUE,TRUE,usable_complete_limited_metadata,6,0.012145748987854251
172,voter,TRUE,TRUE,usable_partial,131,0.2651821862348178
172,voter,TRUE,TRUE,usable_partial_limited_metadata,1,0.0020242914979757085
173,abstention,FALSE,FALSE,no_determinants,43,0.08498023715415019
173,abstention,FALSE,FALSE,too_many_missing_determinants,2,0.003952569169960474
173,abstention,TRUE,TRUE,usable_complete,394,0.7786561264822134
173,abstention,TRUE,TRUE,usable_complete_limited_metadata,21,0.041501976284584984
173,abstention,TRUE,TRUE,usable_partial,41,0.08102766798418973
173,abstention,TRUE,TRUE,usable_partial_limited_metadata,5,0.009881422924901186
173,voter,FALSE,FALSE,no_determinants,75,0.15182186234817813
173,voter,FALSE,FALSE,suspicious_determinants,1,0.0020242914979757085
173,voter,FALSE,FALSE,too_many_missing_determinants,16,0.032388663967611336
173,voter,TRUE,TRUE,usable_complete,255,0.5161943319838057
173,voter,TRUE,TRUE,usable_complete_limited_metadata,7,0.01417004048582996
173,voter,TRUE,TRUE,usable_partial,138,0.2793522267206478
173,voter,TRUE,TRUE,usable_partial_limited_metadata,2,0.004048582995951417
174,abstention,FALSE,FALSE,no_determinants,28,0.05533596837944664
174,abstention,FALSE,FALSE,suspicious_determinants,3,0.005928853754940711
174,abstention,FALSE,FALSE,too_many_missing_determinants,2,0.003952569169960474
174,abstention,TRUE,TRUE,usable_complete,398,0.7865612648221344
174,abstention,TRUE,TRUE,usable_complete_limited_metadata,13,0.025691699604743084
174,abstention,TRUE,TRUE,usable_partial,59,0.116600790513834
174,abstention,TRUE,TRUE,usable_partial_limited_metadata,3,0.005928853754940711
174,voter,FALSE,FALSE,no_determinants,74,0.14979757085020243
174,voter,FALSE,FALSE,suspicious_determinants,5,0.010121457489878543
174,voter,FALSE,FALSE,too_many_missing_determinants,28,0.05668016194331984
174,voter,TRUE,TRUE,usable_complete,254,0.5141700404858299
174,voter,TRUE,TRUE,usable_complete_limited_metadata,6,0.012145748987854251
174,voter,TRUE,TRUE,usable_partial,127,0.25708502024291496
175,abstention,FALSE,FALSE,no_determinants,32,0.06324110671936758
175,abstention,FALSE,FALSE,suspicious_determinants,1,0.001976284584980237
175,abstention,FALSE,FALSE,too_many_missing_determinants,7,0.01383399209486166
175,abstention,TRUE,TRUE,usable_complete,400,0.7905138339920948
175,abstention,TRUE,TRUE,usable_complete_limited_metadata,20,0.039525691699604744
175,abstention,TRUE,TRUE,usable_partial,45,0.08893280632411067
175,abstention,TRUE,TRUE,usable_partial_limited_metadata,1,0.001976284584980237
175,voter,FALSE,FALSE,no_determinants,87,0.17611336032388664
175,voter,FALSE,FALSE,suspicious_determinants,3,0.006072874493927126
175,voter,FALSE,FALSE,too_many_missing_determinants,28,0.05668016194331984
175,voter,TRUE,TRUE,usable_complete,239,0.48380566801619435
175,voter,TRUE,TRUE,usable_complete_limited_metadata,4,0.008097165991902834
175,voter,TRUE,TRUE,usable_partial,133,0.2692307692307692
176,abstention,FALSE,FALSE,no_determinants,38,0.07509881422924901
176,abstention,FALSE,FALSE,suspicious_determinants,2,0.003952569169960474
176,abstention,FALSE,FALSE,too_many_missing_determinants,6,0.011857707509881422
176,abstention,TRUE,TRUE,usable_complete,391,0.7727272727272727
176,abstention,TRUE,TRUE,usable_complete_limited_metadata,14,0.02766798418972332
176,abstention,TRUE,TRUE,usable_partial,53,0.10474308300395258
176,abstention,TRUE,TRUE,usable_partial_limited_metadata,2,0.003952569169960474
176,voter,FALSE,FALSE,no_determinants,87,0.17611336032388664
176,voter,FALSE,FALSE,suspicious_determinants,1,0.0020242914979757085
176,voter,FALSE,FALSE,too_many_missing_determinants,27,0.05465587044534413
176,voter,TRUE,TRUE,usable_complete,245,0.4959514170040486
176,voter,TRUE,TRUE,usable_complete_limited_metadata,8,0.016194331983805668
176,voter,TRUE,TRUE,usable_partial,124,0.25101214574898784
176,voter,TRUE,TRUE,usable_partial_limited_metadata,2,0.004048582995951417
177,abstention,FALSE,FALSE,no_determinants,37,0.07312252964426877
177,abstention,FALSE,FALSE,suspicious_determinants,2,0.003952569169960474
177,abstention,FALSE,FALSE,too_many_missing_determinants,8,0.015810276679841896
177,abstention,TRUE,TRUE,usable_complete,391,0.7727272727272727
177,abstention,TRUE,TRUE,usable_complete_limited_metadata,19,0.037549407114624504
177,abstention,TRUE,TRUE,usable_partial,44,0.08695652173913043
177,abstention,TRUE,TRUE,usable_partial_limited_metadata,5,0.009881422924901186
177,voter,FALSE,FALSE,no_determinants,81,0.16396761133603238
177,voter,FALSE,FALSE,suspicious_determinants,3,0.006072874493927126
177,voter,FALSE,FALSE,too_many_missing_determinants,41,0.08299595141700405
177,voter,TRUE,TRUE,usable_complete,232,0.46963562753036436
177,voter,TRUE,TRUE,usable_complete_limited_metadata,8,0.016194331983805668
177,voter,TRUE,TRUE,usable_partial,128,0.2591093117408907
177,voter,TRUE,TRUE,usable_partial_limited_metadata,1,0.0020242914979757085
178,abstention,FALSE,FALSE,no_determinants,34,0.06719367588932806
178,abstention,FALSE,FALSE,suspicious_determinants,1,0.001976284584980237
178,abstention,FALSE,FALSE,too_many_missing_determinants,1,0.001976284584980237
178,abstention,TRUE,TRUE,usable_complete,403,0.7964426877470355
178,abstention,TRUE,TRUE,usable_complete_limited_metadata,18,0.03557312252964427
178,abstention,TRUE,TRUE,usable_partial,46,0.09090909090909091
178,abstention,TRUE,TRUE,usable_partial_limited_metadata,3,0.005928853754940711
178,voter,FALSE,FALSE,no_determinants,83,0.1680161943319838
178,voter,FALSE,FALSE,suspicious_determinants,6,0.012145748987854251
178,voter,FALSE,FALSE,too_many_missing_determinants,29,0.058704453441295545
178,voter,TRUE,TRUE,usable_complete,239,0.48380566801619435
178,voter,TRUE,TRUE,usable_complete_limited_metadata,5,0.010121457489878543
178,voter,TRUE,TRUE,usable_partial,132,0.26720647773279355
179,abstention,FALSE,FALSE,no_determinants,36,0.07114624505928854
179,abstention,FALSE,FALSE,suspicious_determinants,2,0.003952569169960474
179,abstention,FALSE,FALSE,too_many_missing_determinants,3,0.005928853754940711
179,abstention,TRUE,TRUE,usable_complete,399,0.7885375494071146
179,abstention,TRUE,TRUE,usable_complete_limited_metadata,22,0.043478260869565216
179,abstention,TRUE,TRUE,usable_partial,42,0.08300395256916997
179,abstention,TRUE,TRUE,usable_partial_limited_metadata,2,0.003952569169960474
179,voter,FALSE,FALSE,no_determinants,79,0.15991902834008098
179,voter,FALSE,FALSE,suspicious_determinants,8,0.016194331983805668
179,voter,FALSE,FALSE,too_many_missing_determinants,42,0.08502024291497975
179,voter,TRUE,TRUE,usable_complete,240,0.48582995951417
179,voter,TRUE,TRUE,usable_complete_limited_metadata,13,0.02631578947368421
179,voter,TRUE,TRUE,usable_partial,112,0.22672064777327935
180,abstention,FALSE,FALSE,no_determinants,33,0.06521739130434782
180,abstention,FALSE,FALSE,suspicious_determinants,1,0.001976284584980237
180,abstention,FALSE,FALSE,too_many_missing_determinants,2,0.003952569169960474
180,abstention,TRUE,TRUE,usable_complete,409,0.808300395256917
180,abstention,TRUE,TRUE,usable_complete_limited_metadata,11,0.021739130434782608
180,abstention,TRUE,TRUE,usable_partial,44,0.08695652173913043
180,abstention,TRUE,TRUE,usable_partial_limited_metadata,6,0.011857707509881422
180,voter,FALSE,FALSE,no_determinants,81,0.16396761133603238
180,voter,FALSE,FALSE,suspicious_determinants,4,0.008097165991902834
180,voter,FALSE,FALSE,too_many_missing_determinants,29,0.058704453441295545
180,voter,TRUE,TRUE,usable_complete,248,0.5020242914979757
180,voter,TRUE,TRUE,usable_complete_limited_metadata,6,0.012145748987854251
180,voter,TRUE,TRUE,usable_partial,125,0.25303643724696356
180,voter,TRUE,TRUE,usable_partial_limited_metadata,1,0.0020242914979757085
181,abstention,FALSE,FALSE,no_determinants,29,0.05731225296442688
181,abstention,FALSE,FALSE,suspicious_determinants,1,0.001976284584980237
181,abstention,FALSE,FALSE,too_many_missing_determinants,5,0.009881422924901186
181,abstention,TRUE,TRUE,usable_complete,405,0.8003952569169961
181,abstention,TRUE,TRUE,usable_complete_limited_metadata,15,0.029644268774703556
181,abstention,TRUE,TRUE,usable_partial,48,0.09486166007905138
181,abstention,TRUE,TRUE,usable_partial_limited_metadata,3,0.005928853754940711
181,voter,FALSE,FALSE,no_determinants,78,0.15789473684210525
181,voter,FALSE,FALSE,suspicious_determinants,4,0.008097165991902834
181,voter,FALSE,FALSE,too_many_missing_determinants,21,0.04251012145748988
181,voter,TRUE,TRUE,usable_complete,262,0.5303643724696356
181,voter,TRUE,TRUE,usable_complete_limited_metadata,8,0.016194331983805668
181,voter,TRUE,TRUE,usable_partial,120,0.242914979757085
181,voter,TRUE,TRUE,usable_partial_limited_metadata,1,0.0020242914979757085
182,abstention,FALSE,FALSE,no_determinants,31,0.06126482213438735
182,abstention,FALSE,FALSE,too_many_missing_determinants,6,0.011857707509881422
182,abstention,TRUE,TRUE,usable_complete,406,0.8023715415019763
182,abstention,TRUE,TRUE,usable_complete_limited_metadata,21,0.041501976284584984
182,abstention,TRUE,TRUE,usable_partial,41,0.08102766798418973
182,abstention,TRUE,TRUE,usable_partial_limited_metadata,1,0.001976284584980237
182,voter,FALSE,FALSE,no_determinants,70,0.1417004048582996
182,voter,FALSE,FALSE,suspicious_determinants,3,0.006072874493927126
182,voter,FALSE,FALSE,too_many_missing_determinants,29,0.058704453441295545
182,voter,TRUE,TRUE,usable_complete,251,0.5080971659919028
182,voter,TRUE,TRUE,usable_complete_limited_metadata,12,0.024291497975708502
182,voter,TRUE,TRUE,usable_partial,127,0.25708502024291496
182,voter,TRUE,TRUE,usable_partial_limited_metadata,2,0.004048582995951417
183,abstention,FALSE,FALSE,no_determinants,27,0.0533596837944664
183,abstention,FALSE,FALSE,too_many_missing_determinants,2,0.003952569169960474
183,abstention,TRUE,TRUE,usable_complete,411,0.8122529644268774
183,abstention,TRUE,TRUE,usable_complete_limited_metadata,23,0.045454545454545456
183,abstention,TRUE,TRUE,usable_partial,40,0.07905138339920949
183,abstention,TRUE,TRUE,usable_partial_limited_metadata,3,0.005928853754940711
183,voter,FALSE,FALSE,no_determinants,79,0.15991902834008098
183,voter,FALSE,FALSE,suspicious_determinants,4,0.008097165991902834
183,voter,FALSE,FALSE,too_many_missing_determinants,31,0.06275303643724696
183,voter,TRUE,TRUE,usable_complete,250,0.5060728744939271
183,voter,TRUE,TRUE,usable_complete_limited_metadata,4,0.008097165991902834
183,voter,TRUE,TRUE,usable_partial,126,0.2550607287449393
184,abstention,FALSE,FALSE,no_determinants,27,0.0533596837944664
184,abstention,FALSE,FALSE,suspicious_determinants,1,0.001976284584980237
184,abstention,FALSE,FALSE,too_many_missing_determinants,2,0.003952569169960474
184,abstention,TRUE,TRUE,usable_complete,404,0.7984189723320159
184,abstention,TRUE,TRUE,usable_complete_limited_metadata,22,0.043478260869565216
184,abstention,TRUE,TRUE,usable_partial,47,0.09288537549407115
184,abstention,TRUE,TRUE,usable_partial_limited_metadata,3,0.005928853754940711
184,voter,FALSE,FALSE,no_determinants,78,0.15789473684210525
184,voter,FALSE,FALSE,suspicious_determinants,1,0.0020242914979757085
184,voter,FALSE,FALSE,too_many_missing_determinants,13,0.02631578947368421
184,voter,TRUE,TRUE,usable_complete,247,0.5
184,voter,TRUE,TRUE,usable_complete_limited_metadata,7,0.01417004048582996
184,voter,TRUE,TRUE,usable_partial,147,0.2975708502024291
184,voter,TRUE,TRUE,usable_partial_limited_metadata,1,0.0020242914979757085
185,abstention,FALSE,FALSE,no_determinants,28,0.05533596837944664
185,abstention,FALSE,FALSE,suspicious_determinants,3,0.005928853754940711
185,abstention,FALSE,FALSE,too_many_missing_determinants,2,0.003952569169960474
185,abstention,TRUE,TRUE,usable_complete,411,0.8122529644268774
185,abstention,TRUE,TRUE,usable_complete_limited_metadata,21,0.041501976284584984
185,abstention,TRUE,TRUE,usable_partial,40,0.07905138339920949
185,abstention,TRUE,TRUE,usable_partial_limited_metadata,1,0.001976284584980237
185,voter,FALSE,FALSE,no_determinants,68,0.13765182186234817
185,voter,FALSE,FALSE,suspicious_determinants,1,0.0020242914979757085
185,voter,FALSE,FALSE,too_many_missing_determinants,21,0.04251012145748988
185,voter,TRUE,TRUE,usable_complete,269,0.5445344129554656
185,voter,TRUE,TRUE,usable_complete_limited_metadata,7,0.01417004048582996
185,voter,TRUE,TRUE,usable_partial,127,0.25708502024291496
185,voter,TRUE,TRUE,usable_partial_limited_metadata,1,0.0020242914979757085
186,abstention,FALSE,FALSE,no_determinants,33,0.06521739130434782
186,abstention,FALSE,FALSE,too_many_missing_determinants,4,0.007905138339920948
186,abstention,TRUE,TRUE,usable_complete,389,0.7687747035573123
186,abstention,TRUE,TRUE,usable_complete_limited_metadata,22,0.043478260869565216
186,abstention,TRUE,TRUE,usable_partial,55,0.10869565217391304
186,abstention,TRUE,TRUE,usable_partial_limited_metadata,3,0.005928853754940711
186,voter,FALSE,FALSE,no_determinants,94,0.1902834008097166
186,voter,FALSE,FALSE,suspicious_determinants,4,0.008097165991902834
186,voter,FALSE,FALSE,too_many_missing_determinants,22,0.044534412955465584
186,voter,TRUE,TRUE,usable_complete,243,0.49190283400809715
186,voter,TRUE,TRUE,usable_complete_limited_metadata,8,0.016194331983805668
186,voter,TRUE,TRUE,usable_partial,123,0.24898785425101214
187,abstention,FALSE,FALSE,no_determinants,33,0.06521739130434782
187,abstention,FALSE,FALSE,too_many_missing_determinants,5,0.009881422924901186
187,abstention,TRUE,TRUE,usable_complete,395,0.7806324110671937
187,abstention,TRUE,TRUE,usable_complete_limited_metadata,18,0.03557312252964427
187,abstention,TRUE,TRUE,usable_partial,52,0.10276679841897234
187,abstention,TRUE,TRUE,usable_partial_limited_metadata,3,0.005928853754940711
187,voter,FALSE,FALSE,no_determinants,87,0.17611336032388664
187,voter,FALSE,FALSE,suspicious_determinants,4,0.008097165991902834
187,voter,FALSE,FALSE,too_many_missing_determinants,27,0.05465587044534413
187,voter,TRUE,TRUE,usable_complete,261,0.52834008097166
187,voter,TRUE,TRUE,usable_complete_limited_metadata,4,0.008097165991902834
187,voter,TRUE,TRUE,usable_partial,110,0.22267206477732793
187,voter,TRUE,TRUE,usable_partial_limited_metadata,1,0.0020242914979757085
188,abstention,FALSE,FALSE,no_determinants,31,0.06126482213438735
188,abstention,FALSE,FALSE,suspicious_determinants,2,0.003952569169960474
188,abstention,FALSE,FALSE,too_many_missing_determinants,6,0.011857707509881422
188,abstention,TRUE,TRUE,usable_complete,386,0.7628458498023716
188,abstention,TRUE,TRUE,usable_complete_limited_metadata,27,0.0533596837944664
188,abstention,TRUE,TRUE,usable_partial,51,0.1007905138339921
188,abstention,TRUE,TRUE,usable_partial_limited_metadata,3,0.005928853754940711
188,voter,FALSE,FALSE,no_determinants,85,0.1720647773279352
188,voter,FALSE,FALSE,suspicious_determinants,6,0.012145748987854251
188,voter,FALSE,FALSE,too_many_missing_determinants,24,0.048582995951417005
188,voter,TRUE,TRUE,usable_complete,251,0.5080971659919028
188,voter,TRUE,TRUE,usable_complete_limited_metadata,4,0.008097165991902834
188,voter,TRUE,TRUE,usable_partial,124,0.25101214574898784
189,abstention,FALSE,FALSE,no_determinants,36,0.07114624505928854
189,abstention,FALSE,FALSE,suspicious_determinants,2,0.003952569169960474
189,abstention,FALSE,FALSE,too_many_missing_determinants,5,0.009881422924901186
189,abstention,TRUE,TRUE,usable_complete,394,0.7786561264822134
189,abstention,TRUE,TRUE,usable_complete_limited_metadata,21,0.041501976284584984
189,abstention,TRUE,TRUE,usable_partial,44,0.08695652173913043
189,abstention,TRUE,TRUE,usable_partial_limited_metadata,4,0.007905138339920948
189,voter,FALSE,FALSE,no_determinants,72,0.145748987854251
189,voter,FALSE,FALSE,suspicious_determinants,7,0.01417004048582996
189,voter,FALSE,FALSE,too_many_missing_determinants,19,0.038461538461538464
189,voter,TRUE,TRUE,usable_complete,272,0.5506072874493927
189,voter,TRUE,TRUE,usable_complete_limited_metadata,11,0.022267206477732792
189,voter,TRUE,TRUE,usable_partial,111,0.22469635627530365
189,voter,TRUE,TRUE,usable_partial_limited_metadata,2,0.004048582995951417
190,abstention,FALSE,FALSE,no_determinants,36,0.07114624505928854
190,abstention,FALSE,FALSE,too_many_missing_determinants,5,0.009881422924901186
190,abstention,TRUE,TRUE,usable_complete,398,0.7865612648221344
190,abstention,TRUE,TRUE,usable_complete_limited_metadata,13,0.025691699604743084
190,abstention,TRUE,TRUE,usable_partial,46,0.09090909090909091
190,abstention,TRUE,TRUE,usable_partial_limited_metadata,8,0.015810276679841896
190,voter,FALSE,FALSE,no_determinants,72,0.145748987854251
190,voter,FALSE,FALSE,suspicious_determinants,7,0.01417004048582996
190,voter,FALSE,FALSE,too_many_missing_determinants,21,0.04251012145748988
190,voter,TRUE,TRUE,usable_complete,253,0.5121457489878543
190,voter,TRUE,TRUE,usable_complete_limited_metadata,7,0.01417004048582996
190,voter,TRUE,TRUE,usable_partial,133,0.2692307692307692
190,voter,TRUE,TRUE,usable_partial_limited_metadata,1,0.0020242914979757085
191,abstention,FALSE,FALSE,no_determinants,37,0.07312252964426877
191,abstention,FALSE,FALSE,suspicious_determinants,1,0.001976284584980237
191,abstention,FALSE,FALSE,too_many_missing_determinants,3,0.005928853754940711
191,abstention,TRUE,TRUE,usable_complete,395,0.7806324110671937
191,abstention,TRUE,TRUE,usable_complete_limited_metadata,17,0.03359683794466403
191,abstention,TRUE,TRUE,usable_partial,52,0.10276679841897234
191,abstention,TRUE,TRUE,usable_partial_limited_metadata,1,0.001976284584980237
191,voter,FALSE,FALSE,no_determinants,89,0.18016194331983806
191,voter,FALSE,FALSE,suspicious_determinants,3,0.006072874493927126
191,voter,FALSE,FALSE,too_many_missing_determinants,29,0.058704453441295545
191,voter,TRUE,TRUE,usable_complete,222,0.4493927125506073
191,voter,TRUE,TRUE,usable_complete_limited_metadata,15,0.030364372469635626
191,voter,TRUE,TRUE,usable_partial,134,0.27125506072874495
191,voter,TRUE,TRUE,usable_partial_limited_metadata,2,0.004048582995951417
192,abstention,FALSE,FALSE,no_determinants,37,0.07312252964426877
192,abstention,FALSE,FALSE,too_many_missing_determinants,5,0.009881422924901186
192,abstention,TRUE,TRUE,usable_complete,398,0.7865612648221344
192,abstention,TRUE,TRUE,usable_complete_limited_metadata,16,0.03162055335968379
192,abstention,TRUE,TRUE,usable_partial,44,0.08695652173913043
192,abstention,TRUE,TRUE,usable_partial_limited_metadata,6,0.011857707509881422
192,voter,FALSE,FALSE,no_determinants,68,0.13765182186234817
192,voter,FALSE,FALSE,suspicious_determinants,3,0.006072874493927126
192,voter,FALSE,FALSE,too_many_missing_determinants,27,0.05465587044534413
192,voter,TRUE,TRUE,usable_complete,261,0.52834008097166
192,voter,TRUE,TRUE,usable_complete_limited_metadata,9,0.018218623481781375
192,voter,TRUE,TRUE,usable_partial,126,0.2550607287449393
193,abstention,FALSE,FALSE,no_determinants,31,0.06126482213438735
193,abstention,FALSE,FALSE,suspicious_determinants,2,0.003952569169960474
193,abstention,FALSE,FALSE,too_many_missing_determinants,6,0.011857707509881422
193,abstention,TRUE,TRUE,usable_complete,410,0.8102766798418972
193,abstention,TRUE,TRUE,usable_complete_limited_metadata,12,0.023715415019762844
193,abstention,TRUE,TRUE,usable_partial,42,0.08300395256916997
193,abstention,TRUE,TRUE,usable_partial_limited_metadata,3,0.005928853754940711
193,voter,FALSE,FALSE,no_determinants,65,0.13157894736842105
193,voter,FALSE,FALSE,suspicious_determinants,4,0.008097165991902834
193,voter,FALSE,FALSE,too_many_missing_determinants,27,0.05465587044534413
193,voter,TRUE,TRUE,usable_complete,262,0.5303643724696356
193,voter,TRUE,TRUE,usable_complete_limited_metadata,12,0.024291497975708502
193,voter,TRUE,TRUE,usable_partial,124,0.25101214574898784
194,abstention,FALSE,FALSE,no_determinants,37,0.07312252964426877
194,abstention,FALSE,FALSE,suspicious_determinants,2,0.003952569169960474
194,abstention,FALSE,FALSE,too_many_missing_determinants,7,0.01383399209486166
194,abstention,TRUE,TRUE,usable_complete,392,0.7747035573122529
194,abstention,TRUE,TRUE,usable_complete_limited_metadata,18,0.03557312252964427
194,abstention,TRUE,TRUE,usable_partial,46,0.09090909090909091
194,abstention,TRUE,TRUE,usable_partial_limited_metadata,4,0.007905138339920948
194,voter,FALSE,FALSE,no_determinants,78,0.15789473684210525
194,voter,FALSE,FALSE,suspicious_determinants,4,0.008097165991902834
194,voter,FALSE,FALSE,too_many_missing_determinants,24,0.048582995951417005
194,voter,TRUE,TRUE,usable_complete,254,0.5141700404858299
194,voter,TRUE,TRUE,usable_complete_limited_metadata,8,0.016194331983805668
194,voter,TRUE,TRUE,usable_partial,126,0.2550607287449393
195,abstention,FALSE,FALSE,no_determinants,35,0.0691699604743083
195,abstention,FALSE,FALSE,suspicious_determinants,1,0.001976284584980237
195,abstention,FALSE,FALSE,too_many_missing_determinants,6,0.011857707509881422
195,abstention,TRUE,TRUE,usable_complete,383,0.7569169960474308
195,abstention,TRUE,TRUE,usable_complete_limited_metadata,21,0.041501976284584984
195,abstention,TRUE,TRUE,usable_partial,57,0.11264822134387352
195,abstention,TRUE,TRUE,usable_partial_limited_metadata,3,0.005928853754940711
195,voter,FALSE,FALSE,no_determinants,81,0.16396761133603238
195,voter,FALSE,FALSE,suspicious_determinants,5,0.010121457489878543
195,voter,FALSE,FALSE,too_many_missing_determinants,24,0.048582995951417005
195,voter,TRUE,TRUE,usable_complete,264,0.5344129554655871
195,voter,TRUE,TRUE,usable_complete_limited_metadata,8,0.016194331983805668
195,voter,TRUE,TRUE,usable_partial,111,0.22469635627530365
195,voter,TRUE,TRUE,usable_partial_limited_metadata,1,0.0020242914979757085
196,abstention,FALSE,FALSE,no_determinants,28,0.05533596837944664
196,abstention,FALSE,FALSE,suspicious_determinants,1,0.001976284584980237
196,abstention,FALSE,FALSE,too_many_missing_determinants,7,0.01383399209486166
196,abstention,TRUE,TRUE,usable_complete,404,0.7984189723320159
196,abstention,TRUE,TRUE,usable_complete_limited_metadata,14,0.02766798418972332
196,abstention,TRUE,TRUE,usable_partial,51,0.1007905138339921
196,abstention,TRUE,TRUE,usable_partial_limited_metadata,1,0.001976284584980237
196,voter,FALSE,FALSE,no_determinants,87,0.17611336032388664
196,voter,FALSE,FALSE,suspicious_determinants,3,0.006072874493927126
196,voter,FALSE,FALSE,too_many_missing_determinants,25,0.05060728744939271
196,voter,TRUE,TRUE,usable_complete,242,0.4898785425101215
196,voter,TRUE,TRUE,usable_complete_limited_metadata,10,0.020242914979757085
196,voter,TRUE,TRUE,usable_partial,127,0.25708502024291496
197,abstention,FALSE,FALSE,no_determinants,30,0.05928853754940711
197,abstention,FALSE,FALSE,suspicious_determinants,2,0.003952569169960474
197,abstention,FALSE,FALSE,too_many_missing_determinants,6,0.011857707509881422
197,abstention,TRUE,TRUE,usable_complete,390,0.7707509881422925
197,abstention,TRUE,TRUE,usable_complete_limited_metadata,23,0.045454545454545456
197,abstention,TRUE,TRUE,usable_partial,53,0.10474308300395258
197,abstention,TRUE,TRUE,usable_partial_limited_metadata,2,0.003952569169960474
197,voter,FALSE,FALSE,no_determinants,87,0.17611336032388664
197,voter,FALSE,FALSE,suspicious_determinants,3,0.006072874493927126
197,voter,FALSE,FALSE,too_many_missing_determinants,34,0.06882591093117409
197,voter,TRUE,TRUE,usable_complete,231,0.4676113360323887
197,voter,TRUE,TRUE,usable_complete_limited_metadata,10,0.020242914979757085
197,voter,TRUE,TRUE,usable_partial,127,0.25708502024291496
197,voter,TRUE,TRUE,usable_partial_limited_metadata,2,0.004048582995951417
198,abstention,FALSE,FALSE,no_determinants,30,0.05928853754940711
198,abstention,FALSE,FALSE,suspicious_determinants,2,0.003952569169960474
198,abstention,FALSE,FALSE,too_many_missing_determinants,4,0.007905138339920948
198,abstention,TRUE,TRUE,usable_complete,405,0.8003952569169961
198,abstention,TRUE,TRUE,usable_complete_limited_metadata,25,0.04940711462450593
198,abstention,TRUE,TRUE,usable_partial,39,0.07707509881422925
198,abstention,TRUE,TRUE,usable_partial_limited_metadata,1,0.001976284584980237
198,voter,FALSE,FALSE,no_determinants,87,0.17611336032388664
198,voter,FALSE,FALSE,suspicious_determinants,1,0.0020242914979757085
198,voter,FALSE,FALSE,too_many_missing_determinants,29,0.058704453441295545
198,voter,TRUE,TRUE,usable_complete,236,0.4777327935222672
198,voter,TRUE,TRUE,usable_complete_limited_metadata,9,0.018218623481781375
198,voter,TRUE,TRUE,usable_partial,132,0.26720647773279355
199,abstention,FALSE,FALSE,no_determinants,30,0.05928853754940711
199,abstention,FALSE,FALSE,suspicious_determinants,2,0.003952569169960474
199,abstention,FALSE,FALSE,too_many_missing_determinants,4,0.007905138339920948
199,abstention,TRUE,TRUE,usable_complete,408,0.8063241106719368
199,abstention,TRUE,TRUE,usable_complete_limited_metadata,16,0.03162055335968379
199,abstention,TRUE,TRUE,usable_partial,41,0.08102766798418973
199,abstention,TRUE,TRUE,usable_partial_limited_metadata,5,0.009881422924901186
199,voter,FALSE,FALSE,no_determinants,79,0.15991902834008098
199,voter,FALSE,FALSE,suspicious_determinants,3,0.006072874493927126
199,voter,FALSE,FALSE,too_many_missing_determinants,25,0.05060728744939271
199,voter,TRUE,TRUE,usable_complete,242,0.4898785425101215
199,voter,TRUE,TRUE,usable_complete_limited_metadata,9,0.018218623481781375
199,voter,TRUE,TRUE,usable_partial,136,0.27530364372469635
200,abstention,FALSE,FALSE,no_determinants,35,0.0691699604743083
200,abstention,FALSE,FALSE,suspicious_determinants,2,0.003952569169960474
200,abstention,FALSE,FALSE,too_many_missing_determinants,5,0.009881422924901186
200,abstention,TRUE,TRUE,usable_complete,384,0.758893280632411
200,abstention,TRUE,TRUE,usable_complete_limited_metadata,24,0.04743083003952569
200,abstention,TRUE,TRUE,usable_partial,54,0.1067193675889328
200,abstention,TRUE,TRUE,usable_partial_limited_metadata,2,0.003952569169960474
200,voter,FALSE,FALSE,no_determinants,79,0.15991902834008098
200,voter,FALSE,FALSE,suspicious_determinants,2,0.004048582995951417
200,voter,FALSE,FALSE,too_many_missing_determinants,25,0.05060728744939271
200,voter,TRUE,TRUE,usable_complete,243,0.49190283400809715
200,voter,TRUE,TRUE,usable_complete_limited_metadata,6,0.012145748987854251
200,voter,TRUE,TRUE,usable_partial,139,0.2813765182186235
201,abstention,FALSE,FALSE,no_determinants,34,0.06719367588932806
201,abstention,FALSE,FALSE,suspicious_determinants,1,0.001976284584980237
201,abstention,FALSE,FALSE,too_many_missing_determinants,6,0.011857707509881422
201,abstention,TRUE,TRUE,usable_complete,400,0.7905138339920948
201,abstention,TRUE,TRUE,usable_complete_limited_metadata,19,0.037549407114624504
201,abstention,TRUE,TRUE,usable_partial,40,0.07905138339920949
201,abstention,TRUE,TRUE,usable_partial_limited_metadata,6,0.011857707509881422
201,voter,FALSE,FALSE,no_determinants,79,0.15991902834008098
201,voter,FALSE,FALSE,suspicious_determinants,5,0.010121457489878543
201,voter,FALSE,FALSE,too_many_missing_determinants,30,0.06072874493927125
201,voter,TRUE,TRUE,usable_complete,252,0.5101214574898786
201,voter,TRUE,TRUE,usable_complete_limited_metadata,6,0.012145748987854251
201,voter,TRUE,TRUE,usable_partial,120,0.242914979757085
201,voter,TRUE,TRUE,usable_partial_limited_metadata,2,0.004048582995951417
202,abstention,FALSE,FALSE,no_determinants,32,0.06324110671936758
202,abstention,FALSE,FALSE,too_many_missing_determinants,3,0.005928853754940711
202,abstention,TRUE,TRUE,usable_complete,405,0.8003952569169961
202,abstention,TRUE,TRUE,usable_complete_limited_metadata,18,0.03557312252964427
202,abstention,TRUE,TRUE,usable_partial,47,0.09288537549407115
202,abstention,TRUE,TRUE,usable_partial_limited_metadata,1,0.001976284584980237
202,voter,FALSE,FALSE,no_determinants,73,0.14777327935222673
202,voter,FALSE,FALSE,suspicious_determinants,5,0.010121457489878543
202,voter,FALSE,FALSE,too_many_missing_determinants,23,0.0465587044534413
202,voter,TRUE,TRUE,usable_complete,249,0.5040485829959515
202,voter,TRUE,TRUE,usable_complete_limited_metadata,7,0.01417004048582996
202,voter,TRUE,TRUE,usable_partial,135,0.2732793522267207
202,voter,TRUE,TRUE,usable_partial_limited_metadata,2,0.004048582995951417
203,abstention,FALSE,FALSE,no_determinants,22,0.043478260869565216
203,abstention,FALSE,FALSE,suspicious_determinants,1,0.001976284584980237
203,abstention,FALSE,FALSE,too_many_missing_determinants,4,0.007905138339920948
203,abstention,TRUE,TRUE,usable_complete,417,0.8241106719367589
203,abstention,TRUE,TRUE,usable_complete_limited_metadata,21,0.041501976284584984
203,abstention,TRUE,TRUE,usable_partial,39,0.07707509881422925
203,abstention,TRUE,TRUE,usable_partial_limited_metadata,2,0.003952569169960474
203,voter,FALSE,FALSE,no_determinants,75,0.15182186234817813
203,voter,FALSE,FALSE,suspicious_determinants,3,0.006072874493927126
203,voter,FALSE,FALSE,too_many_missing_determinants,22,0.044534412955465584
203,voter,TRUE,TRUE,usable_complete,259,0.5242914979757085
203,voter,TRUE,TRUE,usable_complete_limited_metadata,7,0.01417004048582996
203,voter,TRUE,TRUE,usable_partial,127,0.25708502024291496
203,voter,TRUE,TRUE,usable_partial_limited_metadata,1,0.0020242914979757085
204,abstention,FALSE,FALSE,no_determinants,40,0.07905138339920949
204,abstention,FALSE,FALSE,too_many_missing_determinants,6,0.011857707509881422
204,abstention,TRUE,TRUE,usable_complete,396,0.782608695652174
204,abstention,TRUE,TRUE,usable_complete_limited_metadata,14,0.02766798418972332
204,abstention,TRUE,TRUE,usable_partial,47,0.09288537549407115
204,abstention,TRUE,TRUE,usable_partial_limited_metadata,3,0.005928853754940711
204,voter,FALSE,FALSE,no_determinants,66,0.13360323886639677
204,voter,FALSE,FALSE,suspicious_determinants,4,0.008097165991902834
204,voter,FALSE,FALSE,too_many_missing_determinants,22,0.044534412955465584
204,voter,TRUE,TRUE,usable_complete,276,0.5587044534412956
204,voter,TRUE,TRUE,usable_complete_limited_metadata,5,0.010121457489878543
204,voter,TRUE,TRUE,usable_partial,121,0.24493927125506074
205,abstention,FALSE,FALSE,no_determinants,37,0.07312252964426877
205,abstention,FALSE,FALSE,suspicious_determinants,1,0.001976284584980237
205,abstention,FALSE,FALSE,too_many_missing_determinants,5,0.009881422924901186
205,abstention,TRUE,TRUE,usable_complete,401,0.7924901185770751
205,abstention,TRUE,TRUE,usable_complete_limited_metadata,20,0.039525691699604744
205,abstention,TRUE,TRUE,usable_partial,39,0.07707509881422925
205,abstention,TRUE,TRUE,usable_partial_limited_metadata,3,0.005928853754940711
205,voter,FALSE,FALSE,no_determinants,85,0.1720647773279352
205,voter,FALSE,FALSE,suspicious_determinants,4,0.008097165991902834
205,voter,FALSE,FALSE,too_many_missing_determinants,31,0.06275303643724696
205,voter,TRUE,TRUE,usable_complete,230,0.46558704453441296
205,voter,TRUE,TRUE,usable_complete_limited_metadata,5,0.010121457489878543
205,voter,TRUE,TRUE,usable_partial,139,0.2813765182186235
206,abstention,FALSE,FALSE,no_determinants,25,0.04940711462450593
206,abstention,FALSE,FALSE,too_many_missing_determinants,3,0.005928853754940711
206,abstention,TRUE,TRUE,usable_complete,418,0.8260869565217391
206,abstention,TRUE,TRUE,usable_complete_limited_metadata,12,0.023715415019762844
206,abstention,TRUE,TRUE,usable_partial,47,0.09288537549407115
206,abstention,TRUE,TRUE,usable_partial_limited_metadata,1,0.001976284584980237
206,voter,FALSE,FALSE,no_determinants,83,0.1680161943319838
206,voter,FALSE,FALSE,suspicious_determinants,4,0.008097165991902834
206,voter,FALSE,FALSE,too_many_missing_determinants,28,0.05668016194331984
206,voter,TRUE,TRUE,usable_complete,253,0.5121457489878543
206,voter,TRUE,TRUE,usable_complete_limited_metadata,9,0.018218623481781375
206,voter,TRUE,TRUE,usable_partial,116,0.23481781376518218
206,voter,TRUE,TRUE,usable_partial_limited_metadata,1,0.0020242914979757085
207,abstention,FALSE,FALSE,no_determinants,37,0.07312252964426877
207,abstention,FALSE,FALSE,suspicious_determinants,3,0.005928853754940711
207,abstention,FALSE,FALSE,too_many_missing_determinants,4,0.007905138339920948
207,abstention,TRUE,TRUE,usable_complete,394,0.7786561264822134
207,abstention,TRUE,TRUE,usable_complete_limited_metadata,19,0.037549407114624504
207,abstention,TRUE,TRUE,usable_partial,46,0.09090909090909091
207,abstention,TRUE,TRUE,usable_partial_limited_metadata,3,0.005928853754940711
207,voter,FALSE,FALSE,no_determinants,74,0.14979757085020243
207,voter,FALSE,FALSE,suspicious_determinants,3,0.006072874493927126
207,voter,FALSE,FALSE,too_many_missing_determinants,23,0.0465587044534413
207,voter,TRUE,TRUE,usable_complete,260,0.5263157894736842
207,voter,TRUE,TRUE,usable_complete_limited_metadata,7,0.01417004048582996
207,voter,TRUE,TRUE,usable_partial,125,0.25303643724696356
207,voter,TRUE,TRUE,usable_partial_limited_metadata,2,0.004048582995951417
208,abstention,FALSE,FALSE,no_determinants,30,0.05928853754940711
208,abstention,FALSE,FALSE,too_many_missing_determinants,7,0.01383399209486166
208,abstention,TRUE,TRUE,usable_complete,403,0.7964426877470355
208,abstention,TRUE,TRUE,usable_complete_limited_metadata,20,0.039525691699604744
208,abstention,TRUE,TRUE,usable_partial,41,0.08102766798418973
208,abstention,TRUE,TRUE,usable_partial_limited_metadata,5,0.009881422924901186
208,voter,FALSE,FALSE,no_determinants,75,0.15182186234817813
208,voter,FALSE,FALSE,suspicious_determinants,3,0.006072874493927126
208,voter,FALSE,FALSE,too_many_missing_determinants,27,0.05465587044534413
208,voter,TRUE,TRUE,usable_complete,258,0.5222672064777328
208,voter,TRUE,TRUE,usable_complete_limited_metadata,3,0.006072874493927126
208,voter,TRUE,TRUE,usable_partial,128,0.2591093117408907
209,abstention,FALSE,FALSE,no_determinants,37,0.07312252964426877
209,abstention,FALSE,FALSE,suspicious_determinants,1,0.001976284584980237
209,abstention,FALSE,FALSE,too_many_missing_determinants,1,0.001976284584980237
209,abstention,TRUE,TRUE,usable_complete,388,0.766798418972332
209,abstention,TRUE,TRUE,usable_complete_limited_metadata,14,0.02766798418972332
209,abstention,TRUE,TRUE,usable_partial,60,0.11857707509881422
209,abstention,TRUE,TRUE,usable_partial_limited_metadata,5,0.009881422924901186
209,voter,FALSE,FALSE,no_determinants,67,0.13562753036437247
209,voter,FALSE,FALSE,suspicious_determinants,2,0.004048582995951417
209,voter,FALSE,FALSE,too_many_missing_determinants,36,0.0728744939271255
209,voter,TRUE,TRUE,usable_complete,254,0.5141700404858299
209,voter,TRUE,TRUE,usable_complete_limited_metadata,6,0.012145748987854251
209,voter,TRUE,TRUE,usable_partial,129,0.2611336032388664
210,abstention,FALSE,FALSE,no_determinants,26,0.05138339920948617
210,abstention,FALSE,FALSE,suspicious_determinants,2,0.003952569169960474
210,abstention,FALSE,FALSE,too_many_missing_determinants,7,0.01383399209486166
210,abstention,TRUE,TRUE,usable_complete,412,0.8142292490118577
210,abstention,TRUE,TRUE,usable_complete_limited_metadata,17,0.03359683794466403
210,abstention,TRUE,TRUE,usable_partial,41,0.08102766798418973
210,abstention,TRUE,TRUE,usable_partial_limited_metadata,1,0.001976284584980237
210,voter,FALSE,FALSE,no_determinants,68,0.13765182186234817
210,voter,FALSE,FALSE,suspicious_determinants,5,0.010121457489878543
210,voter,FALSE,FALSE,too_many_missing_determinants,31,0.06275303643724696
210,voter,TRUE,TRUE,usable_complete,250,0.5060728744939271
210,voter,TRUE,TRUE,usable_complete_limited_metadata,8,0.016194331983805668
210,voter,TRUE,TRUE,usable_partial,131,0.2651821862348178
210,voter,TRUE,TRUE,usable_partial_limited_metadata,1,0.0020242914979757085
211,abstention,FALSE,FALSE,no_determinants,31,0.06126482213438735
211,abstention,FALSE,FALSE,too_many_missing_determinants,5,0.009881422924901186
211,abstention,TRUE,TRUE,usable_complete,402,0.7944664031620553
211,abstention,TRUE,TRUE,usable_complete_limited_metadata,21,0.041501976284584984
211,abstention,TRUE,TRUE,usable_partial,47,0.09288537549407115
211,voter,FALSE,FALSE,no_determinants,88,0.17813765182186234
211,voter,FALSE,FALSE,suspicious_determinants,3,0.006072874493927126
211,voter,FALSE,FALSE,too_many_missing_determinants,32,0.06477732793522267
211,voter,TRUE,TRUE,usable_complete,247,0.5
211,voter,TRUE,TRUE,usable_complete_limited_metadata,3,0.006072874493927126
211,voter,TRUE,TRUE,usable_partial,121,0.24493927125506074
212,abstention,FALSE,FALSE,no_determinants,30,0.05928853754940711
212,abstention,FALSE,FALSE,suspicious_determinants,1,0.001976284584980237
212,abstention,FALSE,FALSE,too_many_missing_determinants,3,0.005928853754940711
212,abstention,TRUE,TRUE,usable_complete,408,0.8063241106719368
212,abstention,TRUE,TRUE,usable_complete_limited_metadata,21,0.041501976284584984
212,abstention,TRUE,TRUE,usable_partial,41,0.08102766798418973
212,abstention,TRUE,TRUE,usable_partial_limited_metadata,2,0.003952569169960474
212,voter,FALSE,FALSE,no_determinants,68,0.13765182186234817
212,voter,FALSE,FALSE,suspicious_determinants,4,0.008097165991902834
212,voter,FALSE,FALSE,too_many_missing_determinants,31,0.06275303643724696
212,voter,TRUE,TRUE,usable_complete,270,0.5465587044534413
212,voter,TRUE,TRUE,usable_complete_limited_metadata,3,0.006072874493927126
212,voter,TRUE,TRUE,usable_partial,118,0.2388663967611336
213,abstention,FALSE,FALSE,no_determinants,32,0.06324110671936758
213,abstention,TRUE,TRUE,usable_complete,404,0.7984189723320159
213,abstention,TRUE,TRUE,usable_complete_limited_metadata,23,0.045454545454545456
213,abstention,TRUE,TRUE,usable_partial,46,0.09090909090909091
213,abstention,TRUE,TRUE,usable_partial_limited_metadata,1,0.001976284584980237
213,voter,FALSE,FALSE,no_determinants,74,0.14979757085020243
213,voter,FALSE,FALSE,suspicious_determinants,6,0.012145748987854251
213,voter,FALSE,FALSE,too_many_missing_determinants,30,0.06072874493927125
213,voter,TRUE,TRUE,usable_complete,249,0.5040485829959515
213,voter,TRUE,TRUE,usable_complete_limited_metadata,5,0.010121457489878543
213,voter,TRUE,TRUE,usable_partial,127,0.25708502024291496
213,voter,TRUE,TRUE,usable_partial_limited_metadata,3,0.006072874493927126
214,abstention,FALSE,FALSE,no_determinants,37,0.07312252964426877
214,abstention,FALSE,FALSE,too_many_missing_determinants,3,0.005928853754940711
214,abstention,TRUE,TRUE,usable_complete,394,0.7786561264822134
214,abstention,TRUE,TRUE,usable_complete_limited_metadata,23,0.045454545454545456
214,abstention,TRUE,TRUE,usable_partial,45,0.08893280632411067
214,abstention,TRUE,TRUE,usable_partial_limited_metadata,4,0.007905138339920948
214,voter,FALSE,FALSE,no_determinants,78,0.15789473684210525
214,voter,FALSE,FALSE,suspicious_determinants,3,0.006072874493927126
214,voter,FALSE,FALSE,too_many_missing_determinants,26,0.05263157894736842
214,voter,TRUE,TRUE,usable_complete,255,0.5161943319838057
214,voter,TRUE,TRUE,usable_complete_limited_metadata,8,0.016194331983805668
214,voter,TRUE,TRUE,usable_partial,124,0.25101214574898784
215,abstention,FALSE,FALSE,no_determinants,28,0.05533596837944664
215,abstention,FALSE,FALSE,too_many_missing_determinants,4,0.007905138339920948
215,abstention,TRUE,TRUE,usable_complete,406,0.8023715415019763
215,abstention,TRUE,TRUE,usable_complete_limited_metadata,18,0.03557312252964427
215,abstention,TRUE,TRUE,usable_partial,45,0.08893280632411067
215,abstention,TRUE,TRUE,usable_partial_limited_metadata,5,0.009881422924901186
215,voter,FALSE,FALSE,no_determinants,80,0.16194331983805668
215,voter,FALSE,FALSE,suspicious_determinants,2,0.004048582995951417
215,voter,FALSE,FALSE,too_many_missing_determinants,28,0.05668016194331984
215,voter,TRUE,TRUE,usable_complete,257,0.520242914979757
215,voter,TRUE,TRUE,usable_complete_limited_metadata,5,0.010121457489878543
215,voter,TRUE,TRUE,usable_partial,121,0.24493927125506074
215,voter,TRUE,TRUE,usable_partial_limited_metadata,1,0.0020242914979757085
216,abstention,FALSE,FALSE,no_determinants,30,0.05928853754940711
216,abstention,FALSE,FALSE,too_many_missing_determinants,5,0.009881422924901186
216,abstention,TRUE,TRUE,usable_complete,395,0.7806324110671937
216,abstention,TRUE,TRUE,usable_complete_limited_metadata,14,0.02766798418972332
216,abstention,TRUE,TRUE,usable_partial,55,0.10869565217391304
216,abstention,TRUE,TRUE,usable_partial_limited_metadata,7,0.01383399209486166
216,voter,FALSE,FALSE,no_determinants,81,0.16396761133603238
216,voter,FALSE,FALSE,too_many_missing_determinants,22,0.044534412955465584
216,voter,TRUE,TRUE,usable_complete,256,0.5182186234817814
216,voter,TRUE,TRUE,usable_complete_limited_metadata,7,0.01417004048582996
216,voter,TRUE,TRUE,usable_partial,126,0.2550607287449393
216,voter,TRUE,TRUE,usable_partial_limited_metadata,2,0.004048582995951417
217,abstention,FALSE,FALSE,no_determinants,35,0.0691699604743083
217,abstention,FALSE,FALSE,suspicious_determinants,2,0.003952569169960474
217,abstention,FALSE,FALSE,too_many_missing_determinants,7,0.01383399209486166
217,abstention,TRUE,TRUE,usable_complete,380,0.7509881422924901
217,abstention,TRUE,TRUE,usable_complete_limited_metadata,19,0.037549407114624504
217,abstention,TRUE,TRUE,usable_partial,62,0.1225296442687747
217,abstention,TRUE,TRUE,usable_partial_limited_metadata,1,0.001976284584980237
217,voter,FALSE,FALSE,no_determinants,96,0.19433198380566802
217,voter,FALSE,FALSE,suspicious_determinants,4,0.008097165991902834
217,voter,FALSE,FALSE,too_many_missing_determinants,38,0.07692307692307693
217,voter,TRUE,TRUE,usable_complete,231,0.4676113360323887
217,voter,TRUE,TRUE,usable_complete_limited_metadata,8,0.016194331983805668
217,voter,TRUE,TRUE,usable_partial,117,0.23684210526315788
218,abstention,FALSE,FALSE,no_determinants,41,0.08102766798418973
218,abstention,FALSE,FALSE,too_many_missing_determinants,4,0.007905138339920948
218,abstention,TRUE,TRUE,usable_complete,392,0.7747035573122529
218,abstention,TRUE,TRUE,usable_complete_limited_metadata,29,0.05731225296442688
218,abstention,TRUE,TRUE,usable_partial,39,0.07707509881422925
218,abstention,TRUE,TRUE,usable_partial_limited_metadata,1,0.001976284584980237
218,voter,FALSE,FALSE,no_determinants,87,0.17611336032388664
218,voter,FALSE,FALSE,suspicious_determinants,5,0.010121457489878543
218,voter,FALSE,FALSE,too_many_missing_determinants,20,0.04048582995951417
218,voter,TRUE,TRUE,usable_complete,259,0.5242914979757085
218,voter,TRUE,TRUE,usable_complete_limited_metadata,6,0.012145748987854251
218,voter,TRUE,TRUE,usable_partial,117,0.23684210526315788
219,abstention,FALSE,FALSE,no_determinants,30,0.05928853754940711
219,abstention,FALSE,FALSE,suspicious_determinants,1,0.001976284584980237
219,abstention,FALSE,FALSE,too_many_missing_determinants,3,0.005928853754940711
219,abstention,TRUE,TRUE,usable_complete,407,0.8043478260869565
219,abstention,TRUE,TRUE,usable_complete_limited_metadata,19,0.037549407114624504
219,abstention,TRUE,TRUE,usable_partial,44,0.08695652173913043
219,abstention,TRUE,TRUE,usable_partial_limited_metadata,2,0.003952569169960474
219,voter,FALSE,FALSE,no_determinants,90,0.18218623481781376
219,voter,FALSE,FALSE,suspicious_determinants,3,0.006072874493927126
219,voter,FALSE,FALSE,too_many_missing_determinants,28,0.05668016194331984
219,voter,TRUE,TRUE,usable_complete,241,0.48785425101214575
219,voter,TRUE,TRUE,usable_complete_limited_metadata,7,0.01417004048582996
219,voter,TRUE,TRUE,usable_partial,124,0.25101214574898784
219,voter,TRUE,TRUE,usable_partial_limited_metadata,1,0.0020242914979757085
220,abstention,FALSE,FALSE,no_determinants,22,0.043478260869565216
220,abstention,FALSE,FALSE,too_many_missing_determinants,7,0.01383399209486166
220,abstention,TRUE,TRUE,usable_complete,412,0.8142292490118577
220,abstention,TRUE,TRUE,usable_complete_limited_metadata,13,0.025691699604743084
220,abstention,TRUE,TRUE,usable_partial,51,0.1007905138339921
220,abstention,TRUE,TRUE,usable_partial_limited_metadata,1,0.001976284584980237
220,voter,FALSE,FALSE,no_determinants,65,0.13157894736842105
220,voter,FALSE,FALSE,suspicious_determinants,5,0.010121457489878543
220,voter,FALSE,FALSE,too_many_missing_determinants,33,0.06680161943319839
220,voter,TRUE,TRUE,usable_complete,261,0.52834008097166
220,voter,TRUE,TRUE,usable_complete_limited_metadata,5,0.010121457489878543
220,voter,TRUE,TRUE,usable_partial,125,0.25303643724696356
221,abstention,FALSE,FALSE,no_determinants,36,0.07114624505928854
221,abstention,FALSE,FALSE,suspicious_determinants,1,0.001976284584980237
221,abstention,FALSE,FALSE,too_many_missing_determinants,3,0.005928853754940711
221,abstention,TRUE,TRUE,usable_complete,402,0.7944664031620553
221,abstention,TRUE,TRUE,usable_complete_limited_metadata,16,0.03162055335968379
221,abstention,TRUE,TRUE,usable_partial,47,0.09288537549407115
221,abstention,TRUE,TRUE,usable_partial_limited_metadata,1,0.001976284584980237
221,voter,FALSE,FALSE,no_determinants,72,0.145748987854251
221,voter,FALSE,FALSE,suspicious_determinants,3,0.006072874493927126
221,voter,FALSE,FALSE,too_many_missing_determinants,35,0.0708502024291498
221,voter,TRUE,TRUE,usable_complete,256,0.5182186234817814
221,voter,TRUE,TRUE,usable_complete_limited_metadata,6,0.012145748987854251
221,voter,TRUE,TRUE,usable_partial,122,0.24696356275303644
222,abstention,FALSE,FALSE,no_determinants,23,0.045454545454545456
222,abstention,FALSE,FALSE,too_many_missing_determinants,7,0.01383399209486166
222,abstention,TRUE,TRUE,usable_complete,394,0.7786561264822134
222,abstention,TRUE,TRUE,usable_complete_limited_metadata,25,0.04940711462450593
222,abstention,TRUE,TRUE,usable_partial,55,0.10869565217391304
222,abstention,TRUE,TRUE,usable_partial_limited_metadata,2,0.003952569169960474
222,voter,FALSE,FALSE,no_determinants,84,0.1700404858299595
222,voter,FALSE,FALSE,suspicious_determinants,2,0.004048582995951417
222,voter,FALSE,FALSE,too_many_missing_determinants,26,0.05263157894736842
222,voter,TRUE,TRUE,usable_complete,255,0.5161943319838057
222,voter,TRUE,TRUE,usable_complete_limited_metadata,4,0.008097165991902834
222,voter,TRUE,TRUE,usable_partial,123,0.24898785425101214
223,abstention,FALSE,FALSE,no_determinants,35,0.0691699604743083
223,abstention,FALSE,FALSE,suspicious_determinants,1,0.001976284584980237
223,abstention,FALSE,FALSE,too_many_missing_determinants,2,0.003952569169960474
223,abstention,TRUE,TRUE,usable_complete,404,0.7984189723320159
223,abstention,TRUE,TRUE,usable_complete_limited_metadata,17,0.03359683794466403
223,abstention,TRUE,TRUE,usable_partial,43,0.08498023715415019
223,abstention,TRUE,TRUE,usable_partial_limited_metadata,4,0.007905138339920948
223,voter,FALSE,FALSE,no_determinants,89,0.18016194331983806
223,voter,FALSE,FALSE,suspicious_determinants,12,0.024291497975708502
223,voter,FALSE,FALSE,too_many_missing_determinants,31,0.06275303643724696
223,voter,TRUE,TRUE,usable_complete,227,0.45951417004048584
223,voter,TRUE,TRUE,usable_complete_limited_metadata,8,0.016194331983805668
223,voter,TRUE,TRUE,usable_partial,127,0.25708502024291496
224,abstention,FALSE,FALSE,no_determinants,27,0.0533596837944664
224,abstention,FALSE,FALSE,too_many_missing_determinants,8,0.015810276679841896
224,abstention,TRUE,TRUE,usable_complete,404,0.7984189723320159
224,abstention,TRUE,TRUE,usable_complete_limited_metadata,13,0.025691699604743084
224,abstention,TRUE,TRUE,usable_partial,49,0.09683794466403162
224,abstention,TRUE,TRUE,usable_partial_limited_metadata,5,0.009881422924901186
224,voter,FALSE,FALSE,no_determinants,68,0.13765182186234817
224,voter,FALSE,FALSE,suspicious_determinants,3,0.006072874493927126
224,voter,FALSE,FALSE,too_many_missing_determinants,32,0.06477732793522267
224,voter,TRUE,TRUE,usable_complete,267,0.5404858299595142
224,voter,TRUE,TRUE,usable_complete_limited_metadata,4,0.008097165991902834
224,voter,TRUE,TRUE,usable_partial,119,0.2408906882591093
224,voter,TRUE,TRUE,usable_partial_limited_metadata,1,0.0020242914979757085
225,abstention,FALSE,FALSE,no_determinants,26,0.05138339920948617
225,abstention,FALSE,FALSE,suspicious_determinants,1,0.001976284584980237
225,abstention,FALSE,FALSE,too_many_missing_determinants,6,0.011857707509881422
225,abstention,TRUE,TRUE,usable_complete,403,0.7964426877470355
225,abstention,TRUE,TRUE,usable_complete_limited_metadata,12,0.023715415019762844
225,abstention,TRUE,TRUE,usable_partial,53,0.10474308300395258
225,abstention,TRUE,TRUE,usable_partial_limited_metadata,5,0.009881422924901186
225,voter,FALSE,FALSE,no_determinants,78,0.15789473684210525
225,voter,FALSE,FALSE,suspicious_determinants,3,0.006072874493927126
225,voter,FALSE,FALSE,too_many_missing_determinants,22,0.044534412955465584
225,voter,TRUE,TRUE,usable_complete,246,0.4979757085020243
225,voter,TRUE,TRUE,usable_complete_limited_metadata,11,0.022267206477732792
225,voter,TRUE,TRUE,usable_partial,133,0.2692307692307692
225,voter,TRUE,TRUE,usable_partial_limited_metadata,1,0.0020242914979757085
226,abstention,FALSE,FALSE,no_determinants,39,0.07707509881422925
226,abstention,FALSE,FALSE,too_many_missing_determinants,8,0.015810276679841896
226,abstention,TRUE,TRUE,usable_complete,390,0.7707509881422925
226,abstention,TRUE,TRUE,usable_complete_limited_metadata,17,0.03359683794466403
226,abstention,TRUE,TRUE,usable_partial,50,0.09881422924901186
226,abstention,TRUE,TRUE,usable_partial_limited_metadata,2,0.003952569169960474
226,voter,FALSE,FALSE,no_determinants,78,0.15789473684210525
226,voter,FALSE,FALSE,suspicious_determinants,2,0.004048582995951417
226,voter,FALSE,FALSE,too_many_missing_determinants,18,0.03643724696356275
226,voter,TRUE,TRUE,usable_complete,269,0.5445344129554656
226,voter,TRUE,TRUE,usable_complete_limited_metadata,7,0.01417004048582996
226,voter,TRUE,TRUE,usable_partial,118,0.2388663967611336
226,voter,TRUE,TRUE,usable_partial_limited_metadata,2,0.004048582995951417
227,abstention,FALSE,FALSE,no_determinants,23,0.045454545454545456
227,abstention,FALSE,FALSE,suspicious_determinants,1,0.001976284584980237
227,abstention,FALSE,FALSE,too_many_missing_determinants,3,0.005928853754940711
227,abstention,TRUE,TRUE,usable_complete,405,0.8003952569169961
227,abstention,TRUE,TRUE,usable_complete_limited_metadata,21,0.041501976284584984
227,abstention,TRUE,TRUE,usable_partial,50,0.09881422924901186
227,abstention,TRUE,TRUE,usable_partial_limited_metadata,3,0.005928853754940711
227,voter,FALSE,FALSE,no_determinants,95,0.19230769230769232
227,voter,FALSE,FALSE,suspicious_determinants,5,0.010121457489878543
227,voter,FALSE,FALSE,too_many_missing_determinants,26,0.05263157894736842
227,voter,TRUE,TRUE,usable_complete,260,0.5263157894736842
227,voter,TRUE,TRUE,usable_complete_limited_metadata,9,0.018218623481781375
227,voter,TRUE,TRUE,usable_partial,98,0.19838056680161945
227,voter,TRUE,TRUE,usable_partial_limited_metadata,1,0.0020242914979757085
228,abstention,FALSE,FALSE,no_determinants,23,0.045454545454545456
228,abstention,FALSE,FALSE,too_many_missing_determinants,9,0.017786561264822136
228,abstention,TRUE,TRUE,usable_complete,406,0.8023715415019763
228,abstention,TRUE,TRUE,usable_complete_limited_metadata,21,0.041501976284584984
228,abstention,TRUE,TRUE,usable_partial,44,0.08695652173913043
228,abstention,TRUE,TRUE,usable_partial_limited_metadata,3,0.005928853754940711
228,voter,FALSE,FALSE,no_determinants,77,0.15587044534412955
228,voter,FALSE,FALSE,suspicious_determinants,4,0.008097165991902834
228,voter,FALSE,FALSE,too_many_missing_determinants,24,0.048582995951417005
228,voter,TRUE,TRUE,usable_complete,254,0.5141700404858299
228,voter,TRUE,TRUE,usable_complete_limited_metadata,10,0.020242914979757085
228,voter,TRUE,TRUE,usable_partial,123,0.24898785425101214
228,voter,TRUE,TRUE,usable_partial_limited_metadata,2,0.004048582995951417
229,abstention,FALSE,FALSE,no_determinants,28,0.05533596837944664
229,abstention,FALSE,FALSE,suspicious_determinants,3,0.005928853754940711
229,abstention,FALSE,FALSE,too_many_missing_determinants,2,0.003952569169960474
229,abstention,TRUE,TRUE,usable_complete,396,0.782608695652174
229,abstention,TRUE,TRUE,usable_complete_limited_metadata,16,0.03162055335968379
229,abstention,TRUE,TRUE,usable_partial,60,0.11857707509881422
229,abstention,TRUE,TRUE,usable_partial_limited_metadata,1,0.001976284584980237
229,voter,FALSE,FALSE,no_determinants,76,0.15384615384615385
229,voter,FALSE,FALSE,suspicious_determinants,4,0.008097165991902834
229,voter,FALSE,FALSE,too_many_missing_determinants,31,0.06275303643724696
229,voter,TRUE,TRUE,usable_complete,257,0.520242914979757
229,voter,TRUE,TRUE,usable_complete_limited_metadata,6,0.012145748987854251
229,voter,TRUE,TRUE,usable_partial,119,0.2408906882591093
229,voter,TRUE,TRUE,usable_partial_limited_metadata,1,0.0020242914979757085
230,abstention,FALSE,FALSE,no_determinants,27,0.0533596837944664
230,abstention,FALSE,FALSE,suspicious_determinants,2,0.003952569169960474
230,abstention,FALSE,FALSE,too_many_missing_determinants,6,0.011857707509881422
230,abstention,TRUE,TRUE,usable_complete,406,0.8023715415019763
230,abstention,TRUE,TRUE,usable_complete_limited_metadata,13,0.025691699604743084
230,abstention,TRUE,TRUE,usable_partial,52,0.10276679841897234
230,voter,FALSE,FALSE,no_determinants,72,0.145748987854251
230,voter,FALSE,FALSE,suspicious_determinants,2,0.004048582995951417
230,voter,FALSE,FALSE,too_many_missing_determinants,22,0.044534412955465584
230,voter,TRUE,TRUE,usable_complete,258,0.5222672064777328
230,voter,TRUE,TRUE,usable_complete_limited_metadata,7,0.01417004048582996
230,voter,TRUE,TRUE,usable_partial,131,0.2651821862348178
230,voter,TRUE,TRUE,usable_partial_limited_metadata,2,0.004048582995951417
231,abstention,FALSE,FALSE,no_determinants,34,0.06719367588932806
231,abstention,FALSE,FALSE,suspicious_determinants,1,0.001976284584980237
231,abstention,FALSE,FALSE,too_many_missing_determinants,8,0.015810276679841896
231,abstention,TRUE,TRUE,usable_complete,381,0.7529644268774703
231,abstention,TRUE,TRUE,usable_complete_limited_metadata,25,0.04940711462450593
231,abstention,TRUE,TRUE,usable_partial,55,0.10869565217391304
231,abstention,TRUE,TRUE,usable_partial_limited_metadata,2,0.003952569169960474
231,voter,FALSE,FALSE,no_determinants,78,0.15789473684210525
231,voter,FALSE,FALSE,suspicious_determinants,3,0.006072874493927126
231,voter,FALSE,FALSE,too_many_missing_determinants,24,0.048582995951417005
231,voter,TRUE,TRUE,usable_complete,226,0.4574898785425101
231,voter,TRUE,TRUE,usable_complete_limited_metadata,5,0.010121457489878543
231,voter,TRUE,TRUE,usable_partial,156,0.3157894736842105
231,voter,TRUE,TRUE,usable_partial_limited_metadata,2,0.004048582995951417
232,abstention,FALSE,FALSE,no_determinants,33,0.06521739130434782
232,abstention,FALSE,FALSE,too_many_missing_determinants,4,0.007905138339920948
232,abstention,TRUE,TRUE,usable_complete,405,0.8003952569169961
232,abstention,TRUE,TRUE,usable_complete_limited_metadata,18,0.03557312252964427
232,abstention,TRUE,TRUE,usable_partial,42,0.08300395256916997
232,abstention,TRUE,TRUE,usable_partial_limited_metadata,4,0.007905138339920948
232,voter,FALSE,FALSE,no_determinants,70,0.1417004048582996
232,voter,FALSE,FALSE,suspicious_determinants,3,0.006072874493927126
232,voter,FALSE,FALSE,too_many_missing_determinants,27,0.05465587044534413
232,voter,TRUE,TRUE,usable_complete,263,0.5323886639676113
232,voter,TRUE,TRUE,usable_complete_limited_metadata,5,0.010121457489878543
232,voter,TRUE,TRUE,usable_partial,126,0.2550607287449393
233,abstention,FALSE,FALSE,no_determinants,28,0.05533596837944664
233,abstention,FALSE,FALSE,suspicious_determinants,3,0.005928853754940711
233,abstention,FALSE,FALSE,too_many_missing_determinants,8,0.015810276679841896
233,abstention,TRUE,TRUE,usable_complete,409,0.808300395256917
233,abstention,TRUE,TRUE,usable_complete_limited_metadata,15,0.029644268774703556
233,abstention,TRUE,TRUE,usable_partial,42,0.08300395256916997
233,abstention,TRUE,TRUE,usable_partial_limited_metadata,1,0.001976284584980237
233,voter,FALSE,FALSE,no_determinants,81,0.16396761133603238
233,voter,FALSE,FALSE,suspicious_determinants,2,0.004048582995951417
233,voter,FALSE,FALSE,too_many_missing_determinants,30,0.06072874493927125
233,voter,TRUE,TRUE,usable_complete,265,0.5364372469635628
233,voter,TRUE,TRUE,usable_complete_limited_metadata,5,0.010121457489878543
233,voter,TRUE,TRUE,usable_partial,109,0.22064777327935223
233,voter,TRUE,TRUE,usable_partial_limited_metadata,2,0.004048582995951417
234,abstention,FALSE,FALSE,no_determinants,32,0.06324110671936758
234,abstention,FALSE,FALSE,too_many_missing_determinants,5,0.009881422924901186
234,abstention,TRUE,TRUE,usable_complete,407,0.8043478260869565
234,abstention,TRUE,TRUE,usable_complete_limited_metadata,12,0.023715415019762844
234,abstention,TRUE,TRUE,usable_partial,50,0.09881422924901186
234,voter,FALSE,FALSE,no_determinants,72,0.145748987854251
234,voter,FALSE,FALSE,suspicious_determinants,1,0.0020242914979757085
234,voter,FALSE,FALSE,too_many_missing_determinants,26,0.05263157894736842
234,voter,TRUE,TRUE,usable_complete,256,0.5182186234817814
234,voter,TRUE,TRUE,usable_complete_limited_metadata,8,0.016194331983805668
234,voter,TRUE,TRUE,usable_partial,130,0.2631578947368421
234,voter,TRUE,TRUE,usable_partial_limited_metadata,1,0.0020242914979757085
235,abstention,FALSE,FALSE,no_determinants,24,0.04743083003952569
235,abstention,FALSE,FALSE,suspicious_determinants,2,0.003952569169960474
235,abstention,FALSE,FALSE,too_many_missing_determinants,4,0.007905138339920948
235,abstention,TRUE,TRUE,usable_complete,397,0.7845849802371542
235,abstention,TRUE,TRUE,usable_complete_limited_metadata,24,0.04743083003952569
235,abstention,TRUE,TRUE,usable_partial,55,0.10869565217391304
235,voter,FALSE,FALSE,no_determinants,80,0.16194331983805668
235,voter,FALSE,FALSE,suspicious_determinants,2,0.004048582995951417
235,voter,FALSE,FALSE,too_many_missing_determinants,29,0.058704453441295545
235,voter,TRUE,TRUE,usable_complete,261,0.52834008097166
235,voter,TRUE,TRUE,usable_complete_limited_metadata,6,0.012145748987854251
235,voter,TRUE,TRUE,usable_partial,116,0.23481781376518218
236,abstention,FALSE,FALSE,no_determinants,36,0.07114624505928854
236,abstention,FALSE,FALSE,suspicious_determinants,5,0.009881422924901186
236,abstention,FALSE,FALSE,too_many_missing_determinants,4,0.007905138339920948
236,abstention,TRUE,TRUE,usable_complete,392,0.7747035573122529
236,abstention,TRUE,TRUE,usable_complete_limited_metadata,14,0.02766798418972332
236,abstention,TRUE,TRUE,usable_partial,53,0.10474308300395258
236,abstention,TRUE,TRUE,usable_partial_limited_metadata,2,0.003952569169960474
236,voter,FALSE,FALSE,no_determinants,85,0.1720647773279352
236,voter,FALSE,FALSE,suspicious_determinants,4,0.008097165991902834
236,voter,FALSE,FALSE,too_many_missing_determinants,24,0.048582995951417005
236,voter,TRUE,TRUE,usable_complete,248,0.5020242914979757
236,voter,TRUE,TRUE,usable_partial,133,0.2692307692307692
237,abstention,FALSE,FALSE,no_determinants,31,0.06126482213438735
237,abstention,FALSE,FALSE,suspicious_determinants,1,0.001976284584980237
237,abstention,FALSE,FALSE,too_many_missing_determinants,2,0.003952569169960474
237,abstention,TRUE,TRUE,usable_complete,418,0.8260869565217391
237,abstention,TRUE,TRUE,usable_complete_limited_metadata,16,0.03162055335968379
237,abstention,TRUE,TRUE,usable_partial,37,0.07312252964426877
237,abstention,TRUE,TRUE,usable_partial_limited_metadata,1,0.001976284584980237
237,voter,FALSE,FALSE,no_determinants,63,0.12753036437246965
237,voter,FALSE,FALSE,suspicious_determinants,5,0.010121457489878543
237,voter,FALSE,FALSE,too_many_missing_determinants,25,0.05060728744939271
237,voter,TRUE,TRUE,usable_complete,262,0.5303643724696356
237,voter,TRUE,TRUE,usable_complete_limited_metadata,4,0.008097165991902834
237,voter,TRUE,TRUE,usable_partial,135,0.2732793522267207
238,abstention,FALSE,FALSE,no_determinants,35,0.0691699604743083
238,abstention,FALSE,FALSE,too_many_missing_determinants,3,0.005928853754940711
238,abstention,TRUE,TRUE,usable_complete,389,0.7687747035573123
238,abstention,TRUE,TRUE,usable_complete_limited_metadata,30,0.05928853754940711
238,abstention,TRUE,TRUE,usable_partial,48,0.09486166007905138
238,abstention,TRUE,TRUE,usable_partial_limited_metadata,1,0.001976284584980237
238,voter,FALSE,FALSE,no_determinants,92,0.1862348178137652
238,voter,FALSE,FALSE,suspicious_determinants,2,0.004048582995951417
238,voter,FALSE,FALSE,too_many_missing_determinants,27,0.05465587044534413
238,voter,TRUE,TRUE,usable_complete,253,0.5121457489878543
238,voter,TRUE,TRUE,usable_complete_limited_metadata,10,0.020242914979757085
238,voter,TRUE,TRUE,usable_partial,110,0.22267206477732793
239,abstention,FALSE,FALSE,no_determinants,29,0.05731225296442688
239,abstention,FALSE,FALSE,too_many_missing_determinants,5,0.009881422924901186
239,abstention,TRUE,TRUE,usable_complete,398,0.7865612648221344
239,abstention,TRUE,TRUE,usable_complete_limited_metadata,15,0.029644268774703556
239,abstention,TRUE,TRUE,usable_partial,58,0.11462450592885376
239,abstention,TRUE,TRUE,usable_partial_limited_metadata,1,0.001976284584980237
239,voter,FALSE,FALSE,no_determinants,71,0.1437246963562753
239,voter,FALSE,FALSE,suspicious_determinants,1,0.0020242914979757085
239,voter,FALSE,FALSE,too_many_missing_determinants,28,0.05668016194331984
239,voter,TRUE,TRUE,usable_complete,258,0.5222672064777328
239,voter,TRUE,TRUE,usable_complete_limited_metadata,6,0.012145748987854251
239,voter,TRUE,TRUE,usable_partial,129,0.2611336032388664
239,voter,TRUE,TRUE,usable_partial_limited_metadata,1,0.0020242914979757085
240,abstention,FALSE,FALSE,no_determinants,40,0.07905138339920949
240,abstention,FALSE,FALSE,too_many_missing_determinants,3,0.005928853754940711
240,abstention,TRUE,TRUE,usable_complete,382,0.7549407114624506
240,abstention,TRUE,TRUE,usable_complete_limited_metadata,18,0.03557312252964427
240,abstention,TRUE,TRUE,usable_partial,59,0.116600790513834
240,abstention,TRUE,TRUE,usable_partial_limited_metadata,4,0.007905138339920948
240,voter,FALSE,FALSE,no_determinants,71,0.1437246963562753
240,voter,FALSE,FALSE,suspicious_determinants,5,0.010121457489878543
240,voter,FALSE,FALSE,too_many_missing_determinants,22,0.044534412955465584
240,voter,TRUE,TRUE,usable_complete,263,0.5323886639676113
240,voter,TRUE,TRUE,usable_complete_limited_metadata,6,0.012145748987854251
240,voter,TRUE,TRUE,usable_partial,127,0.25708502024291496
241,abstention,FALSE,FALSE,no_determinants,21,0.041501976284584984
241,abstention,FALSE,FALSE,suspicious_determinants,1,0.001976284584980237
241,abstention,FALSE,FALSE,too_many_missing_determinants,5,0.009881422924901186
241,abstention,TRUE,TRUE,usable_complete,402,0.7944664031620553
241,abstention,TRUE,TRUE,usable_complete_limited_metadata,25,0.04940711462450593
241,abstention,TRUE,TRUE,usable_partial,50,0.09881422924901186
241,abstention,TRUE,TRUE,usable_partial_limited_metadata,2,0.003952569169960474
241,voter,FALSE,FALSE,no_determinants,81,0.16396761133603238
241,voter,FALSE,FALSE,suspicious_determinants,4,0.008097165991902834
241,voter,FALSE,FALSE,too_many_missing_determinants,21,0.04251012145748988
241,voter,TRUE,TRUE,usable_complete,249,0.5040485829959515
241,voter,TRUE,TRUE,usable_complete_limited_metadata,9,0.018218623481781375
241,voter,TRUE,TRUE,usable_partial,129,0.2611336032388664
241,voter,TRUE,TRUE,usable_partial_limited_metadata,1,0.0020242914979757085
242,abstention,FALSE,FALSE,no_determinants,29,0.05731225296442688
242,abstention,FALSE,FALSE,too_many_missing_determinants,5,0.009881422924901186
242,abstention,TRUE,TRUE,usable_complete,400,0.7905138339920948
242,abstention,TRUE,TRUE,usable_complete_limited_metadata,22,0.043478260869565216
242,abstention,TRUE,TRUE,usable_partial,47,0.09288537549407115
242,abstention,TRUE,TRUE,usable_partial_limited_metadata,3,0.005928853754940711
242,voter,FALSE,FALSE,no_determinants,82,0.1659919028340081
242,voter,FALSE,FALSE,suspicious_determinants,6,0.012145748987854251
242,voter,FALSE,FALSE,too_many_missing_determinants,23,0.0465587044534413
242,voter,TRUE,TRUE,usable_complete,264,0.5344129554655871
242,voter,TRUE,TRUE,usable_complete_limited_metadata,7,0.01417004048582996
242,voter,TRUE,TRUE,usable_partial,111,0.22469635627530365
242,voter,TRUE,TRUE,usable_partial_limited_metadata,1,0.0020242914979757085
243,abstention,FALSE,FALSE,no_determinants,22,0.043478260869565216
243,abstention,FALSE,FALSE,too_many_missing_determinants,6,0.011857707509881422
243,abstention,TRUE,TRUE,usable_complete,409,0.808300395256917
243,abstention,TRUE,TRUE,usable_complete_limited_metadata,21,0.041501976284584984
243,abstention,TRUE,TRUE,usable_partial,45,0.08893280632411067
243,abstention,TRUE,TRUE,usable_partial_limited_metadata,3,0.005928853754940711
243,voter,FALSE,FALSE,no_determinants,80,0.16194331983805668
243,voter,FALSE,FALSE,suspicious_determinants,4,0.008097165991902834
243,voter,FALSE,FALSE,too_many_missing_determinants,28,0.05668016194331984
243,voter,TRUE,TRUE,usable_complete,255,0.5161943319838057
243,voter,TRUE,TRUE,usable_complete_limited_metadata,8,0.016194331983805668
243,voter,TRUE,TRUE,usable_partial,117,0.23684210526315788
243,voter,TRUE,TRUE,usable_partial_limited_metadata,2,0.004048582995951417
244,abstention,FALSE,FALSE,no_determinants,38,0.07509881422924901
244,abstention,FALSE,FALSE,suspicious_determinants,1,0.001976284584980237
244,abstention,FALSE,FALSE,too_many_missing_determinants,10,0.019762845849802372
244,abstention,TRUE,TRUE,usable_complete,382,0.7549407114624506
244,abstention,TRUE,TRUE,usable_complete_limited_metadata,19,0.037549407114624504
244,abstention,TRUE,TRUE,usable_partial,52,0.10276679841897234
244,abstention,TRUE,TRUE,usable_partial_limited_metadata,4,0.007905138339920948
244,voter,FALSE,FALSE,no_determinants,81,0.16396761133603238
244,voter,FALSE,FALSE,suspicious_determinants,3,0.006072874493927126
244,voter,FALSE,FALSE,too_many_missing_determinants,26,0.05263157894736842
244,voter,TRUE,TRUE,usable_complete,248,0.5020242914979757
244,voter,TRUE,TRUE,usable_complete_limited_metadata,5,0.010121457489878543
244,voter,TRUE,TRUE,usable_partial,131,0.2651821862348178
245,abstention,FALSE,FALSE,no_determinants,26,0.05138339920948617
245,abstention,FALSE,FALSE,suspicious_determinants,2,0.003952569169960474
245,abstention,FALSE,FALSE,too_many_missing_determinants,13,0.025691699604743084
245,abstention,TRUE,TRUE,usable_complete,409,0.808300395256917
245,abstention,TRUE,TRUE,usable_complete_limited_metadata,21,0.041501976284584984
245,abstention,TRUE,TRUE,usable_partial,32,0.06324110671936758
245,abstention,TRUE,TRUE,usable_partial_limited_metadata,3,0.005928853754940711
245,voter,FALSE,FALSE,no_determinants,76,0.15384615384615385
245,voter,FALSE,FALSE,suspicious_determinants,3,0.006072874493927126
245,voter,FALSE,FALSE,too_many_missing_determinants,15,0.030364372469635626
245,voter,TRUE,TRUE,usable_complete,261,0.52834008097166
245,voter,TRUE,TRUE,usable_complete_limited_metadata,8,0.016194331983805668
245,voter,TRUE,TRUE,usable_partial,131,0.2651821862348178
246,abstention,FALSE,FALSE,no_determinants,29,0.05731225296442688
246,abstention,FALSE,FALSE,suspicious_determinants,2,0.003952569169960474
246,abstention,FALSE,FALSE,too_many_missing_determinants,5,0.009881422924901186
246,abstention,TRUE,TRUE,usable_complete,398,0.7865612648221344
246,abstention,TRUE,TRUE,usable_complete_limited_metadata,16,0.03162055335968379
246,abstention,TRUE,TRUE,usable_partial,55,0.10869565217391304
246,abstention,TRUE,TRUE,usable_partial_limited_metadata,1,0.001976284584980237
246,voter,FALSE,FALSE,no_determinants,86,0.17408906882591094
246,voter,FALSE,FALSE,suspicious_determinants,6,0.012145748987854251
246,voter,FALSE,FALSE,too_many_missing_determinants,23,0.0465587044534413
246,voter,TRUE,TRUE,usable_complete,246,0.4979757085020243
246,voter,TRUE,TRUE,usable_complete_limited_metadata,7,0.01417004048582996
246,voter,TRUE,TRUE,usable_partial,126,0.2550607287449393
247,abstention,FALSE,FALSE,no_determinants,28,0.05533596837944664
247,abstention,FALSE,FALSE,suspicious_determinants,1,0.001976284584980237
247,abstention,FALSE,FALSE,too_many_missing_determinants,4,0.007905138339920948
247,abstention,TRUE,TRUE,usable_complete,406,0.8023715415019763
247,abstention,TRUE,TRUE,usable_complete_limited_metadata,14,0.02766798418972332
247,abstention,TRUE,TRUE,usable_partial,49,0.09683794466403162
247,abstention,TRUE,TRUE,usable_partial_limited_metadata,4,0.007905138339920948
247,voter,FALSE,FALSE,no_determinants,71,0.1437246963562753
247,voter,FALSE,FALSE,suspicious_determinants,1,0.0020242914979757085
247,voter,FALSE,FALSE,too_many_missing_determinants,33,0.06680161943319839
247,voter,TRUE,TRUE,usable_complete,267,0.5404858299595142
247,voter,TRUE,TRUE,usable_complete_limited_metadata,8,0.016194331983805668
247,voter,TRUE,TRUE,usable_partial,114,0.23076923076923078
248,abstention,FALSE,FALSE,no_determinants,34,0.06719367588932806
248,abstention,FALSE,FALSE,suspicious_determinants,1,0.001976284584980237
248,abstention,FALSE,FALSE,too_many_missing_determinants,3,0.005928853754940711
248,abstention,TRUE,TRUE,usable_complete,389,0.7687747035573123
248,abstention,TRUE,TRUE,usable_complete_limited_metadata,23,0.045454545454545456
248,abstention,TRUE,TRUE,usable_partial,51,0.1007905138339921
248,abstention,TRUE,TRUE,usable_partial_limited_metadata,5,0.009881422924901186
248,voter,FALSE,FALSE,no_determinants,81,0.16396761133603238
248,voter,FALSE,FALSE,suspicious_determinants,3,0.006072874493927126
248,voter,FALSE,FALSE,too_many_missing_determinants,32,0.06477732793522267
248,voter,TRUE,TRUE,usable_complete,240,0.48582995951417
248,voter,TRUE,TRUE,usable_complete_limited_metadata,9,0.018218623481781375
248,voter,TRUE,TRUE,usable_partial,129,0.2611336032388664
249,abstention,FALSE,FALSE,no_determinants,31,0.06126482213438735
249,abstention,FALSE,FALSE,suspicious_determinants,1,0.001976284584980237
249,abstention,FALSE,FALSE,too_many_missing_determinants,4,0.007905138339920948
249,abstention,TRUE,TRUE,usable_complete,394,0.7786561264822134
249,abstention,TRUE,TRUE,usable_complete_limited_metadata,21,0.041501976284584984
249,abstention,TRUE,TRUE,usable_partial,52,0.10276679841897234
249,abstention,TRUE,TRUE,usable_partial_limited_metadata,3,0.005928853754940711
249,voter,FALSE,FALSE,no_determinants,77,0.15587044534412955
249,voter,FALSE,FALSE,suspicious_determinants,3,0.006072874493927126
249,voter,FALSE,FALSE,too_many_missing_determinants,25,0.05060728744939271
249,voter,TRUE,TRUE,usable_complete,246,0.4979757085020243
249,voter,TRUE,TRUE,usable_complete_limited_metadata,8,0.016194331983805668
249,voter,TRUE,TRUE,usable_partial,134,0.27125506072874495
249,voter,TRUE,TRUE,usable_partial_limited_metadata,1,0.0020242914979757085
250,abstention,FALSE,FALSE,no_determinants,18,0.03557312252964427
250,abstention,FALSE,FALSE,suspicious_determinants,1,0.001976284584980237
250,abstention,FALSE,FALSE,too_many_missing_determinants,2,0.003952569169960474
250,abstention,TRUE,TRUE,usable_complete,412,0.8142292490118577
250,abstention,TRUE,TRUE,usable_complete_limited_metadata,20,0.039525691699604744
250,abstention,TRUE,TRUE,usable_partial,50,0.09881422924901186
250,abstention,TRUE,TRUE,usable_partial_limited_metadata,3,0.005928853754940711
250,voter,FALSE,FALSE,no_determinants,79,0.15991902834008098
250,voter,FALSE,FALSE,suspicious_determinants,5,0.010121457489878543
250,voter,FALSE,FALSE,too_many_missing_determinants,25,0.05060728744939271
250,voter,TRUE,TRUE,usable_complete,266,0.5384615384615384
250,voter,TRUE,TRUE,usable_complete_limited_metadata,10,0.020242914979757085
250,voter,TRUE,TRUE,usable_partial,108,0.21862348178137653
250,voter,TRUE,TRUE,usable_partial_limited_metadata,1,0.0020242914979757085
251,abstention,FALSE,FALSE,no_determinants,28,0.05533596837944664
251,abstention,FALSE,FALSE,suspicious_determinants,1,0.001976284584980237
251,abstention,FALSE,FALSE,too_many_missing_determinants,1,0.001976284584980237
251,abstention,TRUE,TRUE,usable_complete,409,0.808300395256917
251,abstention,TRUE,TRUE,usable_complete_limited_metadata,24,0.04743083003952569
251,abstention,TRUE,TRUE,usable_partial,41,0.08102766798418973
251,abstention,TRUE,TRUE,usable_partial_limited_metadata,2,0.003952569169960474
251,voter,FALSE,FALSE,no_determinants,89,0.18016194331983806
251,voter,FALSE,FALSE,too_many_missing_determinants,31,0.06275303643724696
251,voter,TRUE,TRUE,usable_complete,252,0.5101214574898786
251,voter,TRUE,TRUE,usable_complete_limited_metadata,6,0.012145748987854251
251,voter,TRUE,TRUE,usable_partial,115,0.23279352226720648
251,voter,TRUE,TRUE,usable_partial_limited_metadata,1,0.0020242914979757085
252,abstention,FALSE,FALSE,no_determinants,25,0.04940711462450593
252,abstention,FALSE,FALSE,suspicious_determinants,1,0.001976284584980237
252,abstention,FALSE,FALSE,too_many_missing_determinants,1,0.001976284584980237
252,abstention,TRUE,TRUE,usable_complete,397,0.7845849802371542
252,abstention,TRUE,TRUE,usable_complete_limited_metadata,22,0.043478260869565216
252,abstention,TRUE,TRUE,usable_partial,56,0.11067193675889328
252,abstention,TRUE,TRUE,usable_partial_limited_metadata,4,0.007905138339920948
252,voter,FALSE,FALSE,no_determinants,78,0.15789473684210525
252,voter,FALSE,FALSE,suspicious_determinants,2,0.004048582995951417
252,voter,FALSE,FALSE,too_many_missing_determinants,41,0.08299595141700405
252,voter,TRUE,TRUE,usable_complete,237,0.4797570850202429
252,voter,TRUE,TRUE,usable_complete_limited_metadata,3,0.006072874493927126
252,voter,TRUE,TRUE,usable_partial,133,0.2692307692307692
253,abstention,FALSE,FALSE,no_determinants,35,0.0691699604743083
253,abstention,FALSE,FALSE,suspicious_determinants,1,0.001976284584980237
253,abstention,FALSE,FALSE,too_many_missing_determinants,5,0.009881422924901186
253,abstention,TRUE,TRUE,usable_complete,379,0.7490118577075099
253,abstention,TRUE,TRUE,usable_complete_limited_metadata,25,0.04940711462450593
253,abstention,TRUE,TRUE,usable_partial,61,0.12055335968379446
253,voter,FALSE,FALSE,no_determinants,66,0.13360323886639677
253,voter,FALSE,FALSE,suspicious_determinants,1,0.0020242914979757085
253,voter,FALSE,FALSE,too_many_missing_determinants,25,0.05060728744939271
253,voter,TRUE,TRUE,usable_complete,265,0.5364372469635628
253,voter,TRUE,TRUE,usable_complete_limited_metadata,5,0.010121457489878543
253,voter,TRUE,TRUE,usable_partial,132,0.26720647773279355
254,abstention,FALSE,FALSE,no_determinants,20,0.039525691699604744
254,abstention,FALSE,FALSE,suspicious_determinants,1,0.001976284584980237
254,abstention,FALSE,FALSE,too_many_missing_determinants,2,0.003952569169960474
254,abstention,TRUE,TRUE,usable_complete,411,0.8122529644268774
254,abstention,TRUE,TRUE,usable_complete_limited_metadata,18,0.03557312252964427
254,abstention,TRUE,TRUE,usable_partial,51,0.1007905138339921
254,abstention,TRUE,TRUE,usable_partial_limited_metadata,3,0.005928853754940711
254,voter,FALSE,FALSE,no_determinants,70,0.1417004048582996
254,voter,FALSE,FALSE,suspicious_determinants,7,0.01417004048582996
254,voter,FALSE,FALSE,too_many_missing_determinants,24,0.048582995951417005
254,voter,TRUE,TRUE,usable_complete,256,0.5182186234817814
254,voter,TRUE,TRUE,usable_complete_limited_metadata,7,0.01417004048582996
254,voter,TRUE,TRUE,usable_partial,126,0.2550607287449393
254,voter,TRUE,TRUE,usable_partial_limited_metadata,4,0.008097165991902834
255,abstention,FALSE,FALSE,no_determinants,32,0.06324110671936758
255,abstention,FALSE,FALSE,suspicious_determinants,1,0.001976284584980237
255,abstention,FALSE,FALSE,too_many_missing_determinants,4,0.007905138339920948
255,abstention,TRUE,TRUE,usable_complete,401,0.7924901185770751
255,abstention,TRUE,TRUE,usable_complete_limited_metadata,23,0.045454545454545456
255,abstention,TRUE,TRUE,usable_partial,44,0.08695652173913043
255,abstention,TRUE,TRUE,usable_partial_limited_metadata,1,0.001976284584980237
255,voter,FALSE,FALSE,no_determinants,85,0.1720647773279352
255,voter,FALSE,FALSE,suspicious_determinants,3,0.006072874493927126
255,voter,FALSE,FALSE,too_many_missing_determinants,24,0.048582995951417005
255,voter,TRUE,TRUE,usable_complete,244,0.4939271255060729
255,voter,TRUE,TRUE,usable_complete_limited_metadata,3,0.006072874493927126
255,voter,TRUE,TRUE,usable_partial,135,0.2732793522267207
256,abstention,FALSE,FALSE,no_determinants,25,0.04940711462450593
256,abstention,FALSE,FALSE,suspicious_determinants,2,0.003952569169960474
256,abstention,FALSE,FALSE,too_many_missing_determinants,4,0.007905138339920948
256,abstention,TRUE,TRUE,usable_complete,405,0.8003952569169961
256,abstention,TRUE,TRUE,usable_complete_limited_metadata,19,0.037549407114624504
256,abstention,TRUE,TRUE,usable_partial,48,0.09486166007905138
256,abstention,TRUE,TRUE,usable_partial_limited_metadata,3,0.005928853754940711
256,voter,FALSE,FALSE,no_determinants,88,0.17813765182186234
256,voter,FALSE,FALSE,suspicious_determinants,3,0.006072874493927126
256,voter,FALSE,FALSE,too_many_missing_determinants,22,0.044534412955465584
256,voter,TRUE,TRUE,usable_complete,259,0.5242914979757085
256,voter,TRUE,TRUE,usable_complete_limited_metadata,13,0.02631578947368421
256,voter,TRUE,TRUE,usable_partial,108,0.21862348178137653
256,voter,TRUE,TRUE,usable_partial_limited_metadata,1,0.0020242914979757085
257,abstention,FALSE,FALSE,no_determinants,20,0.039525691699604744
257,abstention,FALSE,FALSE,too_many_missing_determinants,6,0.011857707509881422
257,abstention,TRUE,TRUE,usable_complete,418,0.8260869565217391
257,abstention,TRUE,TRUE,usable_complete_limited_metadata,15,0.029644268774703556
257,abstention,TRUE,TRUE,usable_partial,44,0.08695652173913043
257,abstention,TRUE,TRUE,usable_partial_limited_metadata,3,0.005928853754940711
257,voter,FALSE,FALSE,no_determinants,87,0.17611336032388664
257,voter,FALSE,FALSE,suspicious_determinants,5,0.010121457489878543
257,voter,FALSE,FALSE,too_many_missing_determinants,19,0.038461538461538464
257,voter,TRUE,TRUE,usable_complete,247,0.5
257,voter,TRUE,TRUE,usable_complete_limited_metadata,6,0.012145748987854251
257,voter,TRUE,TRUE,usable_partial,130,0.2631578947368421
258,abstention,FALSE,FALSE,no_determinants,30,0.05928853754940711
258,abstention,FALSE,FALSE,suspicious_determinants,4,0.007905138339920948
258,abstention,FALSE,FALSE,too_many_missing_determinants,2,0.003952569169960474
258,abstention,TRUE,TRUE,usable_complete,405,0.8003952569169961
258,abstention,TRUE,TRUE,usable_complete_limited_metadata,15,0.029644268774703556
258,abstention,TRUE,TRUE,usable_partial,49,0.09683794466403162
258,abstention,TRUE,TRUE,usable_partial_limited_metadata,1,0.001976284584980237
258,voter,FALSE,FALSE,no_determinants,73,0.14777327935222673
258,voter,FALSE,FALSE,suspicious_determinants,2,0.004048582995951417
258,voter,FALSE,FALSE,too_many_missing_determinants,29,0.058704453441295545
258,voter,TRUE,TRUE,usable_complete,257,0.520242914979757
258,voter,TRUE,TRUE,usable_complete_limited_metadata,3,0.006072874493927126
258,voter,TRUE,TRUE,usable_partial,130,0.2631578947368421
259,abstention,FALSE,FALSE,no_determinants,33,0.06521739130434782
259,abstention,FALSE,FALSE,suspicious_determinants,3,0.005928853754940711
259,abstention,FALSE,FALSE,too_many_missing_determinants,5,0.009881422924901186
259,abstention,TRUE,TRUE,usable_complete,399,0.7885375494071146
259,abstention,TRUE,TRUE,usable_complete_limited_metadata,18,0.03557312252964427
259,abstention,TRUE,TRUE,usable_partial,45,0.08893280632411067
259,abstention,TRUE,TRUE,usable_partial_limited_metadata,3,0.005928853754940711
259,voter,FALSE,FALSE,no_determinants,75,0.15182186234817813
259,voter,FALSE,FALSE,suspicious_determinants,5,0.010121457489878543
259,voter,FALSE,FALSE,too_many_missing_determinants,30,0.06072874493927125
259,voter,TRUE,TRUE,usable_complete,264,0.5344129554655871
259,voter,TRUE,TRUE,usable_complete_limited_metadata,5,0.010121457489878543
259,voter,TRUE,TRUE,usable_partial,114,0.23076923076923078
259,voter,TRUE,TRUE,usable_partial_limited_metadata,1,0.0020242914979757085
260,abstention,FALSE,FALSE,no_determinants,33,0.06521739130434782
260,abstention,FALSE,FALSE,suspicious_determinants,1,0.001976284584980237
260,abstention,FALSE,FALSE,too_many_missing_determinants,6,0.011857707509881422
260,abstention,TRUE,TRUE,usable_complete,391,0.7727272727272727
260,abstention,TRUE,TRUE,usable_complete_limited_metadata,18,0.03557312252964427
260,abstention,TRUE,TRUE,usable_partial,54,0.1067193675889328
260,abstention,TRUE,TRUE,usable_partial_limited_metadata,3,0.005928853754940711
260,voter,FALSE,FALSE,no_determinants,85,0.1720647773279352
260,voter,FALSE,FALSE,suspicious_determinants,3,0.006072874493927126
260,voter,FALSE,FALSE,too_many_missing_determinants,27,0.05465587044534413
260,voter,TRUE,TRUE,usable_complete,248,0.5020242914979757
260,voter,TRUE,TRUE,usable_complete_limited_metadata,5,0.010121457489878543
260,voter,TRUE,TRUE,usable_partial,126,0.2550607287449393
261,abstention,FALSE,FALSE,no_determinants,39,0.07707509881422925
261,abstention,FALSE,FALSE,suspicious_determinants,1,0.001976284584980237
261,abstention,FALSE,FALSE,too_many_missing_determinants,5,0.009881422924901186
261,abstention,TRUE,TRUE,usable_complete,396,0.782608695652174
261,abstention,TRUE,TRUE,usable_complete_limited_metadata,20,0.039525691699604744
261,abstention,TRUE,TRUE,usable_partial,41,0.08102766798418973
261,abstention,TRUE,TRUE,usable_partial_limited_metadata,4,0.007905138339920948
261,voter,FALSE,FALSE,no_determinants,80,0.16194331983805668
261,voter,FALSE,FALSE,suspicious_determinants,2,0.004048582995951417
261,voter,FALSE,FALSE,too_many_missing_determinants,32,0.06477732793522267
261,voter,TRUE,TRUE,usable_complete,251,0.5080971659919028
261,voter,TRUE,TRUE,usable_complete_limited_metadata,9,0.018218623481781375
261,voter,TRUE,TRUE,usable_partial,118,0.2388663967611336
261,voter,TRUE,TRUE,usable_partial_limited_metadata,2,0.004048582995951417
262,abstention,FALSE,FALSE,no_determinants,25,0.04940711462450593
262,abstention,FALSE,FALSE,suspicious_determinants,1,0.001976284584980237
262,abstention,FALSE,FALSE,too_many_missing_determinants,3,0.005928853754940711
262,abstention,TRUE,TRUE,usable_complete,409,0.808300395256917
262,abstention,TRUE,TRUE,usable_complete_limited_metadata,16,0.03162055335968379
262,abstention,TRUE,TRUE,usable_partial,49,0.09683794466403162
262,abstention,TRUE,TRUE,usable_partial_limited_metadata,3,0.005928853754940711
262,voter,FALSE,FALSE,no_determinants,73,0.14777327935222673
262,voter,FALSE,FALSE,suspicious_determinants,4,0.008097165991902834
262,voter,FALSE,FALSE,too_many_missing_determinants,28,0.05668016194331984
262,voter,TRUE,TRUE,usable_complete,258,0.5222672064777328
262,voter,TRUE,TRUE,usable_complete_limited_metadata,7,0.01417004048582996
262,voter,TRUE,TRUE,usable_partial,122,0.24696356275303644
262,voter,TRUE,TRUE,usable_partial_limited_metadata,2,0.004048582995951417
263,abstention,FALSE,FALSE,no_determinants,34,0.06719367588932806
263,abstention,FALSE,FALSE,suspicious_determinants,1,0.001976284584980237
263,abstention,FALSE,FALSE,too_many_missing_determinants,6,0.011857707509881422
263,abstention,TRUE,TRUE,usable_complete,409,0.808300395256917
263,abstention,TRUE,TRUE,usable_complete_limited_metadata,11,0.021739130434782608
263,abstention,TRUE,TRUE,usable_partial,42,0.08300395256916997
263,abstention,TRUE,TRUE,usable_partial_limited_metadata,3,0.005928853754940711
263,voter,FALSE,FALSE,no_determinants,65,0.13157894736842105
263,voter,FALSE,FALSE,suspicious_determinants,3,0.006072874493927126
263,voter,FALSE,FALSE,too_many_missing_determinants,28,0.05668016194331984
263,voter,TRUE,TRUE,usable_complete,269,0.5445344129554656
263,voter,TRUE,TRUE,usable_complete_limited_metadata,6,0.012145748987854251
263,voter,TRUE,TRUE,usable_partial,123,0.24898785425101214
264,abstention,FALSE,FALSE,no_determinants,33,0.06521739130434782
264,abstention,FALSE,FALSE,suspicious_determinants,2,0.003952569169960474
264,abstention,FALSE,FALSE,too_many_missing_determinants,8,0.015810276679841896
264,abstention,TRUE,TRUE,usable_complete,407,0.8043478260869565
264,abstention,TRUE,TRUE,usable_complete_limited_metadata,19,0.037549407114624504
264,abstention,TRUE,TRUE,usable_partial,35,0.0691699604743083
264,abstention,TRUE,TRUE,usable_partial_limited_metadata,2,0.003952569169960474
264,voter,FALSE,FALSE,no_determinants,81,0.16396761133603238
264,voter,FALSE,FALSE,suspicious_determinants,4,0.008097165991902834
264,voter,FALSE,FALSE,too_many_missing_determinants,18,0.03643724696356275
264,voter,TRUE,TRUE,usable_complete,246,0.4979757085020243
264,voter,TRUE,TRUE,usable_complete_limited_metadata,10,0.020242914979757085
264,voter,TRUE,TRUE,usable_partial,134,0.27125506072874495
264,voter,TRUE,TRUE,usable_partial_limited_metadata,1,0.0020242914979757085
265,abstention,FALSE,FALSE,no_determinants,28,0.05533596837944664
265,abstention,FALSE,FALSE,suspicious_determinants,1,0.001976284584980237
265,abstention,FALSE,FALSE,too_many_missing_determinants,7,0.01383399209486166
265,abstention,TRUE,TRUE,usable_complete,404,0.7984189723320159
265,abstention,TRUE,TRUE,usable_complete_limited_metadata,20,0.039525691699604744
265,abstention,TRUE,TRUE,usable_partial,44,0.08695652173913043
265,abstention,TRUE,TRUE,usable_partial_limited_metadata,2,0.003952569169960474
265,voter,FALSE,FALSE,no_determinants,73,0.14777327935222673
265,voter,FALSE,FALSE,suspicious_determinants,3,0.006072874493927126
265,voter,FALSE,FALSE,too_many_missing_determinants,23,0.0465587044534413
265,voter,TRUE,TRUE,usable_complete,266,0.5384615384615384
265,voter,TRUE,TRUE,usable_complete_limited_metadata,10,0.020242914979757085
265,voter,TRUE,TRUE,usable_partial,118,0.2388663967611336
265,voter,TRUE,TRUE,usable_partial_limited_metadata,1,0.0020242914979757085
266,abstention,FALSE,FALSE,no_determinants,29,0.05731225296442688
266,abstention,FALSE,FALSE,too_many_missing_determinants,5,0.009881422924901186
266,abstention,TRUE,TRUE,usable_complete,402,0.7944664031620553
266,abstention,TRUE,TRUE,usable_complete_limited_metadata,17,0.03359683794466403
266,abstention,TRUE,TRUE,usable_partial,51,0.1007905138339921
266,abstention,TRUE,TRUE,usable_partial_limited_metadata,2,0.003952569169960474
266,voter,FALSE,FALSE,no_determinants,77,0.15587044534412955
266,voter,FALSE,FALSE,suspicious_determinants,3,0.006072874493927126
266,voter,FALSE,FALSE,too_many_missing_determinants,27,0.05465587044534413
266,voter,TRUE,TRUE,usable_complete,255,0.5161943319838057
266,voter,TRUE,TRUE,usable_complete_limited_metadata,6,0.012145748987854251
266,voter,TRUE,TRUE,usable_partial,125,0.25303643724696356
266,voter,TRUE,TRUE,usable_partial_limited_metadata,1,0.0020242914979757085
267,abstention,FALSE,FALSE,no_determinants,29,0.05731225296442688
267,abstention,FALSE,FALSE,suspicious_determinants,1,0.001976284584980237
267,abstention,FALSE,FALSE,too_many_missing_determinants,6,0.011857707509881422
267,abstention,TRUE,TRUE,usable_complete,413,0.8162055335968379
267,abstention,TRUE,TRUE,usable_complete_limited_metadata,12,0.023715415019762844
267,abstention,TRUE,TRUE,usable_partial,42,0.08300395256916997
267,abstention,TRUE,TRUE,usable_partial_limited_metadata,3,0.005928853754940711
267,voter,FALSE,FALSE,no_determinants,82,0.1659919028340081
267,voter,FALSE,FALSE,suspicious_determinants,6,0.012145748987854251
267,voter,FALSE,FALSE,too_many_missing_determinants,25,0.05060728744939271
267,voter,TRUE,TRUE,usable_complete,235,0.4757085020242915
267,voter,TRUE,TRUE,usable_complete_limited_metadata,11,0.022267206477732792
267,voter,TRUE,TRUE,usable_partial,135,0.2732793522267207
268,abstention,FALSE,FALSE,no_determinants,24,0.04743083003952569
268,abstention,FALSE,FALSE,suspicious_determinants,4,0.007905138339920948
268,abstention,FALSE,FALSE,too_many_missing_determinants,6,0.011857707509881422
268,abstention,TRUE,TRUE,usable_complete,404,0.7984189723320159
268,abstention,TRUE,TRUE,usable_complete_limited_metadata,20,0.039525691699604744
268,abstention,TRUE,TRUE,usable_partial,44,0.08695652173913043
268,abstention,TRUE,TRUE,usable_partial_limited_metadata,4,0.007905138339920948
268,voter,FALSE,FALSE,no_determinants,81,0.16396761133603238
268,voter,FALSE,FALSE,suspicious_determinants,2,0.004048582995951417
268,voter,FALSE,FALSE,too_many_missing_determinants,24,0.048582995951417005
268,voter,TRUE,TRUE,usable_complete,252,0.5101214574898786
268,voter,TRUE,TRUE,usable_complete_limited_metadata,3,0.006072874493927126
268,voter,TRUE,TRUE,usable_partial,131,0.2651821862348178
268,voter,TRUE,TRUE,usable_partial_limited_metadata,1,0.0020242914979757085
269,abstention,FALSE,FALSE,no_determinants,25,0.04940711462450593
269,abstention,FALSE,FALSE,suspicious_determinants,2,0.003952569169960474
269,abstention,FALSE,FALSE,too_many_missing_determinants,4,0.007905138339920948
269,abstention,TRUE,TRUE,usable_complete,406,0.8023715415019763
269,abstention,TRUE,TRUE,usable_complete_limited_metadata,21,0.041501976284584984
269,abstention,TRUE,TRUE,usable_partial,46,0.09090909090909091
269,abstention,TRUE,TRUE,usable_partial_limited_metadata,2,0.003952569169960474
269,voter,FALSE,FALSE,no_determinants,75,0.15182186234817813
269,voter,FALSE,FALSE,suspicious_determinants,1,0.0020242914979757085
269,voter,FALSE,FALSE,too_many_missing_determinants,17,0.03441295546558704
269,voter,TRUE,TRUE,usable_complete,275,0.5566801619433198
269,voter,TRUE,TRUE,usable_complete_limited_metadata,7,0.01417004048582996
269,voter,TRUE,TRUE,usable_partial,118,0.2388663967611336
269,voter,TRUE,TRUE,usable_partial_limited_metadata,1,0.0020242914979757085
270,abstention,FALSE,FALSE,no_determinants,31,0.06126482213438735
270,abstention,FALSE,FALSE,too_many_missing_determinants,2,0.003952569169960474
270,abstention,TRUE,TRUE,usable_complete,405,0.8003952569169961
270,abstention,TRUE,TRUE,usable_complete_limited_metadata,18,0.03557312252964427
270,abstention,TRUE,TRUE,usable_partial,47,0.09288537549407115
270,abstention,TRUE,TRUE,usable_partial_limited_metadata,3,0.005928853754940711
270,voter,FALSE,FALSE,no_determinants,77,0.15587044534412955
270,voter,FALSE,FALSE,too_many_missing_determinants,26,0.05263157894736842
270,voter,TRUE,TRUE,usable_complete,239,0.48380566801619435
270,voter,TRUE,TRUE,usable_complete_limited_metadata,11,0.022267206477732792
270,voter,TRUE,TRUE,usable_partial,140,0.2834008097165992
270,voter,TRUE,TRUE,usable_partial_limited_metadata,1,0.0020242914979757085
271,abstention,FALSE,FALSE,no_determinants,25,0.04940711462450593
271,abstention,FALSE,FALSE,too_many_missing_determinants,3,0.005928853754940711
271,abstention,TRUE,TRUE,usable_complete,407,0.8043478260869565
271,abstention,TRUE,TRUE,usable_complete_limited_metadata,17,0.03359683794466403
271,abstention,TRUE,TRUE,usable_partial,52,0.10276679841897234
271,abstention,TRUE,TRUE,usable_partial_limited_metadata,2,0.003952569169960474
271,voter,FALSE,FALSE,no_determinants,81,0.16396761133603238
271,voter,FALSE,FALSE,suspicious_determinants,3,0.006072874493927126
271,voter,FALSE,FALSE,too_many_missing_determinants,30,0.06072874493927125
271,voter,TRUE,TRUE,usable_complete,226,0.4574898785425101
271,voter,TRUE,TRUE,usable_complete_limited_metadata,4,0.008097165991902834
271,voter,TRUE,TRUE,usable_partial,149,0.3016194331983806
271,voter,TRUE,TRUE,usable_partial_limited_metadata,1,0.0020242914979757085
272,abstention,FALSE,FALSE,no_determinants,34,0.06719367588932806
272,abstention,FALSE,FALSE,suspicious_determinants,2,0.003952569169960474
272,abstention,FALSE,FALSE,too_many_missing_determinants,2,0.003952569169960474
272,abstention,TRUE,TRUE,usable_complete,384,0.758893280632411
272,abstention,TRUE,TRUE,usable_complete_limited_metadata,29,0.05731225296442688
272,abstention,TRUE,TRUE,usable_partial,54,0.1067193675889328
272,abstention,TRUE,TRUE,usable_partial_limited_metadata,1,0.001976284584980237
272,voter,FALSE,FALSE,no_determinants,78,0.15789473684210525
272,voter,FALSE,FALSE,suspicious_determinants,5,0.010121457489878543
272,voter,FALSE,FALSE,too_many_missing_determinants,28,0.05668016194331984
272,voter,TRUE,TRUE,usable_complete,251,0.5080971659919028
272,voter,TRUE,TRUE,usable_complete_limited_metadata,3,0.006072874493927126
272,voter,TRUE,TRUE,usable_partial,129,0.2611336032388664
273,abstention,FALSE,FALSE,no_determinants,26,0.05138339920948617
273,abstention,FALSE,FALSE,suspicious_determinants,1,0.001976284584980237
273,abstention,FALSE,FALSE,too_many_missing_determinants,5,0.009881422924901186
273,abstention,TRUE,TRUE,usable_complete,400,0.7905138339920948
273,abstention,TRUE,TRUE,usable_complete_limited_metadata,28,0.05533596837944664
273,abstention,TRUE,TRUE,usable_partial,43,0.08498023715415019
273,abstention,TRUE,TRUE,usable_partial_limited_metadata,3,0.005928853754940711
273,voter,FALSE,FALSE,no_determinants,78,0.15789473684210525
273,voter,FALSE,FALSE,suspicious_determinants,3,0.006072874493927126
273,voter,FALSE,FALSE,too_many_missing_determinants,18,0.03643724696356275
273,voter,TRUE,TRUE,usable_complete,249,0.5040485829959515
273,voter,TRUE,TRUE,usable_complete_limited_metadata,7,0.01417004048582996
273,voter,TRUE,TRUE,usable_partial,139,0.2813765182186235
274,abstention,FALSE,FALSE,no_determinants,30,0.05928853754940711
274,abstention,FALSE,FALSE,suspicious_determinants,1,0.001976284584980237
274,abstention,FALSE,FALSE,too_many_missing_determinants,9,0.017786561264822136
274,abstention,TRUE,TRUE,usable_complete,392,0.7747035573122529
274,abstention,TRUE,TRUE,usable_complete_limited_metadata,19,0.037549407114624504
274,abstention,TRUE,TRUE,usable_partial,52,0.10276679841897234
274,abstention,TRUE,TRUE,usable_partial_limited_metadata,3,0.005928853754940711
274,voter,FALSE,FALSE,no_determinants,82,0.1659919028340081
274,voter,FALSE,FALSE,suspicious_determinants,5,0.010121457489878543
274,voter,FALSE,FALSE,too_many_missing_determinants,22,0.044534412955465584
274,voter,TRUE,TRUE,usable_complete,250,0.5060728744939271
274,voter,TRUE,TRUE,usable_complete_limited_metadata,7,0.01417004048582996
274,voter,TRUE,TRUE,usable_partial,127,0.25708502024291496
274,voter,TRUE,TRUE,usable_partial_limited_metadata,1,0.0020242914979757085
275,abstention,FALSE,FALSE,no_determinants,31,0.06126482213438735
275,abstention,FALSE,FALSE,suspicious_determinants,1,0.001976284584980237
275,abstention,FALSE,FALSE,too_many_missing_determinants,3,0.005928853754940711
275,abstention,TRUE,TRUE,usable_complete,414,0.8181818181818182
275,abstention,TRUE,TRUE,usable_complete_limited_metadata,14,0.02766798418972332
275,abstention,TRUE,TRUE,usable_partial,39,0.07707509881422925
275,abstention,TRUE,TRUE,usable_partial_limited_metadata,4,0.007905138339920948
275,voter,FALSE,FALSE,no_determinants,79,0.15991902834008098
275,voter,FALSE,FALSE,suspicious_determinants,2,0.004048582995951417
275,voter,FALSE,FALSE,too_many_missing_determinants,27,0.05465587044534413
275,voter,TRUE,TRUE,usable_complete,256,0.5182186234817814
275,voter,TRUE,TRUE,usable_complete_limited_metadata,8,0.016194331983805668
275,voter,TRUE,TRUE,usable_partial,122,0.24696356275303644
276,abstention,FALSE,FALSE,no_determinants,37,0.07312252964426877
276,abstention,FALSE,FALSE,too_many_missing_determinants,6,0.011857707509881422
276,abstention,TRUE,TRUE,usable_complete,384,0.758893280632411
276,abstention,TRUE,TRUE,usable_complete_limited_metadata,22,0.043478260869565216
276,abstention,TRUE,TRUE,usable_partial,57,0.11264822134387352
276,voter,FALSE,FALSE,no_determinants,73,0.14777327935222673
276,voter,FALSE,FALSE,suspicious_determinants,4,0.008097165991902834
276,voter,FALSE,FALSE,too_many_missing_determinants,24,0.048582995951417005
276,voter,TRUE,TRUE,usable_complete,250,0.5060728744939271
276,voter,TRUE,TRUE,usable_complete_limited_metadata,4,0.008097165991902834
276,voter,TRUE,TRUE,usable_partial,138,0.2793522267206478
276,voter,TRUE,TRUE,usable_partial_limited_metadata,1,0.0020242914979757085
277,abstention,FALSE,FALSE,no_determinants,40,0.07905138339920949
277,abstention,FALSE,FALSE,suspicious_determinants,2,0.003952569169960474
277,abstention,FALSE,FALSE,too_many_missing_determinants,3,0.005928853754940711
277,abstention,TRUE,TRUE,usable_complete,395,0.7806324110671937
277,abstention,TRUE,TRUE,usable_complete_limited_metadata,21,0.041501976284584984
277,abstention,TRUE,TRUE,usable_partial,42,0.08300395256916997
277,abstention,TRUE,TRUE,usable_partial_limited_metadata,3,0.005928853754940711
277,voter,FALSE,FALSE,no_determinants,73,0.14777327935222673
277,voter,FALSE,FALSE,suspicious_determinants,4,0.008097165991902834
277,voter,FALSE,FALSE,too_many_missing_determinants,27,0.05465587044534413
277,voter,TRUE,TRUE,usable_complete,249,0.5040485829959515
277,voter,TRUE,TRUE,usable_complete_limited_metadata,9,0.018218623481781375
277,voter,TRUE,TRUE,usable_partial,130,0.2631578947368421
277,voter,TRUE,TRUE,usable_partial_limited_metadata,2,0.004048582995951417
278,abstention,FALSE,FALSE,no_determinants,27,0.0533596837944664
278,abstention,FALSE,FALSE,suspicious_determinants,1,0.001976284584980237
278,abstention,FALSE,FALSE,too_many_missing_determinants,7,0.01383399209486166
278,abstention,TRUE,TRUE,usable_complete,404,0.7984189723320159
278,abstention,TRUE,TRUE,usable_complete_limited_metadata,18,0.03557312252964427
278,abstention,TRUE,TRUE,usable_partial,48,0.09486166007905138
278,abstention,TRUE,TRUE,usable_partial_limited_metadata,1,0.001976284584980237
278,voter,FALSE,FALSE,no_determinants,90,0.18218623481781376
278,voter,FALSE,FALSE,suspicious_determinants,4,0.008097165991902834
278,voter,FALSE,FALSE,too_many_missing_determinants,32,0.06477732793522267
278,voter,TRUE,TRUE,usable_complete,243,0.49190283400809715
278,voter,TRUE,TRUE,usable_complete_limited_metadata,8,0.016194331983805668
278,voter,TRUE,TRUE,usable_partial,117,0.23684210526315788
279,abstention,FALSE,FALSE,no_determinants,28,0.05533596837944664
279,abstention,FALSE,FALSE,suspicious_determinants,1,0.001976284584980237
279,abstention,FALSE,FALSE,too_many_missing_determinants,5,0.009881422924901186
279,abstention,TRUE,TRUE,usable_complete,390,0.7707509881422925
279,abstention,TRUE,TRUE,usable_complete_limited_metadata,30,0.05928853754940711
279,abstention,TRUE,TRUE,usable_partial,52,0.10276679841897234
279,voter,FALSE,FALSE,no_determinants,74,0.14979757085020243
279,voter,FALSE,FALSE,suspicious_determinants,4,0.008097165991902834
279,voter,FALSE,FALSE,too_many_missing_determinants,22,0.044534412955465584
279,voter,TRUE,TRUE,usable_complete,257,0.520242914979757
279,voter,TRUE,TRUE,usable_complete_limited_metadata,9,0.018218623481781375
279,voter,TRUE,TRUE,usable_partial,127,0.25708502024291496
279,voter,TRUE,TRUE,usable_partial_limited_metadata,1,0.0020242914979757085
280,abstention,FALSE,FALSE,no_determinants,32,0.06324110671936758
280,abstention,FALSE,FALSE,suspicious_determinants,2,0.003952569169960474
280,abstention,FALSE,FALSE,too_many_missing_determinants,2,0.003952569169960474
280,abstention,TRUE,TRUE,usable_complete,392,0.7747035573122529
280,abstention,TRUE,TRUE,usable_complete_limited_metadata,18,0.03557312252964427
280,abstention,TRUE,TRUE,usable_partial,57,0.11264822134387352
280,abstention,TRUE,TRUE,usable_partial_limited_metadata,3,0.005928853754940711
280,voter,FALSE,FALSE,no_determinants,72,0.145748987854251
280,voter,FALSE,FALSE,suspicious_determinants,2,0.004048582995951417
280,voter,FALSE,FALSE,too_many_missing_determinants,35,0.0708502024291498
280,voter,TRUE,TRUE,usable_complete,253,0.5121457489878543
280,voter,TRUE,TRUE,usable_complete_limited_metadata,11,0.022267206477732792
280,voter,TRUE,TRUE,usable_partial,119,0.2408906882591093
280,voter,TRUE,TRUE,usable_partial_limited_metadata,2,0.004048582995951417
281,abstention,FALSE,FALSE,no_determinants,33,0.06521739130434782
281,abstention,FALSE,FALSE,suspicious_determinants,2,0.003952569169960474
281,abstention,FALSE,FALSE,too_many_missing_determinants,4,0.007905138339920948
281,abstention,TRUE,TRUE,usable_complete,398,0.7865612648221344
281,abstention,TRUE,TRUE,usable_complete_limited_metadata,21,0.041501976284584984
281,abstention,TRUE,TRUE,usable_partial,47,0.09288537549407115
281,abstention,TRUE,TRUE,usable_partial_limited_metadata,1,0.001976284584980237
281,voter,FALSE,FALSE,no_determinants,76,0.15384615384615385
281,voter,FALSE,FALSE,suspicious_determinants,3,0.006072874493927126
281,voter,FALSE,FALSE,too_many_missing_determinants,27,0.05465587044534413
281,voter,TRUE,TRUE,usable_complete,251,0.5080971659919028
281,voter,TRUE,TRUE,usable_complete_limited_metadata,9,0.018218623481781375
281,voter,TRUE,TRUE,usable_partial,127,0.25708502024291496
281,voter,TRUE,TRUE,usable_partial_limited_metadata,1,0.0020242914979757085
282,abstention,FALSE,FALSE,no_determinants,26,0.05138339920948617
282,abstention,FALSE,FALSE,suspicious_determinants,2,0.003952569169960474
282,abstention,FALSE,FALSE,too_many_missing_determinants,1,0.001976284584980237
282,abstention,TRUE,TRUE,usable_complete,394,0.7786561264822134
282,abstention,TRUE,TRUE,usable_complete_limited_metadata,12,0.023715415019762844
282,abstention,TRUE,TRUE,usable_partial,69,0.13636363636363635
282,abstention,TRUE,TRUE,usable_partial_limited_metadata,2,0.003952569169960474
282,voter,FALSE,FALSE,no_determinants,65,0.13157894736842105
282,voter,FALSE,FALSE,suspicious_determinants,2,0.004048582995951417
282,voter,FALSE,FALSE,too_many_missing_determinants,32,0.06477732793522267
282,voter,TRUE,TRUE,usable_complete,272,0.5506072874493927
282,voter,TRUE,TRUE,usable_complete_limited_metadata,6,0.012145748987854251
282,voter,TRUE,TRUE,usable_partial,117,0.23684210526315788
283,abstention,FALSE,FALSE,no_determinants,35,0.0691699604743083
283,abstention,FALSE,FALSE,too_many_missing_determinants,3,0.005928853754940711
283,abstention,TRUE,TRUE,usable_complete,408,0.8063241106719368
283,abstention,TRUE,TRUE,usable_complete_limited_metadata,17,0.03359683794466403
283,abstention,TRUE,TRUE,usable_partial,41,0.08102766798418973
283,abstention,TRUE,TRUE,usable_partial_limited_metadata,2,0.003952569169960474
283,voter,FALSE,FALSE,no_determinants,76,0.15384615384615385
283,voter,FALSE,FALSE,suspicious_determinants,3,0.006072874493927126
283,voter,FALSE,FALSE,too_many_missing_determinants,26,0.05263157894736842
283,voter,TRUE,TRUE,usable_complete,245,0.4959514170040486
283,voter,TRUE,TRUE,usable_complete_limited_metadata,3,0.006072874493927126
283,voter,TRUE,TRUE,usable_partial,141,0.28542510121457487
284,abstention,FALSE,FALSE,no_determinants,24,0.04743083003952569
284,abstention,FALSE,FALSE,too_many_missing_determinants,3,0.005928853754940711
284,abstention,TRUE,TRUE,usable_complete,415,0.8201581027667985
284,abstention,TRUE,TRUE,usable_complete_limited_metadata,15,0.029644268774703556
284,abstention,TRUE,TRUE,usable_partial,49,0.09683794466403162
284,voter,FALSE,FALSE,no_determinants,80,0.16194331983805668
284,voter,FALSE,FALSE,suspicious_determinants,7,0.01417004048582996
284,voter,FALSE,FALSE,too_many_missing_determinants,28,0.05668016194331984
284,voter,TRUE,TRUE,usable_complete,251,0.5080971659919028
284,voter,TRUE,TRUE,usable_complete_limited_metadata,5,0.010121457489878543
284,voter,TRUE,TRUE,usable_partial,122,0.24696356275303644
284,voter,TRUE,TRUE,usable_partial_limited_metadata,1,0.0020242914979757085
285,abstention,FALSE,FALSE,no_determinants,30,0.05928853754940711
285,abstention,FALSE,FALSE,suspicious_determinants,1,0.001976284584980237
285,abstention,FALSE,FALSE,too_many_missing_determinants,4,0.007905138339920948
285,abstention,TRUE,TRUE,usable_complete,406,0.8023715415019763
285,abstention,TRUE,TRUE,usable_complete_limited_metadata,20,0.039525691699604744
285,abstention,TRUE,TRUE,usable_partial,44,0.08695652173913043
285,abstention,TRUE,TRUE,usable_partial_limited_metadata,1,0.001976284584980237
285,voter,FALSE,FALSE,no_determinants,77,0.15587044534412955
285,voter,FALSE,FALSE,suspicious_determinants,3,0.006072874493927126
285,voter,FALSE,FALSE,too_many_missing_determinants,21,0.04251012145748988
285,voter,TRUE,TRUE,usable_complete,274,0.5546558704453441
285,voter,TRUE,TRUE,usable_complete_limited_metadata,6,0.012145748987854251
285,voter,TRUE,TRUE,usable_partial,112,0.22672064777327935
285,voter,TRUE,TRUE,usable_partial_limited_metadata,1,0.0020242914979757085
286,abstention,FALSE,FALSE,no_determinants,34,0.06719367588932806
286,abstention,FALSE,FALSE,suspicious_determinants,2,0.003952569169960474
286,abstention,FALSE,FALSE,too_many_missing_determinants,5,0.009881422924901186
286,abstention,TRUE,TRUE,usable_complete,388,0.766798418972332
286,abstention,TRUE,TRUE,usable_complete_limited_metadata,19,0.037549407114624504
286,abstention,TRUE,TRUE,usable_partial,54,0.1067193675889328
286,abstention,TRUE,TRUE,usable_partial_limited_metadata,4,0.007905138339920948
286,voter,FALSE,FALSE,no_determinants,80,0.16194331983805668
286,voter,FALSE,FALSE,suspicious_determinants,2,0.004048582995951417
286,voter,FALSE,FALSE,too_many_missing_determinants,26,0.05263157894736842
286,voter,TRUE,TRUE,usable_complete,246,0.4979757085020243
286,voter,TRUE,TRUE,usable_complete_limited_metadata,7,0.01417004048582996
286,voter,TRUE,TRUE,usable_partial,133,0.2692307692307692
287,abstention,FALSE,FALSE,no_determinants,32,0.06324110671936758
287,abstention,FALSE,FALSE,suspicious_determinants,2,0.003952569169960474
287,abstention,FALSE,FALSE,too_many_missing_determinants,4,0.007905138339920948
287,abstention,TRUE,TRUE,usable_complete,407,0.8043478260869565
287,abstention,TRUE,TRUE,usable_complete_limited_metadata,16,0.03162055335968379
287,abstention,TRUE,TRUE,usable_partial,38,0.07509881422924901
287,abstention,TRUE,TRUE,usable_partial_limited_metadata,7,0.01383399209486166
287,voter,FALSE,FALSE,no_determinants,78,0.15789473684210525
287,voter,FALSE,FALSE,suspicious_determinants,3,0.006072874493927126
287,voter,FALSE,FALSE,too_many_missing_determinants,25,0.05060728744939271
287,voter,TRUE,TRUE,usable_complete,258,0.5222672064777328
287,voter,TRUE,TRUE,usable_complete_limited_metadata,4,0.008097165991902834
287,voter,TRUE,TRUE,usable_partial,126,0.2550607287449393
288,abstention,FALSE,FALSE,no_determinants,31,0.06126482213438735
288,abstention,FALSE,FALSE,suspicious_determinants,1,0.001976284584980237
288,abstention,FALSE,FALSE,too_many_missing_determinants,14,0.02766798418972332
288,abstention,TRUE,TRUE,usable_complete,398,0.7865612648221344
288,abstention,TRUE,TRUE,usable_complete_limited_metadata,17,0.03359683794466403
288,abstention,TRUE,TRUE,usable_partial,44,0.08695652173913043
288,abstention,TRUE,TRUE,usable_partial_limited_metadata,1,0.001976284584980237
288,voter,FALSE,FALSE,no_determinants,70,0.1417004048582996
288,voter,FALSE,FALSE,suspicious_determinants,4,0.008097165991902834
288,voter,FALSE,FALSE,too_many_missing_determinants,28,0.05668016194331984
288,voter,TRUE,TRUE,usable_complete,246,0.4979757085020243
288,voter,TRUE,TRUE,usable_complete_limited_metadata,8,0.016194331983805668
288,voter,TRUE,TRUE,usable_partial,138,0.2793522267206478
289,abstention,FALSE,FALSE,no_determinants,27,0.0533596837944664
289,abstention,FALSE,FALSE,suspicious_determinants,1,0.001976284584980237
289,abstention,FALSE,FALSE,too_many_missing_determinants,5,0.009881422924901186
289,abstention,TRUE,TRUE,usable_complete,403,0.7964426877470355
289,abstention,TRUE,TRUE,usable_complete_limited_metadata,18,0.03557312252964427
289,abstention,TRUE,TRUE,usable_partial,51,0.1007905138339921
289,abstention,TRUE,TRUE,usable_partial_limited_metadata,1,0.001976284584980237
289,voter,FALSE,FALSE,no_determinants,71,0.1437246963562753
289,voter,FALSE,FALSE,suspicious_determinants,5,0.010121457489878543
289,voter,FALSE,FALSE,too_many_missing_determinants,30,0.06072874493927125
289,voter,TRUE,TRUE,usable_complete,245,0.4959514170040486
289,voter,TRUE,TRUE,usable_complete_limited_metadata,4,0.008097165991902834
289,voter,TRUE,TRUE,usable_partial,139,0.2813765182186235
290,abstention,FALSE,FALSE,no_determinants,31,0.06126482213438735
290,abstention,FALSE,FALSE,suspicious_determinants,2,0.003952569169960474
290,abstention,FALSE,FALSE,too_many_missing_determinants,6,0.011857707509881422
290,abstention,TRUE,TRUE,usable_complete,387,0.7648221343873518
290,abstention,TRUE,TRUE,usable_complete_limited_metadata,25,0.04940711462450593
290,abstention,TRUE,TRUE,usable_partial,53,0.10474308300395258
290,abstention,TRUE,TRUE,usable_partial_limited_metadata,2,0.003952569169960474
290,voter,FALSE,FALSE,no_determinants,87,0.17611336032388664
290,voter,FALSE,FALSE,suspicious_determinants,2,0.004048582995951417
290,voter,FALSE,FALSE,too_many_missing_determinants,24,0.048582995951417005
290,voter,TRUE,TRUE,usable_complete,253,0.5121457489878543
290,voter,TRUE,TRUE,usable_complete_limited_metadata,5,0.010121457489878543
290,voter,TRUE,TRUE,usable_partial,120,0.242914979757085
290,voter,TRUE,TRUE,usable_partial_limited_metadata,3,0.006072874493927126
291,abstention,FALSE,FALSE,no_determinants,26,0.05138339920948617
291,abstention,FALSE,FALSE,suspicious_determinants,1,0.001976284584980237
291,abstention,FALSE,FALSE,too_many_missing_determinants,6,0.011857707509881422
291,abstention,TRUE,TRUE,usable_complete,412,0.8142292490118577
291,abstention,TRUE,TRUE,usable_complete_limited_metadata,23,0.045454545454545456
291,abstention,TRUE,TRUE,usable_partial,35,0.0691699604743083
291,abstention,TRUE,TRUE,usable_partial_limited_metadata,3,0.005928853754940711
291,voter,FALSE,FALSE,no_determinants,89,0.18016194331983806
291,voter,FALSE,FALSE,suspicious_determinants,4,0.008097165991902834
291,voter,FALSE,FALSE,too_many_missing_determinants,23,0.0465587044534413
291,voter,TRUE,TRUE,usable_complete,241,0.48785425101214575
291,voter,TRUE,TRUE,usable_complete_limited_metadata,8,0.016194331983805668
291,voter,TRUE,TRUE,usable_partial,128,0.2591093117408907
291,voter,TRUE,TRUE,usable_partial_limited_metadata,1,0.0020242914979757085
292,abstention,FALSE,FALSE,no_determinants,16,0.03162055335968379
292,abstention,FALSE,FALSE,suspicious_determinants,3,0.005928853754940711
292,abstention,FALSE,FALSE,too_many_missing_determinants,3,0.005928853754940711
292,abstention,TRUE,TRUE,usable_complete,421,0.8320158102766798
292,abstention,TRUE,TRUE,usable_complete_limited_metadata,22,0.043478260869565216
292,abstention,TRUE,TRUE,usable_partial,38,0.07509881422924901
292,abstention,TRUE,TRUE,usable_partial_limited_metadata,3,0.005928853754940711
292,voter,FALSE,FALSE,no_determinants,80,0.16194331983805668
292,voter,FALSE,FALSE,suspicious_determinants,8,0.016194331983805668
292,voter,FALSE,FALSE,too_many_missing_determinants,31,0.06275303643724696
292,voter,TRUE,TRUE,usable_complete,251,0.5080971659919028
292,voter,TRUE,TRUE,usable_complete_limited_metadata,4,0.008097165991902834
292,voter,TRUE,TRUE,usable_partial,120,0.242914979757085
293,abstention,FALSE,FALSE,no_determinants,27,0.0533596837944664
293,abstention,FALSE,FALSE,suspicious_determinants,1,0.001976284584980237
293,abstention,FALSE,FALSE,too_many_missing_determinants,5,0.009881422924901186
293,abstention,TRUE,TRUE,usable_complete,404,0.7984189723320159
293,abstention,TRUE,TRUE,usable_complete_limited_metadata,21,0.041501976284584984
293,abstention,TRUE,TRUE,usable_partial,45,0.08893280632411067
293,abstention,TRUE,TRUE,usable_partial_limited_metadata,3,0.005928853754940711
293,voter,FALSE,FALSE,no_determinants,85,0.1720647773279352
293,voter,FALSE,FALSE,suspicious_determinants,2,0.004048582995951417
293,voter,FALSE,FALSE,too_many_missing_determinants,16,0.032388663967611336
293,voter,TRUE,TRUE,usable_complete,256,0.5182186234817814
293,voter,TRUE,TRUE,usable_complete_limited_metadata,8,0.016194331983805668
293,voter,TRUE,TRUE,usable_partial,127,0.25708502024291496
294,abstention,FALSE,FALSE,no_determinants,32,0.06324110671936758
294,abstention,FALSE,FALSE,suspicious_determinants,3,0.005928853754940711
294,abstention,FALSE,FALSE,too_many_missing_determinants,6,0.011857707509881422
294,abstention,TRUE,TRUE,usable_complete,383,0.7569169960474308
294,abstention,TRUE,TRUE,usable_complete_limited_metadata,27,0.0533596837944664
294,abstention,TRUE,TRUE,usable_partial,51,0.1007905138339921
294,abstention,TRUE,TRUE,usable_partial_limited_metadata,4,0.007905138339920948
294,voter,FALSE,FALSE,no_determinants,83,0.1680161943319838
294,voter,FALSE,FALSE,suspicious_determinants,3,0.006072874493927126
294,voter,FALSE,FALSE,too_many_missing_determinants,20,0.04048582995951417
294,voter,TRUE,TRUE,usable_complete,243,0.49190283400809715
294,voter,TRUE,TRUE,usable_complete_limited_metadata,6,0.012145748987854251
294,voter,TRUE,TRUE,usable_partial,139,0.2813765182186235
295,abstention,FALSE,FALSE,no_determinants,26,0.05138339920948617
295,abstention,FALSE,FALSE,too_many_missing_determinants,3,0.005928853754940711
295,abstention,TRUE,TRUE,usable_complete,405,0.8003952569169961
295,abstention,TRUE,TRUE,usable_complete_limited_metadata,27,0.0533596837944664
295,abstention,TRUE,TRUE,usable_partial,41,0.08102766798418973
295,abstention,TRUE,TRUE,usable_partial_limited_metadata,4,0.007905138339920948
295,voter,FALSE,FALSE,no_determinants,72,0.145748987854251
295,voter,FALSE,FALSE,suspicious_determinants,6,0.012145748987854251
295,voter,FALSE,FALSE,too_many_missing_determinants,25,0.05060728744939271
295,voter,TRUE,TRUE,usable_complete,247,0.5
295,voter,TRUE,TRUE,usable_complete_limited_metadata,2,0.004048582995951417
295,voter,TRUE,TRUE,usable_partial,141,0.28542510121457487
295,voter,TRUE,TRUE,usable_partial_limited_metadata,1,0.0020242914979757085
296,abstention,FALSE,FALSE,no_determinants,28,0.05533596837944664
296,abstention,FALSE,FALSE,suspicious_determinants,1,0.001976284584980237
296,abstention,FALSE,FALSE,too_many_missing_determinants,3,0.005928853754940711
296,abstention,TRUE,TRUE,usable_complete,400,0.7905138339920948
296,abstention,TRUE,TRUE,usable_complete_limited_metadata,22,0.043478260869565216
296,abstention,TRUE,TRUE,usable_partial,50,0.09881422924901186
296,abstention,TRUE,TRUE,usable_partial_limited_metadata,2,0.003952569169960474
296,voter,FALSE,FALSE,no_determinants,74,0.14979757085020243
296,voter,FALSE,FALSE,suspicious_determinants,2,0.004048582995951417
296,voter,FALSE,FALSE,too_many_missing_determinants,44,0.08906882591093117
296,voter,TRUE,TRUE,usable_complete,239,0.48380566801619435
296,voter,TRUE,TRUE,usable_complete_limited_metadata,7,0.01417004048582996
296,voter,TRUE,TRUE,usable_partial,127,0.25708502024291496
296,voter,TRUE,TRUE,usable_partial_limited_metadata,1,0.0020242914979757085
297,abstention,FALSE,FALSE,no_determinants,30,0.05928853754940711
297,abstention,FALSE,FALSE,suspicious_determinants,3,0.005928853754940711
297,abstention,FALSE,FALSE,too_many_missing_determinants,4,0.007905138339920948
297,abstention,TRUE,TRUE,usable_complete,404,0.7984189723320159
297,abstention,TRUE,TRUE,usable_complete_limited_metadata,20,0.039525691699604744
297,abstention,TRUE,TRUE,usable_partial,43,0.08498023715415019
297,abstention,TRUE,TRUE,usable_partial_limited_metadata,2,0.003952569169960474
297,voter,FALSE,FALSE,no_determinants,75,0.15182186234817813
297,voter,FALSE,FALSE,suspicious_determinants,3,0.006072874493927126
297,voter,FALSE,FALSE,too_many_missing_determinants,27,0.05465587044534413
297,voter,TRUE,TRUE,usable_complete,257,0.520242914979757
297,voter,TRUE,TRUE,usable_complete_limited_metadata,11,0.022267206477732792
297,voter,TRUE,TRUE,usable_partial,119,0.2408906882591093
297,voter,TRUE,TRUE,usable_partial_limited_metadata,2,0.004048582995951417
298,abstention,FALSE,FALSE,no_determinants,44,0.08695652173913043
298,abstention,FALSE,FALSE,too_many_missing_determinants,6,0.011857707509881422
298,abstention,TRUE,TRUE,usable_complete,389,0.7687747035573123
298,abstention,TRUE,TRUE,usable_complete_limited_metadata,19,0.037549407114624504
298,abstention,TRUE,TRUE,usable_partial,45,0.08893280632411067
298,abstention,TRUE,TRUE,usable_partial_limited_metadata,3,0.005928853754940711
298,voter,FALSE,FALSE,no_determinants,91,0.18421052631578946
298,voter,FALSE,FALSE,suspicious_determinants,5,0.010121457489878543
298,voter,FALSE,FALSE,too_many_missing_determinants,22,0.044534412955465584
298,voter,TRUE,TRUE,usable_complete,244,0.4939271255060729
298,voter,TRUE,TRUE,usable_complete_limited_metadata,6,0.012145748987854251
298,voter,TRUE,TRUE,usable_partial,125,0.25303643724696356
298,voter,TRUE,TRUE,usable_partial_limited_metadata,1,0.0020242914979757085
299,abstention,FALSE,FALSE,no_determinants,42,0.08300395256916997
299,abstention,FALSE,FALSE,suspicious_determinants,1,0.001976284584980237
299,abstention,FALSE,FALSE,too_many_missing_determinants,5,0.009881422924901186
299,abstention,TRUE,TRUE,usable_complete,381,0.7529644268774703
299,abstention,TRUE,TRUE,usable_complete_limited_metadata,22,0.043478260869565216
299,abstention,TRUE,TRUE,usable_partial,53,0.10474308300395258
299,abstention,TRUE,TRUE,usable_partial_limited_metadata,2,0.003952569169960474
299,voter,FALSE,FALSE,no_determinants,89,0.18016194331983806
299,voter,FALSE,FALSE,suspicious_determinants,1,0.0020242914979757085
299,voter,FALSE,FALSE,too_many_missing_determinants,25,0.05060728744939271
299,voter,TRUE,TRUE,usable_complete,242,0.4898785425101215
299,voter,TRUE,TRUE,usable_complete_limited_metadata,7,0.01417004048582996
299,voter,TRUE,TRUE,usable_partial,130,0.2631578947368421
300,abstention,FALSE,FALSE,no_determinants,35,0.0691699604743083
300,abstention,FALSE,FALSE,suspicious_determinants,2,0.003952569169960474
300,abstention,FALSE,FALSE,too_many_missing_determinants,3,0.005928853754940711
300,abstention,TRUE,TRUE,usable_complete,398,0.7865612648221344
300,abstention,TRUE,TRUE,usable_complete_limited_metadata,19,0.037549407114624504
300,abstention,TRUE,TRUE,usable_partial,46,0.09090909090909091
300,abstention,TRUE,TRUE,usable_partial_limited_metadata,3,0.005928853754940711
300,voter,FALSE,FALSE,no_determinants,74,0.14979757085020243
300,voter,FALSE,FALSE,suspicious_determinants,1,0.0020242914979757085
300,voter,FALSE,FALSE,too_many_missing_determinants,16,0.032388663967611336
300,voter,TRUE,TRUE,usable_complete,266,0.5384615384615384
300,voter,TRUE,TRUE,usable_complete_limited_metadata,7,0.01417004048582996
300,voter,TRUE,TRUE,usable_partial,130,0.2631578947368421
301,abstention,FALSE,FALSE,no_determinants,40,0.07905138339920949
301,abstention,FALSE,FALSE,too_many_missing_determinants,5,0.009881422924901186
301,abstention,TRUE,TRUE,usable_complete,374,0.7391304347826086
301,abstention,TRUE,TRUE,usable_complete_limited_metadata,27,0.0533596837944664
301,abstention,TRUE,TRUE,usable_partial,56,0.11067193675889328
301,abstention,TRUE,TRUE,usable_partial_limited_metadata,4,0.007905138339920948
301,voter,FALSE,FALSE,no_determinants,77,0.15587044534412955
301,voter,FALSE,FALSE,suspicious_determinants,2,0.004048582995951417
301,voter,FALSE,FALSE,too_many_missing_determinants,20,0.04048582995951417
301,voter,TRUE,TRUE,usable_complete,248,0.5020242914979757
301,voter,TRUE,TRUE,usable_complete_limited_metadata,8,0.016194331983805668
301,voter,TRUE,TRUE,usable_partial,138,0.2793522267206478
301,voter,TRUE,TRUE,usable_partial_limited_metadata,1,0.0020242914979757085
302,abstention,FALSE,FALSE,no_determinants,32,0.06324110671936758
302,abstention,FALSE,FALSE,too_many_missing_determinants,4,0.007905138339920948
302,abstention,TRUE,TRUE,usable_complete,386,0.7628458498023716
302,abstention,TRUE,TRUE,usable_complete_limited_metadata,24,0.04743083003952569
302,abstention,TRUE,TRUE,usable_partial,57,0.11264822134387352
302,abstention,TRUE,TRUE,usable_partial_limited_metadata,3,0.005928853754940711
302,voter,FALSE,FALSE,no_determinants,68,0.13765182186234817
302,voter,FALSE,FALSE,suspicious_determinants,3,0.006072874493927126
302,voter,FALSE,FALSE,too_many_missing_determinants,31,0.06275303643724696
302,voter,TRUE,TRUE,usable_complete,275,0.5566801619433198
302,voter,TRUE,TRUE,usable_complete_limited_metadata,12,0.024291497975708502
302,voter,TRUE,TRUE,usable_partial,103,0.20850202429149797
302,voter,TRUE,TRUE,usable_partial_limited_metadata,2,0.004048582995951417
303,abstention,FALSE,FALSE,no_determinants,31,0.06126482213438735
303,abstention,FALSE,FALSE,too_many_missing_determinants,4,0.007905138339920948
303,abstention,TRUE,TRUE,usable_complete,415,0.8201581027667985
303,abstention,TRUE,TRUE,usable_complete_limited_metadata,17,0.03359683794466403
303,abstention,TRUE,TRUE,usable_partial,37,0.07312252964426877
303,abstention,TRUE,TRUE,usable_partial_limited_metadata,2,0.003952569169960474
303,voter,FALSE,FALSE,no_determinants,71,0.1437246963562753
303,voter,FALSE,FALSE,suspicious_determinants,3,0.006072874493927126
303,voter,FALSE,FALSE,too_many_missing_determinants,26,0.05263157894736842
303,voter,TRUE,TRUE,usable_complete,271,0.548582995951417
303,voter,TRUE,TRUE,usable_complete_limited_metadata,9,0.018218623481781375
303,voter,TRUE,TRUE,usable_partial,114,0.23076923076923078
304,abstention,FALSE,FALSE,no_determinants,28,0.05533596837944664
304,abstention,FALSE,FALSE,suspicious_determinants,2,0.003952569169960474
304,abstention,FALSE,FALSE,too_many_missing_determinants,3,0.005928853754940711
304,abstention,TRUE,TRUE,usable_complete,407,0.8043478260869565
304,abstention,TRUE,TRUE,usable_complete_limited_metadata,18,0.03557312252964427
304,abstention,TRUE,TRUE,usable_partial,43,0.08498023715415019
304,abstention,TRUE,TRUE,usable_partial_limited_metadata,5,0.009881422924901186
304,voter,FALSE,FALSE,no_determinants,94,0.1902834008097166
304,voter,FALSE,FALSE,suspicious_determinants,4,0.008097165991902834
304,voter,FALSE,FALSE,too_many_missing_determinants,24,0.048582995951417005
304,voter,TRUE,TRUE,usable_complete,233,0.4716599190283401
304,voter,TRUE,TRUE,usable_complete_limited_metadata,7,0.01417004048582996
304,voter,TRUE,TRUE,usable_partial,132,0.26720647773279355
305,abstention,FALSE,FALSE,no_determinants,34,0.06719367588932806
305,abstention,FALSE,FALSE,too_many_missing_determinants,7,0.01383399209486166
305,abstention,TRUE,TRUE,usable_complete,393,0.7766798418972332
305,abstention,TRUE,TRUE,usable_complete_limited_metadata,27,0.0533596837944664
305,abstention,TRUE,TRUE,usable_partial,43,0.08498023715415019
305,abstention,TRUE,TRUE,usable_partial_limited_metadata,2,0.003952569169960474
305,voter,FALSE,FALSE,no_determinants,69,0.1396761133603239
305,voter,FALSE,FALSE,suspicious_determinants,2,0.004048582995951417
305,voter,FALSE,FALSE,too_many_missing_determinants,27,0.05465587044534413
305,voter,TRUE,TRUE,usable_complete,246,0.4979757085020243
305,voter,TRUE,TRUE,usable_complete_limited_metadata,8,0.016194331983805668
305,voter,TRUE,TRUE,usable_partial,142,0.2874493927125506
306,abstention,FALSE,FALSE,no_determinants,36,0.07114624505928854
306,abstention,FALSE,FALSE,suspicious_determinants,2,0.003952569169960474
306,abstention,FALSE,FALSE,too_many_missing_determinants,4,0.007905138339920948
306,abstention,TRUE,TRUE,usable_complete,398,0.7865612648221344
306,abstention,TRUE,TRUE,usable_complete_limited_metadata,18,0.03557312252964427
306,abstention,TRUE,TRUE,usable_partial,45,0.08893280632411067
306,abstention,TRUE,TRUE,usable_partial_limited_metadata,3,0.005928853754940711
306,voter,FALSE,FALSE,no_determinants,71,0.1437246963562753
306,voter,FALSE,FALSE,too_many_missing_determinants,30,0.06072874493927125
306,voter,TRUE,TRUE,usable_complete,261,0.52834008097166
306,voter,TRUE,TRUE,usable_complete_limited_metadata,5,0.010121457489878543
306,voter,TRUE,TRUE,usable_partial,127,0.25708502024291496
307,abstention,FALSE,FALSE,no_determinants,24,0.04743083003952569
307,abstention,FALSE,FALSE,suspicious_determinants,1,0.001976284584980237
307,abstention,FALSE,FALSE,too_many_missing_determinants,3,0.005928853754940711
307,abstention,TRUE,TRUE,usable_complete,413,0.8162055335968379
307,abstention,TRUE,TRUE,usable_complete_limited_metadata,17,0.03359683794466403
307,abstention,TRUE,TRUE,usable_partial,45,0.08893280632411067
307,abstention,TRUE,TRUE,usable_partial_limited_metadata,3,0.005928853754940711
307,voter,FALSE,FALSE,no_determinants,74,0.14979757085020243
307,voter,FALSE,FALSE,suspicious_determinants,7,0.01417004048582996
307,voter,FALSE,FALSE,too_many_missing_determinants,28,0.05668016194331984
307,voter,TRUE,TRUE,usable_complete,241,0.48785425101214575
307,voter,TRUE,TRUE,usable_complete_limited_metadata,8,0.016194331983805668
307,voter,TRUE,TRUE,usable_partial,136,0.27530364372469635
308,abstention,FALSE,FALSE,no_determinants,28,0.05533596837944664
308,abstention,FALSE,FALSE,suspicious_determinants,2,0.003952569169960474
308,abstention,FALSE,FALSE,too_many_missing_determinants,3,0.005928853754940711
308,abstention,TRUE,TRUE,usable_complete,408,0.8063241106719368
308,abstention,TRUE,TRUE,usable_complete_limited_metadata,20,0.039525691699604744
308,abstention,TRUE,TRUE,usable_partial,39,0.07707509881422925
308,abstention,TRUE,TRUE,usable_partial_limited_metadata,6,0.011857707509881422
308,voter,FALSE,FALSE,no_determinants,87,0.17611336032388664
308,voter,FALSE,FALSE,suspicious_determinants,4,0.008097165991902834
308,voter,FALSE,FALSE,too_many_missing_determinants,29,0.058704453441295545
308,voter,TRUE,TRUE,usable_complete,233,0.4716599190283401
308,voter,TRUE,TRUE,usable_complete_limited_metadata,7,0.01417004048582996
308,voter,TRUE,TRUE,usable_partial,132,0.26720647773279355
308,voter,TRUE,TRUE,usable_partial_limited_metadata,2,0.004048582995951417
309,abstention,FALSE,FALSE,no_determinants,25,0.04940711462450593
309,abstention,FALSE,FALSE,too_many_missing_determinants,3,0.005928853754940711
309,abstention,TRUE,TRUE,usable_complete,397,0.7845849802371542
309,abstention,TRUE,TRUE,usable_complete_limited_metadata,19,0.037549407114624504
309,abstention,TRUE,TRUE,usable_partial,58,0.11462450592885376
309,abstention,TRUE,TRUE,usable_partial_limited_metadata,4,0.007905138339920948
309,voter,FALSE,FALSE,no_determinants,96,0.19433198380566802
309,voter,FALSE,FALSE,suspicious_determinants,1,0.0020242914979757085
309,voter,FALSE,FALSE,too_many_missing_determinants,21,0.04251012145748988
309,voter,TRUE,TRUE,usable_complete,243,0.49190283400809715
309,voter,TRUE,TRUE,usable_complete_limited_metadata,11,0.022267206477732792
309,voter,TRUE,TRUE,usable_partial,122,0.24696356275303644
310,abstention,FALSE,FALSE,no_determinants,32,0.06324110671936758
310,abstention,FALSE,FALSE,suspicious_determinants,2,0.003952569169960474
310,abstention,FALSE,FALSE,too_many_missing_determinants,3,0.005928853754940711
310,abstention,TRUE,TRUE,usable_complete,413,0.8162055335968379
310,abstention,TRUE,TRUE,usable_complete_limited_metadata,13,0.025691699604743084
310,abstention,TRUE,TRUE,usable_partial,43,0.08498023715415019
310,voter,FALSE,FALSE,no_determinants,77,0.15587044534412955
310,voter,FALSE,FALSE,suspicious_determinants,2,0.004048582995951417
310,voter,FALSE,FALSE,too_many_missing_determinants,38,0.07692307692307693
310,voter,TRUE,TRUE,usable_complete,228,0.46153846153846156
310,voter,TRUE,TRUE,usable_complete_limited_metadata,4,0.008097165991902834
310,voter,TRUE,TRUE,usable_partial,145,0.2935222672064777
311,abstention,FALSE,FALSE,no_determinants,36,0.07114624505928854
311,abstention,FALSE,FALSE,suspicious_determinants,1,0.001976284584980237
311,abstention,FALSE,FALSE,too_many_missing_determinants,3,0.005928853754940711
311,abstention,TRUE,TRUE,usable_complete,399,0.7885375494071146
311,abstention,TRUE,TRUE,usable_complete_limited_metadata,15,0.029644268774703556
311,abstention,TRUE,TRUE,usable_partial,51,0.1007905138339921
311,abstention,TRUE,TRUE,usable_partial_limited_metadata,1,0.001976284584980237
311,voter,FALSE,FALSE,no_determinants,95,0.19230769230769232
311,voter,FALSE,FALSE,suspicious_determinants,3,0.006072874493927126
311,voter,FALSE,FALSE,too_many_missing_determinants,35,0.0708502024291498
311,voter,TRUE,TRUE,usable_complete,227,0.45951417004048584
311,voter,TRUE,TRUE,usable_complete_limited_metadata,9,0.018218623481781375
311,voter,TRUE,TRUE,usable_partial,124,0.25101214574898784
311,voter,TRUE,TRUE,usable_partial_limited_metadata,1,0.0020242914979757085
312,abstention,FALSE,FALSE,no_determinants,26,0.05138339920948617
312,abstention,FALSE,FALSE,suspicious_determinants,2,0.003952569169960474
312,abstention,FALSE,FALSE,too_many_missing_determinants,1,0.001976284584980237
312,abstention,TRUE,TRUE,usable_complete,407,0.8043478260869565
312,abstention,TRUE,TRUE,usable_complete_limited_metadata,23,0.045454545454545456
312,abstention,TRUE,TRUE,usable_partial,46,0.09090909090909091
312,abstention,TRUE,TRUE,usable_partial_limited_metadata,1,0.001976284584980237
312,voter,FALSE,FALSE,no_determinants,81,0.16396761133603238
312,voter,FALSE,FALSE,suspicious_determinants,8,0.016194331983805668
312,voter,FALSE,FALSE,too_many_missing_determinants,25,0.05060728744939271
312,voter,TRUE,TRUE,usable_complete,247,0.5
312,voter,TRUE,TRUE,usable_complete_limited_metadata,6,0.012145748987854251
312,voter,TRUE,TRUE,usable_partial,127,0.25708502024291496
313,abstention,FALSE,FALSE,no_determinants,35,0.0691699604743083
313,abstention,FALSE,FALSE,suspicious_determinants,1,0.001976284584980237
313,abstention,FALSE,FALSE,too_many_missing_determinants,4,0.007905138339920948
313,abstention,TRUE,TRUE,usable_complete,402,0.7944664031620553
313,abstention,TRUE,TRUE,usable_complete_limited_metadata,16,0.03162055335968379
313,abstention,TRUE,TRUE,usable_partial,46,0.09090909090909091
313,abstention,TRUE,TRUE,usable_partial_limited_metadata,2,0.003952569169960474
313,voter,FALSE,FALSE,no_determinants,76,0.15384615384615385
313,voter,FALSE,FALSE,suspicious_determinants,1,0.0020242914979757085
313,voter,FALSE,FALSE,too_many_missing_determinants,28,0.05668016194331984
313,voter,TRUE,TRUE,usable_complete,236,0.4777327935222672
313,voter,TRUE,TRUE,usable_complete_limited_metadata,2,0.004048582995951417
313,voter,TRUE,TRUE,usable_partial,151,0.305668016194332
314,abstention,FALSE,FALSE,no_determinants,31,0.06126482213438735
314,abstention,FALSE,FALSE,suspicious_determinants,1,0.001976284584980237
314,abstention,FALSE,FALSE,too_many_missing_determinants,3,0.005928853754940711
314,abstention,TRUE,TRUE,usable_complete,397,0.7845849802371542
314,abstention,TRUE,TRUE,usable_complete_limited_metadata,16,0.03162055335968379
314,abstention,TRUE,TRUE,usable_partial,53,0.10474308300395258
314,abstention,TRUE,TRUE,usable_partial_limited_metadata,5,0.009881422924901186
314,voter,FALSE,FALSE,no_determinants,71,0.1437246963562753
314,voter,FALSE,FALSE,suspicious_determinants,2,0.004048582995951417
314,voter,FALSE,FALSE,too_many_missing_determinants,24,0.048582995951417005
314,voter,TRUE,TRUE,usable_complete,258,0.5222672064777328
314,voter,TRUE,TRUE,usable_complete_limited_metadata,7,0.01417004048582996
314,voter,TRUE,TRUE,usable_partial,132,0.26720647773279355
315,abstention,FALSE,FALSE,no_determinants,22,0.043478260869565216
315,abstention,FALSE,FALSE,suspicious_determinants,1,0.001976284584980237
315,abstention,FALSE,FALSE,too_many_missing_determinants,2,0.003952569169960474
315,abstention,TRUE,TRUE,usable_complete,404,0.7984189723320159
315,abstention,TRUE,TRUE,usable_complete_limited_metadata,19,0.037549407114624504
315,abstention,TRUE,TRUE,usable_partial,57,0.11264822134387352
315,abstention,TRUE,TRUE,usable_partial_limited_metadata,1,0.001976284584980237
315,voter,FALSE,FALSE,no_determinants,82,0.1659919028340081
315,voter,FALSE,FALSE,suspicious_determinants,4,0.008097165991902834
315,voter,FALSE,FALSE,too_many_missing_determinants,34,0.06882591093117409
315,voter,TRUE,TRUE,usable_complete,252,0.5101214574898786
315,voter,TRUE,TRUE,usable_complete_limited_metadata,5,0.010121457489878543
315,voter,TRUE,TRUE,usable_partial,117,0.23684210526315788
316,abstention,FALSE,FALSE,no_determinants,26,0.05138339920948617
316,abstention,FALSE,FALSE,suspicious_determinants,1,0.001976284584980237
316,abstention,FALSE,FALSE,too_many_missing_determinants,7,0.01383399209486166
316,abstention,TRUE,TRUE,usable_complete,405,0.8003952569169961
316,abstention,TRUE,TRUE,usable_complete_limited_metadata,18,0.03557312252964427
316,abstention,TRUE,TRUE,usable_partial,46,0.09090909090909091
316,abstention,TRUE,TRUE,usable_partial_limited_metadata,3,0.005928853754940711
316,voter,FALSE,FALSE,no_determinants,81,0.16396761133603238
316,voter,FALSE,FALSE,suspicious_determinants,4,0.008097165991902834
316,voter,FALSE,FALSE,too_many_missing_determinants,27,0.05465587044534413
316,voter,TRUE,TRUE,usable_complete,259,0.5242914979757085
316,voter,TRUE,TRUE,usable_complete_limited_metadata,7,0.01417004048582996
316,voter,TRUE,TRUE,usable_partial,116,0.23481781376518218
317,abstention,FALSE,FALSE,no_determinants,33,0.06521739130434782
317,abstention,FALSE,FALSE,suspicious_determinants,2,0.003952569169960474
317,abstention,FALSE,FALSE,too_many_missing_determinants,3,0.005928853754940711
317,abstention,TRUE,TRUE,usable_complete,411,0.8122529644268774
317,abstention,TRUE,TRUE,usable_complete_limited_metadata,16,0.03162055335968379
317,abstention,TRUE,TRUE,usable_partial,39,0.07707509881422925
317,abstention,TRUE,TRUE,usable_partial_limited_metadata,2,0.003952569169960474
317,voter,FALSE,FALSE,no_determinants,83,0.1680161943319838
317,voter,FALSE,FALSE,suspicious_determinants,2,0.004048582995951417
317,voter,FALSE,FALSE,too_many_missing_determinants,23,0.0465587044534413
317,voter,TRUE,TRUE,usable_complete,241,0.48785425101214575
317,voter,TRUE,TRUE,usable_complete_limited_metadata,12,0.024291497975708502
317,voter,TRUE,TRUE,usable_partial,133,0.2692307692307692
318,abstention,FALSE,FALSE,no_determinants,28,0.05533596837944664
318,abstention,FALSE,FALSE,suspicious_determinants,1,0.001976284584980237
318,abstention,FALSE,FALSE,too_many_missing_determinants,2,0.003952569169960474
318,abstention,TRUE,TRUE,usable_complete,400,0.7905138339920948
318,abstention,TRUE,TRUE,usable_complete_limited_metadata,19,0.037549407114624504
318,abstention,TRUE,TRUE,usable_partial,53,0.10474308300395258
318,abstention,TRUE,TRUE,usable_partial_limited_metadata,3,0.005928853754940711
318,voter,FALSE,FALSE,no_determinants,84,0.1700404858299595
318,voter,FALSE,FALSE,suspicious_determinants,1,0.0020242914979757085
318,voter,FALSE,FALSE,too_many_missing_determinants,29,0.058704453441295545
318,voter,TRUE,TRUE,usable_complete,247,0.5
318,voter,TRUE,TRUE,usable_complete_limited_metadata,3,0.006072874493927126
318,voter,TRUE,TRUE,usable_partial,128,0.2591093117408907
318,voter,TRUE,TRUE,usable_partial_limited_metadata,2,0.004048582995951417
319,abstention,FALSE,FALSE,no_determinants,24,0.04743083003952569
319,abstention,FALSE,FALSE,too_many_missing_determinants,1,0.001976284584980237
319,abstention,TRUE,TRUE,usable_complete,412,0.8142292490118577
319,abstention,TRUE,TRUE,usable_complete_limited_metadata,15,0.029644268774703556
319,abstention,TRUE,TRUE,usable_partial,52,0.10276679841897234
319,abstention,TRUE,TRUE,usable_partial_limited_metadata,2,0.003952569169960474
319,voter,FALSE,FALSE,no_determinants,79,0.15991902834008098
319,voter,FALSE,FALSE,suspicious_determinants,2,0.004048582995951417
319,voter,FALSE,FALSE,too_many_missing_determinants,19,0.038461538461538464
319,voter,TRUE,TRUE,usable_complete,257,0.520242914979757
319,voter,TRUE,TRUE,usable_complete_limited_metadata,7,0.01417004048582996
319,voter,TRUE,TRUE,usable_partial,128,0.2591093117408907
319,voter,TRUE,TRUE,usable_partial_limited_metadata,2,0.004048582995951417
320,abstention,FALSE,FALSE,no_determinants,31,0.06126482213438735
320,abstention,FALSE,FALSE,suspicious_determinants,1,0.001976284584980237
320,abstention,FALSE,FALSE,too_many_missing_determinants,8,0.015810276679841896
320,abstention,TRUE,TRUE,usable_complete,389,0.7687747035573123
320,abstention,TRUE,TRUE,usable_complete_limited_metadata,20,0.039525691699604744
320,abstention,TRUE,TRUE,usable_partial,51,0.1007905138339921
320,abstention,TRUE,TRUE,usable_partial_limited_metadata,6,0.011857707509881422
320,voter,FALSE,FALSE,no_determinants,87,0.17611336032388664
320,voter,FALSE,FALSE,suspicious_determinants,3,0.006072874493927126
320,voter,FALSE,FALSE,too_many_missing_determinants,30,0.06072874493927125
320,voter,TRUE,TRUE,usable_complete,247,0.5
320,voter,TRUE,TRUE,usable_complete_limited_metadata,6,0.012145748987854251
320,voter,TRUE,TRUE,usable_partial,118,0.2388663967611336
320,voter,TRUE,TRUE,usable_partial_limited_metadata,3,0.006072874493927126
321,abstention,FALSE,FALSE,no_determinants,33,0.06521739130434782
321,abstention,FALSE,FALSE,suspicious_determinants,1,0.001976284584980237
321,abstention,FALSE,FALSE,too_many_missing_determinants,3,0.005928853754940711
321,abstention,TRUE,TRUE,usable_complete,395,0.7806324110671937
321,abstention,TRUE,TRUE,usable_complete_limited_metadata,20,0.039525691699604744
321,abstention,TRUE,TRUE,usable_partial,49,0.09683794466403162
321,abstention,TRUE,TRUE,usable_partial_limited_metadata,5,0.009881422924901186
321,voter,FALSE,FALSE,no_determinants,75,0.15182186234817813
321,voter,FALSE,FALSE,suspicious_determinants,4,0.008097165991902834
321,voter,FALSE,FALSE,too_many_missing_determinants,23,0.0465587044534413
321,voter,TRUE,TRUE,usable_complete,261,0.52834008097166
321,voter,TRUE,TRUE,usable_complete_limited_metadata,4,0.008097165991902834
321,voter,TRUE,TRUE,usable_partial,126,0.2550607287449393
321,voter,TRUE,TRUE,usable_partial_limited_metadata,1,0.0020242914979757085
322,abstention,FALSE,FALSE,no_determinants,25,0.04940711462450593
322,abstention,FALSE,FALSE,suspicious_determinants,2,0.003952569169960474
322,abstention,FALSE,FALSE,too_many_missing_determinants,4,0.007905138339920948
322,abstention,TRUE,TRUE,usable_complete,410,0.8102766798418972
322,abstention,TRUE,TRUE,usable_complete_limited_metadata,19,0.037549407114624504
322,abstention,TRUE,TRUE,usable_partial,41,0.08102766798418973
322,abstention,TRUE,TRUE,usable_partial_limited_metadata,5,0.009881422924901186
322,voter,FALSE,FALSE,no_determinants,77,0.15587044534412955
322,voter,FALSE,FALSE,suspicious_determinants,2,0.004048582995951417
322,voter,FALSE,FALSE,too_many_missing_determinants,25,0.05060728744939271
322,voter,TRUE,TRUE,usable_complete,245,0.4959514170040486
322,voter,TRUE,TRUE,usable_complete_limited_metadata,7,0.01417004048582996
322,voter,TRUE,TRUE,usable_partial,136,0.27530364372469635
322,voter,TRUE,TRUE,usable_partial_limited_metadata,2,0.004048582995951417
323,abstention,FALSE,FALSE,no_determinants,40,0.07905138339920949
323,abstention,FALSE,FALSE,suspicious_determinants,1,0.001976284584980237
323,abstention,FALSE,FALSE,too_many_missing_determinants,2,0.003952569169960474
323,abstention,TRUE,TRUE,usable_complete,385,0.7608695652173914
323,abstention,TRUE,TRUE,usable_complete_limited_metadata,21,0.041501976284584984
323,abstention,TRUE,TRUE,usable_partial,53,0.10474308300395258
323,abstention,TRUE,TRUE,usable_partial_limited_metadata,4,0.007905138339920948
323,voter,FALSE,FALSE,no_determinants,87,0.17611336032388664
323,voter,FALSE,FALSE,suspicious_determinants,5,0.010121457489878543
323,voter,FALSE,FALSE,too_many_missing_determinants,31,0.06275303643724696
323,voter,TRUE,TRUE,usable_complete,251,0.5080971659919028
323,voter,TRUE,TRUE,usable_complete_limited_metadata,7,0.01417004048582996
323,voter,TRUE,TRUE,usable_partial,113,0.22874493927125505
324,abstention,FALSE,FALSE,no_determinants,36,0.07114624505928854
324,abstention,FALSE,FALSE,suspicious_determinants,1,0.001976284584980237
324,abstention,FALSE,FALSE,too_many_missing_determinants,7,0.01383399209486166
324,abstention,TRUE,TRUE,usable_complete,402,0.7944664031620553
324,abstention,TRUE,TRUE,usable_complete_limited_metadata,14,0.02766798418972332
324,abstention,TRUE,TRUE,usable_partial,42,0.08300395256916997
324,abstention,TRUE,TRUE,usable_partial_limited_metadata,4,0.007905138339920948
324,voter,FALSE,FALSE,no_determinants,75,0.15182186234817813
324,voter,FALSE,FALSE,suspicious_determinants,3,0.006072874493927126
324,voter,FALSE,FALSE,too_many_missing_determinants,29,0.058704453441295545
324,voter,TRUE,TRUE,usable_complete,263,0.5323886639676113
324,voter,TRUE,TRUE,usable_complete_limited_metadata,8,0.016194331983805668
324,voter,TRUE,TRUE,usable_partial,116,0.23481781376518218
325,abstention,FALSE,FALSE,no_determinants,42,0.08300395256916997
325,abstention,FALSE,FALSE,suspicious_determinants,1,0.001976284584980237
325,abstention,FALSE,FALSE,too_many_missing_determinants,3,0.005928853754940711
325,abstention,TRUE,TRUE,usable_complete,387,0.7648221343873518
325,abstention,TRUE,TRUE,usable_complete_limited_metadata,17,0.03359683794466403
325,abstention,TRUE,TRUE,usable_partial,55,0.10869565217391304
325,abstention,TRUE,TRUE,usable_partial_limited_metadata,1,0.001976284584980237
325,voter,FALSE,FALSE,no_determinants,89,0.18016194331983806
325,voter,FALSE,FALSE,suspicious_determinants,2,0.004048582995951417
325,voter,FALSE,FALSE,too_many_missing_determinants,25,0.05060728744939271
325,voter,TRUE,TRUE,usable_complete,241,0.48785425101214575
325,voter,TRUE,TRUE,usable_complete_limited_metadata,7,0.01417004048582996
325,voter,TRUE,TRUE,usable_partial,129,0.2611336032388664
325,voter,TRUE,TRUE,usable_partial_limited_metadata,1,0.0020242914979757085
326,abstention,FALSE,FALSE,no_determinants,33,0.06521739130434782
326,abstention,FALSE,FALSE,suspicious_determinants,2,0.003952569169960474
326,abstention,FALSE,FALSE,too_many_missing_determinants,2,0.003952569169960474
326,abstention,TRUE,TRUE,usable_complete,392,0.7747035573122529
326,abstention,TRUE,TRUE,usable_complete_limited_metadata,23,0.045454545454545456
326,abstention,TRUE,TRUE,usable_partial,50,0.09881422924901186
326,abstention,TRUE,TRUE,usable_partial_limited_metadata,4,0.007905138339920948
326,voter,FALSE,FALSE,no_determinants,84,0.1700404858299595
326,voter,FALSE,FALSE,suspicious_determinants,2,0.004048582995951417
326,voter,FALSE,FALSE,too_many_missing_determinants,29,0.058704453441295545
326,voter,TRUE,TRUE,usable_complete,244,0.4939271255060729
326,voter,TRUE,TRUE,usable_complete_limited_metadata,7,0.01417004048582996
326,voter,TRUE,TRUE,usable_partial,128,0.2591093117408907
327,abstention,FALSE,FALSE,no_determinants,34,0.06719367588932806
327,abstention,FALSE,FALSE,suspicious_determinants,2,0.003952569169960474
327,abstention,FALSE,FALSE,too_many_missing_determinants,3,0.005928853754940711
327,abstention,TRUE,TRUE,usable_complete,418,0.8260869565217391
327,abstention,TRUE,TRUE,usable_complete_limited_metadata,15,0.029644268774703556
327,abstention,TRUE,TRUE,usable_partial,33,0.06521739130434782
327,abstention,TRUE,TRUE,usable_partial_limited_metadata,1,0.001976284584980237
327,voter,FALSE,FALSE,no_determinants,87,0.17611336032388664
327,voter,FALSE,FALSE,suspicious_determinants,3,0.006072874493927126
327,voter,FALSE,FALSE,too_many_missing_determinants,28,0.05668016194331984
327,voter,TRUE,TRUE,usable_complete,242,0.4898785425101215
327,voter,TRUE,TRUE,usable_complete_limited_metadata,9,0.018218623481781375
327,voter,TRUE,TRUE,usable_partial,125,0.25303643724696356
328,abstention,FALSE,FALSE,no_determinants,42,0.08300395256916997
328,abstention,FALSE,FALSE,suspicious_determinants,2,0.003952569169960474
328,abstention,FALSE,FALSE,too_many_missing_determinants,5,0.009881422924901186
328,abstention,TRUE,TRUE,usable_complete,392,0.7747035573122529
328,abstention,TRUE,TRUE,usable_complete_limited_metadata,15,0.029644268774703556
328,abstention,TRUE,TRUE,usable_partial,49,0.09683794466403162
328,abstention,TRUE,TRUE,usable_partial_limited_metadata,1,0.001976284584980237
328,voter,FALSE,FALSE,no_determinants,87,0.17611336032388664
328,voter,FALSE,FALSE,suspicious_determinants,5,0.010121457489878543
328,voter,FALSE,FALSE,too_many_missing_determinants,24,0.048582995951417005
328,voter,TRUE,TRUE,usable_complete,258,0.5222672064777328
328,voter,TRUE,TRUE,usable_complete_limited_metadata,6,0.012145748987854251
328,voter,TRUE,TRUE,usable_partial,113,0.22874493927125505
328,voter,TRUE,TRUE,usable_partial_limited_metadata,1,0.0020242914979757085
329,abstention,FALSE,FALSE,no_determinants,19,0.037549407114624504
329,abstention,FALSE,FALSE,too_many_missing_determinants,2,0.003952569169960474
329,abstention,TRUE,TRUE,usable_complete,415,0.8201581027667985
329,abstention,TRUE,TRUE,usable_complete_limited_metadata,15,0.029644268774703556
329,abstention,TRUE,TRUE,usable_partial,53,0.10474308300395258
329,abstention,TRUE,TRUE,usable_partial_limited_metadata,2,0.003952569169960474
329,voter,FALSE,FALSE,no_determinants,71,0.1437246963562753
329,voter,FALSE,FALSE,suspicious_determinants,5,0.010121457489878543
329,voter,FALSE,FALSE,too_many_missing_determinants,23,0.0465587044534413
329,voter,TRUE,TRUE,usable_complete,255,0.5161943319838057
329,voter,TRUE,TRUE,usable_complete_limited_metadata,11,0.022267206477732792
329,voter,TRUE,TRUE,usable_partial,128,0.2591093117408907
329,voter,TRUE,TRUE,usable_partial_limited_metadata,1,0.0020242914979757085
330,abstention,FALSE,FALSE,no_determinants,28,0.05533596837944664
330,abstention,FALSE,FALSE,too_many_missing_determinants,1,0.001976284584980237
330,abstention,TRUE,TRUE,usable_complete,404,0.7984189723320159
330,abstention,TRUE,TRUE,usable_complete_limited_metadata,29,0.05731225296442688
330,abstention,TRUE,TRUE,usable_partial,44,0.08695652173913043
330,voter,FALSE,FALSE,no_determinants,73,0.14777327935222673
330,voter,FALSE,FALSE,suspicious_determinants,2,0.004048582995951417
330,voter,FALSE,FALSE,too_many_missing_determinants,23,0.0465587044534413
330,voter,TRUE,TRUE,usable_complete,253,0.5121457489878543
330,voter,TRUE,TRUE,usable_complete_limited_metadata,9,0.018218623481781375
330,voter,TRUE,TRUE,usable_partial,134,0.27125506072874495
331,abstention,FALSE,FALSE,no_determinants,41,0.08102766798418973
331,abstention,FALSE,FALSE,suspicious_determinants,1,0.001976284584980237
331,abstention,FALSE,FALSE,too_many_missing_determinants,4,0.007905138339920948
331,abstention,TRUE,TRUE,usable_complete,393,0.7766798418972332
331,abstention,TRUE,TRUE,usable_complete_limited_metadata,19,0.037549407114624504
331,abstention,TRUE,TRUE,usable_partial,46,0.09090909090909091
331,abstention,TRUE,TRUE,usable_partial_limited_metadata,2,0.003952569169960474
331,voter,FALSE,FALSE,no_determinants,74,0.14979757085020243
331,voter,FALSE,FALSE,suspicious_determinants,2,0.004048582995951417
331,voter,FALSE,FALSE,too_many_missing_determinants,32,0.06477732793522267
331,voter,TRUE,TRUE,usable_complete,257,0.520242914979757
331,voter,TRUE,TRUE,usable_complete_limited_metadata,5,0.010121457489878543
331,voter,TRUE,TRUE,usable_partial,124,0.25101214574898784
332,abstention,FALSE,FALSE,no_determinants,34,0.06719367588932806
332,abstention,FALSE,FALSE,suspicious_determinants,2,0.003952569169960474
332,abstention,FALSE,FALSE,too_many_missing_determinants,5,0.009881422924901186
332,abstention,TRUE,TRUE,usable_complete,398,0.7865612648221344
332,abstention,TRUE,TRUE,usable_complete_limited_metadata,19,0.037549407114624504
332,abstention,TRUE,TRUE,usable_partial,46,0.09090909090909091
332,abstention,TRUE,TRUE,usable_partial_limited_metadata,2,0.003952569169960474
332,voter,FALSE,FALSE,no_determinants,82,0.1659919028340081
332,voter,FALSE,FALSE,suspicious_determinants,7,0.01417004048582996
332,voter,FALSE,FALSE,too_many_missing_determinants,30,0.06072874493927125
332,voter,TRUE,TRUE,usable_complete,239,0.48380566801619435
332,voter,TRUE,TRUE,usable_complete_limited_metadata,6,0.012145748987854251
332,voter,TRUE,TRUE,usable_partial,130,0.2631578947368421
333,abstention,FALSE,FALSE,no_determinants,29,0.05731225296442688
333,abstention,FALSE,FALSE,too_many_missing_determinants,4,0.007905138339920948
333,abstention,TRUE,TRUE,usable_complete,405,0.8003952569169961
333,abstention,TRUE,TRUE,usable_complete_limited_metadata,23,0.045454545454545456
333,abstention,TRUE,TRUE,usable_partial,44,0.08695652173913043
333,abstention,TRUE,TRUE,usable_partial_limited_metadata,1,0.001976284584980237
333,voter,FALSE,FALSE,no_determinants,76,0.15384615384615385
333,voter,FALSE,FALSE,suspicious_determinants,4,0.008097165991902834
333,voter,FALSE,FALSE,too_many_missing_determinants,26,0.05263157894736842
333,voter,TRUE,TRUE,usable_complete,267,0.5404858299595142
333,voter,TRUE,TRUE,usable_complete_limited_metadata,7,0.01417004048582996
333,voter,TRUE,TRUE,usable_partial,114,0.23076923076923078
334,abstention,FALSE,FALSE,no_determinants,27,0.0533596837944664
334,abstention,FALSE,FALSE,suspicious_determinants,1,0.001976284584980237
334,abstention,FALSE,FALSE,too_many_missing_determinants,5,0.009881422924901186
334,abstention,TRUE,TRUE,usable_complete,407,0.8043478260869565
334,abstention,TRUE,TRUE,usable_complete_limited_metadata,16,0.03162055335968379
334,abstention,TRUE,TRUE,usable_partial,49,0.09683794466403162
334,abstention,TRUE,TRUE,usable_partial_limited_metadata,1,0.001976284584980237
334,voter,FALSE,FALSE,no_determinants,82,0.1659919028340081
334,voter,FALSE,FALSE,suspicious_determinants,2,0.004048582995951417
334,voter,FALSE,FALSE,too_many_missing_determinants,14,0.02834008097165992
334,voter,TRUE,TRUE,usable_complete,252,0.5101214574898786
334,voter,TRUE,TRUE,usable_complete_limited_metadata,4,0.008097165991902834
334,voter,TRUE,TRUE,usable_partial,139,0.2813765182186235
334,voter,TRUE,TRUE,usable_partial_limited_metadata,1,0.0020242914979757085
335,abstention,FALSE,FALSE,no_determinants,33,0.06521739130434782
335,abstention,FALSE,FALSE,suspicious_determinants,2,0.003952569169960474
335,abstention,FALSE,FALSE,too_many_missing_determinants,6,0.011857707509881422
335,abstention,TRUE,TRUE,usable_complete,382,0.7549407114624506
335,abstention,TRUE,TRUE,usable_complete_limited_metadata,26,0.05138339920948617
335,abstention,TRUE,TRUE,usable_partial,53,0.10474308300395258
335,abstention,TRUE,TRUE,usable_partial_limited_metadata,4,0.007905138339920948
335,voter,FALSE,FALSE,no_determinants,61,0.12348178137651822
335,voter,FALSE,FALSE,suspicious_determinants,4,0.008097165991902834
335,voter,FALSE,FALSE,too_many_missing_determinants,29,0.058704453441295545
335,voter,TRUE,TRUE,usable_complete,252,0.5101214574898786
335,voter,TRUE,TRUE,usable_complete_limited_metadata,9,0.018218623481781375
335,voter,TRUE,TRUE,usable_partial,138,0.2793522267206478
335,voter,TRUE,TRUE,usable_partial_limited_metadata,1,0.0020242914979757085
336,abstention,FALSE,FALSE,no_determinants,33,0.06521739130434782
336,abstention,FALSE,FALSE,suspicious_determinants,1,0.001976284584980237
336,abstention,FALSE,FALSE,too_many_missing_determinants,5,0.009881422924901186
336,abstention,TRUE,TRUE,usable_complete,403,0.7964426877470355
336,abstention,TRUE,TRUE,usable_complete_limited_metadata,17,0.03359683794466403
336,abstention,TRUE,TRUE,usable_partial,46,0.09090909090909091
336,abstention,TRUE,TRUE,usable_partial_limited_metadata,1,0.001976284584980237
336,voter,FALSE,FALSE,no_determinants,78,0.15789473684210525
336,voter,FALSE,FALSE,suspicious_determinants,2,0.004048582995951417
336,voter,FALSE,FALSE,too_many_missing_determinants,32,0.06477732793522267
336,voter,TRUE,TRUE,usable_complete,250,0.5060728744939271
336,voter,TRUE,TRUE,usable_complete_limited_metadata,8,0.016194331983805668
336,voter,TRUE,TRUE,usable_partial,124,0.25101214574898784
337,abstention,FALSE,FALSE,no_determinants,20,0.039525691699604744
337,abstention,FALSE,FALSE,suspicious_determinants,3,0.005928853754940711
337,abstention,FALSE,FALSE,too_many_missing_determinants,6,0.011857707509881422
337,abstention,TRUE,TRUE,usable_complete,414,0.8181818181818182
337,abstention,TRUE,TRUE,usable_complete_limited_metadata,23,0.045454545454545456
337,abstention,TRUE,TRUE,usable_partial,38,0.07509881422924901
337,abstention,TRUE,TRUE,usable_partial_limited_metadata,2,0.003952569169960474
337,voter,FALSE,FALSE,no_determinants,73,0.14777327935222673
337,voter,FALSE,FALSE,suspicious_determinants,4,0.008097165991902834
337,voter,FALSE,FALSE,too_many_missing_determinants,35,0.0708502024291498
337,voter,TRUE,TRUE,usable_complete,248,0.5020242914979757
337,voter,TRUE,TRUE,usable_complete_limited_metadata,5,0.010121457489878543
337,voter,TRUE,TRUE,usable_partial,128,0.2591093117408907
337,voter,TRUE,TRUE,usable_partial_limited_metadata,1,0.0020242914979757085
338,abstention,FALSE,FALSE,no_determinants,32,0.06324110671936758
338,abstention,FALSE,FALSE,suspicious_determinants,3,0.005928853754940711
338,abstention,FALSE,FALSE,too_many_missing_determinants,2,0.003952569169960474
338,abstention,TRUE,TRUE,usable_complete,404,0.7984189723320159
338,abstention,TRUE,TRUE,usable_complete_limited_metadata,12,0.023715415019762844
338,abstention,TRUE,TRUE,usable_partial,50,0.09881422924901186
338,abstention,TRUE,TRUE,usable_partial_limited_metadata,3,0.005928853754940711
338,voter,FALSE,FALSE,no_determinants,65,0.13157894736842105
338,voter,FALSE,FALSE,suspicious_determinants,2,0.004048582995951417
338,voter,FALSE,FALSE,too_many_missing_determinants,30,0.06072874493927125
338,voter,TRUE,TRUE,usable_complete,264,0.5344129554655871
338,voter,TRUE,TRUE,usable_complete_limited_metadata,4,0.008097165991902834
338,voter,TRUE,TRUE,usable_partial,127,0.25708502024291496
338,voter,TRUE,TRUE,usable_partial_limited_metadata,2,0.004048582995951417
339,abstention,FALSE,FALSE,no_determinants,24,0.04743083003952569
339,abstention,FALSE,FALSE,too_many_missing_determinants,6,0.011857707509881422
339,abstention,TRUE,TRUE,usable_complete,415,0.8201581027667985
339,abstention,TRUE,TRUE,usable_complete_limited_metadata,18,0.03557312252964427
339,abstention,TRUE,TRUE,usable_partial,40,0.07905138339920949
339,abstention,TRUE,TRUE,usable_partial_limited_metadata,3,0.005928853754940711
339,voter,FALSE,FALSE,no_determinants,91,0.18421052631578946
339,voter,FALSE,FALSE,suspicious_determinants,4,0.008097165991902834
339,voter,FALSE,FALSE,too_many_missing_determinants,38,0.07692307692307693
339,voter,TRUE,TRUE,usable_complete,241,0.48785425101214575
339,voter,TRUE,TRUE,usable_complete_limited_metadata,10,0.020242914979757085
339,voter,TRUE,TRUE,usable_partial,109,0.22064777327935223
339,voter,TRUE,TRUE,usable_partial_limited_metadata,1,0.0020242914979757085
340,abstention,FALSE,FALSE,no_determinants,33,0.06521739130434782
340,abstention,FALSE,FALSE,too_many_missing_determinants,3,0.005928853754940711
340,abstention,TRUE,TRUE,usable_complete,401,0.7924901185770751
340,abstention,TRUE,TRUE,usable_complete_limited_metadata,25,0.04940711462450593
340,abstention,TRUE,TRUE,usable_partial,43,0.08498023715415019
340,abstention,TRUE,TRUE,usable_partial_limited_metadata,1,0.001976284584980237
340,voter,FALSE,FALSE,no_determinants,89,0.18016194331983806
340,voter,FALSE,FALSE,suspicious_determinants,4,0.008097165991902834
340,voter,FALSE,FALSE,too_many_missing_determinants,29,0.058704453441295545
340,voter,TRUE,TRUE,usable_complete,246,0.4979757085020243
340,voter,TRUE,TRUE,usable_complete_limited_metadata,9,0.018218623481781375
340,voter,TRUE,TRUE,usable_partial,117,0.23684210526315788
341,abstention,FALSE,FALSE,no_determinants,25,0.04940711462450593
341,abstention,FALSE,FALSE,too_many_missing_determinants,4,0.007905138339920948
341,abstention,TRUE,TRUE,usable_complete,404,0.7984189723320159
341,abstention,TRUE,TRUE,usable_complete_limited_metadata,20,0.039525691699604744
341,abstention,TRUE,TRUE,usable_partial,52,0.10276679841897234
341,abstention,TRUE,TRUE,usable_partial_limited_metadata,1,0.001976284584980237
341,voter,FALSE,FALSE,no_determinants,83,0.1680161943319838
341,voter,FALSE,FALSE,suspicious_determinants,3,0.006072874493927126
341,voter,FALSE,FALSE,too_many_missing_determinants,28,0.05668016194331984
341,voter,TRUE,TRUE,usable_complete,251,0.5080971659919028
341,voter,TRUE,TRUE,usable_complete_limited_metadata,8,0.016194331983805668
341,voter,TRUE,TRUE,usable_partial,121,0.24493927125506074
342,abstention,FALSE,FALSE,no_determinants,26,0.05138339920948617
342,abstention,FALSE,FALSE,too_many_missing_determinants,3,0.005928853754940711
342,abstention,TRUE,TRUE,usable_complete,403,0.7964426877470355
342,abstention,TRUE,TRUE,usable_complete_limited_metadata,24,0.04743083003952569
342,abstention,TRUE,TRUE,usable_partial,49,0.09683794466403162
342,abstention,TRUE,TRUE,usable_partial_limited_metadata,1,0.001976284584980237
342,voter,FALSE,FALSE,no_determinants,81,0.16396761133603238
342,voter,FALSE,FALSE,suspicious_determinants,3,0.006072874493927126
342,voter,FALSE,FALSE,too_many_missing_determinants,31,0.06275303643724696
342,voter,TRUE,TRUE,usable_complete,247,0.5
342,voter,TRUE,TRUE,usable_complete_limited_metadata,6,0.012145748987854251
342,voter,TRUE,TRUE,usable_partial,124,0.25101214574898784
342,voter,TRUE,TRUE,usable_partial_limited_metadata,2,0.004048582995951417
343,abstention,FALSE,FALSE,no_determinants,29,0.05731225296442688
343,abstention,FALSE,FALSE,suspicious_determinants,3,0.005928853754940711
343,abstention,FALSE,FALSE,too_many_missing_determinants,8,0.015810276679841896
343,abstention,TRUE,TRUE,usable_complete,391,0.7727272727272727
343,abstention,TRUE,TRUE,usable_complete_limited_metadata,18,0.03557312252964427
343,abstention,TRUE,TRUE,usable_partial,54,0.1067193675889328
343,abstention,TRUE,TRUE,usable_partial_limited_metadata,3,0.005928853754940711
343,voter,FALSE,FALSE,no_determinants,81,0.16396761133603238
343,voter,FALSE,FALSE,suspicious_determinants,6,0.012145748987854251
343,voter,FALSE,FALSE,too_many_missing_determinants,28,0.05668016194331984
343,voter,TRUE,TRUE,usable_complete,257,0.520242914979757
343,voter,TRUE,TRUE,usable_complete_limited_metadata,4,0.008097165991902834
343,voter,TRUE,TRUE,usable_partial,117,0.23684210526315788
343,voter,TRUE,TRUE,usable_partial_limited_metadata,1,0.0020242914979757085
344,abstention,FALSE,FALSE,no_determinants,35,0.0691699604743083
344,abstention,FALSE,FALSE,suspicious_determinants,1,0.001976284584980237
344,abstention,FALSE,FALSE,too_many_missing_determinants,5,0.009881422924901186
344,abstention,TRUE,TRUE,usable_complete,404,0.7984189723320159
344,abstention,TRUE,TRUE,usable_complete_limited_metadata,14,0.02766798418972332
344,abstention,TRUE,TRUE,usable_partial,44,0.08695652173913043
344,abstention,TRUE,TRUE,usable_partial_limited_metadata,3,0.005928853754940711
344,voter,FALSE,FALSE,no_determinants,89,0.18016194331983806
344,voter,FALSE,FALSE,suspicious_determinants,3,0.006072874493927126
344,voter,FALSE,FALSE,too_many_missing_determinants,26,0.05263157894736842
344,voter,TRUE,TRUE,usable_complete,248,0.5020242914979757
344,voter,TRUE,TRUE,usable_complete_limited_metadata,5,0.010121457489878543
344,voter,TRUE,TRUE,usable_partial,123,0.24898785425101214
345,abstention,FALSE,FALSE,no_determinants,31,0.06126482213438735
345,abstention,FALSE,FALSE,suspicious_determinants,2,0.003952569169960474
345,abstention,FALSE,FALSE,too_many_missing_determinants,6,0.011857707509881422
345,abstention,TRUE,TRUE,usable_complete,401,0.7924901185770751
345,abstention,TRUE,TRUE,usable_complete_limited_metadata,24,0.04743083003952569
345,abstention,TRUE,TRUE,usable_partial,40,0.07905138339920949
345,abstention,TRUE,TRUE,usable_partial_limited_metadata,2,0.003952569169960474
345,voter,FALSE,FALSE,no_determinants,88,0.17813765182186234
345,voter,FALSE,FALSE,suspicious_determinants,1,0.0020242914979757085
345,voter,FALSE,FALSE,too_many_missing_determinants,27,0.05465587044534413
345,voter,TRUE,TRUE,usable_complete,246,0.4979757085020243
345,voter,TRUE,TRUE,usable_complete_limited_metadata,7,0.01417004048582996
345,voter,TRUE,TRUE,usable_partial,123,0.24898785425101214
345,voter,TRUE,TRUE,usable_partial_limited_metadata,2,0.004048582995951417
346,abstention,FALSE,FALSE,no_determinants,35,0.0691699604743083
346,abstention,FALSE,FALSE,suspicious_determinants,1,0.001976284584980237
346,abstention,FALSE,FALSE,too_many_missing_determinants,2,0.003952569169960474
346,abstention,TRUE,TRUE,usable_complete,394,0.7786561264822134
346,abstention,TRUE,TRUE,usable_complete_limited_metadata,23,0.045454545454545456
346,abstention,TRUE,TRUE,usable_partial,49,0.09683794466403162
346,abstention,TRUE,TRUE,usable_partial_limited_metadata,2,0.003952569169960474
346,voter,FALSE,FALSE,no_determinants,67,0.13562753036437247
346,voter,FALSE,FALSE,suspicious_determinants,3,0.006072874493927126
346,voter,FALSE,FALSE,too_many_missing_determinants,27,0.05465587044534413
346,voter,TRUE,TRUE,usable_complete,248,0.5020242914979757
346,voter,TRUE,TRUE,usable_complete_limited_metadata,5,0.010121457489878543
346,voter,TRUE,TRUE,usable_partial,143,0.2894736842105263
346,voter,TRUE,TRUE,usable_partial_limited_metadata,1,0.0020242914979757085
347,abstention,FALSE,FALSE,no_determinants,25,0.04940711462450593
347,abstention,FALSE,FALSE,too_many_missing_determinants,2,0.003952569169960474
347,abstention,TRUE,TRUE,usable_complete,411,0.8122529644268774
347,abstention,TRUE,TRUE,usable_complete_limited_metadata,19,0.037549407114624504
347,abstention,TRUE,TRUE,usable_partial,49,0.09683794466403162
347,voter,FALSE,FALSE,no_determinants,73,0.14777327935222673
347,voter,FALSE,FALSE,suspicious_determinants,3,0.006072874493927126
347,voter,FALSE,FALSE,too_many_missing_determinants,29,0.058704453441295545
347,voter,TRUE,TRUE,usable_complete,257,0.520242914979757
347,voter,TRUE,TRUE,usable_complete_limited_metadata,4,0.008097165991902834
347,voter,TRUE,TRUE,usable_partial,128,0.2591093117408907
348,abstention,FALSE,FALSE,no_determinants,26,0.05138339920948617
348,abstention,FALSE,FALSE,suspicious_determinants,1,0.001976284584980237
348,abstention,FALSE,FALSE,too_many_missing_determinants,4,0.007905138339920948
348,abstention,TRUE,TRUE,usable_complete,402,0.7944664031620553
348,abstention,TRUE,TRUE,usable_complete_limited_metadata,17,0.03359683794466403
348,abstention,TRUE,TRUE,usable_partial,52,0.10276679841897234
348,abstention,TRUE,TRUE,usable_partial_limited_metadata,4,0.007905138339920948
348,voter,FALSE,FALSE,no_determinants,76,0.15384615384615385
348,voter,FALSE,FALSE,suspicious_determinants,4,0.008097165991902834
348,voter,FALSE,FALSE,too_many_missing_determinants,29,0.058704453441295545
348,voter,TRUE,TRUE,usable_complete,257,0.520242914979757
348,voter,TRUE,TRUE,usable_complete_limited_metadata,7,0.01417004048582996
348,voter,TRUE,TRUE,usable_partial,119,0.2408906882591093
348,voter,TRUE,TRUE,usable_partial_limited_metadata,2,0.004048582995951417
349,abstention,FALSE,FALSE,no_determinants,32,0.06324110671936758
349,abstention,FALSE,FALSE,suspicious_determinants,1,0.001976284584980237
349,abstention,FALSE,FALSE,too_many_missing_determinants,7,0.01383399209486166
349,abstention,TRUE,TRUE,usable_complete,382,0.7549407114624506
349,abstention,TRUE,TRUE,usable_complete_limited_metadata,20,0.039525691699604744
349,abstention,TRUE,TRUE,usable_partial,60,0.11857707509881422
349,abstention,TRUE,TRUE,usable_partial_limited_metadata,4,0.007905138339920948
349,voter,FALSE,FALSE,no_determinants,75,0.15182186234817813
349,voter,FALSE,FALSE,suspicious_determinants,3,0.006072874493927126
349,voter,FALSE,FALSE,too_many_missing_determinants,26,0.05263157894736842
349,voter,TRUE,TRUE,usable_complete,268,0.5425101214574899
349,voter,TRUE,TRUE,usable_complete_limited_metadata,7,0.01417004048582996
349,voter,TRUE,TRUE,usable_partial,114,0.23076923076923078
349,voter,TRUE,TRUE,usable_partial_limited_metadata,1,0.0020242914979757085
350,abstention,FALSE,FALSE,no_determinants,26,0.05138339920948617
350,abstention,FALSE,FALSE,suspicious_determinants,1,0.001976284584980237
350,abstention,FALSE,FALSE,too_many_missing_determinants,4,0.007905138339920948
350,abstention,TRUE,TRUE,usable_complete,414,0.8181818181818182
350,abstention,TRUE,TRUE,usable_complete_limited_metadata,14,0.02766798418972332
350,abstention,TRUE,TRUE,usable_partial,44,0.08695652173913043
350,abstention,TRUE,TRUE,usable_partial_limited_metadata,3,0.005928853754940711
350,voter,FALSE,FALSE,no_determinants,70,0.1417004048582996
350,voter,FALSE,FALSE,suspicious_determinants,2,0.004048582995951417
350,voter,FALSE,FALSE,too_many_missing_determinants,28,0.05668016194331984
350,voter,TRUE,TRUE,usable_complete,257,0.520242914979757
350,voter,TRUE,TRUE,usable_complete_limited_metadata,8,0.016194331983805668
350,voter,TRUE,TRUE,usable_partial,128,0.2591093117408907
350,voter,TRUE,TRUE,usable_partial_limited_metadata,1,0.0020242914979757085
351,abstention,FALSE,FALSE,no_determinants,33,0.06521739130434782
351,abstention,FALSE,FALSE,suspicious_determinants,2,0.003952569169960474
351,abstention,FALSE,FALSE,too_many_missing_determinants,4,0.007905138339920948
351,abstention,TRUE,TRUE,usable_complete,410,0.8102766798418972
351,abstention,TRUE,TRUE,usable_complete_limited_metadata,18,0.03557312252964427
351,abstention,TRUE,TRUE,usable_partial,39,0.07707509881422925
351,voter,FALSE,FALSE,no_determinants,70,0.1417004048582996
351,voter,FALSE,FALSE,suspicious_determinants,3,0.006072874493927126
351,voter,FALSE,FALSE,too_many_missing_determinants,31,0.06275303643724696
351,voter,TRUE,TRUE,usable_complete,254,0.5141700404858299
351,voter,TRUE,TRUE,usable_complete_limited_metadata,6,0.012145748987854251
351,voter,TRUE,TRUE,usable_partial,129,0.2611336032388664
351,voter,TRUE,TRUE,usable_partial_limited_metadata,1,0.0020242914979757085
352,abstention,FALSE,FALSE,no_determinants,24,0.04743083003952569
352,abstention,FALSE,FALSE,too_many_missing_determinants,5,0.009881422924901186
352,abstention,TRUE,TRUE,usable_complete,418,0.8260869565217391
352,abstention,TRUE,TRUE,usable_complete_limited_metadata,25,0.04940711462450593
352,abstention,TRUE,TRUE,usable_partial,32,0.06324110671936758
352,abstention,TRUE,TRUE,usable_partial_limited_metadata,2,0.003952569169960474
352,voter,FALSE,FALSE,no_determinants,78,0.15789473684210525
352,voter,FALSE,FALSE,suspicious_determinants,1,0.0020242914979757085
352,voter,FALSE,FALSE,too_many_missing_determinants,25,0.05060728744939271
352,voter,TRUE,TRUE,usable_complete,258,0.5222672064777328
352,voter,TRUE,TRUE,usable_complete_limited_metadata,5,0.010121457489878543
352,voter,TRUE,TRUE,usable_partial,127,0.25708502024291496
353,abstention,FALSE,FALSE,no_determinants,28,0.05533596837944664
353,abstention,FALSE,FALSE,too_many_missing_determinants,6,0.011857707509881422
353,abstention,TRUE,TRUE,usable_complete,396,0.782608695652174
353,abstention,TRUE,TRUE,usable_complete_limited_metadata,10,0.019762845849802372
353,abstention,TRUE,TRUE,usable_partial,65,0.12845849802371542
353,abstention,TRUE,TRUE,usable_partial_limited_metadata,1,0.001976284584980237
353,voter,FALSE,FALSE,no_determinants,71,0.1437246963562753
353,voter,FALSE,FALSE,suspicious_determinants,5,0.010121457489878543
353,voter,FALSE,FALSE,too_many_missing_determinants,27,0.05465587044534413
353,voter,TRUE,TRUE,usable_complete,241,0.48785425101214575
353,voter,TRUE,TRUE,usable_complete_limited_metadata,5,0.010121457489878543
353,voter,TRUE,TRUE,usable_partial,145,0.2935222672064777
354,abstention,FALSE,FALSE,no_determinants,37,0.07312252964426877
354,abstention,FALSE,FALSE,suspicious_determinants,2,0.003952569169960474
354,abstention,FALSE,FALSE,too_many_missing_determinants,4,0.007905138339920948
354,abstention,TRUE,TRUE,usable_complete,413,0.8162055335968379
354,abstention,TRUE,TRUE,usable_complete_limited_metadata,15,0.029644268774703556
354,abstention,TRUE,TRUE,usable_partial,32,0.06324110671936758
354,abstention,TRUE,TRUE,usable_partial_limited_metadata,3,0.005928853754940711
354,voter,FALSE,FALSE,no_determinants,83,0.1680161943319838
354,voter,FALSE,FALSE,suspicious_determinants,6,0.012145748987854251
354,voter,FALSE,FALSE,too_many_missing_determinants,38,0.07692307692307693
354,voter,TRUE,TRUE,usable_complete,232,0.46963562753036436
354,voter,TRUE,TRUE,usable_complete_limited_metadata,7,0.01417004048582996
354,voter,TRUE,TRUE,usable_partial,128,0.2591093117408907
355,abstention,FALSE,FALSE,no_determinants,24,0.04743083003952569
355,abstention,FALSE,FALSE,suspicious_determinants,2,0.003952569169960474
355,abstention,FALSE,FALSE,too_many_missing_determinants,2,0.003952569169960474
355,abstention,TRUE,TRUE,usable_complete,414,0.8181818181818182
355,abstention,TRUE,TRUE,usable_complete_limited_metadata,17,0.03359683794466403
355,abstention,TRUE,TRUE,usable_partial,41,0.08102766798418973
355,abstention,TRUE,TRUE,usable_partial_limited_metadata,6,0.011857707509881422
355,voter,FALSE,FALSE,no_determinants,78,0.15789473684210525
355,voter,FALSE,FALSE,suspicious_determinants,5,0.010121457489878543
355,voter,FALSE,FALSE,too_many_missing_determinants,25,0.05060728744939271
355,voter,TRUE,TRUE,usable_complete,246,0.4979757085020243
355,voter,TRUE,TRUE,usable_complete_limited_metadata,7,0.01417004048582996
355,voter,TRUE,TRUE,usable_partial,133,0.2692307692307692
356,abstention,FALSE,FALSE,no_determinants,42,0.08300395256916997
356,abstention,FALSE,FALSE,suspicious_determinants,2,0.003952569169960474
356,abstention,FALSE,FALSE,too_many_missing_determinants,6,0.011857707509881422
356,abstention,TRUE,TRUE,usable_complete,399,0.7885375494071146
356,abstention,TRUE,TRUE,usable_complete_limited_metadata,16,0.03162055335968379
356,abstention,TRUE,TRUE,usable_partial,41,0.08102766798418973
356,voter,FALSE,FALSE,no_determinants,89,0.18016194331983806
356,voter,FALSE,FALSE,suspicious_determinants,3,0.006072874493927126
356,voter,FALSE,FALSE,too_many_missing_determinants,29,0.058704453441295545
356,voter,TRUE,TRUE,usable_complete,232,0.46963562753036436
356,voter,TRUE,TRUE,usable_complete_limited_metadata,4,0.008097165991902834
356,voter,TRUE,TRUE,usable_partial,137,0.2773279352226721
357,abstention,FALSE,FALSE,no_determinants,28,0.05533596837944664
357,abstention,FALSE,FALSE,suspicious_determinants,1,0.001976284584980237
357,abstention,FALSE,FALSE,too_many_missing_determinants,4,0.007905138339920948
357,abstention,TRUE,TRUE,usable_complete,396,0.782608695652174
357,abstention,TRUE,TRUE,usable_complete_limited_metadata,28,0.05533596837944664
357,abstention,TRUE,TRUE,usable_partial,45,0.08893280632411067
357,abstention,TRUE,TRUE,usable_partial_limited_metadata,4,0.007905138339920948
357,voter,FALSE,FALSE,no_determinants,69,0.1396761133603239
357,voter,FALSE,FALSE,suspicious_determinants,5,0.010121457489878543
357,voter,FALSE,FALSE,too_many_missing_determinants,29,0.058704453441295545
357,voter,TRUE,TRUE,usable_complete,256,0.5182186234817814
357,voter,TRUE,TRUE,usable_complete_limited_metadata,5,0.010121457489878543
357,voter,TRUE,TRUE,usable_partial,128,0.2591093117408907
357,voter,TRUE,TRUE,usable_partial_limited_metadata,2,0.004048582995951417
358,abstention,FALSE,FALSE,no_determinants,30,0.05928853754940711
358,abstention,FALSE,FALSE,suspicious_determinants,2,0.003952569169960474
358,abstention,FALSE,FALSE,too_many_missing_determinants,3,0.005928853754940711
358,abstention,TRUE,TRUE,usable_complete,397,0.7845849802371542
358,abstention,TRUE,TRUE,usable_complete_limited_metadata,17,0.03359683794466403
358,abstention,TRUE,TRUE,usable_partial,53,0.10474308300395258
358,abstention,TRUE,TRUE,usable_partial_limited_metadata,4,0.007905138339920948
358,voter,FALSE,FALSE,no_determinants,84,0.1700404858299595
358,voter,FALSE,FALSE,suspicious_determinants,1,0.0020242914979757085
358,voter,FALSE,FALSE,too_many_missing_determinants,24,0.048582995951417005
358,voter,TRUE,TRUE,usable_complete,249,0.5040485829959515
358,voter,TRUE,TRUE,usable_complete_limited_metadata,3,0.006072874493927126
358,voter,TRUE,TRUE,usable_partial,132,0.26720647773279355
358,voter,TRUE,TRUE,usable_partial_limited_metadata,1,0.0020242914979757085
359,abstention,FALSE,FALSE,no_determinants,36,0.07114624505928854
359,abstention,FALSE,FALSE,too_many_missing_determinants,6,0.011857707509881422
359,abstention,TRUE,TRUE,usable_complete,389,0.7687747035573123
359,abstention,TRUE,TRUE,usable_complete_limited_metadata,16,0.03162055335968379
359,abstention,TRUE,TRUE,usable_partial,57,0.11264822134387352
359,abstention,TRUE,TRUE,usable_partial_limited_metadata,2,0.003952569169960474
359,voter,FALSE,FALSE,no_determinants,69,0.1396761133603239
359,voter,FALSE,FALSE,suspicious_determinants,5,0.010121457489878543
359,voter,FALSE,FALSE,too_many_missing_determinants,38,0.07692307692307693
359,voter,TRUE,TRUE,usable_complete,268,0.5425101214574899
359,voter,TRUE,TRUE,usable_complete_limited_metadata,8,0.016194331983805668
359,voter,TRUE,TRUE,usable_partial,106,0.2145748987854251
360,abstention,FALSE,FALSE,no_determinants,36,0.07114624505928854
360,abstention,FALSE,FALSE,suspicious_determinants,2,0.003952569169960474
360,abstention,FALSE,FALSE,too_many_missing_determinants,6,0.011857707509881422
360,abstention,TRUE,TRUE,usable_complete,387,0.7648221343873518
360,abstention,TRUE,TRUE,usable_complete_limited_metadata,27,0.0533596837944664
360,abstention,TRUE,TRUE,usable_partial,46,0.09090909090909091
360,abstention,TRUE,TRUE,usable_partial_limited_metadata,2,0.003952569169960474
360,voter,FALSE,FALSE,no_determinants,68,0.13765182186234817
360,voter,FALSE,FALSE,suspicious_determinants,6,0.012145748987854251
360,voter,FALSE,FALSE,too_many_missing_determinants,26,0.05263157894736842
360,voter,TRUE,TRUE,usable_complete,259,0.5242914979757085
360,voter,TRUE,TRUE,usable_complete_limited_metadata,12,0.024291497975708502
360,voter,TRUE,TRUE,usable_partial,123,0.24898785425101214
361,abstention,FALSE,FALSE,no_determinants,34,0.06719367588932806
361,abstention,FALSE,FALSE,too_many_missing_determinants,9,0.017786561264822136
361,abstention,TRUE,TRUE,usable_complete,395,0.7806324110671937
361,abstention,TRUE,TRUE,usable_complete_limited_metadata,19,0.037549407114624504
361,abstention,TRUE,TRUE,usable_partial,45,0.08893280632411067
361,abstention,TRUE,TRUE,usable_partial_limited_metadata,4,0.007905138339920948
361,voter,FALSE,FALSE,no_determinants,76,0.15384615384615385
361,voter,FALSE,FALSE,suspicious_determinants,3,0.006072874493927126
361,voter,FALSE,FALSE,too_many_missing_determinants,41,0.08299595141700405
361,voter,TRUE,TRUE,usable_complete,258,0.5222672064777328
361,voter,TRUE,TRUE,usable_complete_limited_metadata,3,0.006072874493927126
361,voter,TRUE,TRUE,usable_partial,112,0.22672064777327935
361,voter,TRUE,TRUE,usable_partial_limited_metadata,1,0.0020242914979757085
362,abstention,FALSE,FALSE,no_determinants,33,0.06521739130434782
362,abstention,FALSE,FALSE,too_many_missing_determinants,9,0.017786561264822136
362,abstention,TRUE,TRUE,usable_complete,388,0.766798418972332
362,abstention,TRUE,TRUE,usable_complete_limited_metadata,18,0.03557312252964427
362,abstention,TRUE,TRUE,usable_partial,51,0.1007905138339921
362,abstention,TRUE,TRUE,usable_partial_limited_metadata,7,0.01383399209486166
362,voter,FALSE,FALSE,no_determinants,79,0.15991902834008098
362,voter,FALSE,FALSE,suspicious_determinants,5,0.010121457489878543
362,voter,FALSE,FALSE,too_many_missing_determinants,21,0.04251012145748988
362,voter,TRUE,TRUE,usable_complete,259,0.5242914979757085
362,voter,TRUE,TRUE,usable_complete_limited_metadata,8,0.016194331983805668
362,voter,TRUE,TRUE,usable_partial,121,0.24493927125506074
362,voter,TRUE,TRUE,usable_partial_limited_metadata,1,0.0020242914979757085
363,abstention,FALSE,FALSE,no_determinants,24,0.04743083003952569
363,abstention,FALSE,FALSE,too_many_missing_determinants,4,0.007905138339920948
363,abstention,TRUE,TRUE,usable_complete,411,0.8122529644268774
363,abstention,TRUE,TRUE,usable_complete_limited_metadata,22,0.043478260869565216
363,abstention,TRUE,TRUE,usable_partial,43,0.08498023715415019
363,abstention,TRUE,TRUE,usable_partial_limited_metadata,2,0.003952569169960474
363,voter,FALSE,FALSE,no_determinants,63,0.12753036437246965
363,voter,FALSE,FALSE,suspicious_determinants,4,0.008097165991902834
363,voter,FALSE,FALSE,too_many_missing_determinants,22,0.044534412955465584
363,voter,TRUE,TRUE,usable_complete,266,0.5384615384615384
363,voter,TRUE,TRUE,usable_complete_limited_metadata,8,0.016194331983805668
363,voter,TRUE,TRUE,usable_partial,130,0.2631578947368421
363,voter,TRUE,TRUE,usable_partial_limited_metadata,1,0.0020242914979757085
364,abstention,FALSE,FALSE,no_determinants,32,0.06324110671936758
364,abstention,FALSE,FALSE,too_many_missing_determinants,4,0.007905138339920948
364,abstention,TRUE,TRUE,usable_complete,404,0.7984189723320159
364,abstention,TRUE,TRUE,usable_complete_limited_metadata,17,0.03359683794466403
364,abstention,TRUE,TRUE,usable_partial,45,0.08893280632411067
364,abstention,TRUE,TRUE,usable_partial_limited_metadata,4,0.007905138339920948
364,voter,FALSE,FALSE,no_determinants,78,0.15789473684210525
364,voter,FALSE,FALSE,suspicious_determinants,4,0.008097165991902834
364,voter,FALSE,FALSE,too_many_missing_determinants,29,0.058704453441295545
364,voter,TRUE,TRUE,usable_complete,249,0.5040485829959515
364,voter,TRUE,TRUE,usable_complete_limited_metadata,9,0.018218623481781375
364,voter,TRUE,TRUE,usable_partial,123,0.24898785425101214
364,voter,TRUE,TRUE,usable_partial_limited_metadata,2,0.004048582995951417
365,abstention,FALSE,FALSE,no_determinants,40,0.07905138339920949
365,abstention,FALSE,FALSE,suspicious_determinants,3,0.005928853754940711
365,abstention,FALSE,FALSE,too_many_missing_determinants,2,0.003952569169960474
365,abstention,TRUE,TRUE,usable_complete,395,0.7806324110671937
365,abstention,TRUE,TRUE,usable_complete_limited_metadata,14,0.02766798418972332
365,abstention,TRUE,TRUE,usable_partial,51,0.1007905138339921
365,abstention,TRUE,TRUE,usable_partial_limited_metadata,1,0.001976284584980237
365,voter,FALSE,FALSE,no_determinants,68,0.13765182186234817
365,voter,FALSE,FALSE,suspicious_determinants,2,0.004048582995951417
365,voter,FALSE,FALSE,too_many_missing_determinants,23,0.0465587044534413
365,voter,TRUE,TRUE,usable_complete,261,0.52834008097166
365,voter,TRUE,TRUE,usable_complete_limited_metadata,11,0.022267206477732792
365,voter,TRUE,TRUE,usable_partial,129,0.2611336032388664
366,abstention,FALSE,FALSE,no_determinants,25,0.04940711462450593
366,abstention,FALSE,FALSE,suspicious_determinants,2,0.003952569169960474
366,abstention,FALSE,FALSE,too_many_missing_determinants,6,0.011857707509881422
366,abstention,TRUE,TRUE,usable_complete,404,0.7984189723320159
366,abstention,TRUE,TRUE,usable_complete_limited_metadata,16,0.03162055335968379
366,abstention,TRUE,TRUE,usable_partial,49,0.09683794466403162
366,abstention,TRUE,TRUE,usable_partial_limited_metadata,4,0.007905138339920948
366,voter,FALSE,FALSE,no_determinants,69,0.1396761133603239
366,voter,FALSE,FALSE,suspicious_determinants,4,0.008097165991902834
366,voter,FALSE,FALSE,too_many_missing_determinants,33,0.06680161943319839
366,voter,TRUE,TRUE,usable_complete,245,0.4959514170040486
366,voter,TRUE,TRUE,usable_complete_limited_metadata,12,0.024291497975708502
366,voter,TRUE,TRUE,usable_partial,129,0.2611336032388664
366,voter,TRUE,TRUE,usable_partial_limited_metadata,2,0.004048582995951417
367,abstention,FALSE,FALSE,no_determinants,35,0.0691699604743083
367,abstention,FALSE,FALSE,suspicious_determinants,5,0.009881422924901186
367,abstention,FALSE,FALSE,too_many_missing_determinants,3,0.005928853754940711
367,abstention,TRUE,TRUE,usable_complete,385,0.7608695652173914
367,abstention,TRUE,TRUE,usable_complete_limited_metadata,12,0.023715415019762844
367,abstention,TRUE,TRUE,usable_partial,65,0.12845849802371542
367,abstention,TRUE,TRUE,usable_partial_limited_metadata,1,0.001976284584980237
367,voter,FALSE,FALSE,no_determinants,94,0.1902834008097166
367,voter,FALSE,FALSE,suspicious_determinants,2,0.004048582995951417
367,voter,FALSE,FALSE,too_many_missing_determinants,17,0.03441295546558704
367,voter,TRUE,TRUE,usable_complete,250,0.5060728744939271
367,voter,TRUE,TRUE,usable_complete_limited_metadata,5,0.010121457489878543
367,voter,TRUE,TRUE,usable_partial,126,0.2550607287449393
368,abstention,FALSE,FALSE,no_determinants,18,0.03557312252964427
368,abstention,FALSE,FALSE,too_many_missing_determinants,8,0.015810276679841896
368,abstention,TRUE,TRUE,usable_complete,405,0.8003952569169961
368,abstention,TRUE,TRUE,usable_complete_limited_metadata,16,0.03162055335968379
368,abstention,TRUE,TRUE,usable_partial,59,0.116600790513834
368,voter,FALSE,FALSE,no_determinants,87,0.17611336032388664
368,voter,FALSE,FALSE,suspicious_determinants,3,0.006072874493927126
368,voter,FALSE,FALSE,too_many_missing_determinants,31,0.06275303643724696
368,voter,TRUE,TRUE,usable_complete,249,0.5040485829959515
368,voter,TRUE,TRUE,usable_complete_limited_metadata,5,0.010121457489878543
368,voter,TRUE,TRUE,usable_partial,118,0.2388663967611336
368,voter,TRUE,TRUE,usable_partial_limited_metadata,1,0.0020242914979757085
369,abstention,FALSE,FALSE,no_determinants,21,0.041501976284584984
369,abstention,FALSE,FALSE,suspicious_determinants,3,0.005928853754940711
369,abstention,FALSE,FALSE,too_many_missing_determinants,3,0.005928853754940711
369,abstention,TRUE,TRUE,usable_complete,410,0.8102766798418972
369,abstention,TRUE,TRUE,usable_complete_limited_metadata,24,0.04743083003952569
369,abstention,TRUE,TRUE,usable_partial,45,0.08893280632411067
369,voter,FALSE,FALSE,no_determinants,76,0.15384615384615385
369,voter,FALSE,FALSE,suspicious_determinants,5,0.010121457489878543
369,voter,FALSE,FALSE,too_many_missing_determinants,25,0.05060728744939271
369,voter,TRUE,TRUE,usable_complete,249,0.5040485829959515
369,voter,TRUE,TRUE,usable_complete_limited_metadata,7,0.01417004048582996
369,voter,TRUE,TRUE,usable_partial,132,0.26720647773279355
370,abstention,FALSE,FALSE,no_determinants,38,0.07509881422924901
370,abstention,FALSE,FALSE,too_many_missing_determinants,3,0.005928853754940711
370,abstention,TRUE,TRUE,usable_complete,386,0.7628458498023716
370,abstention,TRUE,TRUE,usable_complete_limited_metadata,28,0.05533596837944664
370,abstention,TRUE,TRUE,usable_partial,50,0.09881422924901186
370,abstention,TRUE,TRUE,usable_partial_limited_metadata,1,0.001976284584980237
370,voter,FALSE,FALSE,no_determinants,84,0.1700404858299595
370,voter,FALSE,FALSE,suspicious_determinants,5,0.010121457489878543
370,voter,FALSE,FALSE,too_many_missing_determinants,37,0.07489878542510121
370,voter,TRUE,TRUE,usable_complete,233,0.4716599190283401
370,voter,TRUE,TRUE,usable_complete_limited_metadata,13,0.02631578947368421
370,voter,TRUE,TRUE,usable_partial,121,0.24493927125506074
370,voter,TRUE,TRUE,usable_partial_limited_metadata,1,0.0020242914979757085
371,abstention,FALSE,FALSE,no_determinants,39,0.07707509881422925
371,abstention,FALSE,FALSE,too_many_missing_determinants,3,0.005928853754940711
371,abstention,TRUE,TRUE,usable_complete,397,0.7845849802371542
371,abstention,TRUE,TRUE,usable_complete_limited_metadata,19,0.037549407114624504
371,abstention,TRUE,TRUE,usable_partial,44,0.08695652173913043
371,abstention,TRUE,TRUE,usable_partial_limited_metadata,4,0.007905138339920948
371,voter,FALSE,FALSE,no_determinants,74,0.14979757085020243
371,voter,FALSE,FALSE,suspicious_determinants,3,0.006072874493927126
371,voter,FALSE,FALSE,too_many_missing_determinants,27,0.05465587044534413
371,voter,TRUE,TRUE,usable_complete,273,0.5526315789473685
371,voter,TRUE,TRUE,usable_complete_limited_metadata,6,0.012145748987854251
371,voter,TRUE,TRUE,usable_partial,110,0.22267206477732793
371,voter,TRUE,TRUE,usable_partial_limited_metadata,1,0.0020242914979757085
372,abstention,FALSE,FALSE,no_determinants,37,0.07312252964426877
372,abstention,FALSE,FALSE,too_many_missing_determinants,3,0.005928853754940711
372,abstention,TRUE,TRUE,usable_complete,404,0.7984189723320159
372,abstention,TRUE,TRUE,usable_complete_limited_metadata,14,0.02766798418972332
372,abstention,TRUE,TRUE,usable_partial,48,0.09486166007905138
372,voter,FALSE,FALSE,no_determinants,76,0.15384615384615385
372,voter,FALSE,FALSE,suspicious_determinants,1,0.0020242914979757085
372,voter,FALSE,FALSE,too_many_missing_determinants,32,0.06477732793522267
372,voter,TRUE,TRUE,usable_complete,239,0.48380566801619435
372,voter,TRUE,TRUE,usable_complete_limited_metadata,6,0.012145748987854251
372,voter,TRUE,TRUE,usable_partial,138,0.2793522267206478
372,voter,TRUE,TRUE,usable_partial_limited_metadata,2,0.004048582995951417
373,abstention,FALSE,FALSE,no_determinants,23,0.045454545454545456
373,abstention,FALSE,FALSE,suspicious_determinants,2,0.003952569169960474
373,abstention,FALSE,FALSE,too_many_missing_determinants,4,0.007905138339920948
373,abstention,TRUE,TRUE,usable_complete,408,0.8063241106719368
373,abstention,TRUE,TRUE,usable_complete_limited_metadata,18,0.03557312252964427
373,abstention,TRUE,TRUE,usable_partial,49,0.09683794466403162
373,abstention,TRUE,TRUE,usable_partial_limited_metadata,2,0.003952569169960474
373,voter,FALSE,FALSE,no_determinants,74,0.14979757085020243
373,voter,FALSE,FALSE,suspicious_determinants,4,0.008097165991902834
373,voter,FALSE,FALSE,too_many_missing_determinants,21,0.04251012145748988
373,voter,TRUE,TRUE,usable_complete,256,0.5182186234817814
373,voter,TRUE,TRUE,usable_complete_limited_metadata,7,0.01417004048582996
373,voter,TRUE,TRUE,usable_partial,131,0.2651821862348178
373,voter,TRUE,TRUE,usable_partial_limited_metadata,1,0.0020242914979757085
374,abstention,FALSE,FALSE,no_determinants,25,0.04940711462450593
374,abstention,FALSE,FALSE,suspicious_determinants,1,0.001976284584980237
374,abstention,FALSE,FALSE,too_many_missing_determinants,2,0.003952569169960474
374,abstention,TRUE,TRUE,usable_complete,408,0.8063241106719368
374,abstention,TRUE,TRUE,usable_complete_limited_metadata,19,0.037549407114624504
374,abstention,TRUE,TRUE,usable_partial,48,0.09486166007905138
374,abstention,TRUE,TRUE,usable_partial_limited_metadata,3,0.005928853754940711
374,voter,FALSE,FALSE,no_determinants,90,0.18218623481781376
374,voter,FALSE,FALSE,suspicious_determinants,3,0.006072874493927126
374,voter,FALSE,FALSE,too_many_missing_determinants,22,0.044534412955465584
374,voter,TRUE,TRUE,usable_complete,241,0.48785425101214575
374,voter,TRUE,TRUE,usable_complete_limited_metadata,2,0.004048582995951417
374,voter,TRUE,TRUE,usable_partial,136,0.27530364372469635
375,abstention,FALSE,FALSE,no_determinants,27,0.0533596837944664
375,abstention,FALSE,FALSE,suspicious_determinants,1,0.001976284584980237
375,abstention,FALSE,FALSE,too_many_missing_determinants,6,0.011857707509881422
375,abstention,TRUE,TRUE,usable_complete,397,0.7845849802371542
375,abstention,TRUE,TRUE,usable_complete_limited_metadata,22,0.043478260869565216
375,abstention,TRUE,TRUE,usable_partial,52,0.10276679841897234
375,abstention,TRUE,TRUE,usable_partial_limited_metadata,1,0.001976284584980237
375,voter,FALSE,FALSE,no_determinants,87,0.17611336032388664
375,voter,FALSE,FALSE,suspicious_determinants,6,0.012145748987854251
375,voter,FALSE,FALSE,too_many_missing_determinants,27,0.05465587044534413
375,voter,TRUE,TRUE,usable_complete,250,0.5060728744939271
375,voter,TRUE,TRUE,usable_complete_limited_metadata,5,0.010121457489878543
375,voter,TRUE,TRUE,usable_partial,118,0.2388663967611336
375,voter,TRUE,TRUE,usable_partial_limited_metadata,1,0.0020242914979757085
376,abstention,FALSE,FALSE,no_determinants,26,0.05138339920948617
376,abstention,FALSE,FALSE,suspicious_determinants,1,0.001976284584980237
376,abstention,FALSE,FALSE,too_many_missing_determinants,5,0.009881422924901186
376,abstention,TRUE,TRUE,usable_complete,413,0.8162055335968379
376,abstention,TRUE,TRUE,usable_complete_limited_metadata,13,0.025691699604743084
376,abstention,TRUE,TRUE,usable_partial,45,0.08893280632411067
376,abstention,TRUE,TRUE,usable_partial_limited_metadata,3,0.005928853754940711
376,voter,FALSE,FALSE,no_determinants,81,0.16396761133603238
376,voter,FALSE,FALSE,suspicious_determinants,4,0.008097165991902834
376,voter,FALSE,FALSE,too_many_missing_determinants,27,0.05465587044534413
376,voter,TRUE,TRUE,usable_complete,243,0.49190283400809715
376,voter,TRUE,TRUE,usable_complete_limited_metadata,12,0.024291497975708502
376,voter,TRUE,TRUE,usable_partial,127,0.25708502024291496
377,abstention,FALSE,FALSE,no_determinants,26,0.05138339920948617
377,abstention,FALSE,FALSE,suspicious_determinants,2,0.003952569169960474
377,abstention,FALSE,FALSE,too_many_missing_determinants,8,0.015810276679841896
377,abstention,TRUE,TRUE,usable_complete,394,0.7786561264822134
377,abstention,TRUE,TRUE,usable_complete_limited_metadata,22,0.043478260869565216
377,abstention,TRUE,TRUE,usable_partial,50,0.09881422924901186
377,abstention,TRUE,TRUE,usable_partial_limited_metadata,4,0.007905138339920948
377,voter,FALSE,FALSE,no_determinants,78,0.15789473684210525
377,voter,FALSE,FALSE,suspicious_determinants,8,0.016194331983805668
377,voter,FALSE,FALSE,too_many_missing_determinants,26,0.05263157894736842
377,voter,TRUE,TRUE,usable_complete,240,0.48582995951417
377,voter,TRUE,TRUE,usable_complete_limited_metadata,3,0.006072874493927126
377,voter,TRUE,TRUE,usable_partial,139,0.2813765182186235
378,abstention,FALSE,FALSE,no_determinants,28,0.05533596837944664
378,abstention,FALSE,FALSE,suspicious_determinants,1,0.001976284584980237
378,abstention,FALSE,FALSE,too_many_missing_determinants,7,0.01383399209486166
378,abstention,TRUE,TRUE,usable_complete,412,0.8142292490118577
378,abstention,TRUE,TRUE,usable_complete_limited_metadata,22,0.043478260869565216
378,abstention,TRUE,TRUE,usable_partial,33,0.06521739130434782
378,abstention,TRUE,TRUE,usable_partial_limited_metadata,3,0.005928853754940711
378,voter,FALSE,FALSE,no_determinants,77,0.15587044534412955
378,voter,FALSE,FALSE,suspicious_determinants,3,0.006072874493927126
378,voter,FALSE,FALSE,too_many_missing_determinants,23,0.0465587044534413
378,voter,TRUE,TRUE,usable_complete,257,0.520242914979757
378,voter,TRUE,TRUE,usable_complete_limited_metadata,8,0.016194331983805668
378,voter,TRUE,TRUE,usable_partial,126,0.2550607287449393
379,abstention,FALSE,FALSE,no_determinants,31,0.06126482213438735
379,abstention,FALSE,FALSE,suspicious_determinants,1,0.001976284584980237
379,abstention,FALSE,FALSE,too_many_missing_determinants,5,0.009881422924901186
379,abstention,TRUE,TRUE,usable_complete,398,0.7865612648221344
379,abstention,TRUE,TRUE,usable_complete_limited_metadata,20,0.039525691699604744
379,abstention,TRUE,TRUE,usable_partial,46,0.09090909090909091
379,abstention,TRUE,TRUE,usable_partial_limited_metadata,5,0.009881422924901186
379,voter,FALSE,FALSE,no_determinants,79,0.15991902834008098
379,voter,FALSE,FALSE,suspicious_determinants,3,0.006072874493927126
379,voter,FALSE,FALSE,too_many_missing_determinants,22,0.044534412955465584
379,voter,TRUE,TRUE,usable_complete,261,0.52834008097166
379,voter,TRUE,TRUE,usable_complete_limited_metadata,11,0.022267206477732792
379,voter,TRUE,TRUE,usable_partial,118,0.2388663967611336
380,abstention,FALSE,FALSE,no_determinants,36,0.07114624505928854
380,abstention,FALSE,FALSE,too_many_missing_determinants,1,0.001976284584980237
380,abstention,TRUE,TRUE,usable_complete,403,0.7964426877470355
380,abstention,TRUE,TRUE,usable_complete_limited_metadata,24,0.04743083003952569
380,abstention,TRUE,TRUE,usable_partial,40,0.07905138339920949
380,abstention,TRUE,TRUE,usable_partial_limited_metadata,2,0.003952569169960474
380,voter,FALSE,FALSE,no_determinants,82,0.1659919028340081
380,voter,FALSE,FALSE,suspicious_determinants,2,0.004048582995951417
380,voter,FALSE,FALSE,too_many_missing_determinants,33,0.06680161943319839
380,voter,TRUE,TRUE,usable_complete,250,0.5060728744939271
380,voter,TRUE,TRUE,usable_complete_limited_metadata,7,0.01417004048582996
380,voter,TRUE,TRUE,usable_partial,119,0.2408906882591093
380,voter,TRUE,TRUE,usable_partial_limited_metadata,1,0.0020242914979757085
381,abstention,FALSE,FALSE,no_determinants,27,0.0533596837944664
381,abstention,FALSE,FALSE,suspicious_determinants,1,0.001976284584980237
381,abstention,FALSE,FALSE,too_many_missing_determinants,2,0.003952569169960474
381,abstention,TRUE,TRUE,usable_complete,404,0.7984189723320159
381,abstention,TRUE,TRUE,usable_complete_limited_metadata,26,0.05138339920948617
381,abstention,TRUE,TRUE,usable_partial,41,0.08102766798418973
381,abstention,TRUE,TRUE,usable_partial_limited_metadata,5,0.009881422924901186
381,voter,FALSE,FALSE,no_determinants,75,0.15182186234817813
381,voter,FALSE,FALSE,suspicious_determinants,1,0.0020242914979757085
381,voter,FALSE,FALSE,too_many_missing_determinants,28,0.05668016194331984
381,voter,TRUE,TRUE,usable_complete,264,0.5344129554655871
381,voter,TRUE,TRUE,usable_complete_limited_metadata,6,0.012145748987854251
381,voter,TRUE,TRUE,usable_partial,118,0.2388663967611336
381,voter,TRUE,TRUE,usable_partial_limited_metadata,2,0.004048582995951417
382,abstention,FALSE,FALSE,no_determinants,24,0.04743083003952569
382,abstention,FALSE,FALSE,too_many_missing_determinants,7,0.01383399209486166
382,abstention,TRUE,TRUE,usable_complete,413,0.8162055335968379
382,abstention,TRUE,TRUE,usable_complete_limited_metadata,16,0.03162055335968379
382,abstention,TRUE,TRUE,usable_partial,45,0.08893280632411067
382,abstention,TRUE,TRUE,usable_partial_limited_metadata,1,0.001976284584980237
382,voter,FALSE,FALSE,no_determinants,86,0.17408906882591094
382,voter,FALSE,FALSE,suspicious_determinants,8,0.016194331983805668
382,voter,FALSE,FALSE,too_many_missing_determinants,38,0.07692307692307693
382,voter,TRUE,TRUE,usable_complete,236,0.4777327935222672
382,voter,TRUE,TRUE,usable_complete_limited_metadata,2,0.004048582995951417
382,voter,TRUE,TRUE,usable_partial,123,0.24898785425101214
382,voter,TRUE,TRUE,usable_partial_limited_metadata,1,0.0020242914979757085
383,abstention,FALSE,FALSE,no_determinants,31,0.06126482213438735
383,abstention,FALSE,FALSE,suspicious_determinants,3,0.005928853754940711
383,abstention,FALSE,FALSE,too_many_missing_determinants,6,0.011857707509881422
383,abstention,TRUE,TRUE,usable_complete,396,0.782608695652174
383,abstention,TRUE,TRUE,usable_complete_limited_metadata,22,0.043478260869565216
383,abstention,TRUE,TRUE,usable_partial,44,0.08695652173913043
383,abstention,TRUE,TRUE,usable_partial_limited_metadata,4,0.007905138339920948
383,voter,FALSE,FALSE,no_determinants,70,0.1417004048582996
383,voter,FALSE,FALSE,suspicious_determinants,5,0.010121457489878543
383,voter,FALSE,FALSE,too_many_missing_determinants,28,0.05668016194331984
383,voter,TRUE,TRUE,usable_complete,262,0.5303643724696356
383,voter,TRUE,TRUE,usable_complete_limited_metadata,8,0.016194331983805668
383,voter,TRUE,TRUE,usable_partial,121,0.24493927125506074
384,abstention,FALSE,FALSE,no_determinants,39,0.07707509881422925
384,abstention,FALSE,FALSE,suspicious_determinants,1,0.001976284584980237
384,abstention,FALSE,FALSE,too_many_missing_determinants,4,0.007905138339920948
384,abstention,TRUE,TRUE,usable_complete,383,0.7569169960474308
384,abstention,TRUE,TRUE,usable_complete_limited_metadata,27,0.0533596837944664
384,abstention,TRUE,TRUE,usable_partial,48,0.09486166007905138
384,abstention,TRUE,TRUE,usable_partial_limited_metadata,4,0.007905138339920948
384,voter,FALSE,FALSE,no_determinants,74,0.14979757085020243
384,voter,FALSE,FALSE,suspicious_determinants,1,0.0020242914979757085
384,voter,FALSE,FALSE,too_many_missing_determinants,22,0.044534412955465584
384,voter,TRUE,TRUE,usable_complete,265,0.5364372469635628
384,voter,TRUE,TRUE,usable_complete_limited_metadata,4,0.008097165991902834
384,voter,TRUE,TRUE,usable_partial,126,0.2550607287449393
384,voter,TRUE,TRUE,usable_partial_limited_metadata,2,0.004048582995951417
385,abstention,FALSE,FALSE,no_determinants,31,0.06126482213438735
385,abstention,FALSE,FALSE,too_many_missing_determinants,5,0.009881422924901186
385,abstention,TRUE,TRUE,usable_complete,402,0.7944664031620553
385,abstention,TRUE,TRUE,usable_complete_limited_metadata,18,0.03557312252964427
385,abstention,TRUE,TRUE,usable_partial,47,0.09288537549407115
385,abstention,TRUE,TRUE,usable_partial_limited_metadata,3,0.005928853754940711
385,voter,FALSE,FALSE,no_determinants,84,0.1700404858299595
385,voter,FALSE,FALSE,suspicious_determinants,1,0.0020242914979757085
385,voter,FALSE,FALSE,too_many_missing_determinants,33,0.06680161943319839
385,voter,TRUE,TRUE,usable_complete,244,0.4939271255060729
385,voter,TRUE,TRUE,usable_complete_limited_metadata,8,0.016194331983805668
385,voter,TRUE,TRUE,usable_partial,124,0.25101214574898784
386,abstention,FALSE,FALSE,no_determinants,30,0.05928853754940711
386,abstention,FALSE,FALSE,suspicious_determinants,2,0.003952569169960474
386,abstention,FALSE,FALSE,too_many_missing_determinants,2,0.003952569169960474
386,abstention,TRUE,TRUE,usable_complete,391,0.7727272727272727
386,abstention,TRUE,TRUE,usable_complete_limited_metadata,27,0.0533596837944664
386,abstention,TRUE,TRUE,usable_partial,48,0.09486166007905138
386,abstention,TRUE,TRUE,usable_partial_limited_metadata,6,0.011857707509881422
386,voter,FALSE,FALSE,no_determinants,84,0.1700404858299595
386,voter,FALSE,FALSE,suspicious_determinants,2,0.004048582995951417
386,voter,FALSE,FALSE,too_many_missing_determinants,32,0.06477732793522267
386,voter,TRUE,TRUE,usable_complete,262,0.5303643724696356
386,voter,TRUE,TRUE,usable_complete_limited_metadata,6,0.012145748987854251
386,voter,TRUE,TRUE,usable_partial,108,0.21862348178137653
387,abstention,FALSE,FALSE,no_determinants,29,0.05731225296442688
387,abstention,FALSE,FALSE,suspicious_determinants,2,0.003952569169960474
387,abstention,FALSE,FALSE,too_many_missing_determinants,4,0.007905138339920948
387,abstention,TRUE,TRUE,usable_complete,403,0.7964426877470355
387,abstention,TRUE,TRUE,usable_complete_limited_metadata,20,0.039525691699604744
387,abstention,TRUE,TRUE,usable_partial,47,0.09288537549407115
387,abstention,TRUE,TRUE,usable_partial_limited_metadata,1,0.001976284584980237
387,voter,FALSE,FALSE,no_determinants,67,0.13562753036437247
387,voter,FALSE,FALSE,suspicious_determinants,6,0.012145748987854251
387,voter,FALSE,FALSE,too_many_missing_determinants,21,0.04251012145748988
387,voter,TRUE,TRUE,usable_complete,262,0.5303643724696356
387,voter,TRUE,TRUE,usable_complete_limited_metadata,7,0.01417004048582996
387,voter,TRUE,TRUE,usable_partial,130,0.2631578947368421
387,voter,TRUE,TRUE,usable_partial_limited_metadata,1,0.0020242914979757085
388,abstention,FALSE,FALSE,no_determinants,31,0.06126482213438735
388,abstention,FALSE,FALSE,too_many_missing_determinants,5,0.009881422924901186
388,abstention,TRUE,TRUE,usable_complete,416,0.8221343873517787
388,abstention,TRUE,TRUE,usable_complete_limited_metadata,16,0.03162055335968379
388,abstention,TRUE,TRUE,usable_partial,37,0.07312252964426877
388,abstention,TRUE,TRUE,usable_partial_limited_metadata,1,0.001976284584980237
388,voter,FALSE,FALSE,no_determinants,66,0.13360323886639677
388,voter,FALSE,FALSE,suspicious_determinants,3,0.006072874493927126
388,voter,FALSE,FALSE,too_many_missing_determinants,29,0.058704453441295545
388,voter,TRUE,TRUE,usable_complete,254,0.5141700404858299
388,voter,TRUE,TRUE,usable_complete_limited_metadata,8,0.016194331983805668
388,voter,TRUE,TRUE,usable_partial,134,0.27125506072874495
389,abstention,FALSE,FALSE,no_determinants,33,0.06521739130434782
389,abstention,FALSE,FALSE,too_many_missing_determinants,9,0.017786561264822136
389,abstention,TRUE,TRUE,usable_complete,392,0.7747035573122529
389,abstention,TRUE,TRUE,usable_complete_limited_metadata,16,0.03162055335968379
389,abstention,TRUE,TRUE,usable_partial,52,0.10276679841897234
389,abstention,TRUE,TRUE,usable_partial_limited_metadata,4,0.007905138339920948
389,voter,FALSE,FALSE,no_determinants,95,0.19230769230769232
389,voter,FALSE,FALSE,suspicious_determinants,4,0.008097165991902834
389,voter,FALSE,FALSE,too_many_missing_determinants,29,0.058704453441295545
389,voter,TRUE,TRUE,usable_complete,234,0.47368421052631576
389,voter,TRUE,TRUE,usable_complete_limited_metadata,5,0.010121457489878543
389,voter,TRUE,TRUE,usable_partial,127,0.25708502024291496
390,abstention,FALSE,FALSE,no_determinants,37,0.07312252964426877
390,abstention,FALSE,FALSE,suspicious_determinants,2,0.003952569169960474
390,abstention,FALSE,FALSE,too_many_missing_determinants,4,0.007905138339920948
390,abstention,TRUE,TRUE,usable_complete,390,0.7707509881422925
390,abstention,TRUE,TRUE,usable_complete_limited_metadata,14,0.02766798418972332
390,abstention,TRUE,TRUE,usable_partial,56,0.11067193675889328
390,abstention,TRUE,TRUE,usable_partial_limited_metadata,3,0.005928853754940711
390,voter,FALSE,FALSE,no_determinants,80,0.16194331983805668
390,voter,FALSE,FALSE,suspicious_determinants,4,0.008097165991902834
390,voter,FALSE,FALSE,too_many_missing_determinants,31,0.06275303643724696
390,voter,TRUE,TRUE,usable_complete,235,0.4757085020242915
390,voter,TRUE,TRUE,usable_complete_limited_metadata,5,0.010121457489878543
390,voter,TRUE,TRUE,usable_partial,137,0.2773279352226721
390,voter,TRUE,TRUE,usable_partial_limited_metadata,2,0.004048582995951417
391,abstention,FALSE,FALSE,no_determinants,38,0.07509881422924901
391,abstention,FALSE,FALSE,suspicious_determinants,3,0.005928853754940711
391,abstention,FALSE,FALSE,too_many_missing_determinants,3,0.005928853754940711
391,abstention,TRUE,TRUE,usable_complete,393,0.7766798418972332
391,abstention,TRUE,TRUE,usable_complete_limited_metadata,24,0.04743083003952569
391,abstention,TRUE,TRUE,usable_partial,43,0.08498023715415019
391,abstention,TRUE,TRUE,usable_partial_limited_metadata,2,0.003952569169960474
391,voter,FALSE,FALSE,no_determinants,73,0.14777327935222673
391,voter,FALSE,FALSE,suspicious_determinants,6,0.012145748987854251
391,voter,FALSE,FALSE,too_many_missing_determinants,21,0.04251012145748988
391,voter,TRUE,TRUE,usable_complete,254,0.5141700404858299
391,voter,TRUE,TRUE,usable_complete_limited_metadata,10,0.020242914979757085
391,voter,TRUE,TRUE,usable_partial,129,0.2611336032388664
391,voter,TRUE,TRUE,usable_partial_limited_metadata,1,0.0020242914979757085
392,abstention,FALSE,FALSE,no_determinants,23,0.045454545454545456
392,abstention,FALSE,FALSE,suspicious_determinants,1,0.001976284584980237
392,abstention,FALSE,FALSE,too_many_missing_determinants,6,0.011857707509881422
392,abstention,TRUE,TRUE,usable_complete,395,0.7806324110671937
392,abstention,TRUE,TRUE,usable_complete_limited_metadata,25,0.04940711462450593
392,abstention,TRUE,TRUE,usable_partial,54,0.1067193675889328
392,abstention,TRUE,TRUE,usable_partial_limited_metadata,2,0.003952569169960474
392,voter,FALSE,FALSE,no_determinants,82,0.1659919028340081
392,voter,FALSE,FALSE,suspicious_determinants,3,0.006072874493927126
392,voter,FALSE,FALSE,too_many_missing_determinants,21,0.04251012145748988
392,voter,TRUE,TRUE,usable_complete,278,0.562753036437247
392,voter,TRUE,TRUE,usable_complete_limited_metadata,6,0.012145748987854251
392,voter,TRUE,TRUE,usable_partial,104,0.21052631578947367
393,abstention,FALSE,FALSE,no_determinants,32,0.06324110671936758
393,abstention,FALSE,FALSE,too_many_missing_determinants,2,0.003952569169960474
393,abstention,TRUE,TRUE,usable_complete,400,0.7905138339920948
393,abstention,TRUE,TRUE,usable_complete_limited_metadata,26,0.05138339920948617
393,abstention,TRUE,TRUE,usable_partial,46,0.09090909090909091
393,voter,FALSE,FALSE,no_determinants,71,0.1437246963562753
393,voter,FALSE,FALSE,suspicious_determinants,1,0.0020242914979757085
393,voter,FALSE,FALSE,too_many_missing_determinants,35,0.0708502024291498
393,voter,TRUE,TRUE,usable_complete,259,0.5242914979757085
393,voter,TRUE,TRUE,usable_complete_limited_metadata,7,0.01417004048582996
393,voter,TRUE,TRUE,usable_partial,120,0.242914979757085
393,voter,TRUE,TRUE,usable_partial_limited_metadata,1,0.0020242914979757085
394,abstention,FALSE,FALSE,no_determinants,19,0.037549407114624504
394,abstention,FALSE,FALSE,suspicious_determinants,3,0.005928853754940711
394,abstention,FALSE,FALSE,too_many_missing_determinants,5,0.009881422924901186
394,abstention,TRUE,TRUE,usable_complete,408,0.8063241106719368
394,abstention,TRUE,TRUE,usable_complete_limited_metadata,20,0.039525691699604744
394,abstention,TRUE,TRUE,usable_partial,50,0.09881422924901186
394,abstention,TRUE,TRUE,usable_partial_limited_metadata,1,0.001976284584980237
394,voter,FALSE,FALSE,no_determinants,90,0.18218623481781376
394,voter,FALSE,FALSE,suspicious_determinants,1,0.0020242914979757085
394,voter,FALSE,FALSE,too_many_missing_determinants,22,0.044534412955465584
394,voter,TRUE,TRUE,usable_complete,248,0.5020242914979757
394,voter,TRUE,TRUE,usable_complete_limited_metadata,4,0.008097165991902834
394,voter,TRUE,TRUE,usable_partial,129,0.2611336032388664
395,abstention,FALSE,FALSE,no_determinants,20,0.039525691699604744
395,abstention,FALSE,FALSE,suspicious_determinants,1,0.001976284584980237
395,abstention,FALSE,FALSE,too_many_missing_determinants,6,0.011857707509881422
395,abstention,TRUE,TRUE,usable_complete,417,0.8241106719367589
395,abstention,TRUE,TRUE,usable_complete_limited_metadata,19,0.037549407114624504
395,abstention,TRUE,TRUE,usable_partial,41,0.08102766798418973
395,abstention,TRUE,TRUE,usable_partial_limited_metadata,2,0.003952569169960474
395,voter,FALSE,FALSE,no_determinants,91,0.18421052631578946
395,voter,FALSE,FALSE,suspicious_determinants,3,0.006072874493927126
395,voter,FALSE,FALSE,too_many_missing_determinants,24,0.048582995951417005
395,voter,TRUE,TRUE,usable_complete,254,0.5141700404858299
395,voter,TRUE,TRUE,usable_complete_limited_metadata,9,0.018218623481781375
395,voter,TRUE,TRUE,usable_partial,112,0.22672064777327935
395,voter,TRUE,TRUE,usable_partial_limited_metadata,1,0.0020242914979757085
396,abstention,FALSE,FALSE,no_determinants,32,0.06324110671936758
396,abstention,FALSE,FALSE,too_many_missing_determinants,4,0.007905138339920948
396,abstention,TRUE,TRUE,usable_complete,389,0.7687747035573123
396,abstention,TRUE,TRUE,usable_complete_limited_metadata,17,0.03359683794466403
396,abstention,TRUE,TRUE,usable_partial,58,0.11462450592885376
396,abstention,TRUE,TRUE,usable_partial_limited_metadata,6,0.011857707509881422
396,voter,FALSE,FALSE,no_determinants,59,0.1194331983805668
396,voter,FALSE,FALSE,suspicious_determinants,4,0.008097165991902834
396,voter,FALSE,FALSE,too_many_missing_determinants,20,0.04048582995951417
396,voter,TRUE,TRUE,usable_complete,272,0.5506072874493927
396,voter,TRUE,TRUE,usable_complete_limited_metadata,13,0.02631578947368421
396,voter,TRUE,TRUE,usable_partial,123,0.24898785425101214
396,voter,TRUE,TRUE,usable_partial_limited_metadata,3,0.006072874493927126
397,abstention,FALSE,FALSE,no_determinants,31,0.06126482213438735
397,abstention,FALSE,FALSE,suspicious_determinants,2,0.003952569169960474
397,abstention,FALSE,FALSE,too_many_missing_determinants,10,0.019762845849802372
397,abstention,TRUE,TRUE,usable_complete,383,0.7569169960474308
397,abstention,TRUE,TRUE,usable_complete_limited_metadata,23,0.045454545454545456
397,abstention,TRUE,TRUE,usable_partial,56,0.11067193675889328
397,abstention,TRUE,TRUE,usable_partial_limited_metadata,1,0.001976284584980237
397,voter,FALSE,FALSE,no_determinants,102,0.20647773279352227
397,voter,FALSE,FALSE,suspicious_determinants,2,0.004048582995951417
397,voter,FALSE,FALSE,too_many_missing_determinants,25,0.05060728744939271
397,voter,TRUE,TRUE,usable_complete,235,0.4757085020242915
397,voter,TRUE,TRUE,usable_complete_limited_metadata,6,0.012145748987854251
397,voter,TRUE,TRUE,usable_partial,121,0.24493927125506074
397,voter,TRUE,TRUE,usable_partial_limited_metadata,3,0.006072874493927126
398,abstention,FALSE,FALSE,no_determinants,29,0.05731225296442688
398,abstention,FALSE,FALSE,suspicious_determinants,4,0.007905138339920948
398,abstention,FALSE,FALSE,too_many_missing_determinants,4,0.007905138339920948
398,abstention,TRUE,TRUE,usable_complete,397,0.7845849802371542
398,abstention,TRUE,TRUE,usable_complete_limited_metadata,20,0.039525691699604744
398,abstention,TRUE,TRUE,usable_partial,47,0.09288537549407115
398,abstention,TRUE,TRUE,usable_partial_limited_metadata,5,0.009881422924901186
398,voter,FALSE,FALSE,no_determinants,66,0.13360323886639677
398,voter,FALSE,FALSE,suspicious_determinants,6,0.012145748987854251
398,voter,FALSE,FALSE,too_many_missing_determinants,28,0.05668016194331984
398,voter,TRUE,TRUE,usable_complete,253,0.5121457489878543
398,voter,TRUE,TRUE,usable_complete_limited_metadata,9,0.018218623481781375
398,voter,TRUE,TRUE,usable_partial,130,0.2631578947368421
398,voter,TRUE,TRUE,usable_partial_limited_metadata,2,0.004048582995951417
399,abstention,FALSE,FALSE,no_determinants,35,0.0691699604743083
399,abstention,FALSE,FALSE,suspicious_determinants,3,0.005928853754940711
399,abstention,FALSE,FALSE,too_many_missing_determinants,8,0.015810276679841896
399,abstention,TRUE,TRUE,usable_complete,392,0.7747035573122529
399,abstention,TRUE,TRUE,usable_complete_limited_metadata,18,0.03557312252964427
399,abstention,TRUE,TRUE,usable_partial,48,0.09486166007905138
399,abstention,TRUE,TRUE,usable_partial_limited_metadata,2,0.003952569169960474
399,voter,FALSE,FALSE,no_determinants,73,0.14777327935222673
399,voter,FALSE,FALSE,suspicious_determinants,2,0.004048582995951417
399,voter,FALSE,FALSE,too_many_missing_determinants,32,0.06477732793522267
399,voter,TRUE,TRUE,usable_complete,238,0.4817813765182186
399,voter,TRUE,TRUE,usable_complete_limited_metadata,8,0.016194331983805668
399,voter,TRUE,TRUE,usable_partial,141,0.28542510121457487
400,abstention,FALSE,FALSE,no_determinants,27,0.0533596837944664
400,abstention,FALSE,FALSE,suspicious_determinants,1,0.001976284584980237
400,abstention,FALSE,FALSE,too_many_missing_determinants,4,0.007905138339920948
400,abstention,TRUE,TRUE,usable_complete,400,0.7905138339920948
400,abstention,TRUE,TRUE,usable_complete_limited_metadata,21,0.041501976284584984
400,abstention,TRUE,TRUE,usable_partial,51,0.1007905138339921
400,abstention,TRUE,TRUE,usable_partial_limited_metadata,2,0.003952569169960474
400,voter,FALSE,FALSE,no_determinants,73,0.14777327935222673
400,voter,FALSE,FALSE,suspicious_determinants,2,0.004048582995951417
400,voter,FALSE,FALSE,too_many_missing_determinants,26,0.05263157894736842
400,voter,TRUE,TRUE,usable_complete,250,0.5060728744939271
400,voter,TRUE,TRUE,usable_complete_limited_metadata,3,0.006072874493927126
400,voter,TRUE,TRUE,usable_partial,138,0.2793522267206478
400,voter,TRUE,TRUE,usable_partial_limited_metadata,2,0.004048582995951417
401,abstention,FALSE,FALSE,no_determinants,25,0.04940711462450593
401,abstention,FALSE,FALSE,too_many_missing_determinants,4,0.007905138339920948
401,abstention,TRUE,TRUE,usable_complete,400,0.7905138339920948
401,abstention,TRUE,TRUE,usable_complete_limited_metadata,22,0.043478260869565216
401,abstention,TRUE,TRUE,usable_partial,54,0.1067193675889328
401,abstention,TRUE,TRUE,usable_partial_limited_metadata,1,0.001976284584980237
401,voter,FALSE,FALSE,no_determinants,91,0.18421052631578946
401,voter,FALSE,FALSE,suspicious_determinants,2,0.004048582995951417
401,voter,FALSE,FALSE,too_many_missing_determinants,26,0.05263157894736842
401,voter,TRUE,TRUE,usable_complete,241,0.48785425101214575
401,voter,TRUE,TRUE,usable_complete_limited_metadata,9,0.018218623481781375
401,voter,TRUE,TRUE,usable_partial,124,0.25101214574898784
401,voter,TRUE,TRUE,usable_partial_limited_metadata,1,0.0020242914979757085
402,abstention,FALSE,FALSE,no_determinants,30,0.05928853754940711
402,abstention,FALSE,FALSE,suspicious_determinants,3,0.005928853754940711
402,abstention,FALSE,FALSE,too_many_missing_determinants,8,0.015810276679841896
402,abstention,TRUE,TRUE,usable_complete,399,0.7885375494071146
402,abstention,TRUE,TRUE,usable_complete_limited_metadata,25,0.04940711462450593
402,abstention,TRUE,TRUE,usable_partial,39,0.07707509881422925
402,abstention,TRUE,TRUE,usable_partial_limited_metadata,2,0.003952569169960474
402,voter,FALSE,FALSE,no_determinants,80,0.16194331983805668
402,voter,FALSE,FALSE,suspicious_determinants,3,0.006072874493927126
402,voter,FALSE,FALSE,too_many_missing_determinants,30,0.06072874493927125
402,voter,TRUE,TRUE,usable_complete,253,0.5121457489878543
402,voter,TRUE,TRUE,usable_complete_limited_metadata,3,0.006072874493927126
402,voter,TRUE,TRUE,usable_partial,123,0.24898785425101214
402,voter,TRUE,TRUE,usable_partial_limited_metadata,2,0.004048582995951417
403,abstention,FALSE,FALSE,no_determinants,38,0.07509881422924901
403,abstention,FALSE,FALSE,suspicious_determinants,1,0.001976284584980237
403,abstention,FALSE,FALSE,too_many_missing_determinants,4,0.007905138339920948
403,abstention,TRUE,TRUE,usable_complete,400,0.7905138339920948
403,abstention,TRUE,TRUE,usable_complete_limited_metadata,13,0.025691699604743084
403,abstention,TRUE,TRUE,usable_partial,46,0.09090909090909091
403,abstention,TRUE,TRUE,usable_partial_limited_metadata,4,0.007905138339920948
403,voter,FALSE,FALSE,no_determinants,81,0.16396761133603238
403,voter,FALSE,FALSE,suspicious_determinants,4,0.008097165991902834
403,voter,FALSE,FALSE,too_many_missing_determinants,25,0.05060728744939271
403,voter,TRUE,TRUE,usable_complete,259,0.5242914979757085
403,voter,TRUE,TRUE,usable_complete_limited_metadata,8,0.016194331983805668
403,voter,TRUE,TRUE,usable_partial,116,0.23481781376518218
403,voter,TRUE,TRUE,usable_partial_limited_metadata,1,0.0020242914979757085
404,abstention,FALSE,FALSE,no_determinants,40,0.07905138339920949
404,abstention,FALSE,FALSE,suspicious_determinants,2,0.003952569169960474
404,abstention,FALSE,FALSE,too_many_missing_determinants,6,0.011857707509881422
404,abstention,TRUE,TRUE,usable_complete,387,0.7648221343873518
404,abstention,TRUE,TRUE,usable_complete_limited_metadata,14,0.02766798418972332
404,abstention,TRUE,TRUE,usable_partial,56,0.11067193675889328
404,abstention,TRUE,TRUE,usable_partial_limited_metadata,1,0.001976284584980237
404,voter,FALSE,FALSE,no_determinants,82,0.1659919028340081
404,voter,FALSE,FALSE,suspicious_determinants,4,0.008097165991902834
404,voter,FALSE,FALSE,too_many_missing_determinants,27,0.05465587044534413
404,voter,TRUE,TRUE,usable_complete,248,0.5020242914979757
404,voter,TRUE,TRUE,usable_complete_limited_metadata,8,0.016194331983805668
404,voter,TRUE,TRUE,usable_partial,124,0.25101214574898784
404,voter,TRUE,TRUE,usable_partial_limited_metadata,1,0.0020242914979757085
405,abstention,FALSE,FALSE,no_determinants,28,0.05533596837944664
405,abstention,FALSE,FALSE,suspicious_determinants,1,0.001976284584980237
405,abstention,FALSE,FALSE,too_many_missing_determinants,5,0.009881422924901186
405,abstention,TRUE,TRUE,usable_complete,405,0.8003952569169961
405,abstention,TRUE,TRUE,usable_complete_limited_metadata,22,0.043478260869565216
405,abstention,TRUE,TRUE,usable_partial,42,0.08300395256916997
405,abstention,TRUE,TRUE,usable_partial_limited_metadata,3,0.005928853754940711
405,voter,FALSE,FALSE,no_determinants,75,0.15182186234817813
405,voter,FALSE,FALSE,suspicious_determinants,4,0.008097165991902834
405,voter,FALSE,FALSE,too_many_missing_determinants,25,0.05060728744939271
405,voter,TRUE,TRUE,usable_complete,252,0.5101214574898786
405,voter,TRUE,TRUE,usable_complete_limited_metadata,12,0.024291497975708502
405,voter,TRUE,TRUE,usable_partial,125,0.25303643724696356
405,voter,TRUE,TRUE,usable_partial_limited_metadata,1,0.0020242914979757085
406,abstention,FALSE,FALSE,no_determinants,34,0.06719367588932806
406,abstention,FALSE,FALSE,too_many_missing_determinants,1,0.001976284584980237
406,abstention,TRUE,TRUE,usable_complete,402,0.7944664031620553
406,abstention,TRUE,TRUE,usable_complete_limited_metadata,16,0.03162055335968379
406,abstention,TRUE,TRUE,usable_partial,52,0.10276679841897234
406,abstention,TRUE,TRUE,usable_partial_limited_metadata,1,0.001976284584980237
406,voter,FALSE,FALSE,no_determinants,74,0.14979757085020243
406,voter,FALSE,FALSE,suspicious_determinants,1,0.0020242914979757085
406,voter,FALSE,FALSE,too_many_missing_determinants,20,0.04048582995951417
406,voter,TRUE,TRUE,usable_complete,251,0.5080971659919028
406,voter,TRUE,TRUE,usable_complete_limited_metadata,5,0.010121457489878543
406,voter,TRUE,TRUE,usable_partial,143,0.2894736842105263
407,abstention,FALSE,FALSE,no_determinants,33,0.06521739130434782
407,abstention,FALSE,FALSE,suspicious_determinants,1,0.001976284584980237
407,abstention,FALSE,FALSE,too_many_missing_determinants,6,0.011857707509881422
407,abstention,TRUE,TRUE,usable_complete,403,0.7964426877470355
407,abstention,TRUE,TRUE,usable_complete_limited_metadata,21,0.041501976284584984
407,abstention,TRUE,TRUE,usable_partial,39,0.07707509881422925
407,abstention,TRUE,TRUE,usable_partial_limited_metadata,3,0.005928853754940711
407,voter,FALSE,FALSE,no_determinants,89,0.18016194331983806
407,voter,FALSE,FALSE,suspicious_determinants,4,0.008097165991902834
407,voter,FALSE,FALSE,too_many_missing_determinants,32,0.06477732793522267
407,voter,TRUE,TRUE,usable_complete,238,0.4817813765182186
407,voter,TRUE,TRUE,usable_complete_limited_metadata,9,0.018218623481781375
407,voter,TRUE,TRUE,usable_partial,121,0.24493927125506074
407,voter,TRUE,TRUE,usable_partial_limited_metadata,1,0.0020242914979757085
408,abstention,FALSE,FALSE,no_determinants,26,0.05138339920948617
408,abstention,FALSE,FALSE,too_many_missing_determinants,3,0.005928853754940711
408,abstention,TRUE,TRUE,usable_complete,413,0.8162055335968379
408,abstention,TRUE,TRUE,usable_complete_limited_metadata,15,0.029644268774703556
408,abstention,TRUE,TRUE,usable_partial,48,0.09486166007905138
408,abstention,TRUE,TRUE,usable_partial_limited_metadata,1,0.001976284584980237
408,voter,FALSE,FALSE,no_determinants,77,0.15587044534412955
408,voter,FALSE,FALSE,suspicious_determinants,2,0.004048582995951417
408,voter,FALSE,FALSE,too_many_missing_determinants,21,0.04251012145748988
408,voter,TRUE,TRUE,usable_complete,271,0.548582995951417
408,voter,TRUE,TRUE,usable_complete_limited_metadata,9,0.018218623481781375
408,voter,TRUE,TRUE,usable_partial,113,0.22874493927125505
408,voter,TRUE,TRUE,usable_partial_limited_metadata,1,0.0020242914979757085
409,abstention,FALSE,FALSE,no_determinants,32,0.06324110671936758
409,abstention,FALSE,FALSE,suspicious_determinants,1,0.001976284584980237
409,abstention,FALSE,FALSE,too_many_missing_determinants,7,0.01383399209486166
409,abstention,TRUE,TRUE,usable_complete,379,0.7490118577075099
409,abstention,TRUE,TRUE,usable_complete_limited_metadata,24,0.04743083003952569
409,abstention,TRUE,TRUE,usable_partial,60,0.11857707509881422
409,abstention,TRUE,TRUE,usable_partial_limited_metadata,3,0.005928853754940711
409,voter,FALSE,FALSE,no_determinants,81,0.16396761133603238
409,voter,FALSE,FALSE,suspicious_determinants,3,0.006072874493927126
409,voter,FALSE,FALSE,too_many_missing_determinants,20,0.04048582995951417
409,voter,TRUE,TRUE,usable_complete,252,0.5101214574898786
409,voter,TRUE,TRUE,usable_complete_limited_metadata,12,0.024291497975708502
409,voter,TRUE,TRUE,usable_partial,125,0.25303643724696356
409,voter,TRUE,TRUE,usable_partial_limited_metadata,1,0.0020242914979757085
410,abstention,FALSE,FALSE,no_determinants,36,0.07114624505928854
410,abstention,FALSE,FALSE,too_many_missing_determinants,3,0.005928853754940711
410,abstention,TRUE,TRUE,usable_complete,398,0.7865612648221344
410,abstention,TRUE,TRUE,usable_complete_limited_metadata,13,0.025691699604743084
410,abstention,TRUE,TRUE,usable_partial,53,0.10474308300395258
410,abstention,TRUE,TRUE,usable_partial_limited_metadata,3,0.005928853754940711
410,voter,FALSE,FALSE,no_determinants,67,0.13562753036437247
410,voter,FALSE,FALSE,suspicious_determinants,3,0.006072874493927126
410,voter,FALSE,FALSE,too_many_missing_determinants,40,0.08097165991902834
410,voter,TRUE,TRUE,usable_complete,264,0.5344129554655871
410,voter,TRUE,TRUE,usable_complete_limited_metadata,4,0.008097165991902834
410,voter,TRUE,TRUE,usable_partial,116,0.23481781376518218
411,abstention,FALSE,FALSE,no_determinants,36,0.07114624505928854
411,abstention,FALSE,FALSE,suspicious_determinants,2,0.003952569169960474
411,abstention,FALSE,FALSE,too_many_missing_determinants,4,0.007905138339920948
411,abstention,TRUE,TRUE,usable_complete,402,0.7944664031620553
411,abstention,TRUE,TRUE,usable_complete_limited_metadata,15,0.029644268774703556
411,abstention,TRUE,TRUE,usable_partial,46,0.09090909090909091
411,abstention,TRUE,TRUE,usable_partial_limited_metadata,1,0.001976284584980237
411,voter,FALSE,FALSE,no_determinants,76,0.15384615384615385
411,voter,FALSE,FALSE,suspicious_determinants,5,0.010121457489878543
411,voter,FALSE,FALSE,too_many_missing_determinants,27,0.05465587044534413
411,voter,TRUE,TRUE,usable_complete,252,0.5101214574898786
411,voter,TRUE,TRUE,usable_complete_limited_metadata,6,0.012145748987854251
411,voter,TRUE,TRUE,usable_partial,125,0.25303643724696356
411,voter,TRUE,TRUE,usable_partial_limited_metadata,3,0.006072874493927126
412,abstention,FALSE,FALSE,no_determinants,26,0.05138339920948617
412,abstention,FALSE,FALSE,too_many_missing_determinants,5,0.009881422924901186
412,abstention,TRUE,TRUE,usable_complete,420,0.8300395256916996
412,abstention,TRUE,TRUE,usable_complete_limited_metadata,15,0.029644268774703556
412,abstention,TRUE,TRUE,usable_partial,35,0.0691699604743083
412,abstention,TRUE,TRUE,usable_partial_limited_metadata,5,0.009881422924901186
412,voter,FALSE,FALSE,no_determinants,78,0.15789473684210525
412,voter,FALSE,FALSE,suspicious_determinants,2,0.004048582995951417
412,voter,FALSE,FALSE,too_many_missing_determinants,29,0.058704453441295545
412,voter,TRUE,TRUE,usable_complete,248,0.5020242914979757
412,voter,TRUE,TRUE,usable_complete_limited_metadata,7,0.01417004048582996
412,voter,TRUE,TRUE,usable_partial,128,0.2591093117408907
412,voter,TRUE,TRUE,usable_partial_limited_metadata,2,0.004048582995951417
413,abstention,FALSE,FALSE,no_determinants,31,0.06126482213438735
413,abstention,FALSE,FALSE,suspicious_determinants,2,0.003952569169960474
413,abstention,FALSE,FALSE,too_many_missing_determinants,2,0.003952569169960474
413,abstention,TRUE,TRUE,usable_complete,401,0.7924901185770751
413,abstention,TRUE,TRUE,usable_complete_limited_metadata,21,0.041501976284584984
413,abstention,TRUE,TRUE,usable_partial,46,0.09090909090909091
413,abstention,TRUE,TRUE,usable_partial_limited_metadata,3,0.005928853754940711
413,voter,FALSE,FALSE,no_determinants,87,0.17611336032388664
413,voter,FALSE,FALSE,suspicious_determinants,5,0.010121457489878543
413,voter,FALSE,FALSE,too_many_missing_determinants,24,0.048582995951417005
413,voter,TRUE,TRUE,usable_complete,251,0.5080971659919028
413,voter,TRUE,TRUE,usable_complete_limited_metadata,5,0.010121457489878543
413,voter,TRUE,TRUE,usable_partial,122,0.24696356275303644
414,abstention,FALSE,FALSE,no_determinants,32,0.06324110671936758
414,abstention,FALSE,FALSE,too_many_missing_determinants,1,0.001976284584980237
414,abstention,TRUE,TRUE,usable_complete,399,0.7885375494071146
414,abstention,TRUE,TRUE,usable_complete_limited_metadata,21,0.041501976284584984
414,abstention,TRUE,TRUE,usable_partial,49,0.09683794466403162
414,abstention,TRUE,TRUE,usable_partial_limited_metadata,4,0.007905138339920948
414,voter,FALSE,FALSE,no_determinants,79,0.15991902834008098
414,voter,FALSE,FALSE,suspicious_determinants,3,0.006072874493927126
414,voter,FALSE,FALSE,too_many_missing_determinants,25,0.05060728744939271
414,voter,TRUE,TRUE,usable_complete,231,0.4676113360323887
414,voter,TRUE,TRUE,usable_complete_limited_metadata,9,0.018218623481781375
414,voter,TRUE,TRUE,usable_partial,147,0.2975708502024291
415,abstention,FALSE,FALSE,no_determinants,30,0.05928853754940711
415,abstention,FALSE,FALSE,too_many_missing_determinants,3,0.005928853754940711
415,abstention,TRUE,TRUE,usable_complete,409,0.808300395256917
415,abstention,TRUE,TRUE,usable_complete_limited_metadata,17,0.03359683794466403
415,abstention,TRUE,TRUE,usable_partial,45,0.08893280632411067
415,abstention,TRUE,TRUE,usable_partial_limited_metadata,2,0.003952569169960474
415,voter,FALSE,FALSE,no_determinants,77,0.15587044534412955
415,voter,FALSE,FALSE,suspicious_determinants,3,0.006072874493927126
415,voter,FALSE,FALSE,too_many_missing_determinants,28,0.05668016194331984
415,voter,TRUE,TRUE,usable_complete,250,0.5060728744939271
415,voter,TRUE,TRUE,usable_complete_limited_metadata,5,0.010121457489878543
415,voter,TRUE,TRUE,usable_partial,131,0.2651821862348178
416,abstention,FALSE,FALSE,no_determinants,42,0.08300395256916997
416,abstention,FALSE,FALSE,suspicious_determinants,3,0.005928853754940711
416,abstention,FALSE,FALSE,too_many_missing_determinants,7,0.01383399209486166
416,abstention,TRUE,TRUE,usable_complete,381,0.7529644268774703
416,abstention,TRUE,TRUE,usable_complete_limited_metadata,14,0.02766798418972332
416,abstention,TRUE,TRUE,usable_partial,55,0.10869565217391304
416,abstention,TRUE,TRUE,usable_partial_limited_metadata,4,0.007905138339920948
416,voter,FALSE,FALSE,no_determinants,73,0.14777327935222673
416,voter,FALSE,FALSE,suspicious_determinants,4,0.008097165991902834
416,voter,FALSE,FALSE,too_many_missing_determinants,22,0.044534412955465584
416,voter,TRUE,TRUE,usable_complete,259,0.5242914979757085
416,voter,TRUE,TRUE,usable_complete_limited_metadata,6,0.012145748987854251
416,voter,TRUE,TRUE,usable_partial,129,0.2611336032388664
416,voter,TRUE,TRUE,usable_partial_limited_metadata,1,0.0020242914979757085
417,abstention,FALSE,FALSE,no_determinants,39,0.07707509881422925
417,abstention,FALSE,FALSE,too_many_missing_determinants,4,0.007905138339920948
417,abstention,TRUE,TRUE,usable_complete,402,0.7944664031620553
417,abstention,TRUE,TRUE,usable_complete_limited_metadata,13,0.025691699604743084
417,abstention,TRUE,TRUE,usable_partial,46,0.09090909090909091
417,abstention,TRUE,TRUE,usable_partial_limited_metadata,2,0.003952569169960474
417,voter,FALSE,FALSE,no_determinants,72,0.145748987854251
417,voter,FALSE,FALSE,suspicious_determinants,7,0.01417004048582996
417,voter,FALSE,FALSE,too_many_missing_determinants,29,0.058704453441295545
417,voter,TRUE,TRUE,usable_complete,249,0.5040485829959515
417,voter,TRUE,TRUE,usable_complete_limited_metadata,10,0.020242914979757085
417,voter,TRUE,TRUE,usable_partial,127,0.25708502024291496
418,abstention,FALSE,FALSE,no_determinants,35,0.0691699604743083
418,abstention,FALSE,FALSE,suspicious_determinants,1,0.001976284584980237
418,abstention,FALSE,FALSE,too_many_missing_determinants,1,0.001976284584980237
418,abstention,TRUE,TRUE,usable_complete,400,0.7905138339920948
418,abstention,TRUE,TRUE,usable_complete_limited_metadata,18,0.03557312252964427
418,abstention,TRUE,TRUE,usable_partial,47,0.09288537549407115
418,abstention,TRUE,TRUE,usable_partial_limited_metadata,4,0.007905138339920948
418,voter,FALSE,FALSE,no_determinants,74,0.14979757085020243
418,voter,FALSE,FALSE,suspicious_determinants,3,0.006072874493927126
418,voter,FALSE,FALSE,too_many_missing_determinants,31,0.06275303643724696
418,voter,TRUE,TRUE,usable_complete,253,0.5121457489878543
418,voter,TRUE,TRUE,usable_complete_limited_metadata,10,0.020242914979757085
418,voter,TRUE,TRUE,usable_partial,122,0.24696356275303644
418,voter,TRUE,TRUE,usable_partial_limited_metadata,1,0.0020242914979757085
419,abstention,FALSE,FALSE,no_determinants,32,0.06324110671936758
419,abstention,FALSE,FALSE,too_many_missing_determinants,2,0.003952569169960474
419,abstention,TRUE,TRUE,usable_complete,416,0.8221343873517787
419,abstention,TRUE,TRUE,usable_complete_limited_metadata,13,0.025691699604743084
419,abstention,TRUE,TRUE,usable_partial,43,0.08498023715415019
419,voter,FALSE,FALSE,no_determinants,71,0.1437246963562753
419,voter,FALSE,FALSE,suspicious_determinants,2,0.004048582995951417
419,voter,FALSE,FALSE,too_many_missing_determinants,31,0.06275303643724696
419,voter,TRUE,TRUE,usable_complete,252,0.5101214574898786
419,voter,TRUE,TRUE,usable_complete_limited_metadata,8,0.016194331983805668
419,voter,TRUE,TRUE,usable_partial,128,0.2591093117408907
419,voter,TRUE,TRUE,usable_partial_limited_metadata,2,0.004048582995951417
420,abstention,FALSE,FALSE,no_determinants,25,0.04940711462450593
420,abstention,FALSE,FALSE,suspicious_determinants,3,0.005928853754940711
420,abstention,FALSE,FALSE,too_many_missing_determinants,4,0.007905138339920948
420,abstention,TRUE,TRUE,usable_complete,409,0.808300395256917
420,abstention,TRUE,TRUE,usable_complete_limited_metadata,17,0.03359683794466403
420,abstention,TRUE,TRUE,usable_partial,46,0.09090909090909091
420,abstention,TRUE,TRUE,usable_partial_limited_metadata,2,0.003952569169960474
420,voter,FALSE,FALSE,no_determinants,65,0.13157894736842105
420,voter,FALSE,FALSE,suspicious_determinants,6,0.012145748987854251
420,voter,FALSE,FALSE,too_many_missing_determinants,20,0.04048582995951417
420,voter,TRUE,TRUE,usable_complete,250,0.5060728744939271
420,voter,TRUE,TRUE,usable_complete_limited_metadata,11,0.022267206477732792
420,voter,TRUE,TRUE,usable_partial,140,0.2834008097165992
420,voter,TRUE,TRUE,usable_partial_limited_metadata,2,0.004048582995951417
421,abstention,FALSE,FALSE,no_determinants,41,0.08102766798418973
421,abstention,FALSE,FALSE,too_many_missing_determinants,5,0.009881422924901186
421,abstention,TRUE,TRUE,usable_complete,392,0.7747035573122529
421,abstention,TRUE,TRUE,usable_complete_limited_metadata,23,0.045454545454545456
421,abstention,TRUE,TRUE,usable_partial,43,0.08498023715415019
421,abstention,TRUE,TRUE,usable_partial_limited_metadata,2,0.003952569169960474
421,voter,FALSE,FALSE,no_determinants,86,0.17408906882591094
421,voter,FALSE,FALSE,suspicious_determinants,3,0.006072874493927126
421,voter,FALSE,FALSE,too_many_missing_determinants,23,0.0465587044534413
421,voter,TRUE,TRUE,usable_complete,240,0.48582995951417
421,voter,TRUE,TRUE,usable_complete_limited_metadata,6,0.012145748987854251
421,voter,TRUE,TRUE,usable_partial,136,0.27530364372469635
422,abstention,FALSE,FALSE,no_determinants,33,0.06521739130434782
422,abstention,FALSE,FALSE,suspicious_determinants,3,0.005928853754940711
422,abstention,FALSE,FALSE,too_many_missing_determinants,11,0.021739130434782608
422,abstention,TRUE,TRUE,usable_complete,382,0.7549407114624506
422,abstention,TRUE,TRUE,usable_complete_limited_metadata,25,0.04940711462450593
422,abstention,TRUE,TRUE,usable_partial,49,0.09683794466403162
422,abstention,TRUE,TRUE,usable_partial_limited_metadata,3,0.005928853754940711
422,voter,FALSE,FALSE,no_determinants,72,0.145748987854251
422,voter,FALSE,FALSE,suspicious_determinants,3,0.006072874493927126
422,voter,FALSE,FALSE,too_many_missing_determinants,27,0.05465587044534413
422,voter,TRUE,TRUE,usable_complete,253,0.5121457489878543
422,voter,TRUE,TRUE,usable_complete_limited_metadata,9,0.018218623481781375
422,voter,TRUE,TRUE,usable_partial,130,0.2631578947368421
423,abstention,FALSE,FALSE,no_determinants,28,0.05533596837944664
423,abstention,FALSE,FALSE,suspicious_determinants,1,0.001976284584980237
423,abstention,FALSE,FALSE,too_many_missing_determinants,3,0.005928853754940711
423,abstention,TRUE,TRUE,usable_complete,403,0.7964426877470355
423,abstention,TRUE,TRUE,usable_complete_limited_metadata,17,0.03359683794466403
423,abstention,TRUE,TRUE,usable_partial,53,0.10474308300395258
423,abstention,TRUE,TRUE,usable_partial_limited_metadata,1,0.001976284584980237
423,voter,FALSE,FALSE,no_determinants,76,0.15384615384615385
423,voter,FALSE,FALSE,suspicious_determinants,2,0.004048582995951417
423,voter,FALSE,FALSE,too_many_missing_determinants,24,0.048582995951417005
423,voter,TRUE,TRUE,usable_complete,255,0.5161943319838057
423,voter,TRUE,TRUE,usable_complete_limited_metadata,3,0.006072874493927126
423,voter,TRUE,TRUE,usable_partial,132,0.26720647773279355
423,voter,TRUE,TRUE,usable_partial_limited_metadata,2,0.004048582995951417
424,abstention,FALSE,FALSE,no_determinants,39,0.07707509881422925
424,abstention,FALSE,FALSE,suspicious_determinants,2,0.003952569169960474
424,abstention,FALSE,FALSE,too_many_missing_determinants,3,0.005928853754940711
424,abstention,TRUE,TRUE,usable_complete,397,0.7845849802371542
424,abstention,TRUE,TRUE,usable_complete_limited_metadata,12,0.023715415019762844
424,abstention,TRUE,TRUE,usable_partial,49,0.09683794466403162
424,abstention,TRUE,TRUE,usable_partial_limited_metadata,4,0.007905138339920948
424,voter,FALSE,FALSE,no_determinants,84,0.1700404858299595
424,voter,FALSE,FALSE,suspicious_determinants,4,0.008097165991902834
424,voter,FALSE,FALSE,too_many_missing_determinants,25,0.05060728744939271
424,voter,TRUE,TRUE,usable_complete,231,0.4676113360323887
424,voter,TRUE,TRUE,usable_complete_limited_metadata,8,0.016194331983805668
424,voter,TRUE,TRUE,usable_partial,141,0.28542510121457487
424,voter,TRUE,TRUE,usable_partial_limited_metadata,1,0.0020242914979757085
425,abstention,FALSE,FALSE,no_determinants,32,0.06324110671936758
425,abstention,FALSE,FALSE,suspicious_determinants,2,0.003952569169960474
425,abstention,FALSE,FALSE,too_many_missing_determinants,3,0.005928853754940711
425,abstention,TRUE,TRUE,usable_complete,400,0.7905138339920948
425,abstention,TRUE,TRUE,usable_complete_limited_metadata,22,0.043478260869565216
425,abstention,TRUE,TRUE,usable_partial,46,0.09090909090909091
425,abstention,TRUE,TRUE,usable_partial_limited_metadata,1,0.001976284584980237
425,voter,FALSE,FALSE,no_determinants,64,0.12955465587044535
425,voter,FALSE,FALSE,suspicious_determinants,4,0.008097165991902834
425,voter,FALSE,FALSE,too_many_missing_determinants,24,0.048582995951417005
425,voter,TRUE,TRUE,usable_complete,252,0.5101214574898786
425,voter,TRUE,TRUE,usable_complete_limited_metadata,11,0.022267206477732792
425,voter,TRUE,TRUE,usable_partial,139,0.2813765182186235
426,abstention,FALSE,FALSE,no_determinants,26,0.05138339920948617
426,abstention,FALSE,FALSE,too_many_missing_determinants,1,0.001976284584980237
426,abstention,TRUE,TRUE,usable_complete,411,0.8122529644268774
426,abstention,TRUE,TRUE,usable_complete_limited_metadata,16,0.03162055335968379
426,abstention,TRUE,TRUE,usable_partial,51,0.1007905138339921
426,abstention,TRUE,TRUE,usable_partial_limited_metadata,1,0.001976284584980237
426,voter,FALSE,FALSE,no_determinants,74,0.14979757085020243
426,voter,FALSE,FALSE,suspicious_determinants,2,0.004048582995951417
426,voter,FALSE,FALSE,too_many_missing_determinants,25,0.05060728744939271
426,voter,TRUE,TRUE,usable_complete,237,0.4797570850202429
426,voter,TRUE,TRUE,usable_complete_limited_metadata,7,0.01417004048582996
426,voter,TRUE,TRUE,usable_partial,149,0.3016194331983806
427,abstention,FALSE,FALSE,no_determinants,23,0.045454545454545456
427,abstention,FALSE,FALSE,suspicious_determinants,2,0.003952569169960474
427,abstention,FALSE,FALSE,too_many_missing_determinants,4,0.007905138339920948
427,abstention,TRUE,TRUE,usable_complete,391,0.7727272727272727
427,abstention,TRUE,TRUE,usable_complete_limited_metadata,24,0.04743083003952569
427,abstention,TRUE,TRUE,usable_partial,61,0.12055335968379446
427,abstention,TRUE,TRUE,usable_partial_limited_metadata,1,0.001976284584980237
427,voter,FALSE,FALSE,no_determinants,90,0.18218623481781376
427,voter,FALSE,FALSE,suspicious_determinants,4,0.008097165991902834
427,voter,FALSE,FALSE,too_many_missing_determinants,24,0.048582995951417005
427,voter,TRUE,TRUE,usable_complete,244,0.4939271255060729
427,voter,TRUE,TRUE,usable_complete_limited_metadata,9,0.018218623481781375
427,voter,TRUE,TRUE,usable_partial,123,0.24898785425101214
428,abstention,FALSE,FALSE,no_determinants,26,0.05138339920948617
428,abstention,FALSE,FALSE,suspicious_determinants,3,0.005928853754940711
428,abstention,FALSE,FALSE,too_many_missing_determinants,3,0.005928853754940711
428,abstention,TRUE,TRUE,usable_complete,415,0.8201581027667985
428,abstention,TRUE,TRUE,usable_complete_limited_metadata,19,0.037549407114624504
428,abstention,TRUE,TRUE,usable_partial,38,0.07509881422924901
428,abstention,TRUE,TRUE,usable_partial_limited_metadata,2,0.003952569169960474
428,voter,FALSE,FALSE,no_determinants,82,0.1659919028340081
428,voter,FALSE,FALSE,suspicious_determinants,6,0.012145748987854251
428,voter,FALSE,FALSE,too_many_missing_determinants,26,0.05263157894736842
428,voter,TRUE,TRUE,usable_complete,239,0.48380566801619435
428,voter,TRUE,TRUE,usable_complete_limited_metadata,5,0.010121457489878543
428,voter,TRUE,TRUE,usable_partial,136,0.27530364372469635
429,abstention,FALSE,FALSE,no_determinants,33,0.06521739130434782
429,abstention,FALSE,FALSE,suspicious_determinants,1,0.001976284584980237
429,abstention,FALSE,FALSE,too_many_missing_determinants,3,0.005928853754940711
429,abstention,TRUE,TRUE,usable_complete,392,0.7747035573122529
429,abstention,TRUE,TRUE,usable_complete_limited_metadata,20,0.039525691699604744
429,abstention,TRUE,TRUE,usable_partial,55,0.10869565217391304
429,abstention,TRUE,TRUE,usable_partial_limited_metadata,2,0.003952569169960474
429,voter,FALSE,FALSE,no_determinants,70,0.1417004048582996
429,voter,FALSE,FALSE,suspicious_determinants,2,0.004048582995951417
429,voter,FALSE,FALSE,too_many_missing_determinants,29,0.058704453441295545
429,voter,TRUE,TRUE,usable_complete,266,0.5384615384615384
429,voter,TRUE,TRUE,usable_complete_limited_metadata,7,0.01417004048582996
429,voter,TRUE,TRUE,usable_partial,118,0.2388663967611336
429,voter,TRUE,TRUE,usable_partial_limited_metadata,2,0.004048582995951417
430,abstention,FALSE,FALSE,no_determinants,23,0.045454545454545456
430,abstention,FALSE,FALSE,suspicious_determinants,1,0.001976284584980237
430,abstention,FALSE,FALSE,too_many_missing_determinants,4,0.007905138339920948
430,abstention,TRUE,TRUE,usable_complete,399,0.7885375494071146
430,abstention,TRUE,TRUE,usable_complete_limited_metadata,29,0.05731225296442688
430,abstention,TRUE,TRUE,usable_partial,47,0.09288537549407115
430,abstention,TRUE,TRUE,usable_partial_limited_metadata,3,0.005928853754940711
430,voter,FALSE,FALSE,no_determinants,79,0.15991902834008098
430,voter,FALSE,FALSE,suspicious_determinants,4,0.008097165991902834
430,voter,FALSE,FALSE,too_many_missing_determinants,28,0.05668016194331984
430,voter,TRUE,TRUE,usable_complete,262,0.5303643724696356
430,voter,TRUE,TRUE,usable_complete_limited_metadata,4,0.008097165991902834
430,voter,TRUE,TRUE,usable_partial,116,0.23481781376518218
430,voter,TRUE,TRUE,usable_partial_limited_metadata,1,0.0020242914979757085
431,abstention,FALSE,FALSE,no_determinants,31,0.06126482213438735
431,abstention,FALSE,FALSE,too_many_missing_determinants,6,0.011857707509881422
431,abstention,TRUE,TRUE,usable_complete,394,0.7786561264822134
431,abstention,TRUE,TRUE,usable_complete_limited_metadata,25,0.04940711462450593
431,abstention,TRUE,TRUE,usable_partial,49,0.09683794466403162
431,abstention,TRUE,TRUE,usable_partial_limited_metadata,1,0.001976284584980237
431,voter,FALSE,FALSE,no_determinants,71,0.1437246963562753
431,voter,FALSE,FALSE,suspicious_determinants,5,0.010121457489878543
431,voter,FALSE,FALSE,too_many_missing_determinants,24,0.048582995951417005
431,voter,TRUE,TRUE,usable_complete,258,0.5222672064777328
431,voter,TRUE,TRUE,usable_complete_limited_metadata,6,0.012145748987854251
431,voter,TRUE,TRUE,usable_partial,129,0.2611336032388664
431,voter,TRUE,TRUE,usable_partial_limited_metadata,1,0.0020242914979757085
432,abstention,FALSE,FALSE,no_determinants,34,0.06719367588932806
432,abstention,FALSE,FALSE,too_many_missing_determinants,5,0.009881422924901186
432,abstention,TRUE,TRUE,usable_complete,402,0.7944664031620553
432,abstention,TRUE,TRUE,usable_complete_limited_metadata,16,0.03162055335968379
432,abstention,TRUE,TRUE,usable_partial,47,0.09288537549407115
432,abstention,TRUE,TRUE,usable_partial_limited_metadata,2,0.003952569169960474
432,voter,FALSE,FALSE,no_determinants,70,0.1417004048582996
432,voter,FALSE,FALSE,suspicious_determinants,2,0.004048582995951417
432,voter,FALSE,FALSE,too_many_missing_determinants,30,0.06072874493927125
432,voter,TRUE,TRUE,usable_complete,258,0.5222672064777328
432,voter,TRUE,TRUE,usable_complete_limited_metadata,6,0.012145748987854251
432,voter,TRUE,TRUE,usable_partial,127,0.25708502024291496
432,voter,TRUE,TRUE,usable_partial_limited_metadata,1,0.0020242914979757085
433,abstention,FALSE,FALSE,no_determinants,26,0.05138339920948617
433,abstention,FALSE,FALSE,suspicious_determinants,1,0.001976284584980237
433,abstention,FALSE,FALSE,too_many_missing_determinants,2,0.003952569169960474
433,abstention,TRUE,TRUE,usable_complete,409,0.808300395256917
433,abstention,TRUE,TRUE,usable_complete_limited_metadata,19,0.037549407114624504
433,abstention,TRUE,TRUE,usable_partial,47,0.09288537549407115
433,abstention,TRUE,TRUE,usable_partial_limited_metadata,2,0.003952569169960474
433,voter,FALSE,FALSE,no_determinants,99,0.20040485829959515
433,voter,FALSE,FALSE,suspicious_determinants,3,0.006072874493927126
433,voter,FALSE,FALSE,too_many_missing_determinants,28,0.05668016194331984
433,voter,TRUE,TRUE,usable_complete,233,0.4716599190283401
433,voter,TRUE,TRUE,usable_complete_limited_metadata,7,0.01417004048582996
433,voter,TRUE,TRUE,usable_partial,124,0.25101214574898784
434,abstention,FALSE,FALSE,no_determinants,33,0.06521739130434782
434,abstention,FALSE,FALSE,suspicious_determinants,1,0.001976284584980237
434,abstention,FALSE,FALSE,too_many_missing_determinants,2,0.003952569169960474
434,abstention,TRUE,TRUE,usable_complete,405,0.8003952569169961
434,abstention,TRUE,TRUE,usable_complete_limited_metadata,18,0.03557312252964427
434,abstention,TRUE,TRUE,usable_partial,41,0.08102766798418973
434,abstention,TRUE,TRUE,usable_partial_limited_metadata,6,0.011857707509881422
434,voter,FALSE,FALSE,no_determinants,81,0.16396761133603238
434,voter,FALSE,FALSE,suspicious_determinants,3,0.006072874493927126
434,voter,FALSE,FALSE,too_many_missing_determinants,29,0.058704453441295545
434,voter,TRUE,TRUE,usable_complete,237,0.4797570850202429
434,voter,TRUE,TRUE,usable_complete_limited_metadata,10,0.020242914979757085
434,voter,TRUE,TRUE,usable_partial,134,0.27125506072874495
435,abstention,FALSE,FALSE,no_determinants,27,0.0533596837944664
435,abstention,FALSE,FALSE,suspicious_determinants,4,0.007905138339920948
435,abstention,FALSE,FALSE,too_many_missing_determinants,5,0.009881422924901186
435,abstention,TRUE,TRUE,usable_complete,417,0.8241106719367589
435,abstention,TRUE,TRUE,usable_complete_limited_metadata,13,0.025691699604743084
435,abstention,TRUE,TRUE,usable_partial,38,0.07509881422924901
435,abstention,TRUE,TRUE,usable_partial_limited_metadata,2,0.003952569169960474
435,voter,FALSE,FALSE,no_determinants,88,0.17813765182186234
435,voter,FALSE,FALSE,suspicious_determinants,2,0.004048582995951417
435,voter,FALSE,FALSE,too_many_missing_determinants,27,0.05465587044534413
435,voter,TRUE,TRUE,usable_complete,246,0.4979757085020243
435,voter,TRUE,TRUE,usable_complete_limited_metadata,6,0.012145748987854251
435,voter,TRUE,TRUE,usable_partial,125,0.25303643724696356
436,abstention,FALSE,FALSE,no_determinants,27,0.0533596837944664
436,abstention,FALSE,FALSE,suspicious_determinants,2,0.003952569169960474
436,abstention,FALSE,FALSE,too_many_missing_determinants,4,0.007905138339920948
436,abstention,TRUE,TRUE,usable_complete,402,0.7944664031620553
436,abstention,TRUE,TRUE,usable_complete_limited_metadata,18,0.03557312252964427
436,abstention,TRUE,TRUE,usable_partial,48,0.09486166007905138
436,abstention,TRUE,TRUE,usable_partial_limited_metadata,5,0.009881422924901186
436,voter,FALSE,FALSE,no_determinants,78,0.15789473684210525
436,voter,FALSE,FALSE,suspicious_determinants,1,0.0020242914979757085
436,voter,FALSE,FALSE,too_many_missing_determinants,22,0.044534412955465584
436,voter,TRUE,TRUE,usable_complete,244,0.4939271255060729
436,voter,TRUE,TRUE,usable_complete_limited_metadata,10,0.020242914979757085
436,voter,TRUE,TRUE,usable_partial,137,0.2773279352226721
436,voter,TRUE,TRUE,usable_partial_limited_metadata,2,0.004048582995951417
437,abstention,FALSE,FALSE,no_determinants,32,0.06324110671936758
437,abstention,FALSE,FALSE,suspicious_determinants,1,0.001976284584980237
437,abstention,FALSE,FALSE,too_many_missing_determinants,7,0.01383399209486166
437,abstention,TRUE,TRUE,usable_complete,417,0.8241106719367589
437,abstention,TRUE,TRUE,usable_complete_limited_metadata,16,0.03162055335968379
437,abstention,TRUE,TRUE,usable_partial,32,0.06324110671936758
437,abstention,TRUE,TRUE,usable_partial_limited_metadata,1,0.001976284584980237
437,voter,FALSE,FALSE,no_determinants,73,0.14777327935222673
437,voter,FALSE,FALSE,suspicious_determinants,5,0.010121457489878543
437,voter,FALSE,FALSE,too_many_missing_determinants,26,0.05263157894736842
437,voter,TRUE,TRUE,usable_complete,260,0.5263157894736842
437,voter,TRUE,TRUE,usable_complete_limited_metadata,8,0.016194331983805668
437,voter,TRUE,TRUE,usable_partial,121,0.24493927125506074
437,voter,TRUE,TRUE,usable_partial_limited_metadata,1,0.0020242914979757085
438,abstention,FALSE,FALSE,no_determinants,27,0.0533596837944664
438,abstention,FALSE,FALSE,suspicious_determinants,3,0.005928853754940711
438,abstention,FALSE,FALSE,too_many_missing_determinants,5,0.009881422924901186
438,abstention,TRUE,TRUE,usable_complete,412,0.8142292490118577
438,abstention,TRUE,TRUE,usable_complete_limited_metadata,18,0.03557312252964427
438,abstention,TRUE,TRUE,usable_partial,40,0.07905138339920949
438,abstention,TRUE,TRUE,usable_partial_limited_metadata,1,0.001976284584980237
438,voter,FALSE,FALSE,no_determinants,70,0.1417004048582996
438,voter,FALSE,FALSE,suspicious_determinants,5,0.010121457489878543
438,voter,FALSE,FALSE,too_many_missing_determinants,22,0.044534412955465584
438,voter,TRUE,TRUE,usable_complete,261,0.52834008097166
438,voter,TRUE,TRUE,usable_complete_limited_metadata,3,0.006072874493927126
438,voter,TRUE,TRUE,usable_partial,129,0.2611336032388664
438,voter,TRUE,TRUE,usable_partial_limited_metadata,4,0.008097165991902834
439,abstention,FALSE,FALSE,no_determinants,33,0.06521739130434782
439,abstention,FALSE,FALSE,too_many_missing_determinants,4,0.007905138339920948
439,abstention,TRUE,TRUE,usable_complete,394,0.7786561264822134
439,abstention,TRUE,TRUE,usable_complete_limited_metadata,25,0.04940711462450593
439,abstention,TRUE,TRUE,usable_partial,48,0.09486166007905138
439,abstention,TRUE,TRUE,usable_partial_limited_metadata,2,0.003952569169960474
439,voter,FALSE,FALSE,no_determinants,79,0.15991902834008098
439,voter,FALSE,FALSE,suspicious_determinants,1,0.0020242914979757085
439,voter,FALSE,FALSE,too_many_missing_determinants,27,0.05465587044534413
439,voter,TRUE,TRUE,usable_complete,245,0.4959514170040486
439,voter,TRUE,TRUE,usable_complete_limited_metadata,10,0.020242914979757085
439,voter,TRUE,TRUE,usable_partial,130,0.2631578947368421
439,voter,TRUE,TRUE,usable_partial_limited_metadata,2,0.004048582995951417
440,abstention,FALSE,FALSE,no_determinants,34,0.06719367588932806
440,abstention,FALSE,FALSE,too_many_missing_determinants,3,0.005928853754940711
440,abstention,TRUE,TRUE,usable_complete,395,0.7806324110671937
440,abstention,TRUE,TRUE,usable_complete_limited_metadata,26,0.05138339920948617
440,abstention,TRUE,TRUE,usable_partial,44,0.08695652173913043
440,abstention,TRUE,TRUE,usable_partial_limited_metadata,4,0.007905138339920948
440,voter,FALSE,FALSE,no_determinants,90,0.18218623481781376
440,voter,FALSE,FALSE,suspicious_determinants,5,0.010121457489878543
440,voter,FALSE,FALSE,too_many_missing_determinants,32,0.06477732793522267
440,voter,TRUE,TRUE,usable_complete,240,0.48582995951417
440,voter,TRUE,TRUE,usable_complete_limited_metadata,7,0.01417004048582996
440,voter,TRUE,TRUE,usable_partial,120,0.242914979757085
441,abstention,FALSE,FALSE,no_determinants,29,0.05731225296442688
441,abstention,FALSE,FALSE,too_many_missing_determinants,3,0.005928853754940711
441,abstention,TRUE,TRUE,usable_complete,405,0.8003952569169961
441,abstention,TRUE,TRUE,usable_complete_limited_metadata,16,0.03162055335968379
441,abstention,TRUE,TRUE,usable_partial,51,0.1007905138339921
441,abstention,TRUE,TRUE,usable_partial_limited_metadata,2,0.003952569169960474
441,voter,FALSE,FALSE,no_determinants,89,0.18016194331983806
441,voter,FALSE,FALSE,suspicious_determinants,2,0.004048582995951417
441,voter,FALSE,FALSE,too_many_missing_determinants,30,0.06072874493927125
441,voter,TRUE,TRUE,usable_complete,223,0.451417004048583
441,voter,TRUE,TRUE,usable_complete_limited_metadata,8,0.016194331983805668
441,voter,TRUE,TRUE,usable_partial,141,0.28542510121457487
441,voter,TRUE,TRUE,usable_partial_limited_metadata,1,0.0020242914979757085
442,abstention,FALSE,FALSE,no_determinants,31,0.06126482213438735
442,abstention,FALSE,FALSE,suspicious_determinants,1,0.001976284584980237
442,abstention,FALSE,FALSE,too_many_missing_determinants,4,0.007905138339920948
442,abstention,TRUE,TRUE,usable_complete,396,0.782608695652174
442,abstention,TRUE,TRUE,usable_complete_limited_metadata,25,0.04940711462450593
442,abstention,TRUE,TRUE,usable_partial,46,0.09090909090909091
442,abstention,TRUE,TRUE,usable_partial_limited_metadata,3,0.005928853754940711
442,voter,FALSE,FALSE,no_determinants,65,0.13157894736842105
442,voter,FALSE,FALSE,suspicious_determinants,2,0.004048582995951417
442,voter,FALSE,FALSE,too_many_missing_determinants,28,0.05668016194331984
442,voter,TRUE,TRUE,usable_complete,271,0.548582995951417
442,voter,TRUE,TRUE,usable_complete_limited_metadata,7,0.01417004048582996
442,voter,TRUE,TRUE,usable_partial,121,0.24493927125506074
443,abstention,FALSE,FALSE,no_determinants,21,0.041501976284584984
443,abstention,FALSE,FALSE,suspicious_determinants,1,0.001976284584980237
443,abstention,FALSE,FALSE,too_many_missing_determinants,4,0.007905138339920948
443,abstention,TRUE,TRUE,usable_complete,399,0.7885375494071146
443,abstention,TRUE,TRUE,usable_complete_limited_metadata,20,0.039525691699604744
443,abstention,TRUE,TRUE,usable_partial,59,0.116600790513834
443,abstention,TRUE,TRUE,usable_partial_limited_metadata,2,0.003952569169960474
443,voter,FALSE,FALSE,no_determinants,79,0.15991902834008098
443,voter,FALSE,FALSE,suspicious_determinants,3,0.006072874493927126
443,voter,FALSE,FALSE,too_many_missing_determinants,19,0.038461538461538464
443,voter,TRUE,TRUE,usable_complete,260,0.5263157894736842
443,voter,TRUE,TRUE,usable_complete_limited_metadata,9,0.018218623481781375
443,voter,TRUE,TRUE,usable_partial,123,0.24898785425101214
443,voter,TRUE,TRUE,usable_partial_limited_metadata,1,0.0020242914979757085
444,abstention,FALSE,FALSE,no_determinants,35,0.0691699604743083
444,abstention,FALSE,FALSE,suspicious_determinants,2,0.003952569169960474
444,abstention,FALSE,FALSE,too_many_missing_determinants,3,0.005928853754940711
444,abstention,TRUE,TRUE,usable_complete,403,0.7964426877470355
444,abstention,TRUE,TRUE,usable_complete_limited_metadata,15,0.029644268774703556
444,abstention,TRUE,TRUE,usable_partial,46,0.09090909090909091
444,abstention,TRUE,TRUE,usable_partial_limited_metadata,2,0.003952569169960474
444,voter,FALSE,FALSE,no_determinants,81,0.16396761133603238
444,voter,FALSE,FALSE,suspicious_determinants,6,0.012145748987854251
444,voter,FALSE,FALSE,too_many_missing_determinants,23,0.0465587044534413
444,voter,TRUE,TRUE,usable_complete,251,0.5080971659919028
444,voter,TRUE,TRUE,usable_complete_limited_metadata,7,0.01417004048582996
444,voter,TRUE,TRUE,usable_partial,126,0.2550607287449393
445,abstention,FALSE,FALSE,no_determinants,35,0.0691699604743083
445,abstention,FALSE,FALSE,too_many_missing_determinants,4,0.007905138339920948
445,abstention,TRUE,TRUE,usable_complete,399,0.7885375494071146
445,abstention,TRUE,TRUE,usable_complete_limited_metadata,21,0.041501976284584984
445,abstention,TRUE,TRUE,usable_partial,47,0.09288537549407115
445,voter,FALSE,FALSE,no_determinants,71,0.1437246963562753
445,voter,FALSE,FALSE,suspicious_determinants,4,0.008097165991902834
445,voter,FALSE,FALSE,too_many_missing_determinants,32,0.06477732793522267
445,voter,TRUE,TRUE,usable_complete,248,0.5020242914979757
445,voter,TRUE,TRUE,usable_complete_limited_metadata,13,0.02631578947368421
445,voter,TRUE,TRUE,usable_partial,124,0.25101214574898784
445,voter,TRUE,TRUE,usable_partial_limited_metadata,2,0.004048582995951417
446,abstention,FALSE,FALSE,no_determinants,36,0.07114624505928854
446,abstention,FALSE,FALSE,suspicious_determinants,3,0.005928853754940711
446,abstention,FALSE,FALSE,too_many_missing_determinants,8,0.015810276679841896
446,abstention,TRUE,TRUE,usable_complete,387,0.7648221343873518
446,abstention,TRUE,TRUE,usable_complete_limited_metadata,18,0.03557312252964427
446,abstention,TRUE,TRUE,usable_partial,53,0.10474308300395258
446,abstention,TRUE,TRUE,usable_partial_limited_metadata,1,0.001976284584980237
446,voter,FALSE,FALSE,no_determinants,64,0.12955465587044535
446,voter,FALSE,FALSE,suspicious_determinants,7,0.01417004048582996
446,voter,FALSE,FALSE,too_many_missing_determinants,38,0.07692307692307693
446,voter,TRUE,TRUE,usable_complete,258,0.5222672064777328
446,voter,TRUE,TRUE,usable_complete_limited_metadata,2,0.004048582995951417
446,voter,TRUE,TRUE,usable_partial,125,0.25303643724696356
447,abstention,FALSE,FALSE,no_determinants,24,0.04743083003952569
447,abstention,FALSE,FALSE,suspicious_determinants,1,0.001976284584980237
447,abstention,FALSE,FALSE,too_many_missing_determinants,5,0.009881422924901186
447,abstention,TRUE,TRUE,usable_complete,389,0.7687747035573123
447,abstention,TRUE,TRUE,usable_complete_limited_metadata,23,0.045454545454545456
447,abstention,TRUE,TRUE,usable_partial,63,0.12450592885375494
447,abstention,TRUE,TRUE,usable_partial_limited_metadata,1,0.001976284584980237
447,voter,FALSE,FALSE,no_determinants,70,0.1417004048582996
447,voter,FALSE,FALSE,suspicious_determinants,1,0.0020242914979757085
447,voter,FALSE,FALSE,too_many_missing_determinants,33,0.06680161943319839
447,voter,TRUE,TRUE,usable_complete,242,0.4898785425101215
447,voter,TRUE,TRUE,usable_complete_limited_metadata,7,0.01417004048582996
447,voter,TRUE,TRUE,usable_partial,141,0.28542510121457487
448,abstention,FALSE,FALSE,no_determinants,39,0.07707509881422925
448,abstention,FALSE,FALSE,suspicious_determinants,1,0.001976284584980237
448,abstention,FALSE,FALSE,too_many_missing_determinants,4,0.007905138339920948
448,abstention,TRUE,TRUE,usable_complete,395,0.7806324110671937
448,abstention,TRUE,TRUE,usable_complete_limited_metadata,17,0.03359683794466403
448,abstention,TRUE,TRUE,usable_partial,48,0.09486166007905138
448,abstention,TRUE,TRUE,usable_partial_limited_metadata,2,0.003952569169960474
448,voter,FALSE,FALSE,no_determinants,86,0.17408906882591094
448,voter,FALSE,FALSE,suspicious_determinants,4,0.008097165991902834
448,voter,FALSE,FALSE,too_many_missing_determinants,21,0.04251012145748988
448,voter,TRUE,TRUE,usable_complete,246,0.4979757085020243
448,voter,TRUE,TRUE,usable_complete_limited_metadata,9,0.018218623481781375
448,voter,TRUE,TRUE,usable_partial,124,0.25101214574898784
448,voter,TRUE,TRUE,usable_partial_limited_metadata,4,0.008097165991902834
449,abstention,FALSE,FALSE,no_determinants,40,0.07905138339920949
449,abstention,FALSE,FALSE,suspicious_determinants,2,0.003952569169960474
449,abstention,FALSE,FALSE,too_many_missing_determinants,3,0.005928853754940711
449,abstention,TRUE,TRUE,usable_complete,395,0.7806324110671937
449,abstention,TRUE,TRUE,usable_complete_limited_metadata,19,0.037549407114624504
449,abstention,TRUE,TRUE,usable_partial,42,0.08300395256916997
449,abstention,TRUE,TRUE,usable_partial_limited_metadata,5,0.009881422924901186
449,voter,FALSE,FALSE,no_determinants,85,0.1720647773279352
449,voter,FALSE,FALSE,suspicious_determinants,2,0.004048582995951417
449,voter,FALSE,FALSE,too_many_missing_determinants,26,0.05263157894736842
449,voter,TRUE,TRUE,usable_complete,242,0.4898785425101215
449,voter,TRUE,TRUE,usable_complete_limited_metadata,5,0.010121457489878543
449,voter,TRUE,TRUE,usable_partial,133,0.2692307692307692
449,voter,TRUE,TRUE,usable_partial_limited_metadata,1,0.0020242914979757085
450,abstention,FALSE,FALSE,no_determinants,28,0.05533596837944664
450,abstention,FALSE,FALSE,suspicious_determinants,2,0.003952569169960474
450,abstention,FALSE,FALSE,too_many_missing_determinants,4,0.007905138339920948
450,abstention,TRUE,TRUE,usable_complete,402,0.7944664031620553
450,abstention,TRUE,TRUE,usable_complete_limited_metadata,19,0.037549407114624504
450,abstention,TRUE,TRUE,usable_partial,51,0.1007905138339921
450,voter,FALSE,FALSE,no_determinants,87,0.17611336032388664
450,voter,FALSE,FALSE,suspicious_determinants,2,0.004048582995951417
450,voter,FALSE,FALSE,too_many_missing_determinants,15,0.030364372469635626
450,voter,TRUE,TRUE,usable_complete,263,0.5323886639676113
450,voter,TRUE,TRUE,usable_complete_limited_metadata,6,0.012145748987854251
450,voter,TRUE,TRUE,usable_partial,121,0.24493927125506074
451,abstention,FALSE,FALSE,no_determinants,23,0.045454545454545456
451,abstention,FALSE,FALSE,suspicious_determinants,1,0.001976284584980237
451,abstention,FALSE,FALSE,too_many_missing_determinants,4,0.007905138339920948
451,abstention,TRUE,TRUE,usable_complete,394,0.7786561264822134
451,abstention,TRUE,TRUE,usable_complete_limited_metadata,19,0.037549407114624504
451,abstention,TRUE,TRUE,usable_partial,61,0.12055335968379446
451,abstention,TRUE,TRUE,usable_partial_limited_metadata,4,0.007905138339920948
451,voter,FALSE,FALSE,no_determinants,79,0.15991902834008098
451,voter,FALSE,FALSE,suspicious_determinants,4,0.008097165991902834
451,voter,FALSE,FALSE,too_many_missing_determinants,29,0.058704453441295545
451,voter,TRUE,TRUE,usable_complete,235,0.4757085020242915
451,voter,TRUE,TRUE,usable_complete_limited_metadata,4,0.008097165991902834
451,voter,TRUE,TRUE,usable_partial,141,0.28542510121457487
451,voter,TRUE,TRUE,usable_partial_limited_metadata,2,0.004048582995951417
452,abstention,FALSE,FALSE,no_determinants,26,0.05138339920948617
452,abstention,FALSE,FALSE,suspicious_determinants,1,0.001976284584980237
452,abstention,FALSE,FALSE,too_many_missing_determinants,6,0.011857707509881422
452,abstention,TRUE,TRUE,usable_complete,403,0.7964426877470355
452,abstention,TRUE,TRUE,usable_complete_limited_metadata,27,0.0533596837944664
452,abstention,TRUE,TRUE,usable_partial,40,0.07905138339920949
452,abstention,TRUE,TRUE,usable_partial_limited_metadata,3,0.005928853754940711
452,voter,FALSE,FALSE,no_determinants,87,0.17611336032388664
452,voter,FALSE,FALSE,suspicious_determinants,3,0.006072874493927126
452,voter,FALSE,FALSE,too_many_missing_determinants,24,0.048582995951417005
452,voter,TRUE,TRUE,usable_complete,257,0.520242914979757
452,voter,TRUE,TRUE,usable_complete_limited_metadata,6,0.012145748987854251
452,voter,TRUE,TRUE,usable_partial,116,0.23481781376518218
452,voter,TRUE,TRUE,usable_partial_limited_metadata,1,0.0020242914979757085
453,abstention,FALSE,FALSE,no_determinants,34,0.06719367588932806
453,abstention,FALSE,FALSE,too_many_missing_determinants,5,0.009881422924901186
453,abstention,TRUE,TRUE,usable_complete,401,0.7924901185770751
453,abstention,TRUE,TRUE,usable_complete_limited_metadata,19,0.037549407114624504
453,abstention,TRUE,TRUE,usable_partial,45,0.08893280632411067
453,abstention,TRUE,TRUE,usable_partial_limited_metadata,2,0.003952569169960474
453,voter,FALSE,FALSE,no_determinants,83,0.1680161943319838
453,voter,FALSE,FALSE,suspicious_determinants,2,0.004048582995951417
453,voter,FALSE,FALSE,too_many_missing_determinants,35,0.0708502024291498
453,voter,TRUE,TRUE,usable_complete,251,0.5080971659919028
453,voter,TRUE,TRUE,usable_complete_limited_metadata,5,0.010121457489878543
453,voter,TRUE,TRUE,usable_partial,114,0.23076923076923078
453,voter,TRUE,TRUE,usable_partial_limited_metadata,4,0.008097165991902834
454,abstention,FALSE,FALSE,no_determinants,33,0.06521739130434782
454,abstention,FALSE,FALSE,too_many_missing_determinants,4,0.007905138339920948
454,abstention,TRUE,TRUE,usable_complete,385,0.7608695652173914
454,abstention,TRUE,TRUE,usable_complete_limited_metadata,30,0.05928853754940711
454,abstention,TRUE,TRUE,usable_partial,49,0.09683794466403162
454,abstention,TRUE,TRUE,usable_partial_limited_metadata,5,0.009881422924901186
454,voter,FALSE,FALSE,no_determinants,79,0.15991902834008098
454,voter,FALSE,FALSE,suspicious_determinants,3,0.006072874493927126
454,voter,FALSE,FALSE,too_many_missing_determinants,26,0.05263157894736842
454,voter,TRUE,TRUE,usable_complete,250,0.5060728744939271
454,voter,TRUE,TRUE,usable_complete_limited_metadata,9,0.018218623481781375
454,voter,TRUE,TRUE,usable_partial,125,0.25303643724696356
454,voter,TRUE,TRUE,usable_partial_limited_metadata,2,0.004048582995951417
455,abstention,FALSE,FALSE,no_determinants,26,0.05138339920948617
455,abstention,FALSE,FALSE,too_many_missing_determinants,6,0.011857707509881422
455,abstention,TRUE,TRUE,usable_complete,409,0.808300395256917
455,abstention,TRUE,TRUE,usable_complete_limited_metadata,19,0.037549407114624504
455,abstention,TRUE,TRUE,usable_partial,44,0.08695652173913043
455,abstention,TRUE,TRUE,usable_partial_limited_metadata,2,0.003952569169960474
455,voter,FALSE,FALSE,no_determinants,78,0.15789473684210525
455,voter,FALSE,FALSE,suspicious_determinants,1,0.0020242914979757085
455,voter,FALSE,FALSE,too_many_missing_determinants,24,0.048582995951417005
455,voter,TRUE,TRUE,usable_complete,254,0.5141700404858299
455,voter,TRUE,TRUE,usable_complete_limited_metadata,9,0.018218623481781375
455,voter,TRUE,TRUE,usable_partial,126,0.2550607287449393
455,voter,TRUE,TRUE,usable_partial_limited_metadata,2,0.004048582995951417
456,abstention,FALSE,FALSE,no_determinants,27,0.0533596837944664
456,abstention,FALSE,FALSE,suspicious_determinants,2,0.003952569169960474
456,abstention,FALSE,FALSE,too_many_missing_determinants,4,0.007905138339920948
456,abstention,TRUE,TRUE,usable_complete,397,0.7845849802371542
456,abstention,TRUE,TRUE,usable_complete_limited_metadata,13,0.025691699604743084
456,abstention,TRUE,TRUE,usable_partial,58,0.11462450592885376
456,abstention,TRUE,TRUE,usable_partial_limited_metadata,5,0.009881422924901186
456,voter,FALSE,FALSE,no_determinants,77,0.15587044534412955
456,voter,FALSE,FALSE,suspicious_determinants,2,0.004048582995951417
456,voter,FALSE,FALSE,too_many_missing_determinants,34,0.06882591093117409
456,voter,TRUE,TRUE,usable_complete,258,0.5222672064777328
456,voter,TRUE,TRUE,usable_complete_limited_metadata,6,0.012145748987854251
456,voter,TRUE,TRUE,usable_partial,116,0.23481781376518218
456,voter,TRUE,TRUE,usable_partial_limited_metadata,1,0.0020242914979757085
457,abstention,FALSE,FALSE,no_determinants,41,0.08102766798418973
457,abstention,FALSE,FALSE,suspicious_determinants,1,0.001976284584980237
457,abstention,FALSE,FALSE,too_many_missing_determinants,6,0.011857707509881422
457,abstention,TRUE,TRUE,usable_complete,389,0.7687747035573123
457,abstention,TRUE,TRUE,usable_complete_limited_metadata,16,0.03162055335968379
457,abstention,TRUE,TRUE,usable_partial,51,0.1007905138339921
457,abstention,TRUE,TRUE,usable_partial_limited_metadata,2,0.003952569169960474
457,voter,FALSE,FALSE,no_determinants,80,0.16194331983805668
457,voter,FALSE,FALSE,suspicious_determinants,3,0.006072874493927126
457,voter,FALSE,FALSE,too_many_missing_determinants,32,0.06477732793522267
457,voter,TRUE,TRUE,usable_complete,252,0.5101214574898786
457,voter,TRUE,TRUE,usable_complete_limited_metadata,8,0.016194331983805668
457,voter,TRUE,TRUE,usable_partial,119,0.2408906882591093
458,abstention,FALSE,FALSE,no_determinants,30,0.05928853754940711
458,abstention,FALSE,FALSE,too_many_missing_determinants,6,0.011857707509881422
458,abstention,TRUE,TRUE,usable_complete,395,0.7806324110671937
458,abstention,TRUE,TRUE,usable_complete_limited_metadata,22,0.043478260869565216
458,abstention,TRUE,TRUE,usable_partial,52,0.10276679841897234
458,abstention,TRUE,TRUE,usable_partial_limited_metadata,1,0.001976284584980237
458,voter,FALSE,FALSE,no_determinants,75,0.15182186234817813
458,voter,FALSE,FALSE,suspicious_determinants,2,0.004048582995951417
458,voter,FALSE,FALSE,too_many_missing_determinants,30,0.06072874493927125
458,voter,TRUE,TRUE,usable_complete,229,0.46356275303643724
458,voter,TRUE,TRUE,usable_complete_limited_metadata,7,0.01417004048582996
458,voter,TRUE,TRUE,usable_partial,150,0.30364372469635625
458,voter,TRUE,TRUE,usable_partial_limited_metadata,1,0.0020242914979757085
459,abstention,FALSE,FALSE,no_determinants,29,0.05731225296442688
459,abstention,FALSE,FALSE,suspicious_determinants,1,0.001976284584980237
459,abstention,FALSE,FALSE,too_many_missing_determinants,4,0.007905138339920948
459,abstention,TRUE,TRUE,usable_complete,397,0.7845849802371542
459,abstention,TRUE,TRUE,usable_complete_limited_metadata,20,0.039525691699604744
459,abstention,TRUE,TRUE,usable_partial,53,0.10474308300395258
459,abstention,TRUE,TRUE,usable_partial_limited_metadata,2,0.003952569169960474
459,voter,FALSE,FALSE,no_determinants,72,0.145748987854251
459,voter,FALSE,FALSE,suspicious_determinants,6,0.012145748987854251
459,voter,FALSE,FALSE,too_many_missing_determinants,25,0.05060728744939271
459,voter,TRUE,TRUE,usable_complete,250,0.5060728744939271
459,voter,TRUE,TRUE,usable_complete_limited_metadata,9,0.018218623481781375
459,voter,TRUE,TRUE,usable_partial,132,0.26720647773279355
460,abstention,FALSE,FALSE,no_determinants,37,0.07312252964426877
460,abstention,FALSE,FALSE,suspicious_determinants,1,0.001976284584980237
460,abstention,FALSE,FALSE,too_many_missing_determinants,8,0.015810276679841896
460,abstention,TRUE,TRUE,usable_complete,400,0.7905138339920948
460,abstention,TRUE,TRUE,usable_complete_limited_metadata,18,0.03557312252964427
460,abstention,TRUE,TRUE,usable_partial,41,0.08102766798418973
460,abstention,TRUE,TRUE,usable_partial_limited_metadata,1,0.001976284584980237
460,voter,FALSE,FALSE,no_determinants,86,0.17408906882591094
460,voter,FALSE,FALSE,suspicious_determinants,4,0.008097165991902834
460,voter,FALSE,FALSE,too_many_missing_determinants,17,0.03441295546558704
460,voter,TRUE,TRUE,usable_complete,228,0.46153846153846156
460,voter,TRUE,TRUE,usable_complete_limited_metadata,7,0.01417004048582996
460,voter,TRUE,TRUE,usable_partial,152,0.3076923076923077
461,abstention,FALSE,FALSE,no_determinants,27,0.0533596837944664
461,abstention,FALSE,FALSE,too_many_missing_determinants,7,0.01383399209486166
461,abstention,TRUE,TRUE,usable_complete,401,0.7924901185770751
461,abstention,TRUE,TRUE,usable_complete_limited_metadata,24,0.04743083003952569
461,abstention,TRUE,TRUE,usable_partial,47,0.09288537549407115
461,voter,FALSE,FALSE,no_determinants,86,0.17408906882591094
461,voter,FALSE,FALSE,suspicious_determinants,3,0.006072874493927126
461,voter,FALSE,FALSE,too_many_missing_determinants,23,0.0465587044534413
461,voter,TRUE,TRUE,usable_complete,236,0.4777327935222672
461,voter,TRUE,TRUE,usable_complete_limited_metadata,8,0.016194331983805668
461,voter,TRUE,TRUE,usable_partial,137,0.2773279352226721
461,voter,TRUE,TRUE,usable_partial_limited_metadata,1,0.0020242914979757085
462,abstention,FALSE,FALSE,no_determinants,35,0.0691699604743083
462,abstention,FALSE,FALSE,suspicious_determinants,2,0.003952569169960474
462,abstention,FALSE,FALSE,too_many_missing_determinants,1,0.001976284584980237
462,abstention,TRUE,TRUE,usable_complete,396,0.782608695652174
462,abstention,TRUE,TRUE,usable_complete_limited_metadata,22,0.043478260869565216
462,abstention,TRUE,TRUE,usable_partial,46,0.09090909090909091
462,abstention,TRUE,TRUE,usable_partial_limited_metadata,4,0.007905138339920948
462,voter,FALSE,FALSE,no_determinants,85,0.1720647773279352
462,voter,FALSE,FALSE,suspicious_determinants,3,0.006072874493927126
462,voter,FALSE,FALSE,too_many_missing_determinants,40,0.08097165991902834
462,voter,TRUE,TRUE,usable_complete,232,0.46963562753036436
462,voter,TRUE,TRUE,usable_complete_limited_metadata,7,0.01417004048582996
462,voter,TRUE,TRUE,usable_partial,127,0.25708502024291496
463,abstention,FALSE,FALSE,no_determinants,25,0.04940711462450593
463,abstention,FALSE,FALSE,too_many_missing_determinants,5,0.009881422924901186
463,abstention,TRUE,TRUE,usable_complete,410,0.8102766798418972
463,abstention,TRUE,TRUE,usable_complete_limited_metadata,21,0.041501976284584984
463,abstention,TRUE,TRUE,usable_partial,44,0.08695652173913043
463,abstention,TRUE,TRUE,usable_partial_limited_metadata,1,0.001976284584980237
463,voter,FALSE,FALSE,no_determinants,61,0.12348178137651822
463,voter,FALSE,FALSE,suspicious_determinants,4,0.008097165991902834
463,voter,FALSE,FALSE,too_many_missing_determinants,28,0.05668016194331984
463,voter,TRUE,TRUE,usable_complete,265,0.5364372469635628
463,voter,TRUE,TRUE,usable_complete_limited_metadata,7,0.01417004048582996
463,voter,TRUE,TRUE,usable_partial,128,0.2591093117408907
463,voter,TRUE,TRUE,usable_partial_limited_metadata,1,0.0020242914979757085
464,abstention,FALSE,FALSE,no_determinants,29,0.05731225296442688
464,abstention,FALSE,FALSE,suspicious_determinants,2,0.003952569169960474
464,abstention,FALSE,FALSE,too_many_missing_determinants,1,0.001976284584980237
464,abstention,TRUE,TRUE,usable_complete,409,0.808300395256917
464,abstention,TRUE,TRUE,usable_complete_limited_metadata,9,0.017786561264822136
464,abstention,TRUE,TRUE,usable_partial,54,0.1067193675889328
464,abstention,TRUE,TRUE,usable_partial_limited_metadata,2,0.003952569169960474
464,voter,FALSE,FALSE,no_determinants,88,0.17813765182186234
464,voter,FALSE,FALSE,suspicious_determinants,2,0.004048582995951417
464,voter,FALSE,FALSE,too_many_missing_determinants,24,0.048582995951417005
464,voter,TRUE,TRUE,usable_complete,257,0.520242914979757
464,voter,TRUE,TRUE,usable_complete_limited_metadata,8,0.016194331983805668
464,voter,TRUE,TRUE,usable_partial,114,0.23076923076923078
464,voter,TRUE,TRUE,usable_partial_limited_metadata,1,0.0020242914979757085
465,abstention,FALSE,FALSE,no_determinants,24,0.04743083003952569
465,abstention,FALSE,FALSE,suspicious_determinants,5,0.009881422924901186
465,abstention,FALSE,FALSE,too_many_missing_determinants,4,0.007905138339920948
465,abstention,TRUE,TRUE,usable_complete,419,0.8280632411067194
465,abstention,TRUE,TRUE,usable_complete_limited_metadata,12,0.023715415019762844
465,abstention,TRUE,TRUE,usable_partial,42,0.08300395256916997
465,voter,FALSE,FALSE,no_determinants,82,0.1659919028340081
465,voter,FALSE,FALSE,suspicious_determinants,4,0.008097165991902834
465,voter,FALSE,FALSE,too_many_missing_determinants,27,0.05465587044534413
465,voter,TRUE,TRUE,usable_complete,246,0.4979757085020243
465,voter,TRUE,TRUE,usable_complete_limited_metadata,6,0.012145748987854251
465,voter,TRUE,TRUE,usable_partial,129,0.2611336032388664
466,abstention,FALSE,FALSE,no_determinants,25,0.04940711462450593
466,abstention,FALSE,FALSE,suspicious_determinants,3,0.005928853754940711
466,abstention,FALSE,FALSE,too_many_missing_determinants,2,0.003952569169960474
466,abstention,TRUE,TRUE,usable_complete,417,0.8241106719367589
466,abstention,TRUE,TRUE,usable_complete_limited_metadata,14,0.02766798418972332
466,abstention,TRUE,TRUE,usable_partial,44,0.08695652173913043
466,abstention,TRUE,TRUE,usable_partial_limited_metadata,1,0.001976284584980237
466,voter,FALSE,FALSE,no_determinants,79,0.15991902834008098
466,voter,FALSE,FALSE,suspicious_determinants,2,0.004048582995951417
466,voter,FALSE,FALSE,too_many_missing_determinants,26,0.05263157894736842
466,voter,TRUE,TRUE,usable_complete,253,0.5121457489878543
466,voter,TRUE,TRUE,usable_complete_limited_metadata,6,0.012145748987854251
466,voter,TRUE,TRUE,usable_partial,126,0.2550607287449393
466,voter,TRUE,TRUE,usable_partial_limited_metadata,2,0.004048582995951417
467,abstention,FALSE,FALSE,no_determinants,24,0.04743083003952569
467,abstention,FALSE,FALSE,suspicious_determinants,1,0.001976284584980237
467,abstention,FALSE,FALSE,too_many_missing_determinants,4,0.007905138339920948
467,abstention,TRUE,TRUE,usable_complete,410,0.8102766798418972
467,abstention,TRUE,TRUE,usable_complete_limited_metadata,19,0.037549407114624504
467,abstention,TRUE,TRUE,usable_partial,45,0.08893280632411067
467,abstention,TRUE,TRUE,usable_partial_limited_metadata,3,0.005928853754940711
467,voter,FALSE,FALSE,no_determinants,80,0.16194331983805668
467,voter,FALSE,FALSE,suspicious_determinants,4,0.008097165991902834
467,voter,FALSE,FALSE,too_many_missing_determinants,29,0.058704453441295545
467,voter,TRUE,TRUE,usable_complete,261,0.52834008097166
467,voter,TRUE,TRUE,usable_complete_limited_metadata,3,0.006072874493927126
467,voter,TRUE,TRUE,usable_partial,117,0.23684210526315788
468,abstention,FALSE,FALSE,no_determinants,31,0.06126482213438735
468,abstention,FALSE,FALSE,too_many_missing_determinants,9,0.017786561264822136
468,abstention,TRUE,TRUE,usable_complete,397,0.7845849802371542
468,abstention,TRUE,TRUE,usable_complete_limited_metadata,19,0.037549407114624504
468,abstention,TRUE,TRUE,usable_partial,50,0.09881422924901186
468,voter,FALSE,FALSE,no_determinants,97,0.19635627530364372
468,voter,FALSE,FALSE,suspicious_determinants,7,0.01417004048582996
468,voter,FALSE,FALSE,too_many_missing_determinants,24,0.048582995951417005
468,voter,TRUE,TRUE,usable_complete,233,0.4716599190283401
468,voter,TRUE,TRUE,usable_complete_limited_metadata,8,0.016194331983805668
468,voter,TRUE,TRUE,usable_partial,123,0.24898785425101214
468,voter,TRUE,TRUE,usable_partial_limited_metadata,2,0.004048582995951417
469,abstention,FALSE,FALSE,no_determinants,30,0.05928853754940711
469,abstention,FALSE,FALSE,too_many_missing_determinants,5,0.009881422924901186
469,abstention,TRUE,TRUE,usable_complete,418,0.8260869565217391
469,abstention,TRUE,TRUE,usable_complete_limited_metadata,18,0.03557312252964427
469,abstention,TRUE,TRUE,usable_partial,34,0.06719367588932806
469,abstention,TRUE,TRUE,usable_partial_limited_metadata,1,0.001976284584980237
469,voter,FALSE,FALSE,no_determinants,87,0.17611336032388664
469,voter,FALSE,FALSE,suspicious_determinants,2,0.004048582995951417
469,voter,FALSE,FALSE,too_many_missing_determinants,24,0.048582995951417005
469,voter,TRUE,TRUE,usable_complete,231,0.4676113360323887
469,voter,TRUE,TRUE,usable_complete_limited_metadata,7,0.01417004048582996
469,voter,TRUE,TRUE,usable_partial,143,0.2894736842105263
470,abstention,FALSE,FALSE,no_determinants,30,0.05928853754940711
470,abstention,FALSE,FALSE,suspicious_determinants,1,0.001976284584980237
470,abstention,FALSE,FALSE,too_many_missing_determinants,4,0.007905138339920948
470,abstention,TRUE,TRUE,usable_complete,398,0.7865612648221344
470,abstention,TRUE,TRUE,usable_complete_limited_metadata,23,0.045454545454545456
470,abstention,TRUE,TRUE,usable_partial,47,0.09288537549407115
470,abstention,TRUE,TRUE,usable_partial_limited_metadata,3,0.005928853754940711
470,voter,FALSE,FALSE,no_determinants,87,0.17611336032388664
470,voter,FALSE,FALSE,suspicious_determinants,2,0.004048582995951417
470,voter,FALSE,FALSE,too_many_missing_determinants,26,0.05263157894736842
470,voter,TRUE,TRUE,usable_complete,252,0.5101214574898786
470,voter,TRUE,TRUE,usable_complete_limited_metadata,12,0.024291497975708502
470,voter,TRUE,TRUE,usable_partial,114,0.23076923076923078
470,voter,TRUE,TRUE,usable_partial_limited_metadata,1,0.0020242914979757085
471,abstention,FALSE,FALSE,no_determinants,33,0.06521739130434782
471,abstention,FALSE,FALSE,suspicious_determinants,2,0.003952569169960474
471,abstention,FALSE,FALSE,too_many_missing_determinants,1,0.001976284584980237
471,abstention,TRUE,TRUE,usable_complete,394,0.7786561264822134
471,abstention,TRUE,TRUE,usable_complete_limited_metadata,20,0.039525691699604744
471,abstention,TRUE,TRUE,usable_partial,54,0.1067193675889328
471,abstention,TRUE,TRUE,usable_partial_limited_metadata,2,0.003952569169960474
471,voter,FALSE,FALSE,no_determinants,96,0.19433198380566802
471,voter,FALSE,FALSE,suspicious_determinants,4,0.008097165991902834
471,voter,FALSE,FALSE,too_many_missing_determinants,25,0.05060728744939271
471,voter,TRUE,TRUE,usable_complete,251,0.5080971659919028
471,voter,TRUE,TRUE,usable_complete_limited_metadata,5,0.010121457489878543
471,voter,TRUE,TRUE,usable_partial,113,0.22874493927125505
472,abstention,FALSE,FALSE,no_determinants,25,0.04940711462450593
472,abstention,FALSE,FALSE,suspicious_determinants,4,0.007905138339920948
472,abstention,FALSE,FALSE,too_many_missing_determinants,6,0.011857707509881422
472,abstention,TRUE,TRUE,usable_complete,405,0.8003952569169961
472,abstention,TRUE,TRUE,usable_complete_limited_metadata,15,0.029644268774703556
472,abstention,TRUE,TRUE,usable_partial,48,0.09486166007905138
472,abstention,TRUE,TRUE,usable_partial_limited_metadata,3,0.005928853754940711
472,voter,FALSE,FALSE,no_determinants,77,0.15587044534412955
472,voter,FALSE,FALSE,suspicious_determinants,5,0.010121457489878543
472,voter,FALSE,FALSE,too_many_missing_determinants,25,0.05060728744939271
472,voter,TRUE,TRUE,usable_complete,262,0.5303643724696356
472,voter,TRUE,TRUE,usable_complete_limited_metadata,7,0.01417004048582996
472,voter,TRUE,TRUE,usable_partial,118,0.2388663967611336
473,abstention,FALSE,FALSE,no_determinants,31,0.06126482213438735
473,abstention,FALSE,FALSE,too_many_missing_determinants,2,0.003952569169960474
473,abstention,TRUE,TRUE,usable_complete,419,0.8280632411067194
473,abstention,TRUE,TRUE,usable_complete_limited_metadata,16,0.03162055335968379
473,abstention,TRUE,TRUE,usable_partial,37,0.07312252964426877
473,abstention,TRUE,TRUE,usable_partial_limited_metadata,1,0.001976284584980237
473,voter,FALSE,FALSE,no_determinants,73,0.14777327935222673
473,voter,FALSE,FALSE,suspicious_determinants,6,0.012145748987854251
473,voter,FALSE,FALSE,too_many_missing_determinants,25,0.05060728744939271
473,voter,TRUE,TRUE,usable_complete,244,0.4939271255060729
473,voter,TRUE,TRUE,usable_complete_limited_metadata,10,0.020242914979757085
473,voter,TRUE,TRUE,usable_partial,135,0.2732793522267207
473,voter,TRUE,TRUE,usable_partial_limited_metadata,1,0.0020242914979757085
474,abstention,FALSE,FALSE,no_determinants,30,0.05928853754940711
474,abstention,FALSE,FALSE,suspicious_determinants,1,0.001976284584980237
474,abstention,FALSE,FALSE,too_many_missing_determinants,6,0.011857707509881422
474,abstention,TRUE,TRUE,usable_complete,404,0.7984189723320159
474,abstention,TRUE,TRUE,usable_complete_limited_metadata,9,0.017786561264822136
474,abstention,TRUE,TRUE,usable_partial,56,0.11067193675889328
474,voter,FALSE,FALSE,no_determinants,85,0.1720647773279352
474,voter,FALSE,FALSE,suspicious_determinants,5,0.010121457489878543
474,voter,FALSE,FALSE,too_many_missing_determinants,34,0.06882591093117409
474,voter,TRUE,TRUE,usable_complete,243,0.49190283400809715
474,voter,TRUE,TRUE,usable_complete_limited_metadata,7,0.01417004048582996
474,voter,TRUE,TRUE,usable_partial,118,0.2388663967611336
474,voter,TRUE,TRUE,usable_partial_limited_metadata,2,0.004048582995951417
475,abstention,FALSE,FALSE,no_determinants,31,0.06126482213438735
475,abstention,FALSE,FALSE,suspicious_determinants,2,0.003952569169960474
475,abstention,FALSE,FALSE,too_many_missing_determinants,5,0.009881422924901186
475,abstention,TRUE,TRUE,usable_complete,402,0.7944664031620553
475,abstention,TRUE,TRUE,usable_complete_limited_metadata,20,0.039525691699604744
475,abstention,TRUE,TRUE,usable_partial,43,0.08498023715415019
475,abstention,TRUE,TRUE,usable_partial_limited_metadata,3,0.005928853754940711
475,voter,FALSE,FALSE,no_determinants,82,0.1659919028340081
475,voter,FALSE,FALSE,suspicious_determinants,2,0.004048582995951417
475,voter,FALSE,FALSE,too_many_missing_determinants,27,0.05465587044534413
475,voter,TRUE,TRUE,usable_complete,256,0.5182186234817814
475,voter,TRUE,TRUE,usable_complete_limited_metadata,7,0.01417004048582996
475,voter,TRUE,TRUE,usable_partial,120,0.242914979757085
476,abstention,FALSE,FALSE,no_determinants,29,0.05731225296442688
476,abstention,FALSE,FALSE,suspicious_determinants,1,0.001976284584980237
476,abstention,FALSE,FALSE,too_many_missing_determinants,5,0.009881422924901186
476,abstention,TRUE,TRUE,usable_complete,398,0.7865612648221344
476,abstention,TRUE,TRUE,usable_complete_limited_metadata,21,0.041501976284584984
476,abstention,TRUE,TRUE,usable_partial,49,0.09683794466403162
476,abstention,TRUE,TRUE,usable_partial_limited_metadata,3,0.005928853754940711
476,voter,FALSE,FALSE,no_determinants,78,0.15789473684210525
476,voter,FALSE,FALSE,suspicious_determinants,4,0.008097165991902834
476,voter,FALSE,FALSE,too_many_missing_determinants,28,0.05668016194331984
476,voter,TRUE,TRUE,usable_complete,249,0.5040485829959515
476,voter,TRUE,TRUE,usable_complete_limited_metadata,6,0.012145748987854251
476,voter,TRUE,TRUE,usable_partial,126,0.2550607287449393
476,voter,TRUE,TRUE,usable_partial_limited_metadata,3,0.006072874493927126
477,abstention,FALSE,FALSE,no_determinants,27,0.0533596837944664
477,abstention,FALSE,FALSE,too_many_missing_determinants,7,0.01383399209486166
477,abstention,TRUE,TRUE,usable_complete,409,0.808300395256917
477,abstention,TRUE,TRUE,usable_complete_limited_metadata,19,0.037549407114624504
477,abstention,TRUE,TRUE,usable_partial,42,0.08300395256916997
477,abstention,TRUE,TRUE,usable_partial_limited_metadata,2,0.003952569169960474
477,voter,FALSE,FALSE,no_determinants,78,0.15789473684210525
477,voter,FALSE,FALSE,suspicious_determinants,2,0.004048582995951417
477,voter,FALSE,FALSE,too_many_missing_determinants,29,0.058704453441295545
477,voter,TRUE,TRUE,usable_complete,234,0.47368421052631576
477,voter,TRUE,TRUE,usable_complete_limited_metadata,6,0.012145748987854251
477,voter,TRUE,TRUE,usable_partial,145,0.2935222672064777
478,abstention,FALSE,FALSE,no_determinants,38,0.07509881422924901
478,abstention,FALSE,FALSE,suspicious_determinants,1,0.001976284584980237
478,abstention,FALSE,FALSE,too_many_missing_determinants,8,0.015810276679841896
478,abstention,TRUE,TRUE,usable_complete,396,0.782608695652174
478,abstention,TRUE,TRUE,usable_complete_limited_metadata,20,0.039525691699604744
478,abstention,TRUE,TRUE,usable_partial,40,0.07905138339920949
478,abstention,TRUE,TRUE,usable_partial_limited_metadata,3,0.005928853754940711
478,voter,FALSE,FALSE,no_determinants,71,0.1437246963562753
478,voter,FALSE,FALSE,suspicious_determinants,3,0.006072874493927126
478,voter,FALSE,FALSE,too_many_missing_determinants,30,0.06072874493927125
478,voter,TRUE,TRUE,usable_complete,254,0.5141700404858299
478,voter,TRUE,TRUE,usable_complete_limited_metadata,4,0.008097165991902834
478,voter,TRUE,TRUE,usable_partial,131,0.2651821862348178
478,voter,TRUE,TRUE,usable_partial_limited_metadata,1,0.0020242914979757085
479,abstention,FALSE,FALSE,no_determinants,33,0.06521739130434782
479,abstention,FALSE,FALSE,suspicious_determinants,4,0.007905138339920948
479,abstention,FALSE,FALSE,too_many_missing_determinants,8,0.015810276679841896
479,abstention,TRUE,TRUE,usable_complete,396,0.782608695652174
479,abstention,TRUE,TRUE,usable_complete_limited_metadata,21,0.041501976284584984
479,abstention,TRUE,TRUE,usable_partial,40,0.07905138339920949
479,abstention,TRUE,TRUE,usable_partial_limited_metadata,4,0.007905138339920948
479,voter,FALSE,FALSE,no_determinants,72,0.145748987854251
479,voter,FALSE,FALSE,suspicious_determinants,4,0.008097165991902834
479,voter,FALSE,FALSE,too_many_missing_determinants,39,0.07894736842105263
479,voter,TRUE,TRUE,usable_complete,269,0.5445344129554656
479,voter,TRUE,TRUE,usable_complete_limited_metadata,3,0.006072874493927126
479,voter,TRUE,TRUE,usable_partial,107,0.2165991902834008
480,abstention,FALSE,FALSE,no_determinants,29,0.05731225296442688
480,abstention,FALSE,FALSE,too_many_missing_determinants,5,0.009881422924901186
480,abstention,TRUE,TRUE,usable_complete,395,0.7806324110671937
480,abstention,TRUE,TRUE,usable_complete_limited_metadata,21,0.041501976284584984
480,abstention,TRUE,TRUE,usable_partial,53,0.10474308300395258
480,abstention,TRUE,TRUE,usable_partial_limited_metadata,3,0.005928853754940711
480,voter,FALSE,FALSE,no_determinants,77,0.15587044534412955
480,voter,FALSE,FALSE,suspicious_determinants,6,0.012145748987854251
480,voter,FALSE,FALSE,too_many_missing_determinants,23,0.0465587044534413
480,voter,TRUE,TRUE,usable_complete,253,0.5121457489878543
480,voter,TRUE,TRUE,usable_complete_limited_metadata,8,0.016194331983805668
480,voter,TRUE,TRUE,usable_partial,126,0.2550607287449393
480,voter,TRUE,TRUE,usable_partial_limited_metadata,1,0.0020242914979757085
481,abstention,FALSE,FALSE,no_determinants,27,0.0533596837944664
481,abstention,FALSE,FALSE,too_many_missing_determinants,6,0.011857707509881422
481,abstention,TRUE,TRUE,usable_complete,417,0.8241106719367589
481,abstention,TRUE,TRUE,usable_complete_limited_metadata,18,0.03557312252964427
481,abstention,TRUE,TRUE,usable_partial,38,0.07509881422924901
481,voter,FALSE,FALSE,no_determinants,88,0.17813765182186234
481,voter,FALSE,FALSE,suspicious_determinants,5,0.010121457489878543
481,voter,FALSE,FALSE,too_many_missing_determinants,26,0.05263157894736842
481,voter,TRUE,TRUE,usable_complete,248,0.5020242914979757
481,voter,TRUE,TRUE,usable_complete_limited_metadata,3,0.006072874493927126
481,voter,TRUE,TRUE,usable_partial,122,0.24696356275303644
481,voter,TRUE,TRUE,usable_partial_limited_metadata,2,0.004048582995951417
482,abstention,FALSE,FALSE,no_determinants,44,0.08695652173913043
482,abstention,FALSE,FALSE,suspicious_determinants,2,0.003952569169960474
482,abstention,FALSE,FALSE,too_many_missing_determinants,6,0.011857707509881422
482,abstention,TRUE,TRUE,usable_complete,369,0.7292490118577075
482,abstention,TRUE,TRUE,usable_complete_limited_metadata,27,0.0533596837944664
482,abstention,TRUE,TRUE,usable_partial,57,0.11264822134387352
482,abstention,TRUE,TRUE,usable_partial_limited_metadata,1,0.001976284584980237
482,voter,FALSE,FALSE,no_determinants,78,0.15789473684210525
482,voter,FALSE,FALSE,suspicious_determinants,3,0.006072874493927126
482,voter,FALSE,FALSE,too_many_missing_determinants,34,0.06882591093117409
482,voter,TRUE,TRUE,usable_complete,257,0.520242914979757
482,voter,TRUE,TRUE,usable_complete_limited_metadata,6,0.012145748987854251
482,voter,TRUE,TRUE,usable_partial,115,0.23279352226720648
482,voter,TRUE,TRUE,usable_partial_limited_metadata,1,0.0020242914979757085
483,abstention,FALSE,FALSE,no_determinants,31,0.06126482213438735
483,abstention,FALSE,FALSE,too_many_missing_determinants,1,0.001976284584980237
483,abstention,TRUE,TRUE,usable_complete,410,0.8102766798418972
483,abstention,TRUE,TRUE,usable_complete_limited_metadata,13,0.025691699604743084
483,abstention,TRUE,TRUE,usable_partial,48,0.09486166007905138
483,abstention,TRUE,TRUE,usable_partial_limited_metadata,3,0.005928853754940711
483,voter,FALSE,FALSE,no_determinants,85,0.1720647773279352
483,voter,FALSE,FALSE,suspicious_determinants,4,0.008097165991902834
483,voter,FALSE,FALSE,too_many_missing_determinants,20,0.04048582995951417
483,voter,TRUE,TRUE,usable_complete,262,0.5303643724696356
483,voter,TRUE,TRUE,usable_complete_limited_metadata,7,0.01417004048582996
483,voter,TRUE,TRUE,usable_partial,114,0.23076923076923078
483,voter,TRUE,TRUE,usable_partial_limited_metadata,2,0.004048582995951417
484,abstention,FALSE,FALSE,no_determinants,36,0.07114624505928854
484,abstention,FALSE,FALSE,too_many_missing_determinants,4,0.007905138339920948
484,abstention,TRUE,TRUE,usable_complete,390,0.7707509881422925
484,abstention,TRUE,TRUE,usable_complete_limited_metadata,21,0.041501976284584984
484,abstention,TRUE,TRUE,usable_partial,53,0.10474308300395258
484,abstention,TRUE,TRUE,usable_partial_limited_metadata,2,0.003952569169960474
484,voter,FALSE,FALSE,no_determinants,88,0.17813765182186234
484,voter,FALSE,FALSE,suspicious_determinants,2,0.004048582995951417
484,voter,FALSE,FALSE,too_many_missing_determinants,27,0.05465587044534413
484,voter,TRUE,TRUE,usable_complete,238,0.4817813765182186
484,voter,TRUE,TRUE,usable_complete_limited_metadata,9,0.018218623481781375
484,voter,TRUE,TRUE,usable_partial,129,0.2611336032388664
484,voter,TRUE,TRUE,usable_partial_limited_metadata,1,0.0020242914979757085
485,abstention,FALSE,FALSE,no_determinants,23,0.045454545454545456
485,abstention,FALSE,FALSE,too_many_missing_determinants,4,0.007905138339920948
485,abstention,TRUE,TRUE,usable_complete,406,0.8023715415019763
485,abstention,TRUE,TRUE,usable_complete_limited_metadata,15,0.029644268774703556
485,abstention,TRUE,TRUE,usable_partial,55,0.10869565217391304
485,abstention,TRUE,TRUE,usable_partial_limited_metadata,3,0.005928853754940711
485,voter,FALSE,FALSE,no_determinants,79,0.15991902834008098
485,voter,FALSE,FALSE,suspicious_determinants,1,0.0020242914979757085
485,voter,FALSE,FALSE,too_many_missing_determinants,25,0.05060728744939271
485,voter,TRUE,TRUE,usable_complete,249,0.5040485829959515
485,voter,TRUE,TRUE,usable_complete_limited_metadata,8,0.016194331983805668
485,voter,TRUE,TRUE,usable_partial,131,0.2651821862348178
485,voter,TRUE,TRUE,usable_partial_limited_metadata,1,0.0020242914979757085
486,abstention,FALSE,FALSE,no_determinants,35,0.0691699604743083
486,abstention,FALSE,FALSE,too_many_missing_determinants,5,0.009881422924901186
486,abstention,TRUE,TRUE,usable_complete,384,0.758893280632411
486,abstention,TRUE,TRUE,usable_complete_limited_metadata,24,0.04743083003952569
486,abstention,TRUE,TRUE,usable_partial,53,0.10474308300395258
486,abstention,TRUE,TRUE,usable_partial_limited_metadata,5,0.009881422924901186
486,voter,FALSE,FALSE,no_determinants,76,0.15384615384615385
486,voter,FALSE,FALSE,suspicious_determinants,2,0.004048582995951417
486,voter,FALSE,FALSE,too_many_missing_determinants,30,0.06072874493927125
486,voter,TRUE,TRUE,usable_complete,255,0.5161943319838057
486,voter,TRUE,TRUE,usable_complete_limited_metadata,6,0.012145748987854251
486,voter,TRUE,TRUE,usable_partial,125,0.25303643724696356
487,abstention,FALSE,FALSE,no_determinants,38,0.07509881422924901
487,abstention,FALSE,FALSE,suspicious_determinants,1,0.001976284584980237
487,abstention,FALSE,FALSE,too_many_missing_determinants,4,0.007905138339920948
487,abstention,TRUE,TRUE,usable_complete,389,0.7687747035573123
487,abstention,TRUE,TRUE,usable_complete_limited_metadata,21,0.041501976284584984
487,abstention,TRUE,TRUE,usable_partial,49,0.09683794466403162
487,abstention,TRUE,TRUE,usable_partial_limited_metadata,4,0.007905138339920948
487,voter,FALSE,FALSE,no_determinants,81,0.16396761133603238
487,voter,FALSE,FALSE,suspicious_determinants,5,0.010121457489878543
487,voter,FALSE,FALSE,too_many_missing_determinants,33,0.06680161943319839
487,voter,TRUE,TRUE,usable_complete,235,0.4757085020242915
487,voter,TRUE,TRUE,usable_complete_limited_metadata,4,0.008097165991902834
487,voter,TRUE,TRUE,usable_partial,133,0.2692307692307692
487,voter,TRUE,TRUE,usable_partial_limited_metadata,3,0.006072874493927126
488,abstention,FALSE,FALSE,no_determinants,35,0.0691699604743083
488,abstention,FALSE,FALSE,suspicious_determinants,2,0.003952569169960474
488,abstention,FALSE,FALSE,too_many_missing_determinants,7,0.01383399209486166
488,abstention,TRUE,TRUE,usable_complete,392,0.7747035573122529
488,abstention,TRUE,TRUE,usable_complete_limited_metadata,12,0.023715415019762844
488,abstention,TRUE,TRUE,usable_partial,56,0.11067193675889328
488,abstention,TRUE,TRUE,usable_partial_limited_metadata,2,0.003952569169960474
488,voter,FALSE,FALSE,no_determinants,76,0.15384615384615385
488,voter,FALSE,FALSE,suspicious_determinants,1,0.0020242914979757085
488,voter,FALSE,FALSE,too_many_missing_determinants,21,0.04251012145748988
488,voter,TRUE,TRUE,usable_complete,247,0.5
488,voter,TRUE,TRUE,usable_complete_limited_metadata,6,0.012145748987854251
488,voter,TRUE,TRUE,usable_partial,142,0.2874493927125506
488,voter,TRUE,TRUE,usable_partial_limited_metadata,1,0.0020242914979757085
489,abstention,FALSE,FALSE,no_determinants,30,0.05928853754940711
489,abstention,FALSE,FALSE,suspicious_determinants,1,0.001976284584980237
489,abstention,FALSE,FALSE,too_many_missing_determinants,5,0.009881422924901186
489,abstention,TRUE,TRUE,usable_complete,411,0.8122529644268774
489,abstention,TRUE,TRUE,usable_complete_limited_metadata,13,0.025691699604743084
489,abstention,TRUE,TRUE,usable_partial,43,0.08498023715415019
489,abstention,TRUE,TRUE,usable_partial_limited_metadata,3,0.005928853754940711
489,voter,FALSE,FALSE,no_determinants,74,0.14979757085020243
489,voter,FALSE,FALSE,suspicious_determinants,4,0.008097165991902834
489,voter,FALSE,FALSE,too_many_missing_determinants,25,0.05060728744939271
489,voter,TRUE,TRUE,usable_complete,234,0.47368421052631576
489,voter,TRUE,TRUE,usable_complete_limited_metadata,5,0.010121457489878543
489,voter,TRUE,TRUE,usable_partial,151,0.305668016194332
489,voter,TRUE,TRUE,usable_partial_limited_metadata,1,0.0020242914979757085
490,abstention,FALSE,FALSE,no_determinants,30,0.05928853754940711
490,abstention,FALSE,FALSE,too_many_missing_determinants,9,0.017786561264822136
490,abstention,TRUE,TRUE,usable_complete,404,0.7984189723320159
490,abstention,TRUE,TRUE,usable_complete_limited_metadata,15,0.029644268774703556
490,abstention,TRUE,TRUE,usable_partial,44,0.08695652173913043
490,abstention,TRUE,TRUE,usable_partial_limited_metadata,4,0.007905138339920948
490,voter,FALSE,FALSE,no_determinants,87,0.17611336032388664
490,voter,FALSE,FALSE,suspicious_determinants,1,0.0020242914979757085
490,voter,FALSE,FALSE,too_many_missing_determinants,23,0.0465587044534413
490,voter,TRUE,TRUE,usable_complete,253,0.5121457489878543
490,voter,TRUE,TRUE,usable_complete_limited_metadata,6,0.012145748987854251
490,voter,TRUE,TRUE,usable_partial,123,0.24898785425101214
490,voter,TRUE,TRUE,usable_partial_limited_metadata,1,0.0020242914979757085
491,abstention,FALSE,FALSE,no_determinants,32,0.06324110671936758
491,abstention,FALSE,FALSE,too_many_missing_determinants,5,0.009881422924901186
491,abstention,TRUE,TRUE,usable_complete,407,0.8043478260869565
491,abstention,TRUE,TRUE,usable_complete_limited_metadata,15,0.029644268774703556
491,abstention,TRUE,TRUE,usable_partial,45,0.08893280632411067
491,abstention,TRUE,TRUE,usable_partial_limited_metadata,2,0.003952569169960474
491,voter,FALSE,FALSE,no_determinants,79,0.15991902834008098
491,voter,FALSE,FALSE,suspicious_determinants,4,0.008097165991902834
491,voter,FALSE,FALSE,too_many_missing_determinants,31,0.06275303643724696
491,voter,TRUE,TRUE,usable_complete,250,0.5060728744939271
491,voter,TRUE,TRUE,usable_complete_limited_metadata,6,0.012145748987854251
491,voter,TRUE,TRUE,usable_partial,122,0.24696356275303644
491,voter,TRUE,TRUE,usable_partial_limited_metadata,2,0.004048582995951417
492,abstention,FALSE,FALSE,no_determinants,29,0.05731225296442688
492,abstention,FALSE,FALSE,suspicious_determinants,1,0.001976284584980237
492,abstention,FALSE,FALSE,too_many_missing_determinants,6,0.011857707509881422
492,abstention,TRUE,TRUE,usable_complete,409,0.808300395256917
492,abstention,TRUE,TRUE,usable_complete_limited_metadata,12,0.023715415019762844
492,abstention,TRUE,TRUE,usable_partial,47,0.09288537549407115
492,abstention,TRUE,TRUE,usable_partial_limited_metadata,2,0.003952569169960474
492,voter,FALSE,FALSE,no_determinants,78,0.15789473684210525
492,voter,FALSE,FALSE,suspicious_determinants,1,0.0020242914979757085
492,voter,FALSE,FALSE,too_many_missing_determinants,28,0.05668016194331984
492,voter,TRUE,TRUE,usable_complete,258,0.5222672064777328
492,voter,TRUE,TRUE,usable_complete_limited_metadata,12,0.024291497975708502
492,voter,TRUE,TRUE,usable_partial,117,0.23684210526315788
493,abstention,FALSE,FALSE,no_determinants,40,0.07905138339920949
493,abstention,FALSE,FALSE,too_many_missing_determinants,4,0.007905138339920948
493,abstention,TRUE,TRUE,usable_complete,395,0.7806324110671937
493,abstention,TRUE,TRUE,usable_complete_limited_metadata,12,0.023715415019762844
493,abstention,TRUE,TRUE,usable_partial,52,0.10276679841897234
493,abstention,TRUE,TRUE,usable_partial_limited_metadata,3,0.005928853754940711
493,voter,FALSE,FALSE,no_determinants,69,0.1396761133603239
493,voter,FALSE,FALSE,suspicious_determinants,1,0.0020242914979757085
493,voter,FALSE,FALSE,too_many_missing_determinants,26,0.05263157894736842
493,voter,TRUE,TRUE,usable_complete,260,0.5263157894736842
493,voter,TRUE,TRUE,usable_complete_limited_metadata,11,0.022267206477732792
493,voter,TRUE,TRUE,usable_partial,125,0.25303643724696356
493,voter,TRUE,TRUE,usable_partial_limited_metadata,2,0.004048582995951417
494,abstention,FALSE,FALSE,no_determinants,30,0.05928853754940711
494,abstention,FALSE,FALSE,suspicious_determinants,1,0.001976284584980237
494,abstention,FALSE,FALSE,too_many_missing_determinants,5,0.009881422924901186
494,abstention,TRUE,TRUE,usable_complete,396,0.782608695652174
494,abstention,TRUE,TRUE,usable_complete_limited_metadata,23,0.045454545454545456
494,abstention,TRUE,TRUE,usable_partial,47,0.09288537549407115
494,abstention,TRUE,TRUE,usable_partial_limited_metadata,4,0.007905138339920948
494,voter,FALSE,FALSE,no_determinants,82,0.1659919028340081
494,voter,FALSE,FALSE,suspicious_determinants,9,0.018218623481781375
494,voter,FALSE,FALSE,too_many_missing_determinants,25,0.05060728744939271
494,voter,TRUE,TRUE,usable_complete,250,0.5060728744939271
494,voter,TRUE,TRUE,usable_complete_limited_metadata,4,0.008097165991902834
494,voter,TRUE,TRUE,usable_partial,124,0.25101214574898784
495,abstention,FALSE,FALSE,no_determinants,28,0.05533596837944664
495,abstention,FALSE,FALSE,too_many_missing_determinants,3,0.005928853754940711
495,abstention,TRUE,TRUE,usable_complete,399,0.7885375494071146
495,abstention,TRUE,TRUE,usable_complete_limited_metadata,25,0.04940711462450593
495,abstention,TRUE,TRUE,usable_partial,48,0.09486166007905138
495,abstention,TRUE,TRUE,usable_partial_limited_metadata,3,0.005928853754940711
495,voter,FALSE,FALSE,no_determinants,87,0.17611336032388664
495,voter,FALSE,FALSE,suspicious_determinants,1,0.0020242914979757085
495,voter,FALSE,FALSE,too_many_missing_determinants,22,0.044534412955465584
495,voter,TRUE,TRUE,usable_complete,266,0.5384615384615384
495,voter,TRUE,TRUE,usable_complete_limited_metadata,3,0.006072874493927126
495,voter,TRUE,TRUE,usable_partial,115,0.23279352226720648
496,abstention,FALSE,FALSE,no_determinants,32,0.06324110671936758
496,abstention,FALSE,FALSE,suspicious_determinants,2,0.003952569169960474
496,abstention,FALSE,FALSE,too_many_missing_determinants,2,0.003952569169960474
496,abstention,TRUE,TRUE,usable_complete,395,0.7806324110671937
496,abstention,TRUE,TRUE,usable_complete_limited_metadata,20,0.039525691699604744
496,abstention,TRUE,TRUE,usable_partial,54,0.1067193675889328
496,abstention,TRUE,TRUE,usable_partial_limited_metadata,1,0.001976284584980237
496,voter,FALSE,FALSE,no_determinants,76,0.15384615384615385
496,voter,FALSE,FALSE,suspicious_determinants,4,0.008097165991902834
496,voter,FALSE,FALSE,too_many_missing_determinants,29,0.058704453441295545
496,voter,TRUE,TRUE,usable_complete,247,0.5
496,voter,TRUE,TRUE,usable_complete_limited_metadata,2,0.004048582995951417
496,voter,TRUE,TRUE,usable_partial,134,0.27125506072874495
496,voter,TRUE,TRUE,usable_partial_limited_metadata,2,0.004048582995951417
497,abstention,FALSE,FALSE,no_determinants,38,0.07509881422924901
497,abstention,FALSE,FALSE,too_many_missing_determinants,4,0.007905138339920948
497,abstention,TRUE,TRUE,usable_complete,401,0.7924901185770751
497,abstention,TRUE,TRUE,usable_complete_limited_metadata,15,0.029644268774703556
497,abstention,TRUE,TRUE,usable_partial,45,0.08893280632411067
497,abstention,TRUE,TRUE,usable_partial_limited_metadata,3,0.005928853754940711
497,voter,FALSE,FALSE,no_determinants,77,0.15587044534412955
497,voter,FALSE,FALSE,suspicious_determinants,2,0.004048582995951417
497,voter,FALSE,FALSE,too_many_missing_determinants,22,0.044534412955465584
497,voter,TRUE,TRUE,usable_complete,258,0.5222672064777328
497,voter,TRUE,TRUE,usable_complete_limited_metadata,4,0.008097165991902834
497,voter,TRUE,TRUE,usable_partial,130,0.2631578947368421
497,voter,TRUE,TRUE,usable_partial_limited_metadata,1,0.0020242914979757085
498,abstention,FALSE,FALSE,no_determinants,31,0.06126482213438735
498,abstention,FALSE,FALSE,too_many_missing_determinants,7,0.01383399209486166
498,abstention,TRUE,TRUE,usable_complete,393,0.7766798418972332
498,abstention,TRUE,TRUE,usable_complete_limited_metadata,21,0.041501976284584984
498,abstention,TRUE,TRUE,usable_partial,51,0.1007905138339921
498,abstention,TRUE,TRUE,usable_partial_limited_metadata,3,0.005928853754940711
498,voter,FALSE,FALSE,no_determinants,72,0.145748987854251
498,voter,FALSE,FALSE,suspicious_determinants,2,0.004048582995951417
498,voter,FALSE,FALSE,too_many_missing_determinants,26,0.05263157894736842
498,voter,TRUE,TRUE,usable_complete,259,0.5242914979757085
498,voter,TRUE,TRUE,usable_complete_limited_metadata,8,0.016194331983805668
498,voter,TRUE,TRUE,usable_partial,127,0.25708502024291496
499,abstention,FALSE,FALSE,no_determinants,21,0.041501976284584984
499,abstention,FALSE,FALSE,too_many_missing_determinants,4,0.007905138339920948
499,abstention,TRUE,TRUE,usable_complete,407,0.8043478260869565
499,abstention,TRUE,TRUE,usable_complete_limited_metadata,28,0.05533596837944664
499,abstention,TRUE,TRUE,usable_partial,42,0.08300395256916997
499,abstention,TRUE,TRUE,usable_partial_limited_metadata,4,0.007905138339920948
499,voter,FALSE,FALSE,no_determinants,75,0.15182186234817813
499,voter,FALSE,FALSE,suspicious_determinants,5,0.010121457489878543
499,voter,FALSE,FALSE,too_many_missing_determinants,27,0.05465587044534413
499,voter,TRUE,TRUE,usable_complete,258,0.5222672064777328
499,voter,TRUE,TRUE,usable_complete_limited_metadata,6,0.012145748987854251
499,voter,TRUE,TRUE,usable_partial,122,0.24696356275303644
499,voter,TRUE,TRUE,usable_partial_limited_metadata,1,0.0020242914979757085
500,abstention,FALSE,FALSE,no_determinants,27,0.0533596837944664
500,abstention,FALSE,FALSE,suspicious_determinants,1,0.001976284584980237
500,abstention,FALSE,FALSE,too_many_missing_determinants,9,0.017786561264822136
500,abstention,TRUE,TRUE,usable_complete,401,0.7924901185770751
500,abstention,TRUE,TRUE,usable_complete_limited_metadata,14,0.02766798418972332
500,abstention,TRUE,TRUE,usable_partial,53,0.10474308300395258
500,abstention,TRUE,TRUE,usable_partial_limited_metadata,1,0.001976284584980237
500,voter,FALSE,FALSE,no_determinants,87,0.17611336032388664
500,voter,FALSE,FALSE,suspicious_determinants,1,0.0020242914979757085
500,voter,FALSE,FALSE,too_many_missing_determinants,31,0.06275303643724696
500,voter,TRUE,TRUE,usable_complete,241,0.48785425101214575
500,voter,TRUE,TRUE,usable_complete_limited_metadata,5,0.010121457489878543
500,voter,TRUE,TRUE,usable_partial,129,0.2611336032388664
501,abstention,FALSE,FALSE,no_determinants,36,0.07114624505928854
501,abstention,FALSE,FALSE,too_many_missing_determinants,2,0.003952569169960474
501,abstention,TRUE,TRUE,usable_complete,382,0.7549407114624506
501,abstention,TRUE,TRUE,usable_complete_limited_metadata,23,0.045454545454545456
501,abstention,TRUE,TRUE,usable_partial,60,0.11857707509881422
501,abstention,TRUE,TRUE,usable_partial_limited_metadata,3,0.005928853754940711
501,voter,FALSE,FALSE,no_determinants,62,0.12550607287449392
501,voter,FALSE,FALSE,suspicious_determinants,4,0.008097165991902834
501,voter,FALSE,FALSE,too_many_missing_determinants,21,0.04251012145748988
501,voter,TRUE,TRUE,usable_complete,265,0.5364372469635628
501,voter,TRUE,TRUE,usable_complete_limited_metadata,13,0.02631578947368421
501,voter,TRUE,TRUE,usable_partial,129,0.2611336032388664
502,abstention,FALSE,FALSE,no_determinants,18,0.03557312252964427
502,abstention,FALSE,FALSE,suspicious_determinants,1,0.001976284584980237
502,abstention,FALSE,FALSE,too_many_missing_determinants,5,0.009881422924901186
502,abstention,TRUE,TRUE,usable_complete,403,0.7964426877470355
502,abstention,TRUE,TRUE,usable_complete_limited_metadata,17,0.03359683794466403
502,abstention,TRUE,TRUE,usable_partial,60,0.11857707509881422
502,abstention,TRUE,TRUE,usable_partial_limited_metadata,2,0.003952569169960474
502,voter,FALSE,FALSE,no_determinants,69,0.1396761133603239
502,voter,FALSE,FALSE,suspicious_determinants,3,0.006072874493927126
502,voter,FALSE,FALSE,too_many_missing_determinants,26,0.05263157894736842
502,voter,TRUE,TRUE,usable_complete,267,0.5404858299595142
502,voter,TRUE,TRUE,usable_complete_limited_metadata,5,0.010121457489878543
502,voter,TRUE,TRUE,usable_partial,123,0.24898785425101214
502,voter,TRUE,TRUE,usable_partial_limited_metadata,1,0.0020242914979757085
503,abstention,FALSE,FALSE,no_determinants,33,0.06521739130434782
503,abstention,FALSE,FALSE,too_many_missing_determinants,5,0.009881422924901186
503,abstention,TRUE,TRUE,usable_complete,388,0.766798418972332
503,abstention,TRUE,TRUE,usable_complete_limited_metadata,18,0.03557312252964427
503,abstention,TRUE,TRUE,usable_partial,58,0.11462450592885376
503,abstention,TRUE,TRUE,usable_partial_limited_metadata,4,0.007905138339920948
503,voter,FALSE,FALSE,no_determinants,78,0.15789473684210525
503,voter,FALSE,FALSE,suspicious_determinants,4,0.008097165991902834
503,voter,FALSE,FALSE,too_many_missing_determinants,26,0.05263157894736842
503,voter,TRUE,TRUE,usable_complete,225,0.45546558704453444
503,voter,TRUE,TRUE,usable_complete_limited_metadata,10,0.020242914979757085
503,voter,TRUE,TRUE,usable_partial,150,0.30364372469635625
503,voter,TRUE,TRUE,usable_partial_limited_metadata,1,0.0020242914979757085
504,abstention,FALSE,FALSE,no_determinants,24,0.04743083003952569
504,abstention,FALSE,FALSE,suspicious_determinants,1,0.001976284584980237
504,abstention,FALSE,FALSE,too_many_missing_determinants,4,0.007905138339920948
504,abstention,TRUE,TRUE,usable_complete,404,0.7984189723320159
504,abstention,TRUE,TRUE,usable_complete_limited_metadata,26,0.05138339920948617
504,abstention,TRUE,TRUE,usable_partial,47,0.09288537549407115
504,voter,FALSE,FALSE,no_determinants,84,0.1700404858299595
504,voter,FALSE,FALSE,suspicious_determinants,2,0.004048582995951417
504,voter,FALSE,FALSE,too_many_missing_determinants,32,0.06477732793522267
504,voter,TRUE,TRUE,usable_complete,245,0.4959514170040486
504,voter,TRUE,TRUE,usable_complete_limited_metadata,6,0.012145748987854251
504,voter,TRUE,TRUE,usable_partial,124,0.25101214574898784
504,voter,TRUE,TRUE,usable_partial_limited_metadata,1,0.0020242914979757085
505,abstention,FALSE,FALSE,no_determinants,28,0.05533596837944664
505,abstention,FALSE,FALSE,suspicious_determinants,2,0.003952569169960474
505,abstention,FALSE,FALSE,too_many_missing_determinants,2,0.003952569169960474
505,abstention,TRUE,TRUE,usable_complete,386,0.7628458498023716
505,abstention,TRUE,TRUE,usable_complete_limited_metadata,23,0.045454545454545456
505,abstention,TRUE,TRUE,usable_partial,61,0.12055335968379446
505,abstention,TRUE,TRUE,usable_partial_limited_metadata,4,0.007905138339920948
505,voter,FALSE,FALSE,no_determinants,83,0.1680161943319838
505,voter,FALSE,FALSE,suspicious_determinants,8,0.016194331983805668
505,voter,FALSE,FALSE,too_many_missing_determinants,29,0.058704453441295545
505,voter,TRUE,TRUE,usable_complete,242,0.4898785425101215
505,voter,TRUE,TRUE,usable_complete_limited_metadata,4,0.008097165991902834
505,voter,TRUE,TRUE,usable_partial,126,0.2550607287449393
505,voter,TRUE,TRUE,usable_partial_limited_metadata,2,0.004048582995951417
506,abstention,FALSE,FALSE,no_determinants,39,0.07707509881422925
506,abstention,FALSE,FALSE,suspicious_determinants,2,0.003952569169960474
506,abstention,FALSE,FALSE,too_many_missing_determinants,4,0.007905138339920948
506,abstention,TRUE,TRUE,usable_complete,406,0.8023715415019763
506,abstention,TRUE,TRUE,usable_complete_limited_metadata,21,0.041501976284584984
506,abstention,TRUE,TRUE,usable_partial,31,0.06126482213438735
506,abstention,TRUE,TRUE,usable_partial_limited_metadata,3,0.005928853754940711
506,voter,FALSE,FALSE,no_determinants,70,0.1417004048582996
506,voter,FALSE,FALSE,suspicious_determinants,2,0.004048582995951417
506,voter,FALSE,FALSE,too_many_missing_determinants,20,0.04048582995951417
506,voter,TRUE,TRUE,usable_complete,258,0.5222672064777328
506,voter,TRUE,TRUE,usable_complete_limited_metadata,10,0.020242914979757085
506,voter,TRUE,TRUE,usable_partial,132,0.26720647773279355
506,voter,TRUE,TRUE,usable_partial_limited_metadata,2,0.004048582995951417
507,abstention,FALSE,FALSE,no_determinants,34,0.06719367588932806
507,abstention,FALSE,FALSE,suspicious_determinants,2,0.003952569169960474
507,abstention,FALSE,FALSE,too_many_missing_determinants,7,0.01383399209486166
507,abstention,TRUE,TRUE,usable_complete,400,0.7905138339920948
507,abstention,TRUE,TRUE,usable_complete_limited_metadata,14,0.02766798418972332
507,abstention,TRUE,TRUE,usable_partial,48,0.09486166007905138
507,abstention,TRUE,TRUE,usable_partial_limited_metadata,1,0.001976284584980237
507,voter,FALSE,FALSE,no_determinants,69,0.1396761133603239
507,voter,FALSE,FALSE,suspicious_determinants,8,0.016194331983805668
507,voter,FALSE,FALSE,too_many_missing_determinants,23,0.0465587044534413
507,voter,TRUE,TRUE,usable_complete,267,0.5404858299595142
507,voter,TRUE,TRUE,usable_complete_limited_metadata,8,0.016194331983805668
507,voter,TRUE,TRUE,usable_partial,118,0.2388663967611336
507,voter,TRUE,TRUE,usable_partial_limited_metadata,1,0.0020242914979757085
508,abstention,FALSE,FALSE,no_determinants,25,0.04940711462450593
508,abstention,FALSE,FALSE,suspicious_determinants,3,0.005928853754940711
508,abstention,FALSE,FALSE,too_many_missing_determinants,8,0.015810276679841896
508,abstention,TRUE,TRUE,usable_complete,398,0.7865612648221344
508,abstention,TRUE,TRUE,usable_complete_limited_metadata,25,0.04940711462450593
508,abstention,TRUE,TRUE,usable_partial,42,0.08300395256916997
508,abstention,TRUE,TRUE,usable_partial_limited_metadata,5,0.009881422924901186
508,voter,FALSE,FALSE,no_determinants,82,0.1659919028340081
508,voter,FALSE,FALSE,suspicious_determinants,6,0.012145748987854251
508,voter,FALSE,FALSE,too_many_missing_determinants,27,0.05465587044534413
508,voter,TRUE,TRUE,usable_complete,248,0.5020242914979757
508,voter,TRUE,TRUE,usable_complete_limited_metadata,5,0.010121457489878543
508,voter,TRUE,TRUE,usable_partial,125,0.25303643724696356
508,voter,TRUE,TRUE,usable_partial_limited_metadata,1,0.0020242914979757085
509,abstention,FALSE,FALSE,no_determinants,33,0.06521739130434782
509,abstention,FALSE,FALSE,too_many_missing_determinants,7,0.01383399209486166
509,abstention,TRUE,TRUE,usable_complete,396,0.782608695652174
509,abstention,TRUE,TRUE,usable_complete_limited_metadata,22,0.043478260869565216
509,abstention,TRUE,TRUE,usable_partial,45,0.08893280632411067
509,abstention,TRUE,TRUE,usable_partial_limited_metadata,3,0.005928853754940711
509,voter,FALSE,FALSE,no_determinants,72,0.145748987854251
509,voter,FALSE,FALSE,suspicious_determinants,4,0.008097165991902834
509,voter,FALSE,FALSE,too_many_missing_determinants,22,0.044534412955465584
509,voter,TRUE,TRUE,usable_complete,267,0.5404858299595142
509,voter,TRUE,TRUE,usable_complete_limited_metadata,5,0.010121457489878543
509,voter,TRUE,TRUE,usable_partial,124,0.25101214574898784
510,abstention,FALSE,FALSE,no_determinants,28,0.05533596837944664
510,abstention,FALSE,FALSE,suspicious_determinants,2,0.003952569169960474
510,abstention,FALSE,FALSE,too_many_missing_determinants,4,0.007905138339920948
510,abstention,TRUE,TRUE,usable_complete,403,0.7964426877470355
510,abstention,TRUE,TRUE,usable_complete_limited_metadata,17,0.03359683794466403
510,abstention,TRUE,TRUE,usable_partial,50,0.09881422924901186
510,abstention,TRUE,TRUE,usable_partial_limited_metadata,2,0.003952569169960474
510,voter,FALSE,FALSE,no_determinants,81,0.16396761133603238
510,voter,FALSE,FALSE,suspicious_determinants,2,0.004048582995951417
510,voter,FALSE,FALSE,too_many_missing_determinants,25,0.05060728744939271
510,voter,TRUE,TRUE,usable_complete,235,0.4757085020242915
510,voter,TRUE,TRUE,usable_complete_limited_metadata,4,0.008097165991902834
510,voter,TRUE,TRUE,usable_partial,147,0.2975708502024291
511,abstention,FALSE,FALSE,no_determinants,26,0.05138339920948617
511,abstention,FALSE,FALSE,suspicious_determinants,1,0.001976284584980237
511,abstention,FALSE,FALSE,too_many_missing_determinants,4,0.007905138339920948
511,abstention,TRUE,TRUE,usable_complete,402,0.7944664031620553
511,abstention,TRUE,TRUE,usable_complete_limited_metadata,20,0.039525691699604744
511,abstention,TRUE,TRUE,usable_partial,50,0.09881422924901186
511,abstention,TRUE,TRUE,usable_partial_limited_metadata,3,0.005928853754940711
511,voter,FALSE,FALSE,no_determinants,70,0.1417004048582996
511,voter,FALSE,FALSE,suspicious_determinants,1,0.0020242914979757085
511,voter,FALSE,FALSE,too_many_missing_determinants,24,0.048582995951417005
511,voter,TRUE,TRUE,usable_complete,268,0.5425101214574899
511,voter,TRUE,TRUE,usable_complete_limited_metadata,5,0.010121457489878543
511,voter,TRUE,TRUE,usable_partial,123,0.24898785425101214
511,voter,TRUE,TRUE,usable_partial_limited_metadata,3,0.006072874493927126
512,abstention,FALSE,FALSE,no_determinants,24,0.04743083003952569
512,abstention,FALSE,FALSE,too_many_missing_determinants,5,0.009881422924901186
512,abstention,TRUE,TRUE,usable_complete,421,0.8320158102766798
512,abstention,TRUE,TRUE,usable_complete_limited_metadata,14,0.02766798418972332
512,abstention,TRUE,TRUE,usable_partial,40,0.07905138339920949
512,abstention,TRUE,TRUE,usable_partial_limited_metadata,2,0.003952569169960474
512,voter,FALSE,FALSE,no_determinants,86,0.17408906882591094
512,voter,FALSE,FALSE,suspicious_determinants,2,0.004048582995951417
512,voter,FALSE,FALSE,too_many_missing_determinants,31,0.06275303643724696
512,voter,TRUE,TRUE,usable_complete,256,0.5182186234817814
512,voter,TRUE,TRUE,usable_complete_limited_metadata,9,0.018218623481781375
512,voter,TRUE,TRUE,usable_partial,110,0.22267206477732793
513,abstention,FALSE,FALSE,no_determinants,34,0.06719367588932806
513,abstention,FALSE,FALSE,suspicious_determinants,2,0.003952569169960474
513,abstention,FALSE,FALSE,too_many_missing_determinants,4,0.007905138339920948
513,abstention,TRUE,TRUE,usable_complete,393,0.7766798418972332
513,abstention,TRUE,TRUE,usable_complete_limited_metadata,30,0.05928853754940711
513,abstention,TRUE,TRUE,usable_partial,40,0.07905138339920949
513,abstention,TRUE,TRUE,usable_partial_limited_metadata,3,0.005928853754940711
513,voter,FALSE,FALSE,no_determinants,74,0.14979757085020243
513,voter,FALSE,FALSE,too_many_missing_determinants,23,0.0465587044534413
513,voter,TRUE,TRUE,usable_complete,270,0.5465587044534413
513,voter,TRUE,TRUE,usable_complete_limited_metadata,7,0.01417004048582996
513,voter,TRUE,TRUE,usable_partial,119,0.2408906882591093
513,voter,TRUE,TRUE,usable_partial_limited_metadata,1,0.0020242914979757085
514,abstention,FALSE,FALSE,no_determinants,27,0.0533596837944664
514,abstention,FALSE,FALSE,suspicious_determinants,1,0.001976284584980237
514,abstention,FALSE,FALSE,too_many_missing_determinants,4,0.007905138339920948
514,abstention,TRUE,TRUE,usable_complete,390,0.7707509881422925
514,abstention,TRUE,TRUE,usable_complete_limited_metadata,19,0.037549407114624504
514,abstention,TRUE,TRUE,usable_partial,61,0.12055335968379446
514,abstention,TRUE,TRUE,usable_partial_limited_metadata,4,0.007905138339920948
514,voter,FALSE,FALSE,no_determinants,76,0.15384615384615385
514,voter,FALSE,FALSE,suspicious_determinants,2,0.004048582995951417
514,voter,FALSE,FALSE,too_many_missing_determinants,27,0.05465587044534413
514,voter,TRUE,TRUE,usable_complete,265,0.5364372469635628
514,voter,TRUE,TRUE,usable_complete_limited_metadata,7,0.01417004048582996
514,voter,TRUE,TRUE,usable_partial,116,0.23481781376518218
514,voter,TRUE,TRUE,usable_partial_limited_metadata,1,0.0020242914979757085
515,abstention,FALSE,FALSE,no_determinants,25,0.04940711462450593
515,abstention,FALSE,FALSE,too_many_missing_determinants,4,0.007905138339920948
515,abstention,TRUE,TRUE,usable_complete,413,0.8162055335968379
515,abstention,TRUE,TRUE,usable_complete_limited_metadata,14,0.02766798418972332
515,abstention,TRUE,TRUE,usable_partial,45,0.08893280632411067
515,abstention,TRUE,TRUE,usable_partial_limited_metadata,5,0.009881422924901186
515,voter,FALSE,FALSE,no_determinants,77,0.15587044534412955
515,voter,FALSE,FALSE,suspicious_determinants,4,0.008097165991902834
515,voter,FALSE,FALSE,too_many_missing_determinants,27,0.05465587044534413
515,voter,TRUE,TRUE,usable_complete,251,0.5080971659919028
515,voter,TRUE,TRUE,usable_complete_limited_metadata,6,0.012145748987854251
515,voter,TRUE,TRUE,usable_partial,129,0.2611336032388664
516,abstention,FALSE,FALSE,no_determinants,39,0.07707509881422925
516,abstention,FALSE,FALSE,suspicious_determinants,1,0.001976284584980237
516,abstention,FALSE,FALSE,too_many_missing_determinants,3,0.005928853754940711
516,abstention,TRUE,TRUE,usable_complete,400,0.7905138339920948
516,abstention,TRUE,TRUE,usable_complete_limited_metadata,16,0.03162055335968379
516,abstention,TRUE,TRUE,usable_partial,44,0.08695652173913043
516,abstention,TRUE,TRUE,usable_partial_limited_metadata,3,0.005928853754940711
516,voter,FALSE,FALSE,no_determinants,79,0.15991902834008098
516,voter,FALSE,FALSE,suspicious_determinants,5,0.010121457489878543
516,voter,FALSE,FALSE,too_many_missing_determinants,24,0.048582995951417005
516,voter,TRUE,TRUE,usable_complete,260,0.5263157894736842
516,voter,TRUE,TRUE,usable_complete_limited_metadata,5,0.010121457489878543
516,voter,TRUE,TRUE,usable_partial,121,0.24493927125506074
517,abstention,FALSE,FALSE,no_determinants,36,0.07114624505928854
517,abstention,FALSE,FALSE,too_many_missing_determinants,1,0.001976284584980237
517,abstention,TRUE,TRUE,usable_complete,390,0.7707509881422925
517,abstention,TRUE,TRUE,usable_complete_limited_metadata,17,0.03359683794466403
517,abstention,TRUE,TRUE,usable_partial,59,0.116600790513834
517,abstention,TRUE,TRUE,usable_partial_limited_metadata,3,0.005928853754940711
517,voter,FALSE,FALSE,no_determinants,75,0.15182186234817813
517,voter,FALSE,FALSE,suspicious_determinants,5,0.010121457489878543
517,voter,FALSE,FALSE,too_many_missing_determinants,29,0.058704453441295545
517,voter,TRUE,TRUE,usable_complete,255,0.5161943319838057
517,voter,TRUE,TRUE,usable_complete_limited_metadata,6,0.012145748987854251
517,voter,TRUE,TRUE,usable_partial,124,0.25101214574898784
518,abstention,FALSE,FALSE,no_determinants,35,0.0691699604743083
518,abstention,FALSE,FALSE,too_many_missing_determinants,6,0.011857707509881422
518,abstention,TRUE,TRUE,usable_complete,395,0.7806324110671937
518,abstention,TRUE,TRUE,usable_complete_limited_metadata,18,0.03557312252964427
518,abstention,TRUE,TRUE,usable_partial,50,0.09881422924901186
518,abstention,TRUE,TRUE,usable_partial_limited_metadata,2,0.003952569169960474
518,voter,FALSE,FALSE,no_determinants,66,0.13360323886639677
518,voter,FALSE,FALSE,suspicious_determinants,3,0.006072874493927126
518,voter,FALSE,FALSE,too_many_missing_determinants,22,0.044534412955465584
518,voter,TRUE,TRUE,usable_complete,240,0.48582995951417
518,voter,TRUE,TRUE,usable_complete_limited_metadata,4,0.008097165991902834
518,voter,TRUE,TRUE,usable_partial,158,0.31983805668016196
518,voter,TRUE,TRUE,usable_partial_limited_metadata,1,0.0020242914979757085
519,abstention,FALSE,FALSE,no_determinants,33,0.06521739130434782
519,abstention,FALSE,FALSE,suspicious_determinants,2,0.003952569169960474
519,abstention,FALSE,FALSE,too_many_missing_determinants,2,0.003952569169960474
519,abstention,TRUE,TRUE,usable_complete,396,0.782608695652174
519,abstention,TRUE,TRUE,usable_complete_limited_metadata,24,0.04743083003952569
519,abstention,TRUE,TRUE,usable_partial,47,0.09288537549407115
519,abstention,TRUE,TRUE,usable_partial_limited_metadata,2,0.003952569169960474
519,voter,FALSE,FALSE,no_determinants,72,0.145748987854251
519,voter,FALSE,FALSE,suspicious_determinants,6,0.012145748987854251
519,voter,FALSE,FALSE,too_many_missing_determinants,37,0.07489878542510121
519,voter,TRUE,TRUE,usable_complete,244,0.4939271255060729
519,voter,TRUE,TRUE,usable_complete_limited_metadata,3,0.006072874493927126
519,voter,TRUE,TRUE,usable_partial,132,0.26720647773279355
520,abstention,FALSE,FALSE,no_determinants,32,0.06324110671936758
520,abstention,FALSE,FALSE,suspicious_determinants,2,0.003952569169960474
520,abstention,FALSE,FALSE,too_many_missing_determinants,6,0.011857707509881422
520,abstention,TRUE,TRUE,usable_complete,388,0.766798418972332
520,abstention,TRUE,TRUE,usable_complete_limited_metadata,22,0.043478260869565216
520,abstention,TRUE,TRUE,usable_partial,52,0.10276679841897234
520,abstention,TRUE,TRUE,usable_partial_limited_metadata,4,0.007905138339920948
520,voter,FALSE,FALSE,no_determinants,84,0.1700404858299595
520,voter,FALSE,FALSE,suspicious_determinants,2,0.004048582995951417
520,voter,FALSE,FALSE,too_many_missing_determinants,25,0.05060728744939271
520,voter,TRUE,TRUE,usable_complete,247,0.5
520,voter,TRUE,TRUE,usable_complete_limited_metadata,5,0.010121457489878543
520,voter,TRUE,TRUE,usable_partial,131,0.2651821862348178
521,abstention,FALSE,FALSE,no_determinants,20,0.039525691699604744
521,abstention,FALSE,FALSE,suspicious_determinants,1,0.001976284584980237
521,abstention,FALSE,FALSE,too_many_missing_determinants,4,0.007905138339920948
521,abstention,TRUE,TRUE,usable_complete,414,0.8181818181818182
521,abstention,TRUE,TRUE,usable_complete_limited_metadata,18,0.03557312252964427
521,abstention,TRUE,TRUE,usable_partial,48,0.09486166007905138
521,abstention,TRUE,TRUE,usable_partial_limited_metadata,1,0.001976284584980237
521,voter,FALSE,FALSE,no_determinants,92,0.1862348178137652
521,voter,FALSE,FALSE,suspicious_determinants,2,0.004048582995951417
521,voter,FALSE,FALSE,too_many_missing_determinants,28,0.05668016194331984
521,voter,TRUE,TRUE,usable_complete,254,0.5141700404858299
521,voter,TRUE,TRUE,usable_complete_limited_metadata,4,0.008097165991902834
521,voter,TRUE,TRUE,usable_partial,114,0.23076923076923078
522,abstention,FALSE,FALSE,no_determinants,33,0.06521739130434782
522,abstention,FALSE,FALSE,too_many_missing_determinants,5,0.009881422924901186
522,abstention,TRUE,TRUE,usable_complete,407,0.8043478260869565
522,abstention,TRUE,TRUE,usable_complete_limited_metadata,20,0.039525691699604744
522,abstention,TRUE,TRUE,usable_partial,40,0.07905138339920949
522,abstention,TRUE,TRUE,usable_partial_limited_metadata,1,0.001976284584980237
522,voter,FALSE,FALSE,no_determinants,87,0.17611336032388664
522,voter,FALSE,FALSE,suspicious_determinants,2,0.004048582995951417
522,voter,FALSE,FALSE,too_many_missing_determinants,22,0.044534412955465584
522,voter,TRUE,TRUE,usable_complete,256,0.5182186234817814
522,voter,TRUE,TRUE,usable_complete_limited_metadata,6,0.012145748987854251
522,voter,TRUE,TRUE,usable_partial,121,0.24493927125506074
523,abstention,FALSE,FALSE,no_determinants,25,0.04940711462450593
523,abstention,FALSE,FALSE,too_many_missing_determinants,4,0.007905138339920948
523,abstention,TRUE,TRUE,usable_complete,404,0.7984189723320159
523,abstention,TRUE,TRUE,usable_complete_limited_metadata,25,0.04940711462450593
523,abstention,TRUE,TRUE,usable_partial,46,0.09090909090909091
523,abstention,TRUE,TRUE,usable_partial_limited_metadata,2,0.003952569169960474
523,voter,FALSE,FALSE,no_determinants,80,0.16194331983805668
523,voter,FALSE,FALSE,suspicious_determinants,2,0.004048582995951417
523,voter,FALSE,FALSE,too_many_missing_determinants,29,0.058704453441295545
523,voter,TRUE,TRUE,usable_complete,247,0.5
523,voter,TRUE,TRUE,usable_complete_limited_metadata,11,0.022267206477732792
523,voter,TRUE,TRUE,usable_partial,124,0.25101214574898784
523,voter,TRUE,TRUE,usable_partial_limited_metadata,1,0.0020242914979757085
524,abstention,FALSE,FALSE,no_determinants,31,0.06126482213438735
524,abstention,FALSE,FALSE,too_many_missing_determinants,10,0.019762845849802372
524,abstention,TRUE,TRUE,usable_complete,395,0.7806324110671937
524,abstention,TRUE,TRUE,usable_complete_limited_metadata,22,0.043478260869565216
524,abstention,TRUE,TRUE,usable_partial,45,0.08893280632411067
524,abstention,TRUE,TRUE,usable_partial_limited_metadata,3,0.005928853754940711
524,voter,FALSE,FALSE,no_determinants,83,0.1680161943319838
524,voter,FALSE,FALSE,suspicious_determinants,2,0.004048582995951417
524,voter,FALSE,FALSE,too_many_missing_determinants,37,0.07489878542510121
524,voter,TRUE,TRUE,usable_complete,242,0.4898785425101215
524,voter,TRUE,TRUE,usable_complete_limited_metadata,5,0.010121457489878543
524,voter,TRUE,TRUE,usable_partial,125,0.25303643724696356
525,abstention,FALSE,FALSE,no_determinants,40,0.07905138339920949
525,abstention,FALSE,FALSE,suspicious_determinants,1,0.001976284584980237
525,abstention,FALSE,FALSE,too_many_missing_determinants,3,0.005928853754940711
525,abstention,TRUE,TRUE,usable_complete,393,0.7766798418972332
525,abstention,TRUE,TRUE,usable_complete_limited_metadata,20,0.039525691699604744
525,abstention,TRUE,TRUE,usable_partial,44,0.08695652173913043
525,abstention,TRUE,TRUE,usable_partial_limited_metadata,5,0.009881422924901186
525,voter,FALSE,FALSE,no_determinants,83,0.1680161943319838
525,voter,FALSE,FALSE,suspicious_determinants,5,0.010121457489878543
525,voter,FALSE,FALSE,too_many_missing_determinants,27,0.05465587044534413
525,voter,TRUE,TRUE,usable_complete,269,0.5445344129554656
525,voter,TRUE,TRUE,usable_complete_limited_metadata,7,0.01417004048582996
525,voter,TRUE,TRUE,usable_partial,102,0.20647773279352227
525,voter,TRUE,TRUE,usable_partial_limited_metadata,1,0.0020242914979757085
526,abstention,FALSE,FALSE,no_determinants,40,0.07905138339920949
526,abstention,FALSE,FALSE,suspicious_determinants,1,0.001976284584980237
526,abstention,FALSE,FALSE,too_many_missing_determinants,4,0.007905138339920948
526,abstention,TRUE,TRUE,usable_complete,390,0.7707509881422925
526,abstention,TRUE,TRUE,usable_complete_limited_metadata,16,0.03162055335968379
526,abstention,TRUE,TRUE,usable_partial,51,0.1007905138339921
526,abstention,TRUE,TRUE,usable_partial_limited_metadata,4,0.007905138339920948
526,voter,FALSE,FALSE,no_determinants,86,0.17408906882591094
526,voter,FALSE,FALSE,suspicious_determinants,2,0.004048582995951417
526,voter,FALSE,FALSE,too_many_missing_determinants,23,0.0465587044534413
526,voter,TRUE,TRUE,usable_complete,262,0.5303643724696356
526,voter,TRUE,TRUE,usable_complete_limited_metadata,8,0.016194331983805668
526,voter,TRUE,TRUE,usable_partial,113,0.22874493927125505
527,abstention,FALSE,FALSE,no_determinants,30,0.05928853754940711
527,abstention,FALSE,FALSE,suspicious_determinants,1,0.001976284584980237
527,abstention,FALSE,FALSE,too_many_missing_determinants,5,0.009881422924901186
527,abstention,TRUE,TRUE,usable_complete,395,0.7806324110671937
527,abstention,TRUE,TRUE,usable_complete_limited_metadata,15,0.029644268774703556
527,abstention,TRUE,TRUE,usable_partial,58,0.11462450592885376
527,abstention,TRUE,TRUE,usable_partial_limited_metadata,2,0.003952569169960474
527,voter,FALSE,FALSE,no_determinants,68,0.13765182186234817
527,voter,FALSE,FALSE,suspicious_determinants,2,0.004048582995951417
527,voter,FALSE,FALSE,too_many_missing_determinants,27,0.05465587044534413
527,voter,TRUE,TRUE,usable_complete,268,0.5425101214574899
527,voter,TRUE,TRUE,usable_complete_limited_metadata,5,0.010121457489878543
527,voter,TRUE,TRUE,usable_partial,122,0.24696356275303644
527,voter,TRUE,TRUE,usable_partial_limited_metadata,2,0.004048582995951417
528,abstention,FALSE,FALSE,no_determinants,25,0.04940711462450593
528,abstention,FALSE,FALSE,suspicious_determinants,2,0.003952569169960474
528,abstention,FALSE,FALSE,too_many_missing_determinants,8,0.015810276679841896
528,abstention,TRUE,TRUE,usable_complete,407,0.8043478260869565
528,abstention,TRUE,TRUE,usable_complete_limited_metadata,21,0.041501976284584984
528,abstention,TRUE,TRUE,usable_partial,42,0.08300395256916997
528,abstention,TRUE,TRUE,usable_partial_limited_metadata,1,0.001976284584980237
528,voter,FALSE,FALSE,no_determinants,92,0.1862348178137652
528,voter,FALSE,FALSE,suspicious_determinants,4,0.008097165991902834
528,voter,FALSE,FALSE,too_many_missing_determinants,26,0.05263157894736842
528,voter,TRUE,TRUE,usable_complete,243,0.49190283400809715
528,voter,TRUE,TRUE,usable_complete_limited_metadata,8,0.016194331983805668
528,voter,TRUE,TRUE,usable_partial,121,0.24493927125506074
529,abstention,FALSE,FALSE,no_determinants,31,0.06126482213438735
529,abstention,FALSE,FALSE,suspicious_determinants,1,0.001976284584980237
529,abstention,FALSE,FALSE,too_many_missing_determinants,5,0.009881422924901186
529,abstention,TRUE,TRUE,usable_complete,408,0.8063241106719368
529,abstention,TRUE,TRUE,usable_complete_limited_metadata,11,0.021739130434782608
529,abstention,TRUE,TRUE,usable_partial,48,0.09486166007905138
529,abstention,TRUE,TRUE,usable_partial_limited_metadata,2,0.003952569169960474
529,voter,FALSE,FALSE,no_determinants,68,0.13765182186234817
529,voter,FALSE,FALSE,suspicious_determinants,2,0.004048582995951417
529,voter,FALSE,FALSE,too_many_missing_determinants,25,0.05060728744939271
529,voter,TRUE,TRUE,usable_complete,258,0.5222672064777328
529,voter,TRUE,TRUE,usable_complete_limited_metadata,4,0.008097165991902834
529,voter,TRUE,TRUE,usable_partial,137,0.2773279352226721
530,abstention,FALSE,FALSE,no_determinants,37,0.07312252964426877
530,abstention,FALSE,FALSE,suspicious_determinants,1,0.001976284584980237
530,abstention,FALSE,FALSE,too_many_missing_determinants,5,0.009881422924901186
530,abstention,TRUE,TRUE,usable_complete,392,0.7747035573122529
530,abstention,TRUE,TRUE,usable_complete_limited_metadata,18,0.03557312252964427
530,abstention,TRUE,TRUE,usable_partial,51,0.1007905138339921
530,abstention,TRUE,TRUE,usable_partial_limited_metadata,2,0.003952569169960474
530,voter,FALSE,FALSE,no_determinants,68,0.13765182186234817
530,voter,FALSE,FALSE,suspicious_determinants,7,0.01417004048582996
530,voter,FALSE,FALSE,too_many_missing_determinants,23,0.0465587044534413
530,voter,TRUE,TRUE,usable_complete,256,0.5182186234817814
530,voter,TRUE,TRUE,usable_complete_limited_metadata,8,0.016194331983805668
530,voter,TRUE,TRUE,usable_partial,130,0.2631578947368421
530,voter,TRUE,TRUE,usable_partial_limited_metadata,2,0.004048582995951417
531,abstention,FALSE,FALSE,no_determinants,31,0.06126482213438735
531,abstention,FALSE,FALSE,suspicious_determinants,1,0.001976284584980237
531,abstention,FALSE,FALSE,too_many_missing_determinants,5,0.009881422924901186
531,abstention,TRUE,TRUE,usable_complete,397,0.7845849802371542
531,abstention,TRUE,TRUE,usable_complete_limited_metadata,19,0.037549407114624504
531,abstention,TRUE,TRUE,usable_partial,51,0.1007905138339921
531,abstention,TRUE,TRUE,usable_partial_limited_metadata,2,0.003952569169960474
531,voter,FALSE,FALSE,no_determinants,65,0.13157894736842105
531,voter,FALSE,FALSE,suspicious_determinants,3,0.006072874493927126
531,voter,FALSE,FALSE,too_many_missing_determinants,27,0.05465587044534413
531,voter,TRUE,TRUE,usable_complete,259,0.5242914979757085
531,voter,TRUE,TRUE,usable_complete_limited_metadata,3,0.006072874493927126
531,voter,TRUE,TRUE,usable_partial,133,0.2692307692307692
531,voter,TRUE,TRUE,usable_partial_limited_metadata,4,0.008097165991902834
532,abstention,FALSE,FALSE,no_determinants,31,0.06126482213438735
532,abstention,FALSE,FALSE,too_many_missing_determinants,10,0.019762845849802372
532,abstention,TRUE,TRUE,usable_complete,392,0.7747035573122529
532,abstention,TRUE,TRUE,usable_complete_limited_metadata,21,0.041501976284584984
532,abstention,TRUE,TRUE,usable_partial,51,0.1007905138339921
532,abstention,TRUE,TRUE,usable_partial_limited_metadata,1,0.001976284584980237
532,voter,FALSE,FALSE,no_determinants,79,0.15991902834008098
532,voter,FALSE,FALSE,suspicious_determinants,4,0.008097165991902834
532,voter,FALSE,FALSE,too_many_missing_determinants,25,0.05060728744939271
532,voter,TRUE,TRUE,usable_complete,251,0.5080971659919028
532,voter,TRUE,TRUE,usable_complete_limited_metadata,4,0.008097165991902834
532,voter,TRUE,TRUE,usable_partial,131,0.2651821862348178
533,abstention,FALSE,FALSE,no_determinants,18,0.03557312252964427
533,abstention,FALSE,FALSE,suspicious_determinants,1,0.001976284584980237
533,abstention,FALSE,FALSE,too_many_missing_determinants,5,0.009881422924901186
533,abstention,TRUE,TRUE,usable_complete,416,0.8221343873517787
533,abstention,TRUE,TRUE,usable_complete_limited_metadata,21,0.041501976284584984
533,abstention,TRUE,TRUE,usable_partial,44,0.08695652173913043
533,abstention,TRUE,TRUE,usable_partial_limited_metadata,1,0.001976284584980237
533,voter,FALSE,FALSE,no_determinants,67,0.13562753036437247
533,voter,FALSE,FALSE,suspicious_determinants,4,0.008097165991902834
533,voter,FALSE,FALSE,too_many_missing_determinants,32,0.06477732793522267
533,voter,TRUE,TRUE,usable_complete,271,0.548582995951417
533,voter,TRUE,TRUE,usable_complete_limited_metadata,7,0.01417004048582996
533,voter,TRUE,TRUE,usable_partial,113,0.22874493927125505
534,abstention,FALSE,FALSE,no_determinants,27,0.0533596837944664
534,abstention,FALSE,FALSE,too_many_missing_determinants,6,0.011857707509881422
534,abstention,TRUE,TRUE,usable_complete,402,0.7944664031620553
534,abstention,TRUE,TRUE,usable_complete_limited_metadata,17,0.03359683794466403
534,abstention,TRUE,TRUE,usable_partial,50,0.09881422924901186
534,abstention,TRUE,TRUE,usable_partial_limited_metadata,4,0.007905138339920948
534,voter,FALSE,FALSE,no_determinants,81,0.16396761133603238
534,voter,FALSE,FALSE,suspicious_determinants,2,0.004048582995951417
534,voter,FALSE,FALSE,too_many_missing_determinants,26,0.05263157894736842
534,voter,TRUE,TRUE,usable_complete,251,0.5080971659919028
534,voter,TRUE,TRUE,usable_complete_limited_metadata,5,0.010121457489878543
534,voter,TRUE,TRUE,usable_partial,129,0.2611336032388664
535,abstention,FALSE,FALSE,no_determinants,26,0.05138339920948617
535,abstention,FALSE,FALSE,too_many_missing_determinants,5,0.009881422924901186
535,abstention,TRUE,TRUE,usable_complete,393,0.7766798418972332
535,abstention,TRUE,TRUE,usable_complete_limited_metadata,26,0.05138339920948617
535,abstention,TRUE,TRUE,usable_partial,53,0.10474308300395258
535,abstention,TRUE,TRUE,usable_partial_limited_metadata,3,0.005928853754940711
535,voter,FALSE,FALSE,no_determinants,89,0.18016194331983806
535,voter,FALSE,FALSE,suspicious_determinants,4,0.008097165991902834
535,voter,FALSE,FALSE,too_many_missing_determinants,23,0.0465587044534413
535,voter,TRUE,TRUE,usable_complete,244,0.4939271255060729
535,voter,TRUE,TRUE,usable_complete_limited_metadata,7,0.01417004048582996
535,voter,TRUE,TRUE,usable_partial,124,0.25101214574898784
535,voter,TRUE,TRUE,usable_partial_limited_metadata,3,0.006072874493927126
536,abstention,FALSE,FALSE,no_determinants,28,0.05533596837944664
536,abstention,FALSE,FALSE,suspicious_determinants,3,0.005928853754940711
536,abstention,FALSE,FALSE,too_many_missing_determinants,7,0.01383399209486166
536,abstention,TRUE,TRUE,usable_complete,399,0.7885375494071146
536,abstention,TRUE,TRUE,usable_complete_limited_metadata,14,0.02766798418972332
536,abstention,TRUE,TRUE,usable_partial,54,0.1067193675889328
536,abstention,TRUE,TRUE,usable_partial_limited_metadata,1,0.001976284584980237
536,voter,FALSE,FALSE,no_determinants,77,0.15587044534412955
536,voter,FALSE,FALSE,suspicious_determinants,2,0.004048582995951417
536,voter,FALSE,FALSE,too_many_missing_determinants,28,0.05668016194331984
536,voter,TRUE,TRUE,usable_complete,257,0.520242914979757
536,voter,TRUE,TRUE,usable_complete_limited_metadata,10,0.020242914979757085
536,voter,TRUE,TRUE,usable_partial,120,0.242914979757085
537,abstention,FALSE,FALSE,no_determinants,30,0.05928853754940711
537,abstention,FALSE,FALSE,suspicious_determinants,2,0.003952569169960474
537,abstention,FALSE,FALSE,too_many_missing_determinants,3,0.005928853754940711
537,abstention,TRUE,TRUE,usable_complete,406,0.8023715415019763
537,abstention,TRUE,TRUE,usable_complete_limited_metadata,15,0.029644268774703556
537,abstention,TRUE,TRUE,usable_partial,48,0.09486166007905138
537,abstention,TRUE,TRUE,usable_partial_limited_metadata,2,0.003952569169960474
537,voter,FALSE,FALSE,no_determinants,84,0.1700404858299595
537,voter,FALSE,FALSE,suspicious_determinants,2,0.004048582995951417
537,voter,FALSE,FALSE,too_many_missing_determinants,24,0.048582995951417005
537,voter,TRUE,TRUE,usable_complete,250,0.5060728744939271
537,voter,TRUE,TRUE,usable_complete_limited_metadata,5,0.010121457489878543
537,voter,TRUE,TRUE,usable_partial,129,0.2611336032388664
538,abstention,FALSE,FALSE,no_determinants,34,0.06719367588932806
538,abstention,FALSE,FALSE,suspicious_determinants,1,0.001976284584980237
538,abstention,FALSE,FALSE,too_many_missing_determinants,9,0.017786561264822136
538,abstention,TRUE,TRUE,usable_complete,409,0.808300395256917
538,abstention,TRUE,TRUE,usable_complete_limited_metadata,17,0.03359683794466403
538,abstention,TRUE,TRUE,usable_partial,36,0.07114624505928854
538,voter,FALSE,FALSE,no_determinants,82,0.1659919028340081
538,voter,FALSE,FALSE,suspicious_determinants,1,0.0020242914979757085
538,voter,FALSE,FALSE,too_many_missing_determinants,27,0.05465587044534413
538,voter,TRUE,TRUE,usable_complete,254,0.5141700404858299
538,voter,TRUE,TRUE,usable_complete_limited_metadata,4,0.008097165991902834
538,voter,TRUE,TRUE,usable_partial,124,0.25101214574898784
538,voter,TRUE,TRUE,usable_partial_limited_metadata,2,0.004048582995951417
539,abstention,FALSE,FALSE,no_determinants,25,0.04940711462450593
539,abstention,FALSE,FALSE,suspicious_determinants,1,0.001976284584980237
539,abstention,FALSE,FALSE,too_many_missing_determinants,6,0.011857707509881422
539,abstention,TRUE,TRUE,usable_complete,415,0.8201581027667985
539,abstention,TRUE,TRUE,usable_complete_limited_metadata,17,0.03359683794466403
539,abstention,TRUE,TRUE,usable_partial,42,0.08300395256916997
539,voter,FALSE,FALSE,no_determinants,80,0.16194331983805668
539,voter,FALSE,FALSE,suspicious_determinants,5,0.010121457489878543
539,voter,FALSE,FALSE,too_many_missing_determinants,26,0.05263157894736842
539,voter,TRUE,TRUE,usable_complete,252,0.5101214574898786
539,voter,TRUE,TRUE,usable_complete_limited_metadata,3,0.006072874493927126
539,voter,TRUE,TRUE,usable_partial,127,0.25708502024291496
539,voter,TRUE,TRUE,usable_partial_limited_metadata,1,0.0020242914979757085
540,abstention,FALSE,FALSE,no_determinants,33,0.06521739130434782
540,abstention,FALSE,FALSE,too_many_missing_determinants,1,0.001976284584980237
540,abstention,TRUE,TRUE,usable_complete,401,0.7924901185770751
540,abstention,TRUE,TRUE,usable_complete_limited_metadata,22,0.043478260869565216
540,abstention,TRUE,TRUE,usable_partial,47,0.09288537549407115
540,abstention,TRUE,TRUE,usable_partial_limited_metadata,2,0.003952569169960474
540,voter,FALSE,FALSE,no_determinants,84,0.1700404858299595
540,voter,FALSE,FALSE,too_many_missing_determinants,26,0.05263157894736842
540,voter,TRUE,TRUE,usable_complete,256,0.5182186234817814
540,voter,TRUE,TRUE,usable_complete_limited_metadata,7,0.01417004048582996
540,voter,TRUE,TRUE,usable_partial,120,0.242914979757085
540,voter,TRUE,TRUE,usable_partial_limited_metadata,1,0.0020242914979757085
541,abstention,FALSE,FALSE,no_determinants,38,0.07509881422924901
541,abstention,FALSE,FALSE,suspicious_determinants,1,0.001976284584980237
541,abstention,FALSE,FALSE,too_many_missing_determinants,9,0.017786561264822136
541,abstention,TRUE,TRUE,usable_complete,396,0.782608695652174
541,abstention,TRUE,TRUE,usable_complete_limited_metadata,23,0.045454545454545456
541,abstention,TRUE,TRUE,usable_partial,39,0.07707509881422925
541,voter,FALSE,FALSE,no_determinants,76,0.15384615384615385
541,voter,FALSE,FALSE,suspicious_determinants,1,0.0020242914979757085
541,voter,FALSE,FALSE,too_many_missing_determinants,26,0.05263157894736842
541,voter,TRUE,TRUE,usable_complete,244,0.4939271255060729
541,voter,TRUE,TRUE,usable_complete_limited_metadata,6,0.012145748987854251
541,voter,TRUE,TRUE,usable_partial,139,0.2813765182186235
541,voter,TRUE,TRUE,usable_partial_limited_metadata,2,0.004048582995951417
542,abstention,FALSE,FALSE,no_determinants,33,0.06521739130434782
542,abstention,FALSE,FALSE,suspicious_determinants,2,0.003952569169960474
542,abstention,FALSE,FALSE,too_many_missing_determinants,4,0.007905138339920948
542,abstention,TRUE,TRUE,usable_complete,404,0.7984189723320159
542,abstention,TRUE,TRUE,usable_complete_limited_metadata,18,0.03557312252964427
542,abstention,TRUE,TRUE,usable_partial,38,0.07509881422924901
542,abstention,TRUE,TRUE,usable_partial_limited_metadata,7,0.01383399209486166
542,voter,FALSE,FALSE,no_determinants,80,0.16194331983805668
542,voter,FALSE,FALSE,suspicious_determinants,5,0.010121457489878543
542,voter,FALSE,FALSE,too_many_missing_determinants,22,0.044534412955465584
542,voter,TRUE,TRUE,usable_complete,252,0.5101214574898786
542,voter,TRUE,TRUE,usable_complete_limited_metadata,5,0.010121457489878543
542,voter,TRUE,TRUE,usable_partial,128,0.2591093117408907
542,voter,TRUE,TRUE,usable_partial_limited_metadata,2,0.004048582995951417
543,abstention,FALSE,FALSE,no_determinants,29,0.05731225296442688
543,abstention,FALSE,FALSE,suspicious_determinants,1,0.001976284584980237
543,abstention,FALSE,FALSE,too_many_missing_determinants,5,0.009881422924901186
543,abstention,TRUE,TRUE,usable_complete,396,0.782608695652174
543,abstention,TRUE,TRUE,usable_complete_limited_metadata,20,0.039525691699604744
543,abstention,TRUE,TRUE,usable_partial,53,0.10474308300395258
543,abstention,TRUE,TRUE,usable_partial_limited_metadata,2,0.003952569169960474
543,voter,FALSE,FALSE,no_determinants,82,0.1659919028340081
543,voter,FALSE,FALSE,suspicious_determinants,3,0.006072874493927126
543,voter,FALSE,FALSE,too_many_missing_determinants,30,0.06072874493927125
543,voter,TRUE,TRUE,usable_complete,241,0.48785425101214575
543,voter,TRUE,TRUE,usable_complete_limited_metadata,12,0.024291497975708502
543,voter,TRUE,TRUE,usable_partial,125,0.25303643724696356
543,voter,TRUE,TRUE,usable_partial_limited_metadata,1,0.0020242914979757085
544,abstention,FALSE,FALSE,no_determinants,40,0.07905138339920949
544,abstention,FALSE,FALSE,suspicious_determinants,2,0.003952569169960474
544,abstention,FALSE,FALSE,too_many_missing_determinants,1,0.001976284584980237
544,abstention,TRUE,TRUE,usable_complete,396,0.782608695652174
544,abstention,TRUE,TRUE,usable_complete_limited_metadata,14,0.02766798418972332
544,abstention,TRUE,TRUE,usable_partial,53,0.10474308300395258
544,voter,FALSE,FALSE,no_determinants,81,0.16396761133603238
544,voter,FALSE,FALSE,suspicious_determinants,2,0.004048582995951417
544,voter,FALSE,FALSE,too_many_missing_determinants,20,0.04048582995951417
544,voter,TRUE,TRUE,usable_complete,246,0.4979757085020243
544,voter,TRUE,TRUE,usable_complete_limited_metadata,4,0.008097165991902834
544,voter,TRUE,TRUE,usable_partial,140,0.2834008097165992
544,voter,TRUE,TRUE,usable_partial_limited_metadata,1,0.0020242914979757085
545,abstention,FALSE,FALSE,no_determinants,38,0.07509881422924901
545,abstention,FALSE,FALSE,too_many_missing_determinants,2,0.003952569169960474
545,abstention,TRUE,TRUE,usable_complete,401,0.7924901185770751
545,abstention,TRUE,TRUE,usable_complete_limited_metadata,23,0.045454545454545456
545,abstention,TRUE,TRUE,usable_partial,39,0.07707509881422925
545,abstention,TRUE,TRUE,usable_partial_limited_metadata,3,0.005928853754940711
545,voter,FALSE,FALSE,no_determinants,81,0.16396761133603238
545,voter,FALSE,FALSE,suspicious_determinants,2,0.004048582995951417
545,voter,FALSE,FALSE,too_many_missing_determinants,29,0.058704453441295545
545,voter,TRUE,TRUE,usable_complete,238,0.4817813765182186
545,voter,TRUE,TRUE,usable_complete_limited_metadata,6,0.012145748987854251
545,voter,TRUE,TRUE,usable_partial,137,0.2773279352226721
545,voter,TRUE,TRUE,usable_partial_limited_metadata,1,0.0020242914979757085
546,abstention,FALSE,FALSE,no_determinants,31,0.06126482213438735
546,abstention,FALSE,FALSE,too_many_missing_determinants,4,0.007905138339920948
546,abstention,TRUE,TRUE,usable_complete,401,0.7924901185770751
546,abstention,TRUE,TRUE,usable_complete_limited_metadata,18,0.03557312252964427
546,abstention,TRUE,TRUE,usable_partial,51,0.1007905138339921
546,abstention,TRUE,TRUE,usable_partial_limited_metadata,1,0.001976284584980237
546,voter,FALSE,FALSE,no_determinants,84,0.1700404858299595
546,voter,FALSE,FALSE,suspicious_determinants,10,0.020242914979757085
546,voter,FALSE,FALSE,too_many_missing_determinants,18,0.03643724696356275
546,voter,TRUE,TRUE,usable_complete,251,0.5080971659919028
546,voter,TRUE,TRUE,usable_complete_limited_metadata,6,0.012145748987854251
546,voter,TRUE,TRUE,usable_partial,124,0.25101214574898784
546,voter,TRUE,TRUE,usable_partial_limited_metadata,1,0.0020242914979757085
547,abstention,FALSE,FALSE,no_determinants,38,0.07509881422924901
547,abstention,FALSE,FALSE,too_many_missing_determinants,6,0.011857707509881422
547,abstention,TRUE,TRUE,usable_complete,400,0.7905138339920948
547,abstention,TRUE,TRUE,usable_complete_limited_metadata,21,0.041501976284584984
547,abstention,TRUE,TRUE,usable_partial,40,0.07905138339920949
547,abstention,TRUE,TRUE,usable_partial_limited_metadata,1,0.001976284584980237
547,voter,FALSE,FALSE,no_determinants,75,0.15182186234817813
547,voter,FALSE,FALSE,suspicious_determinants,2,0.004048582995951417
547,voter,FALSE,FALSE,too_many_missing_determinants,20,0.04048582995951417
547,voter,TRUE,TRUE,usable_complete,255,0.5161943319838057
547,voter,TRUE,TRUE,usable_complete_limited_metadata,3,0.006072874493927126
547,voter,TRUE,TRUE,usable_partial,137,0.2773279352226721
547,voter,TRUE,TRUE,usable_partial_limited_metadata,2,0.004048582995951417
548,abstention,FALSE,FALSE,no_determinants,26,0.05138339920948617
548,abstention,FALSE,FALSE,too_many_missing_determinants,4,0.007905138339920948
548,abstention,TRUE,TRUE,usable_complete,405,0.8003952569169961
548,abstention,TRUE,TRUE,usable_complete_limited_metadata,24,0.04743083003952569
548,abstention,TRUE,TRUE,usable_partial,42,0.08300395256916997
548,abstention,TRUE,TRUE,usable_partial_limited_metadata,5,0.009881422924901186
548,voter,FALSE,FALSE,no_determinants,75,0.15182186234817813
548,voter,FALSE,FALSE,suspicious_determinants,5,0.010121457489878543
548,voter,FALSE,FALSE,too_many_missing_determinants,23,0.0465587044534413
548,voter,TRUE,TRUE,usable_complete,255,0.5161943319838057
548,voter,TRUE,TRUE,usable_complete_limited_metadata,7,0.01417004048582996
548,voter,TRUE,TRUE,usable_partial,129,0.2611336032388664
549,abstention,FALSE,FALSE,no_determinants,34,0.06719367588932806
549,abstention,FALSE,FALSE,suspicious_determinants,1,0.001976284584980237
549,abstention,FALSE,FALSE,too_many_missing_determinants,2,0.003952569169960474
549,abstention,TRUE,TRUE,usable_complete,410,0.8102766798418972
549,abstention,TRUE,TRUE,usable_complete_limited_metadata,14,0.02766798418972332
549,abstention,TRUE,TRUE,usable_partial,42,0.08300395256916997
549,abstention,TRUE,TRUE,usable_partial_limited_metadata,3,0.005928853754940711
549,voter,FALSE,FALSE,no_determinants,80,0.16194331983805668
549,voter,FALSE,FALSE,suspicious_determinants,2,0.004048582995951417
549,voter,FALSE,FALSE,too_many_missing_determinants,34,0.06882591093117409
549,voter,TRUE,TRUE,usable_complete,253,0.5121457489878543
549,voter,TRUE,TRUE,usable_complete_limited_metadata,3,0.006072874493927126
549,voter,TRUE,TRUE,usable_partial,122,0.24696356275303644
550,abstention,FALSE,FALSE,no_determinants,30,0.05928853754940711
550,abstention,FALSE,FALSE,suspicious_determinants,2,0.003952569169960474
550,abstention,FALSE,FALSE,too_many_missing_determinants,5,0.009881422924901186
550,abstention,TRUE,TRUE,usable_complete,401,0.7924901185770751
550,abstention,TRUE,TRUE,usable_complete_limited_metadata,20,0.039525691699604744
550,abstention,TRUE,TRUE,usable_partial,43,0.08498023715415019
550,abstention,TRUE,TRUE,usable_partial_limited_metadata,5,0.009881422924901186
550,voter,FALSE,FALSE,no_determinants,69,0.1396761133603239
550,voter,FALSE,FALSE,suspicious_determinants,5,0.010121457489878543
550,voter,FALSE,FALSE,too_many_missing_determinants,35,0.0708502024291498
550,voter,TRUE,TRUE,usable_complete,235,0.4757085020242915
550,voter,TRUE,TRUE,usable_complete_limited_metadata,12,0.024291497975708502
550,voter,TRUE,TRUE,usable_partial,136,0.27530364372469635
550,voter,TRUE,TRUE,usable_partial_limited_metadata,2,0.004048582995951417
551,abstention,FALSE,FALSE,no_determinants,43,0.08498023715415019
551,abstention,FALSE,FALSE,too_many_missing_determinants,2,0.003952569169960474
551,abstention,TRUE,TRUE,usable_complete,392,0.7747035573122529
551,abstention,TRUE,TRUE,usable_complete_limited_metadata,14,0.02766798418972332
551,abstention,TRUE,TRUE,usable_partial,51,0.1007905138339921
551,abstention,TRUE,TRUE,usable_partial_limited_metadata,4,0.007905138339920948
551,voter,FALSE,FALSE,no_determinants,81,0.16396761133603238
551,voter,FALSE,FALSE,suspicious_determinants,3,0.006072874493927126
551,voter,FALSE,FALSE,too_many_missing_determinants,21,0.04251012145748988
551,voter,TRUE,TRUE,usable_complete,252,0.5101214574898786
551,voter,TRUE,TRUE,usable_complete_limited_metadata,8,0.016194331983805668
551,voter,TRUE,TRUE,usable_partial,129,0.2611336032388664
552,abstention,FALSE,FALSE,no_determinants,38,0.07509881422924901
552,abstention,FALSE,FALSE,too_many_missing_determinants,4,0.007905138339920948
552,abstention,TRUE,TRUE,usable_complete,395,0.7806324110671937
552,abstention,TRUE,TRUE,usable_complete_limited_metadata,24,0.04743083003952569
552,abstention,TRUE,TRUE,usable_partial,44,0.08695652173913043
552,abstention,TRUE,TRUE,usable_partial_limited_metadata,1,0.001976284584980237
552,voter,FALSE,FALSE,no_determinants,72,0.145748987854251
552,voter,FALSE,FALSE,suspicious_determinants,4,0.008097165991902834
552,voter,FALSE,FALSE,too_many_missing_determinants,24,0.048582995951417005
552,voter,TRUE,TRUE,usable_complete,267,0.5404858299595142
552,voter,TRUE,TRUE,usable_complete_limited_metadata,9,0.018218623481781375
552,voter,TRUE,TRUE,usable_partial,116,0.23481781376518218
552,voter,TRUE,TRUE,usable_partial_limited_metadata,2,0.004048582995951417
553,abstention,FALSE,FALSE,no_determinants,26,0.05138339920948617
553,abstention,FALSE,FALSE,suspicious_determinants,2,0.003952569169960474
553,abstention,FALSE,FALSE,too_many_missing_determinants,4,0.007905138339920948
553,abstention,TRUE,TRUE,usable_complete,408,0.8063241106719368
553,abstention,TRUE,TRUE,usable_complete_limited_metadata,20,0.039525691699604744
553,abstention,TRUE,TRUE,usable_partial,46,0.09090909090909091
553,voter,FALSE,FALSE,no_determinants,69,0.1396761133603239
553,voter,FALSE,FALSE,suspicious_determinants,3,0.006072874493927126
553,voter,FALSE,FALSE,too_many_missing_determinants,27,0.05465587044534413
553,voter,TRUE,TRUE,usable_complete,268,0.5425101214574899
553,voter,TRUE,TRUE,usable_complete_limited_metadata,5,0.010121457489878543
553,voter,TRUE,TRUE,usable_partial,122,0.24696356275303644
554,abstention,FALSE,FALSE,no_determinants,32,0.06324110671936758
554,abstention,FALSE,FALSE,too_many_missing_determinants,4,0.007905138339920948
554,abstention,TRUE,TRUE,usable_complete,415,0.8201581027667985
554,abstention,TRUE,TRUE,usable_complete_limited_metadata,15,0.029644268774703556
554,abstention,TRUE,TRUE,usable_partial,40,0.07905138339920949
554,voter,FALSE,FALSE,no_determinants,84,0.1700404858299595
554,voter,FALSE,FALSE,suspicious_determinants,3,0.006072874493927126
554,voter,FALSE,FALSE,too_many_missing_determinants,28,0.05668016194331984
554,voter,TRUE,TRUE,usable_complete,245,0.4959514170040486
554,voter,TRUE,TRUE,usable_complete_limited_metadata,6,0.012145748987854251
554,voter,TRUE,TRUE,usable_partial,128,0.2591093117408907
555,abstention,FALSE,FALSE,no_determinants,21,0.041501976284584984
555,abstention,FALSE,FALSE,suspicious_determinants,2,0.003952569169960474
555,abstention,FALSE,FALSE,too_many_missing_determinants,6,0.011857707509881422
555,abstention,TRUE,TRUE,usable_complete,414,0.8181818181818182
555,abstention,TRUE,TRUE,usable_complete_limited_metadata,16,0.03162055335968379
555,abstention,TRUE,TRUE,usable_partial,45,0.08893280632411067
555,abstention,TRUE,TRUE,usable_partial_limited_metadata,2,0.003952569169960474
555,voter,FALSE,FALSE,no_determinants,83,0.1680161943319838
555,voter,FALSE,FALSE,suspicious_determinants,2,0.004048582995951417
555,voter,FALSE,FALSE,too_many_missing_determinants,22,0.044534412955465584
555,voter,TRUE,TRUE,usable_complete,248,0.5020242914979757
555,voter,TRUE,TRUE,usable_complete_limited_metadata,10,0.020242914979757085
555,voter,TRUE,TRUE,usable_partial,127,0.25708502024291496
555,voter,TRUE,TRUE,usable_partial_limited_metadata,2,0.004048582995951417
556,abstention,FALSE,FALSE,no_determinants,22,0.043478260869565216
556,abstention,FALSE,FALSE,too_many_missing_determinants,5,0.009881422924901186
556,abstention,TRUE,TRUE,usable_complete,409,0.808300395256917
556,abstention,TRUE,TRUE,usable_complete_limited_metadata,16,0.03162055335968379
556,abstention,TRUE,TRUE,usable_partial,53,0.10474308300395258
556,abstention,TRUE,TRUE,usable_partial_limited_metadata,1,0.001976284584980237
556,voter,FALSE,FALSE,no_determinants,90,0.18218623481781376
556,voter,FALSE,FALSE,suspicious_determinants,4,0.008097165991902834
556,voter,FALSE,FALSE,too_many_missing_determinants,30,0.06072874493927125
556,voter,TRUE,TRUE,usable_complete,229,0.46356275303643724
556,voter,TRUE,TRUE,usable_complete_limited_metadata,6,0.012145748987854251
556,voter,TRUE,TRUE,usable_partial,135,0.2732793522267207
557,abstention,FALSE,FALSE,no_determinants,39,0.07707509881422925
557,abstention,FALSE,FALSE,suspicious_determinants,1,0.001976284584980237
557,abstention,FALSE,FALSE,too_many_missing_determinants,3,0.005928853754940711
557,abstention,TRUE,TRUE,usable_complete,391,0.7727272727272727
557,abstention,TRUE,TRUE,usable_complete_limited_metadata,21,0.041501976284584984
557,abstention,TRUE,TRUE,usable_partial,50,0.09881422924901186
557,abstention,TRUE,TRUE,usable_partial_limited_metadata,1,0.001976284584980237
557,voter,FALSE,FALSE,no_determinants,71,0.1437246963562753
557,voter,FALSE,FALSE,suspicious_determinants,2,0.004048582995951417
557,voter,FALSE,FALSE,too_many_missing_determinants,21,0.04251012145748988
557,voter,TRUE,TRUE,usable_complete,251,0.5080971659919028
557,voter,TRUE,TRUE,usable_complete_limited_metadata,9,0.018218623481781375
557,voter,TRUE,TRUE,usable_partial,139,0.2813765182186235
557,voter,TRUE,TRUE,usable_partial_limited_metadata,1,0.0020242914979757085
558,abstention,FALSE,FALSE,no_determinants,31,0.06126482213438735
558,abstention,FALSE,FALSE,suspicious_determinants,3,0.005928853754940711
558,abstention,FALSE,FALSE,too_many_missing_determinants,1,0.001976284584980237
558,abstention,TRUE,TRUE,usable_complete,393,0.7766798418972332
558,abstention,TRUE,TRUE,usable_complete_limited_metadata,30,0.05928853754940711
558,abstention,TRUE,TRUE,usable_partial,47,0.09288537549407115
558,abstention,TRUE,TRUE,usable_partial_limited_metadata,1,0.001976284584980237
558,voter,FALSE,FALSE,no_determinants,75,0.15182186234817813
558,voter,FALSE,FALSE,suspicious_determinants,4,0.008097165991902834
558,voter,FALSE,FALSE,too_many_missing_determinants,29,0.058704453441295545
558,voter,TRUE,TRUE,usable_complete,235,0.4757085020242915
558,voter,TRUE,TRUE,usable_complete_limited_metadata,10,0.020242914979757085
558,voter,TRUE,TRUE,usable_partial,140,0.2834008097165992
558,voter,TRUE,TRUE,usable_partial_limited_metadata,1,0.0020242914979757085
559,abstention,FALSE,FALSE,no_determinants,32,0.06324110671936758
559,abstention,FALSE,FALSE,suspicious_determinants,2,0.003952569169960474
559,abstention,FALSE,FALSE,too_many_missing_determinants,5,0.009881422924901186
559,abstention,TRUE,TRUE,usable_complete,406,0.8023715415019763
559,abstention,TRUE,TRUE,usable_complete_limited_metadata,15,0.029644268774703556
559,abstention,TRUE,TRUE,usable_partial,43,0.08498023715415019
559,abstention,TRUE,TRUE,usable_partial_limited_metadata,3,0.005928853754940711
559,voter,FALSE,FALSE,no_determinants,65,0.13157894736842105
559,voter,FALSE,FALSE,suspicious_determinants,4,0.008097165991902834
559,voter,FALSE,FALSE,too_many_missing_determinants,31,0.06275303643724696
559,voter,TRUE,TRUE,usable_complete,251,0.5080971659919028
559,voter,TRUE,TRUE,usable_complete_limited_metadata,6,0.012145748987854251
559,voter,TRUE,TRUE,usable_partial,136,0.27530364372469635
559,voter,TRUE,TRUE,usable_partial_limited_metadata,1,0.0020242914979757085
560,abstention,FALSE,FALSE,no_determinants,31,0.06126482213438735
560,abstention,FALSE,FALSE,suspicious_determinants,2,0.003952569169960474
560,abstention,FALSE,FALSE,too_many_missing_determinants,6,0.011857707509881422
560,abstention,TRUE,TRUE,usable_complete,398,0.7865612648221344
560,abstention,TRUE,TRUE,usable_complete_limited_metadata,18,0.03557312252964427
560,abstention,TRUE,TRUE,usable_partial,48,0.09486166007905138
560,abstention,TRUE,TRUE,usable_partial_limited_metadata,3,0.005928853754940711
560,voter,FALSE,FALSE,no_determinants,72,0.145748987854251
560,voter,FALSE,FALSE,suspicious_determinants,2,0.004048582995951417
560,voter,FALSE,FALSE,too_many_missing_determinants,24,0.048582995951417005
560,voter,TRUE,TRUE,usable_complete,276,0.5587044534412956
560,voter,TRUE,TRUE,usable_complete_limited_metadata,7,0.01417004048582996
560,voter,TRUE,TRUE,usable_partial,113,0.22874493927125505
561,abstention,FALSE,FALSE,no_determinants,30,0.05928853754940711
561,abstention,FALSE,FALSE,too_many_missing_determinants,6,0.011857707509881422
561,abstention,TRUE,TRUE,usable_complete,401,0.7924901185770751
561,abstention,TRUE,TRUE,usable_complete_limited_metadata,21,0.041501976284584984
561,abstention,TRUE,TRUE,usable_partial,42,0.08300395256916997
561,abstention,TRUE,TRUE,usable_partial_limited_metadata,6,0.011857707509881422
561,voter,FALSE,FALSE,no_determinants,81,0.16396761133603238
561,voter,FALSE,FALSE,suspicious_determinants,2,0.004048582995951417
561,voter,FALSE,FALSE,too_many_missing_determinants,31,0.06275303643724696
561,voter,TRUE,TRUE,usable_complete,252,0.5101214574898786
561,voter,TRUE,TRUE,usable_complete_limited_metadata,8,0.016194331983805668
561,voter,TRUE,TRUE,usable_partial,119,0.2408906882591093
561,voter,TRUE,TRUE,usable_partial_limited_metadata,1,0.0020242914979757085
562,abstention,FALSE,FALSE,no_determinants,26,0.05138339920948617
562,abstention,FALSE,FALSE,suspicious_determinants,1,0.001976284584980237
562,abstention,FALSE,FALSE,too_many_missing_determinants,5,0.009881422924901186
562,abstention,TRUE,TRUE,usable_complete,403,0.7964426877470355
562,abstention,TRUE,TRUE,usable_complete_limited_metadata,14,0.02766798418972332
562,abstention,TRUE,TRUE,usable_partial,53,0.10474308300395258
562,abstention,TRUE,TRUE,usable_partial_limited_metadata,4,0.007905138339920948
562,voter,FALSE,FALSE,no_determinants,90,0.18218623481781376
562,voter,FALSE,FALSE,suspicious_determinants,3,0.006072874493927126
562,voter,FALSE,FALSE,too_many_missing_determinants,33,0.06680161943319839
562,voter,TRUE,TRUE,usable_complete,239,0.48380566801619435
562,voter,TRUE,TRUE,usable_complete_limited_metadata,4,0.008097165991902834
562,voter,TRUE,TRUE,usable_partial,123,0.24898785425101214
562,voter,TRUE,TRUE,usable_partial_limited_metadata,2,0.004048582995951417
563,abstention,FALSE,FALSE,no_determinants,36,0.07114624505928854
563,abstention,FALSE,FALSE,suspicious_determinants,2,0.003952569169960474
563,abstention,FALSE,FALSE,too_many_missing_determinants,7,0.01383399209486166
563,abstention,TRUE,TRUE,usable_complete,401,0.7924901185770751
563,abstention,TRUE,TRUE,usable_complete_limited_metadata,17,0.03359683794466403
563,abstention,TRUE,TRUE,usable_partial,39,0.07707509881422925
563,abstention,TRUE,TRUE,usable_partial_limited_metadata,4,0.007905138339920948
563,voter,FALSE,FALSE,no_determinants,96,0.19433198380566802
563,voter,FALSE,FALSE,suspicious_determinants,3,0.006072874493927126
563,voter,FALSE,FALSE,too_many_missing_determinants,19,0.038461538461538464
563,voter,TRUE,TRUE,usable_complete,253,0.5121457489878543
563,voter,TRUE,TRUE,usable_complete_limited_metadata,5,0.010121457489878543
563,voter,TRUE,TRUE,usable_partial,118,0.2388663967611336
564,abstention,FALSE,FALSE,no_determinants,26,0.05138339920948617
564,abstention,FALSE,FALSE,suspicious_determinants,1,0.001976284584980237
564,abstention,FALSE,FALSE,too_many_missing_determinants,4,0.007905138339920948
564,abstention,TRUE,TRUE,usable_complete,410,0.8102766798418972
564,abstention,TRUE,TRUE,usable_complete_limited_metadata,19,0.037549407114624504
564,abstention,TRUE,TRUE,usable_partial,43,0.08498023715415019
564,abstention,TRUE,TRUE,usable_partial_limited_metadata,3,0.005928853754940711
564,voter,FALSE,FALSE,no_determinants,74,0.14979757085020243
564,voter,FALSE,FALSE,suspicious_determinants,4,0.008097165991902834
564,voter,FALSE,FALSE,too_many_missing_determinants,33,0.06680161943319839
564,voter,TRUE,TRUE,usable_complete,253,0.5121457489878543
564,voter,TRUE,TRUE,usable_complete_limited_metadata,4,0.008097165991902834
564,voter,TRUE,TRUE,usable_partial,126,0.2550607287449393
565,abstention,FALSE,FALSE,no_determinants,30,0.05928853754940711
565,abstention,FALSE,FALSE,too_many_missing_determinants,3,0.005928853754940711
565,abstention,TRUE,TRUE,usable_complete,408,0.8063241106719368
565,abstention,TRUE,TRUE,usable_complete_limited_metadata,22,0.043478260869565216
565,abstention,TRUE,TRUE,usable_partial,41,0.08102766798418973
565,abstention,TRUE,TRUE,usable_partial_limited_metadata,2,0.003952569169960474
565,voter,FALSE,FALSE,no_determinants,81,0.16396761133603238
565,voter,FALSE,FALSE,suspicious_determinants,4,0.008097165991902834
565,voter,FALSE,FALSE,too_many_missing_determinants,24,0.048582995951417005
565,voter,TRUE,TRUE,usable_complete,259,0.5242914979757085
565,voter,TRUE,TRUE,usable_complete_limited_metadata,7,0.01417004048582996
565,voter,TRUE,TRUE,usable_partial,119,0.2408906882591093
566,abstention,FALSE,FALSE,no_determinants,25,0.04940711462450593
566,abstention,FALSE,FALSE,too_many_missing_determinants,3,0.005928853754940711
566,abstention,TRUE,TRUE,usable_complete,399,0.7885375494071146
566,abstention,TRUE,TRUE,usable_complete_limited_metadata,28,0.05533596837944664
566,abstention,TRUE,TRUE,usable_partial,46,0.09090909090909091
566,abstention,TRUE,TRUE,usable_partial_limited_metadata,5,0.009881422924901186
566,voter,FALSE,FALSE,no_determinants,90,0.18218623481781376
566,voter,FALSE,FALSE,suspicious_determinants,4,0.008097165991902834
566,voter,FALSE,FALSE,too_many_missing_determinants,22,0.044534412955465584
566,voter,TRUE,TRUE,usable_complete,232,0.46963562753036436
566,voter,TRUE,TRUE,usable_complete_limited_metadata,6,0.012145748987854251
566,voter,TRUE,TRUE,usable_partial,140,0.2834008097165992
567,abstention,FALSE,FALSE,no_determinants,31,0.06126482213438735
567,abstention,FALSE,FALSE,suspicious_determinants,1,0.001976284584980237
567,abstention,FALSE,FALSE,too_many_missing_determinants,3,0.005928853754940711
567,abstention,TRUE,TRUE,usable_complete,399,0.7885375494071146
567,abstention,TRUE,TRUE,usable_complete_limited_metadata,19,0.037549407114624504
567,abstention,TRUE,TRUE,usable_partial,53,0.10474308300395258
567,voter,FALSE,FALSE,no_determinants,77,0.15587044534412955
567,voter,FALSE,FALSE,suspicious_determinants,2,0.004048582995951417
567,voter,FALSE,FALSE,too_many_missing_determinants,21,0.04251012145748988
567,voter,TRUE,TRUE,usable_complete,251,0.5080971659919028
567,voter,TRUE,TRUE,usable_complete_limited_metadata,7,0.01417004048582996
567,voter,TRUE,TRUE,usable_partial,136,0.27530364372469635
568,abstention,FALSE,FALSE,no_determinants,29,0.05731225296442688
568,abstention,FALSE,FALSE,too_many_missing_determinants,6,0.011857707509881422
568,abstention,TRUE,TRUE,usable_complete,397,0.7845849802371542
568,abstention,TRUE,TRUE,usable_complete_limited_metadata,25,0.04940711462450593
568,abstention,TRUE,TRUE,usable_partial,45,0.08893280632411067
568,abstention,TRUE,TRUE,usable_partial_limited_metadata,4,0.007905138339920948
568,voter,FALSE,FALSE,no_determinants,81,0.16396761133603238
568,voter,FALSE,FALSE,suspicious_determinants,5,0.010121457489878543
568,voter,FALSE,FALSE,too_many_missing_determinants,22,0.044534412955465584
568,voter,TRUE,TRUE,usable_complete,243,0.49190283400809715
568,voter,TRUE,TRUE,usable_complete_limited_metadata,4,0.008097165991902834
568,voter,TRUE,TRUE,usable_partial,135,0.2732793522267207
568,voter,TRUE,TRUE,usable_partial_limited_metadata,4,0.008097165991902834
569,abstention,FALSE,FALSE,no_determinants,38,0.07509881422924901
569,abstention,FALSE,FALSE,too_many_missing_determinants,4,0.007905138339920948
569,abstention,TRUE,TRUE,usable_complete,407,0.8043478260869565
569,abstention,TRUE,TRUE,usable_complete_limited_metadata,17,0.03359683794466403
569,abstention,TRUE,TRUE,usable_partial,37,0.07312252964426877
569,abstention,TRUE,TRUE,usable_partial_limited_metadata,3,0.005928853754940711
569,voter,FALSE,FALSE,no_determinants,71,0.1437246963562753
569,voter,FALSE,FALSE,suspicious_determinants,5,0.010121457489878543
569,voter,FALSE,FALSE,too_many_missing_determinants,22,0.044534412955465584
569,voter,TRUE,TRUE,usable_complete,261,0.52834008097166
569,voter,TRUE,TRUE,usable_complete_limited_metadata,6,0.012145748987854251
569,voter,TRUE,TRUE,usable_partial,129,0.2611336032388664
570,abstention,FALSE,FALSE,no_determinants,31,0.06126482213438735
570,abstention,FALSE,FALSE,suspicious_determinants,4,0.007905138339920948
570,abstention,FALSE,FALSE,too_many_missing_determinants,3,0.005928853754940711
570,abstention,TRUE,TRUE,usable_complete,397,0.7845849802371542
570,abstention,TRUE,TRUE,usable_complete_limited_metadata,15,0.029644268774703556
570,abstention,TRUE,TRUE,usable_partial,54,0.1067193675889328
570,abstention,TRUE,TRUE,usable_partial_limited_metadata,2,0.003952569169960474
570,voter,FALSE,FALSE,no_determinants,92,0.1862348178137652
570,voter,FALSE,FALSE,suspicious_determinants,1,0.0020242914979757085
570,voter,FALSE,FALSE,too_many_missing_determinants,29,0.058704453441295545
570,voter,TRUE,TRUE,usable_complete,243,0.49190283400809715
570,voter,TRUE,TRUE,usable_complete_limited_metadata,11,0.022267206477732792
570,voter,TRUE,TRUE,usable_partial,116,0.23481781376518218
570,voter,TRUE,TRUE,usable_partial_limited_metadata,2,0.004048582995951417
571,abstention,FALSE,FALSE,no_determinants,29,0.05731225296442688
571,abstention,FALSE,FALSE,suspicious_determinants,2,0.003952569169960474
571,abstention,FALSE,FALSE,too_many_missing_determinants,3,0.005928853754940711
571,abstention,TRUE,TRUE,usable_complete,398,0.7865612648221344
571,abstention,TRUE,TRUE,usable_complete_limited_metadata,21,0.041501976284584984
571,abstention,TRUE,TRUE,usable_partial,52,0.10276679841897234
571,abstention,TRUE,TRUE,usable_partial_limited_metadata,1,0.001976284584980237
571,voter,FALSE,FALSE,no_determinants,85,0.1720647773279352
571,voter,FALSE,FALSE,suspicious_determinants,3,0.006072874493927126
571,voter,FALSE,FALSE,too_many_missing_determinants,21,0.04251012145748988
571,voter,TRUE,TRUE,usable_complete,259,0.5242914979757085
571,voter,TRUE,TRUE,usable_complete_limited_metadata,6,0.012145748987854251
571,voter,TRUE,TRUE,usable_partial,120,0.242914979757085
572,abstention,FALSE,FALSE,no_determinants,24,0.04743083003952569
572,abstention,FALSE,FALSE,suspicious_determinants,2,0.003952569169960474
572,abstention,FALSE,FALSE,too_many_missing_determinants,5,0.009881422924901186
572,abstention,TRUE,TRUE,usable_complete,421,0.8320158102766798
572,abstention,TRUE,TRUE,usable_complete_limited_metadata,12,0.023715415019762844
572,abstention,TRUE,TRUE,usable_partial,41,0.08102766798418973
572,abstention,TRUE,TRUE,usable_partial_limited_metadata,1,0.001976284584980237
572,voter,FALSE,FALSE,no_determinants,80,0.16194331983805668
572,voter,FALSE,FALSE,too_many_missing_determinants,21,0.04251012145748988
572,voter,TRUE,TRUE,usable_complete,230,0.46558704453441296
572,voter,TRUE,TRUE,usable_complete_limited_metadata,8,0.016194331983805668
572,voter,TRUE,TRUE,usable_partial,154,0.3117408906882591
572,voter,TRUE,TRUE,usable_partial_limited_metadata,1,0.0020242914979757085
573,abstention,FALSE,FALSE,no_determinants,28,0.05533596837944664
573,abstention,FALSE,FALSE,suspicious_determinants,2,0.003952569169960474
573,abstention,FALSE,FALSE,too_many_missing_determinants,6,0.011857707509881422
573,abstention,TRUE,TRUE,usable_complete,422,0.83399209486166
573,abstention,TRUE,TRUE,usable_complete_limited_metadata,14,0.02766798418972332
573,abstention,TRUE,TRUE,usable_partial,34,0.06719367588932806
573,voter,FALSE,FALSE,no_determinants,68,0.13765182186234817
573,voter,FALSE,FALSE,suspicious_determinants,5,0.010121457489878543
573,voter,FALSE,FALSE,too_many_missing_determinants,30,0.06072874493927125
573,voter,TRUE,TRUE,usable_complete,240,0.48582995951417
573,voter,TRUE,TRUE,usable_complete_limited_metadata,8,0.016194331983805668
573,voter,TRUE,TRUE,usable_partial,141,0.28542510121457487
573,voter,TRUE,TRUE,usable_partial_limited_metadata,2,0.004048582995951417
574,abstention,FALSE,FALSE,no_determinants,39,0.07707509881422925
574,abstention,FALSE,FALSE,suspicious_determinants,1,0.001976284584980237
574,abstention,FALSE,FALSE,too_many_missing_determinants,4,0.007905138339920948
574,abstention,TRUE,TRUE,usable_complete,394,0.7786561264822134
574,abstention,TRUE,TRUE,usable_complete_limited_metadata,18,0.03557312252964427
574,abstention,TRUE,TRUE,usable_partial,46,0.09090909090909091
574,abstention,TRUE,TRUE,usable_partial_limited_metadata,4,0.007905138339920948
574,voter,FALSE,FALSE,no_determinants,91,0.18421052631578946
574,voter,FALSE,FALSE,suspicious_determinants,4,0.008097165991902834
574,voter,FALSE,FALSE,too_many_missing_determinants,29,0.058704453441295545
574,voter,TRUE,TRUE,usable_complete,243,0.49190283400809715
574,voter,TRUE,TRUE,usable_complete_limited_metadata,8,0.016194331983805668
574,voter,TRUE,TRUE,usable_partial,118,0.2388663967611336
574,voter,TRUE,TRUE,usable_partial_limited_metadata,1,0.0020242914979757085
575,abstention,FALSE,FALSE,no_determinants,26,0.05138339920948617
575,abstention,FALSE,FALSE,too_many_missing_determinants,4,0.007905138339920948
575,abstention,TRUE,TRUE,usable_complete,398,0.7865612648221344
575,abstention,TRUE,TRUE,usable_complete_limited_metadata,21,0.041501976284584984
575,abstention,TRUE,TRUE,usable_partial,57,0.11264822134387352
575,voter,FALSE,FALSE,no_determinants,87,0.17611336032388664
575,voter,FALSE,FALSE,suspicious_determinants,5,0.010121457489878543
575,voter,FALSE,FALSE,too_many_missing_determinants,24,0.048582995951417005
575,voter,TRUE,TRUE,usable_complete,245,0.4959514170040486
575,voter,TRUE,TRUE,usable_complete_limited_metadata,9,0.018218623481781375
575,voter,TRUE,TRUE,usable_partial,123,0.24898785425101214
575,voter,TRUE,TRUE,usable_partial_limited_metadata,1,0.0020242914979757085
576,abstention,FALSE,FALSE,no_determinants,37,0.07312252964426877
576,abstention,FALSE,FALSE,suspicious_determinants,2,0.003952569169960474
576,abstention,FALSE,FALSE,too_many_missing_determinants,8,0.015810276679841896
576,abstention,TRUE,TRUE,usable_complete,398,0.7865612648221344
576,abstention,TRUE,TRUE,usable_complete_limited_metadata,13,0.025691699604743084
576,abstention,TRUE,TRUE,usable_partial,46,0.09090909090909091
576,abstention,TRUE,TRUE,usable_partial_limited_metadata,2,0.003952569169960474
576,voter,FALSE,FALSE,no_determinants,76,0.15384615384615385
576,voter,FALSE,FALSE,suspicious_determinants,1,0.0020242914979757085
576,voter,FALSE,FALSE,too_many_missing_determinants,29,0.058704453441295545
576,voter,TRUE,TRUE,usable_complete,238,0.4817813765182186
576,voter,TRUE,TRUE,usable_complete_limited_metadata,5,0.010121457489878543
576,voter,TRUE,TRUE,usable_partial,145,0.2935222672064777
577,abstention,FALSE,FALSE,no_determinants,30,0.05928853754940711
577,abstention,FALSE,FALSE,too_many_missing_determinants,4,0.007905138339920948
577,abstention,TRUE,TRUE,usable_complete,407,0.8043478260869565
577,abstention,TRUE,TRUE,usable_complete_limited_metadata,18,0.03557312252964427
577,abstention,TRUE,TRUE,usable_partial,44,0.08695652173913043
577,abstention,TRUE,TRUE,usable_partial_limited_metadata,3,0.005928853754940711
577,voter,FALSE,FALSE,no_determinants,80,0.16194331983805668
577,voter,FALSE,FALSE,suspicious_determinants,2,0.004048582995951417
577,voter,FALSE,FALSE,too_many_missing_determinants,21,0.04251012145748988
577,voter,TRUE,TRUE,usable_complete,237,0.4797570850202429
577,voter,TRUE,TRUE,usable_complete_limited_metadata,7,0.01417004048582996
577,voter,TRUE,TRUE,usable_partial,145,0.2935222672064777
577,voter,TRUE,TRUE,usable_partial_limited_metadata,2,0.004048582995951417
578,abstention,FALSE,FALSE,no_determinants,28,0.05533596837944664
578,abstention,FALSE,FALSE,suspicious_determinants,3,0.005928853754940711
578,abstention,FALSE,FALSE,too_many_missing_determinants,5,0.009881422924901186
578,abstention,TRUE,TRUE,usable_complete,414,0.8181818181818182
578,abstention,TRUE,TRUE,usable_complete_limited_metadata,16,0.03162055335968379
578,abstention,TRUE,TRUE,usable_partial,38,0.07509881422924901
578,abstention,TRUE,TRUE,usable_partial_limited_metadata,2,0.003952569169960474
578,voter,FALSE,FALSE,no_determinants,80,0.16194331983805668
578,voter,FALSE,FALSE,suspicious_determinants,4,0.008097165991902834
578,voter,FALSE,FALSE,too_many_missing_determinants,27,0.05465587044534413
578,voter,TRUE,TRUE,usable_complete,253,0.5121457489878543
578,voter,TRUE,TRUE,usable_complete_limited_metadata,15,0.030364372469635626
578,voter,TRUE,TRUE,usable_partial,115,0.23279352226720648
579,abstention,FALSE,FALSE,no_determinants,36,0.07114624505928854
579,abstention,FALSE,FALSE,suspicious_determinants,1,0.001976284584980237
579,abstention,FALSE,FALSE,too_many_missing_determinants,9,0.017786561264822136
579,abstention,TRUE,TRUE,usable_complete,394,0.7786561264822134
579,abstention,TRUE,TRUE,usable_complete_limited_metadata,20,0.039525691699604744
579,abstention,TRUE,TRUE,usable_partial,44,0.08695652173913043
579,abstention,TRUE,TRUE,usable_partial_limited_metadata,2,0.003952569169960474
579,voter,FALSE,FALSE,no_determinants,82,0.1659919028340081
579,voter,FALSE,FALSE,suspicious_determinants,2,0.004048582995951417
579,voter,FALSE,FALSE,too_many_missing_determinants,35,0.0708502024291498
579,voter,TRUE,TRUE,usable_complete,240,0.48582995951417
579,voter,TRUE,TRUE,usable_complete_limited_metadata,7,0.01417004048582996
579,voter,TRUE,TRUE,usable_partial,128,0.2591093117408907
580,abstention,FALSE,FALSE,no_determinants,25,0.04940711462450593
580,abstention,FALSE,FALSE,suspicious_determinants,1,0.001976284584980237
580,abstention,FALSE,FALSE,too_many_missing_determinants,3,0.005928853754940711
580,abstention,TRUE,TRUE,usable_complete,416,0.8221343873517787
580,abstention,TRUE,TRUE,usable_complete_limited_metadata,9,0.017786561264822136
580,abstention,TRUE,TRUE,usable_partial,49,0.09683794466403162
580,abstention,TRUE,TRUE,usable_partial_limited_metadata,3,0.005928853754940711
580,voter,FALSE,FALSE,no_determinants,72,0.145748987854251
580,voter,FALSE,FALSE,suspicious_determinants,6,0.012145748987854251
580,voter,FALSE,FALSE,too_many_missing_determinants,26,0.05263157894736842
580,voter,TRUE,TRUE,usable_complete,244,0.4939271255060729
580,voter,TRUE,TRUE,usable_complete_limited_metadata,10,0.020242914979757085
580,voter,TRUE,TRUE,usable_partial,136,0.27530364372469635
581,abstention,FALSE,FALSE,no_determinants,25,0.04940711462450593
581,abstention,FALSE,FALSE,suspicious_determinants,1,0.001976284584980237
581,abstention,FALSE,FALSE,too_many_missing_determinants,9,0.017786561264822136
581,abstention,TRUE,TRUE,usable_complete,397,0.7845849802371542
581,abstention,TRUE,TRUE,usable_complete_limited_metadata,21,0.041501976284584984
581,abstention,TRUE,TRUE,usable_partial,52,0.10276679841897234
581,abstention,TRUE,TRUE,usable_partial_limited_metadata,1,0.001976284584980237
581,voter,FALSE,FALSE,no_determinants,78,0.15789473684210525
581,voter,FALSE,FALSE,suspicious_determinants,4,0.008097165991902834
581,voter,FALSE,FALSE,too_many_missing_determinants,25,0.05060728744939271
581,voter,TRUE,TRUE,usable_complete,255,0.5161943319838057
581,voter,TRUE,TRUE,usable_complete_limited_metadata,8,0.016194331983805668
581,voter,TRUE,TRUE,usable_partial,124,0.25101214574898784
582,abstention,FALSE,FALSE,no_determinants,31,0.06126482213438735
582,abstention,FALSE,FALSE,suspicious_determinants,3,0.005928853754940711
582,abstention,FALSE,FALSE,too_many_missing_determinants,4,0.007905138339920948
582,abstention,TRUE,TRUE,usable_complete,397,0.7845849802371542
582,abstention,TRUE,TRUE,usable_complete_limited_metadata,17,0.03359683794466403
582,abstention,TRUE,TRUE,usable_partial,52,0.10276679841897234
582,abstention,TRUE,TRUE,usable_partial_limited_metadata,2,0.003952569169960474
582,voter,FALSE,FALSE,no_determinants,84,0.1700404858299595
582,voter,FALSE,FALSE,suspicious_determinants,4,0.008097165991902834
582,voter,FALSE,FALSE,too_many_missing_determinants,45,0.09109311740890688
582,voter,TRUE,TRUE,usable_complete,236,0.4777327935222672
582,voter,TRUE,TRUE,usable_complete_limited_metadata,4,0.008097165991902834
582,voter,TRUE,TRUE,usable_partial,120,0.242914979757085
582,voter,TRUE,TRUE,usable_partial_limited_metadata,1,0.0020242914979757085
583,abstention,FALSE,FALSE,no_determinants,29,0.05731225296442688
583,abstention,FALSE,FALSE,suspicious_determinants,1,0.001976284584980237
583,abstention,FALSE,FALSE,too_many_missing_determinants,3,0.005928853754940711
583,abstention,TRUE,TRUE,usable_complete,403,0.7964426877470355
583,abstention,TRUE,TRUE,usable_complete_limited_metadata,19,0.037549407114624504
583,abstention,TRUE,TRUE,usable_partial,47,0.09288537549407115
583,abstention,TRUE,TRUE,usable_partial_limited_metadata,4,0.007905138339920948
583,voter,FALSE,FALSE,no_determinants,67,0.13562753036437247
583,voter,FALSE,FALSE,suspicious_determinants,2,0.004048582995951417
583,voter,FALSE,FALSE,too_many_missing_determinants,27,0.05465587044534413
583,voter,TRUE,TRUE,usable_complete,252,0.5101214574898786
583,voter,TRUE,TRUE,usable_complete_limited_metadata,2,0.004048582995951417
583,voter,TRUE,TRUE,usable_partial,143,0.2894736842105263
583,voter,TRUE,TRUE,usable_partial_limited_metadata,1,0.0020242914979757085
584,abstention,FALSE,FALSE,no_determinants,28,0.05533596837944664
584,abstention,FALSE,FALSE,suspicious_determinants,1,0.001976284584980237
584,abstention,FALSE,FALSE,too_many_missing_determinants,6,0.011857707509881422
584,abstention,TRUE,TRUE,usable_complete,400,0.7905138339920948
584,abstention,TRUE,TRUE,usable_complete_limited_metadata,20,0.039525691699604744
584,abstention,TRUE,TRUE,usable_partial,47,0.09288537549407115
584,abstention,TRUE,TRUE,usable_partial_limited_metadata,4,0.007905138339920948
584,voter,FALSE,FALSE,no_determinants,66,0.13360323886639677
584,voter,FALSE,FALSE,suspicious_determinants,1,0.0020242914979757085
584,voter,FALSE,FALSE,too_many_missing_determinants,24,0.048582995951417005
584,voter,TRUE,TRUE,usable_complete,261,0.52834008097166
584,voter,TRUE,TRUE,usable_complete_limited_metadata,5,0.010121457489878543
584,voter,TRUE,TRUE,usable_partial,136,0.27530364372469635
584,voter,TRUE,TRUE,usable_partial_limited_metadata,1,0.0020242914979757085
585,abstention,FALSE,FALSE,no_determinants,44,0.08695652173913043
585,abstention,FALSE,FALSE,too_many_missing_determinants,3,0.005928853754940711
585,abstention,TRUE,TRUE,usable_complete,381,0.7529644268774703
585,abstention,TRUE,TRUE,usable_complete_limited_metadata,20,0.039525691699604744
585,abstention,TRUE,TRUE,usable_partial,57,0.11264822134387352
585,abstention,TRUE,TRUE,usable_partial_limited_metadata,1,0.001976284584980237
585,voter,FALSE,FALSE,no_determinants,86,0.17408906882591094
585,voter,FALSE,FALSE,suspicious_determinants,2,0.004048582995951417
585,voter,FALSE,FALSE,too_many_missing_determinants,28,0.05668016194331984
585,voter,TRUE,TRUE,usable_complete,229,0.46356275303643724
585,voter,TRUE,TRUE,usable_complete_limited_metadata,14,0.02834008097165992
585,voter,TRUE,TRUE,usable_partial,133,0.2692307692307692
585,voter,TRUE,TRUE,usable_partial_limited_metadata,2,0.004048582995951417
586,abstention,FALSE,FALSE,no_determinants,29,0.05731225296442688
586,abstention,FALSE,FALSE,suspicious_determinants,1,0.001976284584980237
586,abstention,FALSE,FALSE,too_many_missing_determinants,6,0.011857707509881422
586,abstention,TRUE,TRUE,usable_complete,392,0.7747035573122529
586,abstention,TRUE,TRUE,usable_complete_limited_metadata,18,0.03557312252964427
586,abstention,TRUE,TRUE,usable_partial,57,0.11264822134387352
586,abstention,TRUE,TRUE,usable_partial_limited_metadata,3,0.005928853754940711
586,voter,FALSE,FALSE,no_determinants,76,0.15384615384615385
586,voter,FALSE,FALSE,suspicious_determinants,3,0.006072874493927126
586,voter,FALSE,FALSE,too_many_missing_determinants,27,0.05465587044534413
586,voter,TRUE,TRUE,usable_complete,255,0.5161943319838057
586,voter,TRUE,TRUE,usable_complete_limited_metadata,8,0.016194331983805668
586,voter,TRUE,TRUE,usable_partial,125,0.25303643724696356
587,abstention,FALSE,FALSE,no_determinants,33,0.06521739130434782
587,abstention,FALSE,FALSE,too_many_missing_determinants,6,0.011857707509881422
587,abstention,TRUE,TRUE,usable_complete,407,0.8043478260869565
587,abstention,TRUE,TRUE,usable_complete_limited_metadata,15,0.029644268774703556
587,abstention,TRUE,TRUE,usable_partial,43,0.08498023715415019
587,abstention,TRUE,TRUE,usable_partial_limited_metadata,2,0.003952569169960474
587,voter,FALSE,FALSE,no_determinants,87,0.17611336032388664
587,voter,FALSE,FALSE,suspicious_determinants,5,0.010121457489878543
587,voter,FALSE,FALSE,too_many_missing_determinants,16,0.032388663967611336
587,voter,TRUE,TRUE,usable_complete,244,0.4939271255060729
587,voter,TRUE,TRUE,usable_complete_limited_metadata,5,0.010121457489878543
587,voter,TRUE,TRUE,usable_partial,136,0.27530364372469635
587,voter,TRUE,TRUE,usable_partial_limited_metadata,1,0.0020242914979757085
588,abstention,FALSE,FALSE,no_determinants,36,0.07114624505928854
588,abstention,FALSE,FALSE,suspicious_determinants,1,0.001976284584980237
588,abstention,FALSE,FALSE,too_many_missing_determinants,5,0.009881422924901186
588,abstention,TRUE,TRUE,usable_complete,391,0.7727272727272727
588,abstention,TRUE,TRUE,usable_complete_limited_metadata,20,0.039525691699604744
588,abstention,TRUE,TRUE,usable_partial,51,0.1007905138339921
588,abstention,TRUE,TRUE,usable_partial_limited_metadata,2,0.003952569169960474
588,voter,FALSE,FALSE,no_determinants,74,0.14979757085020243
588,voter,FALSE,FALSE,suspicious_determinants,3,0.006072874493927126
588,voter,FALSE,FALSE,too_many_missing_determinants,29,0.058704453441295545
588,voter,TRUE,TRUE,usable_complete,256,0.5182186234817814
588,voter,TRUE,TRUE,usable_complete_limited_metadata,8,0.016194331983805668
588,voter,TRUE,TRUE,usable_partial,124,0.25101214574898784
589,abstention,FALSE,FALSE,no_determinants,34,0.06719367588932806
589,abstention,FALSE,FALSE,suspicious_determinants,1,0.001976284584980237
589,abstention,FALSE,FALSE,too_many_missing_determinants,4,0.007905138339920948
589,abstention,TRUE,TRUE,usable_complete,412,0.8142292490118577
589,abstention,TRUE,TRUE,usable_complete_limited_metadata,19,0.037549407114624504
589,abstention,TRUE,TRUE,usable_partial,34,0.06719367588932806
589,abstention,TRUE,TRUE,usable_partial_limited_metadata,2,0.003952569169960474
589,voter,FALSE,FALSE,no_determinants,69,0.1396761133603239
589,voter,FALSE,FALSE,suspicious_determinants,6,0.012145748987854251
589,voter,FALSE,FALSE,too_many_missing_determinants,17,0.03441295546558704
589,voter,TRUE,TRUE,usable_complete,266,0.5384615384615384
589,voter,TRUE,TRUE,usable_complete_limited_metadata,7,0.01417004048582996
589,voter,TRUE,TRUE,usable_partial,127,0.25708502024291496
589,voter,TRUE,TRUE,usable_partial_limited_metadata,2,0.004048582995951417
590,abstention,FALSE,FALSE,no_determinants,32,0.06324110671936758
590,abstention,FALSE,FALSE,suspicious_determinants,1,0.001976284584980237
590,abstention,FALSE,FALSE,too_many_missing_determinants,11,0.021739130434782608
590,abstention,TRUE,TRUE,usable_complete,388,0.766798418972332
590,abstention,TRUE,TRUE,usable_complete_limited_metadata,21,0.041501976284584984
590,abstention,TRUE,TRUE,usable_partial,51,0.1007905138339921
590,abstention,TRUE,TRUE,usable_partial_limited_metadata,2,0.003952569169960474
590,voter,FALSE,FALSE,no_determinants,73,0.14777327935222673
590,voter,FALSE,FALSE,suspicious_determinants,6,0.012145748987854251
590,voter,FALSE,FALSE,too_many_missing_determinants,23,0.0465587044534413
590,voter,TRUE,TRUE,usable_complete,252,0.5101214574898786
590,voter,TRUE,TRUE,usable_complete_limited_metadata,7,0.01417004048582996
590,voter,TRUE,TRUE,usable_partial,131,0.2651821862348178
590,voter,TRUE,TRUE,usable_partial_limited_metadata,2,0.004048582995951417
591,abstention,FALSE,FALSE,no_determinants,30,0.05928853754940711
591,abstention,FALSE,FALSE,suspicious_determinants,1,0.001976284584980237
591,abstention,FALSE,FALSE,too_many_missing_determinants,3,0.005928853754940711
591,abstention,TRUE,TRUE,usable_complete,411,0.8122529644268774
591,abstention,TRUE,TRUE,usable_complete_limited_metadata,15,0.029644268774703556
591,abstention,TRUE,TRUE,usable_partial,44,0.08695652173913043
591,abstention,TRUE,TRUE,usable_partial_limited_metadata,2,0.003952569169960474
591,voter,FALSE,FALSE,no_determinants,77,0.15587044534412955
591,voter,FALSE,FALSE,suspicious_determinants,3,0.006072874493927126
591,voter,FALSE,FALSE,too_many_missing_determinants,27,0.05465587044534413
591,voter,TRUE,TRUE,usable_complete,258,0.5222672064777328
591,voter,TRUE,TRUE,usable_complete_limited_metadata,10,0.020242914979757085
591,voter,TRUE,TRUE,usable_partial,119,0.2408906882591093
592,abstention,FALSE,FALSE,no_determinants,29,0.05731225296442688
592,abstention,FALSE,FALSE,suspicious_determinants,1,0.001976284584980237
592,abstention,FALSE,FALSE,too_many_missing_determinants,4,0.007905138339920948
592,abstention,TRUE,TRUE,usable_complete,392,0.7747035573122529
592,abstention,TRUE,TRUE,usable_complete_limited_metadata,26,0.05138339920948617
592,abstention,TRUE,TRUE,usable_partial,51,0.1007905138339921
592,abstention,TRUE,TRUE,usable_partial_limited_metadata,3,0.005928853754940711
592,voter,FALSE,FALSE,no_determinants,56,0.11336032388663968
592,voter,FALSE,FALSE,suspicious_determinants,5,0.010121457489878543
592,voter,FALSE,FALSE,too_many_missing_determinants,24,0.048582995951417005
592,voter,TRUE,TRUE,usable_complete,276,0.5587044534412956
592,voter,TRUE,TRUE,usable_complete_limited_metadata,4,0.008097165991902834
592,voter,TRUE,TRUE,usable_partial,128,0.2591093117408907
592,voter,TRUE,TRUE,usable_partial_limited_metadata,1,0.0020242914979757085
593,abstention,FALSE,FALSE,no_determinants,26,0.05138339920948617
593,abstention,FALSE,FALSE,suspicious_determinants,2,0.003952569169960474
593,abstention,FALSE,FALSE,too_many_missing_determinants,6,0.011857707509881422
593,abstention,TRUE,TRUE,usable_complete,408,0.8063241106719368
593,abstention,TRUE,TRUE,usable_complete_limited_metadata,18,0.03557312252964427
593,abstention,TRUE,TRUE,usable_partial,45,0.08893280632411067
593,abstention,TRUE,TRUE,usable_partial_limited_metadata,1,0.001976284584980237
593,voter,FALSE,FALSE,no_determinants,77,0.15587044534412955
593,voter,FALSE,FALSE,suspicious_determinants,5,0.010121457489878543
593,voter,FALSE,FALSE,too_many_missing_determinants,28,0.05668016194331984
593,voter,TRUE,TRUE,usable_complete,245,0.4959514170040486
593,voter,TRUE,TRUE,usable_complete_limited_metadata,5,0.010121457489878543
593,voter,TRUE,TRUE,usable_partial,133,0.2692307692307692
593,voter,TRUE,TRUE,usable_partial_limited_metadata,1,0.0020242914979757085
594,abstention,FALSE,FALSE,no_determinants,29,0.05731225296442688
594,abstention,FALSE,FALSE,suspicious_determinants,3,0.005928853754940711
594,abstention,FALSE,FALSE,too_many_missing_determinants,3,0.005928853754940711
594,abstention,TRUE,TRUE,usable_complete,410,0.8102766798418972
594,abstention,TRUE,TRUE,usable_complete_limited_metadata,11,0.021739130434782608
594,abstention,TRUE,TRUE,usable_partial,48,0.09486166007905138
594,abstention,TRUE,TRUE,usable_partial_limited_metadata,2,0.003952569169960474
594,voter,FALSE,FALSE,no_determinants,85,0.1720647773279352
594,voter,FALSE,FALSE,suspicious_determinants,3,0.006072874493927126
594,voter,FALSE,FALSE,too_many_missing_determinants,17,0.03441295546558704
594,voter,TRUE,TRUE,usable_complete,260,0.5263157894736842
594,voter,TRUE,TRUE,usable_complete_limited_metadata,9,0.018218623481781375
594,voter,TRUE,TRUE,usable_partial,120,0.242914979757085
595,abstention,FALSE,FALSE,no_determinants,32,0.06324110671936758
595,abstention,FALSE,FALSE,suspicious_determinants,1,0.001976284584980237
595,abstention,FALSE,FALSE,too_many_missing_determinants,3,0.005928853754940711
595,abstention,TRUE,TRUE,usable_complete,405,0.8003952569169961
595,abstention,TRUE,TRUE,usable_complete_limited_metadata,15,0.029644268774703556
595,abstention,TRUE,TRUE,usable_partial,48,0.09486166007905138
595,abstention,TRUE,TRUE,usable_partial_limited_metadata,2,0.003952569169960474
595,voter,FALSE,FALSE,no_determinants,60,0.1214574898785425
595,voter,FALSE,FALSE,suspicious_determinants,3,0.006072874493927126
595,voter,FALSE,FALSE,too_many_missing_determinants,28,0.05668016194331984
595,voter,TRUE,TRUE,usable_complete,273,0.5526315789473685
595,voter,TRUE,TRUE,usable_complete_limited_metadata,6,0.012145748987854251
595,voter,TRUE,TRUE,usable_partial,123,0.24898785425101214
595,voter,TRUE,TRUE,usable_partial_limited_metadata,1,0.0020242914979757085
596,abstention,FALSE,FALSE,no_determinants,30,0.05928853754940711
596,abstention,FALSE,FALSE,suspicious_determinants,2,0.003952569169960474
596,abstention,FALSE,FALSE,too_many_missing_determinants,4,0.007905138339920948
596,abstention,TRUE,TRUE,usable_complete,401,0.7924901185770751
596,abstention,TRUE,TRUE,usable_complete_limited_metadata,25,0.04940711462450593
596,abstention,TRUE,TRUE,usable_partial,43,0.08498023715415019
596,abstention,TRUE,TRUE,usable_partial_limited_metadata,1,0.001976284584980237
596,voter,FALSE,FALSE,no_determinants,75,0.15182186234817813
596,voter,FALSE,FALSE,suspicious_determinants,5,0.010121457489878543
596,voter,FALSE,FALSE,too_many_missing_determinants,30,0.06072874493927125
596,voter,TRUE,TRUE,usable_complete,252,0.5101214574898786
596,voter,TRUE,TRUE,usable_complete_limited_metadata,5,0.010121457489878543
596,voter,TRUE,TRUE,usable_partial,126,0.2550607287449393
596,voter,TRUE,TRUE,usable_partial_limited_metadata,1,0.0020242914979757085
597,abstention,FALSE,FALSE,no_determinants,27,0.0533596837944664
597,abstention,FALSE,FALSE,suspicious_determinants,2,0.003952569169960474
597,abstention,FALSE,FALSE,too_many_missing_determinants,2,0.003952569169960474
597,abstention,TRUE,TRUE,usable_complete,402,0.7944664031620553
597,abstention,TRUE,TRUE,usable_complete_limited_metadata,17,0.03359683794466403
597,abstention,TRUE,TRUE,usable_partial,51,0.1007905138339921
597,abstention,TRUE,TRUE,usable_partial_limited_metadata,5,0.009881422924901186
597,voter,FALSE,FALSE,no_determinants,84,0.1700404858299595
597,voter,FALSE,FALSE,suspicious_determinants,3,0.006072874493927126
597,voter,FALSE,FALSE,too_many_missing_determinants,27,0.05465587044534413
597,voter,TRUE,TRUE,usable_complete,241,0.48785425101214575
597,voter,TRUE,TRUE,usable_complete_limited_metadata,5,0.010121457489878543
597,voter,TRUE,TRUE,usable_partial,134,0.27125506072874495
598,abstention,FALSE,FALSE,no_determinants,28,0.05533596837944664
598,abstention,FALSE,FALSE,suspicious_determinants,1,0.001976284584980237
598,abstention,FALSE,FALSE,too_many_missing_determinants,4,0.007905138339920948
598,abstention,TRUE,TRUE,usable_complete,410,0.8102766798418972
598,abstention,TRUE,TRUE,usable_complete_limited_metadata,13,0.025691699604743084
598,abstention,TRUE,TRUE,usable_partial,49,0.09683794466403162
598,abstention,TRUE,TRUE,usable_partial_limited_metadata,1,0.001976284584980237
598,voter,FALSE,FALSE,no_determinants,76,0.15384615384615385
598,voter,FALSE,FALSE,suspicious_determinants,3,0.006072874493927126
598,voter,FALSE,FALSE,too_many_missing_determinants,23,0.0465587044534413
598,voter,TRUE,TRUE,usable_complete,253,0.5121457489878543
598,voter,TRUE,TRUE,usable_complete_limited_metadata,15,0.030364372469635626
598,voter,TRUE,TRUE,usable_partial,123,0.24898785425101214
598,voter,TRUE,TRUE,usable_partial_limited_metadata,1,0.0020242914979757085
599,abstention,FALSE,FALSE,no_determinants,19,0.037549407114624504
599,abstention,FALSE,FALSE,too_many_missing_determinants,5,0.009881422924901186
599,abstention,TRUE,TRUE,usable_complete,414,0.8181818181818182
599,abstention,TRUE,TRUE,usable_complete_limited_metadata,16,0.03162055335968379
599,abstention,TRUE,TRUE,usable_partial,51,0.1007905138339921
599,abstention,TRUE,TRUE,usable_partial_limited_metadata,1,0.001976284584980237
599,voter,FALSE,FALSE,no_determinants,63,0.12753036437246965
599,voter,FALSE,FALSE,suspicious_determinants,5,0.010121457489878543
599,voter,FALSE,FALSE,too_many_missing_determinants,31,0.06275303643724696
599,voter,TRUE,TRUE,usable_complete,256,0.5182186234817814
599,voter,TRUE,TRUE,usable_complete_limited_metadata,7,0.01417004048582996
599,voter,TRUE,TRUE,usable_partial,130,0.2631578947368421
599,voter,TRUE,TRUE,usable_partial_limited_metadata,2,0.004048582995951417
600,abstention,FALSE,FALSE,no_determinants,31,0.06126482213438735
600,abstention,FALSE,FALSE,too_many_missing_determinants,9,0.017786561264822136
600,abstention,TRUE,TRUE,usable_complete,397,0.7845849802371542
600,abstention,TRUE,TRUE,usable_complete_limited_metadata,21,0.041501976284584984
600,abstention,TRUE,TRUE,usable_partial,45,0.08893280632411067
600,abstention,TRUE,TRUE,usable_partial_limited_metadata,3,0.005928853754940711
600,voter,FALSE,FALSE,no_determinants,79,0.15991902834008098
600,voter,FALSE,FALSE,suspicious_determinants,5,0.010121457489878543
600,voter,FALSE,FALSE,too_many_missing_determinants,30,0.06072874493927125
600,voter,TRUE,TRUE,usable_complete,258,0.5222672064777328
600,voter,TRUE,TRUE,usable_complete_limited_metadata,2,0.004048582995951417
600,voter,TRUE,TRUE,usable_partial,120,0.242914979757085
601,abstention,FALSE,FALSE,no_determinants,24,0.04743083003952569
601,abstention,FALSE,FALSE,too_many_missing_determinants,1,0.001976284584980237
601,abstention,TRUE,TRUE,usable_complete,408,0.8063241106719368
601,abstention,TRUE,TRUE,usable_complete_limited_metadata,22,0.043478260869565216
601,abstention,TRUE,TRUE,usable_partial,47,0.09288537549407115
601,abstention,TRUE,TRUE,usable_partial_limited_metadata,4,0.007905138339920948
601,voter,FALSE,FALSE,no_determinants,76,0.15384615384615385
601,voter,FALSE,FALSE,suspicious_determinants,2,0.004048582995951417
601,voter,FALSE,FALSE,too_many_missing_determinants,23,0.0465587044534413
601,voter,TRUE,TRUE,usable_complete,260,0.5263157894736842
601,voter,TRUE,TRUE,usable_complete_limited_metadata,6,0.012145748987854251
601,voter,TRUE,TRUE,usable_partial,125,0.25303643724696356
601,voter,TRUE,TRUE,usable_partial_limited_metadata,2,0.004048582995951417
602,abstention,FALSE,FALSE,no_determinants,33,0.06521739130434782
602,abstention,FALSE,FALSE,suspicious_determinants,1,0.001976284584980237
602,abstention,TRUE,TRUE,usable_complete,412,0.8142292490118577
602,abstention,TRUE,TRUE,usable_complete_limited_metadata,11,0.021739130434782608
602,abstention,TRUE,TRUE,usable_partial,48,0.09486166007905138
602,abstention,TRUE,TRUE,usable_partial_limited_metadata,1,0.001976284584980237
602,voter,FALSE,FALSE,no_determinants,83,0.1680161943319838
602,voter,FALSE,FALSE,suspicious_determinants,4,0.008097165991902834
602,voter,FALSE,FALSE,too_many_missing_determinants,18,0.03643724696356275
602,voter,TRUE,TRUE,usable_complete,256,0.5182186234817814
602,voter,TRUE,TRUE,usable_complete_limited_metadata,6,0.012145748987854251
602,voter,TRUE,TRUE,usable_partial,127,0.25708502024291496
603,abstention,FALSE,FALSE,no_determinants,35,0.0691699604743083
603,abstention,FALSE,FALSE,suspicious_determinants,1,0.001976284584980237
603,abstention,FALSE,FALSE,too_many_missing_determinants,3,0.005928853754940711
603,abstention,TRUE,TRUE,usable_complete,397,0.7845849802371542
603,abstention,TRUE,TRUE,usable_complete_limited_metadata,19,0.037549407114624504
603,abstention,TRUE,TRUE,usable_partial,51,0.1007905138339921
603,voter,FALSE,FALSE,no_determinants,81,0.16396761133603238
603,voter,FALSE,FALSE,too_many_missing_determinants,22,0.044534412955465584
603,voter,TRUE,TRUE,usable_complete,270,0.5465587044534413
603,voter,TRUE,TRUE,usable_complete_limited_metadata,8,0.016194331983805668
603,voter,TRUE,TRUE,usable_partial,113,0.22874493927125505
604,abstention,FALSE,FALSE,no_determinants,43,0.08498023715415019
604,abstention,FALSE,FALSE,suspicious_determinants,1,0.001976284584980237
604,abstention,FALSE,FALSE,too_many_missing_determinants,5,0.009881422924901186
604,abstention,TRUE,TRUE,usable_complete,383,0.7569169960474308
604,abstention,TRUE,TRUE,usable_complete_limited_metadata,17,0.03359683794466403
604,abstention,TRUE,TRUE,usable_partial,54,0.1067193675889328
604,abstention,TRUE,TRUE,usable_partial_limited_metadata,3,0.005928853754940711
604,voter,FALSE,FALSE,no_determinants,81,0.16396761133603238
604,voter,FALSE,FALSE,suspicious_determinants,3,0.006072874493927126
604,voter,FALSE,FALSE,too_many_missing_determinants,36,0.0728744939271255
604,voter,TRUE,TRUE,usable_complete,237,0.4797570850202429
604,voter,TRUE,TRUE,usable_complete_limited_metadata,6,0.012145748987854251
604,voter,TRUE,TRUE,usable_partial,126,0.2550607287449393
604,voter,TRUE,TRUE,usable_partial_limited_metadata,5,0.010121457489878543
605,abstention,FALSE,FALSE,no_determinants,31,0.06126482213438735
605,abstention,FALSE,FALSE,suspicious_determinants,1,0.001976284584980237
605,abstention,FALSE,FALSE,too_many_missing_determinants,8,0.015810276679841896
605,abstention,TRUE,TRUE,usable_complete,391,0.7727272727272727
605,abstention,TRUE,TRUE,usable_complete_limited_metadata,21,0.041501976284584984
605,abstention,TRUE,TRUE,usable_partial,52,0.10276679841897234
605,abstention,TRUE,TRUE,usable_partial_limited_metadata,2,0.003952569169960474
605,voter,FALSE,FALSE,no_determinants,86,0.17408906882591094
605,voter,FALSE,FALSE,suspicious_determinants,5,0.010121457489878543
605,voter,FALSE,FALSE,too_many_missing_determinants,22,0.044534412955465584
605,voter,TRUE,TRUE,usable_complete,251,0.5080971659919028
605,voter,TRUE,TRUE,usable_complete_limited_metadata,12,0.024291497975708502
605,voter,TRUE,TRUE,usable_partial,118,0.2388663967611336
606,abstention,FALSE,FALSE,no_determinants,31,0.06126482213438735
606,abstention,FALSE,FALSE,suspicious_determinants,1,0.001976284584980237
606,abstention,FALSE,FALSE,too_many_missing_determinants,6,0.011857707509881422
606,abstention,TRUE,TRUE,usable_complete,402,0.7944664031620553
606,abstention,TRUE,TRUE,usable_complete_limited_metadata,18,0.03557312252964427
606,abstention,TRUE,TRUE,usable_partial,47,0.09288537549407115
606,abstention,TRUE,TRUE,usable_partial_limited_metadata,1,0.001976284584980237
606,voter,FALSE,FALSE,no_determinants,74,0.14979757085020243
606,voter,FALSE,FALSE,suspicious_determinants,3,0.006072874493927126
606,voter,FALSE,FALSE,too_many_missing_determinants,25,0.05060728744939271
606,voter,TRUE,TRUE,usable_complete,264,0.5344129554655871
606,voter,TRUE,TRUE,usable_complete_limited_metadata,7,0.01417004048582996
606,voter,TRUE,TRUE,usable_partial,120,0.242914979757085
606,voter,TRUE,TRUE,usable_partial_limited_metadata,1,0.0020242914979757085
607,abstention,FALSE,FALSE,no_determinants,27,0.0533596837944664
607,abstention,FALSE,FALSE,suspicious_determinants,1,0.001976284584980237
607,abstention,FALSE,FALSE,too_many_missing_determinants,2,0.003952569169960474
607,abstention,TRUE,TRUE,usable_complete,402,0.7944664031620553
607,abstention,TRUE,TRUE,usable_complete_limited_metadata,22,0.043478260869565216
607,abstention,TRUE,TRUE,usable_partial,48,0.09486166007905138
607,abstention,TRUE,TRUE,usable_partial_limited_metadata,4,0.007905138339920948
607,voter,FALSE,FALSE,no_determinants,69,0.1396761133603239
607,voter,FALSE,FALSE,suspicious_determinants,4,0.008097165991902834
607,voter,FALSE,FALSE,too_many_missing_determinants,30,0.06072874493927125
607,voter,TRUE,TRUE,usable_complete,257,0.520242914979757
607,voter,TRUE,TRUE,usable_complete_limited_metadata,6,0.012145748987854251
607,voter,TRUE,TRUE,usable_partial,128,0.2591093117408907
608,abstention,FALSE,FALSE,no_determinants,36,0.07114624505928854
608,abstention,FALSE,FALSE,suspicious_determinants,1,0.001976284584980237
608,abstention,FALSE,FALSE,too_many_missing_determinants,2,0.003952569169960474
608,abstention,TRUE,TRUE,usable_complete,402,0.7944664031620553
608,abstention,TRUE,TRUE,usable_complete_limited_metadata,11,0.021739130434782608
608,abstention,TRUE,TRUE,usable_partial,53,0.10474308300395258
608,abstention,TRUE,TRUE,usable_partial_limited_metadata,1,0.001976284584980237
608,voter,FALSE,FALSE,no_determinants,82,0.1659919028340081
608,voter,FALSE,FALSE,suspicious_determinants,6,0.012145748987854251
608,voter,FALSE,FALSE,too_many_missing_determinants,26,0.05263157894736842
608,voter,TRUE,TRUE,usable_complete,249,0.5040485829959515
608,voter,TRUE,TRUE,usable_complete_limited_metadata,7,0.01417004048582996
608,voter,TRUE,TRUE,usable_partial,122,0.24696356275303644
608,voter,TRUE,TRUE,usable_partial_limited_metadata,2,0.004048582995951417
609,abstention,FALSE,FALSE,no_determinants,29,0.05731225296442688
609,abstention,FALSE,FALSE,suspicious_determinants,2,0.003952569169960474
609,abstention,FALSE,FALSE,too_many_missing_determinants,4,0.007905138339920948
609,abstention,TRUE,TRUE,usable_complete,409,0.808300395256917
609,abstention,TRUE,TRUE,usable_complete_limited_metadata,17,0.03359683794466403
609,abstention,TRUE,TRUE,usable_partial,44,0.08695652173913043
609,abstention,TRUE,TRUE,usable_partial_limited_metadata,1,0.001976284584980237
609,voter,FALSE,FALSE,no_determinants,78,0.15789473684210525
609,voter,FALSE,FALSE,suspicious_determinants,5,0.010121457489878543
609,voter,FALSE,FALSE,too_many_missing_determinants,27,0.05465587044534413
609,voter,TRUE,TRUE,usable_complete,260,0.5263157894736842
609,voter,TRUE,TRUE,usable_complete_limited_metadata,6,0.012145748987854251
609,voter,TRUE,TRUE,usable_partial,118,0.2388663967611336
610,abstention,FALSE,FALSE,no_determinants,32,0.06324110671936758
610,abstention,FALSE,FALSE,suspicious_determinants,1,0.001976284584980237
610,abstention,FALSE,FALSE,too_many_missing_determinants,7,0.01383399209486166
610,abstention,TRUE,TRUE,usable_complete,413,0.8162055335968379
610,abstention,TRUE,TRUE,usable_complete_limited_metadata,15,0.029644268774703556
610,abstention,TRUE,TRUE,usable_partial,37,0.07312252964426877
610,abstention,TRUE,TRUE,usable_partial_limited_metadata,1,0.001976284584980237
610,voter,FALSE,FALSE,no_determinants,71,0.1437246963562753
610,voter,FALSE,FALSE,suspicious_determinants,3,0.006072874493927126
610,voter,FALSE,FALSE,too_many_missing_determinants,39,0.07894736842105263
610,voter,TRUE,TRUE,usable_complete,271,0.548582995951417
610,voter,TRUE,TRUE,usable_complete_limited_metadata,7,0.01417004048582996
610,voter,TRUE,TRUE,usable_partial,103,0.20850202429149797
611,abstention,FALSE,FALSE,no_determinants,26,0.05138339920948617
611,abstention,FALSE,FALSE,suspicious_determinants,1,0.001976284584980237
611,abstention,FALSE,FALSE,too_many_missing_determinants,5,0.009881422924901186
611,abstention,TRUE,TRUE,usable_complete,408,0.8063241106719368
611,abstention,TRUE,TRUE,usable_complete_limited_metadata,18,0.03557312252964427
611,abstention,TRUE,TRUE,usable_partial,45,0.08893280632411067
611,abstention,TRUE,TRUE,usable_partial_limited_metadata,3,0.005928853754940711
611,voter,FALSE,FALSE,no_determinants,87,0.17611336032388664
611,voter,FALSE,FALSE,suspicious_determinants,5,0.010121457489878543
611,voter,FALSE,FALSE,too_many_missing_determinants,31,0.06275303643724696
611,voter,TRUE,TRUE,usable_complete,252,0.5101214574898786
611,voter,TRUE,TRUE,usable_complete_limited_metadata,9,0.018218623481781375
611,voter,TRUE,TRUE,usable_partial,109,0.22064777327935223
611,voter,TRUE,TRUE,usable_partial_limited_metadata,1,0.0020242914979757085
612,abstention,FALSE,FALSE,no_determinants,25,0.04940711462450593
612,abstention,FALSE,FALSE,too_many_missing_determinants,7,0.01383399209486166
612,abstention,TRUE,TRUE,usable_complete,405,0.8003952569169961
612,abstention,TRUE,TRUE,usable_complete_limited_metadata,16,0.03162055335968379
612,abstention,TRUE,TRUE,usable_partial,48,0.09486166007905138
612,abstention,TRUE,TRUE,usable_partial_limited_metadata,5,0.009881422924901186
612,voter,FALSE,FALSE,no_determinants,65,0.13157894736842105
612,voter,FALSE,FALSE,suspicious_determinants,3,0.006072874493927126
612,voter,FALSE,FALSE,too_many_missing_determinants,20,0.04048582995951417
612,voter,TRUE,TRUE,usable_complete,270,0.5465587044534413
612,voter,TRUE,TRUE,usable_complete_limited_metadata,8,0.016194331983805668
612,voter,TRUE,TRUE,usable_partial,128,0.2591093117408907
613,abstention,FALSE,FALSE,no_determinants,33,0.06521739130434782
613,abstention,FALSE,FALSE,suspicious_determinants,1,0.001976284584980237
613,abstention,FALSE,FALSE,too_many_missing_determinants,7,0.01383399209486166
613,abstention,TRUE,TRUE,usable_complete,390,0.7707509881422925
613,abstention,TRUE,TRUE,usable_complete_limited_metadata,15,0.029644268774703556
613,abstention,TRUE,TRUE,usable_partial,57,0.11264822134387352
613,abstention,TRUE,TRUE,usable_partial_limited_metadata,3,0.005928853754940711
613,voter,FALSE,FALSE,no_determinants,76,0.15384615384615385
613,voter,FALSE,FALSE,suspicious_determinants,9,0.018218623481781375
613,voter,FALSE,FALSE,too_many_missing_determinants,22,0.044534412955465584
613,voter,TRUE,TRUE,usable_complete,250,0.5060728744939271
613,voter,TRUE,TRUE,usable_complete_limited_metadata,8,0.016194331983805668
613,voter,TRUE,TRUE,usable_partial,127,0.25708502024291496
613,voter,TRUE,TRUE,usable_partial_limited_metadata,2,0.004048582995951417
614,abstention,FALSE,FALSE,no_determinants,32,0.06324110671936758
614,abstention,FALSE,FALSE,too_many_missing_determinants,9,0.017786561264822136
614,abstention,TRUE,TRUE,usable_complete,406,0.8023715415019763
614,abstention,TRUE,TRUE,usable_complete_limited_metadata,15,0.029644268774703556
614,abstention,TRUE,TRUE,usable_partial,42,0.08300395256916997
614,abstention,TRUE,TRUE,usable_partial_limited_metadata,2,0.003952569169960474
614,voter,FALSE,FALSE,no_determinants,77,0.15587044534412955
614,voter,FALSE,FALSE,suspicious_determinants,3,0.006072874493927126
614,voter,FALSE,FALSE,too_many_missing_determinants,22,0.044534412955465584
614,voter,TRUE,TRUE,usable_complete,262,0.5303643724696356
614,voter,TRUE,TRUE,usable_complete_limited_metadata,8,0.016194331983805668
614,voter,TRUE,TRUE,usable_partial,122,0.24696356275303644
615,abstention,FALSE,FALSE,no_determinants,37,0.07312252964426877
615,abstention,FALSE,FALSE,too_many_missing_determinants,4,0.007905138339920948
615,abstention,TRUE,TRUE,usable_complete,389,0.7687747035573123
615,abstention,TRUE,TRUE,usable_complete_limited_metadata,23,0.045454545454545456
615,abstention,TRUE,TRUE,usable_partial,53,0.10474308300395258
615,voter,FALSE,FALSE,no_determinants,87,0.17611336032388664
615,voter,FALSE,FALSE,suspicious_determinants,6,0.012145748987854251
615,voter,FALSE,FALSE,too_many_missing_determinants,23,0.0465587044534413
615,voter,TRUE,TRUE,usable_complete,247,0.5
615,voter,TRUE,TRUE,usable_complete_limited_metadata,9,0.018218623481781375
615,voter,TRUE,TRUE,usable_partial,122,0.24696356275303644
616,abstention,FALSE,FALSE,no_determinants,30,0.05928853754940711
616,abstention,FALSE,FALSE,too_many_missing_determinants,6,0.011857707509881422
616,abstention,TRUE,TRUE,usable_complete,390,0.7707509881422925
616,abstention,TRUE,TRUE,usable_complete_limited_metadata,18,0.03557312252964427
616,abstention,TRUE,TRUE,usable_partial,56,0.11067193675889328
616,abstention,TRUE,TRUE,usable_partial_limited_metadata,6,0.011857707509881422
616,voter,FALSE,FALSE,no_determinants,78,0.15789473684210525
616,voter,FALSE,FALSE,suspicious_determinants,5,0.010121457489878543
616,voter,FALSE,FALSE,too_many_missing_determinants,20,0.04048582995951417
616,voter,TRUE,TRUE,usable_complete,258,0.5222672064777328
616,voter,TRUE,TRUE,usable_complete_limited_metadata,4,0.008097165991902834
616,voter,TRUE,TRUE,usable_partial,128,0.2591093117408907
616,voter,TRUE,TRUE,usable_partial_limited_metadata,1,0.0020242914979757085
617,abstention,FALSE,FALSE,no_determinants,27,0.0533596837944664
617,abstention,FALSE,FALSE,too_many_missing_determinants,6,0.011857707509881422
617,abstention,TRUE,TRUE,usable_complete,414,0.8181818181818182
617,abstention,TRUE,TRUE,usable_complete_limited_metadata,16,0.03162055335968379
617,abstention,TRUE,TRUE,usable_partial,40,0.07905138339920949
617,abstention,TRUE,TRUE,usable_partial_limited_metadata,3,0.005928853754940711
617,voter,FALSE,FALSE,no_determinants,89,0.18016194331983806
617,voter,FALSE,FALSE,suspicious_determinants,1,0.0020242914979757085
617,voter,FALSE,FALSE,too_many_missing_determinants,28,0.05668016194331984
617,voter,TRUE,TRUE,usable_complete,246,0.4979757085020243
617,voter,TRUE,TRUE,usable_complete_limited_metadata,6,0.012145748987854251
617,voter,TRUE,TRUE,usable_partial,123,0.24898785425101214
617,voter,TRUE,TRUE,usable_partial_limited_metadata,1,0.0020242914979757085
618,abstention,FALSE,FALSE,no_determinants,30,0.05928853754940711
618,abstention,FALSE,FALSE,too_many_missing_determinants,8,0.015810276679841896
618,abstention,TRUE,TRUE,usable_complete,395,0.7806324110671937
618,abstention,TRUE,TRUE,usable_complete_limited_metadata,19,0.037549407114624504
618,abstention,TRUE,TRUE,usable_partial,45,0.08893280632411067
618,abstention,TRUE,TRUE,usable_partial_limited_metadata,9,0.017786561264822136
618,voter,FALSE,FALSE,no_determinants,70,0.1417004048582996
618,voter,FALSE,FALSE,suspicious_determinants,2,0.004048582995951417
618,voter,FALSE,FALSE,too_many_missing_determinants,26,0.05263157894736842
618,voter,TRUE,TRUE,usable_complete,251,0.5080971659919028
618,voter,TRUE,TRUE,usable_complete_limited_metadata,11,0.022267206477732792
618,voter,TRUE,TRUE,usable_partial,132,0.26720647773279355
618,voter,TRUE,TRUE,usable_partial_limited_metadata,2,0.004048582995951417
619,abstention,FALSE,FALSE,no_determinants,30,0.05928853754940711
619,abstention,FALSE,FALSE,suspicious_determinants,1,0.001976284584980237
619,abstention,FALSE,FALSE,too_many_missing_determinants,2,0.003952569169960474
619,abstention,TRUE,TRUE,usable_complete,401,0.7924901185770751
619,abstention,TRUE,TRUE,usable_complete_limited_metadata,22,0.043478260869565216
619,abstention,TRUE,TRUE,usable_partial,48,0.09486166007905138
619,abstention,TRUE,TRUE,usable_partial_limited_metadata,2,0.003952569169960474
619,voter,FALSE,FALSE,no_determinants,72,0.145748987854251
619,voter,FALSE,FALSE,suspicious_determinants,1,0.0020242914979757085
619,voter,FALSE,FALSE,too_many_missing_determinants,35,0.0708502024291498
619,voter,TRUE,TRUE,usable_complete,236,0.4777327935222672
619,voter,TRUE,TRUE,usable_complete_limited_metadata,9,0.018218623481781375
619,voter,TRUE,TRUE,usable_partial,140,0.2834008097165992
619,voter,TRUE,TRUE,usable_partial_limited_metadata,1,0.0020242914979757085
620,abstention,FALSE,FALSE,no_determinants,30,0.05928853754940711
620,abstention,FALSE,FALSE,suspicious_determinants,1,0.001976284584980237
620,abstention,FALSE,FALSE,too_many_missing_determinants,6,0.011857707509881422
620,abstention,TRUE,TRUE,usable_complete,401,0.7924901185770751
620,abstention,TRUE,TRUE,usable_complete_limited_metadata,16,0.03162055335968379
620,abstention,TRUE,TRUE,usable_partial,49,0.09683794466403162
620,abstention,TRUE,TRUE,usable_partial_limited_metadata,3,0.005928853754940711
620,voter,FALSE,FALSE,no_determinants,79,0.15991902834008098
620,voter,FALSE,FALSE,suspicious_determinants,5,0.010121457489878543
620,voter,FALSE,FALSE,too_many_missing_determinants,32,0.06477732793522267
620,voter,TRUE,TRUE,usable_complete,247,0.5
620,voter,TRUE,TRUE,usable_complete_limited_metadata,10,0.020242914979757085
620,voter,TRUE,TRUE,usable_partial,120,0.242914979757085
620,voter,TRUE,TRUE,usable_partial_limited_metadata,1,0.0020242914979757085
621,abstention,FALSE,FALSE,no_determinants,39,0.07707509881422925
621,abstention,FALSE,FALSE,suspicious_determinants,2,0.003952569169960474
621,abstention,FALSE,FALSE,too_many_missing_determinants,3,0.005928853754940711
621,abstention,TRUE,TRUE,usable_complete,400,0.7905138339920948
621,abstention,TRUE,TRUE,usable_complete_limited_metadata,19,0.037549407114624504
621,abstention,TRUE,TRUE,usable_partial,39,0.07707509881422925
621,abstention,TRUE,TRUE,usable_partial_limited_metadata,4,0.007905138339920948
621,voter,FALSE,FALSE,no_determinants,85,0.1720647773279352
621,voter,FALSE,FALSE,suspicious_determinants,2,0.004048582995951417
621,voter,FALSE,FALSE,too_many_missing_determinants,27,0.05465587044534413
621,voter,TRUE,TRUE,usable_complete,249,0.5040485829959515
621,voter,TRUE,TRUE,usable_complete_limited_metadata,6,0.012145748987854251
621,voter,TRUE,TRUE,usable_partial,124,0.25101214574898784
621,voter,TRUE,TRUE,usable_partial_limited_metadata,1,0.0020242914979757085
622,abstention,FALSE,FALSE,no_determinants,27,0.0533596837944664
622,abstention,FALSE,FALSE,suspicious_determinants,2,0.003952569169960474
622,abstention,FALSE,FALSE,too_many_missing_determinants,6,0.011857707509881422
622,abstention,TRUE,TRUE,usable_complete,405,0.8003952569169961
622,abstention,TRUE,TRUE,usable_complete_limited_metadata,15,0.029644268774703556
622,abstention,TRUE,TRUE,usable_partial,50,0.09881422924901186
622,abstention,TRUE,TRUE,usable_partial_limited_metadata,1,0.001976284584980237
622,voter,FALSE,FALSE,no_determinants,85,0.1720647773279352
622,voter,FALSE,FALSE,suspicious_determinants,4,0.008097165991902834
622,voter,FALSE,FALSE,too_many_missing_determinants,27,0.05465587044534413
622,voter,TRUE,TRUE,usable_complete,233,0.4716599190283401
622,voter,TRUE,TRUE,usable_complete_limited_metadata,6,0.012145748987854251
622,voter,TRUE,TRUE,usable_partial,139,0.2813765182186235
623,abstention,FALSE,FALSE,no_determinants,39,0.07707509881422925
623,abstention,FALSE,FALSE,suspicious_determinants,1,0.001976284584980237
623,abstention,FALSE,FALSE,too_many_missing_determinants,6,0.011857707509881422
623,abstention,TRUE,TRUE,usable_complete,386,0.7628458498023716
623,abstention,TRUE,TRUE,usable_complete_limited_metadata,21,0.041501976284584984
623,abstention,TRUE,TRUE,usable_partial,49,0.09683794466403162
623,abstention,TRUE,TRUE,usable_partial_limited_metadata,4,0.007905138339920948
623,voter,FALSE,FALSE,no_determinants,78,0.15789473684210525
623,voter,FALSE,FALSE,suspicious_determinants,3,0.006072874493927126
623,voter,FALSE,FALSE,too_many_missing_determinants,26,0.05263157894736842
623,voter,TRUE,TRUE,usable_complete,251,0.5080971659919028
623,voter,TRUE,TRUE,usable_complete_limited_metadata,4,0.008097165991902834
623,voter,TRUE,TRUE,usable_partial,132,0.26720647773279355
624,abstention,FALSE,FALSE,no_determinants,27,0.0533596837944664
624,abstention,FALSE,FALSE,suspicious_determinants,1,0.001976284584980237
624,abstention,FALSE,FALSE,too_many_missing_determinants,2,0.003952569169960474
624,abstention,TRUE,TRUE,usable_complete,399,0.7885375494071146
624,abstention,TRUE,TRUE,usable_complete_limited_metadata,26,0.05138339920948617
624,abstention,TRUE,TRUE,usable_partial,46,0.09090909090909091
624,abstention,TRUE,TRUE,usable_partial_limited_metadata,5,0.009881422924901186
624,voter,FALSE,FALSE,no_determinants,84,0.1700404858299595
624,voter,FALSE,FALSE,suspicious_determinants,5,0.010121457489878543
624,voter,FALSE,FALSE,too_many_missing_determinants,24,0.048582995951417005
624,voter,TRUE,TRUE,usable_complete,246,0.4979757085020243
624,voter,TRUE,TRUE,usable_complete_limited_metadata,7,0.01417004048582996
624,voter,TRUE,TRUE,usable_partial,128,0.2591093117408907
625,abstention,FALSE,FALSE,no_determinants,33,0.06521739130434782
625,abstention,FALSE,FALSE,suspicious_determinants,2,0.003952569169960474
625,abstention,FALSE,FALSE,too_many_missing_determinants,2,0.003952569169960474
625,abstention,TRUE,TRUE,usable_complete,386,0.7628458498023716
625,abstention,TRUE,TRUE,usable_complete_limited_metadata,23,0.045454545454545456
625,abstention,TRUE,TRUE,usable_partial,59,0.116600790513834
625,abstention,TRUE,TRUE,usable_partial_limited_metadata,1,0.001976284584980237
625,voter,FALSE,FALSE,no_determinants,92,0.1862348178137652
625,voter,FALSE,FALSE,suspicious_determinants,5,0.010121457489878543
625,voter,FALSE,FALSE,too_many_missing_determinants,21,0.04251012145748988
625,voter,TRUE,TRUE,usable_complete,236,0.4777327935222672
625,voter,TRUE,TRUE,usable_complete_limited_metadata,3,0.006072874493927126
625,voter,TRUE,TRUE,usable_partial,137,0.2773279352226721
626,abstention,FALSE,FALSE,no_determinants,33,0.06521739130434782
626,abstention,FALSE,FALSE,too_many_missing_determinants,5,0.009881422924901186
626,abstention,TRUE,TRUE,usable_complete,401,0.7924901185770751
626,abstention,TRUE,TRUE,usable_complete_limited_metadata,18,0.03557312252964427
626,abstention,TRUE,TRUE,usable_partial,46,0.09090909090909091
626,abstention,TRUE,TRUE,usable_partial_limited_metadata,3,0.005928853754940711
626,voter,FALSE,FALSE,no_determinants,78,0.15789473684210525
626,voter,FALSE,FALSE,too_many_missing_determinants,29,0.058704453441295545
626,voter,TRUE,TRUE,usable_complete,254,0.5141700404858299
626,voter,TRUE,TRUE,usable_complete_limited_metadata,9,0.018218623481781375
626,voter,TRUE,TRUE,usable_partial,124,0.25101214574898784
627,abstention,FALSE,FALSE,no_determinants,36,0.07114624505928854
627,abstention,FALSE,FALSE,too_many_missing_determinants,6,0.011857707509881422
627,abstention,TRUE,TRUE,usable_complete,394,0.7786561264822134
627,abstention,TRUE,TRUE,usable_complete_limited_metadata,20,0.039525691699604744
627,abstention,TRUE,TRUE,usable_partial,48,0.09486166007905138
627,abstention,TRUE,TRUE,usable_partial_limited_metadata,2,0.003952569169960474
627,voter,FALSE,FALSE,no_determinants,62,0.12550607287449392
627,voter,FALSE,FALSE,suspicious_determinants,5,0.010121457489878543
627,voter,FALSE,FALSE,too_many_missing_determinants,29,0.058704453441295545
627,voter,TRUE,TRUE,usable_complete,253,0.5121457489878543
627,voter,TRUE,TRUE,usable_complete_limited_metadata,7,0.01417004048582996
627,voter,TRUE,TRUE,usable_partial,136,0.27530364372469635
627,voter,TRUE,TRUE,usable_partial_limited_metadata,2,0.004048582995951417
628,abstention,FALSE,FALSE,no_determinants,28,0.05533596837944664
628,abstention,FALSE,FALSE,suspicious_determinants,1,0.001976284584980237
628,abstention,FALSE,FALSE,too_many_missing_determinants,8,0.015810276679841896
628,abstention,TRUE,TRUE,usable_complete,398,0.7865612648221344
628,abstention,TRUE,TRUE,usable_complete_limited_metadata,13,0.025691699604743084
628,abstention,TRUE,TRUE,usable_partial,55,0.10869565217391304
628,abstention,TRUE,TRUE,usable_partial_limited_metadata,3,0.005928853754940711
628,voter,FALSE,FALSE,no_determinants,73,0.14777327935222673
628,voter,FALSE,FALSE,suspicious_determinants,1,0.0020242914979757085
628,voter,FALSE,FALSE,too_many_missing_determinants,34,0.06882591093117409
628,voter,TRUE,TRUE,usable_complete,260,0.5263157894736842
628,voter,TRUE,TRUE,usable_complete_limited_metadata,6,0.012145748987854251
628,voter,TRUE,TRUE,usable_partial,120,0.242914979757085
629,abstention,FALSE,FALSE,no_determinants,26,0.05138339920948617
629,abstention,FALSE,FALSE,too_many_missing_determinants,5,0.009881422924901186
629,abstention,TRUE,TRUE,usable_complete,401,0.7924901185770751
629,abstention,TRUE,TRUE,usable_complete_limited_metadata,14,0.02766798418972332
629,abstention,TRUE,TRUE,usable_partial,56,0.11067193675889328
629,abstention,TRUE,TRUE,usable_partial_limited_metadata,4,0.007905138339920948
629,voter,FALSE,FALSE,no_determinants,73,0.14777327935222673
629,voter,FALSE,FALSE,suspicious_determinants,3,0.006072874493927126
629,voter,FALSE,FALSE,too_many_missing_determinants,26,0.05263157894736842
629,voter,TRUE,TRUE,usable_complete,253,0.5121457489878543
629,voter,TRUE,TRUE,usable_complete_limited_metadata,13,0.02631578947368421
629,voter,TRUE,TRUE,usable_partial,126,0.2550607287449393
630,abstention,FALSE,FALSE,no_determinants,27,0.0533596837944664
630,abstention,FALSE,FALSE,suspicious_determinants,1,0.001976284584980237
630,abstention,FALSE,FALSE,too_many_missing_determinants,6,0.011857707509881422
630,abstention,TRUE,TRUE,usable_complete,412,0.8142292490118577
630,abstention,TRUE,TRUE,usable_complete_limited_metadata,13,0.025691699604743084
630,abstention,TRUE,TRUE,usable_partial,44,0.08695652173913043
630,abstention,TRUE,TRUE,usable_partial_limited_metadata,3,0.005928853754940711
630,voter,FALSE,FALSE,no_determinants,78,0.15789473684210525
630,voter,FALSE,FALSE,suspicious_determinants,4,0.008097165991902834
630,voter,FALSE,FALSE,too_many_missing_determinants,28,0.05668016194331984
630,voter,TRUE,TRUE,usable_complete,260,0.5263157894736842
630,voter,TRUE,TRUE,usable_complete_limited_metadata,5,0.010121457489878543
630,voter,TRUE,TRUE,usable_partial,118,0.2388663967611336
630,voter,TRUE,TRUE,usable_partial_limited_metadata,1,0.0020242914979757085
631,abstention,FALSE,FALSE,no_determinants,36,0.07114624505928854
631,abstention,FALSE,FALSE,too_many_missing_determinants,2,0.003952569169960474
631,abstention,TRUE,TRUE,usable_complete,400,0.7905138339920948
631,abstention,TRUE,TRUE,usable_complete_limited_metadata,18,0.03557312252964427
631,abstention,TRUE,TRUE,usable_partial,48,0.09486166007905138
631,abstention,TRUE,TRUE,usable_partial_limited_metadata,2,0.003952569169960474
631,voter,FALSE,FALSE,no_determinants,73,0.14777327935222673
631,voter,FALSE,FALSE,suspicious_determinants,5,0.010121457489878543
631,voter,FALSE,FALSE,too_many_missing_determinants,21,0.04251012145748988
631,voter,TRUE,TRUE,usable_complete,255,0.5161943319838057
631,voter,TRUE,TRUE,usable_complete_limited_metadata,7,0.01417004048582996
631,voter,TRUE,TRUE,usable_partial,132,0.26720647773279355
631,voter,TRUE,TRUE,usable_partial_limited_metadata,1,0.0020242914979757085
632,abstention,FALSE,FALSE,no_determinants,31,0.06126482213438735
632,abstention,FALSE,FALSE,suspicious_determinants,2,0.003952569169960474
632,abstention,FALSE,FALSE,too_many_missing_determinants,4,0.007905138339920948
632,abstention,TRUE,TRUE,usable_complete,405,0.8003952569169961
632,abstention,TRUE,TRUE,usable_complete_limited_metadata,13,0.025691699604743084
632,abstention,TRUE,TRUE,usable_partial,47,0.09288537549407115
632,abstention,TRUE,TRUE,usable_partial_limited_metadata,4,0.007905138339920948
632,voter,FALSE,FALSE,no_determinants,84,0.1700404858299595
632,voter,FALSE,FALSE,too_many_missing_determinants,21,0.04251012145748988
632,voter,TRUE,TRUE,usable_complete,251,0.5080971659919028
632,voter,TRUE,TRUE,usable_complete_limited_metadata,8,0.016194331983805668
632,voter,TRUE,TRUE,usable_partial,130,0.2631578947368421
633,abstention,FALSE,FALSE,no_determinants,28,0.05533596837944664
633,abstention,FALSE,FALSE,suspicious_determinants,2,0.003952569169960474
633,abstention,FALSE,FALSE,too_many_missing_determinants,2,0.003952569169960474
633,abstention,TRUE,TRUE,usable_complete,395,0.7806324110671937
633,abstention,TRUE,TRUE,usable_complete_limited_metadata,30,0.05928853754940711
633,abstention,TRUE,TRUE,usable_partial,45,0.08893280632411067
633,abstention,TRUE,TRUE,usable_partial_limited_metadata,4,0.007905138339920948
633,voter,FALSE,FALSE,no_determinants,85,0.1720647773279352
633,voter,FALSE,FALSE,suspicious_determinants,2,0.004048582995951417
633,voter,FALSE,FALSE,too_many_missing_determinants,24,0.048582995951417005
633,voter,TRUE,TRUE,usable_complete,251,0.5080971659919028
633,voter,TRUE,TRUE,usable_complete_limited_metadata,8,0.016194331983805668
633,voter,TRUE,TRUE,usable_partial,122,0.24696356275303644
633,voter,TRUE,TRUE,usable_partial_limited_metadata,2,0.004048582995951417
634,abstention,FALSE,FALSE,no_determinants,25,0.04940711462450593
634,abstention,FALSE,FALSE,too_many_missing_determinants,7,0.01383399209486166
634,abstention,TRUE,TRUE,usable_complete,399,0.7885375494071146
634,abstention,TRUE,TRUE,usable_complete_limited_metadata,22,0.043478260869565216
634,abstention,TRUE,TRUE,usable_partial,51,0.1007905138339921
634,abstention,TRUE,TRUE,usable_partial_limited_metadata,2,0.003952569169960474
634,voter,FALSE,FALSE,no_determinants,96,0.19433198380566802
634,voter,FALSE,FALSE,suspicious_determinants,4,0.008097165991902834
634,voter,FALSE,FALSE,too_many_missing_determinants,38,0.07692307692307693
634,voter,TRUE,TRUE,usable_complete,226,0.4574898785425101
634,voter,TRUE,TRUE,usable_complete_limited_metadata,4,0.008097165991902834
634,voter,TRUE,TRUE,usable_partial,126,0.2550607287449393
635,abstention,FALSE,FALSE,no_determinants,23,0.045454545454545456
635,abstention,FALSE,FALSE,suspicious_determinants,2,0.003952569169960474
635,abstention,FALSE,FALSE,too_many_missing_determinants,2,0.003952569169960474
635,abstention,TRUE,TRUE,usable_complete,400,0.7905138339920948
635,abstention,TRUE,TRUE,usable_complete_limited_metadata,18,0.03557312252964427
635,abstention,TRUE,TRUE,usable_partial,57,0.11264822134387352
635,abstention,TRUE,TRUE,usable_partial_limited_metadata,4,0.007905138339920948
635,voter,FALSE,FALSE,no_determinants,95,0.19230769230769232
635,voter,FALSE,FALSE,suspicious_determinants,2,0.004048582995951417
635,voter,FALSE,FALSE,too_many_missing_determinants,22,0.044534412955465584
635,voter,TRUE,TRUE,usable_complete,241,0.48785425101214575
635,voter,TRUE,TRUE,usable_complete_limited_metadata,13,0.02631578947368421
635,voter,TRUE,TRUE,usable_partial,121,0.24493927125506074
636,abstention,FALSE,FALSE,no_determinants,32,0.06324110671936758
636,abstention,FALSE,FALSE,suspicious_determinants,2,0.003952569169960474
636,abstention,FALSE,FALSE,too_many_missing_determinants,2,0.003952569169960474
636,abstention,TRUE,TRUE,usable_complete,389,0.7687747035573123
636,abstention,TRUE,TRUE,usable_complete_limited_metadata,22,0.043478260869565216
636,abstention,TRUE,TRUE,usable_partial,58,0.11462450592885376
636,abstention,TRUE,TRUE,usable_partial_limited_metadata,1,0.001976284584980237
636,voter,FALSE,FALSE,no_determinants,85,0.1720647773279352
636,voter,FALSE,FALSE,suspicious_determinants,6,0.012145748987854251
636,voter,FALSE,FALSE,too_many_missing_determinants,21,0.04251012145748988
636,voter,TRUE,TRUE,usable_complete,251,0.5080971659919028
636,voter,TRUE,TRUE,usable_complete_limited_metadata,3,0.006072874493927126
636,voter,TRUE,TRUE,usable_partial,128,0.2591093117408907
637,abstention,FALSE,FALSE,no_determinants,39,0.07707509881422925
637,abstention,FALSE,FALSE,suspicious_determinants,1,0.001976284584980237
637,abstention,FALSE,FALSE,too_many_missing_determinants,7,0.01383399209486166
637,abstention,TRUE,TRUE,usable_complete,399,0.7885375494071146
637,abstention,TRUE,TRUE,usable_complete_limited_metadata,19,0.037549407114624504
637,abstention,TRUE,TRUE,usable_partial,40,0.07905138339920949
637,abstention,TRUE,TRUE,usable_partial_limited_metadata,1,0.001976284584980237
637,voter,FALSE,FALSE,no_determinants,79,0.15991902834008098
637,voter,FALSE,FALSE,suspicious_determinants,4,0.008097165991902834
637,voter,FALSE,FALSE,too_many_missing_determinants,28,0.05668016194331984
637,voter,TRUE,TRUE,usable_complete,244,0.4939271255060729
637,voter,TRUE,TRUE,usable_complete_limited_metadata,10,0.020242914979757085
637,voter,TRUE,TRUE,usable_partial,129,0.2611336032388664
638,abstention,FALSE,FALSE,no_determinants,34,0.06719367588932806
638,abstention,FALSE,FALSE,suspicious_determinants,1,0.001976284584980237
638,abstention,FALSE,FALSE,too_many_missing_determinants,5,0.009881422924901186
638,abstention,TRUE,TRUE,usable_complete,378,0.7470355731225297
638,abstention,TRUE,TRUE,usable_complete_limited_metadata,22,0.043478260869565216
638,abstention,TRUE,TRUE,usable_partial,64,0.12648221343873517
638,abstention,TRUE,TRUE,usable_partial_limited_metadata,2,0.003952569169960474
638,voter,FALSE,FALSE,no_determinants,89,0.18016194331983806
638,voter,FALSE,FALSE,suspicious_determinants,1,0.0020242914979757085
638,voter,FALSE,FALSE,too_many_missing_determinants,18,0.03643724696356275
638,voter,TRUE,TRUE,usable_complete,249,0.5040485829959515
638,voter,TRUE,TRUE,usable_complete_limited_metadata,2,0.004048582995951417
638,voter,TRUE,TRUE,usable_partial,135,0.2732793522267207
639,abstention,FALSE,FALSE,no_determinants,34,0.06719367588932806
639,abstention,FALSE,FALSE,too_many_missing_determinants,5,0.009881422924901186
639,abstention,TRUE,TRUE,usable_complete,409,0.808300395256917
639,abstention,TRUE,TRUE,usable_complete_limited_metadata,17,0.03359683794466403
639,abstention,TRUE,TRUE,usable_partial,41,0.08102766798418973
639,voter,FALSE,FALSE,no_determinants,78,0.15789473684210525
639,voter,FALSE,FALSE,suspicious_determinants,3,0.006072874493927126
639,voter,FALSE,FALSE,too_many_missing_determinants,27,0.05465587044534413
639,voter,TRUE,TRUE,usable_complete,255,0.5161943319838057
639,voter,TRUE,TRUE,usable_complete_limited_metadata,9,0.018218623481781375
639,voter,TRUE,TRUE,usable_partial,121,0.24493927125506074
639,voter,TRUE,TRUE,usable_partial_limited_metadata,1,0.0020242914979757085
640,abstention,FALSE,FALSE,no_determinants,29,0.05731225296442688
640,abstention,FALSE,FALSE,too_many_missing_determinants,7,0.01383399209486166
640,abstention,TRUE,TRUE,usable_complete,406,0.8023715415019763
640,abstention,TRUE,TRUE,usable_complete_limited_metadata,19,0.037549407114624504
640,abstention,TRUE,TRUE,usable_partial,44,0.08695652173913043
640,abstention,TRUE,TRUE,usable_partial_limited_metadata,1,0.001976284584980237
640,voter,FALSE,FALSE,no_determinants,74,0.14979757085020243
640,voter,FALSE,FALSE,suspicious_determinants,1,0.0020242914979757085
640,voter,FALSE,FALSE,too_many_missing_determinants,28,0.05668016194331984
640,voter,TRUE,TRUE,usable_complete,260,0.5263157894736842
640,voter,TRUE,TRUE,usable_complete_limited_metadata,8,0.016194331983805668
640,voter,TRUE,TRUE,usable_partial,122,0.24696356275303644
640,voter,TRUE,TRUE,usable_partial_limited_metadata,1,0.0020242914979757085
641,abstention,FALSE,FALSE,no_determinants,36,0.07114624505928854
641,abstention,FALSE,FALSE,suspicious_determinants,2,0.003952569169960474
641,abstention,FALSE,FALSE,too_many_missing_determinants,5,0.009881422924901186
641,abstention,TRUE,TRUE,usable_complete,411,0.8122529644268774
641,abstention,TRUE,TRUE,usable_complete_limited_metadata,18,0.03557312252964427
641,abstention,TRUE,TRUE,usable_partial,32,0.06324110671936758
641,abstention,TRUE,TRUE,usable_partial_limited_metadata,2,0.003952569169960474
641,voter,FALSE,FALSE,no_determinants,67,0.13562753036437247
641,voter,FALSE,FALSE,suspicious_determinants,3,0.006072874493927126
641,voter,FALSE,FALSE,too_many_missing_determinants,21,0.04251012145748988
641,voter,TRUE,TRUE,usable_complete,260,0.5263157894736842
641,voter,TRUE,TRUE,usable_complete_limited_metadata,5,0.010121457489878543
641,voter,TRUE,TRUE,usable_partial,137,0.2773279352226721
641,voter,TRUE,TRUE,usable_partial_limited_metadata,1,0.0020242914979757085
642,abstention,FALSE,FALSE,no_determinants,31,0.06126482213438735
642,abstention,FALSE,FALSE,suspicious_determinants,1,0.001976284584980237
642,abstention,FALSE,FALSE,too_many_missing_determinants,5,0.009881422924901186
642,abstention,TRUE,TRUE,usable_complete,397,0.7845849802371542
642,abstention,TRUE,TRUE,usable_complete_limited_metadata,17,0.03359683794466403
642,abstention,TRUE,TRUE,usable_partial,51,0.1007905138339921
642,abstention,TRUE,TRUE,usable_partial_limited_metadata,4,0.007905138339920948
642,voter,FALSE,FALSE,no_determinants,74,0.14979757085020243
642,voter,FALSE,FALSE,suspicious_determinants,2,0.004048582995951417
642,voter,FALSE,FALSE,too_many_missing_determinants,34,0.06882591093117409
642,voter,TRUE,TRUE,usable_complete,249,0.5040485829959515
642,voter,TRUE,TRUE,usable_complete_limited_metadata,4,0.008097165991902834
642,voter,TRUE,TRUE,usable_partial,128,0.2591093117408907
642,voter,TRUE,TRUE,usable_partial_limited_metadata,3,0.006072874493927126
643,abstention,FALSE,FALSE,no_determinants,40,0.07905138339920949
643,abstention,FALSE,FALSE,suspicious_determinants,1,0.001976284584980237
643,abstention,TRUE,TRUE,usable_complete,413,0.8162055335968379
643,abstention,TRUE,TRUE,usable_complete_limited_metadata,15,0.029644268774703556
643,abstention,TRUE,TRUE,usable_partial,34,0.06719367588932806
643,abstention,TRUE,TRUE,usable_partial_limited_metadata,3,0.005928853754940711
643,voter,FALSE,FALSE,no_determinants,90,0.18218623481781376
643,voter,FALSE,FALSE,suspicious_determinants,5,0.010121457489878543
643,voter,FALSE,FALSE,too_many_missing_determinants,25,0.05060728744939271
643,voter,TRUE,TRUE,usable_complete,250,0.5060728744939271
643,voter,TRUE,TRUE,usable_complete_limited_metadata,7,0.01417004048582996
643,voter,TRUE,TRUE,usable_partial,116,0.23481781376518218
643,voter,TRUE,TRUE,usable_partial_limited_metadata,1,0.0020242914979757085
644,abstention,FALSE,FALSE,no_determinants,37,0.07312252964426877
644,abstention,FALSE,FALSE,suspicious_determinants,1,0.001976284584980237
644,abstention,FALSE,FALSE,too_many_missing_determinants,8,0.015810276679841896
644,abstention,TRUE,TRUE,usable_complete,386,0.7628458498023716
644,abstention,TRUE,TRUE,usable_complete_limited_metadata,19,0.037549407114624504
644,abstention,TRUE,TRUE,usable_partial,53,0.10474308300395258
644,abstention,TRUE,TRUE,usable_partial_limited_metadata,2,0.003952569169960474
644,voter,FALSE,FALSE,no_determinants,86,0.17408906882591094
644,voter,FALSE,FALSE,suspicious_determinants,3,0.006072874493927126
644,voter,FALSE,FALSE,too_many_missing_determinants,20,0.04048582995951417
644,voter,TRUE,TRUE,usable_complete,266,0.5384615384615384
644,voter,TRUE,TRUE,usable_complete_limited_metadata,6,0.012145748987854251
644,voter,TRUE,TRUE,usable_partial,112,0.22672064777327935
644,voter,TRUE,TRUE,usable_partial_limited_metadata,1,0.0020242914979757085
645,abstention,FALSE,FALSE,no_determinants,37,0.07312252964426877
645,abstention,FALSE,FALSE,suspicious_determinants,1,0.001976284584980237
645,abstention,FALSE,FALSE,too_many_missing_determinants,4,0.007905138339920948
645,abstention,TRUE,TRUE,usable_complete,385,0.7608695652173914
645,abstention,TRUE,TRUE,usable_complete_limited_metadata,21,0.041501976284584984
645,abstention,TRUE,TRUE,usable_partial,55,0.10869565217391304
645,abstention,TRUE,TRUE,usable_partial_limited_metadata,3,0.005928853754940711
645,voter,FALSE,FALSE,no_determinants,76,0.15384615384615385
645,voter,FALSE,FALSE,suspicious_determinants,4,0.008097165991902834
645,voter,FALSE,FALSE,too_many_missing_determinants,30,0.06072874493927125
645,voter,TRUE,TRUE,usable_complete,257,0.520242914979757
645,voter,TRUE,TRUE,usable_complete_limited_metadata,6,0.012145748987854251
645,voter,TRUE,TRUE,usable_partial,121,0.24493927125506074
646,abstention,FALSE,FALSE,no_determinants,32,0.06324110671936758
646,abstention,FALSE,FALSE,suspicious_determinants,1,0.001976284584980237
646,abstention,FALSE,FALSE,too_many_missing_determinants,3,0.005928853754940711
646,abstention,TRUE,TRUE,usable_complete,389,0.7687747035573123
646,abstention,TRUE,TRUE,usable_complete_limited_metadata,29,0.05731225296442688
646,abstention,TRUE,TRUE,usable_partial,49,0.09683794466403162
646,abstention,TRUE,TRUE,usable_partial_limited_metadata,3,0.005928853754940711
646,voter,FALSE,FALSE,no_determinants,74,0.14979757085020243
646,voter,FALSE,FALSE,suspicious_determinants,3,0.006072874493927126
646,voter,FALSE,FALSE,too_many_missing_determinants,24,0.048582995951417005
646,voter,TRUE,TRUE,usable_complete,259,0.5242914979757085
646,voter,TRUE,TRUE,usable_complete_limited_metadata,5,0.010121457489878543
646,voter,TRUE,TRUE,usable_partial,129,0.2611336032388664
647,abstention,FALSE,FALSE,no_determinants,33,0.06521739130434782
647,abstention,FALSE,FALSE,suspicious_determinants,2,0.003952569169960474
647,abstention,FALSE,FALSE,too_many_missing_determinants,5,0.009881422924901186
647,abstention,TRUE,TRUE,usable_complete,398,0.7865612648221344
647,abstention,TRUE,TRUE,usable_complete_limited_metadata,20,0.039525691699604744
647,abstention,TRUE,TRUE,usable_partial,48,0.09486166007905138
647,voter,FALSE,FALSE,no_determinants,83,0.1680161943319838
647,voter,FALSE,FALSE,suspicious_determinants,4,0.008097165991902834
647,voter,FALSE,FALSE,too_many_missing_determinants,23,0.0465587044534413
647,voter,TRUE,TRUE,usable_complete,243,0.49190283400809715
647,voter,TRUE,TRUE,usable_complete_limited_metadata,6,0.012145748987854251
647,voter,TRUE,TRUE,usable_partial,135,0.2732793522267207
648,abstention,FALSE,FALSE,no_determinants,31,0.06126482213438735
648,abstention,FALSE,FALSE,suspicious_determinants,1,0.001976284584980237
648,abstention,FALSE,FALSE,too_many_missing_determinants,5,0.009881422924901186
648,abstention,TRUE,TRUE,usable_complete,399,0.7885375494071146
648,abstention,TRUE,TRUE,usable_complete_limited_metadata,14,0.02766798418972332
648,abstention,TRUE,TRUE,usable_partial,53,0.10474308300395258
648,abstention,TRUE,TRUE,usable_partial_limited_metadata,3,0.005928853754940711
648,voter,FALSE,FALSE,no_determinants,101,0.20445344129554655
648,voter,FALSE,FALSE,suspicious_determinants,2,0.004048582995951417
648,voter,FALSE,FALSE,too_many_missing_determinants,22,0.044534412955465584
648,voter,TRUE,TRUE,usable_complete,255,0.5161943319838057
648,voter,TRUE,TRUE,usable_complete_limited_metadata,6,0.012145748987854251
648,voter,TRUE,TRUE,usable_partial,108,0.21862348178137653
649,abstention,FALSE,FALSE,no_determinants,31,0.06126482213438735
649,abstention,FALSE,FALSE,suspicious_determinants,1,0.001976284584980237
649,abstention,FALSE,FALSE,too_many_missing_determinants,8,0.015810276679841896
649,abstention,TRUE,TRUE,usable_complete,404,0.7984189723320159
649,abstention,TRUE,TRUE,usable_complete_limited_metadata,21,0.041501976284584984
649,abstention,TRUE,TRUE,usable_partial,39,0.07707509881422925
649,abstention,TRUE,TRUE,usable_partial_limited_metadata,2,0.003952569169960474
649,voter,FALSE,FALSE,no_determinants,81,0.16396761133603238
649,voter,FALSE,FALSE,suspicious_determinants,5,0.010121457489878543
649,voter,FALSE,FALSE,too_many_missing_determinants,21,0.04251012145748988
649,voter,TRUE,TRUE,usable_complete,256,0.5182186234817814
649,voter,TRUE,TRUE,usable_complete_limited_metadata,10,0.020242914979757085
649,voter,TRUE,TRUE,usable_partial,119,0.2408906882591093
649,voter,TRUE,TRUE,usable_partial_limited_metadata,2,0.004048582995951417
650,abstention,FALSE,FALSE,no_determinants,31,0.06126482213438735
650,abstention,FALSE,FALSE,too_many_missing_determinants,10,0.019762845849802372
650,abstention,TRUE,TRUE,usable_complete,387,0.7648221343873518
650,abstention,TRUE,TRUE,usable_complete_limited_metadata,20,0.039525691699604744
650,abstention,TRUE,TRUE,usable_partial,54,0.1067193675889328
650,abstention,TRUE,TRUE,usable_partial_limited_metadata,4,0.007905138339920948
650,voter,FALSE,FALSE,no_determinants,83,0.1680161943319838
650,voter,FALSE,FALSE,suspicious_determinants,2,0.004048582995951417
650,voter,FALSE,FALSE,too_many_missing_determinants,35,0.0708502024291498
650,voter,TRUE,TRUE,usable_complete,257,0.520242914979757
650,voter,TRUE,TRUE,usable_complete_limited_metadata,2,0.004048582995951417
650,voter,TRUE,TRUE,usable_partial,115,0.23279352226720648
651,abstention,FALSE,FALSE,no_determinants,33,0.06521739130434782
651,abstention,FALSE,FALSE,suspicious_determinants,1,0.001976284584980237
651,abstention,FALSE,FALSE,too_many_missing_determinants,9,0.017786561264822136
651,abstention,TRUE,TRUE,usable_complete,389,0.7687747035573123
651,abstention,TRUE,TRUE,usable_complete_limited_metadata,25,0.04940711462450593
651,abstention,TRUE,TRUE,usable_partial,47,0.09288537549407115
651,abstention,TRUE,TRUE,usable_partial_limited_metadata,2,0.003952569169960474
651,voter,FALSE,FALSE,no_determinants,76,0.15384615384615385
651,voter,FALSE,FALSE,suspicious_determinants,2,0.004048582995951417
651,voter,FALSE,FALSE,too_many_missing_determinants,23,0.0465587044534413
651,voter,TRUE,TRUE,usable_complete,254,0.5141700404858299
651,voter,TRUE,TRUE,usable_complete_limited_metadata,12,0.024291497975708502
651,voter,TRUE,TRUE,usable_partial,124,0.25101214574898784
651,voter,TRUE,TRUE,usable_partial_limited_metadata,3,0.006072874493927126
652,abstention,FALSE,FALSE,no_determinants,31,0.06126482213438735
652,abstention,FALSE,FALSE,suspicious_determinants,2,0.003952569169960474
652,abstention,FALSE,FALSE,too_many_missing_determinants,4,0.007905138339920948
652,abstention,TRUE,TRUE,usable_complete,407,0.8043478260869565
652,abstention,TRUE,TRUE,usable_complete_limited_metadata,16,0.03162055335968379
652,abstention,TRUE,TRUE,usable_partial,44,0.08695652173913043
652,abstention,TRUE,TRUE,usable_partial_limited_metadata,2,0.003952569169960474
652,voter,FALSE,FALSE,no_determinants,71,0.1437246963562753
652,voter,FALSE,FALSE,suspicious_determinants,7,0.01417004048582996
652,voter,FALSE,FALSE,too_many_missing_determinants,29,0.058704453441295545
652,voter,TRUE,TRUE,usable_complete,267,0.5404858299595142
652,voter,TRUE,TRUE,usable_complete_limited_metadata,8,0.016194331983805668
652,voter,TRUE,TRUE,usable_partial,112,0.22672064777327935
653,abstention,FALSE,FALSE,no_determinants,37,0.07312252964426877
653,abstention,FALSE,FALSE,suspicious_determinants,1,0.001976284584980237
653,abstention,FALSE,FALSE,too_many_missing_determinants,4,0.007905138339920948
653,abstention,TRUE,TRUE,usable_complete,403,0.7964426877470355
653,abstention,TRUE,TRUE,usable_complete_limited_metadata,21,0.041501976284584984
653,abstention,TRUE,TRUE,usable_partial,38,0.07509881422924901
653,abstention,TRUE,TRUE,usable_partial_limited_metadata,2,0.003952569169960474
653,voter,FALSE,FALSE,no_determinants,80,0.16194331983805668
653,voter,FALSE,FALSE,suspicious_determinants,1,0.0020242914979757085
653,voter,FALSE,FALSE,too_many_missing_determinants,31,0.06275303643724696
653,voter,TRUE,TRUE,usable_complete,234,0.47368421052631576
653,voter,TRUE,TRUE,usable_complete_limited_metadata,8,0.016194331983805668
653,voter,TRUE,TRUE,usable_partial,140,0.2834008097165992
654,abstention,FALSE,FALSE,no_determinants,35,0.0691699604743083
654,abstention,FALSE,FALSE,suspicious_determinants,2,0.003952569169960474
654,abstention,FALSE,FALSE,too_many_missing_determinants,5,0.009881422924901186
654,abstention,TRUE,TRUE,usable_complete,395,0.7806324110671937
654,abstention,TRUE,TRUE,usable_complete_limited_metadata,20,0.039525691699604744
654,abstention,TRUE,TRUE,usable_partial,46,0.09090909090909091
654,abstention,TRUE,TRUE,usable_partial_limited_metadata,3,0.005928853754940711
654,voter,FALSE,FALSE,no_determinants,80,0.16194331983805668
654,voter,FALSE,FALSE,suspicious_determinants,6,0.012145748987854251
654,voter,FALSE,FALSE,too_many_missing_determinants,32,0.06477732793522267
654,voter,TRUE,TRUE,usable_complete,236,0.4777327935222672
654,voter,TRUE,TRUE,usable_complete_limited_metadata,5,0.010121457489878543
654,voter,TRUE,TRUE,usable_partial,134,0.27125506072874495
654,voter,TRUE,TRUE,usable_partial_limited_metadata,1,0.0020242914979757085
655,abstention,FALSE,FALSE,no_determinants,28,0.05533596837944664
655,abstention,FALSE,FALSE,too_many_missing_determinants,4,0.007905138339920948
655,abstention,TRUE,TRUE,usable_complete,399,0.7885375494071146
655,abstention,TRUE,TRUE,usable_complete_limited_metadata,24,0.04743083003952569
655,abstention,TRUE,TRUE,usable_partial,47,0.09288537549407115
655,abstention,TRUE,TRUE,usable_partial_limited_metadata,4,0.007905138339920948
655,voter,FALSE,FALSE,no_determinants,84,0.1700404858299595
655,voter,FALSE,FALSE,suspicious_determinants,5,0.010121457489878543
655,voter,FALSE,FALSE,too_many_missing_determinants,27,0.05465587044534413
655,voter,TRUE,TRUE,usable_complete,248,0.5020242914979757
655,voter,TRUE,TRUE,usable_complete_limited_metadata,7,0.01417004048582996
655,voter,TRUE,TRUE,usable_partial,122,0.24696356275303644
655,voter,TRUE,TRUE,usable_partial_limited_metadata,1,0.0020242914979757085
656,abstention,FALSE,FALSE,no_determinants,33,0.06521739130434782
656,abstention,FALSE,FALSE,suspicious_determinants,2,0.003952569169960474
656,abstention,FALSE,FALSE,too_many_missing_determinants,5,0.009881422924901186
656,abstention,TRUE,TRUE,usable_complete,411,0.8122529644268774
656,abstention,TRUE,TRUE,usable_complete_limited_metadata,15,0.029644268774703556
656,abstention,TRUE,TRUE,usable_partial,37,0.07312252964426877
656,abstention,TRUE,TRUE,usable_partial_limited_metadata,3,0.005928853754940711
656,voter,FALSE,FALSE,no_determinants,78,0.15789473684210525
656,voter,FALSE,FALSE,suspicious_determinants,5,0.010121457489878543
656,voter,FALSE,FALSE,too_many_missing_determinants,30,0.06072874493927125
656,voter,TRUE,TRUE,usable_complete,254,0.5141700404858299
656,voter,TRUE,TRUE,usable_complete_limited_metadata,6,0.012145748987854251
656,voter,TRUE,TRUE,usable_partial,121,0.24493927125506074
657,abstention,FALSE,FALSE,no_determinants,32,0.06324110671936758
657,abstention,FALSE,FALSE,suspicious_determinants,2,0.003952569169960474
657,abstention,FALSE,FALSE,too_many_missing_determinants,7,0.01383399209486166
657,abstention,TRUE,TRUE,usable_complete,386,0.7628458498023716
657,abstention,TRUE,TRUE,usable_complete_limited_metadata,31,0.06126482213438735
657,abstention,TRUE,TRUE,usable_partial,44,0.08695652173913043
657,abstention,TRUE,TRUE,usable_partial_limited_metadata,4,0.007905138339920948
657,voter,FALSE,FALSE,no_determinants,67,0.13562753036437247
657,voter,FALSE,FALSE,suspicious_determinants,4,0.008097165991902834
657,voter,FALSE,FALSE,too_many_missing_determinants,30,0.06072874493927125
657,voter,TRUE,TRUE,usable_complete,266,0.5384615384615384
657,voter,TRUE,TRUE,usable_complete_limited_metadata,3,0.006072874493927126
657,voter,TRUE,TRUE,usable_partial,121,0.24493927125506074
657,voter,TRUE,TRUE,usable_partial_limited_metadata,3,0.006072874493927126
658,abstention,FALSE,FALSE,no_determinants,37,0.07312252964426877
658,abstention,FALSE,FALSE,suspicious_determinants,1,0.001976284584980237
658,abstention,FALSE,FALSE,too_many_missing_determinants,6,0.011857707509881422
658,abstention,TRUE,TRUE,usable_complete,397,0.7845849802371542
658,abstention,TRUE,TRUE,usable_complete_limited_metadata,18,0.03557312252964427
658,abstention,TRUE,TRUE,usable_partial,45,0.08893280632411067
658,abstention,TRUE,TRUE,usable_partial_limited_metadata,2,0.003952569169960474
658,voter,FALSE,FALSE,no_determinants,72,0.145748987854251
658,voter,FALSE,FALSE,suspicious_determinants,4,0.008097165991902834
658,voter,FALSE,FALSE,too_many_missing_determinants,25,0.05060728744939271
658,voter,TRUE,TRUE,usable_complete,260,0.5263157894736842
658,voter,TRUE,TRUE,usable_complete_limited_metadata,6,0.012145748987854251
658,voter,TRUE,TRUE,usable_partial,124,0.25101214574898784
658,voter,TRUE,TRUE,usable_partial_limited_metadata,3,0.006072874493927126
659,abstention,FALSE,FALSE,no_determinants,25,0.04940711462450593
659,abstention,FALSE,FALSE,suspicious_determinants,1,0.001976284584980237
659,abstention,FALSE,FALSE,too_many_missing_determinants,7,0.01383399209486166
659,abstention,TRUE,TRUE,usable_complete,397,0.7845849802371542
659,abstention,TRUE,TRUE,usable_complete_limited_metadata,21,0.041501976284584984
659,abstention,TRUE,TRUE,usable_partial,50,0.09881422924901186
659,abstention,TRUE,TRUE,usable_partial_limited_metadata,5,0.009881422924901186
659,voter,FALSE,FALSE,no_determinants,76,0.15384615384615385
659,voter,FALSE,FALSE,suspicious_determinants,3,0.006072874493927126
659,voter,FALSE,FALSE,too_many_missing_determinants,30,0.06072874493927125
659,voter,TRUE,TRUE,usable_complete,234,0.47368421052631576
659,voter,TRUE,TRUE,usable_complete_limited_metadata,10,0.020242914979757085
659,voter,TRUE,TRUE,usable_partial,140,0.2834008097165992
659,voter,TRUE,TRUE,usable_partial_limited_metadata,1,0.0020242914979757085
660,abstention,FALSE,FALSE,no_determinants,35,0.0691699604743083
660,abstention,FALSE,FALSE,suspicious_determinants,1,0.001976284584980237
660,abstention,FALSE,FALSE,too_many_missing_determinants,1,0.001976284584980237
660,abstention,TRUE,TRUE,usable_complete,400,0.7905138339920948
660,abstention,TRUE,TRUE,usable_complete_limited_metadata,25,0.04940711462450593
660,abstention,TRUE,TRUE,usable_partial,40,0.07905138339920949
660,abstention,TRUE,TRUE,usable_partial_limited_metadata,4,0.007905138339920948
660,voter,FALSE,FALSE,no_determinants,88,0.17813765182186234
660,voter,FALSE,FALSE,suspicious_determinants,2,0.004048582995951417
660,voter,FALSE,FALSE,too_many_missing_determinants,22,0.044534412955465584
660,voter,TRUE,TRUE,usable_complete,248,0.5020242914979757
660,voter,TRUE,TRUE,usable_complete_limited_metadata,5,0.010121457489878543
660,voter,TRUE,TRUE,usable_partial,129,0.2611336032388664
661,abstention,FALSE,FALSE,no_determinants,20,0.039525691699604744
661,abstention,FALSE,FALSE,suspicious_determinants,1,0.001976284584980237
661,abstention,FALSE,FALSE,too_many_missing_determinants,4,0.007905138339920948
661,abstention,TRUE,TRUE,usable_complete,396,0.782608695652174
661,abstention,TRUE,TRUE,usable_complete_limited_metadata,26,0.05138339920948617
661,abstention,TRUE,TRUE,usable_partial,58,0.11462450592885376
661,abstention,TRUE,TRUE,usable_partial_limited_metadata,1,0.001976284584980237
661,voter,FALSE,FALSE,no_determinants,69,0.1396761133603239
661,voter,FALSE,FALSE,suspicious_determinants,1,0.0020242914979757085
661,voter,FALSE,FALSE,too_many_missing_determinants,28,0.05668016194331984
661,voter,TRUE,TRUE,usable_complete,244,0.4939271255060729
661,voter,TRUE,TRUE,usable_complete_limited_metadata,6,0.012145748987854251
661,voter,TRUE,TRUE,usable_partial,146,0.29554655870445345
662,abstention,FALSE,FALSE,no_determinants,25,0.04940711462450593
662,abstention,FALSE,FALSE,suspicious_determinants,1,0.001976284584980237
662,abstention,FALSE,FALSE,too_many_missing_determinants,9,0.017786561264822136
662,abstention,TRUE,TRUE,usable_complete,415,0.8201581027667985
662,abstention,TRUE,TRUE,usable_complete_limited_metadata,14,0.02766798418972332
662,abstention,TRUE,TRUE,usable_partial,39,0.07707509881422925
662,abstention,TRUE,TRUE,usable_partial_limited_metadata,3,0.005928853754940711
662,voter,FALSE,FALSE,no_determinants,89,0.18016194331983806
662,voter,FALSE,FALSE,suspicious_determinants,7,0.01417004048582996
662,voter,FALSE,FALSE,too_many_missing_determinants,21,0.04251012145748988
662,voter,TRUE,TRUE,usable_complete,250,0.5060728744939271
662,voter,TRUE,TRUE,usable_complete_limited_metadata,7,0.01417004048582996
662,voter,TRUE,TRUE,usable_partial,120,0.242914979757085
663,abstention,FALSE,FALSE,no_determinants,25,0.04940711462450593
663,abstention,FALSE,FALSE,suspicious_determinants,2,0.003952569169960474
663,abstention,FALSE,FALSE,too_many_missing_determinants,6,0.011857707509881422
663,abstention,TRUE,TRUE,usable_complete,386,0.7628458498023716
663,abstention,TRUE,TRUE,usable_complete_limited_metadata,27,0.0533596837944664
663,abstention,TRUE,TRUE,usable_partial,57,0.11264822134387352
663,abstention,TRUE,TRUE,usable_partial_limited_metadata,3,0.005928853754940711
663,voter,FALSE,FALSE,no_determinants,79,0.15991902834008098
663,voter,FALSE,FALSE,suspicious_determinants,2,0.004048582995951417
663,voter,FALSE,FALSE,too_many_missing_determinants,25,0.05060728744939271
663,voter,TRUE,TRUE,usable_complete,238,0.4817813765182186
663,voter,TRUE,TRUE,usable_complete_limited_metadata,10,0.020242914979757085
663,voter,TRUE,TRUE,usable_partial,140,0.2834008097165992
664,abstention,FALSE,FALSE,no_determinants,41,0.08102766798418973
664,abstention,FALSE,FALSE,too_many_missing_determinants,8,0.015810276679841896
664,abstention,TRUE,TRUE,usable_complete,396,0.782608695652174
664,abstention,TRUE,TRUE,usable_complete_limited_metadata,11,0.021739130434782608
664,abstention,TRUE,TRUE,usable_partial,48,0.09486166007905138
664,abstention,TRUE,TRUE,usable_partial_limited_metadata,2,0.003952569169960474
664,voter,FALSE,FALSE,no_determinants,73,0.14777327935222673
664,voter,FALSE,FALSE,suspicious_determinants,9,0.018218623481781375
664,voter,FALSE,FALSE,too_many_missing_determinants,30,0.06072874493927125
664,voter,TRUE,TRUE,usable_complete,244,0.4939271255060729
664,voter,TRUE,TRUE,usable_complete_limited_metadata,8,0.016194331983805668
664,voter,TRUE,TRUE,usable_partial,129,0.2611336032388664
664,voter,TRUE,TRUE,usable_partial_limited_metadata,1,0.0020242914979757085
665,abstention,FALSE,FALSE,no_determinants,35,0.0691699604743083
665,abstention,FALSE,FALSE,too_many_missing_determinants,2,0.003952569169960474
665,abstention,TRUE,TRUE,usable_complete,394,0.7786561264822134
665,abstention,TRUE,TRUE,usable_complete_limited_metadata,19,0.037549407114624504
665,abstention,TRUE,TRUE,usable_partial,53,0.10474308300395258
665,abstention,TRUE,TRUE,usable_partial_limited_metadata,3,0.005928853754940711
665,voter,FALSE,FALSE,no_determinants,93,0.1882591093117409
665,voter,FALSE,FALSE,suspicious_determinants,5,0.010121457489878543
665,voter,FALSE,FALSE,too_many_missing_determinants,23,0.0465587044534413
665,voter,TRUE,TRUE,usable_complete,240,0.48582995951417
665,voter,TRUE,TRUE,usable_complete_limited_metadata,13,0.02631578947368421
665,voter,TRUE,TRUE,usable_partial,120,0.242914979757085
666,abstention,FALSE,FALSE,no_determinants,33,0.06521739130434782
666,abstention,FALSE,FALSE,too_many_missing_determinants,6,0.011857707509881422
666,abstention,TRUE,TRUE,usable_complete,397,0.7845849802371542
666,abstention,TRUE,TRUE,usable_complete_limited_metadata,14,0.02766798418972332
666,abstention,TRUE,TRUE,usable_partial,53,0.10474308300395258
666,abstention,TRUE,TRUE,usable_partial_limited_metadata,3,0.005928853754940711
666,voter,FALSE,FALSE,no_determinants,71,0.1437246963562753
666,voter,FALSE,FALSE,suspicious_determinants,4,0.008097165991902834
666,voter,FALSE,FALSE,too_many_missing_determinants,30,0.06072874493927125
666,voter,TRUE,TRUE,usable_complete,255,0.5161943319838057
666,voter,TRUE,TRUE,usable_complete_limited_metadata,8,0.016194331983805668
666,voter,TRUE,TRUE,usable_partial,126,0.2550607287449393
667,abstention,FALSE,FALSE,no_determinants,24,0.04743083003952569
667,abstention,FALSE,FALSE,suspicious_determinants,2,0.003952569169960474
667,abstention,FALSE,FALSE,too_many_missing_determinants,4,0.007905138339920948
667,abstention,TRUE,TRUE,usable_complete,406,0.8023715415019763
667,abstention,TRUE,TRUE,usable_complete_limited_metadata,21,0.041501976284584984
667,abstention,TRUE,TRUE,usable_partial,47,0.09288537549407115
667,abstention,TRUE,TRUE,usable_partial_limited_metadata,2,0.003952569169960474
667,voter,FALSE,FALSE,no_determinants,86,0.17408906882591094
667,voter,FALSE,FALSE,suspicious_determinants,2,0.004048582995951417
667,voter,FALSE,FALSE,too_many_missing_determinants,27,0.05465587044534413
667,voter,TRUE,TRUE,usable_complete,255,0.5161943319838057
667,voter,TRUE,TRUE,usable_complete_limited_metadata,2,0.004048582995951417
667,voter,TRUE,TRUE,usable_partial,122,0.24696356275303644
668,abstention,FALSE,FALSE,no_determinants,35,0.0691699604743083
668,abstention,FALSE,FALSE,suspicious_determinants,1,0.001976284584980237
668,abstention,FALSE,FALSE,too_many_missing_determinants,4,0.007905138339920948
668,abstention,TRUE,TRUE,usable_complete,411,0.8122529644268774
668,abstention,TRUE,TRUE,usable_complete_limited_metadata,14,0.02766798418972332
668,abstention,TRUE,TRUE,usable_partial,37,0.07312252964426877
668,abstention,TRUE,TRUE,usable_partial_limited_metadata,4,0.007905138339920948
668,voter,FALSE,FALSE,no_determinants,63,0.12753036437246965
668,voter,FALSE,FALSE,suspicious_determinants,5,0.010121457489878543
668,voter,FALSE,FALSE,too_many_missing_determinants,26,0.05263157894736842
668,voter,TRUE,TRUE,usable_complete,274,0.5546558704453441
668,voter,TRUE,TRUE,usable_complete_limited_metadata,5,0.010121457489878543
668,voter,TRUE,TRUE,usable_partial,121,0.24493927125506074
669,abstention,FALSE,FALSE,no_determinants,30,0.05928853754940711
669,abstention,FALSE,FALSE,too_many_missing_determinants,5,0.009881422924901186
669,abstention,TRUE,TRUE,usable_complete,402,0.7944664031620553
669,abstention,TRUE,TRUE,usable_complete_limited_metadata,22,0.043478260869565216
669,abstention,TRUE,TRUE,usable_partial,44,0.08695652173913043
669,abstention,TRUE,TRUE,usable_partial_limited_metadata,3,0.005928853754940711
669,voter,FALSE,FALSE,no_determinants,73,0.14777327935222673
669,voter,FALSE,FALSE,suspicious_determinants,4,0.008097165991902834
669,voter,FALSE,FALSE,too_many_missing_determinants,27,0.05465587044534413
669,voter,TRUE,TRUE,usable_complete,247,0.5
669,voter,TRUE,TRUE,usable_complete_limited_metadata,7,0.01417004048582996
669,voter,TRUE,TRUE,usable_partial,135,0.2732793522267207
669,voter,TRUE,TRUE,usable_partial_limited_metadata,1,0.0020242914979757085
670,abstention,FALSE,FALSE,no_determinants,30,0.05928853754940711
670,abstention,FALSE,FALSE,suspicious_determinants,4,0.007905138339920948
670,abstention,FALSE,FALSE,too_many_missing_determinants,7,0.01383399209486166
670,abstention,TRUE,TRUE,usable_complete,397,0.7845849802371542
670,abstention,TRUE,TRUE,usable_complete_limited_metadata,20,0.039525691699604744
670,abstention,TRUE,TRUE,usable_partial,45,0.08893280632411067
670,abstention,TRUE,TRUE,usable_partial_limited_metadata,3,0.005928853754940711
670,voter,FALSE,FALSE,no_determinants,83,0.1680161943319838
670,voter,FALSE,FALSE,suspicious_determinants,3,0.006072874493927126
670,voter,FALSE,FALSE,too_many_missing_determinants,22,0.044534412955465584
670,voter,TRUE,TRUE,usable_complete,251,0.5080971659919028
670,voter,TRUE,TRUE,usable_complete_limited_metadata,8,0.016194331983805668
670,voter,TRUE,TRUE,usable_partial,127,0.25708502024291496
671,abstention,FALSE,FALSE,no_determinants,28,0.05533596837944664
671,abstention,FALSE,FALSE,suspicious_determinants,2,0.003952569169960474
671,abstention,FALSE,FALSE,too_many_missing_determinants,6,0.011857707509881422
671,abstention,TRUE,TRUE,usable_complete,403,0.7964426877470355
671,abstention,TRUE,TRUE,usable_complete_limited_metadata,23,0.045454545454545456
671,abstention,TRUE,TRUE,usable_partial,42,0.08300395256916997
671,abstention,TRUE,TRUE,usable_partial_limited_metadata,2,0.003952569169960474
671,voter,FALSE,FALSE,no_determinants,82,0.1659919028340081
671,voter,FALSE,FALSE,suspicious_determinants,4,0.008097165991902834
671,voter,FALSE,FALSE,too_many_missing_determinants,35,0.0708502024291498
671,voter,TRUE,TRUE,usable_complete,235,0.4757085020242915
671,voter,TRUE,TRUE,usable_complete_limited_metadata,6,0.012145748987854251
671,voter,TRUE,TRUE,usable_partial,132,0.26720647773279355
672,abstention,FALSE,FALSE,no_determinants,27,0.0533596837944664
672,abstention,FALSE,FALSE,too_many_missing_determinants,2,0.003952569169960474
672,abstention,TRUE,TRUE,usable_complete,401,0.7924901185770751
672,abstention,TRUE,TRUE,usable_complete_limited_metadata,24,0.04743083003952569
672,abstention,TRUE,TRUE,usable_partial,48,0.09486166007905138
672,abstention,TRUE,TRUE,usable_partial_limited_metadata,4,0.007905138339920948
672,voter,FALSE,FALSE,no_determinants,74,0.14979757085020243
672,voter,FALSE,FALSE,suspicious_determinants,3,0.006072874493927126
672,voter,FALSE,FALSE,too_many_missing_determinants,24,0.048582995951417005
672,voter,TRUE,TRUE,usable_complete,254,0.5141700404858299
672,voter,TRUE,TRUE,usable_complete_limited_metadata,10,0.020242914979757085
672,voter,TRUE,TRUE,usable_partial,127,0.25708502024291496
672,voter,TRUE,TRUE,usable_partial_limited_metadata,2,0.004048582995951417
673,abstention,FALSE,FALSE,no_determinants,29,0.05731225296442688
673,abstention,FALSE,FALSE,too_many_missing_determinants,4,0.007905138339920948
673,abstention,TRUE,TRUE,usable_complete,399,0.7885375494071146
673,abstention,TRUE,TRUE,usable_complete_limited_metadata,24,0.04743083003952569
673,abstention,TRUE,TRUE,usable_partial,49,0.09683794466403162
673,abstention,TRUE,TRUE,usable_partial_limited_metadata,1,0.001976284584980237
673,voter,FALSE,FALSE,no_determinants,76,0.15384615384615385
673,voter,FALSE,FALSE,suspicious_determinants,7,0.01417004048582996
673,voter,FALSE,FALSE,too_many_missing_determinants,22,0.044534412955465584
673,voter,TRUE,TRUE,usable_complete,250,0.5060728744939271
673,voter,TRUE,TRUE,usable_complete_limited_metadata,3,0.006072874493927126
673,voter,TRUE,TRUE,usable_partial,136,0.27530364372469635
674,abstention,FALSE,FALSE,no_determinants,31,0.06126482213438735
674,abstention,FALSE,FALSE,suspicious_determinants,1,0.001976284584980237
674,abstention,FALSE,FALSE,too_many_missing_determinants,4,0.007905138339920948
674,abstention,TRUE,TRUE,usable_complete,401,0.7924901185770751
674,abstention,TRUE,TRUE,usable_complete_limited_metadata,19,0.037549407114624504
674,abstention,TRUE,TRUE,usable_partial,44,0.08695652173913043
674,abstention,TRUE,TRUE,usable_partial_limited_metadata,6,0.011857707509881422
674,voter,FALSE,FALSE,no_determinants,94,0.1902834008097166
674,voter,FALSE,FALSE,suspicious_determinants,5,0.010121457489878543
674,voter,FALSE,FALSE,too_many_missing_determinants,31,0.06275303643724696
674,voter,TRUE,TRUE,usable_complete,241,0.48785425101214575
674,voter,TRUE,TRUE,usable_complete_limited_metadata,8,0.016194331983805668
674,voter,TRUE,TRUE,usable_partial,115,0.23279352226720648
675,abstention,FALSE,FALSE,no_determinants,25,0.04940711462450593
675,abstention,FALSE,FALSE,suspicious_determinants,1,0.001976284584980237
675,abstention,FALSE,FALSE,too_many_missing_determinants,1,0.001976284584980237
675,abstention,TRUE,TRUE,usable_complete,409,0.808300395256917
675,abstention,TRUE,TRUE,usable_complete_limited_metadata,25,0.04940711462450593
675,abstention,TRUE,TRUE,usable_partial,43,0.08498023715415019
675,abstention,TRUE,TRUE,usable_partial_limited_metadata,2,0.003952569169960474
675,voter,FALSE,FALSE,no_determinants,65,0.13157894736842105
675,voter,FALSE,FALSE,suspicious_determinants,1,0.0020242914979757085
675,voter,FALSE,FALSE,too_many_missing_determinants,25,0.05060728744939271
675,voter,TRUE,TRUE,usable_complete,258,0.5222672064777328
675,voter,TRUE,TRUE,usable_complete_limited_metadata,9,0.018218623481781375
675,voter,TRUE,TRUE,usable_partial,135,0.2732793522267207
675,voter,TRUE,TRUE,usable_partial_limited_metadata,1,0.0020242914979757085
676,abstention,FALSE,FALSE,no_determinants,31,0.06126482213438735
676,abstention,FALSE,FALSE,suspicious_determinants,1,0.001976284584980237
676,abstention,FALSE,FALSE,too_many_missing_determinants,4,0.007905138339920948
676,abstention,TRUE,TRUE,usable_complete,405,0.8003952569169961
676,abstention,TRUE,TRUE,usable_complete_limited_metadata,20,0.039525691699604744
676,abstention,TRUE,TRUE,usable_partial,42,0.08300395256916997
676,abstention,TRUE,TRUE,usable_partial_limited_metadata,3,0.005928853754940711
676,voter,FALSE,FALSE,no_determinants,88,0.17813765182186234
676,voter,FALSE,FALSE,suspicious_determinants,5,0.010121457489878543
676,voter,FALSE,FALSE,too_many_missing_determinants,21,0.04251012145748988
676,voter,TRUE,TRUE,usable_complete,237,0.4797570850202429
676,voter,TRUE,TRUE,usable_complete_limited_metadata,7,0.01417004048582996
676,voter,TRUE,TRUE,usable_partial,136,0.27530364372469635
677,abstention,FALSE,FALSE,no_determinants,32,0.06324110671936758
677,abstention,FALSE,FALSE,suspicious_determinants,3,0.005928853754940711
677,abstention,FALSE,FALSE,too_many_missing_determinants,5,0.009881422924901186
677,abstention,TRUE,TRUE,usable_complete,407,0.8043478260869565
677,abstention,TRUE,TRUE,usable_complete_limited_metadata,11,0.021739130434782608
677,abstention,TRUE,TRUE,usable_partial,46,0.09090909090909091
677,abstention,TRUE,TRUE,usable_partial_limited_metadata,2,0.003952569169960474
677,voter,FALSE,FALSE,no_determinants,70,0.1417004048582996
677,voter,FALSE,FALSE,suspicious_determinants,3,0.006072874493927126
677,voter,FALSE,FALSE,too_many_missing_determinants,29,0.058704453441295545
677,voter,TRUE,TRUE,usable_complete,245,0.4959514170040486
677,voter,TRUE,TRUE,usable_complete_limited_metadata,8,0.016194331983805668
677,voter,TRUE,TRUE,usable_partial,139,0.2813765182186235
678,abstention,FALSE,FALSE,no_determinants,31,0.06126482213438735
678,abstention,FALSE,FALSE,suspicious_determinants,1,0.001976284584980237
678,abstention,FALSE,FALSE,too_many_missing_determinants,6,0.011857707509881422
678,abstention,TRUE,TRUE,usable_complete,394,0.7786561264822134
678,abstention,TRUE,TRUE,usable_complete_limited_metadata,13,0.025691699604743084
678,abstention,TRUE,TRUE,usable_partial,57,0.11264822134387352
678,abstention,TRUE,TRUE,usable_partial_limited_metadata,4,0.007905138339920948
678,voter,FALSE,FALSE,no_determinants,75,0.15182186234817813
678,voter,FALSE,FALSE,too_many_missing_determinants,29,0.058704453441295545
678,voter,TRUE,TRUE,usable_complete,263,0.5323886639676113
678,voter,TRUE,TRUE,usable_complete_limited_metadata,5,0.010121457489878543
678,voter,TRUE,TRUE,usable_partial,121,0.24493927125506074
678,voter,TRUE,TRUE,usable_partial_limited_metadata,1,0.0020242914979757085
679,abstention,FALSE,FALSE,no_determinants,31,0.06126482213438735
679,abstention,FALSE,FALSE,too_many_missing_determinants,5,0.009881422924901186
679,abstention,TRUE,TRUE,usable_complete,404,0.7984189723320159
679,abstention,TRUE,TRUE,usable_complete_limited_metadata,21,0.041501976284584984
679,abstention,TRUE,TRUE,usable_partial,43,0.08498023715415019
679,abstention,TRUE,TRUE,usable_partial_limited_metadata,2,0.003952569169960474
679,voter,FALSE,FALSE,no_determinants,73,0.14777327935222673
679,voter,FALSE,FALSE,suspicious_determinants,6,0.012145748987854251
679,voter,FALSE,FALSE,too_many_missing_determinants,26,0.05263157894736842
679,voter,TRUE,TRUE,usable_complete,251,0.5080971659919028
679,voter,TRUE,TRUE,usable_complete_limited_metadata,4,0.008097165991902834
679,voter,TRUE,TRUE,usable_partial,134,0.27125506072874495
680,abstention,FALSE,FALSE,no_determinants,37,0.07312252964426877
680,abstention,FALSE,FALSE,suspicious_determinants,3,0.005928853754940711
680,abstention,FALSE,FALSE,too_many_missing_determinants,3,0.005928853754940711
680,abstention,TRUE,TRUE,usable_complete,393,0.7766798418972332
680,abstention,TRUE,TRUE,usable_complete_limited_metadata,19,0.037549407114624504
680,abstention,TRUE,TRUE,usable_partial,51,0.1007905138339921
680,voter,FALSE,FALSE,no_determinants,77,0.15587044534412955
680,voter,FALSE,FALSE,suspicious_determinants,2,0.004048582995951417
680,voter,FALSE,FALSE,too_many_missing_determinants,21,0.04251012145748988
680,voter,TRUE,TRUE,usable_complete,263,0.5323886639676113
680,voter,TRUE,TRUE,usable_complete_limited_metadata,5,0.010121457489878543
680,voter,TRUE,TRUE,usable_partial,126,0.2550607287449393
681,abstention,FALSE,FALSE,no_determinants,30,0.05928853754940711
681,abstention,FALSE,FALSE,suspicious_determinants,2,0.003952569169960474
681,abstention,FALSE,FALSE,too_many_missing_determinants,7,0.01383399209486166
681,abstention,TRUE,TRUE,usable_complete,397,0.7845849802371542
681,abstention,TRUE,TRUE,usable_complete_limited_metadata,16,0.03162055335968379
681,abstention,TRUE,TRUE,usable_partial,50,0.09881422924901186
681,abstention,TRUE,TRUE,usable_partial_limited_metadata,4,0.007905138339920948
681,voter,FALSE,FALSE,no_determinants,78,0.15789473684210525
681,voter,FALSE,FALSE,suspicious_determinants,7,0.01417004048582996
681,voter,FALSE,FALSE,too_many_missing_determinants,22,0.044534412955465584
681,voter,TRUE,TRUE,usable_complete,254,0.5141700404858299
681,voter,TRUE,TRUE,usable_complete_limited_metadata,6,0.012145748987854251
681,voter,TRUE,TRUE,usable_partial,125,0.25303643724696356
681,voter,TRUE,TRUE,usable_partial_limited_metadata,2,0.004048582995951417
682,abstention,FALSE,FALSE,no_determinants,26,0.05138339920948617
682,abstention,FALSE,FALSE,suspicious_determinants,1,0.001976284584980237
682,abstention,FALSE,FALSE,too_many_missing_determinants,4,0.007905138339920948
682,abstention,TRUE,TRUE,usable_complete,413,0.8162055335968379
682,abstention,TRUE,TRUE,usable_complete_limited_metadata,17,0.03359683794466403
682,abstention,TRUE,TRUE,usable_partial,44,0.08695652173913043
682,abstention,TRUE,TRUE,usable_partial_limited_metadata,1,0.001976284584980237
682,voter,FALSE,FALSE,no_determinants,80,0.16194331983805668
682,voter,FALSE,FALSE,suspicious_determinants,3,0.006072874493927126
682,voter,FALSE,FALSE,too_many_missing_determinants,21,0.04251012145748988
682,voter,TRUE,TRUE,usable_complete,259,0.5242914979757085
682,voter,TRUE,TRUE,usable_complete_limited_metadata,4,0.008097165991902834
682,voter,TRUE,TRUE,usable_partial,127,0.25708502024291496
683,abstention,FALSE,FALSE,no_determinants,29,0.05731225296442688
683,abstention,FALSE,FALSE,too_many_missing_determinants,4,0.007905138339920948
683,abstention,TRUE,TRUE,usable_complete,402,0.7944664031620553
683,abstention,TRUE,TRUE,usable_complete_limited_metadata,19,0.037549407114624504
683,abstention,TRUE,TRUE,usable_partial,50,0.09881422924901186
683,abstention,TRUE,TRUE,usable_partial_limited_metadata,2,0.003952569169960474
683,voter,FALSE,FALSE,no_determinants,66,0.13360323886639677
683,voter,FALSE,FALSE,suspicious_determinants,3,0.006072874493927126
683,voter,FALSE,FALSE,too_many_missing_determinants,18,0.03643724696356275
683,voter,TRUE,TRUE,usable_complete,263,0.5323886639676113
683,voter,TRUE,TRUE,usable_complete_limited_metadata,4,0.008097165991902834
683,voter,TRUE,TRUE,usable_partial,140,0.2834008097165992
684,abstention,FALSE,FALSE,no_determinants,37,0.07312252964426877
684,abstention,FALSE,FALSE,suspicious_determinants,3,0.005928853754940711
684,abstention,FALSE,FALSE,too_many_missing_determinants,1,0.001976284584980237
684,abstention,TRUE,TRUE,usable_complete,388,0.766798418972332
684,abstention,TRUE,TRUE,usable_complete_limited_metadata,24,0.04743083003952569
684,abstention,TRUE,TRUE,usable_partial,52,0.10276679841897234
684,abstention,TRUE,TRUE,usable_partial_limited_metadata,1,0.001976284584980237
684,voter,FALSE,FALSE,no_determinants,85,0.1720647773279352
684,voter,FALSE,FALSE,suspicious_determinants,5,0.010121457489878543
684,voter,FALSE,FALSE,too_many_missing_determinants,27,0.05465587044534413
684,voter,TRUE,TRUE,usable_complete,244,0.4939271255060729
684,voter,TRUE,TRUE,usable_complete_limited_metadata,5,0.010121457489878543
684,voter,TRUE,TRUE,usable_partial,125,0.25303643724696356
684,voter,TRUE,TRUE,usable_partial_limited_metadata,3,0.006072874493927126
685,abstention,FALSE,FALSE,no_determinants,30,0.05928853754940711
685,abstention,FALSE,FALSE,too_many_missing_determinants,4,0.007905138339920948
685,abstention,TRUE,TRUE,usable_complete,411,0.8122529644268774
685,abstention,TRUE,TRUE,usable_complete_limited_metadata,11,0.021739130434782608
685,abstention,TRUE,TRUE,usable_partial,48,0.09486166007905138
685,abstention,TRUE,TRUE,usable_partial_limited_metadata,2,0.003952569169960474
685,voter,FALSE,FALSE,no_determinants,89,0.18016194331983806
685,voter,FALSE,FALSE,suspicious_determinants,6,0.012145748987854251
685,voter,FALSE,FALSE,too_many_missing_determinants,24,0.048582995951417005
685,voter,TRUE,TRUE,usable_complete,247,0.5
685,voter,TRUE,TRUE,usable_complete_limited_metadata,6,0.012145748987854251
685,voter,TRUE,TRUE,usable_partial,121,0.24493927125506074
685,voter,TRUE,TRUE,usable_partial_limited_metadata,1,0.0020242914979757085
686,abstention,FALSE,FALSE,no_determinants,42,0.08300395256916997
686,abstention,FALSE,FALSE,too_many_missing_determinants,4,0.007905138339920948
686,abstention,TRUE,TRUE,usable_complete,397,0.7845849802371542
686,abstention,TRUE,TRUE,usable_complete_limited_metadata,24,0.04743083003952569
686,abstention,TRUE,TRUE,usable_partial,38,0.07509881422924901
686,abstention,TRUE,TRUE,usable_partial_limited_metadata,1,0.001976284584980237
686,voter,FALSE,FALSE,no_determinants,62,0.12550607287449392
686,voter,FALSE,FALSE,suspicious_determinants,3,0.006072874493927126
686,voter,FALSE,FALSE,too_many_missing_determinants,26,0.05263157894736842
686,voter,TRUE,TRUE,usable_complete,272,0.5506072874493927
686,voter,TRUE,TRUE,usable_complete_limited_metadata,5,0.010121457489878543
686,voter,TRUE,TRUE,usable_partial,126,0.2550607287449393
687,abstention,FALSE,FALSE,no_determinants,26,0.05138339920948617
687,abstention,FALSE,FALSE,suspicious_determinants,4,0.007905138339920948
687,abstention,FALSE,FALSE,too_many_missing_determinants,4,0.007905138339920948
687,abstention,TRUE,TRUE,usable_complete,396,0.782608695652174
687,abstention,TRUE,TRUE,usable_complete_limited_metadata,16,0.03162055335968379
687,abstention,TRUE,TRUE,usable_partial,55,0.10869565217391304
687,abstention,TRUE,TRUE,usable_partial_limited_metadata,5,0.009881422924901186
687,voter,FALSE,FALSE,no_determinants,74,0.14979757085020243
687,voter,FALSE,FALSE,suspicious_determinants,5,0.010121457489878543
687,voter,FALSE,FALSE,too_many_missing_determinants,32,0.06477732793522267
687,voter,TRUE,TRUE,usable_complete,239,0.48380566801619435
687,voter,TRUE,TRUE,usable_complete_limited_metadata,9,0.018218623481781375
687,voter,TRUE,TRUE,usable_partial,135,0.2732793522267207
688,abstention,FALSE,FALSE,no_determinants,28,0.05533596837944664
688,abstention,FALSE,FALSE,suspicious_determinants,1,0.001976284584980237
688,abstention,FALSE,FALSE,too_many_missing_determinants,6,0.011857707509881422
688,abstention,TRUE,TRUE,usable_complete,408,0.8063241106719368
688,abstention,TRUE,TRUE,usable_complete_limited_metadata,16,0.03162055335968379
688,abstention,TRUE,TRUE,usable_partial,42,0.08300395256916997
688,abstention,TRUE,TRUE,usable_partial_limited_metadata,5,0.009881422924901186
688,voter,FALSE,FALSE,no_determinants,83,0.1680161943319838
688,voter,FALSE,FALSE,suspicious_determinants,2,0.004048582995951417
688,voter,FALSE,FALSE,too_many_missing_determinants,26,0.05263157894736842
688,voter,TRUE,TRUE,usable_complete,239,0.48380566801619435
688,voter,TRUE,TRUE,usable_complete_limited_metadata,12,0.024291497975708502
688,voter,TRUE,TRUE,usable_partial,132,0.26720647773279355
689,abstention,FALSE,FALSE,no_determinants,28,0.05533596837944664
689,abstention,FALSE,FALSE,suspicious_determinants,2,0.003952569169960474
689,abstention,FALSE,FALSE,too_many_missing_determinants,4,0.007905138339920948
689,abstention,TRUE,TRUE,usable_complete,400,0.7905138339920948
689,abstention,TRUE,TRUE,usable_complete_limited_metadata,21,0.041501976284584984
689,abstention,TRUE,TRUE,usable_partial,49,0.09683794466403162
689,abstention,TRUE,TRUE,usable_partial_limited_metadata,2,0.003952569169960474
689,voter,FALSE,FALSE,no_determinants,88,0.17813765182186234
689,voter,FALSE,FALSE,suspicious_determinants,7,0.01417004048582996
689,voter,FALSE,FALSE,too_many_missing_determinants,22,0.044534412955465584
689,voter,TRUE,TRUE,usable_complete,245,0.4959514170040486
689,voter,TRUE,TRUE,usable_complete_limited_metadata,9,0.018218623481781375
689,voter,TRUE,TRUE,usable_partial,123,0.24898785425101214
690,abstention,FALSE,FALSE,no_determinants,26,0.05138339920948617
690,abstention,FALSE,FALSE,suspicious_determinants,1,0.001976284584980237
690,abstention,FALSE,FALSE,too_many_missing_determinants,7,0.01383399209486166
690,abstention,TRUE,TRUE,usable_complete,404,0.7984189723320159
690,abstention,TRUE,TRUE,usable_complete_limited_metadata,21,0.041501976284584984
690,abstention,TRUE,TRUE,usable_partial,46,0.09090909090909091
690,abstention,TRUE,TRUE,usable_partial_limited_metadata,1,0.001976284584980237
690,voter,FALSE,FALSE,no_determinants,83,0.1680161943319838
690,voter,FALSE,FALSE,suspicious_determinants,3,0.006072874493927126
690,voter,FALSE,FALSE,too_many_missing_determinants,12,0.024291497975708502
690,voter,TRUE,TRUE,usable_complete,273,0.5526315789473685
690,voter,TRUE,TRUE,usable_complete_limited_metadata,7,0.01417004048582996
690,voter,TRUE,TRUE,usable_partial,113,0.22874493927125505
690,voter,TRUE,TRUE,usable_partial_limited_metadata,3,0.006072874493927126
691,abstention,FALSE,FALSE,no_determinants,33,0.06521739130434782
691,abstention,FALSE,FALSE,too_many_missing_determinants,8,0.015810276679841896
691,abstention,TRUE,TRUE,usable_complete,394,0.7786561264822134
691,abstention,TRUE,TRUE,usable_complete_limited_metadata,24,0.04743083003952569
691,abstention,TRUE,TRUE,usable_partial,44,0.08695652173913043
691,abstention,TRUE,TRUE,usable_partial_limited_metadata,3,0.005928853754940711
691,voter,FALSE,FALSE,no_determinants,59,0.1194331983805668
691,voter,FALSE,FALSE,suspicious_determinants,3,0.006072874493927126
691,voter,FALSE,FALSE,too_many_missing_determinants,36,0.0728744939271255
691,voter,TRUE,TRUE,usable_complete,242,0.4898785425101215
691,voter,TRUE,TRUE,usable_complete_limited_metadata,11,0.022267206477732792
691,voter,TRUE,TRUE,usable_partial,141,0.28542510121457487
691,voter,TRUE,TRUE,usable_partial_limited_metadata,2,0.004048582995951417
692,abstention,FALSE,FALSE,no_determinants,21,0.041501976284584984
692,abstention,FALSE,FALSE,suspicious_determinants,1,0.001976284584980237
692,abstention,FALSE,FALSE,too_many_missing_determinants,1,0.001976284584980237
692,abstention,TRUE,TRUE,usable_complete,410,0.8102766798418972
692,abstention,TRUE,TRUE,usable_complete_limited_metadata,23,0.045454545454545456
692,abstention,TRUE,TRUE,usable_partial,45,0.08893280632411067
692,abstention,TRUE,TRUE,usable_partial_limited_metadata,5,0.009881422924901186
692,voter,FALSE,FALSE,no_determinants,68,0.13765182186234817
692,voter,FALSE,FALSE,suspicious_determinants,2,0.004048582995951417
692,voter,FALSE,FALSE,too_many_missing_determinants,24,0.048582995951417005
692,voter,TRUE,TRUE,usable_complete,252,0.5101214574898786
692,voter,TRUE,TRUE,usable_complete_limited_metadata,9,0.018218623481781375
692,voter,TRUE,TRUE,usable_partial,138,0.2793522267206478
692,voter,TRUE,TRUE,usable_partial_limited_metadata,1,0.0020242914979757085
693,abstention,FALSE,FALSE,no_determinants,29,0.05731225296442688
693,abstention,FALSE,FALSE,suspicious_determinants,4,0.007905138339920948
693,abstention,FALSE,FALSE,too_many_missing_determinants,3,0.005928853754940711
693,abstention,TRUE,TRUE,usable_complete,406,0.8023715415019763
693,abstention,TRUE,TRUE,usable_complete_limited_metadata,15,0.029644268774703556
693,abstention,TRUE,TRUE,usable_partial,44,0.08695652173913043
693,abstention,TRUE,TRUE,usable_partial_limited_metadata,5,0.009881422924901186
693,voter,FALSE,FALSE,no_determinants,73,0.14777327935222673
693,voter,FALSE,FALSE,suspicious_determinants,4,0.008097165991902834
693,voter,FALSE,FALSE,too_many_missing_determinants,24,0.048582995951417005
693,voter,TRUE,TRUE,usable_complete,256,0.5182186234817814
693,voter,TRUE,TRUE,usable_complete_limited_metadata,12,0.024291497975708502
693,voter,TRUE,TRUE,usable_partial,124,0.25101214574898784
693,voter,TRUE,TRUE,usable_partial_limited_metadata,1,0.0020242914979757085
694,abstention,FALSE,FALSE,no_determinants,28,0.05533596837944664
694,abstention,FALSE,FALSE,suspicious_determinants,3,0.005928853754940711
694,abstention,FALSE,FALSE,too_many_missing_determinants,5,0.009881422924901186
694,abstention,TRUE,TRUE,usable_complete,398,0.7865612648221344
694,abstention,TRUE,TRUE,usable_complete_limited_metadata,24,0.04743083003952569
694,abstention,TRUE,TRUE,usable_partial,47,0.09288537549407115
694,abstention,TRUE,TRUE,usable_partial_limited_metadata,1,0.001976284584980237
694,voter,FALSE,FALSE,no_determinants,70,0.1417004048582996
694,voter,FALSE,FALSE,suspicious_determinants,2,0.004048582995951417
694,voter,FALSE,FALSE,too_many_missing_determinants,29,0.058704453441295545
694,voter,TRUE,TRUE,usable_complete,271,0.548582995951417
694,voter,TRUE,TRUE,usable_complete_limited_metadata,9,0.018218623481781375
694,voter,TRUE,TRUE,usable_partial,112,0.22672064777327935
694,voter,TRUE,TRUE,usable_partial_limited_metadata,1,0.0020242914979757085
695,abstention,FALSE,FALSE,no_determinants,36,0.07114624505928854
695,abstention,FALSE,FALSE,suspicious_determinants,2,0.003952569169960474
695,abstention,FALSE,FALSE,too_many_missing_determinants,6,0.011857707509881422
695,abstention,TRUE,TRUE,usable_complete,397,0.7845849802371542
695,abstention,TRUE,TRUE,usable_complete_limited_metadata,17,0.03359683794466403
695,abstention,TRUE,TRUE,usable_partial,46,0.09090909090909091
695,abstention,TRUE,TRUE,usable_partial_limited_metadata,2,0.003952569169960474
695,voter,FALSE,FALSE,no_determinants,61,0.12348178137651822
695,voter,FALSE,FALSE,suspicious_determinants,3,0.006072874493927126
695,voter,FALSE,FALSE,too_many_missing_determinants,28,0.05668016194331984
695,voter,TRUE,TRUE,usable_complete,262,0.5303643724696356
695,voter,TRUE,TRUE,usable_complete_limited_metadata,5,0.010121457489878543
695,voter,TRUE,TRUE,usable_partial,132,0.26720647773279355
695,voter,TRUE,TRUE,usable_partial_limited_metadata,3,0.006072874493927126
696,abstention,FALSE,FALSE,no_determinants,28,0.05533596837944664
696,abstention,FALSE,FALSE,too_many_missing_determinants,6,0.011857707509881422
696,abstention,TRUE,TRUE,usable_complete,409,0.808300395256917
696,abstention,TRUE,TRUE,usable_complete_limited_metadata,18,0.03557312252964427
696,abstention,TRUE,TRUE,usable_partial,45,0.08893280632411067
696,voter,FALSE,FALSE,no_determinants,81,0.16396761133603238
696,voter,FALSE,FALSE,suspicious_determinants,4,0.008097165991902834
696,voter,FALSE,FALSE,too_many_missing_determinants,28,0.05668016194331984
696,voter,TRUE,TRUE,usable_complete,254,0.5141700404858299
696,voter,TRUE,TRUE,usable_complete_limited_metadata,5,0.010121457489878543
696,voter,TRUE,TRUE,usable_partial,121,0.24493927125506074
696,voter,TRUE,TRUE,usable_partial_limited_metadata,1,0.0020242914979757085
697,abstention,FALSE,FALSE,no_determinants,25,0.04940711462450593
697,abstention,FALSE,FALSE,suspicious_determinants,2,0.003952569169960474
697,abstention,FALSE,FALSE,too_many_missing_determinants,4,0.007905138339920948
697,abstention,TRUE,TRUE,usable_complete,403,0.7964426877470355
697,abstention,TRUE,TRUE,usable_complete_limited_metadata,24,0.04743083003952569
697,abstention,TRUE,TRUE,usable_partial,45,0.08893280632411067
697,abstention,TRUE,TRUE,usable_partial_limited_metadata,3,0.005928853754940711
697,voter,FALSE,FALSE,no_determinants,65,0.13157894736842105
697,voter,FALSE,FALSE,suspicious_determinants,4,0.008097165991902834
697,voter,FALSE,FALSE,too_many_missing_determinants,37,0.07489878542510121
697,voter,TRUE,TRUE,usable_complete,260,0.5263157894736842
697,voter,TRUE,TRUE,usable_complete_limited_metadata,4,0.008097165991902834
697,voter,TRUE,TRUE,usable_partial,124,0.25101214574898784
698,abstention,FALSE,FALSE,no_determinants,27,0.0533596837944664
698,abstention,FALSE,FALSE,too_many_missing_determinants,4,0.007905138339920948
698,abstention,TRUE,TRUE,usable_complete,407,0.8043478260869565
698,abstention,TRUE,TRUE,usable_complete_limited_metadata,19,0.037549407114624504
698,abstention,TRUE,TRUE,usable_partial,42,0.08300395256916997
698,abstention,TRUE,TRUE,usable_partial_limited_metadata,7,0.01383399209486166
698,voter,FALSE,FALSE,no_determinants,68,0.13765182186234817
698,voter,FALSE,FALSE,suspicious_determinants,9,0.018218623481781375
698,voter,FALSE,FALSE,too_many_missing_determinants,31,0.06275303643724696
698,voter,TRUE,TRUE,usable_complete,227,0.45951417004048584
698,voter,TRUE,TRUE,usable_complete_limited_metadata,10,0.020242914979757085
698,voter,TRUE,TRUE,usable_partial,149,0.3016194331983806
699,abstention,FALSE,FALSE,no_determinants,28,0.05533596837944664
699,abstention,FALSE,FALSE,suspicious_determinants,1,0.001976284584980237
699,abstention,FALSE,FALSE,too_many_missing_determinants,6,0.011857707509881422
699,abstention,TRUE,TRUE,usable_complete,391,0.7727272727272727
699,abstention,TRUE,TRUE,usable_complete_limited_metadata,26,0.05138339920948617
699,abstention,TRUE,TRUE,usable_partial,52,0.10276679841897234
699,abstention,TRUE,TRUE,usable_partial_limited_metadata,2,0.003952569169960474
699,voter,FALSE,FALSE,no_determinants,76,0.15384615384615385
699,voter,FALSE,FALSE,suspicious_determinants,3,0.006072874493927126
699,voter,FALSE,FALSE,too_many_missing_determinants,29,0.058704453441295545
699,voter,TRUE,TRUE,usable_complete,264,0.5344129554655871
699,voter,TRUE,TRUE,usable_complete_limited_metadata,9,0.018218623481781375
699,voter,TRUE,TRUE,usable_partial,112,0.22672064777327935
699,voter,TRUE,TRUE,usable_partial_limited_metadata,1,0.0020242914979757085
700,abstention,FALSE,FALSE,no_determinants,30,0.05928853754940711
700,abstention,FALSE,FALSE,suspicious_determinants,1,0.001976284584980237
700,abstention,FALSE,FALSE,too_many_missing_determinants,1,0.001976284584980237
700,abstention,TRUE,TRUE,usable_complete,407,0.8043478260869565
700,abstention,TRUE,TRUE,usable_complete_limited_metadata,17,0.03359683794466403
700,abstention,TRUE,TRUE,usable_partial,48,0.09486166007905138
700,abstention,TRUE,TRUE,usable_partial_limited_metadata,2,0.003952569169960474
700,voter,FALSE,FALSE,no_determinants,80,0.16194331983805668
700,voter,FALSE,FALSE,suspicious_determinants,3,0.006072874493927126
700,voter,FALSE,FALSE,too_many_missing_determinants,28,0.05668016194331984
700,voter,TRUE,TRUE,usable_complete,244,0.4939271255060729
700,voter,TRUE,TRUE,usable_complete_limited_metadata,6,0.012145748987854251
700,voter,TRUE,TRUE,usable_partial,133,0.2692307692307692
701,abstention,FALSE,FALSE,no_determinants,30,0.05928853754940711
701,abstention,FALSE,FALSE,suspicious_determinants,2,0.003952569169960474
701,abstention,FALSE,FALSE,too_many_missing_determinants,8,0.015810276679841896
701,abstention,TRUE,TRUE,usable_complete,389,0.7687747035573123
701,abstention,TRUE,TRUE,usable_complete_limited_metadata,16,0.03162055335968379
701,abstention,TRUE,TRUE,usable_partial,55,0.10869565217391304
701,abstention,TRUE,TRUE,usable_partial_limited_metadata,6,0.011857707509881422
701,voter,FALSE,FALSE,no_determinants,78,0.15789473684210525
701,voter,FALSE,FALSE,suspicious_determinants,2,0.004048582995951417
701,voter,FALSE,FALSE,too_many_missing_determinants,31,0.06275303643724696
701,voter,TRUE,TRUE,usable_complete,247,0.5
701,voter,TRUE,TRUE,usable_complete_limited_metadata,7,0.01417004048582996
701,voter,TRUE,TRUE,usable_partial,128,0.2591093117408907
701,voter,TRUE,TRUE,usable_partial_limited_metadata,1,0.0020242914979757085
702,abstention,FALSE,FALSE,no_determinants,21,0.041501976284584984
702,abstention,FALSE,FALSE,suspicious_determinants,2,0.003952569169960474
702,abstention,FALSE,FALSE,too_many_missing_determinants,4,0.007905138339920948
702,abstention,TRUE,TRUE,usable_complete,414,0.8181818181818182
702,abstention,TRUE,TRUE,usable_complete_limited_metadata,16,0.03162055335968379
702,abstention,TRUE,TRUE,usable_partial,46,0.09090909090909091
702,abstention,TRUE,TRUE,usable_partial_limited_metadata,3,0.005928853754940711
702,voter,FALSE,FALSE,no_determinants,86,0.17408906882591094
702,voter,FALSE,FALSE,too_many_missing_determinants,27,0.05465587044534413
702,voter,TRUE,TRUE,usable_complete,249,0.5040485829959515
702,voter,TRUE,TRUE,usable_complete_limited_metadata,7,0.01417004048582996
702,voter,TRUE,TRUE,usable_partial,125,0.25303643724696356
703,abstention,FALSE,FALSE,no_determinants,36,0.07114624505928854
703,abstention,FALSE,FALSE,suspicious_determinants,1,0.001976284584980237
703,abstention,FALSE,FALSE,too_many_missing_determinants,4,0.007905138339920948
703,abstention,TRUE,TRUE,usable_complete,393,0.7766798418972332
703,abstention,TRUE,TRUE,usable_complete_limited_metadata,23,0.045454545454545456
703,abstention,TRUE,TRUE,usable_partial,47,0.09288537549407115
703,abstention,TRUE,TRUE,usable_partial_limited_metadata,2,0.003952569169960474
703,voter,FALSE,FALSE,no_determinants,67,0.13562753036437247
703,voter,FALSE,FALSE,suspicious_determinants,5,0.010121457489878543
703,voter,FALSE,FALSE,too_many_missing_determinants,25,0.05060728744939271
703,voter,TRUE,TRUE,usable_complete,265,0.5364372469635628
703,voter,TRUE,TRUE,usable_complete_limited_metadata,3,0.006072874493927126
703,voter,TRUE,TRUE,usable_partial,129,0.2611336032388664
704,abstention,FALSE,FALSE,no_determinants,25,0.04940711462450593
704,abstention,FALSE,FALSE,suspicious_determinants,1,0.001976284584980237
704,abstention,FALSE,FALSE,too_many_missing_determinants,2,0.003952569169960474
704,abstention,TRUE,TRUE,usable_complete,402,0.7944664031620553
704,abstention,TRUE,TRUE,usable_complete_limited_metadata,18,0.03557312252964427
704,abstention,TRUE,TRUE,usable_partial,55,0.10869565217391304
704,abstention,TRUE,TRUE,usable_partial_limited_metadata,3,0.005928853754940711
704,voter,FALSE,FALSE,no_determinants,67,0.13562753036437247
704,voter,FALSE,FALSE,suspicious_determinants,3,0.006072874493927126
704,voter,FALSE,FALSE,too_many_missing_determinants,26,0.05263157894736842
704,voter,TRUE,TRUE,usable_complete,271,0.548582995951417
704,voter,TRUE,TRUE,usable_complete_limited_metadata,8,0.016194331983805668
704,voter,TRUE,TRUE,usable_partial,119,0.2408906882591093
705,abstention,FALSE,FALSE,no_determinants,18,0.03557312252964427
705,abstention,FALSE,FALSE,suspicious_determinants,1,0.001976284584980237
705,abstention,FALSE,FALSE,too_many_missing_determinants,7,0.01383399209486166
705,abstention,TRUE,TRUE,usable_complete,408,0.8063241106719368
705,abstention,TRUE,TRUE,usable_complete_limited_metadata,23,0.045454545454545456
705,abstention,TRUE,TRUE,usable_partial,48,0.09486166007905138
705,abstention,TRUE,TRUE,usable_partial_limited_metadata,1,0.001976284584980237
705,voter,FALSE,FALSE,no_determinants,79,0.15991902834008098
705,voter,FALSE,FALSE,suspicious_determinants,6,0.012145748987854251
705,voter,FALSE,FALSE,too_many_missing_determinants,31,0.06275303643724696
705,voter,TRUE,TRUE,usable_complete,236,0.4777327935222672
705,voter,TRUE,TRUE,usable_complete_limited_metadata,5,0.010121457489878543
705,voter,TRUE,TRUE,usable_partial,134,0.27125506072874495
705,voter,TRUE,TRUE,usable_partial_limited_metadata,3,0.006072874493927126
706,abstention,FALSE,FALSE,no_determinants,34,0.06719367588932806
706,abstention,FALSE,FALSE,suspicious_determinants,3,0.005928853754940711
706,abstention,FALSE,FALSE,too_many_missing_determinants,5,0.009881422924901186
706,abstention,TRUE,TRUE,usable_complete,386,0.7628458498023716
706,abstention,TRUE,TRUE,usable_complete_limited_metadata,18,0.03557312252964427
706,abstention,TRUE,TRUE,usable_partial,57,0.11264822134387352
706,abstention,TRUE,TRUE,usable_partial_limited_metadata,3,0.005928853754940711
706,voter,FALSE,FALSE,no_determinants,79,0.15991902834008098
706,voter,FALSE,FALSE,suspicious_determinants,1,0.0020242914979757085
706,voter,FALSE,FALSE,too_many_missing_determinants,29,0.058704453441295545
706,voter,TRUE,TRUE,usable_complete,242,0.4898785425101215
706,voter,TRUE,TRUE,usable_complete_limited_metadata,9,0.018218623481781375
706,voter,TRUE,TRUE,usable_partial,134,0.27125506072874495
707,abstention,FALSE,FALSE,no_determinants,36,0.07114624505928854
707,abstention,FALSE,FALSE,too_many_missing_determinants,8,0.015810276679841896
707,abstention,TRUE,TRUE,usable_complete,399,0.7885375494071146
707,abstention,TRUE,TRUE,usable_complete_limited_metadata,12,0.023715415019762844
707,abstention,TRUE,TRUE,usable_partial,49,0.09683794466403162
707,abstention,TRUE,TRUE,usable_partial_limited_metadata,2,0.003952569169960474
707,voter,FALSE,FALSE,no_determinants,76,0.15384615384615385
707,voter,FALSE,FALSE,suspicious_determinants,2,0.004048582995951417
707,voter,FALSE,FALSE,too_many_missing_determinants,26,0.05263157894736842
707,voter,TRUE,TRUE,usable_complete,248,0.5020242914979757
707,voter,TRUE,TRUE,usable_complete_limited_metadata,3,0.006072874493927126
707,voter,TRUE,TRUE,usable_partial,139,0.2813765182186235
708,abstention,FALSE,FALSE,no_determinants,36,0.07114624505928854
708,abstention,FALSE,FALSE,suspicious_determinants,1,0.001976284584980237
708,abstention,FALSE,FALSE,too_many_missing_determinants,8,0.015810276679841896
708,abstention,TRUE,TRUE,usable_complete,402,0.7944664031620553
708,abstention,TRUE,TRUE,usable_complete_limited_metadata,18,0.03557312252964427
708,abstention,TRUE,TRUE,usable_partial,40,0.07905138339920949
708,abstention,TRUE,TRUE,usable_partial_limited_metadata,1,0.001976284584980237
708,voter,FALSE,FALSE,no_determinants,84,0.1700404858299595
708,voter,FALSE,FALSE,suspicious_determinants,2,0.004048582995951417
708,voter,FALSE,FALSE,too_many_missing_determinants,25,0.05060728744939271
708,voter,TRUE,TRUE,usable_complete,258,0.5222672064777328
708,voter,TRUE,TRUE,usable_complete_limited_metadata,7,0.01417004048582996
708,voter,TRUE,TRUE,usable_partial,118,0.2388663967611336
709,abstention,FALSE,FALSE,no_determinants,31,0.06126482213438735
709,abstention,FALSE,FALSE,suspicious_determinants,1,0.001976284584980237
709,abstention,FALSE,FALSE,too_many_missing_determinants,4,0.007905138339920948
709,abstention,TRUE,TRUE,usable_complete,405,0.8003952569169961
709,abstention,TRUE,TRUE,usable_complete_limited_metadata,19,0.037549407114624504
709,abstention,TRUE,TRUE,usable_partial,46,0.09090909090909091
709,voter,FALSE,FALSE,no_determinants,71,0.1437246963562753
709,voter,FALSE,FALSE,suspicious_determinants,4,0.008097165991902834
709,voter,FALSE,FALSE,too_many_missing_determinants,27,0.05465587044534413
709,voter,TRUE,TRUE,usable_complete,240,0.48582995951417
709,voter,TRUE,TRUE,usable_complete_limited_metadata,7,0.01417004048582996
709,voter,TRUE,TRUE,usable_partial,145,0.2935222672064777
710,abstention,FALSE,FALSE,no_determinants,27,0.0533596837944664
710,abstention,FALSE,FALSE,too_many_missing_determinants,5,0.009881422924901186
710,abstention,TRUE,TRUE,usable_complete,406,0.8023715415019763
710,abstention,TRUE,TRUE,usable_complete_limited_metadata,18,0.03557312252964427
710,abstention,TRUE,TRUE,usable_partial,47,0.09288537549407115
710,abstention,TRUE,TRUE,usable_partial_limited_metadata,3,0.005928853754940711
710,voter,FALSE,FALSE,no_determinants,83,0.1680161943319838
710,voter,FALSE,FALSE,suspicious_determinants,6,0.012145748987854251
710,voter,FALSE,FALSE,too_many_missing_determinants,31,0.06275303643724696
710,voter,TRUE,TRUE,usable_complete,231,0.4676113360323887
710,voter,TRUE,TRUE,usable_complete_limited_metadata,3,0.006072874493927126
710,voter,TRUE,TRUE,usable_partial,138,0.2793522267206478
710,voter,TRUE,TRUE,usable_partial_limited_metadata,2,0.004048582995951417
711,abstention,FALSE,FALSE,no_determinants,36,0.07114624505928854
711,abstention,FALSE,FALSE,suspicious_determinants,1,0.001976284584980237
711,abstention,FALSE,FALSE,too_many_missing_determinants,6,0.011857707509881422
711,abstention,TRUE,TRUE,usable_complete,398,0.7865612648221344
711,abstention,TRUE,TRUE,usable_complete_limited_metadata,17,0.03359683794466403
711,abstention,TRUE,TRUE,usable_partial,45,0.08893280632411067
711,abstention,TRUE,TRUE,usable_partial_limited_metadata,3,0.005928853754940711
711,voter,FALSE,FALSE,no_determinants,72,0.145748987854251
711,voter,FALSE,FALSE,suspicious_determinants,1,0.0020242914979757085
711,voter,FALSE,FALSE,too_many_missing_determinants,26,0.05263157894736842
711,voter,TRUE,TRUE,usable_complete,257,0.520242914979757
711,voter,TRUE,TRUE,usable_complete_limited_metadata,11,0.022267206477732792
711,voter,TRUE,TRUE,usable_partial,124,0.25101214574898784
711,voter,TRUE,TRUE,usable_partial_limited_metadata,3,0.006072874493927126
712,abstention,FALSE,FALSE,no_determinants,23,0.045454545454545456
712,abstention,FALSE,FALSE,suspicious_determinants,1,0.001976284584980237
712,abstention,FALSE,FALSE,too_many_missing_determinants,5,0.009881422924901186
712,abstention,TRUE,TRUE,usable_complete,405,0.8003952569169961
712,abstention,TRUE,TRUE,usable_complete_limited_metadata,18,0.03557312252964427
712,abstention,TRUE,TRUE,usable_partial,50,0.09881422924901186
712,abstention,TRUE,TRUE,usable_partial_limited_metadata,4,0.007905138339920948
712,voter,FALSE,FALSE,no_determinants,75,0.15182186234817813
712,voter,FALSE,FALSE,suspicious_determinants,3,0.006072874493927126
712,voter,FALSE,FALSE,too_many_missing_determinants,36,0.0728744939271255
712,voter,TRUE,TRUE,usable_complete,241,0.48785425101214575
712,voter,TRUE,TRUE,usable_complete_limited_metadata,4,0.008097165991902834
712,voter,TRUE,TRUE,usable_partial,133,0.2692307692307692
712,voter,TRUE,TRUE,usable_partial_limited_metadata,2,0.004048582995951417
713,abstention,FALSE,FALSE,no_determinants,31,0.06126482213438735
713,abstention,FALSE,FALSE,too_many_missing_determinants,4,0.007905138339920948
713,abstention,TRUE,TRUE,usable_complete,386,0.7628458498023716
713,abstention,TRUE,TRUE,usable_complete_limited_metadata,14,0.02766798418972332
713,abstention,TRUE,TRUE,usable_partial,68,0.13438735177865613
713,abstention,TRUE,TRUE,usable_partial_limited_metadata,3,0.005928853754940711
713,voter,FALSE,FALSE,no_determinants,81,0.16396761133603238
713,voter,FALSE,FALSE,suspicious_determinants,1,0.0020242914979757085
713,voter,FALSE,FALSE,too_many_missing_determinants,23,0.0465587044534413
713,voter,TRUE,TRUE,usable_complete,255,0.5161943319838057
713,voter,TRUE,TRUE,usable_complete_limited_metadata,7,0.01417004048582996
713,voter,TRUE,TRUE,usable_partial,126,0.2550607287449393
713,voter,TRUE,TRUE,usable_partial_limited_metadata,1,0.0020242914979757085
714,abstention,FALSE,FALSE,no_determinants,28,0.05533596837944664
714,abstention,FALSE,FALSE,too_many_missing_determinants,6,0.011857707509881422
714,abstention,TRUE,TRUE,usable_complete,408,0.8063241106719368
714,abstention,TRUE,TRUE,usable_complete_limited_metadata,14,0.02766798418972332
714,abstention,TRUE,TRUE,usable_partial,45,0.08893280632411067
714,abstention,TRUE,TRUE,usable_partial_limited_metadata,5,0.009881422924901186
714,voter,FALSE,FALSE,no_determinants,70,0.1417004048582996
714,voter,FALSE,FALSE,suspicious_determinants,3,0.006072874493927126
714,voter,FALSE,FALSE,too_many_missing_determinants,22,0.044534412955465584
714,voter,TRUE,TRUE,usable_complete,258,0.5222672064777328
714,voter,TRUE,TRUE,usable_complete_limited_metadata,6,0.012145748987854251
714,voter,TRUE,TRUE,usable_partial,134,0.27125506072874495
714,voter,TRUE,TRUE,usable_partial_limited_metadata,1,0.0020242914979757085
715,abstention,FALSE,FALSE,no_determinants,31,0.06126482213438735
715,abstention,FALSE,FALSE,too_many_missing_determinants,7,0.01383399209486166
715,abstention,TRUE,TRUE,usable_complete,400,0.7905138339920948
715,abstention,TRUE,TRUE,usable_complete_limited_metadata,16,0.03162055335968379
715,abstention,TRUE,TRUE,usable_partial,51,0.1007905138339921
715,abstention,TRUE,TRUE,usable_partial_limited_metadata,1,0.001976284584980237
715,voter,FALSE,FALSE,no_determinants,85,0.1720647773279352
715,voter,FALSE,FALSE,suspicious_determinants,3,0.006072874493927126
715,voter,FALSE,FALSE,too_many_missing_determinants,25,0.05060728744939271
715,voter,TRUE,TRUE,usable_complete,250,0.5060728744939271
715,voter,TRUE,TRUE,usable_complete_limited_metadata,7,0.01417004048582996
715,voter,TRUE,TRUE,usable_partial,124,0.25101214574898784
716,abstention,FALSE,FALSE,no_determinants,36,0.07114624505928854
716,abstention,FALSE,FALSE,suspicious_determinants,2,0.003952569169960474
716,abstention,FALSE,FALSE,too_many_missing_determinants,3,0.005928853754940711
716,abstention,TRUE,TRUE,usable_complete,387,0.7648221343873518
716,abstention,TRUE,TRUE,usable_complete_limited_metadata,22,0.043478260869565216
716,abstention,TRUE,TRUE,usable_partial,52,0.10276679841897234
716,abstention,TRUE,TRUE,usable_partial_limited_metadata,4,0.007905138339920948
716,voter,FALSE,FALSE,no_determinants,81,0.16396761133603238
716,voter,FALSE,FALSE,suspicious_determinants,1,0.0020242914979757085
716,voter,FALSE,FALSE,too_many_missing_determinants,25,0.05060728744939271
716,voter,TRUE,TRUE,usable_complete,257,0.520242914979757
716,voter,TRUE,TRUE,usable_complete_limited_metadata,8,0.016194331983805668
716,voter,TRUE,TRUE,usable_partial,122,0.24696356275303644
717,abstention,FALSE,FALSE,no_determinants,31,0.06126482213438735
717,abstention,FALSE,FALSE,too_many_missing_determinants,3,0.005928853754940711
717,abstention,TRUE,TRUE,usable_complete,407,0.8043478260869565
717,abstention,TRUE,TRUE,usable_complete_limited_metadata,20,0.039525691699604744
717,abstention,TRUE,TRUE,usable_partial,44,0.08695652173913043
717,abstention,TRUE,TRUE,usable_partial_limited_metadata,1,0.001976284584980237
717,voter,FALSE,FALSE,no_determinants,86,0.17408906882591094
717,voter,FALSE,FALSE,suspicious_determinants,5,0.010121457489878543
717,voter,FALSE,FALSE,too_many_missing_determinants,29,0.058704453441295545
717,voter,TRUE,TRUE,usable_complete,253,0.5121457489878543
717,voter,TRUE,TRUE,usable_complete_limited_metadata,10,0.020242914979757085
717,voter,TRUE,TRUE,usable_partial,110,0.22267206477732793
717,voter,TRUE,TRUE,usable_partial_limited_metadata,1,0.0020242914979757085
718,abstention,FALSE,FALSE,no_determinants,33,0.06521739130434782
718,abstention,FALSE,FALSE,too_many_missing_determinants,6,0.011857707509881422
718,abstention,TRUE,TRUE,usable_complete,398,0.7865612648221344
718,abstention,TRUE,TRUE,usable_complete_limited_metadata,14,0.02766798418972332
718,abstention,TRUE,TRUE,usable_partial,51,0.1007905138339921
718,abstention,TRUE,TRUE,usable_partial_limited_metadata,4,0.007905138339920948
718,voter,FALSE,FALSE,no_determinants,72,0.145748987854251
718,voter,FALSE,FALSE,suspicious_determinants,2,0.004048582995951417
718,voter,FALSE,FALSE,too_many_missing_determinants,23,0.0465587044534413
718,voter,TRUE,TRUE,usable_complete,269,0.5445344129554656
718,voter,TRUE,TRUE,usable_complete_limited_metadata,6,0.012145748987854251
718,voter,TRUE,TRUE,usable_partial,122,0.24696356275303644
719,abstention,FALSE,FALSE,no_determinants,23,0.045454545454545456
719,abstention,FALSE,FALSE,suspicious_determinants,2,0.003952569169960474
719,abstention,FALSE,FALSE,too_many_missing_determinants,2,0.003952569169960474
719,abstention,TRUE,TRUE,usable_complete,409,0.808300395256917
719,abstention,TRUE,TRUE,usable_complete_limited_metadata,24,0.04743083003952569
719,abstention,TRUE,TRUE,usable_partial,44,0.08695652173913043
719,abstention,TRUE,TRUE,usable_partial_limited_metadata,2,0.003952569169960474
719,voter,FALSE,FALSE,no_determinants,84,0.1700404858299595
719,voter,FALSE,FALSE,suspicious_determinants,3,0.006072874493927126
719,voter,FALSE,FALSE,too_many_missing_determinants,28,0.05668016194331984
719,voter,TRUE,TRUE,usable_complete,257,0.520242914979757
719,voter,TRUE,TRUE,usable_complete_limited_metadata,9,0.018218623481781375
719,voter,TRUE,TRUE,usable_partial,113,0.22874493927125505
720,abstention,FALSE,FALSE,no_determinants,26,0.05138339920948617
720,abstention,FALSE,FALSE,suspicious_determinants,2,0.003952569169960474
720,abstention,FALSE,FALSE,too_many_missing_determinants,6,0.011857707509881422
720,abstention,TRUE,TRUE,usable_complete,406,0.8023715415019763
720,abstention,TRUE,TRUE,usable_complete_limited_metadata,20,0.039525691699604744
720,abstention,TRUE,TRUE,usable_partial,45,0.08893280632411067
720,abstention,TRUE,TRUE,usable_partial_limited_metadata,1,0.001976284584980237
720,voter,FALSE,FALSE,no_determinants,68,0.13765182186234817
720,voter,FALSE,FALSE,suspicious_determinants,3,0.006072874493927126
720,voter,FALSE,FALSE,too_many_missing_determinants,25,0.05060728744939271
720,voter,TRUE,TRUE,usable_complete,259,0.5242914979757085
720,voter,TRUE,TRUE,usable_complete_limited_metadata,8,0.016194331983805668
720,voter,TRUE,TRUE,usable_partial,130,0.2631578947368421
720,voter,TRUE,TRUE,usable_partial_limited_metadata,1,0.0020242914979757085
721,abstention,FALSE,FALSE,no_determinants,30,0.05928853754940711
721,abstention,FALSE,FALSE,too_many_missing_determinants,7,0.01383399209486166
721,abstention,TRUE,TRUE,usable_complete,392,0.7747035573122529
721,abstention,TRUE,TRUE,usable_complete_limited_metadata,21,0.041501976284584984
721,abstention,TRUE,TRUE,usable_partial,50,0.09881422924901186
721,abstention,TRUE,TRUE,usable_partial_limited_metadata,6,0.011857707509881422
721,voter,FALSE,FALSE,no_determinants,61,0.12348178137651822
721,voter,FALSE,FALSE,suspicious_determinants,3,0.006072874493927126
721,voter,FALSE,FALSE,too_many_missing_determinants,28,0.05668016194331984
721,voter,TRUE,TRUE,usable_complete,269,0.5445344129554656
721,voter,TRUE,TRUE,usable_complete_limited_metadata,6,0.012145748987854251
721,voter,TRUE,TRUE,usable_partial,127,0.25708502024291496
722,abstention,FALSE,FALSE,no_determinants,15,0.029644268774703556
722,abstention,FALSE,FALSE,suspicious_determinants,2,0.003952569169960474
722,abstention,FALSE,FALSE,too_many_missing_determinants,7,0.01383399209486166
722,abstention,TRUE,TRUE,usable_complete,420,0.8300395256916996
722,abstention,TRUE,TRUE,usable_complete_limited_metadata,14,0.02766798418972332
722,abstention,TRUE,TRUE,usable_partial,45,0.08893280632411067
722,abstention,TRUE,TRUE,usable_partial_limited_metadata,3,0.005928853754940711
722,voter,FALSE,FALSE,no_determinants,78,0.15789473684210525
722,voter,FALSE,FALSE,suspicious_determinants,2,0.004048582995951417
722,voter,FALSE,FALSE,too_many_missing_determinants,21,0.04251012145748988
722,voter,TRUE,TRUE,usable_complete,238,0.4817813765182186
722,voter,TRUE,TRUE,usable_complete_limited_metadata,14,0.02834008097165992
722,voter,TRUE,TRUE,usable_partial,140,0.2834008097165992
722,voter,TRUE,TRUE,usable_partial_limited_metadata,1,0.0020242914979757085
723,abstention,FALSE,FALSE,no_determinants,28,0.05533596837944664
723,abstention,FALSE,FALSE,too_many_missing_determinants,4,0.007905138339920948
723,abstention,TRUE,TRUE,usable_complete,391,0.7727272727272727
723,abstention,TRUE,TRUE,usable_complete_limited_metadata,26,0.05138339920948617
723,abstention,TRUE,TRUE,usable_partial,56,0.11067193675889328
723,abstention,TRUE,TRUE,usable_partial_limited_metadata,1,0.001976284584980237
723,voter,FALSE,FALSE,no_determinants,90,0.18218623481781376
723,voter,FALSE,FALSE,suspicious_determinants,3,0.006072874493927126
723,voter,FALSE,FALSE,too_many_missing_determinants,33,0.06680161943319839
723,voter,TRUE,TRUE,usable_complete,240,0.48582995951417
723,voter,TRUE,TRUE,usable_complete_limited_metadata,6,0.012145748987854251
723,voter,TRUE,TRUE,usable_partial,121,0.24493927125506074
723,voter,TRUE,TRUE,usable_partial_limited_metadata,1,0.0020242914979757085
724,abstention,FALSE,FALSE,no_determinants,24,0.04743083003952569
724,abstention,FALSE,FALSE,suspicious_determinants,1,0.001976284584980237
724,abstention,FALSE,FALSE,too_many_missing_determinants,9,0.017786561264822136
724,abstention,TRUE,TRUE,usable_complete,393,0.7766798418972332
724,abstention,TRUE,TRUE,usable_complete_limited_metadata,19,0.037549407114624504
724,abstention,TRUE,TRUE,usable_partial,54,0.1067193675889328
724,abstention,TRUE,TRUE,usable_partial_limited_metadata,6,0.011857707509881422
724,voter,FALSE,FALSE,no_determinants,92,0.1862348178137652
724,voter,FALSE,FALSE,suspicious_determinants,3,0.006072874493927126
724,voter,FALSE,FALSE,too_many_missing_determinants,31,0.06275303643724696
724,voter,TRUE,TRUE,usable_complete,228,0.46153846153846156
724,voter,TRUE,TRUE,usable_complete_limited_metadata,8,0.016194331983805668
724,voter,TRUE,TRUE,usable_partial,130,0.2631578947368421
724,voter,TRUE,TRUE,usable_partial_limited_metadata,2,0.004048582995951417
725,abstention,FALSE,FALSE,no_determinants,33,0.06521739130434782
725,abstention,FALSE,FALSE,suspicious_determinants,2,0.003952569169960474
725,abstention,FALSE,FALSE,too_many_missing_determinants,3,0.005928853754940711
725,abstention,TRUE,TRUE,usable_complete,392,0.7747035573122529
725,abstention,TRUE,TRUE,usable_complete_limited_metadata,16,0.03162055335968379
725,abstention,TRUE,TRUE,usable_partial,54,0.1067193675889328
725,abstention,TRUE,TRUE,usable_partial_limited_metadata,6,0.011857707509881422
725,voter,FALSE,FALSE,no_determinants,82,0.1659919028340081
725,voter,FALSE,FALSE,suspicious_determinants,2,0.004048582995951417
725,voter,FALSE,FALSE,too_many_missing_determinants,23,0.0465587044534413
725,voter,TRUE,TRUE,usable_complete,254,0.5141700404858299
725,voter,TRUE,TRUE,usable_complete_limited_metadata,15,0.030364372469635626
725,voter,TRUE,TRUE,usable_partial,118,0.2388663967611336
726,abstention,FALSE,FALSE,no_determinants,27,0.0533596837944664
726,abstention,FALSE,FALSE,too_many_missing_determinants,6,0.011857707509881422
726,abstention,TRUE,TRUE,usable_complete,379,0.7490118577075099
726,abstention,TRUE,TRUE,usable_complete_limited_metadata,27,0.0533596837944664
726,abstention,TRUE,TRUE,usable_partial,63,0.12450592885375494
726,abstention,TRUE,TRUE,usable_partial_limited_metadata,4,0.007905138339920948
726,voter,FALSE,FALSE,no_determinants,78,0.15789473684210525
726,voter,FALSE,FALSE,suspicious_determinants,1,0.0020242914979757085
726,voter,FALSE,FALSE,too_many_missing_determinants,32,0.06477732793522267
726,voter,TRUE,TRUE,usable_complete,255,0.5161943319838057
726,voter,TRUE,TRUE,usable_complete_limited_metadata,9,0.018218623481781375
726,voter,TRUE,TRUE,usable_partial,118,0.2388663967611336
726,voter,TRUE,TRUE,usable_partial_limited_metadata,1,0.0020242914979757085
727,abstention,FALSE,FALSE,no_determinants,39,0.07707509881422925
727,abstention,FALSE,FALSE,too_many_missing_determinants,5,0.009881422924901186
727,abstention,TRUE,TRUE,usable_complete,391,0.7727272727272727
727,abstention,TRUE,TRUE,usable_complete_limited_metadata,19,0.037549407114624504
727,abstention,TRUE,TRUE,usable_partial,48,0.09486166007905138
727,abstention,TRUE,TRUE,usable_partial_limited_metadata,4,0.007905138339920948
727,voter,FALSE,FALSE,no_determinants,63,0.12753036437246965
727,voter,FALSE,FALSE,suspicious_determinants,5,0.010121457489878543
727,voter,FALSE,FALSE,too_many_missing_determinants,26,0.05263157894736842
727,voter,TRUE,TRUE,usable_complete,252,0.5101214574898786
727,voter,TRUE,TRUE,usable_complete_limited_metadata,10,0.020242914979757085
727,voter,TRUE,TRUE,usable_partial,138,0.2793522267206478
728,abstention,FALSE,FALSE,no_determinants,25,0.04940711462450593
728,abstention,FALSE,FALSE,suspicious_determinants,1,0.001976284584980237
728,abstention,FALSE,FALSE,too_many_missing_determinants,4,0.007905138339920948
728,abstention,TRUE,TRUE,usable_complete,414,0.8181818181818182
728,abstention,TRUE,TRUE,usable_complete_limited_metadata,20,0.039525691699604744
728,abstention,TRUE,TRUE,usable_partial,39,0.07707509881422925
728,abstention,TRUE,TRUE,usable_partial_limited_metadata,3,0.005928853754940711
728,voter,FALSE,FALSE,no_determinants,81,0.16396761133603238
728,voter,FALSE,FALSE,suspicious_determinants,6,0.012145748987854251
728,voter,FALSE,FALSE,too_many_missing_determinants,16,0.032388663967611336
728,voter,TRUE,TRUE,usable_complete,261,0.52834008097166
728,voter,TRUE,TRUE,usable_complete_limited_metadata,6,0.012145748987854251
728,voter,TRUE,TRUE,usable_partial,123,0.24898785425101214
728,voter,TRUE,TRUE,usable_partial_limited_metadata,1,0.0020242914979757085
729,abstention,FALSE,FALSE,no_determinants,35,0.0691699604743083
729,abstention,FALSE,FALSE,suspicious_determinants,1,0.001976284584980237
729,abstention,FALSE,FALSE,too_many_missing_determinants,3,0.005928853754940711
729,abstention,TRUE,TRUE,usable_complete,383,0.7569169960474308
729,abstention,TRUE,TRUE,usable_complete_limited_metadata,18,0.03557312252964427
729,abstention,TRUE,TRUE,usable_partial,64,0.12648221343873517
729,abstention,TRUE,TRUE,usable_partial_limited_metadata,2,0.003952569169960474
729,voter,FALSE,FALSE,no_determinants,77,0.15587044534412955
729,voter,FALSE,FALSE,suspicious_determinants,1,0.0020242914979757085
729,voter,FALSE,FALSE,too_many_missing_determinants,24,0.048582995951417005
729,voter,TRUE,TRUE,usable_complete,264,0.5344129554655871
729,voter,TRUE,TRUE,usable_complete_limited_metadata,7,0.01417004048582996
729,voter,TRUE,TRUE,usable_partial,120,0.242914979757085
729,voter,TRUE,TRUE,usable_partial_limited_metadata,1,0.0020242914979757085
730,abstention,FALSE,FALSE,no_determinants,31,0.06126482213438735
730,abstention,FALSE,FALSE,suspicious_determinants,1,0.001976284584980237
730,abstention,FALSE,FALSE,too_many_missing_determinants,3,0.005928853754940711
730,abstention,TRUE,TRUE,usable_complete,403,0.7964426877470355
730,abstention,TRUE,TRUE,usable_complete_limited_metadata,14,0.02766798418972332
730,abstention,TRUE,TRUE,usable_partial,51,0.1007905138339921
730,abstention,TRUE,TRUE,usable_partial_limited_metadata,3,0.005928853754940711
730,voter,FALSE,FALSE,no_determinants,87,0.17611336032388664
730,voter,FALSE,FALSE,suspicious_determinants,3,0.006072874493927126
730,voter,FALSE,FALSE,too_many_missing_determinants,26,0.05263157894736842
730,voter,TRUE,TRUE,usable_complete,238,0.4817813765182186
730,voter,TRUE,TRUE,usable_complete_limited_metadata,6,0.012145748987854251
730,voter,TRUE,TRUE,usable_partial,134,0.27125506072874495
731,abstention,FALSE,FALSE,no_determinants,29,0.05731225296442688
731,abstention,FALSE,FALSE,suspicious_determinants,1,0.001976284584980237
731,abstention,FALSE,FALSE,too_many_missing_determinants,9,0.017786561264822136
731,abstention,TRUE,TRUE,usable_complete,392,0.7747035573122529
731,abstention,TRUE,TRUE,usable_complete_limited_metadata,19,0.037549407114624504
731,abstention,TRUE,TRUE,usable_partial,54,0.1067193675889328
731,abstention,TRUE,TRUE,usable_partial_limited_metadata,2,0.003952569169960474
731,voter,FALSE,FALSE,no_determinants,73,0.14777327935222673
731,voter,FALSE,FALSE,suspicious_determinants,3,0.006072874493927126
731,voter,FALSE,FALSE,too_many_missing_determinants,20,0.04048582995951417
731,voter,TRUE,TRUE,usable_complete,256,0.5182186234817814
731,voter,TRUE,TRUE,usable_complete_limited_metadata,9,0.018218623481781375
731,voter,TRUE,TRUE,usable_partial,131,0.2651821862348178
731,voter,TRUE,TRUE,usable_partial_limited_metadata,2,0.004048582995951417
732,abstention,FALSE,FALSE,no_determinants,33,0.06521739130434782
732,abstention,FALSE,FALSE,suspicious_determinants,1,0.001976284584980237
732,abstention,FALSE,FALSE,too_many_missing_determinants,1,0.001976284584980237
732,abstention,TRUE,TRUE,usable_complete,404,0.7984189723320159
732,abstention,TRUE,TRUE,usable_complete_limited_metadata,15,0.029644268774703556
732,abstention,TRUE,TRUE,usable_partial,51,0.1007905138339921
732,abstention,TRUE,TRUE,usable_partial_limited_metadata,1,0.001976284584980237
732,voter,FALSE,FALSE,no_determinants,74,0.14979757085020243
732,voter,FALSE,FALSE,suspicious_determinants,6,0.012145748987854251
732,voter,FALSE,FALSE,too_many_missing_determinants,25,0.05060728744939271
732,voter,TRUE,TRUE,usable_complete,235,0.4757085020242915
732,voter,TRUE,TRUE,usable_complete_limited_metadata,4,0.008097165991902834
732,voter,TRUE,TRUE,usable_partial,149,0.3016194331983806
732,voter,TRUE,TRUE,usable_partial_limited_metadata,1,0.0020242914979757085
733,abstention,FALSE,FALSE,no_determinants,32,0.06324110671936758
733,abstention,FALSE,FALSE,suspicious_determinants,2,0.003952569169960474
733,abstention,FALSE,FALSE,too_many_missing_determinants,2,0.003952569169960474
733,abstention,TRUE,TRUE,usable_complete,402,0.7944664031620553
733,abstention,TRUE,TRUE,usable_complete_limited_metadata,12,0.023715415019762844
733,abstention,TRUE,TRUE,usable_partial,56,0.11067193675889328
733,voter,FALSE,FALSE,no_determinants,80,0.16194331983805668
733,voter,FALSE,FALSE,suspicious_determinants,5,0.010121457489878543
733,voter,FALSE,FALSE,too_many_missing_determinants,26,0.05263157894736842
733,voter,TRUE,TRUE,usable_complete,238,0.4817813765182186
733,voter,TRUE,TRUE,usable_complete_limited_metadata,4,0.008097165991902834
733,voter,TRUE,TRUE,usable_partial,139,0.2813765182186235
733,voter,TRUE,TRUE,usable_partial_limited_metadata,2,0.004048582995951417
734,abstention,FALSE,FALSE,no_determinants,32,0.06324110671936758
734,abstention,FALSE,FALSE,suspicious_determinants,2,0.003952569169960474
734,abstention,FALSE,FALSE,too_many_missing_determinants,3,0.005928853754940711
734,abstention,TRUE,TRUE,usable_complete,406,0.8023715415019763
734,abstention,TRUE,TRUE,usable_complete_limited_metadata,17,0.03359683794466403
734,abstention,TRUE,TRUE,usable_partial,43,0.08498023715415019
734,abstention,TRUE,TRUE,usable_partial_limited_metadata,3,0.005928853754940711
734,voter,FALSE,FALSE,no_determinants,67,0.13562753036437247
734,voter,FALSE,FALSE,suspicious_determinants,2,0.004048582995951417
734,voter,FALSE,FALSE,too_many_missing_determinants,23,0.0465587044534413
734,voter,TRUE,TRUE,usable_complete,263,0.5323886639676113
734,voter,TRUE,TRUE,usable_complete_limited_metadata,11,0.022267206477732792
734,voter,TRUE,TRUE,usable_partial,128,0.2591093117408907
735,abstention,FALSE,FALSE,no_determinants,28,0.05533596837944664
735,abstention,FALSE,FALSE,suspicious_determinants,1,0.001976284584980237
735,abstention,FALSE,FALSE,too_many_missing_determinants,2,0.003952569169960474
735,abstention,TRUE,TRUE,usable_complete,412,0.8142292490118577
735,abstention,TRUE,TRUE,usable_complete_limited_metadata,12,0.023715415019762844
735,abstention,TRUE,TRUE,usable_partial,48,0.09486166007905138
735,abstention,TRUE,TRUE,usable_partial_limited_metadata,3,0.005928853754940711
735,voter,FALSE,FALSE,no_determinants,75,0.15182186234817813
735,voter,FALSE,FALSE,suspicious_determinants,5,0.010121457489878543
735,voter,FALSE,FALSE,too_many_missing_determinants,26,0.05263157894736842
735,voter,TRUE,TRUE,usable_complete,235,0.4757085020242915
735,voter,TRUE,TRUE,usable_complete_limited_metadata,17,0.03441295546558704
735,voter,TRUE,TRUE,usable_partial,133,0.2692307692307692
735,voter,TRUE,TRUE,usable_partial_limited_metadata,3,0.006072874493927126
736,abstention,FALSE,FALSE,no_determinants,45,0.08893280632411067
736,abstention,FALSE,FALSE,too_many_missing_determinants,1,0.001976284584980237
736,abstention,TRUE,TRUE,usable_complete,388,0.766798418972332
736,abstention,TRUE,TRUE,usable_complete_limited_metadata,21,0.041501976284584984
736,abstention,TRUE,TRUE,usable_partial,48,0.09486166007905138
736,abstention,TRUE,TRUE,usable_partial_limited_metadata,3,0.005928853754940711
736,voter,FALSE,FALSE,no_determinants,74,0.14979757085020243
736,voter,FALSE,FALSE,suspicious_determinants,2,0.004048582995951417
736,voter,FALSE,FALSE,too_many_missing_determinants,30,0.06072874493927125
736,voter,TRUE,TRUE,usable_complete,255,0.5161943319838057
736,voter,TRUE,TRUE,usable_complete_limited_metadata,7,0.01417004048582996
736,voter,TRUE,TRUE,usable_partial,126,0.2550607287449393
737,abstention,FALSE,FALSE,no_determinants,34,0.06719367588932806
737,abstention,FALSE,FALSE,too_many_missing_determinants,2,0.003952569169960474
737,abstention,TRUE,TRUE,usable_complete,399,0.7885375494071146
737,abstention,TRUE,TRUE,usable_complete_limited_metadata,28,0.05533596837944664
737,abstention,TRUE,TRUE,usable_partial,42,0.08300395256916997
737,abstention,TRUE,TRUE,usable_partial_limited_metadata,1,0.001976284584980237
737,voter,FALSE,FALSE,no_determinants,71,0.1437246963562753
737,voter,FALSE,FALSE,suspicious_determinants,5,0.010121457489878543
737,voter,FALSE,FALSE,too_many_missing_determinants,33,0.06680161943319839
737,voter,TRUE,TRUE,usable_complete,251,0.5080971659919028
737,voter,TRUE,TRUE,usable_complete_limited_metadata,6,0.012145748987854251
737,voter,TRUE,TRUE,usable_partial,128,0.2591093117408907
738,abstention,FALSE,FALSE,no_determinants,32,0.06324110671936758
738,abstention,FALSE,FALSE,suspicious_determinants,1,0.001976284584980237
738,abstention,FALSE,FALSE,too_many_missing_determinants,4,0.007905138339920948
738,abstention,TRUE,TRUE,usable_complete,401,0.7924901185770751
738,abstention,TRUE,TRUE,usable_complete_limited_metadata,16,0.03162055335968379
738,abstention,TRUE,TRUE,usable_partial,50,0.09881422924901186
738,abstention,TRUE,TRUE,usable_partial_limited_metadata,2,0.003952569169960474
738,voter,FALSE,FALSE,no_determinants,70,0.1417004048582996
738,voter,FALSE,FALSE,suspicious_determinants,5,0.010121457489878543
738,voter,FALSE,FALSE,too_many_missing_determinants,32,0.06477732793522267
738,voter,TRUE,TRUE,usable_complete,251,0.5080971659919028
738,voter,TRUE,TRUE,usable_complete_limited_metadata,6,0.012145748987854251
738,voter,TRUE,TRUE,usable_partial,129,0.2611336032388664
738,voter,TRUE,TRUE,usable_partial_limited_metadata,1,0.0020242914979757085
739,abstention,FALSE,FALSE,no_determinants,33,0.06521739130434782
739,abstention,FALSE,FALSE,too_many_missing_determinants,3,0.005928853754940711
739,abstention,TRUE,TRUE,usable_complete,403,0.7964426877470355
739,abstention,TRUE,TRUE,usable_complete_limited_metadata,19,0.037549407114624504
739,abstention,TRUE,TRUE,usable_partial,43,0.08498023715415019
739,abstention,TRUE,TRUE,usable_partial_limited_metadata,5,0.009881422924901186
739,voter,FALSE,FALSE,no_determinants,80,0.16194331983805668
739,voter,FALSE,FALSE,suspicious_determinants,1,0.0020242914979757085
739,voter,FALSE,FALSE,too_many_missing_determinants,28,0.05668016194331984
739,voter,TRUE,TRUE,usable_complete,247,0.5
739,voter,TRUE,TRUE,usable_complete_limited_metadata,7,0.01417004048582996
739,voter,TRUE,TRUE,usable_partial,129,0.2611336032388664
739,voter,TRUE,TRUE,usable_partial_limited_metadata,2,0.004048582995951417
740,abstention,FALSE,FALSE,no_determinants,25,0.04940711462450593
740,abstention,FALSE,FALSE,suspicious_determinants,1,0.001976284584980237
740,abstention,FALSE,FALSE,too_many_missing_determinants,7,0.01383399209486166
740,abstention,TRUE,TRUE,usable_complete,403,0.7964426877470355
740,abstention,TRUE,TRUE,usable_complete_limited_metadata,26,0.05138339920948617
740,abstention,TRUE,TRUE,usable_partial,42,0.08300395256916997
740,abstention,TRUE,TRUE,usable_partial_limited_metadata,2,0.003952569169960474
740,voter,FALSE,FALSE,no_determinants,78,0.15789473684210525
740,voter,FALSE,FALSE,suspicious_determinants,1,0.0020242914979757085
740,voter,FALSE,FALSE,too_many_missing_determinants,25,0.05060728744939271
740,voter,TRUE,TRUE,usable_complete,253,0.5121457489878543
740,voter,TRUE,TRUE,usable_complete_limited_metadata,6,0.012145748987854251
740,voter,TRUE,TRUE,usable_partial,128,0.2591093117408907
740,voter,TRUE,TRUE,usable_partial_limited_metadata,3,0.006072874493927126
741,abstention,FALSE,FALSE,no_determinants,21,0.041501976284584984
741,abstention,FALSE,FALSE,suspicious_determinants,1,0.001976284584980237
741,abstention,FALSE,FALSE,too_many_missing_determinants,2,0.003952569169960474
741,abstention,TRUE,TRUE,usable_complete,411,0.8122529644268774
741,abstention,TRUE,TRUE,usable_complete_limited_metadata,16,0.03162055335968379
741,abstention,TRUE,TRUE,usable_partial,52,0.10276679841897234
741,abstention,TRUE,TRUE,usable_partial_limited_metadata,3,0.005928853754940711
741,voter,FALSE,FALSE,no_determinants,87,0.17611336032388664
741,voter,FALSE,FALSE,suspicious_determinants,4,0.008097165991902834
741,voter,FALSE,FALSE,too_many_missing_determinants,22,0.044534412955465584
741,voter,TRUE,TRUE,usable_complete,245,0.4959514170040486
741,voter,TRUE,TRUE,usable_complete_limited_metadata,3,0.006072874493927126
741,voter,TRUE,TRUE,usable_partial,133,0.2692307692307692
742,abstention,FALSE,FALSE,no_determinants,38,0.07509881422924901
742,abstention,FALSE,FALSE,suspicious_determinants,1,0.001976284584980237
742,abstention,FALSE,FALSE,too_many_missing_determinants,7,0.01383399209486166
742,abstention,TRUE,TRUE,usable_complete,383,0.7569169960474308
742,abstention,TRUE,TRUE,usable_complete_limited_metadata,29,0.05731225296442688
742,abstention,TRUE,TRUE,usable_partial,46,0.09090909090909091
742,abstention,TRUE,TRUE,usable_partial_limited_metadata,2,0.003952569169960474
742,voter,FALSE,FALSE,no_determinants,72,0.145748987854251
742,voter,FALSE,FALSE,suspicious_determinants,2,0.004048582995951417
742,voter,FALSE,FALSE,too_many_missing_determinants,24,0.048582995951417005
742,voter,TRUE,TRUE,usable_complete,252,0.5101214574898786
742,voter,TRUE,TRUE,usable_complete_limited_metadata,10,0.020242914979757085
742,voter,TRUE,TRUE,usable_partial,134,0.27125506072874495
743,abstention,FALSE,FALSE,no_determinants,27,0.0533596837944664
743,abstention,FALSE,FALSE,too_many_missing_determinants,6,0.011857707509881422
743,abstention,TRUE,TRUE,usable_complete,408,0.8063241106719368
743,abstention,TRUE,TRUE,usable_complete_limited_metadata,13,0.025691699604743084
743,abstention,TRUE,TRUE,usable_partial,50,0.09881422924901186
743,abstention,TRUE,TRUE,usable_partial_limited_metadata,2,0.003952569169960474
743,voter,FALSE,FALSE,no_determinants,74,0.14979757085020243
743,voter,FALSE,FALSE,suspicious_determinants,4,0.008097165991902834
743,voter,FALSE,FALSE,too_many_missing_determinants,31,0.06275303643724696
743,voter,TRUE,TRUE,usable_complete,260,0.5263157894736842
743,voter,TRUE,TRUE,usable_complete_limited_metadata,8,0.016194331983805668
743,voter,TRUE,TRUE,usable_partial,117,0.23684210526315788
744,abstention,FALSE,FALSE,no_determinants,32,0.06324110671936758
744,abstention,FALSE,FALSE,suspicious_determinants,1,0.001976284584980237
744,abstention,FALSE,FALSE,too_many_missing_determinants,1,0.001976284584980237
744,abstention,TRUE,TRUE,usable_complete,403,0.7964426877470355
744,abstention,TRUE,TRUE,usable_complete_limited_metadata,21,0.041501976284584984
744,abstention,TRUE,TRUE,usable_partial,47,0.09288537549407115
744,abstention,TRUE,TRUE,usable_partial_limited_metadata,1,0.001976284584980237
744,voter,FALSE,FALSE,no_determinants,77,0.15587044534412955
744,voter,FALSE,FALSE,suspicious_determinants,5,0.010121457489878543
744,voter,FALSE,FALSE,too_many_missing_determinants,29,0.058704453441295545
744,voter,TRUE,TRUE,usable_complete,258,0.5222672064777328
744,voter,TRUE,TRUE,usable_complete_limited_metadata,9,0.018218623481781375
744,voter,TRUE,TRUE,usable_partial,115,0.23279352226720648
744,voter,TRUE,TRUE,usable_partial_limited_metadata,1,0.0020242914979757085
745,abstention,FALSE,FALSE,no_determinants,27,0.0533596837944664
745,abstention,FALSE,FALSE,too_many_missing_determinants,2,0.003952569169960474
745,abstention,TRUE,TRUE,usable_complete,382,0.7549407114624506
745,abstention,TRUE,TRUE,usable_complete_limited_metadata,30,0.05928853754940711
745,abstention,TRUE,TRUE,usable_partial,63,0.12450592885375494
745,abstention,TRUE,TRUE,usable_partial_limited_metadata,2,0.003952569169960474
745,voter,FALSE,FALSE,no_determinants,82,0.1659919028340081
745,voter,FALSE,FALSE,suspicious_determinants,3,0.006072874493927126
745,voter,FALSE,FALSE,too_many_missing_determinants,27,0.05465587044534413
745,voter,TRUE,TRUE,usable_complete,257,0.520242914979757
745,voter,TRUE,TRUE,usable_complete_limited_metadata,9,0.018218623481781375
745,voter,TRUE,TRUE,usable_partial,116,0.23481781376518218
746,abstention,FALSE,FALSE,no_determinants,35,0.0691699604743083
746,abstention,FALSE,FALSE,too_many_missing_determinants,4,0.007905138339920948
746,abstention,TRUE,TRUE,usable_complete,389,0.7687747035573123
746,abstention,TRUE,TRUE,usable_complete_limited_metadata,21,0.041501976284584984
746,abstention,TRUE,TRUE,usable_partial,56,0.11067193675889328
746,abstention,TRUE,TRUE,usable_partial_limited_metadata,1,0.001976284584980237
746,voter,FALSE,FALSE,no_determinants,89,0.18016194331983806
746,voter,FALSE,FALSE,suspicious_determinants,1,0.0020242914979757085
746,voter,FALSE,FALSE,too_many_missing_determinants,23,0.0465587044534413
746,voter,TRUE,TRUE,usable_complete,251,0.5080971659919028
746,voter,TRUE,TRUE,usable_complete_limited_metadata,6,0.012145748987854251
746,voter,TRUE,TRUE,usable_partial,124,0.25101214574898784
747,abstention,FALSE,FALSE,no_determinants,28,0.05533596837944664
747,abstention,FALSE,FALSE,too_many_missing_determinants,4,0.007905138339920948
747,abstention,TRUE,TRUE,usable_complete,405,0.8003952569169961
747,abstention,TRUE,TRUE,usable_complete_limited_metadata,22,0.043478260869565216
747,abstention,TRUE,TRUE,usable_partial,45,0.08893280632411067
747,abstention,TRUE,TRUE,usable_partial_limited_metadata,2,0.003952569169960474
747,voter,FALSE,FALSE,no_determinants,87,0.17611336032388664
747,voter,FALSE,FALSE,suspicious_determinants,5,0.010121457489878543
747,voter,FALSE,FALSE,too_many_missing_determinants,26,0.05263157894736842
747,voter,TRUE,TRUE,usable_complete,255,0.5161943319838057
747,voter,TRUE,TRUE,usable_complete_limited_metadata,9,0.018218623481781375
747,voter,TRUE,TRUE,usable_partial,111,0.22469635627530365
747,voter,TRUE,TRUE,usable_partial_limited_metadata,1,0.0020242914979757085
748,abstention,FALSE,FALSE,no_determinants,35,0.0691699604743083
748,abstention,FALSE,FALSE,suspicious_determinants,1,0.001976284584980237
748,abstention,FALSE,FALSE,too_many_missing_determinants,2,0.003952569169960474
748,abstention,TRUE,TRUE,usable_complete,404,0.7984189723320159
748,abstention,TRUE,TRUE,usable_complete_limited_metadata,13,0.025691699604743084
748,abstention,TRUE,TRUE,usable_partial,50,0.09881422924901186
748,abstention,TRUE,TRUE,usable_partial_limited_metadata,1,0.001976284584980237
748,voter,FALSE,FALSE,no_determinants,82,0.1659919028340081
748,voter,FALSE,FALSE,suspicious_determinants,2,0.004048582995951417
748,voter,FALSE,FALSE,too_many_missing_determinants,32,0.06477732793522267
748,voter,TRUE,TRUE,usable_complete,241,0.48785425101214575
748,voter,TRUE,TRUE,usable_complete_limited_metadata,2,0.004048582995951417
748,voter,TRUE,TRUE,usable_partial,134,0.27125506072874495
748,voter,TRUE,TRUE,usable_partial_limited_metadata,1,0.0020242914979757085
749,abstention,FALSE,FALSE,no_determinants,25,0.04940711462450593
749,abstention,FALSE,FALSE,suspicious_determinants,1,0.001976284584980237
749,abstention,FALSE,FALSE,too_many_missing_determinants,6,0.011857707509881422
749,abstention,TRUE,TRUE,usable_complete,404,0.7984189723320159
749,abstention,TRUE,TRUE,usable_complete_limited_metadata,20,0.039525691699604744
749,abstention,TRUE,TRUE,usable_partial,44,0.08695652173913043
749,abstention,TRUE,TRUE,usable_partial_limited_metadata,6,0.011857707509881422
749,voter,FALSE,FALSE,no_determinants,90,0.18218623481781376
749,voter,FALSE,FALSE,suspicious_determinants,4,0.008097165991902834
749,voter,FALSE,FALSE,too_many_missing_determinants,34,0.06882591093117409
749,voter,TRUE,TRUE,usable_complete,241,0.48785425101214575
749,voter,TRUE,TRUE,usable_complete_limited_metadata,5,0.010121457489878543
749,voter,TRUE,TRUE,usable_partial,120,0.242914979757085
750,abstention,FALSE,FALSE,no_determinants,28,0.05533596837944664
750,abstention,FALSE,FALSE,suspicious_determinants,2,0.003952569169960474
750,abstention,FALSE,FALSE,too_many_missing_determinants,7,0.01383399209486166
750,abstention,TRUE,TRUE,usable_complete,393,0.7766798418972332
750,abstention,TRUE,TRUE,usable_complete_limited_metadata,22,0.043478260869565216
750,abstention,TRUE,TRUE,usable_partial,52,0.10276679841897234
750,abstention,TRUE,TRUE,usable_partial_limited_metadata,2,0.003952569169960474
750,voter,FALSE,FALSE,no_determinants,71,0.1437246963562753
750,voter,FALSE,FALSE,suspicious_determinants,3,0.006072874493927126
750,voter,FALSE,FALSE,too_many_missing_determinants,31,0.06275303643724696
750,voter,TRUE,TRUE,usable_complete,253,0.5121457489878543
750,voter,TRUE,TRUE,usable_complete_limited_metadata,9,0.018218623481781375
750,voter,TRUE,TRUE,usable_partial,126,0.2550607287449393
750,voter,TRUE,TRUE,usable_partial_limited_metadata,1,0.0020242914979757085
751,abstention,FALSE,FALSE,no_determinants,34,0.06719367588932806
751,abstention,FALSE,FALSE,suspicious_determinants,1,0.001976284584980237
751,abstention,FALSE,FALSE,too_many_missing_determinants,3,0.005928853754940711
751,abstention,TRUE,TRUE,usable_complete,402,0.7944664031620553
751,abstention,TRUE,TRUE,usable_complete_limited_metadata,19,0.037549407114624504
751,abstention,TRUE,TRUE,usable_partial,43,0.08498023715415019
751,abstention,TRUE,TRUE,usable_partial_limited_metadata,4,0.007905138339920948
751,voter,FALSE,FALSE,no_determinants,94,0.1902834008097166
751,voter,FALSE,FALSE,suspicious_determinants,1,0.0020242914979757085
751,voter,FALSE,FALSE,too_many_missing_determinants,29,0.058704453441295545
751,voter,TRUE,TRUE,usable_complete,226,0.4574898785425101
751,voter,TRUE,TRUE,usable_complete_limited_metadata,6,0.012145748987854251
751,voter,TRUE,TRUE,usable_partial,138,0.2793522267206478
752,abstention,FALSE,FALSE,no_determinants,30,0.05928853754940711
752,abstention,FALSE,FALSE,suspicious_determinants,1,0.001976284584980237
752,abstention,FALSE,FALSE,too_many_missing_determinants,3,0.005928853754940711
752,abstention,TRUE,TRUE,usable_complete,404,0.7984189723320159
752,abstention,TRUE,TRUE,usable_complete_limited_metadata,16,0.03162055335968379
752,abstention,TRUE,TRUE,usable_partial,49,0.09683794466403162
752,abstention,TRUE,TRUE,usable_partial_limited_metadata,3,0.005928853754940711
752,voter,FALSE,FALSE,no_determinants,89,0.18016194331983806
752,voter,FALSE,FALSE,suspicious_determinants,6,0.012145748987854251
752,voter,FALSE,FALSE,too_many_missing_determinants,25,0.05060728744939271
752,voter,TRUE,TRUE,usable_complete,251,0.5080971659919028
752,voter,TRUE,TRUE,usable_complete_limited_metadata,10,0.020242914979757085
752,voter,TRUE,TRUE,usable_partial,111,0.22469635627530365
752,voter,TRUE,TRUE,usable_partial_limited_metadata,2,0.004048582995951417
753,abstention,FALSE,FALSE,no_determinants,28,0.05533596837944664
753,abstention,FALSE,FALSE,suspicious_determinants,4,0.007905138339920948
753,abstention,FALSE,FALSE,too_many_missing_determinants,4,0.007905138339920948
753,abstention,TRUE,TRUE,usable_complete,406,0.8023715415019763
753,abstention,TRUE,TRUE,usable_complete_limited_metadata,20,0.039525691699604744
753,abstention,TRUE,TRUE,usable_partial,43,0.08498023715415019
753,abstention,TRUE,TRUE,usable_partial_limited_metadata,1,0.001976284584980237
753,voter,FALSE,FALSE,no_determinants,65,0.13157894736842105
753,voter,FALSE,FALSE,suspicious_determinants,2,0.004048582995951417
753,voter,FALSE,FALSE,too_many_missing_determinants,32,0.06477732793522267
753,voter,TRUE,TRUE,usable_complete,252,0.5101214574898786
753,voter,TRUE,TRUE,usable_complete_limited_metadata,5,0.010121457489878543
753,voter,TRUE,TRUE,usable_partial,137,0.2773279352226721
753,voter,TRUE,TRUE,usable_partial_limited_metadata,1,0.0020242914979757085
754,abstention,FALSE,FALSE,no_determinants,27,0.0533596837944664
754,abstention,FALSE,FALSE,suspicious_determinants,1,0.001976284584980237
754,abstention,FALSE,FALSE,too_many_missing_determinants,4,0.007905138339920948
754,abstention,TRUE,TRUE,usable_complete,413,0.8162055335968379
754,abstention,TRUE,TRUE,usable_complete_limited_metadata,17,0.03359683794466403
754,abstention,TRUE,TRUE,usable_partial,40,0.07905138339920949
754,abstention,TRUE,TRUE,usable_partial_limited_metadata,4,0.007905138339920948
754,voter,FALSE,FALSE,no_determinants,89,0.18016194331983806
754,voter,FALSE,FALSE,suspicious_determinants,1,0.0020242914979757085
754,voter,FALSE,FALSE,too_many_missing_determinants,26,0.05263157894736842
754,voter,TRUE,TRUE,usable_complete,232,0.46963562753036436
754,voter,TRUE,TRUE,usable_complete_limited_metadata,7,0.01417004048582996
754,voter,TRUE,TRUE,usable_partial,139,0.2813765182186235
755,abstention,FALSE,FALSE,no_determinants,30,0.05928853754940711
755,abstention,FALSE,FALSE,too_many_missing_determinants,5,0.009881422924901186
755,abstention,TRUE,TRUE,usable_complete,396,0.782608695652174
755,abstention,TRUE,TRUE,usable_complete_limited_metadata,20,0.039525691699604744
755,abstention,TRUE,TRUE,usable_partial,54,0.1067193675889328
755,abstention,TRUE,TRUE,usable_partial_limited_metadata,1,0.001976284584980237
755,voter,FALSE,FALSE,no_determinants,66,0.13360323886639677
755,voter,FALSE,FALSE,suspicious_determinants,1,0.0020242914979757085
755,voter,FALSE,FALSE,too_many_missing_determinants,26,0.05263157894736842
755,voter,TRUE,TRUE,usable_complete,256,0.5182186234817814
755,voter,TRUE,TRUE,usable_complete_limited_metadata,11,0.022267206477732792
755,voter,TRUE,TRUE,usable_partial,134,0.27125506072874495
756,abstention,FALSE,FALSE,no_determinants,38,0.07509881422924901
756,abstention,FALSE,FALSE,suspicious_determinants,1,0.001976284584980237
756,abstention,FALSE,FALSE,too_many_missing_determinants,8,0.015810276679841896
756,abstention,TRUE,TRUE,usable_complete,385,0.7608695652173914
756,abstention,TRUE,TRUE,usable_complete_limited_metadata,16,0.03162055335968379
756,abstention,TRUE,TRUE,usable_partial,52,0.10276679841897234
756,abstention,TRUE,TRUE,usable_partial_limited_metadata,6,0.011857707509881422
756,voter,FALSE,FALSE,no_determinants,83,0.1680161943319838
756,voter,FALSE,FALSE,suspicious_determinants,1,0.0020242914979757085
756,voter,FALSE,FALSE,too_many_missing_determinants,29,0.058704453441295545
756,voter,TRUE,TRUE,usable_complete,241,0.48785425101214575
756,voter,TRUE,TRUE,usable_complete_limited_metadata,5,0.010121457489878543
756,voter,TRUE,TRUE,usable_partial,133,0.2692307692307692
756,voter,TRUE,TRUE,usable_partial_limited_metadata,2,0.004048582995951417
757,abstention,FALSE,FALSE,no_determinants,28,0.05533596837944664
757,abstention,FALSE,FALSE,too_many_missing_determinants,5,0.009881422924901186
757,abstention,TRUE,TRUE,usable_complete,413,0.8162055335968379
757,abstention,TRUE,TRUE,usable_complete_limited_metadata,16,0.03162055335968379
757,abstention,TRUE,TRUE,usable_partial,39,0.07707509881422925
757,abstention,TRUE,TRUE,usable_partial_limited_metadata,5,0.009881422924901186
757,voter,FALSE,FALSE,no_determinants,79,0.15991902834008098
757,voter,FALSE,FALSE,suspicious_determinants,7,0.01417004048582996
757,voter,FALSE,FALSE,too_many_missing_determinants,21,0.04251012145748988
757,voter,TRUE,TRUE,usable_complete,250,0.5060728744939271
757,voter,TRUE,TRUE,usable_complete_limited_metadata,5,0.010121457489878543
757,voter,TRUE,TRUE,usable_partial,132,0.26720647773279355
758,abstention,FALSE,FALSE,no_determinants,31,0.06126482213438735
758,abstention,FALSE,FALSE,too_many_missing_determinants,6,0.011857707509881422
758,abstention,TRUE,TRUE,usable_complete,402,0.7944664031620553
758,abstention,TRUE,TRUE,usable_complete_limited_metadata,12,0.023715415019762844
758,abstention,TRUE,TRUE,usable_partial,53,0.10474308300395258
758,abstention,TRUE,TRUE,usable_partial_limited_metadata,2,0.003952569169960474
758,voter,FALSE,FALSE,no_determinants,76,0.15384615384615385
758,voter,FALSE,FALSE,suspicious_determinants,5,0.010121457489878543
758,voter,FALSE,FALSE,too_many_missing_determinants,34,0.06882591093117409
758,voter,TRUE,TRUE,usable_complete,243,0.49190283400809715
758,voter,TRUE,TRUE,usable_complete_limited_metadata,9,0.018218623481781375
758,voter,TRUE,TRUE,usable_partial,127,0.25708502024291496
759,abstention,FALSE,FALSE,no_determinants,31,0.06126482213438735
759,abstention,FALSE,FALSE,suspicious_determinants,1,0.001976284584980237
759,abstention,FALSE,FALSE,too_many_missing_determinants,6,0.011857707509881422
759,abstention,TRUE,TRUE,usable_complete,410,0.8102766798418972
759,abstention,TRUE,TRUE,usable_complete_limited_metadata,11,0.021739130434782608
759,abstention,TRUE,TRUE,usable_partial,43,0.08498023715415019
759,abstention,TRUE,TRUE,usable_partial_limited_metadata,4,0.007905138339920948
759,voter,FALSE,FALSE,no_determinants,76,0.15384615384615385
759,voter,FALSE,FALSE,suspicious_determinants,3,0.006072874493927126
759,voter,FALSE,FALSE,too_many_missing_determinants,25,0.05060728744939271
759,voter,TRUE,TRUE,usable_complete,261,0.52834008097166
759,voter,TRUE,TRUE,usable_complete_limited_metadata,10,0.020242914979757085
759,voter,TRUE,TRUE,usable_partial,118,0.2388663967611336
759,voter,TRUE,TRUE,usable_partial_limited_metadata,1,0.0020242914979757085
760,abstention,FALSE,FALSE,no_determinants,20,0.039525691699604744
760,abstention,FALSE,FALSE,suspicious_determinants,1,0.001976284584980237
760,abstention,FALSE,FALSE,too_many_missing_determinants,3,0.005928853754940711
760,abstention,TRUE,TRUE,usable_complete,418,0.8260869565217391
760,abstention,TRUE,TRUE,usable_complete_limited_metadata,19,0.037549407114624504
760,abstention,TRUE,TRUE,usable_partial,44,0.08695652173913043
760,abstention,TRUE,TRUE,usable_partial_limited_metadata,1,0.001976284584980237
760,voter,FALSE,FALSE,no_determinants,67,0.13562753036437247
760,voter,FALSE,FALSE,suspicious_determinants,3,0.006072874493927126
760,voter,FALSE,FALSE,too_many_missing_determinants,21,0.04251012145748988
760,voter,TRUE,TRUE,usable_complete,257,0.520242914979757
760,voter,TRUE,TRUE,usable_complete_limited_metadata,6,0.012145748987854251
760,voter,TRUE,TRUE,usable_partial,138,0.2793522267206478
760,voter,TRUE,TRUE,usable_partial_limited_metadata,2,0.004048582995951417
761,abstention,FALSE,FALSE,no_determinants,31,0.06126482213438735
761,abstention,FALSE,FALSE,suspicious_determinants,1,0.001976284584980237
761,abstention,FALSE,FALSE,too_many_missing_determinants,2,0.003952569169960474
761,abstention,TRUE,TRUE,usable_complete,404,0.7984189723320159
761,abstention,TRUE,TRUE,usable_complete_limited_metadata,19,0.037549407114624504
761,abstention,TRUE,TRUE,usable_partial,46,0.09090909090909091
761,abstention,TRUE,TRUE,usable_partial_limited_metadata,3,0.005928853754940711
761,voter,FALSE,FALSE,no_determinants,71,0.1437246963562753
761,voter,FALSE,FALSE,suspicious_determinants,4,0.008097165991902834
761,voter,FALSE,FALSE,too_many_missing_determinants,31,0.06275303643724696
761,voter,TRUE,TRUE,usable_complete,271,0.548582995951417
761,voter,TRUE,TRUE,usable_complete_limited_metadata,4,0.008097165991902834
761,voter,TRUE,TRUE,usable_partial,113,0.22874493927125505
762,abstention,FALSE,FALSE,no_determinants,24,0.04743083003952569
762,abstention,FALSE,FALSE,suspicious_determinants,1,0.001976284584980237
762,abstention,FALSE,FALSE,too_many_missing_determinants,2,0.003952569169960474
762,abstention,TRUE,TRUE,usable_complete,396,0.782608695652174
762,abstention,TRUE,TRUE,usable_complete_limited_metadata,25,0.04940711462450593
762,abstention,TRUE,TRUE,usable_partial,56,0.11067193675889328
762,abstention,TRUE,TRUE,usable_partial_limited_metadata,2,0.003952569169960474
762,voter,FALSE,FALSE,no_determinants,69,0.1396761133603239
762,voter,FALSE,FALSE,suspicious_determinants,4,0.008097165991902834
762,voter,FALSE,FALSE,too_many_missing_determinants,27,0.05465587044534413
762,voter,TRUE,TRUE,usable_complete,257,0.520242914979757
762,voter,TRUE,TRUE,usable_complete_limited_metadata,3,0.006072874493927126
762,voter,TRUE,TRUE,usable_partial,134,0.27125506072874495
763,abstention,FALSE,FALSE,no_determinants,25,0.04940711462450593
763,abstention,FALSE,FALSE,suspicious_determinants,1,0.001976284584980237
763,abstention,FALSE,FALSE,too_many_missing_determinants,2,0.003952569169960474
763,abstention,TRUE,TRUE,usable_complete,408,0.8063241106719368
763,abstention,TRUE,TRUE,usable_complete_limited_metadata,23,0.045454545454545456
763,abstention,TRUE,TRUE,usable_partial,47,0.09288537549407115
763,voter,FALSE,FALSE,no_determinants,80,0.16194331983805668
763,voter,FALSE,FALSE,suspicious_determinants,3,0.006072874493927126
763,voter,FALSE,FALSE,too_many_missing_determinants,33,0.06680161943319839
763,voter,TRUE,TRUE,usable_complete,251,0.5080971659919028
763,voter,TRUE,TRUE,usable_complete_limited_metadata,10,0.020242914979757085
763,voter,TRUE,TRUE,usable_partial,116,0.23481781376518218
763,voter,TRUE,TRUE,usable_partial_limited_metadata,1,0.0020242914979757085
764,abstention,FALSE,FALSE,no_determinants,27,0.0533596837944664
764,abstention,FALSE,FALSE,suspicious_determinants,1,0.001976284584980237
764,abstention,FALSE,FALSE,too_many_missing_determinants,6,0.011857707509881422
764,abstention,TRUE,TRUE,usable_complete,405,0.8003952569169961
764,abstention,TRUE,TRUE,usable_complete_limited_metadata,13,0.025691699604743084
764,abstention,TRUE,TRUE,usable_partial,49,0.09683794466403162
764,abstention,TRUE,TRUE,usable_partial_limited_metadata,5,0.009881422924901186
764,voter,FALSE,FALSE,no_determinants,81,0.16396761133603238
764,voter,FALSE,FALSE,suspicious_determinants,5,0.010121457489878543
764,voter,FALSE,FALSE,too_many_missing_determinants,22,0.044534412955465584
764,voter,TRUE,TRUE,usable_complete,257,0.520242914979757
764,voter,TRUE,TRUE,usable_complete_limited_metadata,6,0.012145748987854251
764,voter,TRUE,TRUE,usable_partial,122,0.24696356275303644
764,voter,TRUE,TRUE,usable_partial_limited_metadata,1,0.0020242914979757085
765,abstention,FALSE,FALSE,no_determinants,40,0.07905138339920949
765,abstention,FALSE,FALSE,suspicious_determinants,2,0.003952569169960474
765,abstention,FALSE,FALSE,too_many_missing_determinants,4,0.007905138339920948
765,abstention,TRUE,TRUE,usable_complete,398,0.7865612648221344
765,abstention,TRUE,TRUE,usable_complete_limited_metadata,19,0.037549407114624504
765,abstention,TRUE,TRUE,usable_partial,40,0.07905138339920949
765,abstention,TRUE,TRUE,usable_partial_limited_metadata,3,0.005928853754940711
765,voter,FALSE,FALSE,no_determinants,75,0.15182186234817813
765,voter,FALSE,FALSE,suspicious_determinants,6,0.012145748987854251
765,voter,FALSE,FALSE,too_many_missing_determinants,25,0.05060728744939271
765,voter,TRUE,TRUE,usable_complete,253,0.5121457489878543
765,voter,TRUE,TRUE,usable_complete_limited_metadata,5,0.010121457489878543
765,voter,TRUE,TRUE,usable_partial,130,0.2631578947368421
766,abstention,FALSE,FALSE,no_determinants,28,0.05533596837944664
766,abstention,FALSE,FALSE,suspicious_determinants,3,0.005928853754940711
766,abstention,FALSE,FALSE,too_many_missing_determinants,4,0.007905138339920948
766,abstention,TRUE,TRUE,usable_complete,418,0.8260869565217391
766,abstention,TRUE,TRUE,usable_complete_limited_metadata,17,0.03359683794466403
766,abstention,TRUE,TRUE,usable_partial,32,0.06324110671936758
766,abstention,TRUE,TRUE,usable_partial_limited_metadata,4,0.007905138339920948
766,voter,FALSE,FALSE,no_determinants,66,0.13360323886639677
766,voter,FALSE,FALSE,suspicious_determinants,6,0.012145748987854251
766,voter,FALSE,FALSE,too_many_missing_determinants,25,0.05060728744939271
766,voter,TRUE,TRUE,usable_complete,256,0.5182186234817814
766,voter,TRUE,TRUE,usable_complete_limited_metadata,10,0.020242914979757085
766,voter,TRUE,TRUE,usable_partial,130,0.2631578947368421
766,voter,TRUE,TRUE,usable_partial_limited_metadata,1,0.0020242914979757085
767,abstention,FALSE,FALSE,no_determinants,38,0.07509881422924901
767,abstention,FALSE,FALSE,suspicious_determinants,2,0.003952569169960474
767,abstention,FALSE,FALSE,too_many_missing_determinants,6,0.011857707509881422
767,abstention,TRUE,TRUE,usable_complete,397,0.7845849802371542
767,abstention,TRUE,TRUE,usable_complete_limited_metadata,13,0.025691699604743084
767,abstention,TRUE,TRUE,usable_partial,46,0.09090909090909091
767,abstention,TRUE,TRUE,usable_partial_limited_metadata,4,0.007905138339920948
767,voter,FALSE,FALSE,no_determinants,90,0.18218623481781376
767,voter,FALSE,FALSE,suspicious_determinants,7,0.01417004048582996
767,voter,FALSE,FALSE,too_many_missing_determinants,34,0.06882591093117409
767,voter,TRUE,TRUE,usable_complete,236,0.4777327935222672
767,voter,TRUE,TRUE,usable_complete_limited_metadata,8,0.016194331983805668
767,voter,TRUE,TRUE,usable_partial,119,0.2408906882591093
768,abstention,FALSE,FALSE,no_determinants,39,0.07707509881422925
768,abstention,FALSE,FALSE,suspicious_determinants,1,0.001976284584980237
768,abstention,FALSE,FALSE,too_many_missing_determinants,5,0.009881422924901186
768,abstention,TRUE,TRUE,usable_complete,394,0.7786561264822134
768,abstention,TRUE,TRUE,usable_complete_limited_metadata,22,0.043478260869565216
768,abstention,TRUE,TRUE,usable_partial,43,0.08498023715415019
768,abstention,TRUE,TRUE,usable_partial_limited_metadata,2,0.003952569169960474
768,voter,FALSE,FALSE,no_determinants,87,0.17611336032388664
768,voter,FALSE,FALSE,suspicious_determinants,3,0.006072874493927126
768,voter,FALSE,FALSE,too_many_missing_determinants,26,0.05263157894736842
768,voter,TRUE,TRUE,usable_complete,236,0.4777327935222672
768,voter,TRUE,TRUE,usable_complete_limited_metadata,4,0.008097165991902834
768,voter,TRUE,TRUE,usable_partial,138,0.2793522267206478
769,abstention,FALSE,FALSE,no_determinants,31,0.06126482213438735
769,abstention,FALSE,FALSE,too_many_missing_determinants,5,0.009881422924901186
769,abstention,TRUE,TRUE,usable_complete,386,0.7628458498023716
769,abstention,TRUE,TRUE,usable_complete_limited_metadata,16,0.03162055335968379
769,abstention,TRUE,TRUE,usable_partial,65,0.12845849802371542
769,abstention,TRUE,TRUE,usable_partial_limited_metadata,3,0.005928853754940711
769,voter,FALSE,FALSE,no_determinants,75,0.15182186234817813
769,voter,FALSE,FALSE,suspicious_determinants,5,0.010121457489878543
769,voter,FALSE,FALSE,too_many_missing_determinants,35,0.0708502024291498
769,voter,TRUE,TRUE,usable_complete,248,0.5020242914979757
769,voter,TRUE,TRUE,usable_complete_limited_metadata,5,0.010121457489878543
769,voter,TRUE,TRUE,usable_partial,125,0.25303643724696356
769,voter,TRUE,TRUE,usable_partial_limited_metadata,1,0.0020242914979757085
770,abstention,FALSE,FALSE,no_determinants,31,0.06126482213438735
770,abstention,FALSE,FALSE,suspicious_determinants,2,0.003952569169960474
770,abstention,FALSE,FALSE,too_many_missing_determinants,3,0.005928853754940711
770,abstention,TRUE,TRUE,usable_complete,390,0.7707509881422925
770,abstention,TRUE,TRUE,usable_complete_limited_metadata,20,0.039525691699604744
770,abstention,TRUE,TRUE,usable_partial,59,0.116600790513834
770,abstention,TRUE,TRUE,usable_partial_limited_metadata,1,0.001976284584980237
770,voter,FALSE,FALSE,no_determinants,81,0.16396761133603238
770,voter,FALSE,FALSE,suspicious_determinants,4,0.008097165991902834
770,voter,FALSE,FALSE,too_many_missing_determinants,31,0.06275303643724696
770,voter,TRUE,TRUE,usable_complete,252,0.5101214574898786
770,voter,TRUE,TRUE,usable_complete_limited_metadata,8,0.016194331983805668
770,voter,TRUE,TRUE,usable_partial,117,0.23684210526315788
770,voter,TRUE,TRUE,usable_partial_limited_metadata,1,0.0020242914979757085
771,abstention,FALSE,FALSE,no_determinants,25,0.04940711462450593
771,abstention,FALSE,FALSE,suspicious_determinants,2,0.003952569169960474
771,abstention,FALSE,FALSE,too_many_missing_determinants,2,0.003952569169960474
771,abstention,TRUE,TRUE,usable_complete,395,0.7806324110671937
771,abstention,TRUE,TRUE,usable_complete_limited_metadata,31,0.06126482213438735
771,abstention,TRUE,TRUE,usable_partial,48,0.09486166007905138
771,abstention,TRUE,TRUE,usable_partial_limited_metadata,3,0.005928853754940711
771,voter,FALSE,FALSE,no_determinants,83,0.1680161943319838
771,voter,FALSE,FALSE,suspicious_determinants,4,0.008097165991902834
771,voter,FALSE,FALSE,too_many_missing_determinants,34,0.06882591093117409
771,voter,TRUE,TRUE,usable_complete,241,0.48785425101214575
771,voter,TRUE,TRUE,usable_complete_limited_metadata,5,0.010121457489878543
771,voter,TRUE,TRUE,usable_partial,127,0.25708502024291496
772,abstention,FALSE,FALSE,no_determinants,41,0.08102766798418973
772,abstention,FALSE,FALSE,suspicious_determinants,2,0.003952569169960474
772,abstention,FALSE,FALSE,too_many_missing_determinants,6,0.011857707509881422
772,abstention,TRUE,TRUE,usable_complete,388,0.766798418972332
772,abstention,TRUE,TRUE,usable_complete_limited_metadata,25,0.04940711462450593
772,abstention,TRUE,TRUE,usable_partial,39,0.07707509881422925
772,abstention,TRUE,TRUE,usable_partial_limited_metadata,5,0.009881422924901186
772,voter,FALSE,FALSE,no_determinants,76,0.15384615384615385
772,voter,FALSE,FALSE,suspicious_determinants,2,0.004048582995951417
772,voter,FALSE,FALSE,too_many_missing_determinants,19,0.038461538461538464
772,voter,TRUE,TRUE,usable_complete,255,0.5161943319838057
772,voter,TRUE,TRUE,usable_complete_limited_metadata,9,0.018218623481781375
772,voter,TRUE,TRUE,usable_partial,132,0.26720647773279355
772,voter,TRUE,TRUE,usable_partial_limited_metadata,1,0.0020242914979757085
773,abstention,FALSE,FALSE,no_determinants,29,0.05731225296442688
773,abstention,FALSE,FALSE,too_many_missing_determinants,7,0.01383399209486166
773,abstention,TRUE,TRUE,usable_complete,391,0.7727272727272727
773,abstention,TRUE,TRUE,usable_complete_limited_metadata,19,0.037549407114624504
773,abstention,TRUE,TRUE,usable_partial,57,0.11264822134387352
773,abstention,TRUE,TRUE,usable_partial_limited_metadata,3,0.005928853754940711
773,voter,FALSE,FALSE,no_determinants,74,0.14979757085020243
773,voter,FALSE,FALSE,suspicious_determinants,2,0.004048582995951417
773,voter,FALSE,FALSE,too_many_missing_determinants,32,0.06477732793522267
773,voter,TRUE,TRUE,usable_complete,264,0.5344129554655871
773,voter,TRUE,TRUE,usable_complete_limited_metadata,6,0.012145748987854251
773,voter,TRUE,TRUE,usable_partial,116,0.23481781376518218
774,abstention,FALSE,FALSE,no_determinants,30,0.05928853754940711
774,abstention,FALSE,FALSE,suspicious_determinants,2,0.003952569169960474
774,abstention,FALSE,FALSE,too_many_missing_determinants,3,0.005928853754940711
774,abstention,TRUE,TRUE,usable_complete,400,0.7905138339920948
774,abstention,TRUE,TRUE,usable_complete_limited_metadata,22,0.043478260869565216
774,abstention,TRUE,TRUE,usable_partial,49,0.09683794466403162
774,voter,FALSE,FALSE,no_determinants,77,0.15587044534412955
774,voter,FALSE,FALSE,suspicious_determinants,4,0.008097165991902834
774,voter,FALSE,FALSE,too_many_missing_determinants,28,0.05668016194331984
774,voter,TRUE,TRUE,usable_complete,264,0.5344129554655871
774,voter,TRUE,TRUE,usable_complete_limited_metadata,6,0.012145748987854251
774,voter,TRUE,TRUE,usable_partial,115,0.23279352226720648
775,abstention,FALSE,FALSE,no_determinants,36,0.07114624505928854
775,abstention,FALSE,FALSE,too_many_missing_determinants,6,0.011857707509881422
775,abstention,TRUE,TRUE,usable_complete,384,0.758893280632411
775,abstention,TRUE,TRUE,usable_complete_limited_metadata,16,0.03162055335968379
775,abstention,TRUE,TRUE,usable_partial,57,0.11264822134387352
775,abstention,TRUE,TRUE,usable_partial_limited_metadata,7,0.01383399209486166
775,voter,FALSE,FALSE,no_determinants,65,0.13157894736842105
775,voter,FALSE,FALSE,suspicious_determinants,2,0.004048582995951417
775,voter,FALSE,FALSE,too_many_missing_determinants,23,0.0465587044534413
775,voter,TRUE,TRUE,usable_complete,262,0.5303643724696356
775,voter,TRUE,TRUE,usable_complete_limited_metadata,10,0.020242914979757085
775,voter,TRUE,TRUE,usable_partial,130,0.2631578947368421
775,voter,TRUE,TRUE,usable_partial_limited_metadata,2,0.004048582995951417
776,abstention,FALSE,FALSE,no_determinants,29,0.05731225296442688
776,abstention,FALSE,FALSE,suspicious_determinants,1,0.001976284584980237
776,abstention,FALSE,FALSE,too_many_missing_determinants,6,0.011857707509881422
776,abstention,TRUE,TRUE,usable_complete,406,0.8023715415019763
776,abstention,TRUE,TRUE,usable_complete_limited_metadata,23,0.045454545454545456
776,abstention,TRUE,TRUE,usable_partial,39,0.07707509881422925
776,abstention,TRUE,TRUE,usable_partial_limited_metadata,2,0.003952569169960474
776,voter,FALSE,FALSE,no_determinants,68,0.13765182186234817
776,voter,FALSE,FALSE,suspicious_determinants,3,0.006072874493927126
776,voter,FALSE,FALSE,too_many_missing_determinants,20,0.04048582995951417
776,voter,TRUE,TRUE,usable_complete,258,0.5222672064777328
776,voter,TRUE,TRUE,usable_complete_limited_metadata,5,0.010121457489878543
776,voter,TRUE,TRUE,usable_partial,140,0.2834008097165992
777,abstention,FALSE,FALSE,no_determinants,39,0.07707509881422925
777,abstention,FALSE,FALSE,suspicious_determinants,1,0.001976284584980237
777,abstention,FALSE,FALSE,too_many_missing_determinants,5,0.009881422924901186
777,abstention,TRUE,TRUE,usable_complete,403,0.7964426877470355
777,abstention,TRUE,TRUE,usable_complete_limited_metadata,15,0.029644268774703556
777,abstention,TRUE,TRUE,usable_partial,42,0.08300395256916997
777,abstention,TRUE,TRUE,usable_partial_limited_metadata,1,0.001976284584980237
777,voter,FALSE,FALSE,no_determinants,66,0.13360323886639677
777,voter,FALSE,FALSE,suspicious_determinants,2,0.004048582995951417
777,voter,FALSE,FALSE,too_many_missing_determinants,22,0.044534412955465584
777,voter,TRUE,TRUE,usable_complete,289,0.5850202429149798
777,voter,TRUE,TRUE,usable_complete_limited_metadata,5,0.010121457489878543
777,voter,TRUE,TRUE,usable_partial,110,0.22267206477732793
778,abstention,FALSE,FALSE,no_determinants,25,0.04940711462450593
778,abstention,FALSE,FALSE,suspicious_determinants,2,0.003952569169960474
778,abstention,FALSE,FALSE,too_many_missing_determinants,5,0.009881422924901186
778,abstention,TRUE,TRUE,usable_complete,402,0.7944664031620553
778,abstention,TRUE,TRUE,usable_complete_limited_metadata,24,0.04743083003952569
778,abstention,TRUE,TRUE,usable_partial,46,0.09090909090909091
778,abstention,TRUE,TRUE,usable_partial_limited_metadata,2,0.003952569169960474
778,voter,FALSE,FALSE,no_determinants,82,0.1659919028340081
778,voter,FALSE,FALSE,suspicious_determinants,3,0.006072874493927126
778,voter,FALSE,FALSE,too_many_missing_determinants,35,0.0708502024291498
778,voter,TRUE,TRUE,usable_complete,243,0.49190283400809715
778,voter,TRUE,TRUE,usable_complete_limited_metadata,5,0.010121457489878543
778,voter,TRUE,TRUE,usable_partial,124,0.25101214574898784
778,voter,TRUE,TRUE,usable_partial_limited_metadata,2,0.004048582995951417
779,abstention,FALSE,FALSE,no_determinants,25,0.04940711462450593
779,abstention,FALSE,FALSE,too_many_missing_determinants,2,0.003952569169960474
779,abstention,TRUE,TRUE,usable_complete,405,0.8003952569169961
779,abstention,TRUE,TRUE,usable_complete_limited_metadata,18,0.03557312252964427
779,abstention,TRUE,TRUE,usable_partial,54,0.1067193675889328
779,abstention,TRUE,TRUE,usable_partial_limited_metadata,2,0.003952569169960474
779,voter,FALSE,FALSE,no_determinants,88,0.17813765182186234
779,voter,FALSE,FALSE,suspicious_determinants,6,0.012145748987854251
779,voter,FALSE,FALSE,too_many_missing_determinants,20,0.04048582995951417
779,voter,TRUE,TRUE,usable_complete,244,0.4939271255060729
779,voter,TRUE,TRUE,usable_complete_limited_metadata,2,0.004048582995951417
779,voter,TRUE,TRUE,usable_partial,133,0.2692307692307692
779,voter,TRUE,TRUE,usable_partial_limited_metadata,1,0.0020242914979757085
780,abstention,FALSE,FALSE,no_determinants,27,0.0533596837944664
780,abstention,FALSE,FALSE,suspicious_determinants,1,0.001976284584980237
780,abstention,FALSE,FALSE,too_many_missing_determinants,2,0.003952569169960474
780,abstention,TRUE,TRUE,usable_complete,400,0.7905138339920948
780,abstention,TRUE,TRUE,usable_complete_limited_metadata,22,0.043478260869565216
780,abstention,TRUE,TRUE,usable_partial,51,0.1007905138339921
780,abstention,TRUE,TRUE,usable_partial_limited_metadata,3,0.005928853754940711
780,voter,FALSE,FALSE,no_determinants,67,0.13562753036437247
780,voter,FALSE,FALSE,suspicious_determinants,3,0.006072874493927126
780,voter,FALSE,FALSE,too_many_missing_determinants,25,0.05060728744939271
780,voter,TRUE,TRUE,usable_complete,258,0.5222672064777328
780,voter,TRUE,TRUE,usable_complete_limited_metadata,5,0.010121457489878543
780,voter,TRUE,TRUE,usable_partial,134,0.27125506072874495
780,voter,TRUE,TRUE,usable_partial_limited_metadata,2,0.004048582995951417
781,abstention,FALSE,FALSE,no_determinants,25,0.04940711462450593
781,abstention,FALSE,FALSE,suspicious_determinants,1,0.001976284584980237
781,abstention,FALSE,FALSE,too_many_missing_determinants,6,0.011857707509881422
781,abstention,TRUE,TRUE,usable_complete,414,0.8181818181818182
781,abstention,TRUE,TRUE,usable_complete_limited_metadata,14,0.02766798418972332
781,abstention,TRUE,TRUE,usable_partial,43,0.08498023715415019
781,abstention,TRUE,TRUE,usable_partial_limited_metadata,3,0.005928853754940711
781,voter,FALSE,FALSE,no_determinants,71,0.1437246963562753
781,voter,FALSE,FALSE,suspicious_determinants,4,0.008097165991902834
781,voter,FALSE,FALSE,too_many_missing_determinants,23,0.0465587044534413
781,voter,TRUE,TRUE,usable_complete,265,0.5364372469635628
781,voter,TRUE,TRUE,usable_complete_limited_metadata,3,0.006072874493927126
781,voter,TRUE,TRUE,usable_partial,127,0.25708502024291496
781,voter,TRUE,TRUE,usable_partial_limited_metadata,1,0.0020242914979757085
782,abstention,FALSE,FALSE,no_determinants,26,0.05138339920948617
782,abstention,FALSE,FALSE,suspicious_determinants,4,0.007905138339920948
782,abstention,FALSE,FALSE,too_many_missing_determinants,5,0.009881422924901186
782,abstention,TRUE,TRUE,usable_complete,407,0.8043478260869565
782,abstention,TRUE,TRUE,usable_complete_limited_metadata,17,0.03359683794466403
782,abstention,TRUE,TRUE,usable_partial,46,0.09090909090909091
782,abstention,TRUE,TRUE,usable_partial_limited_metadata,1,0.001976284584980237
782,voter,FALSE,FALSE,no_determinants,86,0.17408906882591094
782,voter,FALSE,FALSE,suspicious_determinants,3,0.006072874493927126
782,voter,FALSE,FALSE,too_many_missing_determinants,23,0.0465587044534413
782,voter,TRUE,TRUE,usable_complete,250,0.5060728744939271
782,voter,TRUE,TRUE,usable_complete_limited_metadata,8,0.016194331983805668
782,voter,TRUE,TRUE,usable_partial,124,0.25101214574898784
783,abstention,FALSE,FALSE,no_determinants,39,0.07707509881422925
783,abstention,FALSE,FALSE,suspicious_determinants,3,0.005928853754940711
783,abstention,FALSE,FALSE,too_many_missing_determinants,10,0.019762845849802372
783,abstention,TRUE,TRUE,usable_complete,393,0.7766798418972332
783,abstention,TRUE,TRUE,usable_complete_limited_metadata,16,0.03162055335968379
783,abstention,TRUE,TRUE,usable_partial,43,0.08498023715415019
783,abstention,TRUE,TRUE,usable_partial_limited_metadata,2,0.003952569169960474
783,voter,FALSE,FALSE,no_determinants,67,0.13562753036437247
783,voter,FALSE,FALSE,suspicious_determinants,5,0.010121457489878543
783,voter,FALSE,FALSE,too_many_missing_determinants,30,0.06072874493927125
783,voter,TRUE,TRUE,usable_complete,256,0.5182186234817814
783,voter,TRUE,TRUE,usable_complete_limited_metadata,10,0.020242914979757085
783,voter,TRUE,TRUE,usable_partial,124,0.25101214574898784
783,voter,TRUE,TRUE,usable_partial_limited_metadata,2,0.004048582995951417
784,abstention,FALSE,FALSE,no_determinants,29,0.05731225296442688
784,abstention,FALSE,FALSE,suspicious_determinants,1,0.001976284584980237
784,abstention,FALSE,FALSE,too_many_missing_determinants,5,0.009881422924901186
784,abstention,TRUE,TRUE,usable_complete,406,0.8023715415019763
784,abstention,TRUE,TRUE,usable_complete_limited_metadata,24,0.04743083003952569
784,abstention,TRUE,TRUE,usable_partial,38,0.07509881422924901
784,abstention,TRUE,TRUE,usable_partial_limited_metadata,3,0.005928853754940711
784,voter,FALSE,FALSE,no_determinants,76,0.15384615384615385
784,voter,FALSE,FALSE,suspicious_determinants,5,0.010121457489878543
784,voter,FALSE,FALSE,too_many_missing_determinants,23,0.0465587044534413
784,voter,TRUE,TRUE,usable_complete,260,0.5263157894736842
784,voter,TRUE,TRUE,usable_complete_limited_metadata,3,0.006072874493927126
784,voter,TRUE,TRUE,usable_partial,127,0.25708502024291496
785,abstention,FALSE,FALSE,no_determinants,36,0.07114624505928854
785,abstention,FALSE,FALSE,suspicious_determinants,1,0.001976284584980237
785,abstention,FALSE,FALSE,too_many_missing_determinants,1,0.001976284584980237
785,abstention,TRUE,TRUE,usable_complete,391,0.7727272727272727
785,abstention,TRUE,TRUE,usable_complete_limited_metadata,20,0.039525691699604744
785,abstention,TRUE,TRUE,usable_partial,54,0.1067193675889328
785,abstention,TRUE,TRUE,usable_partial_limited_metadata,3,0.005928853754940711
785,voter,FALSE,FALSE,no_determinants,83,0.1680161943319838
785,voter,FALSE,FALSE,suspicious_determinants,3,0.006072874493927126
785,voter,FALSE,FALSE,too_many_missing_determinants,29,0.058704453441295545
785,voter,TRUE,TRUE,usable_complete,244,0.4939271255060729
785,voter,TRUE,TRUE,usable_complete_limited_metadata,8,0.016194331983805668
785,voter,TRUE,TRUE,usable_partial,127,0.25708502024291496
786,abstention,FALSE,FALSE,no_determinants,35,0.0691699604743083
786,abstention,FALSE,FALSE,too_many_missing_determinants,6,0.011857707509881422
786,abstention,TRUE,TRUE,usable_complete,389,0.7687747035573123
786,abstention,TRUE,TRUE,usable_complete_limited_metadata,21,0.041501976284584984
786,abstention,TRUE,TRUE,usable_partial,49,0.09683794466403162
786,abstention,TRUE,TRUE,usable_partial_limited_metadata,6,0.011857707509881422
786,voter,FALSE,FALSE,no_determinants,77,0.15587044534412955
786,voter,FALSE,FALSE,suspicious_determinants,1,0.0020242914979757085
786,voter,FALSE,FALSE,too_many_missing_determinants,24,0.048582995951417005
786,voter,TRUE,TRUE,usable_complete,253,0.5121457489878543
786,voter,TRUE,TRUE,usable_complete_limited_metadata,6,0.012145748987854251
786,voter,TRUE,TRUE,usable_partial,133,0.2692307692307692
787,abstention,FALSE,FALSE,no_determinants,30,0.05928853754940711
787,abstention,FALSE,FALSE,too_many_missing_determinants,4,0.007905138339920948
787,abstention,TRUE,TRUE,usable_complete,407,0.8043478260869565
787,abstention,TRUE,TRUE,usable_complete_limited_metadata,19,0.037549407114624504
787,abstention,TRUE,TRUE,usable_partial,46,0.09090909090909091
787,voter,FALSE,FALSE,no_determinants,73,0.14777327935222673
787,voter,FALSE,FALSE,suspicious_determinants,7,0.01417004048582996
787,voter,FALSE,FALSE,too_many_missing_determinants,24,0.048582995951417005
787,voter,TRUE,TRUE,usable_complete,268,0.5425101214574899
787,voter,TRUE,TRUE,usable_complete_limited_metadata,3,0.006072874493927126
787,voter,TRUE,TRUE,usable_partial,117,0.23684210526315788
787,voter,TRUE,TRUE,usable_partial_limited_metadata,2,0.004048582995951417
788,abstention,FALSE,FALSE,no_determinants,16,0.03162055335968379
788,abstention,FALSE,FALSE,too_many_missing_determinants,4,0.007905138339920948
788,abstention,TRUE,TRUE,usable_complete,424,0.8379446640316206
788,abstention,TRUE,TRUE,usable_complete_limited_metadata,17,0.03359683794466403
788,abstention,TRUE,TRUE,usable_partial,42,0.08300395256916997
788,abstention,TRUE,TRUE,usable_partial_limited_metadata,3,0.005928853754940711
788,voter,FALSE,FALSE,no_determinants,79,0.15991902834008098
788,voter,FALSE,FALSE,suspicious_determinants,4,0.008097165991902834
788,voter,FALSE,FALSE,too_many_missing_determinants,22,0.044534412955465584
788,voter,TRUE,TRUE,usable_complete,255,0.5161943319838057
788,voter,TRUE,TRUE,usable_complete_limited_metadata,5,0.010121457489878543
788,voter,TRUE,TRUE,usable_partial,128,0.2591093117408907
788,voter,TRUE,TRUE,usable_partial_limited_metadata,1,0.0020242914979757085
789,abstention,FALSE,FALSE,no_determinants,34,0.06719367588932806
789,abstention,FALSE,FALSE,suspicious_determinants,4,0.007905138339920948
789,abstention,FALSE,FALSE,too_many_missing_determinants,5,0.009881422924901186
789,abstention,TRUE,TRUE,usable_complete,405,0.8003952569169961
789,abstention,TRUE,TRUE,usable_complete_limited_metadata,10,0.019762845849802372
789,abstention,TRUE,TRUE,usable_partial,48,0.09486166007905138
789,voter,FALSE,FALSE,no_determinants,78,0.15789473684210525
789,voter,FALSE,FALSE,suspicious_determinants,2,0.004048582995951417
789,voter,FALSE,FALSE,too_many_missing_determinants,31,0.06275303643724696
789,voter,TRUE,TRUE,usable_complete,242,0.4898785425101215
789,voter,TRUE,TRUE,usable_complete_limited_metadata,8,0.016194331983805668
789,voter,TRUE,TRUE,usable_partial,131,0.2651821862348178
789,voter,TRUE,TRUE,usable_partial_limited_metadata,2,0.004048582995951417
790,abstention,FALSE,FALSE,no_determinants,38,0.07509881422924901
790,abstention,FALSE,FALSE,suspicious_determinants,1,0.001976284584980237
790,abstention,FALSE,FALSE,too_many_missing_determinants,3,0.005928853754940711
790,abstention,TRUE,TRUE,usable_complete,412,0.8142292490118577
790,abstention,TRUE,TRUE,usable_complete_limited_metadata,13,0.025691699604743084
790,abstention,TRUE,TRUE,usable_partial,35,0.0691699604743083
790,abstention,TRUE,TRUE,usable_partial_limited_metadata,4,0.007905138339920948
790,voter,FALSE,FALSE,no_determinants,85,0.1720647773279352
790,voter,FALSE,FALSE,suspicious_determinants,3,0.006072874493927126
790,voter,FALSE,FALSE,too_many_missing_determinants,32,0.06477732793522267
790,voter,TRUE,TRUE,usable_complete,245,0.4959514170040486
790,voter,TRUE,TRUE,usable_complete_limited_metadata,6,0.012145748987854251
790,voter,TRUE,TRUE,usable_partial,122,0.24696356275303644
790,voter,TRUE,TRUE,usable_partial_limited_metadata,1,0.0020242914979757085
791,abstention,FALSE,FALSE,no_determinants,35,0.0691699604743083
791,abstention,FALSE,FALSE,suspicious_determinants,3,0.005928853754940711
791,abstention,FALSE,FALSE,too_many_missing_determinants,5,0.009881422924901186
791,abstention,TRUE,TRUE,usable_complete,391,0.7727272727272727
791,abstention,TRUE,TRUE,usable_complete_limited_metadata,25,0.04940711462450593
791,abstention,TRUE,TRUE,usable_partial,46,0.09090909090909091
791,abstention,TRUE,TRUE,usable_partial_limited_metadata,1,0.001976284584980237
791,voter,FALSE,FALSE,no_determinants,85,0.1720647773279352
791,voter,FALSE,FALSE,suspicious_determinants,5,0.010121457489878543
791,voter,FALSE,FALSE,too_many_missing_determinants,27,0.05465587044534413
791,voter,TRUE,TRUE,usable_complete,243,0.49190283400809715
791,voter,TRUE,TRUE,usable_complete_limited_metadata,8,0.016194331983805668
791,voter,TRUE,TRUE,usable_partial,124,0.25101214574898784
791,voter,TRUE,TRUE,usable_partial_limited_metadata,2,0.004048582995951417
792,abstention,FALSE,FALSE,no_determinants,33,0.06521739130434782
792,abstention,FALSE,FALSE,suspicious_determinants,1,0.001976284584980237
792,abstention,FALSE,FALSE,too_many_missing_determinants,9,0.017786561264822136
792,abstention,TRUE,TRUE,usable_complete,393,0.7766798418972332
792,abstention,TRUE,TRUE,usable_complete_limited_metadata,21,0.041501976284584984
792,abstention,TRUE,TRUE,usable_partial,46,0.09090909090909091
792,abstention,TRUE,TRUE,usable_partial_limited_metadata,3,0.005928853754940711
792,voter,FALSE,FALSE,no_determinants,78,0.15789473684210525
792,voter,FALSE,FALSE,suspicious_determinants,3,0.006072874493927126
792,voter,FALSE,FALSE,too_many_missing_determinants,31,0.06275303643724696
792,voter,TRUE,TRUE,usable_complete,250,0.5060728744939271
792,voter,TRUE,TRUE,usable_complete_limited_metadata,7,0.01417004048582996
792,voter,TRUE,TRUE,usable_partial,123,0.24898785425101214
792,voter,TRUE,TRUE,usable_partial_limited_metadata,2,0.004048582995951417
793,abstention,FALSE,FALSE,no_determinants,30,0.05928853754940711
793,abstention,FALSE,FALSE,suspicious_determinants,4,0.007905138339920948
793,abstention,FALSE,FALSE,too_many_missing_determinants,7,0.01383399209486166
793,abstention,TRUE,TRUE,usable_complete,393,0.7766798418972332
793,abstention,TRUE,TRUE,usable_complete_limited_metadata,26,0.05138339920948617
793,abstention,TRUE,TRUE,usable_partial,46,0.09090909090909091
793,voter,FALSE,FALSE,no_determinants,79,0.15991902834008098
793,voter,FALSE,FALSE,suspicious_determinants,1,0.0020242914979757085
793,voter,FALSE,FALSE,too_many_missing_determinants,30,0.06072874493927125
793,voter,TRUE,TRUE,usable_complete,247,0.5
793,voter,TRUE,TRUE,usable_complete_limited_metadata,6,0.012145748987854251
793,voter,TRUE,TRUE,usable_partial,129,0.2611336032388664
793,voter,TRUE,TRUE,usable_partial_limited_metadata,2,0.004048582995951417
794,abstention,FALSE,FALSE,no_determinants,33,0.06521739130434782
794,abstention,FALSE,FALSE,suspicious_determinants,1,0.001976284584980237
794,abstention,FALSE,FALSE,too_many_missing_determinants,2,0.003952569169960474
794,abstention,TRUE,TRUE,usable_complete,400,0.7905138339920948
794,abstention,TRUE,TRUE,usable_complete_limited_metadata,28,0.05533596837944664
794,abstention,TRUE,TRUE,usable_partial,39,0.07707509881422925
794,abstention,TRUE,TRUE,usable_partial_limited_metadata,3,0.005928853754940711
794,voter,FALSE,FALSE,no_determinants,72,0.145748987854251
794,voter,FALSE,FALSE,suspicious_determinants,3,0.006072874493927126
794,voter,FALSE,FALSE,too_many_missing_determinants,23,0.0465587044534413
794,voter,TRUE,TRUE,usable_complete,257,0.520242914979757
794,voter,TRUE,TRUE,usable_complete_limited_metadata,6,0.012145748987854251
794,voter,TRUE,TRUE,usable_partial,133,0.2692307692307692
795,abstention,FALSE,FALSE,no_determinants,27,0.0533596837944664
795,abstention,FALSE,FALSE,too_many_missing_determinants,4,0.007905138339920948
795,abstention,TRUE,TRUE,usable_complete,391,0.7727272727272727
795,abstention,TRUE,TRUE,usable_complete_limited_metadata,25,0.04940711462450593
795,abstention,TRUE,TRUE,usable_partial,58,0.11462450592885376
795,abstention,TRUE,TRUE,usable_partial_limited_metadata,1,0.001976284584980237
795,voter,FALSE,FALSE,no_determinants,88,0.17813765182186234
795,voter,FALSE,FALSE,suspicious_determinants,6,0.012145748987854251
795,voter,FALSE,FALSE,too_many_missing_determinants,23,0.0465587044534413
795,voter,TRUE,TRUE,usable_complete,251,0.5080971659919028
795,voter,TRUE,TRUE,usable_complete_limited_metadata,8,0.016194331983805668
795,voter,TRUE,TRUE,usable_partial,118,0.2388663967611336
796,abstention,FALSE,FALSE,no_determinants,38,0.07509881422924901
796,abstention,FALSE,FALSE,suspicious_determinants,2,0.003952569169960474
796,abstention,FALSE,FALSE,too_many_missing_determinants,4,0.007905138339920948
796,abstention,TRUE,TRUE,usable_complete,401,0.7924901185770751
796,abstention,TRUE,TRUE,usable_complete_limited_metadata,14,0.02766798418972332
796,abstention,TRUE,TRUE,usable_partial,46,0.09090909090909091
796,abstention,TRUE,TRUE,usable_partial_limited_metadata,1,0.001976284584980237
796,voter,FALSE,FALSE,no_determinants,79,0.15991902834008098
796,voter,FALSE,FALSE,suspicious_determinants,3,0.006072874493927126
796,voter,FALSE,FALSE,too_many_missing_determinants,32,0.06477732793522267
796,voter,TRUE,TRUE,usable_complete,251,0.5080971659919028
796,voter,TRUE,TRUE,usable_complete_limited_metadata,6,0.012145748987854251
796,voter,TRUE,TRUE,usable_partial,122,0.24696356275303644
796,voter,TRUE,TRUE,usable_partial_limited_metadata,1,0.0020242914979757085
797,abstention,FALSE,FALSE,no_determinants,34,0.06719367588932806
797,abstention,FALSE,FALSE,suspicious_determinants,1,0.001976284584980237
797,abstention,FALSE,FALSE,too_many_missing_determinants,3,0.005928853754940711
797,abstention,TRUE,TRUE,usable_complete,395,0.7806324110671937
797,abstention,TRUE,TRUE,usable_complete_limited_metadata,21,0.041501976284584984
797,abstention,TRUE,TRUE,usable_partial,51,0.1007905138339921
797,abstention,TRUE,TRUE,usable_partial_limited_metadata,1,0.001976284584980237
797,voter,FALSE,FALSE,no_determinants,92,0.1862348178137652
797,voter,FALSE,FALSE,suspicious_determinants,3,0.006072874493927126
797,voter,FALSE,FALSE,too_many_missing_determinants,36,0.0728744939271255
797,voter,TRUE,TRUE,usable_complete,237,0.4797570850202429
797,voter,TRUE,TRUE,usable_complete_limited_metadata,8,0.016194331983805668
797,voter,TRUE,TRUE,usable_partial,117,0.23684210526315788
797,voter,TRUE,TRUE,usable_partial_limited_metadata,1,0.0020242914979757085
798,abstention,FALSE,FALSE,no_determinants,28,0.05533596837944664
798,abstention,FALSE,FALSE,suspicious_determinants,2,0.003952569169960474
798,abstention,FALSE,FALSE,too_many_missing_determinants,6,0.011857707509881422
798,abstention,TRUE,TRUE,usable_complete,406,0.8023715415019763
798,abstention,TRUE,TRUE,usable_complete_limited_metadata,12,0.023715415019762844
798,abstention,TRUE,TRUE,usable_partial,48,0.09486166007905138
798,abstention,TRUE,TRUE,usable_partial_limited_metadata,4,0.007905138339920948
798,voter,FALSE,FALSE,no_determinants,75,0.15182186234817813
798,voter,FALSE,FALSE,suspicious_determinants,3,0.006072874493927126
798,voter,FALSE,FALSE,too_many_missing_determinants,20,0.04048582995951417
798,voter,TRUE,TRUE,usable_complete,251,0.5080971659919028
798,voter,TRUE,TRUE,usable_complete_limited_metadata,8,0.016194331983805668
798,voter,TRUE,TRUE,usable_partial,135,0.2732793522267207
798,voter,TRUE,TRUE,usable_partial_limited_metadata,2,0.004048582995951417
799,abstention,FALSE,FALSE,no_determinants,23,0.045454545454545456
799,abstention,FALSE,FALSE,suspicious_determinants,1,0.001976284584980237
799,abstention,FALSE,FALSE,too_many_missing_determinants,4,0.007905138339920948
799,abstention,TRUE,TRUE,usable_complete,394,0.7786561264822134
799,abstention,TRUE,TRUE,usable_complete_limited_metadata,19,0.037549407114624504
799,abstention,TRUE,TRUE,usable_partial,61,0.12055335968379446
799,abstention,TRUE,TRUE,usable_partial_limited_metadata,4,0.007905138339920948
799,voter,FALSE,FALSE,no_determinants,66,0.13360323886639677
799,voter,FALSE,FALSE,suspicious_determinants,2,0.004048582995951417
799,voter,FALSE,FALSE,too_many_missing_determinants,35,0.0708502024291498
799,voter,TRUE,TRUE,usable_complete,254,0.5141700404858299
799,voter,TRUE,TRUE,usable_complete_limited_metadata,9,0.018218623481781375
799,voter,TRUE,TRUE,usable_partial,128,0.2591093117408907
800,abstention,FALSE,FALSE,no_determinants,38,0.07509881422924901
800,abstention,FALSE,FALSE,suspicious_determinants,2,0.003952569169960474
800,abstention,FALSE,FALSE,too_many_missing_determinants,2,0.003952569169960474
800,abstention,TRUE,TRUE,usable_complete,399,0.7885375494071146
800,abstention,TRUE,TRUE,usable_complete_limited_metadata,17,0.03359683794466403
800,abstention,TRUE,TRUE,usable_partial,46,0.09090909090909091
800,abstention,TRUE,TRUE,usable_partial_limited_metadata,2,0.003952569169960474
800,voter,FALSE,FALSE,no_determinants,75,0.15182186234817813
800,voter,FALSE,FALSE,suspicious_determinants,3,0.006072874493927126
800,voter,FALSE,FALSE,too_many_missing_determinants,27,0.05465587044534413
800,voter,TRUE,TRUE,usable_complete,246,0.4979757085020243
800,voter,TRUE,TRUE,usable_complete_limited_metadata,12,0.024291497975708502
800,voter,TRUE,TRUE,usable_partial,131,0.2651821862348178
801,abstention,FALSE,FALSE,no_determinants,33,0.06521739130434782
801,abstention,FALSE,FALSE,suspicious_determinants,1,0.001976284584980237
801,abstention,FALSE,FALSE,too_many_missing_determinants,2,0.003952569169960474
801,abstention,TRUE,TRUE,usable_complete,401,0.7924901185770751
801,abstention,TRUE,TRUE,usable_complete_limited_metadata,14,0.02766798418972332
801,abstention,TRUE,TRUE,usable_partial,53,0.10474308300395258
801,abstention,TRUE,TRUE,usable_partial_limited_metadata,2,0.003952569169960474
801,voter,FALSE,FALSE,no_determinants,84,0.1700404858299595
801,voter,FALSE,FALSE,suspicious_determinants,1,0.0020242914979757085
801,voter,FALSE,FALSE,too_many_missing_determinants,26,0.05263157894736842
801,voter,TRUE,TRUE,usable_complete,246,0.4979757085020243
801,voter,TRUE,TRUE,usable_complete_limited_metadata,10,0.020242914979757085
801,voter,TRUE,TRUE,usable_partial,126,0.2550607287449393
801,voter,TRUE,TRUE,usable_partial_limited_metadata,1,0.0020242914979757085
802,abstention,FALSE,FALSE,no_determinants,26,0.05138339920948617
802,abstention,FALSE,FALSE,suspicious_determinants,3,0.005928853754940711
802,abstention,FALSE,FALSE,too_many_missing_determinants,2,0.003952569169960474
802,abstention,TRUE,TRUE,usable_complete,395,0.7806324110671937
802,abstention,TRUE,TRUE,usable_complete_limited_metadata,29,0.05731225296442688
802,abstention,TRUE,TRUE,usable_partial,51,0.1007905138339921
802,voter,FALSE,FALSE,no_determinants,89,0.18016194331983806
802,voter,FALSE,FALSE,suspicious_determinants,2,0.004048582995951417
802,voter,FALSE,FALSE,too_many_missing_determinants,22,0.044534412955465584
802,voter,TRUE,TRUE,usable_complete,258,0.5222672064777328
802,voter,TRUE,TRUE,usable_complete_limited_metadata,6,0.012145748987854251
802,voter,TRUE,TRUE,usable_partial,113,0.22874493927125505
802,voter,TRUE,TRUE,usable_partial_limited_metadata,4,0.008097165991902834
803,abstention,FALSE,FALSE,no_determinants,30,0.05928853754940711
803,abstention,FALSE,FALSE,too_many_missing_determinants,7,0.01383399209486166
803,abstention,TRUE,TRUE,usable_complete,406,0.8023715415019763
803,abstention,TRUE,TRUE,usable_complete_limited_metadata,8,0.015810276679841896
803,abstention,TRUE,TRUE,usable_partial,53,0.10474308300395258
803,abstention,TRUE,TRUE,usable_partial_limited_metadata,2,0.003952569169960474
803,voter,FALSE,FALSE,no_determinants,89,0.18016194331983806
803,voter,FALSE,FALSE,suspicious_determinants,8,0.016194331983805668
803,voter,FALSE,FALSE,too_many_missing_determinants,21,0.04251012145748988
803,voter,TRUE,TRUE,usable_complete,237,0.4797570850202429
803,voter,TRUE,TRUE,usable_complete_limited_metadata,4,0.008097165991902834
803,voter,TRUE,TRUE,usable_partial,133,0.2692307692307692
803,voter,TRUE,TRUE,usable_partial_limited_metadata,2,0.004048582995951417
804,abstention,FALSE,FALSE,no_determinants,23,0.045454545454545456
804,abstention,FALSE,FALSE,too_many_missing_determinants,7,0.01383399209486166
804,abstention,TRUE,TRUE,usable_complete,410,0.8102766798418972
804,abstention,TRUE,TRUE,usable_complete_limited_metadata,18,0.03557312252964427
804,abstention,TRUE,TRUE,usable_partial,46,0.09090909090909091
804,abstention,TRUE,TRUE,usable_partial_limited_metadata,2,0.003952569169960474
804,voter,FALSE,FALSE,no_determinants,90,0.18218623481781376
804,voter,FALSE,FALSE,suspicious_determinants,6,0.012145748987854251
804,voter,FALSE,FALSE,too_many_missing_determinants,23,0.0465587044534413
804,voter,TRUE,TRUE,usable_complete,241,0.48785425101214575
804,voter,TRUE,TRUE,usable_complete_limited_metadata,6,0.012145748987854251
804,voter,TRUE,TRUE,usable_partial,127,0.25708502024291496
804,voter,TRUE,TRUE,usable_partial_limited_metadata,1,0.0020242914979757085
805,abstention,FALSE,FALSE,no_determinants,33,0.06521739130434782
805,abstention,FALSE,FALSE,suspicious_determinants,1,0.001976284584980237
805,abstention,FALSE,FALSE,too_many_missing_determinants,2,0.003952569169960474
805,abstention,TRUE,TRUE,usable_complete,414,0.8181818181818182
805,abstention,TRUE,TRUE,usable_complete_limited_metadata,15,0.029644268774703556
805,abstention,TRUE,TRUE,usable_partial,38,0.07509881422924901
805,abstention,TRUE,TRUE,usable_partial_limited_metadata,3,0.005928853754940711
805,voter,FALSE,FALSE,no_determinants,75,0.15182186234817813
805,voter,FALSE,FALSE,suspicious_determinants,2,0.004048582995951417
805,voter,FALSE,FALSE,too_many_missing_determinants,17,0.03441295546558704
805,voter,TRUE,TRUE,usable_complete,264,0.5344129554655871
805,voter,TRUE,TRUE,usable_complete_limited_metadata,11,0.022267206477732792
805,voter,TRUE,TRUE,usable_partial,124,0.25101214574898784
805,voter,TRUE,TRUE,usable_partial_limited_metadata,1,0.0020242914979757085
806,abstention,FALSE,FALSE,no_determinants,22,0.043478260869565216
806,abstention,FALSE,FALSE,suspicious_determinants,2,0.003952569169960474
806,abstention,FALSE,FALSE,too_many_missing_determinants,3,0.005928853754940711
806,abstention,TRUE,TRUE,usable_complete,410,0.8102766798418972
806,abstention,TRUE,TRUE,usable_complete_limited_metadata,19,0.037549407114624504
806,abstention,TRUE,TRUE,usable_partial,47,0.09288537549407115
806,abstention,TRUE,TRUE,usable_partial_limited_metadata,3,0.005928853754940711
806,voter,FALSE,FALSE,no_determinants,88,0.17813765182186234
806,voter,FALSE,FALSE,suspicious_determinants,3,0.006072874493927126
806,voter,FALSE,FALSE,too_many_missing_determinants,34,0.06882591093117409
806,voter,TRUE,TRUE,usable_complete,233,0.4716599190283401
806,voter,TRUE,TRUE,usable_complete_limited_metadata,6,0.012145748987854251
806,voter,TRUE,TRUE,usable_partial,128,0.2591093117408907
806,voter,TRUE,TRUE,usable_partial_limited_metadata,2,0.004048582995951417
807,abstention,FALSE,FALSE,no_determinants,32,0.06324110671936758
807,abstention,FALSE,FALSE,suspicious_determinants,3,0.005928853754940711
807,abstention,FALSE,FALSE,too_many_missing_determinants,8,0.015810276679841896
807,abstention,TRUE,TRUE,usable_complete,389,0.7687747035573123
807,abstention,TRUE,TRUE,usable_complete_limited_metadata,21,0.041501976284584984
807,abstention,TRUE,TRUE,usable_partial,52,0.10276679841897234
807,abstention,TRUE,TRUE,usable_partial_limited_metadata,1,0.001976284584980237
807,voter,FALSE,FALSE,no_determinants,77,0.15587044534412955
807,voter,FALSE,FALSE,suspicious_determinants,7,0.01417004048582996
807,voter,FALSE,FALSE,too_many_missing_determinants,20,0.04048582995951417
807,voter,TRUE,TRUE,usable_complete,263,0.5323886639676113
807,voter,TRUE,TRUE,usable_complete_limited_metadata,4,0.008097165991902834
807,voter,TRUE,TRUE,usable_partial,122,0.24696356275303644
807,voter,TRUE,TRUE,usable_partial_limited_metadata,1,0.0020242914979757085
808,abstention,FALSE,FALSE,no_determinants,29,0.05731225296442688
808,abstention,FALSE,FALSE,too_many_missing_determinants,2,0.003952569169960474
808,abstention,TRUE,TRUE,usable_complete,395,0.7806324110671937
808,abstention,TRUE,TRUE,usable_complete_limited_metadata,25,0.04940711462450593
808,abstention,TRUE,TRUE,usable_partial,54,0.1067193675889328
808,abstention,TRUE,TRUE,usable_partial_limited_metadata,1,0.001976284584980237
808,voter,FALSE,FALSE,no_determinants,75,0.15182186234817813
808,voter,FALSE,FALSE,suspicious_determinants,4,0.008097165991902834
808,voter,FALSE,FALSE,too_many_missing_determinants,24,0.048582995951417005
808,voter,TRUE,TRUE,usable_complete,261,0.52834008097166
808,voter,TRUE,TRUE,usable_complete_limited_metadata,7,0.01417004048582996
808,voter,TRUE,TRUE,usable_partial,120,0.242914979757085
808,voter,TRUE,TRUE,usable_partial_limited_metadata,3,0.006072874493927126
809,abstention,FALSE,FALSE,no_determinants,30,0.05928853754940711
809,abstention,FALSE,FALSE,too_many_missing_determinants,4,0.007905138339920948
809,abstention,TRUE,TRUE,usable_complete,402,0.7944664031620553
809,abstention,TRUE,TRUE,usable_complete_limited_metadata,23,0.045454545454545456
809,abstention,TRUE,TRUE,usable_partial,46,0.09090909090909091
809,abstention,TRUE,TRUE,usable_partial_limited_metadata,1,0.001976284584980237
809,voter,FALSE,FALSE,no_determinants,73,0.14777327935222673
809,voter,FALSE,FALSE,suspicious_determinants,6,0.012145748987854251
809,voter,FALSE,FALSE,too_many_missing_determinants,22,0.044534412955465584
809,voter,TRUE,TRUE,usable_complete,257,0.520242914979757
809,voter,TRUE,TRUE,usable_complete_limited_metadata,9,0.018218623481781375
809,voter,TRUE,TRUE,usable_partial,126,0.2550607287449393
809,voter,TRUE,TRUE,usable_partial_limited_metadata,1,0.0020242914979757085
810,abstention,FALSE,FALSE,no_determinants,26,0.05138339920948617
810,abstention,FALSE,FALSE,too_many_missing_determinants,3,0.005928853754940711
810,abstention,TRUE,TRUE,usable_complete,412,0.8142292490118577
810,abstention,TRUE,TRUE,usable_complete_limited_metadata,18,0.03557312252964427
810,abstention,TRUE,TRUE,usable_partial,43,0.08498023715415019
810,abstention,TRUE,TRUE,usable_partial_limited_metadata,4,0.007905138339920948
810,voter,FALSE,FALSE,no_determinants,85,0.1720647773279352
810,voter,FALSE,FALSE,too_many_missing_determinants,17,0.03441295546558704
810,voter,TRUE,TRUE,usable_complete,265,0.5364372469635628
810,voter,TRUE,TRUE,usable_complete_limited_metadata,5,0.010121457489878543
810,voter,TRUE,TRUE,usable_partial,121,0.24493927125506074
810,voter,TRUE,TRUE,usable_partial_limited_metadata,1,0.0020242914979757085
811,abstention,FALSE,FALSE,no_determinants,25,0.04940711462450593
811,abstention,FALSE,FALSE,too_many_missing_determinants,6,0.011857707509881422
811,abstention,TRUE,TRUE,usable_complete,401,0.7924901185770751
811,abstention,TRUE,TRUE,usable_complete_limited_metadata,16,0.03162055335968379
811,abstention,TRUE,TRUE,usable_partial,54,0.1067193675889328
811,abstention,TRUE,TRUE,usable_partial_limited_metadata,4,0.007905138339920948
811,voter,FALSE,FALSE,no_determinants,72,0.145748987854251
811,voter,FALSE,FALSE,suspicious_determinants,2,0.004048582995951417
811,voter,FALSE,FALSE,too_many_missing_determinants,25,0.05060728744939271
811,voter,TRUE,TRUE,usable_complete,264,0.5344129554655871
811,voter,TRUE,TRUE,usable_complete_limited_metadata,3,0.006072874493927126
811,voter,TRUE,TRUE,usable_partial,128,0.2591093117408907
812,abstention,FALSE,FALSE,no_determinants,31,0.06126482213438735
812,abstention,FALSE,FALSE,suspicious_determinants,2,0.003952569169960474
812,abstention,FALSE,FALSE,too_many_missing_determinants,5,0.009881422924901186
812,abstention,TRUE,TRUE,usable_complete,401,0.7924901185770751
812,abstention,TRUE,TRUE,usable_complete_limited_metadata,19,0.037549407114624504
812,abstention,TRUE,TRUE,usable_partial,44,0.08695652173913043
812,abstention,TRUE,TRUE,usable_partial_limited_metadata,4,0.007905138339920948
812,voter,FALSE,FALSE,no_determinants,73,0.14777327935222673
812,voter,FALSE,FALSE,suspicious_determinants,6,0.012145748987854251
812,voter,FALSE,FALSE,too_many_missing_determinants,24,0.048582995951417005
812,voter,TRUE,TRUE,usable_complete,246,0.4979757085020243
812,voter,TRUE,TRUE,usable_complete_limited_metadata,5,0.010121457489878543
812,voter,TRUE,TRUE,usable_partial,137,0.2773279352226721
812,voter,TRUE,TRUE,usable_partial_limited_metadata,3,0.006072874493927126
813,abstention,FALSE,FALSE,no_determinants,38,0.07509881422924901
813,abstention,FALSE,FALSE,suspicious_determinants,2,0.003952569169960474
813,abstention,FALSE,FALSE,too_many_missing_determinants,7,0.01383399209486166
813,abstention,TRUE,TRUE,usable_complete,393,0.7766798418972332
813,abstention,TRUE,TRUE,usable_complete_limited_metadata,15,0.029644268774703556
813,abstention,TRUE,TRUE,usable_partial,46,0.09090909090909091
813,abstention,TRUE,TRUE,usable_partial_limited_metadata,5,0.009881422924901186
813,voter,FALSE,FALSE,no_determinants,85,0.1720647773279352
813,voter,FALSE,FALSE,suspicious_determinants,6,0.012145748987854251
813,voter,FALSE,FALSE,too_many_missing_determinants,29,0.058704453441295545
813,voter,TRUE,TRUE,usable_complete,253,0.5121457489878543
813,voter,TRUE,TRUE,usable_complete_limited_metadata,8,0.016194331983805668
813,voter,TRUE,TRUE,usable_partial,111,0.22469635627530365
813,voter,TRUE,TRUE,usable_partial_limited_metadata,2,0.004048582995951417
814,abstention,FALSE,FALSE,no_determinants,31,0.06126482213438735
814,abstention,FALSE,FALSE,too_many_missing_determinants,6,0.011857707509881422
814,abstention,TRUE,TRUE,usable_complete,402,0.7944664031620553
814,abstention,TRUE,TRUE,usable_complete_limited_metadata,21,0.041501976284584984
814,abstention,TRUE,TRUE,usable_partial,44,0.08695652173913043
814,abstention,TRUE,TRUE,usable_partial_limited_metadata,2,0.003952569169960474
814,voter,FALSE,FALSE,no_determinants,81,0.16396761133603238
814,voter,FALSE,FALSE,suspicious_determinants,2,0.004048582995951417
814,voter,FALSE,FALSE,too_many_missing_determinants,31,0.06275303643724696
814,voter,TRUE,TRUE,usable_complete,249,0.5040485829959515
814,voter,TRUE,TRUE,usable_complete_limited_metadata,15,0.030364372469635626
814,voter,TRUE,TRUE,usable_partial,115,0.23279352226720648
814,voter,TRUE,TRUE,usable_partial_limited_metadata,1,0.0020242914979757085
815,abstention,FALSE,FALSE,no_determinants,28,0.05533596837944664
815,abstention,FALSE,FALSE,suspicious_determinants,1,0.001976284584980237
815,abstention,FALSE,FALSE,too_many_missing_determinants,3,0.005928853754940711
815,abstention,TRUE,TRUE,usable_complete,406,0.8023715415019763
815,abstention,TRUE,TRUE,usable_complete_limited_metadata,17,0.03359683794466403
815,abstention,TRUE,TRUE,usable_partial,49,0.09683794466403162
815,abstention,TRUE,TRUE,usable_partial_limited_metadata,2,0.003952569169960474
815,voter,FALSE,FALSE,no_determinants,87,0.17611336032388664
815,voter,FALSE,FALSE,suspicious_determinants,5,0.010121457489878543
815,voter,FALSE,FALSE,too_many_missing_determinants,26,0.05263157894736842
815,voter,TRUE,TRUE,usable_complete,244,0.4939271255060729
815,voter,TRUE,TRUE,usable_complete_limited_metadata,9,0.018218623481781375
815,voter,TRUE,TRUE,usable_partial,122,0.24696356275303644
815,voter,TRUE,TRUE,usable_partial_limited_metadata,1,0.0020242914979757085
816,abstention,FALSE,FALSE,no_determinants,41,0.08102766798418973
816,abstention,FALSE,FALSE,too_many_missing_determinants,2,0.003952569169960474
816,abstention,TRUE,TRUE,usable_complete,384,0.758893280632411
816,abstention,TRUE,TRUE,usable_complete_limited_metadata,24,0.04743083003952569
816,abstention,TRUE,TRUE,usable_partial,54,0.1067193675889328
816,abstention,TRUE,TRUE,usable_partial_limited_metadata,1,0.001976284584980237
816,voter,FALSE,FALSE,no_determinants,88,0.17813765182186234
816,voter,FALSE,FALSE,suspicious_determinants,1,0.0020242914979757085
816,voter,FALSE,FALSE,too_many_missing_determinants,30,0.06072874493927125
816,voter,TRUE,TRUE,usable_complete,234,0.47368421052631576
816,voter,TRUE,TRUE,usable_complete_limited_metadata,9,0.018218623481781375
816,voter,TRUE,TRUE,usable_partial,131,0.2651821862348178
816,voter,TRUE,TRUE,usable_partial_limited_metadata,1,0.0020242914979757085
817,abstention,FALSE,FALSE,no_determinants,29,0.05731225296442688
817,abstention,FALSE,FALSE,suspicious_determinants,1,0.001976284584980237
817,abstention,FALSE,FALSE,too_many_missing_determinants,7,0.01383399209486166
817,abstention,TRUE,TRUE,usable_complete,397,0.7845849802371542
817,abstention,TRUE,TRUE,usable_complete_limited_metadata,19,0.037549407114624504
817,abstention,TRUE,TRUE,usable_partial,48,0.09486166007905138
817,abstention,TRUE,TRUE,usable_partial_limited_metadata,5,0.009881422924901186
817,voter,FALSE,FALSE,no_determinants,83,0.1680161943319838
817,voter,FALSE,FALSE,suspicious_determinants,7,0.01417004048582996
817,voter,FALSE,FALSE,too_many_missing_determinants,21,0.04251012145748988
817,voter,TRUE,TRUE,usable_complete,240,0.48582995951417
817,voter,TRUE,TRUE,usable_complete_limited_metadata,8,0.016194331983805668
817,voter,TRUE,TRUE,usable_partial,135,0.2732793522267207
818,abstention,FALSE,FALSE,no_determinants,24,0.04743083003952569
818,abstention,FALSE,FALSE,too_many_missing_determinants,3,0.005928853754940711
818,abstention,TRUE,TRUE,usable_complete,415,0.8201581027667985
818,abstention,TRUE,TRUE,usable_complete_limited_metadata,21,0.041501976284584984
818,abstention,TRUE,TRUE,usable_partial,41,0.08102766798418973
818,abstention,TRUE,TRUE,usable_partial_limited_metadata,2,0.003952569169960474
818,voter,FALSE,FALSE,no_determinants,84,0.1700404858299595
818,voter,FALSE,FALSE,suspicious_determinants,4,0.008097165991902834
818,voter,FALSE,FALSE,too_many_missing_determinants,25,0.05060728744939271
818,voter,TRUE,TRUE,usable_complete,258,0.5222672064777328
818,voter,TRUE,TRUE,usable_complete_limited_metadata,3,0.006072874493927126
818,voter,TRUE,TRUE,usable_partial,120,0.242914979757085
819,abstention,FALSE,FALSE,no_determinants,35,0.0691699604743083
819,abstention,FALSE,FALSE,too_many_missing_determinants,7,0.01383399209486166
819,abstention,TRUE,TRUE,usable_complete,402,0.7944664031620553
819,abstention,TRUE,TRUE,usable_complete_limited_metadata,16,0.03162055335968379
819,abstention,TRUE,TRUE,usable_partial,45,0.08893280632411067
819,abstention,TRUE,TRUE,usable_partial_limited_metadata,1,0.001976284584980237
819,voter,FALSE,FALSE,no_determinants,66,0.13360323886639677
819,voter,FALSE,FALSE,suspicious_determinants,1,0.0020242914979757085
819,voter,FALSE,FALSE,too_many_missing_determinants,20,0.04048582995951417
819,voter,TRUE,TRUE,usable_complete,261,0.52834008097166
819,voter,TRUE,TRUE,usable_complete_limited_metadata,6,0.012145748987854251
819,voter,TRUE,TRUE,usable_partial,140,0.2834008097165992
820,abstention,FALSE,FALSE,no_determinants,35,0.0691699604743083
820,abstention,FALSE,FALSE,suspicious_determinants,1,0.001976284584980237
820,abstention,FALSE,FALSE,too_many_missing_determinants,3,0.005928853754940711
820,abstention,TRUE,TRUE,usable_complete,397,0.7845849802371542
820,abstention,TRUE,TRUE,usable_complete_limited_metadata,20,0.039525691699604744
820,abstention,TRUE,TRUE,usable_partial,47,0.09288537549407115
820,abstention,TRUE,TRUE,usable_partial_limited_metadata,3,0.005928853754940711
820,voter,FALSE,FALSE,no_determinants,66,0.13360323886639677
820,voter,FALSE,FALSE,suspicious_determinants,1,0.0020242914979757085
820,voter,FALSE,FALSE,too_many_missing_determinants,29,0.058704453441295545
820,voter,TRUE,TRUE,usable_complete,255,0.5161943319838057
820,voter,TRUE,TRUE,usable_complete_limited_metadata,9,0.018218623481781375
820,voter,TRUE,TRUE,usable_partial,134,0.27125506072874495
821,abstention,FALSE,FALSE,no_determinants,25,0.04940711462450593
821,abstention,FALSE,FALSE,too_many_missing_determinants,6,0.011857707509881422
821,abstention,TRUE,TRUE,usable_complete,406,0.8023715415019763
821,abstention,TRUE,TRUE,usable_complete_limited_metadata,14,0.02766798418972332
821,abstention,TRUE,TRUE,usable_partial,51,0.1007905138339921
821,abstention,TRUE,TRUE,usable_partial_limited_metadata,4,0.007905138339920948
821,voter,FALSE,FALSE,no_determinants,84,0.1700404858299595
821,voter,FALSE,FALSE,suspicious_determinants,2,0.004048582995951417
821,voter,FALSE,FALSE,too_many_missing_determinants,26,0.05263157894736842
821,voter,TRUE,TRUE,usable_complete,232,0.46963562753036436
821,voter,TRUE,TRUE,usable_complete_limited_metadata,10,0.020242914979757085
821,voter,TRUE,TRUE,usable_partial,138,0.2793522267206478
821,voter,TRUE,TRUE,usable_partial_limited_metadata,2,0.004048582995951417
822,abstention,FALSE,FALSE,no_determinants,37,0.07312252964426877
822,abstention,FALSE,FALSE,too_many_missing_determinants,3,0.005928853754940711
822,abstention,TRUE,TRUE,usable_complete,403,0.7964426877470355
822,abstention,TRUE,TRUE,usable_complete_limited_metadata,18,0.03557312252964427
822,abstention,TRUE,TRUE,usable_partial,42,0.08300395256916997
822,abstention,TRUE,TRUE,usable_partial_limited_metadata,3,0.005928853754940711
822,voter,FALSE,FALSE,no_determinants,65,0.13157894736842105
822,voter,FALSE,FALSE,suspicious_determinants,5,0.010121457489878543
822,voter,FALSE,FALSE,too_many_missing_determinants,34,0.06882591093117409
822,voter,TRUE,TRUE,usable_complete,258,0.5222672064777328
822,voter,TRUE,TRUE,usable_complete_limited_metadata,7,0.01417004048582996
822,voter,TRUE,TRUE,usable_partial,124,0.25101214574898784
822,voter,TRUE,TRUE,usable_partial_limited_metadata,1,0.0020242914979757085
823,abstention,FALSE,FALSE,no_determinants,30,0.05928853754940711
823,abstention,FALSE,FALSE,suspicious_determinants,1,0.001976284584980237
823,abstention,FALSE,FALSE,too_many_missing_determinants,2,0.003952569169960474
823,abstention,TRUE,TRUE,usable_complete,409,0.808300395256917
823,abstention,TRUE,TRUE,usable_complete_limited_metadata,15,0.029644268774703556
823,abstention,TRUE,TRUE,usable_partial,47,0.09288537549407115
823,abstention,TRUE,TRUE,usable_partial_limited_metadata,2,0.003952569169960474
823,voter,FALSE,FALSE,no_determinants,77,0.15587044534412955
823,voter,FALSE,FALSE,too_many_missing_determinants,25,0.05060728744939271
823,voter,TRUE,TRUE,usable_complete,257,0.520242914979757
823,voter,TRUE,TRUE,usable_complete_limited_metadata,4,0.008097165991902834
823,voter,TRUE,TRUE,usable_partial,131,0.2651821862348178
824,abstention,FALSE,FALSE,no_determinants,28,0.05533596837944664
824,abstention,FALSE,FALSE,suspicious_determinants,1,0.001976284584980237
824,abstention,FALSE,FALSE,too_many_missing_determinants,5,0.009881422924901186
824,abstention,TRUE,TRUE,usable_complete,413,0.8162055335968379
824,abstention,TRUE,TRUE,usable_complete_limited_metadata,18,0.03557312252964427
824,abstention,TRUE,TRUE,usable_partial,40,0.07905138339920949
824,abstention,TRUE,TRUE,usable_partial_limited_metadata,1,0.001976284584980237
824,voter,FALSE,FALSE,no_determinants,72,0.145748987854251
824,voter,FALSE,FALSE,suspicious_determinants,5,0.010121457489878543
824,voter,FALSE,FALSE,too_many_missing_determinants,19,0.038461538461538464
824,voter,TRUE,TRUE,usable_complete,246,0.4979757085020243
824,voter,TRUE,TRUE,usable_complete_limited_metadata,9,0.018218623481781375
824,voter,TRUE,TRUE,usable_partial,142,0.2874493927125506
824,voter,TRUE,TRUE,usable_partial_limited_metadata,1,0.0020242914979757085
825,abstention,FALSE,FALSE,no_determinants,31,0.06126482213438735
825,abstention,FALSE,FALSE,suspicious_determinants,1,0.001976284584980237
825,abstention,FALSE,FALSE,too_many_missing_determinants,3,0.005928853754940711
825,abstention,TRUE,TRUE,usable_complete,398,0.7865612648221344
825,abstention,TRUE,TRUE,usable_complete_limited_metadata,17,0.03359683794466403
825,abstention,TRUE,TRUE,usable_partial,54,0.1067193675889328
825,abstention,TRUE,TRUE,usable_partial_limited_metadata,2,0.003952569169960474
825,voter,FALSE,FALSE,no_determinants,69,0.1396761133603239
825,voter,FALSE,FALSE,suspicious_determinants,3,0.006072874493927126
825,voter,FALSE,FALSE,too_many_missing_determinants,26,0.05263157894736842
825,voter,TRUE,TRUE,usable_complete,252,0.5101214574898786
825,voter,TRUE,TRUE,usable_complete_limited_metadata,5,0.010121457489878543
825,voter,TRUE,TRUE,usable_partial,136,0.27530364372469635
825,voter,TRUE,TRUE,usable_partial_limited_metadata,3,0.006072874493927126
826,abstention,FALSE,FALSE,no_determinants,25,0.04940711462450593
826,abstention,FALSE,FALSE,suspicious_determinants,2,0.003952569169960474
826,abstention,FALSE,FALSE,too_many_missing_determinants,3,0.005928853754940711
826,abstention,TRUE,TRUE,usable_complete,400,0.7905138339920948
826,abstention,TRUE,TRUE,usable_complete_limited_metadata,14,0.02766798418972332
826,abstention,TRUE,TRUE,usable_partial,59,0.116600790513834
826,abstention,TRUE,TRUE,usable_partial_limited_metadata,3,0.005928853754940711
826,voter,FALSE,FALSE,no_determinants,70,0.1417004048582996
826,voter,FALSE,FALSE,suspicious_determinants,2,0.004048582995951417
826,voter,FALSE,FALSE,too_many_missing_determinants,21,0.04251012145748988
826,voter,TRUE,TRUE,usable_complete,257,0.520242914979757
826,voter,TRUE,TRUE,usable_complete_limited_metadata,7,0.01417004048582996
826,voter,TRUE,TRUE,usable_partial,135,0.2732793522267207
826,voter,TRUE,TRUE,usable_partial_limited_metadata,2,0.004048582995951417
827,abstention,FALSE,FALSE,no_determinants,33,0.06521739130434782
827,abstention,FALSE,FALSE,suspicious_determinants,3,0.005928853754940711
827,abstention,FALSE,FALSE,too_many_missing_determinants,3,0.005928853754940711
827,abstention,TRUE,TRUE,usable_complete,393,0.7766798418972332
827,abstention,TRUE,TRUE,usable_complete_limited_metadata,19,0.037549407114624504
827,abstention,TRUE,TRUE,usable_partial,52,0.10276679841897234
827,abstention,TRUE,TRUE,usable_partial_limited_metadata,3,0.005928853754940711
827,voter,FALSE,FALSE,no_determinants,62,0.12550607287449392
827,voter,FALSE,FALSE,suspicious_determinants,6,0.012145748987854251
827,voter,FALSE,FALSE,too_many_missing_determinants,31,0.06275303643724696
827,voter,TRUE,TRUE,usable_complete,269,0.5445344129554656
827,voter,TRUE,TRUE,usable_complete_limited_metadata,12,0.024291497975708502
827,voter,TRUE,TRUE,usable_partial,113,0.22874493927125505
827,voter,TRUE,TRUE,usable_partial_limited_metadata,1,0.0020242914979757085
828,abstention,FALSE,FALSE,no_determinants,39,0.07707509881422925
828,abstention,FALSE,FALSE,suspicious_determinants,1,0.001976284584980237
828,abstention,FALSE,FALSE,too_many_missing_determinants,1,0.001976284584980237
828,abstention,TRUE,TRUE,usable_complete,388,0.766798418972332
828,abstention,TRUE,TRUE,usable_complete_limited_metadata,22,0.043478260869565216
828,abstention,TRUE,TRUE,usable_partial,50,0.09881422924901186
828,abstention,TRUE,TRUE,usable_partial_limited_metadata,5,0.009881422924901186
828,voter,FALSE,FALSE,no_determinants,71,0.1437246963562753
828,voter,FALSE,FALSE,suspicious_determinants,3,0.006072874493927126
828,voter,FALSE,FALSE,too_many_missing_determinants,37,0.07489878542510121
828,voter,TRUE,TRUE,usable_complete,249,0.5040485829959515
828,voter,TRUE,TRUE,usable_complete_limited_metadata,4,0.008097165991902834
828,voter,TRUE,TRUE,usable_partial,130,0.2631578947368421
829,abstention,FALSE,FALSE,no_determinants,34,0.06719367588932806
829,abstention,FALSE,FALSE,suspicious_determinants,2,0.003952569169960474
829,abstention,FALSE,FALSE,too_many_missing_determinants,4,0.007905138339920948
829,abstention,TRUE,TRUE,usable_complete,405,0.8003952569169961
829,abstention,TRUE,TRUE,usable_complete_limited_metadata,11,0.021739130434782608
829,abstention,TRUE,TRUE,usable_partial,48,0.09486166007905138
829,abstention,TRUE,TRUE,usable_partial_limited_metadata,2,0.003952569169960474
829,voter,FALSE,FALSE,no_determinants,79,0.15991902834008098
829,voter,FALSE,FALSE,suspicious_determinants,3,0.006072874493927126
829,voter,FALSE,FALSE,too_many_missing_determinants,29,0.058704453441295545
829,voter,TRUE,TRUE,usable_complete,253,0.5121457489878543
829,voter,TRUE,TRUE,usable_complete_limited_metadata,10,0.020242914979757085
829,voter,TRUE,TRUE,usable_partial,118,0.2388663967611336
829,voter,TRUE,TRUE,usable_partial_limited_metadata,2,0.004048582995951417
830,abstention,FALSE,FALSE,no_determinants,35,0.0691699604743083
830,abstention,FALSE,FALSE,suspicious_determinants,1,0.001976284584980237
830,abstention,FALSE,FALSE,too_many_missing_determinants,2,0.003952569169960474
830,abstention,TRUE,TRUE,usable_complete,406,0.8023715415019763
830,abstention,TRUE,TRUE,usable_complete_limited_metadata,22,0.043478260869565216
830,abstention,TRUE,TRUE,usable_partial,35,0.0691699604743083
830,abstention,TRUE,TRUE,usable_partial_limited_metadata,5,0.009881422924901186
830,voter,FALSE,FALSE,no_determinants,89,0.18016194331983806
830,voter,FALSE,FALSE,suspicious_determinants,3,0.006072874493927126
830,voter,FALSE,FALSE,too_many_missing_determinants,15,0.030364372469635626
830,voter,TRUE,TRUE,usable_complete,244,0.4939271255060729
830,voter,TRUE,TRUE,usable_complete_limited_metadata,8,0.016194331983805668
830,voter,TRUE,TRUE,usable_partial,133,0.2692307692307692
830,voter,TRUE,TRUE,usable_partial_limited_metadata,2,0.004048582995951417
831,abstention,FALSE,FALSE,no_determinants,24,0.04743083003952569
831,abstention,FALSE,FALSE,too_many_missing_determinants,8,0.015810276679841896
831,abstention,TRUE,TRUE,usable_complete,406,0.8023715415019763
831,abstention,TRUE,TRUE,usable_complete_limited_metadata,19,0.037549407114624504
831,abstention,TRUE,TRUE,usable_partial,45,0.08893280632411067
831,abstention,TRUE,TRUE,usable_partial_limited_metadata,4,0.007905138339920948
831,voter,FALSE,FALSE,no_determinants,65,0.13157894736842105
831,voter,FALSE,FALSE,suspicious_determinants,5,0.010121457489878543
831,voter,FALSE,FALSE,too_many_missing_determinants,32,0.06477732793522267
831,voter,TRUE,TRUE,usable_complete,262,0.5303643724696356
831,voter,TRUE,TRUE,usable_complete_limited_metadata,5,0.010121457489878543
831,voter,TRUE,TRUE,usable_partial,124,0.25101214574898784
831,voter,TRUE,TRUE,usable_partial_limited_metadata,1,0.0020242914979757085
832,abstention,FALSE,FALSE,no_determinants,30,0.05928853754940711
832,abstention,FALSE,FALSE,suspicious_determinants,2,0.003952569169960474
832,abstention,FALSE,FALSE,too_many_missing_determinants,2,0.003952569169960474
832,abstention,TRUE,TRUE,usable_complete,401,0.7924901185770751
832,abstention,TRUE,TRUE,usable_complete_limited_metadata,18,0.03557312252964427
832,abstention,TRUE,TRUE,usable_partial,51,0.1007905138339921
832,abstention,TRUE,TRUE,usable_partial_limited_metadata,2,0.003952569169960474
832,voter,FALSE,FALSE,no_determinants,85,0.1720647773279352
832,voter,FALSE,FALSE,suspicious_determinants,2,0.004048582995951417
832,voter,FALSE,FALSE,too_many_missing_determinants,26,0.05263157894736842
832,voter,TRUE,TRUE,usable_complete,243,0.49190283400809715
832,voter,TRUE,TRUE,usable_complete_limited_metadata,7,0.01417004048582996
832,voter,TRUE,TRUE,usable_partial,131,0.2651821862348178
833,abstention,FALSE,FALSE,no_determinants,35,0.0691699604743083
833,abstention,FALSE,FALSE,too_many_missing_determinants,6,0.011857707509881422
833,abstention,TRUE,TRUE,usable_complete,398,0.7865612648221344
833,abstention,TRUE,TRUE,usable_complete_limited_metadata,15,0.029644268774703556
833,abstention,TRUE,TRUE,usable_partial,52,0.10276679841897234
833,voter,FALSE,FALSE,no_determinants,76,0.15384615384615385
833,voter,FALSE,FALSE,suspicious_determinants,4,0.008097165991902834
833,voter,FALSE,FALSE,too_many_missing_determinants,34,0.06882591093117409
833,voter,TRUE,TRUE,usable_complete,250,0.5060728744939271
833,voter,TRUE,TRUE,usable_complete_limited_metadata,9,0.018218623481781375
833,voter,TRUE,TRUE,usable_partial,120,0.242914979757085
833,voter,TRUE,TRUE,usable_partial_limited_metadata,1,0.0020242914979757085
834,abstention,FALSE,FALSE,no_determinants,25,0.04940711462450593
834,abstention,FALSE,FALSE,too_many_missing_determinants,7,0.01383399209486166
834,abstention,TRUE,TRUE,usable_complete,414,0.8181818181818182
834,abstention,TRUE,TRUE,usable_complete_limited_metadata,17,0.03359683794466403
834,abstention,TRUE,TRUE,usable_partial,43,0.08498023715415019
834,voter,FALSE,FALSE,no_determinants,73,0.14777327935222673
834,voter,FALSE,FALSE,suspicious_determinants,5,0.010121457489878543
834,voter,FALSE,FALSE,too_many_missing_determinants,26,0.05263157894736842
834,voter,TRUE,TRUE,usable_complete,253,0.5121457489878543
834,voter,TRUE,TRUE,usable_complete_limited_metadata,5,0.010121457489878543
834,voter,TRUE,TRUE,usable_partial,131,0.2651821862348178
834,voter,TRUE,TRUE,usable_partial_limited_metadata,1,0.0020242914979757085
835,abstention,FALSE,FALSE,no_determinants,32,0.06324110671936758
835,abstention,FALSE,FALSE,suspicious_determinants,1,0.001976284584980237
835,abstention,FALSE,FALSE,too_many_missing_determinants,4,0.007905138339920948
835,abstention,TRUE,TRUE,usable_complete,397,0.7845849802371542
835,abstention,TRUE,TRUE,usable_complete_limited_metadata,18,0.03557312252964427
835,abstention,TRUE,TRUE,usable_partial,48,0.09486166007905138
835,abstention,TRUE,TRUE,usable_partial_limited_metadata,6,0.011857707509881422
835,voter,FALSE,FALSE,no_determinants,72,0.145748987854251
835,voter,FALSE,FALSE,too_many_missing_determinants,31,0.06275303643724696
835,voter,TRUE,TRUE,usable_complete,268,0.5425101214574899
835,voter,TRUE,TRUE,usable_complete_limited_metadata,11,0.022267206477732792
835,voter,TRUE,TRUE,usable_partial,108,0.21862348178137653
835,voter,TRUE,TRUE,usable_partial_limited_metadata,4,0.008097165991902834
836,abstention,FALSE,FALSE,no_determinants,26,0.05138339920948617
836,abstention,FALSE,FALSE,suspicious_determinants,1,0.001976284584980237
836,abstention,FALSE,FALSE,too_many_missing_determinants,8,0.015810276679841896
836,abstention,TRUE,TRUE,usable_complete,400,0.7905138339920948
836,abstention,TRUE,TRUE,usable_complete_limited_metadata,13,0.025691699604743084
836,abstention,TRUE,TRUE,usable_partial,54,0.1067193675889328
836,abstention,TRUE,TRUE,usable_partial_limited_metadata,4,0.007905138339920948
836,voter,FALSE,FALSE,no_determinants,83,0.1680161943319838
836,voter,FALSE,FALSE,suspicious_determinants,2,0.004048582995951417
836,voter,FALSE,FALSE,too_many_missing_determinants,18,0.03643724696356275
836,voter,TRUE,TRUE,usable_complete,246,0.4979757085020243
836,voter,TRUE,TRUE,usable_complete_limited_metadata,6,0.012145748987854251
836,voter,TRUE,TRUE,usable_partial,137,0.2773279352226721
836,voter,TRUE,TRUE,usable_partial_limited_metadata,2,0.004048582995951417
837,abstention,FALSE,FALSE,no_determinants,34,0.06719367588932806
837,abstention,FALSE,FALSE,suspicious_determinants,3,0.005928853754940711
837,abstention,FALSE,FALSE,too_many_missing_determinants,6,0.011857707509881422
837,abstention,TRUE,TRUE,usable_complete,393,0.7766798418972332
837,abstention,TRUE,TRUE,usable_complete_limited_metadata,21,0.041501976284584984
837,abstention,TRUE,TRUE,usable_partial,48,0.09486166007905138
837,abstention,TRUE,TRUE,usable_partial_limited_metadata,1,0.001976284584980237
837,voter,FALSE,FALSE,no_determinants,81,0.16396761133603238
837,voter,FALSE,FALSE,suspicious_determinants,1,0.0020242914979757085
837,voter,FALSE,FALSE,too_many_missing_determinants,35,0.0708502024291498
837,voter,TRUE,TRUE,usable_complete,249,0.5040485829959515
837,voter,TRUE,TRUE,usable_complete_limited_metadata,6,0.012145748987854251
837,voter,TRUE,TRUE,usable_partial,122,0.24696356275303644
838,abstention,FALSE,FALSE,no_determinants,20,0.039525691699604744
838,abstention,FALSE,FALSE,suspicious_determinants,2,0.003952569169960474
838,abstention,FALSE,FALSE,too_many_missing_determinants,2,0.003952569169960474
838,abstention,TRUE,TRUE,usable_complete,407,0.8043478260869565
838,abstention,TRUE,TRUE,usable_complete_limited_metadata,22,0.043478260869565216
838,abstention,TRUE,TRUE,usable_partial,52,0.10276679841897234
838,abstention,TRUE,TRUE,usable_partial_limited_metadata,1,0.001976284584980237
838,voter,FALSE,FALSE,no_determinants,75,0.15182186234817813
838,voter,FALSE,FALSE,suspicious_determinants,1,0.0020242914979757085
838,voter,FALSE,FALSE,too_many_missing_determinants,27,0.05465587044534413
838,voter,TRUE,TRUE,usable_complete,258,0.5222672064777328
838,voter,TRUE,TRUE,usable_complete_limited_metadata,8,0.016194331983805668
838,voter,TRUE,TRUE,usable_partial,124,0.25101214574898784
838,voter,TRUE,TRUE,usable_partial_limited_metadata,1,0.0020242914979757085
839,abstention,FALSE,FALSE,no_determinants,33,0.06521739130434782
839,abstention,FALSE,FALSE,too_many_missing_determinants,3,0.005928853754940711
839,abstention,TRUE,TRUE,usable_complete,394,0.7786561264822134
839,abstention,TRUE,TRUE,usable_complete_limited_metadata,22,0.043478260869565216
839,abstention,TRUE,TRUE,usable_partial,50,0.09881422924901186
839,abstention,TRUE,TRUE,usable_partial_limited_metadata,4,0.007905138339920948
839,voter,FALSE,FALSE,no_determinants,67,0.13562753036437247
839,voter,FALSE,FALSE,suspicious_determinants,4,0.008097165991902834
839,voter,FALSE,FALSE,too_many_missing_determinants,23,0.0465587044534413
839,voter,TRUE,TRUE,usable_complete,257,0.520242914979757
839,voter,TRUE,TRUE,usable_complete_limited_metadata,10,0.020242914979757085
839,voter,TRUE,TRUE,usable_partial,133,0.2692307692307692
840,abstention,FALSE,FALSE,no_determinants,28,0.05533596837944664
840,abstention,FALSE,FALSE,suspicious_determinants,4,0.007905138339920948
840,abstention,FALSE,FALSE,too_many_missing_determinants,3,0.005928853754940711
840,abstention,TRUE,TRUE,usable_complete,399,0.7885375494071146
840,abstention,TRUE,TRUE,usable_complete_limited_metadata,17,0.03359683794466403
840,abstention,TRUE,TRUE,usable_partial,53,0.10474308300395258
840,abstention,TRUE,TRUE,usable_partial_limited_metadata,2,0.003952569169960474
840,voter,FALSE,FALSE,no_determinants,60,0.1214574898785425
840,voter,FALSE,FALSE,suspicious_determinants,6,0.012145748987854251
840,voter,FALSE,FALSE,too_many_missing_determinants,33,0.06680161943319839
840,voter,TRUE,TRUE,usable_complete,267,0.5404858299595142
840,voter,TRUE,TRUE,usable_complete_limited_metadata,3,0.006072874493927126
840,voter,TRUE,TRUE,usable_partial,124,0.25101214574898784
840,voter,TRUE,TRUE,usable_partial_limited_metadata,1,0.0020242914979757085
841,abstention,FALSE,FALSE,no_determinants,20,0.039525691699604744
841,abstention,FALSE,FALSE,suspicious_determinants,3,0.005928853754940711
841,abstention,FALSE,FALSE,too_many_missing_determinants,6,0.011857707509881422
841,abstention,TRUE,TRUE,usable_complete,404,0.7984189723320159
841,abstention,TRUE,TRUE,usable_complete_limited_metadata,25,0.04940711462450593
841,abstention,TRUE,TRUE,usable_partial,46,0.09090909090909091
841,abstention,TRUE,TRUE,usable_partial_limited_metadata,2,0.003952569169960474
841,voter,FALSE,FALSE,no_determinants,66,0.13360323886639677
841,voter,FALSE,FALSE,suspicious_determinants,5,0.010121457489878543
841,voter,FALSE,FALSE,too_many_missing_determinants,22,0.044534412955465584
841,voter,TRUE,TRUE,usable_complete,260,0.5263157894736842
841,voter,TRUE,TRUE,usable_complete_limited_metadata,9,0.018218623481781375
841,voter,TRUE,TRUE,usable_partial,130,0.2631578947368421
841,voter,TRUE,TRUE,usable_partial_limited_metadata,2,0.004048582995951417
842,abstention,FALSE,FALSE,no_determinants,32,0.06324110671936758
842,abstention,FALSE,FALSE,too_many_missing_determinants,5,0.009881422924901186
842,abstention,TRUE,TRUE,usable_complete,410,0.8102766798418972
842,abstention,TRUE,TRUE,usable_complete_limited_metadata,19,0.037549407114624504
842,abstention,TRUE,TRUE,usable_partial,38,0.07509881422924901
842,abstention,TRUE,TRUE,usable_partial_limited_metadata,2,0.003952569169960474
842,voter,FALSE,FALSE,no_determinants,74,0.14979757085020243
842,voter,FALSE,FALSE,suspicious_determinants,2,0.004048582995951417
842,voter,FALSE,FALSE,too_many_missing_determinants,20,0.04048582995951417
842,voter,TRUE,TRUE,usable_complete,242,0.4898785425101215
842,voter,TRUE,TRUE,usable_complete_limited_metadata,6,0.012145748987854251
842,voter,TRUE,TRUE,usable_partial,149,0.3016194331983806
842,voter,TRUE,TRUE,usable_partial_limited_metadata,1,0.0020242914979757085
843,abstention,FALSE,FALSE,no_determinants,37,0.07312252964426877
843,abstention,FALSE,FALSE,too_many_missing_determinants,3,0.005928853754940711
843,abstention,TRUE,TRUE,usable_complete,395,0.7806324110671937
843,abstention,TRUE,TRUE,usable_complete_limited_metadata,20,0.039525691699604744
843,abstention,TRUE,TRUE,usable_partial,49,0.09683794466403162
843,abstention,TRUE,TRUE,usable_partial_limited_metadata,2,0.003952569169960474
843,voter,FALSE,FALSE,no_determinants,74,0.14979757085020243
843,voter,FALSE,FALSE,suspicious_determinants,4,0.008097165991902834
843,voter,FALSE,FALSE,too_many_missing_determinants,36,0.0728744939271255
843,voter,TRUE,TRUE,usable_complete,266,0.5384615384615384
843,voter,TRUE,TRUE,usable_complete_limited_metadata,4,0.008097165991902834
843,voter,TRUE,TRUE,usable_partial,110,0.22267206477732793
844,abstention,FALSE,FALSE,no_determinants,30,0.05928853754940711
844,abstention,FALSE,FALSE,too_many_missing_determinants,4,0.007905138339920948
844,abstention,TRUE,TRUE,usable_complete,410,0.8102766798418972
844,abstention,TRUE,TRUE,usable_complete_limited_metadata,15,0.029644268774703556
844,abstention,TRUE,TRUE,usable_partial,42,0.08300395256916997
844,abstention,TRUE,TRUE,usable_partial_limited_metadata,5,0.009881422924901186
844,voter,FALSE,FALSE,no_determinants,86,0.17408906882591094
844,voter,FALSE,FALSE,suspicious_determinants,3,0.006072874493927126
844,voter,FALSE,FALSE,too_many_missing_determinants,22,0.044534412955465584
844,voter,TRUE,TRUE,usable_complete,273,0.5526315789473685
844,voter,TRUE,TRUE,usable_complete_limited_metadata,2,0.004048582995951417
844,voter,TRUE,TRUE,usable_partial,108,0.21862348178137653
845,abstention,FALSE,FALSE,no_determinants,34,0.06719367588932806
845,abstention,FALSE,FALSE,suspicious_determinants,2,0.003952569169960474
845,abstention,FALSE,FALSE,too_many_missing_determinants,9,0.017786561264822136
845,abstention,TRUE,TRUE,usable_complete,404,0.7984189723320159
845,abstention,TRUE,TRUE,usable_complete_limited_metadata,13,0.025691699604743084
845,abstention,TRUE,TRUE,usable_partial,39,0.07707509881422925
845,abstention,TRUE,TRUE,usable_partial_limited_metadata,5,0.009881422924901186
845,voter,FALSE,FALSE,no_determinants,80,0.16194331983805668
845,voter,FALSE,FALSE,suspicious_determinants,2,0.004048582995951417
845,voter,FALSE,FALSE,too_many_missing_determinants,27,0.05465587044534413
845,voter,TRUE,TRUE,usable_complete,247,0.5
845,voter,TRUE,TRUE,usable_complete_limited_metadata,1,0.0020242914979757085
845,voter,TRUE,TRUE,usable_partial,136,0.27530364372469635
845,voter,TRUE,TRUE,usable_partial_limited_metadata,1,0.0020242914979757085
846,abstention,FALSE,FALSE,no_determinants,31,0.06126482213438735
846,abstention,FALSE,FALSE,too_many_missing_determinants,4,0.007905138339920948
846,abstention,TRUE,TRUE,usable_complete,406,0.8023715415019763
846,abstention,TRUE,TRUE,usable_complete_limited_metadata,15,0.029644268774703556
846,abstention,TRUE,TRUE,usable_partial,49,0.09683794466403162
846,abstention,TRUE,TRUE,usable_partial_limited_metadata,1,0.001976284584980237
846,voter,FALSE,FALSE,no_determinants,81,0.16396761133603238
846,voter,FALSE,FALSE,too_many_missing_determinants,31,0.06275303643724696
846,voter,TRUE,TRUE,usable_complete,257,0.520242914979757
846,voter,TRUE,TRUE,usable_complete_limited_metadata,4,0.008097165991902834
846,voter,TRUE,TRUE,usable_partial,121,0.24493927125506074
847,abstention,FALSE,FALSE,no_determinants,31,0.06126482213438735
847,abstention,FALSE,FALSE,suspicious_determinants,3,0.005928853754940711
847,abstention,FALSE,FALSE,too_many_missing_determinants,4,0.007905138339920948
847,abstention,TRUE,TRUE,usable_complete,392,0.7747035573122529
847,abstention,TRUE,TRUE,usable_complete_limited_metadata,21,0.041501976284584984
847,abstention,TRUE,TRUE,usable_partial,53,0.10474308300395258
847,abstention,TRUE,TRUE,usable_partial_limited_metadata,2,0.003952569169960474
847,voter,FALSE,FALSE,no_determinants,64,0.12955465587044535
847,voter,FALSE,FALSE,suspicious_determinants,1,0.0020242914979757085
847,voter,FALSE,FALSE,too_many_missing_determinants,29,0.058704453441295545
847,voter,TRUE,TRUE,usable_complete,272,0.5506072874493927
847,voter,TRUE,TRUE,usable_complete_limited_metadata,4,0.008097165991902834
847,voter,TRUE,TRUE,usable_partial,122,0.24696356275303644
847,voter,TRUE,TRUE,usable_partial_limited_metadata,2,0.004048582995951417
848,abstention,FALSE,FALSE,no_determinants,31,0.06126482213438735
848,abstention,FALSE,FALSE,too_many_missing_determinants,3,0.005928853754940711
848,abstention,TRUE,TRUE,usable_complete,395,0.7806324110671937
848,abstention,TRUE,TRUE,usable_complete_limited_metadata,21,0.041501976284584984
848,abstention,TRUE,TRUE,usable_partial,50,0.09881422924901186
848,abstention,TRUE,TRUE,usable_partial_limited_metadata,6,0.011857707509881422
848,voter,FALSE,FALSE,no_determinants,87,0.17611336032388664
848,voter,FALSE,FALSE,suspicious_determinants,3,0.006072874493927126
848,voter,FALSE,FALSE,too_many_missing_determinants,26,0.05263157894736842
848,voter,TRUE,TRUE,usable_complete,257,0.520242914979757
848,voter,TRUE,TRUE,usable_complete_limited_metadata,3,0.006072874493927126
848,voter,TRUE,TRUE,usable_partial,118,0.2388663967611336
849,abstention,FALSE,FALSE,no_determinants,22,0.043478260869565216
849,abstention,FALSE,FALSE,suspicious_determinants,2,0.003952569169960474
849,abstention,FALSE,FALSE,too_many_missing_determinants,5,0.009881422924901186
849,abstention,TRUE,TRUE,usable_complete,415,0.8201581027667985
849,abstention,TRUE,TRUE,usable_complete_limited_metadata,20,0.039525691699604744
849,abstention,TRUE,TRUE,usable_partial,41,0.08102766798418973
849,abstention,TRUE,TRUE,usable_partial_limited_metadata,1,0.001976284584980237
849,voter,FALSE,FALSE,no_determinants,73,0.14777327935222673
849,voter,FALSE,FALSE,suspicious_determinants,2,0.004048582995951417
849,voter,FALSE,FALSE,too_many_missing_determinants,19,0.038461538461538464
849,voter,TRUE,TRUE,usable_complete,259,0.5242914979757085
849,voter,TRUE,TRUE,usable_complete_limited_metadata,6,0.012145748987854251
849,voter,TRUE,TRUE,usable_partial,134,0.27125506072874495
849,voter,TRUE,TRUE,usable_partial_limited_metadata,1,0.0020242914979757085
850,abstention,FALSE,FALSE,no_determinants,22,0.043478260869565216
850,abstention,FALSE,FALSE,suspicious_determinants,1,0.001976284584980237
850,abstention,FALSE,FALSE,too_many_missing_determinants,3,0.005928853754940711
850,abstention,TRUE,TRUE,usable_complete,402,0.7944664031620553
850,abstention,TRUE,TRUE,usable_complete_limited_metadata,22,0.043478260869565216
850,abstention,TRUE,TRUE,usable_partial,53,0.10474308300395258
850,abstention,TRUE,TRUE,usable_partial_limited_metadata,3,0.005928853754940711
850,voter,FALSE,FALSE,no_determinants,81,0.16396761133603238
850,voter,FALSE,FALSE,suspicious_determinants,5,0.010121457489878543
850,voter,FALSE,FALSE,too_many_missing_determinants,25,0.05060728744939271
850,voter,TRUE,TRUE,usable_complete,265,0.5364372469635628
850,voter,TRUE,TRUE,usable_complete_limited_metadata,2,0.004048582995951417
850,voter,TRUE,TRUE,usable_partial,115,0.23279352226720648
850,voter,TRUE,TRUE,usable_partial_limited_metadata,1,0.0020242914979757085
851,abstention,FALSE,FALSE,no_determinants,26,0.05138339920948617
851,abstention,FALSE,FALSE,suspicious_determinants,2,0.003952569169960474
851,abstention,FALSE,FALSE,too_many_missing_determinants,7,0.01383399209486166
851,abstention,TRUE,TRUE,usable_complete,401,0.7924901185770751
851,abstention,TRUE,TRUE,usable_complete_limited_metadata,16,0.03162055335968379
851,abstention,TRUE,TRUE,usable_partial,51,0.1007905138339921
851,abstention,TRUE,TRUE,usable_partial_limited_metadata,3,0.005928853754940711
851,voter,FALSE,FALSE,no_determinants,73,0.14777327935222673
851,voter,FALSE,FALSE,suspicious_determinants,2,0.004048582995951417
851,voter,FALSE,FALSE,too_many_missing_determinants,22,0.044534412955465584
851,voter,TRUE,TRUE,usable_complete,243,0.49190283400809715
851,voter,TRUE,TRUE,usable_complete_limited_metadata,6,0.012145748987854251
851,voter,TRUE,TRUE,usable_partial,146,0.29554655870445345
851,voter,TRUE,TRUE,usable_partial_limited_metadata,2,0.004048582995951417
852,abstention,FALSE,FALSE,no_determinants,35,0.0691699604743083
852,abstention,FALSE,FALSE,too_many_missing_determinants,8,0.015810276679841896
852,abstention,TRUE,TRUE,usable_complete,398,0.7865612648221344
852,abstention,TRUE,TRUE,usable_complete_limited_metadata,20,0.039525691699604744
852,abstention,TRUE,TRUE,usable_partial,45,0.08893280632411067
852,voter,FALSE,FALSE,no_determinants,74,0.14979757085020243
852,voter,FALSE,FALSE,suspicious_determinants,2,0.004048582995951417
852,voter,FALSE,FALSE,too_many_missing_determinants,28,0.05668016194331984
852,voter,TRUE,TRUE,usable_complete,247,0.5
852,voter,TRUE,TRUE,usable_complete_limited_metadata,12,0.024291497975708502
852,voter,TRUE,TRUE,usable_partial,130,0.2631578947368421
852,voter,TRUE,TRUE,usable_partial_limited_metadata,1,0.0020242914979757085
853,abstention,FALSE,FALSE,no_determinants,37,0.07312252964426877
853,abstention,FALSE,FALSE,suspicious_determinants,1,0.001976284584980237
853,abstention,FALSE,FALSE,too_many_missing_determinants,2,0.003952569169960474
853,abstention,TRUE,TRUE,usable_complete,392,0.7747035573122529
853,abstention,TRUE,TRUE,usable_complete_limited_metadata,23,0.045454545454545456
853,abstention,TRUE,TRUE,usable_partial,47,0.09288537549407115
853,abstention,TRUE,TRUE,usable_partial_limited_metadata,4,0.007905138339920948
853,voter,FALSE,FALSE,no_determinants,64,0.12955465587044535
853,voter,FALSE,FALSE,suspicious_determinants,9,0.018218623481781375
853,voter,FALSE,FALSE,too_many_missing_determinants,26,0.05263157894736842
853,voter,TRUE,TRUE,usable_complete,249,0.5040485829959515
853,voter,TRUE,TRUE,usable_complete_limited_metadata,10,0.020242914979757085
853,voter,TRUE,TRUE,usable_partial,134,0.27125506072874495
853,voter,TRUE,TRUE,usable_partial_limited_metadata,2,0.004048582995951417
854,abstention,FALSE,FALSE,no_determinants,32,0.06324110671936758
854,abstention,FALSE,FALSE,suspicious_determinants,1,0.001976284584980237
854,abstention,FALSE,FALSE,too_many_missing_determinants,5,0.009881422924901186
854,abstention,TRUE,TRUE,usable_complete,410,0.8102766798418972
854,abstention,TRUE,TRUE,usable_complete_limited_metadata,14,0.02766798418972332
854,abstention,TRUE,TRUE,usable_partial,43,0.08498023715415019
854,abstention,TRUE,TRUE,usable_partial_limited_metadata,1,0.001976284584980237
854,voter,FALSE,FALSE,no_determinants,94,0.1902834008097166
854,voter,FALSE,FALSE,suspicious_determinants,1,0.0020242914979757085
854,voter,FALSE,FALSE,too_many_missing_determinants,28,0.05668016194331984
854,voter,TRUE,TRUE,usable_complete,226,0.4574898785425101
854,voter,TRUE,TRUE,usable_complete_limited_metadata,9,0.018218623481781375
854,voter,TRUE,TRUE,usable_partial,134,0.27125506072874495
854,voter,TRUE,TRUE,usable_partial_limited_metadata,2,0.004048582995951417
855,abstention,FALSE,FALSE,no_determinants,23,0.045454545454545456
855,abstention,FALSE,FALSE,suspicious_determinants,1,0.001976284584980237
855,abstention,FALSE,FALSE,too_many_missing_determinants,2,0.003952569169960474
855,abstention,TRUE,TRUE,usable_complete,413,0.8162055335968379
855,abstention,TRUE,TRUE,usable_complete_limited_metadata,16,0.03162055335968379
855,abstention,TRUE,TRUE,usable_partial,50,0.09881422924901186
855,abstention,TRUE,TRUE,usable_partial_limited_metadata,1,0.001976284584980237
855,voter,FALSE,FALSE,no_determinants,80,0.16194331983805668
855,voter,FALSE,FALSE,suspicious_determinants,4,0.008097165991902834
855,voter,FALSE,FALSE,too_many_missing_determinants,30,0.06072874493927125
855,voter,TRUE,TRUE,usable_complete,245,0.4959514170040486
855,voter,TRUE,TRUE,usable_complete_limited_metadata,9,0.018218623481781375
855,voter,TRUE,TRUE,usable_partial,121,0.24493927125506074
855,voter,TRUE,TRUE,usable_partial_limited_metadata,5,0.010121457489878543
856,abstention,FALSE,FALSE,no_determinants,27,0.0533596837944664
856,abstention,FALSE,FALSE,too_many_missing_determinants,13,0.025691699604743084
856,abstention,TRUE,TRUE,usable_complete,392,0.7747035573122529
856,abstention,TRUE,TRUE,usable_complete_limited_metadata,21,0.041501976284584984
856,abstention,TRUE,TRUE,usable_partial,49,0.09683794466403162
856,abstention,TRUE,TRUE,usable_partial_limited_metadata,4,0.007905138339920948
856,voter,FALSE,FALSE,no_determinants,85,0.1720647773279352
856,voter,FALSE,FALSE,suspicious_determinants,2,0.004048582995951417
856,voter,FALSE,FALSE,too_many_missing_determinants,20,0.04048582995951417
856,voter,TRUE,TRUE,usable_complete,244,0.4939271255060729
856,voter,TRUE,TRUE,usable_complete_limited_metadata,11,0.022267206477732792
856,voter,TRUE,TRUE,usable_partial,131,0.2651821862348178
856,voter,TRUE,TRUE,usable_partial_limited_metadata,1,0.0020242914979757085
857,abstention,FALSE,FALSE,no_determinants,29,0.05731225296442688
857,abstention,FALSE,FALSE,suspicious_determinants,1,0.001976284584980237
857,abstention,FALSE,FALSE,too_many_missing_determinants,5,0.009881422924901186
857,abstention,TRUE,TRUE,usable_complete,410,0.8102766798418972
857,abstention,TRUE,TRUE,usable_complete_limited_metadata,15,0.029644268774703556
857,abstention,TRUE,TRUE,usable_partial,42,0.08300395256916997
857,abstention,TRUE,TRUE,usable_partial_limited_metadata,4,0.007905138339920948
857,voter,FALSE,FALSE,no_determinants,77,0.15587044534412955
857,voter,FALSE,FALSE,suspicious_determinants,2,0.004048582995951417
857,voter,FALSE,FALSE,too_many_missing_determinants,25,0.05060728744939271
857,voter,TRUE,TRUE,usable_complete,261,0.52834008097166
857,voter,TRUE,TRUE,usable_complete_limited_metadata,1,0.0020242914979757085
857,voter,TRUE,TRUE,usable_partial,128,0.2591093117408907
858,abstention,FALSE,FALSE,no_determinants,31,0.06126482213438735
858,abstention,FALSE,FALSE,suspicious_determinants,1,0.001976284584980237
858,abstention,FALSE,FALSE,too_many_missing_determinants,3,0.005928853754940711
858,abstention,TRUE,TRUE,usable_complete,410,0.8102766798418972
858,abstention,TRUE,TRUE,usable_complete_limited_metadata,14,0.02766798418972332
858,abstention,TRUE,TRUE,usable_partial,45,0.08893280632411067
858,abstention,TRUE,TRUE,usable_partial_limited_metadata,2,0.003952569169960474
858,voter,FALSE,FALSE,no_determinants,66,0.13360323886639677
858,voter,FALSE,FALSE,suspicious_determinants,5,0.010121457489878543
858,voter,FALSE,FALSE,too_many_missing_determinants,28,0.05668016194331984
858,voter,TRUE,TRUE,usable_complete,258,0.5222672064777328
858,voter,TRUE,TRUE,usable_complete_limited_metadata,9,0.018218623481781375
858,voter,TRUE,TRUE,usable_partial,128,0.2591093117408907
859,abstention,FALSE,FALSE,no_determinants,33,0.06521739130434782
859,abstention,FALSE,FALSE,suspicious_determinants,1,0.001976284584980237
859,abstention,FALSE,FALSE,too_many_missing_determinants,1,0.001976284584980237
859,abstention,TRUE,TRUE,usable_complete,407,0.8043478260869565
859,abstention,TRUE,TRUE,usable_complete_limited_metadata,20,0.039525691699604744
859,abstention,TRUE,TRUE,usable_partial,42,0.08300395256916997
859,abstention,TRUE,TRUE,usable_partial_limited_metadata,2,0.003952569169960474
859,voter,FALSE,FALSE,no_determinants,79,0.15991902834008098
859,voter,FALSE,FALSE,suspicious_determinants,7,0.01417004048582996
859,voter,FALSE,FALSE,too_many_missing_determinants,29,0.058704453441295545
859,voter,TRUE,TRUE,usable_complete,250,0.5060728744939271
859,voter,TRUE,TRUE,usable_complete_limited_metadata,1,0.0020242914979757085
859,voter,TRUE,TRUE,usable_partial,128,0.2591093117408907
860,abstention,FALSE,FALSE,no_determinants,40,0.07905138339920949
860,abstention,FALSE,FALSE,suspicious_determinants,1,0.001976284584980237
860,abstention,FALSE,FALSE,too_many_missing_determinants,5,0.009881422924901186
860,abstention,TRUE,TRUE,usable_complete,385,0.7608695652173914
860,abstention,TRUE,TRUE,usable_complete_limited_metadata,19,0.037549407114624504
860,abstention,TRUE,TRUE,usable_partial,54,0.1067193675889328
860,abstention,TRUE,TRUE,usable_partial_limited_metadata,2,0.003952569169960474
860,voter,FALSE,FALSE,no_determinants,80,0.16194331983805668
860,voter,FALSE,FALSE,suspicious_determinants,3,0.006072874493927126
860,voter,FALSE,FALSE,too_many_missing_determinants,23,0.0465587044534413
860,voter,TRUE,TRUE,usable_complete,253,0.5121457489878543
860,voter,TRUE,TRUE,usable_complete_limited_metadata,5,0.010121457489878543
860,voter,TRUE,TRUE,usable_partial,130,0.2631578947368421
861,abstention,FALSE,FALSE,no_determinants,27,0.0533596837944664
861,abstention,FALSE,FALSE,too_many_missing_determinants,7,0.01383399209486166
861,abstention,TRUE,TRUE,usable_complete,398,0.7865612648221344
861,abstention,TRUE,TRUE,usable_complete_limited_metadata,20,0.039525691699604744
861,abstention,TRUE,TRUE,usable_partial,51,0.1007905138339921
861,abstention,TRUE,TRUE,usable_partial_limited_metadata,3,0.005928853754940711
861,voter,FALSE,FALSE,no_determinants,91,0.18421052631578946
861,voter,FALSE,FALSE,suspicious_determinants,5,0.010121457489878543
861,voter,FALSE,FALSE,too_many_missing_determinants,25,0.05060728744939271
861,voter,TRUE,TRUE,usable_complete,235,0.4757085020242915
861,voter,TRUE,TRUE,usable_complete_limited_metadata,7,0.01417004048582996
861,voter,TRUE,TRUE,usable_partial,130,0.2631578947368421
861,voter,TRUE,TRUE,usable_partial_limited_metadata,1,0.0020242914979757085
862,abstention,FALSE,FALSE,no_determinants,26,0.05138339920948617
862,abstention,FALSE,FALSE,suspicious_determinants,1,0.001976284584980237
862,abstention,FALSE,FALSE,too_many_missing_determinants,6,0.011857707509881422
862,abstention,TRUE,TRUE,usable_complete,411,0.8122529644268774
862,abstention,TRUE,TRUE,usable_complete_limited_metadata,12,0.023715415019762844
862,abstention,TRUE,TRUE,usable_partial,46,0.09090909090909091
862,abstention,TRUE,TRUE,usable_partial_limited_metadata,4,0.007905138339920948
862,voter,FALSE,FALSE,no_determinants,94,0.1902834008097166
862,voter,FALSE,FALSE,suspicious_determinants,7,0.01417004048582996
862,voter,FALSE,FALSE,too_many_missing_determinants,22,0.044534412955465584
862,voter,TRUE,TRUE,usable_complete,256,0.5182186234817814
862,voter,TRUE,TRUE,usable_complete_limited_metadata,7,0.01417004048582996
862,voter,TRUE,TRUE,usable_partial,107,0.2165991902834008
862,voter,TRUE,TRUE,usable_partial_limited_metadata,1,0.0020242914979757085
863,abstention,FALSE,FALSE,no_determinants,31,0.06126482213438735
863,abstention,FALSE,FALSE,too_many_missing_determinants,5,0.009881422924901186
863,abstention,TRUE,TRUE,usable_complete,396,0.782608695652174
863,abstention,TRUE,TRUE,usable_complete_limited_metadata,22,0.043478260869565216
863,abstention,TRUE,TRUE,usable_partial,49,0.09683794466403162
863,abstention,TRUE,TRUE,usable_partial_limited_metadata,3,0.005928853754940711
863,voter,FALSE,FALSE,no_determinants,88,0.17813765182186234
863,voter,FALSE,FALSE,suspicious_determinants,3,0.006072874493927126
863,voter,FALSE,FALSE,too_many_missing_determinants,32,0.06477732793522267
863,voter,TRUE,TRUE,usable_complete,236,0.4777327935222672
863,voter,TRUE,TRUE,usable_complete_limited_metadata,3,0.006072874493927126
863,voter,TRUE,TRUE,usable_partial,130,0.2631578947368421
863,voter,TRUE,TRUE,usable_partial_limited_metadata,2,0.004048582995951417
864,abstention,FALSE,FALSE,no_determinants,29,0.05731225296442688
864,abstention,FALSE,FALSE,suspicious_determinants,1,0.001976284584980237
864,abstention,FALSE,FALSE,too_many_missing_determinants,7,0.01383399209486166
864,abstention,TRUE,TRUE,usable_complete,409,0.808300395256917
864,abstention,TRUE,TRUE,usable_complete_limited_metadata,12,0.023715415019762844
864,abstention,TRUE,TRUE,usable_partial,46,0.09090909090909091
864,abstention,TRUE,TRUE,usable_partial_limited_metadata,2,0.003952569169960474
864,voter,FALSE,FALSE,no_determinants,84,0.1700404858299595
864,voter,FALSE,FALSE,suspicious_determinants,3,0.006072874493927126
864,voter,FALSE,FALSE,too_many_missing_determinants,28,0.05668016194331984
864,voter,TRUE,TRUE,usable_complete,251,0.5080971659919028
864,voter,TRUE,TRUE,usable_complete_limited_metadata,6,0.012145748987854251
864,voter,TRUE,TRUE,usable_partial,122,0.24696356275303644
865,abstention,FALSE,FALSE,no_determinants,33,0.06521739130434782
865,abstention,FALSE,FALSE,suspicious_determinants,2,0.003952569169960474
865,abstention,FALSE,FALSE,too_many_missing_determinants,7,0.01383399209486166
865,abstention,TRUE,TRUE,usable_complete,401,0.7924901185770751
865,abstention,TRUE,TRUE,usable_complete_limited_metadata,19,0.037549407114624504
865,abstention,TRUE,TRUE,usable_partial,44,0.08695652173913043
865,voter,FALSE,FALSE,no_determinants,70,0.1417004048582996
865,voter,FALSE,FALSE,suspicious_determinants,1,0.0020242914979757085
865,voter,FALSE,FALSE,too_many_missing_determinants,31,0.06275303643724696
865,voter,TRUE,TRUE,usable_complete,255,0.5161943319838057
865,voter,TRUE,TRUE,usable_complete_limited_metadata,12,0.024291497975708502
865,voter,TRUE,TRUE,usable_partial,122,0.24696356275303644
865,voter,TRUE,TRUE,usable_partial_limited_metadata,3,0.006072874493927126
866,abstention,FALSE,FALSE,no_determinants,21,0.041501976284584984
866,abstention,FALSE,FALSE,suspicious_determinants,2,0.003952569169960474
866,abstention,FALSE,FALSE,too_many_missing_determinants,7,0.01383399209486166
866,abstention,TRUE,TRUE,usable_complete,416,0.8221343873517787
866,abstention,TRUE,TRUE,usable_complete_limited_metadata,11,0.021739130434782608
866,abstention,TRUE,TRUE,usable_partial,49,0.09683794466403162
866,voter,FALSE,FALSE,no_determinants,72,0.145748987854251
866,voter,FALSE,FALSE,suspicious_determinants,8,0.016194331983805668
866,voter,FALSE,FALSE,too_many_missing_determinants,26,0.05263157894736842
866,voter,TRUE,TRUE,usable_complete,257,0.520242914979757
866,voter,TRUE,TRUE,usable_complete_limited_metadata,5,0.010121457489878543
866,voter,TRUE,TRUE,usable_partial,123,0.24898785425101214
866,voter,TRUE,TRUE,usable_partial_limited_metadata,3,0.006072874493927126
867,abstention,FALSE,FALSE,no_determinants,26,0.05138339920948617
867,abstention,FALSE,FALSE,too_many_missing_determinants,5,0.009881422924901186
867,abstention,TRUE,TRUE,usable_complete,418,0.8260869565217391
867,abstention,TRUE,TRUE,usable_complete_limited_metadata,17,0.03359683794466403
867,abstention,TRUE,TRUE,usable_partial,40,0.07905138339920949
867,voter,FALSE,FALSE,no_determinants,75,0.15182186234817813
867,voter,FALSE,FALSE,suspicious_determinants,3,0.006072874493927126
867,voter,FALSE,FALSE,too_many_missing_determinants,26,0.05263157894736842
867,voter,TRUE,TRUE,usable_complete,264,0.5344129554655871
867,voter,TRUE,TRUE,usable_complete_limited_metadata,8,0.016194331983805668
867,voter,TRUE,TRUE,usable_partial,118,0.2388663967611336
868,abstention,FALSE,FALSE,no_determinants,37,0.07312252964426877
868,abstention,FALSE,FALSE,suspicious_determinants,1,0.001976284584980237
868,abstention,FALSE,FALSE,too_many_missing_determinants,3,0.005928853754940711
868,abstention,TRUE,TRUE,usable_complete,397,0.7845849802371542
868,abstention,TRUE,TRUE,usable_complete_limited_metadata,27,0.0533596837944664
868,abstention,TRUE,TRUE,usable_partial,38,0.07509881422924901
868,abstention,TRUE,TRUE,usable_partial_limited_metadata,3,0.005928853754940711
868,voter,FALSE,FALSE,no_determinants,82,0.1659919028340081
868,voter,FALSE,FALSE,suspicious_determinants,4,0.008097165991902834
868,voter,FALSE,FALSE,too_many_missing_determinants,31,0.06275303643724696
868,voter,TRUE,TRUE,usable_complete,247,0.5
868,voter,TRUE,TRUE,usable_complete_limited_metadata,9,0.018218623481781375
868,voter,TRUE,TRUE,usable_partial,121,0.24493927125506074
869,abstention,FALSE,FALSE,no_determinants,25,0.04940711462450593
869,abstention,FALSE,FALSE,suspicious_determinants,2,0.003952569169960474
869,abstention,FALSE,FALSE,too_many_missing_determinants,5,0.009881422924901186
869,abstention,TRUE,TRUE,usable_complete,393,0.7766798418972332
869,abstention,TRUE,TRUE,usable_complete_limited_metadata,24,0.04743083003952569
869,abstention,TRUE,TRUE,usable_partial,54,0.1067193675889328
869,abstention,TRUE,TRUE,usable_partial_limited_metadata,3,0.005928853754940711
869,voter,FALSE,FALSE,no_determinants,76,0.15384615384615385
869,voter,FALSE,FALSE,suspicious_determinants,1,0.0020242914979757085
869,voter,FALSE,FALSE,too_many_missing_determinants,29,0.058704453441295545
869,voter,TRUE,TRUE,usable_complete,269,0.5445344129554656
869,voter,TRUE,TRUE,usable_complete_limited_metadata,8,0.016194331983805668
869,voter,TRUE,TRUE,usable_partial,111,0.22469635627530365
870,abstention,FALSE,FALSE,no_determinants,27,0.0533596837944664
870,abstention,FALSE,FALSE,suspicious_determinants,2,0.003952569169960474
870,abstention,FALSE,FALSE,too_many_missing_determinants,7,0.01383399209486166
870,abstention,TRUE,TRUE,usable_complete,403,0.7964426877470355
870,abstention,TRUE,TRUE,usable_complete_limited_metadata,20,0.039525691699604744
870,abstention,TRUE,TRUE,usable_partial,44,0.08695652173913043
870,abstention,TRUE,TRUE,usable_partial_limited_metadata,3,0.005928853754940711
870,voter,FALSE,FALSE,no_determinants,68,0.13765182186234817
870,voter,FALSE,FALSE,suspicious_determinants,2,0.004048582995951417
870,voter,FALSE,FALSE,too_many_missing_determinants,38,0.07692307692307693
870,voter,TRUE,TRUE,usable_complete,236,0.4777327935222672
870,voter,TRUE,TRUE,usable_complete_limited_metadata,3,0.006072874493927126
870,voter,TRUE,TRUE,usable_partial,146,0.29554655870445345
870,voter,TRUE,TRUE,usable_partial_limited_metadata,1,0.0020242914979757085
871,abstention,FALSE,FALSE,no_determinants,21,0.041501976284584984
871,abstention,FALSE,FALSE,suspicious_determinants,1,0.001976284584980237
871,abstention,FALSE,FALSE,too_many_missing_determinants,2,0.003952569169960474
871,abstention,TRUE,TRUE,usable_complete,396,0.782608695652174
871,abstention,TRUE,TRUE,usable_complete_limited_metadata,22,0.043478260869565216
871,abstention,TRUE,TRUE,usable_partial,62,0.1225296442687747
871,abstention,TRUE,TRUE,usable_partial_limited_metadata,2,0.003952569169960474
871,voter,FALSE,FALSE,no_determinants,87,0.17611336032388664
871,voter,FALSE,FALSE,suspicious_determinants,7,0.01417004048582996
871,voter,FALSE,FALSE,too_many_missing_determinants,18,0.03643724696356275
871,voter,TRUE,TRUE,usable_complete,246,0.4979757085020243
871,voter,TRUE,TRUE,usable_complete_limited_metadata,8,0.016194331983805668
871,voter,TRUE,TRUE,usable_partial,125,0.25303643724696356
871,voter,TRUE,TRUE,usable_partial_limited_metadata,3,0.006072874493927126
872,abstention,FALSE,FALSE,no_determinants,38,0.07509881422924901
872,abstention,FALSE,FALSE,too_many_missing_determinants,7,0.01383399209486166
872,abstention,TRUE,TRUE,usable_complete,396,0.782608695652174
872,abstention,TRUE,TRUE,usable_complete_limited_metadata,21,0.041501976284584984
872,abstention,TRUE,TRUE,usable_partial,41,0.08102766798418973
872,abstention,TRUE,TRUE,usable_partial_limited_metadata,3,0.005928853754940711
872,voter,FALSE,FALSE,no_determinants,87,0.17611336032388664
872,voter,FALSE,FALSE,suspicious_determinants,3,0.006072874493927126
872,voter,FALSE,FALSE,too_many_missing_determinants,25,0.05060728744939271
872,voter,TRUE,TRUE,usable_complete,254,0.5141700404858299
872,voter,TRUE,TRUE,usable_complete_limited_metadata,6,0.012145748987854251
872,voter,TRUE,TRUE,usable_partial,118,0.2388663967611336
872,voter,TRUE,TRUE,usable_partial_limited_metadata,1,0.0020242914979757085
873,abstention,FALSE,FALSE,no_determinants,26,0.05138339920948617
873,abstention,FALSE,FALSE,suspicious_determinants,3,0.005928853754940711
873,abstention,FALSE,FALSE,too_many_missing_determinants,8,0.015810276679841896
873,abstention,TRUE,TRUE,usable_complete,406,0.8023715415019763
873,abstention,TRUE,TRUE,usable_complete_limited_metadata,21,0.041501976284584984
873,abstention,TRUE,TRUE,usable_partial,41,0.08102766798418973
873,abstention,TRUE,TRUE,usable_partial_limited_metadata,1,0.001976284584980237
873,voter,FALSE,FALSE,no_determinants,78,0.15789473684210525
873,voter,FALSE,FALSE,suspicious_determinants,1,0.0020242914979757085
873,voter,FALSE,FALSE,too_many_missing_determinants,27,0.05465587044534413
873,voter,TRUE,TRUE,usable_complete,261,0.52834008097166
873,voter,TRUE,TRUE,usable_complete_limited_metadata,7,0.01417004048582996
873,voter,TRUE,TRUE,usable_partial,120,0.242914979757085
874,abstention,FALSE,FALSE,no_determinants,26,0.05138339920948617
874,abstention,FALSE,FALSE,suspicious_determinants,1,0.001976284584980237
874,abstention,FALSE,FALSE,too_many_missing_determinants,3,0.005928853754940711
874,abstention,TRUE,TRUE,usable_complete,413,0.8162055335968379
874,abstention,TRUE,TRUE,usable_complete_limited_metadata,19,0.037549407114624504
874,abstention,TRUE,TRUE,usable_partial,42,0.08300395256916997
874,abstention,TRUE,TRUE,usable_partial_limited_metadata,2,0.003952569169960474
874,voter,FALSE,FALSE,no_determinants,76,0.15384615384615385
874,voter,FALSE,FALSE,suspicious_determinants,9,0.018218623481781375
874,voter,FALSE,FALSE,too_many_missing_determinants,25,0.05060728744939271
874,voter,TRUE,TRUE,usable_complete,233,0.4716599190283401
874,voter,TRUE,TRUE,usable_complete_limited_metadata,5,0.010121457489878543
874,voter,TRUE,TRUE,usable_partial,145,0.2935222672064777
874,voter,TRUE,TRUE,usable_partial_limited_metadata,1,0.0020242914979757085
875,abstention,FALSE,FALSE,no_determinants,38,0.07509881422924901
875,abstention,FALSE,FALSE,too_many_missing_determinants,4,0.007905138339920948
875,abstention,TRUE,TRUE,usable_complete,403,0.7964426877470355
875,abstention,TRUE,TRUE,usable_complete_limited_metadata,14,0.02766798418972332
875,abstention,TRUE,TRUE,usable_partial,44,0.08695652173913043
875,abstention,TRUE,TRUE,usable_partial_limited_metadata,3,0.005928853754940711
875,voter,FALSE,FALSE,no_determinants,76,0.15384615384615385
875,voter,FALSE,FALSE,suspicious_determinants,6,0.012145748987854251
875,voter,FALSE,FALSE,too_many_missing_determinants,24,0.048582995951417005
875,voter,TRUE,TRUE,usable_complete,249,0.5040485829959515
875,voter,TRUE,TRUE,usable_complete_limited_metadata,5,0.010121457489878543
875,voter,TRUE,TRUE,usable_partial,133,0.2692307692307692
875,voter,TRUE,TRUE,usable_partial_limited_metadata,1,0.0020242914979757085
876,abstention,FALSE,FALSE,no_determinants,30,0.05928853754940711
876,abstention,FALSE,FALSE,too_many_missing_determinants,6,0.011857707509881422
876,abstention,TRUE,TRUE,usable_complete,383,0.7569169960474308
876,abstention,TRUE,TRUE,usable_complete_limited_metadata,19,0.037549407114624504
876,abstention,TRUE,TRUE,usable_partial,65,0.12845849802371542
876,abstention,TRUE,TRUE,usable_partial_limited_metadata,3,0.005928853754940711
876,voter,FALSE,FALSE,no_determinants,74,0.14979757085020243
876,voter,FALSE,FALSE,suspicious_determinants,2,0.004048582995951417
876,voter,FALSE,FALSE,too_many_missing_determinants,32,0.06477732793522267
876,voter,TRUE,TRUE,usable_complete,253,0.5121457489878543
876,voter,TRUE,TRUE,usable_complete_limited_metadata,6,0.012145748987854251
876,voter,TRUE,TRUE,usable_partial,126,0.2550607287449393
876,voter,TRUE,TRUE,usable_partial_limited_metadata,1,0.0020242914979757085
877,abstention,FALSE,FALSE,no_determinants,34,0.06719367588932806
877,abstention,FALSE,FALSE,suspicious_determinants,1,0.001976284584980237
877,abstention,FALSE,FALSE,too_many_missing_determinants,8,0.015810276679841896
877,abstention,TRUE,TRUE,usable_complete,408,0.8063241106719368
877,abstention,TRUE,TRUE,usable_complete_limited_metadata,15,0.029644268774703556
877,abstention,TRUE,TRUE,usable_partial,38,0.07509881422924901
877,abstention,TRUE,TRUE,usable_partial_limited_metadata,2,0.003952569169960474
877,voter,FALSE,FALSE,no_determinants,85,0.1720647773279352
877,voter,FALSE,FALSE,suspicious_determinants,1,0.0020242914979757085
877,voter,FALSE,FALSE,too_many_missing_determinants,21,0.04251012145748988
877,voter,TRUE,TRUE,usable_complete,257,0.520242914979757
877,voter,TRUE,TRUE,usable_complete_limited_metadata,2,0.004048582995951417
877,voter,TRUE,TRUE,usable_partial,127,0.25708502024291496
877,voter,TRUE,TRUE,usable_partial_limited_metadata,1,0.0020242914979757085
878,abstention,FALSE,FALSE,no_determinants,38,0.07509881422924901
878,abstention,FALSE,FALSE,too_many_missing_determinants,2,0.003952569169960474
878,abstention,TRUE,TRUE,usable_complete,405,0.8003952569169961
878,abstention,TRUE,TRUE,usable_complete_limited_metadata,18,0.03557312252964427
878,abstention,TRUE,TRUE,usable_partial,42,0.08300395256916997
878,abstention,TRUE,TRUE,usable_partial_limited_metadata,1,0.001976284584980237
878,voter,FALSE,FALSE,no_determinants,73,0.14777327935222673
878,voter,FALSE,FALSE,suspicious_determinants,2,0.004048582995951417
878,voter,FALSE,FALSE,too_many_missing_determinants,21,0.04251012145748988
878,voter,TRUE,TRUE,usable_complete,258,0.5222672064777328
878,voter,TRUE,TRUE,usable_complete_limited_metadata,8,0.016194331983805668
878,voter,TRUE,TRUE,usable_partial,132,0.26720647773279355
879,abstention,FALSE,FALSE,no_determinants,32,0.06324110671936758
879,abstention,FALSE,FALSE,suspicious_determinants,2,0.003952569169960474
879,abstention,FALSE,FALSE,too_many_missing_determinants,4,0.007905138339920948
879,abstention,TRUE,TRUE,usable_complete,402,0.7944664031620553
879,abstention,TRUE,TRUE,usable_complete_limited_metadata,17,0.03359683794466403
879,abstention,TRUE,TRUE,usable_partial,49,0.09683794466403162
879,voter,FALSE,FALSE,no_determinants,79,0.15991902834008098
879,voter,FALSE,FALSE,suspicious_determinants,2,0.004048582995951417
879,voter,FALSE,FALSE,too_many_missing_determinants,23,0.0465587044534413
879,voter,TRUE,TRUE,usable_complete,256,0.5182186234817814
879,voter,TRUE,TRUE,usable_complete_limited_metadata,7,0.01417004048582996
879,voter,TRUE,TRUE,usable_partial,124,0.25101214574898784
879,voter,TRUE,TRUE,usable_partial_limited_metadata,3,0.006072874493927126
880,abstention,FALSE,FALSE,no_determinants,28,0.05533596837944664
880,abstention,FALSE,FALSE,suspicious_determinants,1,0.001976284584980237
880,abstention,FALSE,FALSE,too_many_missing_determinants,3,0.005928853754940711
880,abstention,TRUE,TRUE,usable_complete,397,0.7845849802371542
880,abstention,TRUE,TRUE,usable_complete_limited_metadata,23,0.045454545454545456
880,abstention,TRUE,TRUE,usable_partial,49,0.09683794466403162
880,abstention,TRUE,TRUE,usable_partial_limited_metadata,5,0.009881422924901186
880,voter,FALSE,FALSE,no_determinants,77,0.15587044534412955
880,voter,FALSE,FALSE,suspicious_determinants,1,0.0020242914979757085
880,voter,FALSE,FALSE,too_many_missing_determinants,22,0.044534412955465584
880,voter,TRUE,TRUE,usable_complete,285,0.5769230769230769
880,voter,TRUE,TRUE,usable_complete_limited_metadata,3,0.006072874493927126
880,voter,TRUE,TRUE,usable_partial,105,0.2125506072874494
880,voter,TRUE,TRUE,usable_partial_limited_metadata,1,0.0020242914979757085
881,abstention,FALSE,FALSE,no_determinants,27,0.0533596837944664
881,abstention,FALSE,FALSE,too_many_missing_determinants,6,0.011857707509881422
881,abstention,TRUE,TRUE,usable_complete,401,0.7924901185770751
881,abstention,TRUE,TRUE,usable_complete_limited_metadata,13,0.025691699604743084
881,abstention,TRUE,TRUE,usable_partial,54,0.1067193675889328
881,abstention,TRUE,TRUE,usable_partial_limited_metadata,5,0.009881422924901186
881,voter,FALSE,FALSE,no_determinants,76,0.15384615384615385
881,voter,FALSE,FALSE,suspicious_determinants,3,0.006072874493927126
881,voter,FALSE,FALSE,too_many_missing_determinants,32,0.06477732793522267
881,voter,TRUE,TRUE,usable_complete,241,0.48785425101214575
881,voter,TRUE,TRUE,usable_complete_limited_metadata,8,0.016194331983805668
881,voter,TRUE,TRUE,usable_partial,134,0.27125506072874495
882,abstention,FALSE,FALSE,no_determinants,36,0.07114624505928854
882,abstention,FALSE,FALSE,too_many_missing_determinants,1,0.001976284584980237
882,abstention,TRUE,TRUE,usable_complete,395,0.7806324110671937
882,abstention,TRUE,TRUE,usable_complete_limited_metadata,25,0.04940711462450593
882,abstention,TRUE,TRUE,usable_partial,44,0.08695652173913043
882,abstention,TRUE,TRUE,usable_partial_limited_metadata,5,0.009881422924901186
882,voter,FALSE,FALSE,no_determinants,77,0.15587044534412955
882,voter,FALSE,FALSE,suspicious_determinants,5,0.010121457489878543
882,voter,FALSE,FALSE,too_many_missing_determinants,26,0.05263157894736842
882,voter,TRUE,TRUE,usable_complete,250,0.5060728744939271
882,voter,TRUE,TRUE,usable_complete_limited_metadata,7,0.01417004048582996
882,voter,TRUE,TRUE,usable_partial,126,0.2550607287449393
882,voter,TRUE,TRUE,usable_partial_limited_metadata,3,0.006072874493927126
883,abstention,FALSE,FALSE,no_determinants,30,0.05928853754940711
883,abstention,FALSE,FALSE,suspicious_determinants,1,0.001976284584980237
883,abstention,FALSE,FALSE,too_many_missing_determinants,1,0.001976284584980237
883,abstention,TRUE,TRUE,usable_complete,414,0.8181818181818182
883,abstention,TRUE,TRUE,usable_complete_limited_metadata,15,0.029644268774703556
883,abstention,TRUE,TRUE,usable_partial,43,0.08498023715415019
883,abstention,TRUE,TRUE,usable_partial_limited_metadata,2,0.003952569169960474
883,voter,FALSE,FALSE,no_determinants,61,0.12348178137651822
883,voter,FALSE,FALSE,suspicious_determinants,1,0.0020242914979757085
883,voter,FALSE,FALSE,too_many_missing_determinants,28,0.05668016194331984
883,voter,TRUE,TRUE,usable_complete,257,0.520242914979757
883,voter,TRUE,TRUE,usable_complete_limited_metadata,6,0.012145748987854251
883,voter,TRUE,TRUE,usable_partial,137,0.2773279352226721
883,voter,TRUE,TRUE,usable_partial_limited_metadata,4,0.008097165991902834
884,abstention,FALSE,FALSE,no_determinants,26,0.05138339920948617
884,abstention,FALSE,FALSE,too_many_missing_determinants,5,0.009881422924901186
884,abstention,TRUE,TRUE,usable_complete,404,0.7984189723320159
884,abstention,TRUE,TRUE,usable_complete_limited_metadata,20,0.039525691699604744
884,abstention,TRUE,TRUE,usable_partial,48,0.09486166007905138
884,abstention,TRUE,TRUE,usable_partial_limited_metadata,3,0.005928853754940711
884,voter,FALSE,FALSE,no_determinants,78,0.15789473684210525
884,voter,FALSE,FALSE,suspicious_determinants,4,0.008097165991902834
884,voter,FALSE,FALSE,too_many_missing_determinants,32,0.06477732793522267
884,voter,TRUE,TRUE,usable_complete,252,0.5101214574898786
884,voter,TRUE,TRUE,usable_complete_limited_metadata,6,0.012145748987854251
884,voter,TRUE,TRUE,usable_partial,121,0.24493927125506074
884,voter,TRUE,TRUE,usable_partial_limited_metadata,1,0.0020242914979757085
885,abstention,FALSE,FALSE,no_determinants,37,0.07312252964426877
885,abstention,FALSE,FALSE,too_many_missing_determinants,6,0.011857707509881422
885,abstention,TRUE,TRUE,usable_complete,400,0.7905138339920948
885,abstention,TRUE,TRUE,usable_complete_limited_metadata,21,0.041501976284584984
885,abstention,TRUE,TRUE,usable_partial,42,0.08300395256916997
885,voter,FALSE,FALSE,no_determinants,77,0.15587044534412955
885,voter,FALSE,FALSE,suspicious_determinants,2,0.004048582995951417
885,voter,FALSE,FALSE,too_many_missing_determinants,31,0.06275303643724696
885,voter,TRUE,TRUE,usable_complete,257,0.520242914979757
885,voter,TRUE,TRUE,usable_complete_limited_metadata,2,0.004048582995951417
885,voter,TRUE,TRUE,usable_partial,125,0.25303643724696356
886,abstention,FALSE,FALSE,no_determinants,34,0.06719367588932806
886,abstention,FALSE,FALSE,suspicious_determinants,1,0.001976284584980237
886,abstention,FALSE,FALSE,too_many_missing_determinants,10,0.019762845849802372
886,abstention,TRUE,TRUE,usable_complete,405,0.8003952569169961
886,abstention,TRUE,TRUE,usable_complete_limited_metadata,11,0.021739130434782608
886,abstention,TRUE,TRUE,usable_partial,41,0.08102766798418973
886,abstention,TRUE,TRUE,usable_partial_limited_metadata,4,0.007905138339920948
886,voter,FALSE,FALSE,no_determinants,84,0.1700404858299595
886,voter,FALSE,FALSE,too_many_missing_determinants,26,0.05263157894736842
886,voter,TRUE,TRUE,usable_complete,241,0.48785425101214575
886,voter,TRUE,TRUE,usable_complete_limited_metadata,8,0.016194331983805668
886,voter,TRUE,TRUE,usable_partial,134,0.27125506072874495
886,voter,TRUE,TRUE,usable_partial_limited_metadata,1,0.0020242914979757085
887,abstention,FALSE,FALSE,no_determinants,38,0.07509881422924901
887,abstention,FALSE,FALSE,suspicious_determinants,2,0.003952569169960474
887,abstention,FALSE,FALSE,too_many_missing_determinants,4,0.007905138339920948
887,abstention,TRUE,TRUE,usable_complete,389,0.7687747035573123
887,abstention,TRUE,TRUE,usable_complete_limited_metadata,21,0.041501976284584984
887,abstention,TRUE,TRUE,usable_partial,50,0.09881422924901186
887,abstention,TRUE,TRUE,usable_partial_limited_metadata,2,0.003952569169960474
887,voter,FALSE,FALSE,no_determinants,74,0.14979757085020243
887,voter,FALSE,FALSE,suspicious_determinants,2,0.004048582995951417
887,voter,FALSE,FALSE,too_many_missing_determinants,27,0.05465587044534413
887,voter,TRUE,TRUE,usable_complete,273,0.5526315789473685
887,voter,TRUE,TRUE,usable_complete_limited_metadata,11,0.022267206477732792
887,voter,TRUE,TRUE,usable_partial,107,0.2165991902834008
888,abstention,FALSE,FALSE,no_determinants,37,0.07312252964426877
888,abstention,FALSE,FALSE,suspicious_determinants,3,0.005928853754940711
888,abstention,FALSE,FALSE,too_many_missing_determinants,2,0.003952569169960474
888,abstention,TRUE,TRUE,usable_complete,384,0.758893280632411
888,abstention,TRUE,TRUE,usable_complete_limited_metadata,24,0.04743083003952569
888,abstention,TRUE,TRUE,usable_partial,51,0.1007905138339921
888,abstention,TRUE,TRUE,usable_partial_limited_metadata,5,0.009881422924901186
888,voter,FALSE,FALSE,no_determinants,63,0.12753036437246965
888,voter,FALSE,FALSE,suspicious_determinants,1,0.0020242914979757085
888,voter,FALSE,FALSE,too_many_missing_determinants,35,0.0708502024291498
888,voter,TRUE,TRUE,usable_complete,250,0.5060728744939271
888,voter,TRUE,TRUE,usable_complete_limited_metadata,2,0.004048582995951417
888,voter,TRUE,TRUE,usable_partial,142,0.2874493927125506
888,voter,TRUE,TRUE,usable_partial_limited_metadata,1,0.0020242914979757085
889,abstention,FALSE,FALSE,no_determinants,32,0.06324110671936758
889,abstention,FALSE,FALSE,suspicious_determinants,1,0.001976284584980237
889,abstention,FALSE,FALSE,too_many_missing_determinants,5,0.009881422924901186
889,abstention,TRUE,TRUE,usable_complete,408,0.8063241106719368
889,abstention,TRUE,TRUE,usable_complete_limited_metadata,14,0.02766798418972332
889,abstention,TRUE,TRUE,usable_partial,42,0.08300395256916997
889,abstention,TRUE,TRUE,usable_partial_limited_metadata,4,0.007905138339920948
889,voter,FALSE,FALSE,no_determinants,72,0.145748987854251
889,voter,FALSE,FALSE,suspicious_determinants,2,0.004048582995951417
889,voter,FALSE,FALSE,too_many_missing_determinants,21,0.04251012145748988
889,voter,TRUE,TRUE,usable_complete,242,0.4898785425101215
889,voter,TRUE,TRUE,usable_complete_limited_metadata,12,0.024291497975708502
889,voter,TRUE,TRUE,usable_partial,145,0.2935222672064777
890,abstention,FALSE,FALSE,no_determinants,25,0.04940711462450593
890,abstention,FALSE,FALSE,suspicious_determinants,1,0.001976284584980237
890,abstention,FALSE,FALSE,too_many_missing_determinants,5,0.009881422924901186
890,abstention,TRUE,TRUE,usable_complete,396,0.782608695652174
890,abstention,TRUE,TRUE,usable_complete_limited_metadata,18,0.03557312252964427
890,abstention,TRUE,TRUE,usable_partial,55,0.10869565217391304
890,abstention,TRUE,TRUE,usable_partial_limited_metadata,6,0.011857707509881422
890,voter,FALSE,FALSE,no_determinants,76,0.15384615384615385
890,voter,FALSE,FALSE,suspicious_determinants,4,0.008097165991902834
890,voter,FALSE,FALSE,too_many_missing_determinants,25,0.05060728744939271
890,voter,TRUE,TRUE,usable_complete,249,0.5040485829959515
890,voter,TRUE,TRUE,usable_complete_limited_metadata,5,0.010121457489878543
890,voter,TRUE,TRUE,usable_partial,133,0.2692307692307692
890,voter,TRUE,TRUE,usable_partial_limited_metadata,2,0.004048582995951417
891,abstention,FALSE,FALSE,no_determinants,29,0.05731225296442688
891,abstention,FALSE,FALSE,suspicious_determinants,1,0.001976284584980237
891,abstention,FALSE,FALSE,too_many_missing_determinants,8,0.015810276679841896
891,abstention,TRUE,TRUE,usable_complete,394,0.7786561264822134
891,abstention,TRUE,TRUE,usable_complete_limited_metadata,21,0.041501976284584984
891,abstention,TRUE,TRUE,usable_partial,52,0.10276679841897234
891,abstention,TRUE,TRUE,usable_partial_limited_metadata,1,0.001976284584980237
891,voter,FALSE,FALSE,no_determinants,88,0.17813765182186234
891,voter,FALSE,FALSE,suspicious_determinants,3,0.006072874493927126
891,voter,FALSE,FALSE,too_many_missing_determinants,23,0.0465587044534413
891,voter,TRUE,TRUE,usable_complete,254,0.5141700404858299
891,voter,TRUE,TRUE,usable_complete_limited_metadata,5,0.010121457489878543
891,voter,TRUE,TRUE,usable_partial,119,0.2408906882591093
891,voter,TRUE,TRUE,usable_partial_limited_metadata,2,0.004048582995951417
892,abstention,FALSE,FALSE,no_determinants,31,0.06126482213438735
892,abstention,FALSE,FALSE,too_many_missing_determinants,2,0.003952569169960474
892,abstention,TRUE,TRUE,usable_complete,417,0.8241106719367589
892,abstention,TRUE,TRUE,usable_complete_limited_metadata,13,0.025691699604743084
892,abstention,TRUE,TRUE,usable_partial,41,0.08102766798418973
892,abstention,TRUE,TRUE,usable_partial_limited_metadata,2,0.003952569169960474
892,voter,FALSE,FALSE,no_determinants,75,0.15182186234817813
892,voter,FALSE,FALSE,suspicious_determinants,1,0.0020242914979757085
892,voter,FALSE,FALSE,too_many_missing_determinants,24,0.048582995951417005
892,voter,TRUE,TRUE,usable_complete,263,0.5323886639676113
892,voter,TRUE,TRUE,usable_complete_limited_metadata,7,0.01417004048582996
892,voter,TRUE,TRUE,usable_partial,123,0.24898785425101214
892,voter,TRUE,TRUE,usable_partial_limited_metadata,1,0.0020242914979757085
893,abstention,FALSE,FALSE,no_determinants,21,0.041501976284584984
893,abstention,FALSE,FALSE,suspicious_determinants,1,0.001976284584980237
893,abstention,FALSE,FALSE,too_many_missing_determinants,2,0.003952569169960474
893,abstention,TRUE,TRUE,usable_complete,414,0.8181818181818182
893,abstention,TRUE,TRUE,usable_complete_limited_metadata,22,0.043478260869565216
893,abstention,TRUE,TRUE,usable_partial,43,0.08498023715415019
893,abstention,TRUE,TRUE,usable_partial_limited_metadata,3,0.005928853754940711
893,voter,FALSE,FALSE,no_determinants,71,0.1437246963562753
893,voter,FALSE,FALSE,suspicious_determinants,1,0.0020242914979757085
893,voter,FALSE,FALSE,too_many_missing_determinants,28,0.05668016194331984
893,voter,TRUE,TRUE,usable_complete,268,0.5425101214574899
893,voter,TRUE,TRUE,usable_complete_limited_metadata,6,0.012145748987854251
893,voter,TRUE,TRUE,usable_partial,119,0.2408906882591093
893,voter,TRUE,TRUE,usable_partial_limited_metadata,1,0.0020242914979757085
894,abstention,FALSE,FALSE,no_determinants,30,0.05928853754940711
894,abstention,FALSE,FALSE,suspicious_determinants,1,0.001976284584980237
894,abstention,FALSE,FALSE,too_many_missing_determinants,4,0.007905138339920948
894,abstention,TRUE,TRUE,usable_complete,405,0.8003952569169961
894,abstention,TRUE,TRUE,usable_complete_limited_metadata,19,0.037549407114624504
894,abstention,TRUE,TRUE,usable_partial,46,0.09090909090909091
894,abstention,TRUE,TRUE,usable_partial_limited_metadata,1,0.001976284584980237
894,voter,FALSE,FALSE,no_determinants,80,0.16194331983805668
894,voter,FALSE,FALSE,suspicious_determinants,5,0.010121457489878543
894,voter,FALSE,FALSE,too_many_missing_determinants,33,0.06680161943319839
894,voter,TRUE,TRUE,usable_complete,256,0.5182186234817814
894,voter,TRUE,TRUE,usable_complete_limited_metadata,3,0.006072874493927126
894,voter,TRUE,TRUE,usable_partial,115,0.23279352226720648
894,voter,TRUE,TRUE,usable_partial_limited_metadata,2,0.004048582995951417
895,abstention,FALSE,FALSE,no_determinants,38,0.07509881422924901
895,abstention,FALSE,FALSE,suspicious_determinants,2,0.003952569169960474
895,abstention,FALSE,FALSE,too_many_missing_determinants,3,0.005928853754940711
895,abstention,TRUE,TRUE,usable_complete,385,0.7608695652173914
895,abstention,TRUE,TRUE,usable_complete_limited_metadata,24,0.04743083003952569
895,abstention,TRUE,TRUE,usable_partial,52,0.10276679841897234
895,abstention,TRUE,TRUE,usable_partial_limited_metadata,2,0.003952569169960474
895,voter,FALSE,FALSE,no_determinants,97,0.19635627530364372
895,voter,FALSE,FALSE,suspicious_determinants,1,0.0020242914979757085
895,voter,FALSE,FALSE,too_many_missing_determinants,26,0.05263157894736842
895,voter,TRUE,TRUE,usable_complete,247,0.5
895,voter,TRUE,TRUE,usable_complete_limited_metadata,9,0.018218623481781375
895,voter,TRUE,TRUE,usable_partial,113,0.22874493927125505
895,voter,TRUE,TRUE,usable_partial_limited_metadata,1,0.0020242914979757085
896,abstention,FALSE,FALSE,no_determinants,34,0.06719367588932806
896,abstention,FALSE,FALSE,suspicious_determinants,1,0.001976284584980237
896,abstention,FALSE,FALSE,too_many_missing_determinants,8,0.015810276679841896
896,abstention,TRUE,TRUE,usable_complete,395,0.7806324110671937
896,abstention,TRUE,TRUE,usable_complete_limited_metadata,18,0.03557312252964427
896,abstention,TRUE,TRUE,usable_partial,45,0.08893280632411067
896,abstention,TRUE,TRUE,usable_partial_limited_metadata,5,0.009881422924901186
896,voter,FALSE,FALSE,no_determinants,79,0.15991902834008098
896,voter,FALSE,FALSE,suspicious_determinants,4,0.008097165991902834
896,voter,FALSE,FALSE,too_many_missing_determinants,26,0.05263157894736842
896,voter,TRUE,TRUE,usable_complete,253,0.5121457489878543
896,voter,TRUE,TRUE,usable_complete_limited_metadata,11,0.022267206477732792
896,voter,TRUE,TRUE,usable_partial,119,0.2408906882591093
896,voter,TRUE,TRUE,usable_partial_limited_metadata,2,0.004048582995951417
897,abstention,FALSE,FALSE,no_determinants,49,0.09683794466403162
897,abstention,TRUE,TRUE,usable_complete,392,0.7747035573122529
897,abstention,TRUE,TRUE,usable_complete_limited_metadata,18,0.03557312252964427
897,abstention,TRUE,TRUE,usable_partial,42,0.08300395256916997
897,abstention,TRUE,TRUE,usable_partial_limited_metadata,5,0.009881422924901186
897,voter,FALSE,FALSE,no_determinants,80,0.16194331983805668
897,voter,FALSE,FALSE,suspicious_determinants,4,0.008097165991902834
897,voter,FALSE,FALSE,too_many_missing_determinants,33,0.06680161943319839
897,voter,TRUE,TRUE,usable_complete,262,0.5303643724696356
897,voter,TRUE,TRUE,usable_complete_limited_metadata,5,0.010121457489878543
897,voter,TRUE,TRUE,usable_partial,109,0.22064777327935223
897,voter,TRUE,TRUE,usable_partial_limited_metadata,1,0.0020242914979757085
898,abstention,FALSE,FALSE,no_determinants,24,0.04743083003952569
898,abstention,FALSE,FALSE,too_many_missing_determinants,6,0.011857707509881422
898,abstention,TRUE,TRUE,usable_complete,396,0.782608695652174
898,abstention,TRUE,TRUE,usable_complete_limited_metadata,24,0.04743083003952569
898,abstention,TRUE,TRUE,usable_partial,51,0.1007905138339921
898,abstention,TRUE,TRUE,usable_partial_limited_metadata,5,0.009881422924901186
898,voter,FALSE,FALSE,no_determinants,67,0.13562753036437247
898,voter,FALSE,FALSE,suspicious_determinants,2,0.004048582995951417
898,voter,FALSE,FALSE,too_many_missing_determinants,28,0.05668016194331984
898,voter,TRUE,TRUE,usable_complete,265,0.5364372469635628
898,voter,TRUE,TRUE,usable_complete_limited_metadata,4,0.008097165991902834
898,voter,TRUE,TRUE,usable_partial,126,0.2550607287449393
898,voter,TRUE,TRUE,usable_partial_limited_metadata,2,0.004048582995951417
899,abstention,FALSE,FALSE,no_determinants,35,0.0691699604743083
899,abstention,FALSE,FALSE,suspicious_determinants,1,0.001976284584980237
899,abstention,FALSE,FALSE,too_many_missing_determinants,11,0.021739130434782608
899,abstention,TRUE,TRUE,usable_complete,397,0.7845849802371542
899,abstention,TRUE,TRUE,usable_complete_limited_metadata,19,0.037549407114624504
899,abstention,TRUE,TRUE,usable_partial,43,0.08498023715415019
899,voter,FALSE,FALSE,no_determinants,66,0.13360323886639677
899,voter,FALSE,FALSE,suspicious_determinants,4,0.008097165991902834
899,voter,FALSE,FALSE,too_many_missing_determinants,35,0.0708502024291498
899,voter,TRUE,TRUE,usable_complete,253,0.5121457489878543
899,voter,TRUE,TRUE,usable_complete_limited_metadata,14,0.02834008097165992
899,voter,TRUE,TRUE,usable_partial,122,0.24696356275303644
900,abstention,FALSE,FALSE,no_determinants,24,0.04743083003952569
900,abstention,FALSE,FALSE,too_many_missing_determinants,3,0.005928853754940711
900,abstention,TRUE,TRUE,usable_complete,410,0.8102766798418972
900,abstention,TRUE,TRUE,usable_complete_limited_metadata,18,0.03557312252964427
900,abstention,TRUE,TRUE,usable_partial,50,0.09881422924901186
900,abstention,TRUE,TRUE,usable_partial_limited_metadata,1,0.001976284584980237
900,voter,FALSE,FALSE,no_determinants,84,0.1700404858299595
900,voter,FALSE,FALSE,suspicious_determinants,6,0.012145748987854251
900,voter,FALSE,FALSE,too_many_missing_determinants,26,0.05263157894736842
900,voter,TRUE,TRUE,usable_complete,243,0.49190283400809715
900,voter,TRUE,TRUE,usable_complete_limited_metadata,9,0.018218623481781375
900,voter,TRUE,TRUE,usable_partial,124,0.25101214574898784
900,voter,TRUE,TRUE,usable_partial_limited_metadata,2,0.004048582995951417
901,abstention,FALSE,FALSE,no_determinants,28,0.05533596837944664
901,abstention,FALSE,FALSE,suspicious_determinants,1,0.001976284584980237
901,abstention,FALSE,FALSE,too_many_missing_determinants,5,0.009881422924901186
901,abstention,TRUE,TRUE,usable_complete,408,0.8063241106719368
901,abstention,TRUE,TRUE,usable_complete_limited_metadata,19,0.037549407114624504
901,abstention,TRUE,TRUE,usable_partial,44,0.08695652173913043
901,abstention,TRUE,TRUE,usable_partial_limited_metadata,1,0.001976284584980237
901,voter,FALSE,FALSE,no_determinants,78,0.15789473684210525
901,voter,FALSE,FALSE,suspicious_determinants,3,0.006072874493927126
901,voter,FALSE,FALSE,too_many_missing_determinants,35,0.0708502024291498
901,voter,TRUE,TRUE,usable_complete,245,0.4959514170040486
901,voter,TRUE,TRUE,usable_complete_limited_metadata,6,0.012145748987854251
901,voter,TRUE,TRUE,usable_partial,126,0.2550607287449393
901,voter,TRUE,TRUE,usable_partial_limited_metadata,1,0.0020242914979757085
902,abstention,FALSE,FALSE,no_determinants,24,0.04743083003952569
902,abstention,FALSE,FALSE,too_many_missing_determinants,6,0.011857707509881422
902,abstention,TRUE,TRUE,usable_complete,387,0.7648221343873518
902,abstention,TRUE,TRUE,usable_complete_limited_metadata,18,0.03557312252964427
902,abstention,TRUE,TRUE,usable_partial,70,0.1383399209486166
902,abstention,TRUE,TRUE,usable_partial_limited_metadata,1,0.001976284584980237
902,voter,FALSE,FALSE,no_determinants,75,0.15182186234817813
902,voter,FALSE,FALSE,suspicious_determinants,4,0.008097165991902834
902,voter,FALSE,FALSE,too_many_missing_determinants,19,0.038461538461538464
902,voter,TRUE,TRUE,usable_complete,257,0.520242914979757
902,voter,TRUE,TRUE,usable_complete_limited_metadata,10,0.020242914979757085
902,voter,TRUE,TRUE,usable_partial,128,0.2591093117408907
902,voter,TRUE,TRUE,usable_partial_limited_metadata,1,0.0020242914979757085
903,abstention,FALSE,FALSE,no_determinants,25,0.04940711462450593
903,abstention,FALSE,FALSE,suspicious_determinants,2,0.003952569169960474
903,abstention,FALSE,FALSE,too_many_missing_determinants,6,0.011857707509881422
903,abstention,TRUE,TRUE,usable_complete,412,0.8142292490118577
903,abstention,TRUE,TRUE,usable_complete_limited_metadata,20,0.039525691699604744
903,abstention,TRUE,TRUE,usable_partial,39,0.07707509881422925
903,abstention,TRUE,TRUE,usable_partial_limited_metadata,2,0.003952569169960474
903,voter,FALSE,FALSE,no_determinants,79,0.15991902834008098
903,voter,FALSE,FALSE,suspicious_determinants,2,0.004048582995951417
903,voter,FALSE,FALSE,too_many_missing_determinants,31,0.06275303643724696
903,voter,TRUE,TRUE,usable_complete,248,0.5020242914979757
903,voter,TRUE,TRUE,usable_complete_limited_metadata,7,0.01417004048582996
903,voter,TRUE,TRUE,usable_partial,125,0.25303643724696356
903,voter,TRUE,TRUE,usable_partial_limited_metadata,2,0.004048582995951417
904,abstention,FALSE,FALSE,no_determinants,35,0.0691699604743083
904,abstention,FALSE,FALSE,suspicious_determinants,2,0.003952569169960474
904,abstention,FALSE,FALSE,too_many_missing_determinants,8,0.015810276679841896
904,abstention,TRUE,TRUE,usable_complete,398,0.7865612648221344
904,abstention,TRUE,TRUE,usable_complete_limited_metadata,18,0.03557312252964427
904,abstention,TRUE,TRUE,usable_partial,42,0.08300395256916997
904,abstention,TRUE,TRUE,usable_partial_limited_metadata,3,0.005928853754940711
904,voter,FALSE,FALSE,no_determinants,97,0.19635627530364372
904,voter,FALSE,FALSE,suspicious_determinants,8,0.016194331983805668
904,voter,FALSE,FALSE,too_many_missing_determinants,23,0.0465587044534413
904,voter,TRUE,TRUE,usable_complete,250,0.5060728744939271
904,voter,TRUE,TRUE,usable_complete_limited_metadata,4,0.008097165991902834
904,voter,TRUE,TRUE,usable_partial,111,0.22469635627530365
904,voter,TRUE,TRUE,usable_partial_limited_metadata,1,0.0020242914979757085
905,abstention,FALSE,FALSE,no_determinants,36,0.07114624505928854
905,abstention,FALSE,FALSE,suspicious_determinants,1,0.001976284584980237
905,abstention,FALSE,FALSE,too_many_missing_determinants,3,0.005928853754940711
905,abstention,TRUE,TRUE,usable_complete,397,0.7845849802371542
905,abstention,TRUE,TRUE,usable_complete_limited_metadata,18,0.03557312252964427
905,abstention,TRUE,TRUE,usable_partial,51,0.1007905138339921
905,voter,FALSE,FALSE,no_determinants,77,0.15587044534412955
905,voter,FALSE,FALSE,suspicious_determinants,4,0.008097165991902834
905,voter,FALSE,FALSE,too_many_missing_determinants,37,0.07489878542510121
905,voter,TRUE,TRUE,usable_complete,234,0.47368421052631576
905,voter,TRUE,TRUE,usable_complete_limited_metadata,8,0.016194331983805668
905,voter,TRUE,TRUE,usable_partial,130,0.2631578947368421
905,voter,TRUE,TRUE,usable_partial_limited_metadata,4,0.008097165991902834
906,abstention,FALSE,FALSE,no_determinants,32,0.06324110671936758
906,abstention,FALSE,FALSE,suspicious_determinants,1,0.001976284584980237
906,abstention,FALSE,FALSE,too_many_missing_determinants,4,0.007905138339920948
906,abstention,TRUE,TRUE,usable_complete,388,0.766798418972332
906,abstention,TRUE,TRUE,usable_complete_limited_metadata,20,0.039525691699604744
906,abstention,TRUE,TRUE,usable_partial,59,0.116600790513834
906,abstention,TRUE,TRUE,usable_partial_limited_metadata,2,0.003952569169960474
906,voter,FALSE,FALSE,no_determinants,74,0.14979757085020243
906,voter,FALSE,FALSE,suspicious_determinants,4,0.008097165991902834
906,voter,FALSE,FALSE,too_many_missing_determinants,24,0.048582995951417005
906,voter,TRUE,TRUE,usable_complete,260,0.5263157894736842
906,voter,TRUE,TRUE,usable_complete_limited_metadata,5,0.010121457489878543
906,voter,TRUE,TRUE,usable_partial,127,0.25708502024291496
907,abstention,FALSE,FALSE,no_determinants,29,0.05731225296442688
907,abstention,FALSE,FALSE,too_many_missing_determinants,4,0.007905138339920948
907,abstention,TRUE,TRUE,usable_complete,400,0.7905138339920948
907,abstention,TRUE,TRUE,usable_complete_limited_metadata,19,0.037549407114624504
907,abstention,TRUE,TRUE,usable_partial,49,0.09683794466403162
907,abstention,TRUE,TRUE,usable_partial_limited_metadata,5,0.009881422924901186
907,voter,FALSE,FALSE,no_determinants,75,0.15182186234817813
907,voter,FALSE,FALSE,suspicious_determinants,2,0.004048582995951417
907,voter,FALSE,FALSE,too_many_missing_determinants,21,0.04251012145748988
907,voter,TRUE,TRUE,usable_complete,257,0.520242914979757
907,voter,TRUE,TRUE,usable_complete_limited_metadata,4,0.008097165991902834
907,voter,TRUE,TRUE,usable_partial,134,0.27125506072874495
907,voter,TRUE,TRUE,usable_partial_limited_metadata,1,0.0020242914979757085
908,abstention,FALSE,FALSE,no_determinants,34,0.06719367588932806
908,abstention,FALSE,FALSE,too_many_missing_determinants,3,0.005928853754940711
908,abstention,TRUE,TRUE,usable_complete,405,0.8003952569169961
908,abstention,TRUE,TRUE,usable_complete_limited_metadata,19,0.037549407114624504
908,abstention,TRUE,TRUE,usable_partial,44,0.08695652173913043
908,abstention,TRUE,TRUE,usable_partial_limited_metadata,1,0.001976284584980237
908,voter,FALSE,FALSE,no_determinants,97,0.19635627530364372
908,voter,FALSE,FALSE,suspicious_determinants,4,0.008097165991902834
908,voter,FALSE,FALSE,too_many_missing_determinants,24,0.048582995951417005
908,voter,TRUE,TRUE,usable_complete,234,0.47368421052631576
908,voter,TRUE,TRUE,usable_complete_limited_metadata,5,0.010121457489878543
908,voter,TRUE,TRUE,usable_partial,130,0.2631578947368421
909,abstention,FALSE,FALSE,no_determinants,33,0.06521739130434782
909,abstention,FALSE,FALSE,suspicious_determinants,1,0.001976284584980237
909,abstention,FALSE,FALSE,too_many_missing_determinants,5,0.009881422924901186
909,abstention,TRUE,TRUE,usable_complete,399,0.7885375494071146
909,abstention,TRUE,TRUE,usable_complete_limited_metadata,17,0.03359683794466403
909,abstention,TRUE,TRUE,usable_partial,48,0.09486166007905138
909,abstention,TRUE,TRUE,usable_partial_limited_metadata,3,0.005928853754940711
909,voter,FALSE,FALSE,no_determinants,62,0.12550607287449392
909,voter,FALSE,FALSE,suspicious_determinants,5,0.010121457489878543
909,voter,FALSE,FALSE,too_many_missing_determinants,34,0.06882591093117409
909,voter,TRUE,TRUE,usable_complete,262,0.5303643724696356
909,voter,TRUE,TRUE,usable_complete_limited_metadata,5,0.010121457489878543
909,voter,TRUE,TRUE,usable_partial,126,0.2550607287449393
910,abstention,FALSE,FALSE,no_determinants,30,0.05928853754940711
910,abstention,FALSE,FALSE,suspicious_determinants,1,0.001976284584980237
910,abstention,FALSE,FALSE,too_many_missing_determinants,5,0.009881422924901186
910,abstention,TRUE,TRUE,usable_complete,412,0.8142292490118577
910,abstention,TRUE,TRUE,usable_complete_limited_metadata,14,0.02766798418972332
910,abstention,TRUE,TRUE,usable_partial,43,0.08498023715415019
910,abstention,TRUE,TRUE,usable_partial_limited_metadata,1,0.001976284584980237
910,voter,FALSE,FALSE,no_determinants,68,0.13765182186234817
910,voter,FALSE,FALSE,suspicious_determinants,6,0.012145748987854251
910,voter,FALSE,FALSE,too_many_missing_determinants,38,0.07692307692307693
910,voter,TRUE,TRUE,usable_complete,252,0.5101214574898786
910,voter,TRUE,TRUE,usable_complete_limited_metadata,3,0.006072874493927126
910,voter,TRUE,TRUE,usable_partial,126,0.2550607287449393
910,voter,TRUE,TRUE,usable_partial_limited_metadata,1,0.0020242914979757085
911,abstention,FALSE,FALSE,no_determinants,28,0.05533596837944664
911,abstention,FALSE,FALSE,suspicious_determinants,2,0.003952569169960474
911,abstention,FALSE,FALSE,too_many_missing_determinants,11,0.021739130434782608
911,abstention,TRUE,TRUE,usable_complete,395,0.7806324110671937
911,abstention,TRUE,TRUE,usable_complete_limited_metadata,16,0.03162055335968379
911,abstention,TRUE,TRUE,usable_partial,52,0.10276679841897234
911,abstention,TRUE,TRUE,usable_partial_limited_metadata,2,0.003952569169960474
911,voter,FALSE,FALSE,no_determinants,77,0.15587044534412955
911,voter,FALSE,FALSE,suspicious_determinants,4,0.008097165991902834
911,voter,FALSE,FALSE,too_many_missing_determinants,21,0.04251012145748988
911,voter,TRUE,TRUE,usable_complete,248,0.5020242914979757
911,voter,TRUE,TRUE,usable_complete_limited_metadata,7,0.01417004048582996
911,voter,TRUE,TRUE,usable_partial,135,0.2732793522267207
911,voter,TRUE,TRUE,usable_partial_limited_metadata,2,0.004048582995951417
912,abstention,FALSE,FALSE,no_determinants,32,0.06324110671936758
912,abstention,FALSE,FALSE,suspicious_determinants,1,0.001976284584980237
912,abstention,FALSE,FALSE,too_many_missing_determinants,4,0.007905138339920948
912,abstention,TRUE,TRUE,usable_complete,409,0.808300395256917
912,abstention,TRUE,TRUE,usable_complete_limited_metadata,19,0.037549407114624504
912,abstention,TRUE,TRUE,usable_partial,39,0.07707509881422925
912,abstention,TRUE,TRUE,usable_partial_limited_metadata,2,0.003952569169960474
912,voter,FALSE,FALSE,no_determinants,58,0.11740890688259109
912,voter,FALSE,FALSE,suspicious_determinants,3,0.006072874493927126
912,voter,FALSE,FALSE,too_many_missing_determinants,27,0.05465587044534413
912,voter,TRUE,TRUE,usable_complete,256,0.5182186234817814
912,voter,TRUE,TRUE,usable_complete_limited_metadata,10,0.020242914979757085
912,voter,TRUE,TRUE,usable_partial,137,0.2773279352226721
912,voter,TRUE,TRUE,usable_partial_limited_metadata,3,0.006072874493927126
913,abstention,FALSE,FALSE,no_determinants,31,0.06126482213438735
913,abstention,FALSE,FALSE,suspicious_determinants,1,0.001976284584980237
913,abstention,FALSE,FALSE,too_many_missing_determinants,9,0.017786561264822136
913,abstention,TRUE,TRUE,usable_complete,391,0.7727272727272727
913,abstention,TRUE,TRUE,usable_complete_limited_metadata,19,0.037549407114624504
913,abstention,TRUE,TRUE,usable_partial,52,0.10276679841897234
913,abstention,TRUE,TRUE,usable_partial_limited_metadata,3,0.005928853754940711
913,voter,FALSE,FALSE,no_determinants,82,0.1659919028340081
913,voter,FALSE,FALSE,suspicious_determinants,3,0.006072874493927126
913,voter,FALSE,FALSE,too_many_missing_determinants,9,0.018218623481781375
913,voter,TRUE,TRUE,usable_complete,255,0.5161943319838057
913,voter,TRUE,TRUE,usable_complete_limited_metadata,10,0.020242914979757085
913,voter,TRUE,TRUE,usable_partial,134,0.27125506072874495
913,voter,TRUE,TRUE,usable_partial_limited_metadata,1,0.0020242914979757085
914,abstention,FALSE,FALSE,no_determinants,32,0.06324110671936758
914,abstention,FALSE,FALSE,suspicious_determinants,2,0.003952569169960474
914,abstention,FALSE,FALSE,too_many_missing_determinants,6,0.011857707509881422
914,abstention,TRUE,TRUE,usable_complete,404,0.7984189723320159
914,abstention,TRUE,TRUE,usable_complete_limited_metadata,10,0.019762845849802372
914,abstention,TRUE,TRUE,usable_partial,50,0.09881422924901186
914,abstention,TRUE,TRUE,usable_partial_limited_metadata,2,0.003952569169960474
914,voter,FALSE,FALSE,no_determinants,85,0.1720647773279352
914,voter,FALSE,FALSE,suspicious_determinants,11,0.022267206477732792
914,voter,FALSE,FALSE,too_many_missing_determinants,24,0.048582995951417005
914,voter,TRUE,TRUE,usable_complete,240,0.48582995951417
914,voter,TRUE,TRUE,usable_complete_limited_metadata,8,0.016194331983805668
914,voter,TRUE,TRUE,usable_partial,125,0.25303643724696356
914,voter,TRUE,TRUE,usable_partial_limited_metadata,1,0.0020242914979757085
915,abstention,FALSE,FALSE,no_determinants,40,0.07905138339920949
915,abstention,FALSE,FALSE,suspicious_determinants,2,0.003952569169960474
915,abstention,FALSE,FALSE,too_many_missing_determinants,7,0.01383399209486166
915,abstention,TRUE,TRUE,usable_complete,399,0.7885375494071146
915,abstention,TRUE,TRUE,usable_complete_limited_metadata,17,0.03359683794466403
915,abstention,TRUE,TRUE,usable_partial,39,0.07707509881422925
915,abstention,TRUE,TRUE,usable_partial_limited_metadata,2,0.003952569169960474
915,voter,FALSE,FALSE,no_determinants,79,0.15991902834008098
915,voter,FALSE,FALSE,suspicious_determinants,3,0.006072874493927126
915,voter,FALSE,FALSE,too_many_missing_determinants,27,0.05465587044534413
915,voter,TRUE,TRUE,usable_complete,241,0.48785425101214575
915,voter,TRUE,TRUE,usable_complete_limited_metadata,9,0.018218623481781375
915,voter,TRUE,TRUE,usable_partial,135,0.2732793522267207
916,abstention,FALSE,FALSE,no_determinants,31,0.06126482213438735
916,abstention,FALSE,FALSE,too_many_missing_determinants,6,0.011857707509881422
916,abstention,TRUE,TRUE,usable_complete,401,0.7924901185770751
916,abstention,TRUE,TRUE,usable_complete_limited_metadata,21,0.041501976284584984
916,abstention,TRUE,TRUE,usable_partial,46,0.09090909090909091
916,abstention,TRUE,TRUE,usable_partial_limited_metadata,1,0.001976284584980237
916,voter,FALSE,FALSE,no_determinants,77,0.15587044534412955
916,voter,FALSE,FALSE,too_many_missing_determinants,25,0.05060728744939271
916,voter,TRUE,TRUE,usable_complete,265,0.5364372469635628
916,voter,TRUE,TRUE,usable_complete_limited_metadata,7,0.01417004048582996
916,voter,TRUE,TRUE,usable_partial,118,0.2388663967611336
916,voter,TRUE,TRUE,usable_partial_limited_metadata,2,0.004048582995951417
917,abstention,FALSE,FALSE,no_determinants,32,0.06324110671936758
917,abstention,FALSE,FALSE,suspicious_determinants,1,0.001976284584980237
917,abstention,FALSE,FALSE,too_many_missing_determinants,2,0.003952569169960474
917,abstention,TRUE,TRUE,usable_complete,407,0.8043478260869565
917,abstention,TRUE,TRUE,usable_complete_limited_metadata,20,0.039525691699604744
917,abstention,TRUE,TRUE,usable_partial,41,0.08102766798418973
917,abstention,TRUE,TRUE,usable_partial_limited_metadata,3,0.005928853754940711
917,voter,FALSE,FALSE,no_determinants,88,0.17813765182186234
917,voter,FALSE,FALSE,suspicious_determinants,4,0.008097165991902834
917,voter,FALSE,FALSE,too_many_missing_determinants,20,0.04048582995951417
917,voter,TRUE,TRUE,usable_complete,244,0.4939271255060729
917,voter,TRUE,TRUE,usable_complete_limited_metadata,10,0.020242914979757085
917,voter,TRUE,TRUE,usable_partial,128,0.2591093117408907
918,abstention,FALSE,FALSE,no_determinants,26,0.05138339920948617
918,abstention,FALSE,FALSE,suspicious_determinants,1,0.001976284584980237
918,abstention,FALSE,FALSE,too_many_missing_determinants,7,0.01383399209486166
918,abstention,TRUE,TRUE,usable_complete,392,0.7747035573122529
918,abstention,TRUE,TRUE,usable_complete_limited_metadata,24,0.04743083003952569
918,abstention,TRUE,TRUE,usable_partial,54,0.1067193675889328
918,abstention,TRUE,TRUE,usable_partial_limited_metadata,2,0.003952569169960474
918,voter,FALSE,FALSE,no_determinants,74,0.14979757085020243
918,voter,FALSE,FALSE,suspicious_determinants,6,0.012145748987854251
918,voter,FALSE,FALSE,too_many_missing_determinants,27,0.05465587044534413
918,voter,TRUE,TRUE,usable_complete,254,0.5141700404858299
918,voter,TRUE,TRUE,usable_complete_limited_metadata,5,0.010121457489878543
918,voter,TRUE,TRUE,usable_partial,128,0.2591093117408907
919,abstention,FALSE,FALSE,no_determinants,25,0.04940711462450593
919,abstention,FALSE,FALSE,suspicious_determinants,1,0.001976284584980237
919,abstention,FALSE,FALSE,too_many_missing_determinants,3,0.005928853754940711
919,abstention,TRUE,TRUE,usable_complete,392,0.7747035573122529
919,abstention,TRUE,TRUE,usable_complete_limited_metadata,22,0.043478260869565216
919,abstention,TRUE,TRUE,usable_partial,55,0.10869565217391304
919,abstention,TRUE,TRUE,usable_partial_limited_metadata,8,0.015810276679841896
919,voter,FALSE,FALSE,no_determinants,75,0.15182186234817813
919,voter,FALSE,FALSE,suspicious_determinants,1,0.0020242914979757085
919,voter,FALSE,FALSE,too_many_missing_determinants,16,0.032388663967611336
919,voter,TRUE,TRUE,usable_complete,267,0.5404858299595142
919,voter,TRUE,TRUE,usable_complete_limited_metadata,6,0.012145748987854251
919,voter,TRUE,TRUE,usable_partial,129,0.2611336032388664
920,abstention,FALSE,FALSE,no_determinants,23,0.045454545454545456
920,abstention,FALSE,FALSE,suspicious_determinants,1,0.001976284584980237
920,abstention,FALSE,FALSE,too_many_missing_determinants,2,0.003952569169960474
920,abstention,TRUE,TRUE,usable_complete,394,0.7786561264822134
920,abstention,TRUE,TRUE,usable_complete_limited_metadata,27,0.0533596837944664
920,abstention,TRUE,TRUE,usable_partial,58,0.11462450592885376
920,abstention,TRUE,TRUE,usable_partial_limited_metadata,1,0.001976284584980237
920,voter,FALSE,FALSE,no_determinants,87,0.17611336032388664
920,voter,FALSE,FALSE,suspicious_determinants,6,0.012145748987854251
920,voter,FALSE,FALSE,too_many_missing_determinants,30,0.06072874493927125
920,voter,TRUE,TRUE,usable_complete,243,0.49190283400809715
920,voter,TRUE,TRUE,usable_complete_limited_metadata,7,0.01417004048582996
920,voter,TRUE,TRUE,usable_partial,121,0.24493927125506074
921,abstention,FALSE,FALSE,no_determinants,35,0.0691699604743083
921,abstention,FALSE,FALSE,too_many_missing_determinants,9,0.017786561264822136
921,abstention,TRUE,TRUE,usable_complete,397,0.7845849802371542
921,abstention,TRUE,TRUE,usable_complete_limited_metadata,20,0.039525691699604744
921,abstention,TRUE,TRUE,usable_partial,43,0.08498023715415019
921,abstention,TRUE,TRUE,usable_partial_limited_metadata,2,0.003952569169960474
921,voter,FALSE,FALSE,no_determinants,63,0.12753036437246965
921,voter,FALSE,FALSE,suspicious_determinants,3,0.006072874493927126
921,voter,FALSE,FALSE,too_many_missing_determinants,25,0.05060728744939271
921,voter,TRUE,TRUE,usable_complete,249,0.5040485829959515
921,voter,TRUE,TRUE,usable_complete_limited_metadata,15,0.030364372469635626
921,voter,TRUE,TRUE,usable_partial,139,0.2813765182186235
922,abstention,FALSE,FALSE,no_determinants,41,0.08102766798418973
922,abstention,FALSE,FALSE,suspicious_determinants,1,0.001976284584980237
922,abstention,FALSE,FALSE,too_many_missing_determinants,6,0.011857707509881422
922,abstention,TRUE,TRUE,usable_complete,380,0.7509881422924901
922,abstention,TRUE,TRUE,usable_complete_limited_metadata,25,0.04940711462450593
922,abstention,TRUE,TRUE,usable_partial,49,0.09683794466403162
922,abstention,TRUE,TRUE,usable_partial_limited_metadata,4,0.007905138339920948
922,voter,FALSE,FALSE,no_determinants,80,0.16194331983805668
922,voter,FALSE,FALSE,suspicious_determinants,2,0.004048582995951417
922,voter,FALSE,FALSE,too_many_missing_determinants,25,0.05060728744939271
922,voter,TRUE,TRUE,usable_complete,254,0.5141700404858299
922,voter,TRUE,TRUE,usable_complete_limited_metadata,3,0.006072874493927126
922,voter,TRUE,TRUE,usable_partial,129,0.2611336032388664
922,voter,TRUE,TRUE,usable_partial_limited_metadata,1,0.0020242914979757085
923,abstention,FALSE,FALSE,no_determinants,22,0.043478260869565216
923,abstention,FALSE,FALSE,suspicious_determinants,1,0.001976284584980237
923,abstention,FALSE,FALSE,too_many_missing_determinants,4,0.007905138339920948
923,abstention,TRUE,TRUE,usable_complete,413,0.8162055335968379
923,abstention,TRUE,TRUE,usable_complete_limited_metadata,19,0.037549407114624504
923,abstention,TRUE,TRUE,usable_partial,43,0.08498023715415019
923,abstention,TRUE,TRUE,usable_partial_limited_metadata,4,0.007905138339920948
923,voter,FALSE,FALSE,no_determinants,71,0.1437246963562753
923,voter,FALSE,FALSE,suspicious_determinants,3,0.006072874493927126
923,voter,FALSE,FALSE,too_many_missing_determinants,27,0.05465587044534413
923,voter,TRUE,TRUE,usable_complete,255,0.5161943319838057
923,voter,TRUE,TRUE,usable_complete_limited_metadata,7,0.01417004048582996
923,voter,TRUE,TRUE,usable_partial,131,0.2651821862348178
924,abstention,FALSE,FALSE,no_determinants,27,0.0533596837944664
924,abstention,FALSE,FALSE,too_many_missing_determinants,7,0.01383399209486166
924,abstention,TRUE,TRUE,usable_complete,411,0.8122529644268774
924,abstention,TRUE,TRUE,usable_complete_limited_metadata,25,0.04940711462450593
924,abstention,TRUE,TRUE,usable_partial,34,0.06719367588932806
924,abstention,TRUE,TRUE,usable_partial_limited_metadata,2,0.003952569169960474
924,voter,FALSE,FALSE,no_determinants,86,0.17408906882591094
924,voter,FALSE,FALSE,suspicious_determinants,3,0.006072874493927126
924,voter,FALSE,FALSE,too_many_missing_determinants,30,0.06072874493927125
924,voter,TRUE,TRUE,usable_complete,235,0.4757085020242915
924,voter,TRUE,TRUE,usable_complete_limited_metadata,8,0.016194331983805668
924,voter,TRUE,TRUE,usable_partial,130,0.2631578947368421
924,voter,TRUE,TRUE,usable_partial_limited_metadata,2,0.004048582995951417
925,abstention,FALSE,FALSE,no_determinants,33,0.06521739130434782
925,abstention,FALSE,FALSE,suspicious_determinants,1,0.001976284584980237
925,abstention,FALSE,FALSE,too_many_missing_determinants,7,0.01383399209486166
925,abstention,TRUE,TRUE,usable_complete,396,0.782608695652174
925,abstention,TRUE,TRUE,usable_complete_limited_metadata,27,0.0533596837944664
925,abstention,TRUE,TRUE,usable_partial,40,0.07905138339920949
925,abstention,TRUE,TRUE,usable_partial_limited_metadata,2,0.003952569169960474
925,voter,FALSE,FALSE,no_determinants,72,0.145748987854251
925,voter,FALSE,FALSE,suspicious_determinants,3,0.006072874493927126
925,voter,FALSE,FALSE,too_many_missing_determinants,22,0.044534412955465584
925,voter,TRUE,TRUE,usable_complete,262,0.5303643724696356
925,voter,TRUE,TRUE,usable_complete_limited_metadata,3,0.006072874493927126
925,voter,TRUE,TRUE,usable_partial,132,0.26720647773279355
926,abstention,FALSE,FALSE,no_determinants,23,0.045454545454545456
926,abstention,FALSE,FALSE,suspicious_determinants,2,0.003952569169960474
926,abstention,FALSE,FALSE,too_many_missing_determinants,5,0.009881422924901186
926,abstention,TRUE,TRUE,usable_complete,403,0.7964426877470355
926,abstention,TRUE,TRUE,usable_complete_limited_metadata,23,0.045454545454545456
926,abstention,TRUE,TRUE,usable_partial,48,0.09486166007905138
926,abstention,TRUE,TRUE,usable_partial_limited_metadata,2,0.003952569169960474
926,voter,FALSE,FALSE,no_determinants,80,0.16194331983805668
926,voter,FALSE,FALSE,suspicious_determinants,3,0.006072874493927126
926,voter,FALSE,FALSE,too_many_missing_determinants,29,0.058704453441295545
926,voter,TRUE,TRUE,usable_complete,257,0.520242914979757
926,voter,TRUE,TRUE,usable_complete_limited_metadata,12,0.024291497975708502
926,voter,TRUE,TRUE,usable_partial,113,0.22874493927125505
927,abstention,FALSE,FALSE,no_determinants,21,0.041501976284584984
927,abstention,FALSE,FALSE,suspicious_determinants,1,0.001976284584980237
927,abstention,FALSE,FALSE,too_many_missing_determinants,3,0.005928853754940711
927,abstention,TRUE,TRUE,usable_complete,400,0.7905138339920948
927,abstention,TRUE,TRUE,usable_complete_limited_metadata,25,0.04940711462450593
927,abstention,TRUE,TRUE,usable_partial,53,0.10474308300395258
927,abstention,TRUE,TRUE,usable_partial_limited_metadata,3,0.005928853754940711
927,voter,FALSE,FALSE,no_determinants,72,0.145748987854251
927,voter,FALSE,FALSE,suspicious_determinants,6,0.012145748987854251
927,voter,FALSE,FALSE,too_many_missing_determinants,31,0.06275303643724696
927,voter,TRUE,TRUE,usable_complete,253,0.5121457489878543
927,voter,TRUE,TRUE,usable_complete_limited_metadata,8,0.016194331983805668
927,voter,TRUE,TRUE,usable_partial,124,0.25101214574898784
928,abstention,FALSE,FALSE,no_determinants,32,0.06324110671936758
928,abstention,FALSE,FALSE,too_many_missing_determinants,6,0.011857707509881422
928,abstention,TRUE,TRUE,usable_complete,403,0.7964426877470355
928,abstention,TRUE,TRUE,usable_complete_limited_metadata,17,0.03359683794466403
928,abstention,TRUE,TRUE,usable_partial,46,0.09090909090909091
928,abstention,TRUE,TRUE,usable_partial_limited_metadata,2,0.003952569169960474
928,voter,FALSE,FALSE,no_determinants,82,0.1659919028340081
928,voter,FALSE,FALSE,suspicious_determinants,2,0.004048582995951417
928,voter,FALSE,FALSE,too_many_missing_determinants,24,0.048582995951417005
928,voter,TRUE,TRUE,usable_complete,258,0.5222672064777328
928,voter,TRUE,TRUE,usable_complete_limited_metadata,4,0.008097165991902834
928,voter,TRUE,TRUE,usable_partial,121,0.24493927125506074
928,voter,TRUE,TRUE,usable_partial_limited_metadata,3,0.006072874493927126
929,abstention,FALSE,FALSE,no_determinants,35,0.0691699604743083
929,abstention,FALSE,FALSE,suspicious_determinants,1,0.001976284584980237
929,abstention,FALSE,FALSE,too_many_missing_determinants,4,0.007905138339920948
929,abstention,TRUE,TRUE,usable_complete,402,0.7944664031620553
929,abstention,TRUE,TRUE,usable_complete_limited_metadata,18,0.03557312252964427
929,abstention,TRUE,TRUE,usable_partial,43,0.08498023715415019
929,abstention,TRUE,TRUE,usable_partial_limited_metadata,3,0.005928853754940711
929,voter,FALSE,FALSE,no_determinants,67,0.13562753036437247
929,voter,FALSE,FALSE,too_many_missing_determinants,30,0.06072874493927125
929,voter,TRUE,TRUE,usable_complete,278,0.562753036437247
929,voter,TRUE,TRUE,usable_complete_limited_metadata,6,0.012145748987854251
929,voter,TRUE,TRUE,usable_partial,113,0.22874493927125505
930,abstention,FALSE,FALSE,no_determinants,26,0.05138339920948617
930,abstention,FALSE,FALSE,too_many_missing_determinants,5,0.009881422924901186
930,abstention,TRUE,TRUE,usable_complete,406,0.8023715415019763
930,abstention,TRUE,TRUE,usable_complete_limited_metadata,14,0.02766798418972332
930,abstention,TRUE,TRUE,usable_partial,52,0.10276679841897234
930,abstention,TRUE,TRUE,usable_partial_limited_metadata,3,0.005928853754940711
930,voter,FALSE,FALSE,no_determinants,66,0.13360323886639677
930,voter,FALSE,FALSE,suspicious_determinants,2,0.004048582995951417
930,voter,FALSE,FALSE,too_many_missing_determinants,33,0.06680161943319839
930,voter,TRUE,TRUE,usable_complete,252,0.5101214574898786
930,voter,TRUE,TRUE,usable_complete_limited_metadata,10,0.020242914979757085
930,voter,TRUE,TRUE,usable_partial,131,0.2651821862348178
931,abstention,FALSE,FALSE,no_determinants,21,0.041501976284584984
931,abstention,FALSE,FALSE,suspicious_determinants,2,0.003952569169960474
931,abstention,FALSE,FALSE,too_many_missing_determinants,8,0.015810276679841896
931,abstention,TRUE,TRUE,usable_complete,405,0.8003952569169961
931,abstention,TRUE,TRUE,usable_complete_limited_metadata,19,0.037549407114624504
931,abstention,TRUE,TRUE,usable_partial,49,0.09683794466403162
931,abstention,TRUE,TRUE,usable_partial_limited_metadata,2,0.003952569169960474
931,voter,FALSE,FALSE,no_determinants,91,0.18421052631578946
931,voter,FALSE,FALSE,suspicious_determinants,2,0.004048582995951417
931,voter,FALSE,FALSE,too_many_missing_determinants,21,0.04251012145748988
931,voter,TRUE,TRUE,usable_complete,239,0.48380566801619435
931,voter,TRUE,TRUE,usable_complete_limited_metadata,6,0.012145748987854251
931,voter,TRUE,TRUE,usable_partial,135,0.2732793522267207
932,abstention,FALSE,FALSE,no_determinants,28,0.05533596837944664
932,abstention,FALSE,FALSE,too_many_missing_determinants,8,0.015810276679841896
932,abstention,TRUE,TRUE,usable_complete,406,0.8023715415019763
932,abstention,TRUE,TRUE,usable_complete_limited_metadata,17,0.03359683794466403
932,abstention,TRUE,TRUE,usable_partial,46,0.09090909090909091
932,abstention,TRUE,TRUE,usable_partial_limited_metadata,1,0.001976284584980237
932,voter,FALSE,FALSE,no_determinants,80,0.16194331983805668
932,voter,FALSE,FALSE,suspicious_determinants,2,0.004048582995951417
932,voter,FALSE,FALSE,too_many_missing_determinants,32,0.06477732793522267
932,voter,TRUE,TRUE,usable_complete,254,0.5141700404858299
932,voter,TRUE,TRUE,usable_complete_limited_metadata,4,0.008097165991902834
932,voter,TRUE,TRUE,usable_partial,121,0.24493927125506074
932,voter,TRUE,TRUE,usable_partial_limited_metadata,1,0.0020242914979757085
933,abstention,FALSE,FALSE,no_determinants,38,0.07509881422924901
933,abstention,FALSE,FALSE,suspicious_determinants,1,0.001976284584980237
933,abstention,FALSE,FALSE,too_many_missing_determinants,4,0.007905138339920948
933,abstention,TRUE,TRUE,usable_complete,405,0.8003952569169961
933,abstention,TRUE,TRUE,usable_complete_limited_metadata,15,0.029644268774703556
933,abstention,TRUE,TRUE,usable_partial,42,0.08300395256916997
933,abstention,TRUE,TRUE,usable_partial_limited_metadata,1,0.001976284584980237
933,voter,FALSE,FALSE,no_determinants,76,0.15384615384615385
933,voter,FALSE,FALSE,suspicious_determinants,2,0.004048582995951417
933,voter,FALSE,FALSE,too_many_missing_determinants,30,0.06072874493927125
933,voter,TRUE,TRUE,usable_complete,250,0.5060728744939271
933,voter,TRUE,TRUE,usable_complete_limited_metadata,11,0.022267206477732792
933,voter,TRUE,TRUE,usable_partial,125,0.25303643724696356
934,abstention,FALSE,FALSE,no_determinants,28,0.05533596837944664
934,abstention,FALSE,FALSE,suspicious_determinants,3,0.005928853754940711
934,abstention,FALSE,FALSE,too_many_missing_determinants,4,0.007905138339920948
934,abstention,TRUE,TRUE,usable_complete,397,0.7845849802371542
934,abstention,TRUE,TRUE,usable_complete_limited_metadata,23,0.045454545454545456
934,abstention,TRUE,TRUE,usable_partial,50,0.09881422924901186
934,abstention,TRUE,TRUE,usable_partial_limited_metadata,1,0.001976284584980237
934,voter,FALSE,FALSE,no_determinants,85,0.1720647773279352
934,voter,FALSE,FALSE,suspicious_determinants,2,0.004048582995951417
934,voter,FALSE,FALSE,too_many_missing_determinants,25,0.05060728744939271
934,voter,TRUE,TRUE,usable_complete,245,0.4959514170040486
934,voter,TRUE,TRUE,usable_complete_limited_metadata,8,0.016194331983805668
934,voter,TRUE,TRUE,usable_partial,129,0.2611336032388664
935,abstention,FALSE,FALSE,no_determinants,25,0.04940711462450593
935,abstention,FALSE,FALSE,suspicious_determinants,1,0.001976284584980237
935,abstention,FALSE,FALSE,too_many_missing_determinants,8,0.015810276679841896
935,abstention,TRUE,TRUE,usable_complete,403,0.7964426877470355
935,abstention,TRUE,TRUE,usable_complete_limited_metadata,20,0.039525691699604744
935,abstention,TRUE,TRUE,usable_partial,46,0.09090909090909091
935,abstention,TRUE,TRUE,usable_partial_limited_metadata,3,0.005928853754940711
935,voter,FALSE,FALSE,no_determinants,86,0.17408906882591094
935,voter,FALSE,FALSE,suspicious_determinants,4,0.008097165991902834
935,voter,FALSE,FALSE,too_many_missing_determinants,28,0.05668016194331984
935,voter,TRUE,TRUE,usable_complete,236,0.4777327935222672
935,voter,TRUE,TRUE,usable_complete_limited_metadata,12,0.024291497975708502
935,voter,TRUE,TRUE,usable_partial,128,0.2591093117408907
936,abstention,FALSE,FALSE,no_determinants,44,0.08695652173913043
936,abstention,FALSE,FALSE,suspicious_determinants,3,0.005928853754940711
936,abstention,FALSE,FALSE,too_many_missing_determinants,5,0.009881422924901186
936,abstention,TRUE,TRUE,usable_complete,404,0.7984189723320159
936,abstention,TRUE,TRUE,usable_complete_limited_metadata,13,0.025691699604743084
936,abstention,TRUE,TRUE,usable_partial,37,0.07312252964426877
936,voter,FALSE,FALSE,no_determinants,73,0.14777327935222673
936,voter,FALSE,FALSE,suspicious_determinants,2,0.004048582995951417
936,voter,FALSE,FALSE,too_many_missing_determinants,32,0.06477732793522267
936,voter,TRUE,TRUE,usable_complete,239,0.48380566801619435
936,voter,TRUE,TRUE,usable_complete_limited_metadata,12,0.024291497975708502
936,voter,TRUE,TRUE,usable_partial,135,0.2732793522267207
936,voter,TRUE,TRUE,usable_partial_limited_metadata,1,0.0020242914979757085
937,abstention,FALSE,FALSE,no_determinants,23,0.045454545454545456
937,abstention,FALSE,FALSE,too_many_missing_determinants,4,0.007905138339920948
937,abstention,TRUE,TRUE,usable_complete,407,0.8043478260869565
937,abstention,TRUE,TRUE,usable_complete_limited_metadata,23,0.045454545454545456
937,abstention,TRUE,TRUE,usable_partial,46,0.09090909090909091
937,abstention,TRUE,TRUE,usable_partial_limited_metadata,3,0.005928853754940711
937,voter,FALSE,FALSE,no_determinants,83,0.1680161943319838
937,voter,FALSE,FALSE,suspicious_determinants,3,0.006072874493927126
937,voter,FALSE,FALSE,too_many_missing_determinants,30,0.06072874493927125
937,voter,TRUE,TRUE,usable_complete,239,0.48380566801619435
937,voter,TRUE,TRUE,usable_complete_limited_metadata,7,0.01417004048582996
937,voter,TRUE,TRUE,usable_partial,131,0.2651821862348178
937,voter,TRUE,TRUE,usable_partial_limited_metadata,1,0.0020242914979757085
938,abstention,FALSE,FALSE,no_determinants,26,0.05138339920948617
938,abstention,FALSE,FALSE,too_many_missing_determinants,7,0.01383399209486166
938,abstention,TRUE,TRUE,usable_complete,396,0.782608695652174
938,abstention,TRUE,TRUE,usable_complete_limited_metadata,20,0.039525691699604744
938,abstention,TRUE,TRUE,usable_partial,54,0.1067193675889328
938,abstention,TRUE,TRUE,usable_partial_limited_metadata,3,0.005928853754940711
938,voter,FALSE,FALSE,no_determinants,82,0.1659919028340081
938,voter,FALSE,FALSE,suspicious_determinants,6,0.012145748987854251
938,voter,FALSE,FALSE,too_many_missing_determinants,29,0.058704453441295545
938,voter,TRUE,TRUE,usable_complete,252,0.5101214574898786
938,voter,TRUE,TRUE,usable_complete_limited_metadata,8,0.016194331983805668
938,voter,TRUE,TRUE,usable_partial,117,0.23684210526315788
939,abstention,FALSE,FALSE,no_determinants,38,0.07509881422924901
939,abstention,FALSE,FALSE,suspicious_determinants,1,0.001976284584980237
939,abstention,FALSE,FALSE,too_many_missing_determinants,4,0.007905138339920948
939,abstention,TRUE,TRUE,usable_complete,390,0.7707509881422925
939,abstention,TRUE,TRUE,usable_complete_limited_metadata,20,0.039525691699604744
939,abstention,TRUE,TRUE,usable_partial,51,0.1007905138339921
939,abstention,TRUE,TRUE,usable_partial_limited_metadata,2,0.003952569169960474
939,voter,FALSE,FALSE,no_determinants,64,0.12955465587044535
939,voter,FALSE,FALSE,suspicious_determinants,1,0.0020242914979757085
939,voter,FALSE,FALSE,too_many_missing_determinants,23,0.0465587044534413
939,voter,TRUE,TRUE,usable_complete,268,0.5425101214574899
939,voter,TRUE,TRUE,usable_complete_limited_metadata,8,0.016194331983805668
939,voter,TRUE,TRUE,usable_partial,130,0.2631578947368421
940,abstention,FALSE,FALSE,no_determinants,37,0.07312252964426877
940,abstention,FALSE,FALSE,too_many_missing_determinants,6,0.011857707509881422
940,abstention,TRUE,TRUE,usable_complete,393,0.7766798418972332
940,abstention,TRUE,TRUE,usable_complete_limited_metadata,17,0.03359683794466403
940,abstention,TRUE,TRUE,usable_partial,53,0.10474308300395258
940,voter,FALSE,FALSE,no_determinants,74,0.14979757085020243
940,voter,FALSE,FALSE,suspicious_determinants,4,0.008097165991902834
940,voter,FALSE,FALSE,too_many_missing_determinants,22,0.044534412955465584
940,voter,TRUE,TRUE,usable_complete,248,0.5020242914979757
940,voter,TRUE,TRUE,usable_complete_limited_metadata,10,0.020242914979757085
940,voter,TRUE,TRUE,usable_partial,135,0.2732793522267207
940,voter,TRUE,TRUE,usable_partial_limited_metadata,1,0.0020242914979757085
941,abstention,FALSE,FALSE,no_determinants,37,0.07312252964426877
941,abstention,FALSE,FALSE,suspicious_determinants,1,0.001976284584980237
941,abstention,FALSE,FALSE,too_many_missing_determinants,7,0.01383399209486166
941,abstention,TRUE,TRUE,usable_complete,391,0.7727272727272727
941,abstention,TRUE,TRUE,usable_complete_limited_metadata,20,0.039525691699604744
941,abstention,TRUE,TRUE,usable_partial,48,0.09486166007905138
941,abstention,TRUE,TRUE,usable_partial_limited_metadata,2,0.003952569169960474
941,voter,FALSE,FALSE,no_determinants,82,0.1659919028340081
941,voter,FALSE,FALSE,suspicious_determinants,2,0.004048582995951417
941,voter,FALSE,FALSE,too_many_missing_determinants,21,0.04251012145748988
941,voter,TRUE,TRUE,usable_complete,249,0.5040485829959515
941,voter,TRUE,TRUE,usable_complete_limited_metadata,10,0.020242914979757085
941,voter,TRUE,TRUE,usable_partial,130,0.2631578947368421
942,abstention,FALSE,FALSE,no_determinants,30,0.05928853754940711
942,abstention,TRUE,TRUE,usable_complete,408,0.8063241106719368
942,abstention,TRUE,TRUE,usable_complete_limited_metadata,21,0.041501976284584984
942,abstention,TRUE,TRUE,usable_partial,46,0.09090909090909091
942,abstention,TRUE,TRUE,usable_partial_limited_metadata,1,0.001976284584980237
942,voter,FALSE,FALSE,no_determinants,65,0.13157894736842105
942,voter,FALSE,FALSE,suspicious_determinants,1,0.0020242914979757085
942,voter,FALSE,FALSE,too_many_missing_determinants,29,0.058704453441295545
942,voter,TRUE,TRUE,usable_complete,269,0.5445344129554656
942,voter,TRUE,TRUE,usable_complete_limited_metadata,4,0.008097165991902834
942,voter,TRUE,TRUE,usable_partial,125,0.25303643724696356
942,voter,TRUE,TRUE,usable_partial_limited_metadata,1,0.0020242914979757085
943,abstention,FALSE,FALSE,no_determinants,37,0.07312252964426877
943,abstention,FALSE,FALSE,suspicious_determinants,1,0.001976284584980237
943,abstention,FALSE,FALSE,too_many_missing_determinants,2,0.003952569169960474
943,abstention,TRUE,TRUE,usable_complete,402,0.7944664031620553
943,abstention,TRUE,TRUE,usable_complete_limited_metadata,22,0.043478260869565216
943,abstention,TRUE,TRUE,usable_partial,39,0.07707509881422925
943,abstention,TRUE,TRUE,usable_partial_limited_metadata,3,0.005928853754940711
943,voter,FALSE,FALSE,no_determinants,89,0.18016194331983806
943,voter,FALSE,FALSE,suspicious_determinants,1,0.0020242914979757085
943,voter,FALSE,FALSE,too_many_missing_determinants,20,0.04048582995951417
943,voter,TRUE,TRUE,usable_complete,245,0.4959514170040486
943,voter,TRUE,TRUE,usable_complete_limited_metadata,9,0.018218623481781375
943,voter,TRUE,TRUE,usable_partial,129,0.2611336032388664
943,voter,TRUE,TRUE,usable_partial_limited_metadata,1,0.0020242914979757085
944,abstention,FALSE,FALSE,no_determinants,33,0.06521739130434782
944,abstention,FALSE,FALSE,suspicious_determinants,1,0.001976284584980237
944,abstention,FALSE,FALSE,too_many_missing_determinants,5,0.009881422924901186
944,abstention,TRUE,TRUE,usable_complete,400,0.7905138339920948
944,abstention,TRUE,TRUE,usable_complete_limited_metadata,13,0.025691699604743084
944,abstention,TRUE,TRUE,usable_partial,52,0.10276679841897234
944,abstention,TRUE,TRUE,usable_partial_limited_metadata,2,0.003952569169960474
944,voter,FALSE,FALSE,no_determinants,78,0.15789473684210525
944,voter,FALSE,FALSE,suspicious_determinants,6,0.012145748987854251
944,voter,FALSE,FALSE,too_many_missing_determinants,32,0.06477732793522267
944,voter,TRUE,TRUE,usable_complete,261,0.52834008097166
944,voter,TRUE,TRUE,usable_complete_limited_metadata,7,0.01417004048582996
944,voter,TRUE,TRUE,usable_partial,110,0.22267206477732793
945,abstention,FALSE,FALSE,no_determinants,35,0.0691699604743083
945,abstention,FALSE,FALSE,suspicious_determinants,1,0.001976284584980237
945,abstention,FALSE,FALSE,too_many_missing_determinants,5,0.009881422924901186
945,abstention,TRUE,TRUE,usable_complete,406,0.8023715415019763
945,abstention,TRUE,TRUE,usable_complete_limited_metadata,23,0.045454545454545456
945,abstention,TRUE,TRUE,usable_partial,34,0.06719367588932806
945,abstention,TRUE,TRUE,usable_partial_limited_metadata,2,0.003952569169960474
945,voter,FALSE,FALSE,no_determinants,84,0.1700404858299595
945,voter,FALSE,FALSE,suspicious_determinants,4,0.008097165991902834
945,voter,FALSE,FALSE,too_many_missing_determinants,35,0.0708502024291498
945,voter,TRUE,TRUE,usable_complete,230,0.46558704453441296
945,voter,TRUE,TRUE,usable_complete_limited_metadata,7,0.01417004048582996
945,voter,TRUE,TRUE,usable_partial,134,0.27125506072874495
946,abstention,FALSE,FALSE,no_determinants,30,0.05928853754940711
946,abstention,FALSE,FALSE,suspicious_determinants,2,0.003952569169960474
946,abstention,FALSE,FALSE,too_many_missing_determinants,5,0.009881422924901186
946,abstention,TRUE,TRUE,usable_complete,393,0.7766798418972332
946,abstention,TRUE,TRUE,usable_complete_limited_metadata,22,0.043478260869565216
946,abstention,TRUE,TRUE,usable_partial,51,0.1007905138339921
946,abstention,TRUE,TRUE,usable_partial_limited_metadata,3,0.005928853754940711
946,voter,FALSE,FALSE,no_determinants,65,0.13157894736842105
946,voter,FALSE,FALSE,suspicious_determinants,3,0.006072874493927126
946,voter,FALSE,FALSE,too_many_missing_determinants,26,0.05263157894736842
946,voter,TRUE,TRUE,usable_complete,260,0.5263157894736842
946,voter,TRUE,TRUE,usable_complete_limited_metadata,7,0.01417004048582996
946,voter,TRUE,TRUE,usable_partial,132,0.26720647773279355
946,voter,TRUE,TRUE,usable_partial_limited_metadata,1,0.0020242914979757085
947,abstention,FALSE,FALSE,no_determinants,33,0.06521739130434782
947,abstention,FALSE,FALSE,suspicious_determinants,2,0.003952569169960474
947,abstention,FALSE,FALSE,too_many_missing_determinants,4,0.007905138339920948
947,abstention,TRUE,TRUE,usable_complete,403,0.7964426877470355
947,abstention,TRUE,TRUE,usable_complete_limited_metadata,15,0.029644268774703556
947,abstention,TRUE,TRUE,usable_partial,47,0.09288537549407115
947,abstention,TRUE,TRUE,usable_partial_limited_metadata,2,0.003952569169960474
947,voter,FALSE,FALSE,no_determinants,78,0.15789473684210525
947,voter,FALSE,FALSE,too_many_missing_determinants,35,0.0708502024291498
947,voter,TRUE,TRUE,usable_complete,264,0.5344129554655871
947,voter,TRUE,TRUE,usable_complete_limited_metadata,5,0.010121457489878543
947,voter,TRUE,TRUE,usable_partial,109,0.22064777327935223
947,voter,TRUE,TRUE,usable_partial_limited_metadata,3,0.006072874493927126
948,abstention,FALSE,FALSE,no_determinants,22,0.043478260869565216
948,abstention,FALSE,FALSE,suspicious_determinants,2,0.003952569169960474
948,abstention,FALSE,FALSE,too_many_missing_determinants,2,0.003952569169960474
948,abstention,TRUE,TRUE,usable_complete,416,0.8221343873517787
948,abstention,TRUE,TRUE,usable_complete_limited_metadata,21,0.041501976284584984
948,abstention,TRUE,TRUE,usable_partial,39,0.07707509881422925
948,abstention,TRUE,TRUE,usable_partial_limited_metadata,4,0.007905138339920948
948,voter,FALSE,FALSE,no_determinants,81,0.16396761133603238
948,voter,FALSE,FALSE,suspicious_determinants,3,0.006072874493927126
948,voter,FALSE,FALSE,too_many_missing_determinants,33,0.06680161943319839
948,voter,TRUE,TRUE,usable_complete,230,0.46558704453441296
948,voter,TRUE,TRUE,usable_complete_limited_metadata,7,0.01417004048582996
948,voter,TRUE,TRUE,usable_partial,140,0.2834008097165992
949,abstention,FALSE,FALSE,no_determinants,34,0.06719367588932806
949,abstention,FALSE,FALSE,suspicious_determinants,2,0.003952569169960474
949,abstention,FALSE,FALSE,too_many_missing_determinants,6,0.011857707509881422
949,abstention,TRUE,TRUE,usable_complete,375,0.741106719367589
949,abstention,TRUE,TRUE,usable_complete_limited_metadata,29,0.05731225296442688
949,abstention,TRUE,TRUE,usable_partial,59,0.116600790513834
949,abstention,TRUE,TRUE,usable_partial_limited_metadata,1,0.001976284584980237
949,voter,FALSE,FALSE,no_determinants,75,0.15182186234817813
949,voter,FALSE,FALSE,suspicious_determinants,1,0.0020242914979757085
949,voter,FALSE,FALSE,too_many_missing_determinants,24,0.048582995951417005
949,voter,TRUE,TRUE,usable_complete,263,0.5323886639676113
949,voter,TRUE,TRUE,usable_complete_limited_metadata,4,0.008097165991902834
949,voter,TRUE,TRUE,usable_partial,127,0.25708502024291496
950,abstention,FALSE,FALSE,no_determinants,32,0.06324110671936758
950,abstention,FALSE,FALSE,suspicious_determinants,1,0.001976284584980237
950,abstention,FALSE,FALSE,too_many_missing_determinants,4,0.007905138339920948
950,abstention,TRUE,TRUE,usable_complete,394,0.7786561264822134
950,abstention,TRUE,TRUE,usable_complete_limited_metadata,28,0.05533596837944664
950,abstention,TRUE,TRUE,usable_partial,45,0.08893280632411067
950,abstention,TRUE,TRUE,usable_partial_limited_metadata,2,0.003952569169960474
950,voter,FALSE,FALSE,no_determinants,85,0.1720647773279352
950,voter,FALSE,FALSE,suspicious_determinants,2,0.004048582995951417
950,voter,FALSE,FALSE,too_many_missing_determinants,23,0.0465587044534413
950,voter,TRUE,TRUE,usable_complete,245,0.4959514170040486
950,voter,TRUE,TRUE,usable_complete_limited_metadata,7,0.01417004048582996
950,voter,TRUE,TRUE,usable_partial,132,0.26720647773279355
951,abstention,FALSE,FALSE,no_determinants,32,0.06324110671936758
951,abstention,FALSE,FALSE,suspicious_determinants,2,0.003952569169960474
951,abstention,FALSE,FALSE,too_many_missing_determinants,3,0.005928853754940711
951,abstention,TRUE,TRUE,usable_complete,408,0.8063241106719368
951,abstention,TRUE,TRUE,usable_complete_limited_metadata,14,0.02766798418972332
951,abstention,TRUE,TRUE,usable_partial,46,0.09090909090909091
951,abstention,TRUE,TRUE,usable_partial_limited_metadata,1,0.001976284584980237
951,voter,FALSE,FALSE,no_determinants,83,0.1680161943319838
951,voter,FALSE,FALSE,suspicious_determinants,2,0.004048582995951417
951,voter,FALSE,FALSE,too_many_missing_determinants,37,0.07489878542510121
951,voter,TRUE,TRUE,usable_complete,240,0.48582995951417
951,voter,TRUE,TRUE,usable_complete_limited_metadata,3,0.006072874493927126
951,voter,TRUE,TRUE,usable_partial,126,0.2550607287449393
951,voter,TRUE,TRUE,usable_partial_limited_metadata,3,0.006072874493927126
952,abstention,FALSE,FALSE,no_determinants,33,0.06521739130434782
952,abstention,FALSE,FALSE,suspicious_determinants,1,0.001976284584980237
952,abstention,FALSE,FALSE,too_many_missing_determinants,1,0.001976284584980237
952,abstention,TRUE,TRUE,usable_complete,399,0.7885375494071146
952,abstention,TRUE,TRUE,usable_complete_limited_metadata,20,0.039525691699604744
952,abstention,TRUE,TRUE,usable_partial,48,0.09486166007905138
952,abstention,TRUE,TRUE,usable_partial_limited_metadata,4,0.007905138339920948
952,voter,FALSE,FALSE,no_determinants,87,0.17611336032388664
952,voter,FALSE,FALSE,suspicious_determinants,6,0.012145748987854251
952,voter,FALSE,FALSE,too_many_missing_determinants,24,0.048582995951417005
952,voter,TRUE,TRUE,usable_complete,246,0.4979757085020243
952,voter,TRUE,TRUE,usable_complete_limited_metadata,4,0.008097165991902834
952,voter,TRUE,TRUE,usable_partial,126,0.2550607287449393
952,voter,TRUE,TRUE,usable_partial_limited_metadata,1,0.0020242914979757085
953,abstention,FALSE,FALSE,no_determinants,26,0.05138339920948617
953,abstention,FALSE,FALSE,too_many_missing_determinants,4,0.007905138339920948
953,abstention,TRUE,TRUE,usable_complete,407,0.8043478260869565
953,abstention,TRUE,TRUE,usable_complete_limited_metadata,23,0.045454545454545456
953,abstention,TRUE,TRUE,usable_partial,42,0.08300395256916997
953,abstention,TRUE,TRUE,usable_partial_limited_metadata,4,0.007905138339920948
953,voter,FALSE,FALSE,no_determinants,87,0.17611336032388664
953,voter,FALSE,FALSE,suspicious_determinants,4,0.008097165991902834
953,voter,FALSE,FALSE,too_many_missing_determinants,22,0.044534412955465584
953,voter,TRUE,TRUE,usable_complete,253,0.5121457489878543
953,voter,TRUE,TRUE,usable_complete_limited_metadata,5,0.010121457489878543
953,voter,TRUE,TRUE,usable_partial,123,0.24898785425101214
954,abstention,FALSE,FALSE,no_determinants,30,0.05928853754940711
954,abstention,FALSE,FALSE,suspicious_determinants,2,0.003952569169960474
954,abstention,FALSE,FALSE,too_many_missing_determinants,1,0.001976284584980237
954,abstention,TRUE,TRUE,usable_complete,398,0.7865612648221344
954,abstention,TRUE,TRUE,usable_complete_limited_metadata,15,0.029644268774703556
954,abstention,TRUE,TRUE,usable_partial,58,0.11462450592885376
954,abstention,TRUE,TRUE,usable_partial_limited_metadata,2,0.003952569169960474
954,voter,FALSE,FALSE,no_determinants,85,0.1720647773279352
954,voter,FALSE,FALSE,suspicious_determinants,3,0.006072874493927126
954,voter,FALSE,FALSE,too_many_missing_determinants,36,0.0728744939271255
954,voter,TRUE,TRUE,usable_complete,240,0.48582995951417
954,voter,TRUE,TRUE,usable_complete_limited_metadata,4,0.008097165991902834
954,voter,TRUE,TRUE,usable_partial,126,0.2550607287449393
955,abstention,FALSE,FALSE,no_determinants,24,0.04743083003952569
955,abstention,FALSE,FALSE,suspicious_determinants,1,0.001976284584980237
955,abstention,FALSE,FALSE,too_many_missing_determinants,2,0.003952569169960474
955,abstention,TRUE,TRUE,usable_complete,396,0.782608695652174
955,abstention,TRUE,TRUE,usable_complete_limited_metadata,27,0.0533596837944664
955,abstention,TRUE,TRUE,usable_partial,54,0.1067193675889328
955,abstention,TRUE,TRUE,usable_partial_limited_metadata,2,0.003952569169960474
955,voter,FALSE,FALSE,no_determinants,75,0.15182186234817813
955,voter,FALSE,FALSE,suspicious_determinants,2,0.004048582995951417
955,voter,FALSE,FALSE,too_many_missing_determinants,31,0.06275303643724696
955,voter,TRUE,TRUE,usable_complete,268,0.5425101214574899
955,voter,TRUE,TRUE,usable_complete_limited_metadata,3,0.006072874493927126
955,voter,TRUE,TRUE,usable_partial,115,0.23279352226720648
956,abstention,FALSE,FALSE,no_determinants,30,0.05928853754940711
956,abstention,FALSE,FALSE,suspicious_determinants,1,0.001976284584980237
956,abstention,FALSE,FALSE,too_many_missing_determinants,3,0.005928853754940711
956,abstention,TRUE,TRUE,usable_complete,407,0.8043478260869565
956,abstention,TRUE,TRUE,usable_complete_limited_metadata,18,0.03557312252964427
956,abstention,TRUE,TRUE,usable_partial,46,0.09090909090909091
956,abstention,TRUE,TRUE,usable_partial_limited_metadata,1,0.001976284584980237
956,voter,FALSE,FALSE,no_determinants,76,0.15384615384615385
956,voter,FALSE,FALSE,suspicious_determinants,4,0.008097165991902834
956,voter,FALSE,FALSE,too_many_missing_determinants,30,0.06072874493927125
956,voter,TRUE,TRUE,usable_complete,238,0.4817813765182186
956,voter,TRUE,TRUE,usable_complete_limited_metadata,16,0.032388663967611336
956,voter,TRUE,TRUE,usable_partial,130,0.2631578947368421
957,abstention,FALSE,FALSE,no_determinants,32,0.06324110671936758
957,abstention,FALSE,FALSE,suspicious_determinants,2,0.003952569169960474
957,abstention,FALSE,FALSE,too_many_missing_determinants,4,0.007905138339920948
957,abstention,TRUE,TRUE,usable_complete,392,0.7747035573122529
957,abstention,TRUE,TRUE,usable_complete_limited_metadata,24,0.04743083003952569
957,abstention,TRUE,TRUE,usable_partial,49,0.09683794466403162
957,abstention,TRUE,TRUE,usable_partial_limited_metadata,3,0.005928853754940711
957,voter,FALSE,FALSE,no_determinants,82,0.1659919028340081
957,voter,FALSE,FALSE,suspicious_determinants,4,0.008097165991902834
957,voter,FALSE,FALSE,too_many_missing_determinants,31,0.06275303643724696
957,voter,TRUE,TRUE,usable_complete,252,0.5101214574898786
957,voter,TRUE,TRUE,usable_complete_limited_metadata,9,0.018218623481781375
957,voter,TRUE,TRUE,usable_partial,115,0.23279352226720648
957,voter,TRUE,TRUE,usable_partial_limited_metadata,1,0.0020242914979757085
958,abstention,FALSE,FALSE,no_determinants,28,0.05533596837944664
958,abstention,FALSE,FALSE,suspicious_determinants,1,0.001976284584980237
958,abstention,FALSE,FALSE,too_many_missing_determinants,6,0.011857707509881422
958,abstention,TRUE,TRUE,usable_complete,398,0.7865612648221344
958,abstention,TRUE,TRUE,usable_complete_limited_metadata,27,0.0533596837944664
958,abstention,TRUE,TRUE,usable_partial,42,0.08300395256916997
958,abstention,TRUE,TRUE,usable_partial_limited_metadata,4,0.007905138339920948
958,voter,FALSE,FALSE,no_determinants,66,0.13360323886639677
958,voter,FALSE,FALSE,suspicious_determinants,2,0.004048582995951417
958,voter,FALSE,FALSE,too_many_missing_determinants,19,0.038461538461538464
958,voter,TRUE,TRUE,usable_complete,272,0.5506072874493927
958,voter,TRUE,TRUE,usable_complete_limited_metadata,8,0.016194331983805668
958,voter,TRUE,TRUE,usable_partial,127,0.25708502024291496
959,abstention,FALSE,FALSE,no_determinants,28,0.05533596837944664
959,abstention,FALSE,FALSE,suspicious_determinants,1,0.001976284584980237
959,abstention,FALSE,FALSE,too_many_missing_determinants,3,0.005928853754940711
959,abstention,TRUE,TRUE,usable_complete,392,0.7747035573122529
959,abstention,TRUE,TRUE,usable_complete_limited_metadata,22,0.043478260869565216
959,abstention,TRUE,TRUE,usable_partial,58,0.11462450592885376
959,abstention,TRUE,TRUE,usable_partial_limited_metadata,2,0.003952569169960474
959,voter,FALSE,FALSE,no_determinants,83,0.1680161943319838
959,voter,FALSE,FALSE,suspicious_determinants,6,0.012145748987854251
959,voter,FALSE,FALSE,too_many_missing_determinants,27,0.05465587044534413
959,voter,TRUE,TRUE,usable_complete,261,0.52834008097166
959,voter,TRUE,TRUE,usable_complete_limited_metadata,6,0.012145748987854251
959,voter,TRUE,TRUE,usable_partial,111,0.22469635627530365
960,abstention,FALSE,FALSE,no_determinants,36,0.07114624505928854
960,abstention,FALSE,FALSE,too_many_missing_determinants,6,0.011857707509881422
960,abstention,TRUE,TRUE,usable_complete,392,0.7747035573122529
960,abstention,TRUE,TRUE,usable_complete_limited_metadata,22,0.043478260869565216
960,abstention,TRUE,TRUE,usable_partial,47,0.09288537549407115
960,abstention,TRUE,TRUE,usable_partial_limited_metadata,3,0.005928853754940711
960,voter,FALSE,FALSE,no_determinants,79,0.15991902834008098
960,voter,FALSE,FALSE,suspicious_determinants,3,0.006072874493927126
960,voter,FALSE,FALSE,too_many_missing_determinants,30,0.06072874493927125
960,voter,TRUE,TRUE,usable_complete,252,0.5101214574898786
960,voter,TRUE,TRUE,usable_complete_limited_metadata,12,0.024291497975708502
960,voter,TRUE,TRUE,usable_partial,117,0.23684210526315788
960,voter,TRUE,TRUE,usable_partial_limited_metadata,1,0.0020242914979757085
961,abstention,FALSE,FALSE,no_determinants,27,0.0533596837944664
961,abstention,FALSE,FALSE,too_many_missing_determinants,6,0.011857707509881422
961,abstention,TRUE,TRUE,usable_complete,411,0.8122529644268774
961,abstention,TRUE,TRUE,usable_complete_limited_metadata,21,0.041501976284584984
961,abstention,TRUE,TRUE,usable_partial,38,0.07509881422924901
961,abstention,TRUE,TRUE,usable_partial_limited_metadata,3,0.005928853754940711
961,voter,FALSE,FALSE,no_determinants,79,0.15991902834008098
961,voter,FALSE,FALSE,suspicious_determinants,2,0.004048582995951417
961,voter,FALSE,FALSE,too_many_missing_determinants,30,0.06072874493927125
961,voter,TRUE,TRUE,usable_complete,248,0.5020242914979757
961,voter,TRUE,TRUE,usable_complete_limited_metadata,5,0.010121457489878543
961,voter,TRUE,TRUE,usable_partial,128,0.2591093117408907
961,voter,TRUE,TRUE,usable_partial_limited_metadata,2,0.004048582995951417
962,abstention,FALSE,FALSE,no_determinants,28,0.05533596837944664
962,abstention,FALSE,FALSE,suspicious_determinants,1,0.001976284584980237
962,abstention,FALSE,FALSE,too_many_missing_determinants,3,0.005928853754940711
962,abstention,TRUE,TRUE,usable_complete,405,0.8003952569169961
962,abstention,TRUE,TRUE,usable_complete_limited_metadata,24,0.04743083003952569
962,abstention,TRUE,TRUE,usable_partial,44,0.08695652173913043
962,abstention,TRUE,TRUE,usable_partial_limited_metadata,1,0.001976284584980237
962,voter,FALSE,FALSE,no_determinants,94,0.1902834008097166
962,voter,FALSE,FALSE,suspicious_determinants,3,0.006072874493927126
962,voter,FALSE,FALSE,too_many_missing_determinants,25,0.05060728744939271
962,voter,TRUE,TRUE,usable_complete,249,0.5040485829959515
962,voter,TRUE,TRUE,usable_complete_limited_metadata,6,0.012145748987854251
962,voter,TRUE,TRUE,usable_partial,117,0.23684210526315788
963,abstention,FALSE,FALSE,no_determinants,30,0.05928853754940711
963,abstention,FALSE,FALSE,too_many_missing_determinants,5,0.009881422924901186
963,abstention,TRUE,TRUE,usable_complete,405,0.8003952569169961
963,abstention,TRUE,TRUE,usable_complete_limited_metadata,15,0.029644268774703556
963,abstention,TRUE,TRUE,usable_partial,48,0.09486166007905138
963,abstention,TRUE,TRUE,usable_partial_limited_metadata,3,0.005928853754940711
963,voter,FALSE,FALSE,no_determinants,70,0.1417004048582996
963,voter,FALSE,FALSE,suspicious_determinants,1,0.0020242914979757085
963,voter,FALSE,FALSE,too_many_missing_determinants,23,0.0465587044534413
963,voter,TRUE,TRUE,usable_complete,276,0.5587044534412956
963,voter,TRUE,TRUE,usable_complete_limited_metadata,7,0.01417004048582996
963,voter,TRUE,TRUE,usable_partial,117,0.23684210526315788
964,abstention,FALSE,FALSE,no_determinants,27,0.0533596837944664
964,abstention,FALSE,FALSE,suspicious_determinants,1,0.001976284584980237
964,abstention,FALSE,FALSE,too_many_missing_determinants,9,0.017786561264822136
964,abstention,TRUE,TRUE,usable_complete,381,0.7529644268774703
964,abstention,TRUE,TRUE,usable_complete_limited_metadata,23,0.045454545454545456
964,abstention,TRUE,TRUE,usable_partial,63,0.12450592885375494
964,abstention,TRUE,TRUE,usable_partial_limited_metadata,2,0.003952569169960474
964,voter,FALSE,FALSE,no_determinants,71,0.1437246963562753
964,voter,FALSE,FALSE,suspicious_determinants,5,0.010121457489878543
964,voter,FALSE,FALSE,too_many_missing_determinants,23,0.0465587044534413
964,voter,TRUE,TRUE,usable_complete,246,0.4979757085020243
964,voter,TRUE,TRUE,usable_complete_limited_metadata,7,0.01417004048582996
964,voter,TRUE,TRUE,usable_partial,141,0.28542510121457487
964,voter,TRUE,TRUE,usable_partial_limited_metadata,1,0.0020242914979757085
965,abstention,FALSE,FALSE,no_determinants,28,0.05533596837944664
965,abstention,FALSE,FALSE,suspicious_determinants,2,0.003952569169960474
965,abstention,FALSE,FALSE,too_many_missing_determinants,6,0.011857707509881422
965,abstention,TRUE,TRUE,usable_complete,404,0.7984189723320159
965,abstention,TRUE,TRUE,usable_complete_limited_metadata,14,0.02766798418972332
965,abstention,TRUE,TRUE,usable_partial,48,0.09486166007905138
965,abstention,TRUE,TRUE,usable_partial_limited_metadata,4,0.007905138339920948
965,voter,FALSE,FALSE,no_determinants,68,0.13765182186234817
965,voter,FALSE,FALSE,suspicious_determinants,3,0.006072874493927126
965,voter,FALSE,FALSE,too_many_missing_determinants,28,0.05668016194331984
965,voter,TRUE,TRUE,usable_complete,286,0.5789473684210527
965,voter,TRUE,TRUE,usable_complete_limited_metadata,2,0.004048582995951417
965,voter,TRUE,TRUE,usable_partial,107,0.2165991902834008
966,abstention,FALSE,FALSE,no_determinants,29,0.05731225296442688
966,abstention,FALSE,FALSE,suspicious_determinants,1,0.001976284584980237
966,abstention,FALSE,FALSE,too_many_missing_determinants,1,0.001976284584980237
966,abstention,TRUE,TRUE,usable_complete,409,0.808300395256917
966,abstention,TRUE,TRUE,usable_complete_limited_metadata,16,0.03162055335968379
966,abstention,TRUE,TRUE,usable_partial,43,0.08498023715415019
966,abstention,TRUE,TRUE,usable_partial_limited_metadata,7,0.01383399209486166
966,voter,FALSE,FALSE,no_determinants,69,0.1396761133603239
966,voter,FALSE,FALSE,suspicious_determinants,3,0.006072874493927126
966,voter,FALSE,FALSE,too_many_missing_determinants,22,0.044534412955465584
966,voter,TRUE,TRUE,usable_complete,266,0.5384615384615384
966,voter,TRUE,TRUE,usable_complete_limited_metadata,5,0.010121457489878543
966,voter,TRUE,TRUE,usable_partial,128,0.2591093117408907
966,voter,TRUE,TRUE,usable_partial_limited_metadata,1,0.0020242914979757085
967,abstention,FALSE,FALSE,no_determinants,33,0.06521739130434782
967,abstention,FALSE,FALSE,suspicious_determinants,1,0.001976284584980237
967,abstention,FALSE,FALSE,too_many_missing_determinants,9,0.017786561264822136
967,abstention,TRUE,TRUE,usable_complete,391,0.7727272727272727
967,abstention,TRUE,TRUE,usable_complete_limited_metadata,19,0.037549407114624504
967,abstention,TRUE,TRUE,usable_partial,50,0.09881422924901186
967,abstention,TRUE,TRUE,usable_partial_limited_metadata,3,0.005928853754940711
967,voter,FALSE,FALSE,no_determinants,75,0.15182186234817813
967,voter,FALSE,FALSE,suspicious_determinants,4,0.008097165991902834
967,voter,FALSE,FALSE,too_many_missing_determinants,29,0.058704453441295545
967,voter,TRUE,TRUE,usable_complete,253,0.5121457489878543
967,voter,TRUE,TRUE,usable_complete_limited_metadata,11,0.022267206477732792
967,voter,TRUE,TRUE,usable_partial,122,0.24696356275303644
968,abstention,FALSE,FALSE,no_determinants,34,0.06719367588932806
968,abstention,FALSE,FALSE,too_many_missing_determinants,8,0.015810276679841896
968,abstention,TRUE,TRUE,usable_complete,380,0.7509881422924901
968,abstention,TRUE,TRUE,usable_complete_limited_metadata,23,0.045454545454545456
968,abstention,TRUE,TRUE,usable_partial,59,0.116600790513834
968,abstention,TRUE,TRUE,usable_partial_limited_metadata,2,0.003952569169960474
968,voter,FALSE,FALSE,no_determinants,74,0.14979757085020243
968,voter,FALSE,FALSE,suspicious_determinants,3,0.006072874493927126
968,voter,FALSE,FALSE,too_many_missing_determinants,26,0.05263157894736842
968,voter,TRUE,TRUE,usable_complete,252,0.5101214574898786
968,voter,TRUE,TRUE,usable_complete_limited_metadata,7,0.01417004048582996
968,voter,TRUE,TRUE,usable_partial,130,0.2631578947368421
968,voter,TRUE,TRUE,usable_partial_limited_metadata,2,0.004048582995951417
969,abstention,FALSE,FALSE,no_determinants,27,0.0533596837944664
969,abstention,FALSE,FALSE,suspicious_determinants,1,0.001976284584980237
969,abstention,FALSE,FALSE,too_many_missing_determinants,2,0.003952569169960474
969,abstention,TRUE,TRUE,usable_complete,411,0.8122529644268774
969,abstention,TRUE,TRUE,usable_complete_limited_metadata,19,0.037549407114624504
969,abstention,TRUE,TRUE,usable_partial,44,0.08695652173913043
969,abstention,TRUE,TRUE,usable_partial_limited_metadata,2,0.003952569169960474
969,voter,FALSE,FALSE,no_determinants,78,0.15789473684210525
969,voter,FALSE,FALSE,suspicious_determinants,2,0.004048582995951417
969,voter,FALSE,FALSE,too_many_missing_determinants,22,0.044534412955465584
969,voter,TRUE,TRUE,usable_complete,268,0.5425101214574899
969,voter,TRUE,TRUE,usable_complete_limited_metadata,8,0.016194331983805668
969,voter,TRUE,TRUE,usable_partial,114,0.23076923076923078
969,voter,TRUE,TRUE,usable_partial_limited_metadata,2,0.004048582995951417
970,abstention,FALSE,FALSE,no_determinants,31,0.06126482213438735
970,abstention,FALSE,FALSE,suspicious_determinants,3,0.005928853754940711
970,abstention,FALSE,FALSE,too_many_missing_determinants,4,0.007905138339920948
970,abstention,TRUE,TRUE,usable_complete,397,0.7845849802371542
970,abstention,TRUE,TRUE,usable_complete_limited_metadata,13,0.025691699604743084
970,abstention,TRUE,TRUE,usable_partial,56,0.11067193675889328
970,abstention,TRUE,TRUE,usable_partial_limited_metadata,2,0.003952569169960474
970,voter,FALSE,FALSE,no_determinants,69,0.1396761133603239
970,voter,FALSE,FALSE,suspicious_determinants,5,0.010121457489878543
970,voter,FALSE,FALSE,too_many_missing_determinants,27,0.05465587044534413
970,voter,TRUE,TRUE,usable_complete,267,0.5404858299595142
970,voter,TRUE,TRUE,usable_complete_limited_metadata,2,0.004048582995951417
970,voter,TRUE,TRUE,usable_partial,123,0.24898785425101214
970,voter,TRUE,TRUE,usable_partial_limited_metadata,1,0.0020242914979757085
971,abstention,FALSE,FALSE,no_determinants,30,0.05928853754940711
971,abstention,FALSE,FALSE,suspicious_determinants,1,0.001976284584980237
971,abstention,FALSE,FALSE,too_many_missing_determinants,9,0.017786561264822136
971,abstention,TRUE,TRUE,usable_complete,386,0.7628458498023716
971,abstention,TRUE,TRUE,usable_complete_limited_metadata,18,0.03557312252964427
971,abstention,TRUE,TRUE,usable_partial,61,0.12055335968379446
971,abstention,TRUE,TRUE,usable_partial_limited_metadata,1,0.001976284584980237
971,voter,FALSE,FALSE,no_determinants,83,0.1680161943319838
971,voter,FALSE,FALSE,suspicious_determinants,5,0.010121457489878543
971,voter,FALSE,FALSE,too_many_missing_determinants,25,0.05060728744939271
971,voter,TRUE,TRUE,usable_complete,250,0.5060728744939271
971,voter,TRUE,TRUE,usable_complete_limited_metadata,5,0.010121457489878543
971,voter,TRUE,TRUE,usable_partial,125,0.25303643724696356
971,voter,TRUE,TRUE,usable_partial_limited_metadata,1,0.0020242914979757085
972,abstention,FALSE,FALSE,no_determinants,25,0.04940711462450593
972,abstention,FALSE,FALSE,too_many_missing_determinants,6,0.011857707509881422
972,abstention,TRUE,TRUE,usable_complete,412,0.8142292490118577
972,abstention,TRUE,TRUE,usable_complete_limited_metadata,14,0.02766798418972332
972,abstention,TRUE,TRUE,usable_partial,47,0.09288537549407115
972,abstention,TRUE,TRUE,usable_partial_limited_metadata,2,0.003952569169960474
972,voter,FALSE,FALSE,no_determinants,74,0.14979757085020243
972,voter,FALSE,FALSE,suspicious_determinants,3,0.006072874493927126
972,voter,FALSE,FALSE,too_many_missing_determinants,30,0.06072874493927125
972,voter,TRUE,TRUE,usable_complete,258,0.5222672064777328
972,voter,TRUE,TRUE,usable_complete_limited_metadata,8,0.016194331983805668
972,voter,TRUE,TRUE,usable_partial,121,0.24493927125506074
973,abstention,FALSE,FALSE,no_determinants,43,0.08498023715415019
973,abstention,FALSE,FALSE,suspicious_determinants,1,0.001976284584980237
973,abstention,FALSE,FALSE,too_many_missing_determinants,3,0.005928853754940711
973,abstention,TRUE,TRUE,usable_complete,392,0.7747035573122529
973,abstention,TRUE,TRUE,usable_complete_limited_metadata,21,0.041501976284584984
973,abstention,TRUE,TRUE,usable_partial,41,0.08102766798418973
973,abstention,TRUE,TRUE,usable_partial_limited_metadata,5,0.009881422924901186
973,voter,FALSE,FALSE,no_determinants,86,0.17408906882591094
973,voter,FALSE,FALSE,suspicious_determinants,2,0.004048582995951417
973,voter,FALSE,FALSE,too_many_missing_determinants,24,0.048582995951417005
973,voter,TRUE,TRUE,usable_complete,263,0.5323886639676113
973,voter,TRUE,TRUE,usable_complete_limited_metadata,6,0.012145748987854251
973,voter,TRUE,TRUE,usable_partial,112,0.22672064777327935
973,voter,TRUE,TRUE,usable_partial_limited_metadata,1,0.0020242914979757085
974,abstention,FALSE,FALSE,no_determinants,34,0.06719367588932806
974,abstention,FALSE,FALSE,suspicious_determinants,1,0.001976284584980237
974,abstention,FALSE,FALSE,too_many_missing_determinants,5,0.009881422924901186
974,abstention,TRUE,TRUE,usable_complete,401,0.7924901185770751
974,abstention,TRUE,TRUE,usable_complete_limited_metadata,23,0.045454545454545456
974,abstention,TRUE,TRUE,usable_partial,38,0.07509881422924901
974,abstention,TRUE,TRUE,usable_partial_limited_metadata,4,0.007905138339920948
974,voter,FALSE,FALSE,no_determinants,84,0.1700404858299595
974,voter,FALSE,FALSE,suspicious_determinants,2,0.004048582995951417
974,voter,FALSE,FALSE,too_many_missing_determinants,28,0.05668016194331984
974,voter,TRUE,TRUE,usable_complete,253,0.5121457489878543
974,voter,TRUE,TRUE,usable_complete_limited_metadata,9,0.018218623481781375
974,voter,TRUE,TRUE,usable_partial,117,0.23684210526315788
974,voter,TRUE,TRUE,usable_partial_limited_metadata,1,0.0020242914979757085
975,abstention,FALSE,FALSE,no_determinants,25,0.04940711462450593
975,abstention,FALSE,FALSE,suspicious_determinants,1,0.001976284584980237
975,abstention,FALSE,FALSE,too_many_missing_determinants,2,0.003952569169960474
975,abstention,TRUE,TRUE,usable_complete,412,0.8142292490118577
975,abstention,TRUE,TRUE,usable_complete_limited_metadata,20,0.039525691699604744
975,abstention,TRUE,TRUE,usable_partial,44,0.08695652173913043
975,abstention,TRUE,TRUE,usable_partial_limited_metadata,2,0.003952569169960474
975,voter,FALSE,FALSE,no_determinants,75,0.15182186234817813
975,voter,FALSE,FALSE,suspicious_determinants,2,0.004048582995951417
975,voter,FALSE,FALSE,too_many_missing_determinants,24,0.048582995951417005
975,voter,TRUE,TRUE,usable_complete,245,0.4959514170040486
975,voter,TRUE,TRUE,usable_complete_limited_metadata,9,0.018218623481781375
975,voter,TRUE,TRUE,usable_partial,139,0.2813765182186235
976,abstention,FALSE,FALSE,no_determinants,39,0.07707509881422925
976,abstention,FALSE,FALSE,suspicious_determinants,2,0.003952569169960474
976,abstention,FALSE,FALSE,too_many_missing_determinants,3,0.005928853754940711
976,abstention,TRUE,TRUE,usable_complete,404,0.7984189723320159
976,abstention,TRUE,TRUE,usable_complete_limited_metadata,21,0.041501976284584984
976,abstention,TRUE,TRUE,usable_partial,34,0.06719367588932806
976,abstention,TRUE,TRUE,usable_partial_limited_metadata,3,0.005928853754940711
976,voter,FALSE,FALSE,no_determinants,66,0.13360323886639677
976,voter,FALSE,FALSE,suspicious_determinants,4,0.008097165991902834
976,voter,FALSE,FALSE,too_many_missing_determinants,21,0.04251012145748988
976,voter,TRUE,TRUE,usable_complete,268,0.5425101214574899
976,voter,TRUE,TRUE,usable_complete_limited_metadata,11,0.022267206477732792
976,voter,TRUE,TRUE,usable_partial,123,0.24898785425101214
976,voter,TRUE,TRUE,usable_partial_limited_metadata,1,0.0020242914979757085
977,abstention,FALSE,FALSE,no_determinants,26,0.05138339920948617
977,abstention,FALSE,FALSE,suspicious_determinants,1,0.001976284584980237
977,abstention,FALSE,FALSE,too_many_missing_determinants,6,0.011857707509881422
977,abstention,TRUE,TRUE,usable_complete,399,0.7885375494071146
977,abstention,TRUE,TRUE,usable_complete_limited_metadata,22,0.043478260869565216
977,abstention,TRUE,TRUE,usable_partial,47,0.09288537549407115
977,abstention,TRUE,TRUE,usable_partial_limited_metadata,5,0.009881422924901186
977,voter,FALSE,FALSE,no_determinants,81,0.16396761133603238
977,voter,FALSE,FALSE,suspicious_determinants,1,0.0020242914979757085
977,voter,FALSE,FALSE,too_many_missing_determinants,27,0.05465587044534413
977,voter,TRUE,TRUE,usable_complete,251,0.5080971659919028
977,voter,TRUE,TRUE,usable_complete_limited_metadata,9,0.018218623481781375
977,voter,TRUE,TRUE,usable_partial,124,0.25101214574898784
977,voter,TRUE,TRUE,usable_partial_limited_metadata,1,0.0020242914979757085
978,abstention,FALSE,FALSE,no_determinants,25,0.04940711462450593
978,abstention,FALSE,FALSE,suspicious_determinants,1,0.001976284584980237
978,abstention,FALSE,FALSE,too_many_missing_determinants,3,0.005928853754940711
978,abstention,TRUE,TRUE,usable_complete,409,0.808300395256917
978,abstention,TRUE,TRUE,usable_complete_limited_metadata,19,0.037549407114624504
978,abstention,TRUE,TRUE,usable_partial,48,0.09486166007905138
978,abstention,TRUE,TRUE,usable_partial_limited_metadata,1,0.001976284584980237
978,voter,FALSE,FALSE,no_determinants,77,0.15587044534412955
978,voter,FALSE,FALSE,suspicious_determinants,3,0.006072874493927126
978,voter,FALSE,FALSE,too_many_missing_determinants,24,0.048582995951417005
978,voter,TRUE,TRUE,usable_complete,267,0.5404858299595142
978,voter,TRUE,TRUE,usable_complete_limited_metadata,7,0.01417004048582996
978,voter,TRUE,TRUE,usable_partial,114,0.23076923076923078
978,voter,TRUE,TRUE,usable_partial_limited_metadata,2,0.004048582995951417
979,abstention,FALSE,FALSE,no_determinants,36,0.07114624505928854
979,abstention,FALSE,FALSE,suspicious_determinants,3,0.005928853754940711
979,abstention,FALSE,FALSE,too_many_missing_determinants,3,0.005928853754940711
979,abstention,TRUE,TRUE,usable_complete,376,0.7430830039525692
979,abstention,TRUE,TRUE,usable_complete_limited_metadata,23,0.045454545454545456
979,abstention,TRUE,TRUE,usable_partial,64,0.12648221343873517
979,abstention,TRUE,TRUE,usable_partial_limited_metadata,1,0.001976284584980237
979,voter,FALSE,FALSE,no_determinants,90,0.18218623481781376
979,voter,FALSE,FALSE,suspicious_determinants,3,0.006072874493927126
979,voter,FALSE,FALSE,too_many_missing_determinants,26,0.05263157894736842
979,voter,TRUE,TRUE,usable_complete,260,0.5263157894736842
979,voter,TRUE,TRUE,usable_complete_limited_metadata,8,0.016194331983805668
979,voter,TRUE,TRUE,usable_partial,105,0.2125506072874494
979,voter,TRUE,TRUE,usable_partial_limited_metadata,2,0.004048582995951417
980,abstention,FALSE,FALSE,no_determinants,30,0.05928853754940711
980,abstention,FALSE,FALSE,suspicious_determinants,1,0.001976284584980237
980,abstention,FALSE,FALSE,too_many_missing_determinants,2,0.003952569169960474
980,abstention,TRUE,TRUE,usable_complete,401,0.7924901185770751
980,abstention,TRUE,TRUE,usable_complete_limited_metadata,23,0.045454545454545456
980,abstention,TRUE,TRUE,usable_partial,48,0.09486166007905138
980,abstention,TRUE,TRUE,usable_partial_limited_metadata,1,0.001976284584980237
980,voter,FALSE,FALSE,no_determinants,70,0.1417004048582996
980,voter,FALSE,FALSE,suspicious_determinants,3,0.006072874493927126
980,voter,FALSE,FALSE,too_many_missing_determinants,26,0.05263157894736842
980,voter,TRUE,TRUE,usable_complete,253,0.5121457489878543
980,voter,TRUE,TRUE,usable_complete_limited_metadata,10,0.020242914979757085
980,voter,TRUE,TRUE,usable_partial,132,0.26720647773279355
981,abstention,FALSE,FALSE,no_determinants,24,0.04743083003952569
981,abstention,FALSE,FALSE,too_many_missing_determinants,5,0.009881422924901186
981,abstention,TRUE,TRUE,usable_complete,419,0.8280632411067194
981,abstention,TRUE,TRUE,usable_complete_limited_metadata,15,0.029644268774703556
981,abstention,TRUE,TRUE,usable_partial,41,0.08102766798418973
981,abstention,TRUE,TRUE,usable_partial_limited_metadata,2,0.003952569169960474
981,voter,FALSE,FALSE,no_determinants,81,0.16396761133603238
981,voter,FALSE,FALSE,suspicious_determinants,1,0.0020242914979757085
981,voter,FALSE,FALSE,too_many_missing_determinants,23,0.0465587044534413
981,voter,TRUE,TRUE,usable_complete,268,0.5425101214574899
981,voter,TRUE,TRUE,usable_complete_limited_metadata,7,0.01417004048582996
981,voter,TRUE,TRUE,usable_partial,114,0.23076923076923078
982,abstention,FALSE,FALSE,no_determinants,37,0.07312252964426877
982,abstention,FALSE,FALSE,suspicious_determinants,1,0.001976284584980237
982,abstention,FALSE,FALSE,too_many_missing_determinants,4,0.007905138339920948
982,abstention,TRUE,TRUE,usable_complete,399,0.7885375494071146
982,abstention,TRUE,TRUE,usable_complete_limited_metadata,16,0.03162055335968379
982,abstention,TRUE,TRUE,usable_partial,48,0.09486166007905138
982,abstention,TRUE,TRUE,usable_partial_limited_metadata,1,0.001976284584980237
982,voter,FALSE,FALSE,no_determinants,82,0.1659919028340081
982,voter,FALSE,FALSE,suspicious_determinants,3,0.006072874493927126
982,voter,FALSE,FALSE,too_many_missing_determinants,24,0.048582995951417005
982,voter,TRUE,TRUE,usable_complete,252,0.5101214574898786
982,voter,TRUE,TRUE,usable_complete_limited_metadata,5,0.010121457489878543
982,voter,TRUE,TRUE,usable_partial,127,0.25708502024291496
982,voter,TRUE,TRUE,usable_partial_limited_metadata,1,0.0020242914979757085
983,abstention,FALSE,FALSE,no_determinants,41,0.08102766798418973
983,abstention,FALSE,FALSE,suspicious_determinants,1,0.001976284584980237
983,abstention,FALSE,FALSE,too_many_missing_determinants,7,0.01383399209486166
983,abstention,TRUE,TRUE,usable_complete,391,0.7727272727272727
983,abstention,TRUE,TRUE,usable_complete_limited_metadata,20,0.039525691699604744
983,abstention,TRUE,TRUE,usable_partial,44,0.08695652173913043
983,abstention,TRUE,TRUE,usable_partial_limited_metadata,2,0.003952569169960474
983,voter,FALSE,FALSE,no_determinants,64,0.12955465587044535
983,voter,FALSE,FALSE,suspicious_determinants,5,0.010121457489878543
983,voter,FALSE,FALSE,too_many_missing_determinants,25,0.05060728744939271
983,voter,TRUE,TRUE,usable_complete,262,0.5303643724696356
983,voter,TRUE,TRUE,usable_complete_limited_metadata,6,0.012145748987854251
983,voter,TRUE,TRUE,usable_partial,130,0.2631578947368421
983,voter,TRUE,TRUE,usable_partial_limited_metadata,2,0.004048582995951417
984,abstention,FALSE,FALSE,no_determinants,27,0.0533596837944664
984,abstention,FALSE,FALSE,suspicious_determinants,1,0.001976284584980237
984,abstention,FALSE,FALSE,too_many_missing_determinants,6,0.011857707509881422
984,abstention,TRUE,TRUE,usable_complete,409,0.808300395256917
984,abstention,TRUE,TRUE,usable_complete_limited_metadata,19,0.037549407114624504
984,abstention,TRUE,TRUE,usable_partial,43,0.08498023715415019
984,abstention,TRUE,TRUE,usable_partial_limited_metadata,1,0.001976284584980237
984,voter,FALSE,FALSE,no_determinants,79,0.15991902834008098
984,voter,FALSE,FALSE,suspicious_determinants,2,0.004048582995951417
984,voter,FALSE,FALSE,too_many_missing_determinants,24,0.048582995951417005
984,voter,TRUE,TRUE,usable_complete,274,0.5546558704453441
984,voter,TRUE,TRUE,usable_complete_limited_metadata,4,0.008097165991902834
984,voter,TRUE,TRUE,usable_partial,108,0.21862348178137653
984,voter,TRUE,TRUE,usable_partial_limited_metadata,3,0.006072874493927126
985,abstention,FALSE,FALSE,no_determinants,31,0.06126482213438735
985,abstention,FALSE,FALSE,suspicious_determinants,2,0.003952569169960474
985,abstention,FALSE,FALSE,too_many_missing_determinants,6,0.011857707509881422
985,abstention,TRUE,TRUE,usable_complete,401,0.7924901185770751
985,abstention,TRUE,TRUE,usable_complete_limited_metadata,15,0.029644268774703556
985,abstention,TRUE,TRUE,usable_partial,46,0.09090909090909091
985,abstention,TRUE,TRUE,usable_partial_limited_metadata,5,0.009881422924901186
985,voter,FALSE,FALSE,no_determinants,82,0.1659919028340081
985,voter,FALSE,FALSE,suspicious_determinants,5,0.010121457489878543
985,voter,FALSE,FALSE,too_many_missing_determinants,19,0.038461538461538464
985,voter,TRUE,TRUE,usable_complete,270,0.5465587044534413
985,voter,TRUE,TRUE,usable_complete_limited_metadata,8,0.016194331983805668
985,voter,TRUE,TRUE,usable_partial,110,0.22267206477732793
986,abstention,FALSE,FALSE,no_determinants,29,0.05731225296442688
986,abstention,FALSE,FALSE,suspicious_determinants,1,0.001976284584980237
986,abstention,FALSE,FALSE,too_many_missing_determinants,3,0.005928853754940711
986,abstention,TRUE,TRUE,usable_complete,398,0.7865612648221344
986,abstention,TRUE,TRUE,usable_complete_limited_metadata,22,0.043478260869565216
986,abstention,TRUE,TRUE,usable_partial,51,0.1007905138339921
986,abstention,TRUE,TRUE,usable_partial_limited_metadata,2,0.003952569169960474
986,voter,FALSE,FALSE,no_determinants,86,0.17408906882591094
986,voter,FALSE,FALSE,suspicious_determinants,3,0.006072874493927126
986,voter,FALSE,FALSE,too_many_missing_determinants,30,0.06072874493927125
986,voter,TRUE,TRUE,usable_complete,245,0.4959514170040486
986,voter,TRUE,TRUE,usable_complete_limited_metadata,3,0.006072874493927126
986,voter,TRUE,TRUE,usable_partial,126,0.2550607287449393
986,voter,TRUE,TRUE,usable_partial_limited_metadata,1,0.0020242914979757085
987,abstention,FALSE,FALSE,no_determinants,27,0.0533596837944664
987,abstention,FALSE,FALSE,suspicious_determinants,2,0.003952569169960474
987,abstention,FALSE,FALSE,too_many_missing_determinants,5,0.009881422924901186
987,abstention,TRUE,TRUE,usable_complete,387,0.7648221343873518
987,abstention,TRUE,TRUE,usable_complete_limited_metadata,21,0.041501976284584984
987,abstention,TRUE,TRUE,usable_partial,60,0.11857707509881422
987,abstention,TRUE,TRUE,usable_partial_limited_metadata,4,0.007905138339920948
987,voter,FALSE,FALSE,no_determinants,80,0.16194331983805668
987,voter,FALSE,FALSE,suspicious_determinants,2,0.004048582995951417
987,voter,FALSE,FALSE,too_many_missing_determinants,36,0.0728744939271255
987,voter,TRUE,TRUE,usable_complete,246,0.4979757085020243
987,voter,TRUE,TRUE,usable_complete_limited_metadata,7,0.01417004048582996
987,voter,TRUE,TRUE,usable_partial,121,0.24493927125506074
987,voter,TRUE,TRUE,usable_partial_limited_metadata,2,0.004048582995951417
988,abstention,FALSE,FALSE,no_determinants,30,0.05928853754940711
988,abstention,FALSE,FALSE,suspicious_determinants,1,0.001976284584980237
988,abstention,FALSE,FALSE,too_many_missing_determinants,6,0.011857707509881422
988,abstention,TRUE,TRUE,usable_complete,404,0.7984189723320159
988,abstention,TRUE,TRUE,usable_complete_limited_metadata,21,0.041501976284584984
988,abstention,TRUE,TRUE,usable_partial,42,0.08300395256916997
988,abstention,TRUE,TRUE,usable_partial_limited_metadata,2,0.003952569169960474
988,voter,FALSE,FALSE,no_determinants,69,0.1396761133603239
988,voter,FALSE,FALSE,suspicious_determinants,1,0.0020242914979757085
988,voter,FALSE,FALSE,too_many_missing_determinants,25,0.05060728744939271
988,voter,TRUE,TRUE,usable_complete,258,0.5222672064777328
988,voter,TRUE,TRUE,usable_complete_limited_metadata,11,0.022267206477732792
988,voter,TRUE,TRUE,usable_partial,129,0.2611336032388664
988,voter,TRUE,TRUE,usable_partial_limited_metadata,1,0.0020242914979757085
989,abstention,FALSE,FALSE,no_determinants,34,0.06719367588932806
989,abstention,FALSE,FALSE,suspicious_determinants,1,0.001976284584980237
989,abstention,FALSE,FALSE,too_many_missing_determinants,8,0.015810276679841896
989,abstention,TRUE,TRUE,usable_complete,411,0.8122529644268774
989,abstention,TRUE,TRUE,usable_complete_limited_metadata,15,0.029644268774703556
989,abstention,TRUE,TRUE,usable_partial,36,0.07114624505928854
989,abstention,TRUE,TRUE,usable_partial_limited_metadata,1,0.001976284584980237
989,voter,FALSE,FALSE,no_determinants,68,0.13765182186234817
989,voter,FALSE,FALSE,suspicious_determinants,4,0.008097165991902834
989,voter,FALSE,FALSE,too_many_missing_determinants,27,0.05465587044534413
989,voter,TRUE,TRUE,usable_complete,266,0.5384615384615384
989,voter,TRUE,TRUE,usable_complete_limited_metadata,3,0.006072874493927126
989,voter,TRUE,TRUE,usable_partial,126,0.2550607287449393
990,abstention,FALSE,FALSE,no_determinants,24,0.04743083003952569
990,abstention,FALSE,FALSE,suspicious_determinants,2,0.003952569169960474
990,abstention,FALSE,FALSE,too_many_missing_determinants,1,0.001976284584980237
990,abstention,TRUE,TRUE,usable_complete,386,0.7628458498023716
990,abstention,TRUE,TRUE,usable_complete_limited_metadata,28,0.05533596837944664
990,abstention,TRUE,TRUE,usable_partial,64,0.12648221343873517
990,abstention,TRUE,TRUE,usable_partial_limited_metadata,1,0.001976284584980237
990,voter,FALSE,FALSE,no_determinants,83,0.1680161943319838
990,voter,FALSE,FALSE,suspicious_determinants,4,0.008097165991902834
990,voter,FALSE,FALSE,too_many_missing_determinants,33,0.06680161943319839
990,voter,TRUE,TRUE,usable_complete,235,0.4757085020242915
990,voter,TRUE,TRUE,usable_complete_limited_metadata,6,0.012145748987854251
990,voter,TRUE,TRUE,usable_partial,133,0.2692307692307692
991,abstention,FALSE,FALSE,no_determinants,35,0.0691699604743083
991,abstention,FALSE,FALSE,too_many_missing_determinants,2,0.003952569169960474
991,abstention,TRUE,TRUE,usable_complete,398,0.7865612648221344
991,abstention,TRUE,TRUE,usable_complete_limited_metadata,15,0.029644268774703556
991,abstention,TRUE,TRUE,usable_partial,52,0.10276679841897234
991,abstention,TRUE,TRUE,usable_partial_limited_metadata,4,0.007905138339920948
991,voter,FALSE,FALSE,no_determinants,71,0.1437246963562753
991,voter,FALSE,FALSE,suspicious_determinants,2,0.004048582995951417
991,voter,FALSE,FALSE,too_many_missing_determinants,21,0.04251012145748988
991,voter,TRUE,TRUE,usable_complete,253,0.5121457489878543
991,voter,TRUE,TRUE,usable_complete_limited_metadata,10,0.020242914979757085
991,voter,TRUE,TRUE,usable_partial,137,0.2773279352226721
992,abstention,FALSE,FALSE,no_determinants,24,0.04743083003952569
992,abstention,FALSE,FALSE,suspicious_determinants,2,0.003952569169960474
992,abstention,FALSE,FALSE,too_many_missing_determinants,6,0.011857707509881422
992,abstention,TRUE,TRUE,usable_complete,407,0.8043478260869565
992,abstention,TRUE,TRUE,usable_complete_limited_metadata,22,0.043478260869565216
992,abstention,TRUE,TRUE,usable_partial,43,0.08498023715415019
992,abstention,TRUE,TRUE,usable_partial_limited_metadata,2,0.003952569169960474
992,voter,FALSE,FALSE,no_determinants,79,0.15991902834008098
992,voter,FALSE,FALSE,suspicious_determinants,10,0.020242914979757085
992,voter,FALSE,FALSE,too_many_missing_determinants,25,0.05060728744939271
992,voter,TRUE,TRUE,usable_complete,239,0.48380566801619435
992,voter,TRUE,TRUE,usable_complete_limited_metadata,6,0.012145748987854251
992,voter,TRUE,TRUE,usable_partial,132,0.26720647773279355
992,voter,TRUE,TRUE,usable_partial_limited_metadata,3,0.006072874493927126
993,abstention,FALSE,FALSE,no_determinants,43,0.08498023715415019
993,abstention,FALSE,FALSE,suspicious_determinants,1,0.001976284584980237
993,abstention,FALSE,FALSE,too_many_missing_determinants,5,0.009881422924901186
993,abstention,TRUE,TRUE,usable_complete,398,0.7865612648221344
993,abstention,TRUE,TRUE,usable_complete_limited_metadata,14,0.02766798418972332
993,abstention,TRUE,TRUE,usable_partial,42,0.08300395256916997
993,abstention,TRUE,TRUE,usable_partial_limited_metadata,3,0.005928853754940711
993,voter,FALSE,FALSE,no_determinants,75,0.15182186234817813
993,voter,FALSE,FALSE,too_many_missing_determinants,21,0.04251012145748988
993,voter,TRUE,TRUE,usable_complete,251,0.5080971659919028
993,voter,TRUE,TRUE,usable_complete_limited_metadata,5,0.010121457489878543
993,voter,TRUE,TRUE,usable_partial,142,0.2874493927125506
994,abstention,FALSE,FALSE,no_determinants,33,0.06521739130434782
994,abstention,FALSE,FALSE,suspicious_determinants,1,0.001976284584980237
994,abstention,FALSE,FALSE,too_many_missing_determinants,2,0.003952569169960474
994,abstention,TRUE,TRUE,usable_complete,400,0.7905138339920948
994,abstention,TRUE,TRUE,usable_complete_limited_metadata,15,0.029644268774703556
994,abstention,TRUE,TRUE,usable_partial,51,0.1007905138339921
994,abstention,TRUE,TRUE,usable_partial_limited_metadata,4,0.007905138339920948
994,voter,FALSE,FALSE,no_determinants,84,0.1700404858299595
994,voter,FALSE,FALSE,suspicious_determinants,4,0.008097165991902834
994,voter,FALSE,FALSE,too_many_missing_determinants,36,0.0728744939271255
994,voter,TRUE,TRUE,usable_complete,259,0.5242914979757085
994,voter,TRUE,TRUE,usable_complete_limited_metadata,5,0.010121457489878543
994,voter,TRUE,TRUE,usable_partial,104,0.21052631578947367
994,voter,TRUE,TRUE,usable_partial_limited_metadata,2,0.004048582995951417
995,abstention,FALSE,FALSE,no_determinants,27,0.0533596837944664
995,abstention,FALSE,FALSE,suspicious_determinants,2,0.003952569169960474
995,abstention,FALSE,FALSE,too_many_missing_determinants,3,0.005928853754940711
995,abstention,TRUE,TRUE,usable_complete,417,0.8241106719367589
995,abstention,TRUE,TRUE,usable_complete_limited_metadata,24,0.04743083003952569
995,abstention,TRUE,TRUE,usable_partial,30,0.05928853754940711
995,abstention,TRUE,TRUE,usable_partial_limited_metadata,3,0.005928853754940711
995,voter,FALSE,FALSE,no_determinants,80,0.16194331983805668
995,voter,FALSE,FALSE,too_many_missing_determinants,29,0.058704453441295545
995,voter,TRUE,TRUE,usable_complete,246,0.4979757085020243
995,voter,TRUE,TRUE,usable_complete_limited_metadata,4,0.008097165991902834
995,voter,TRUE,TRUE,usable_partial,134,0.27125506072874495
995,voter,TRUE,TRUE,usable_partial_limited_metadata,1,0.0020242914979757085
996,abstention,FALSE,FALSE,no_determinants,25,0.04940711462450593
996,abstention,FALSE,FALSE,suspicious_determinants,1,0.001976284584980237
996,abstention,FALSE,FALSE,too_many_missing_determinants,4,0.007905138339920948
996,abstention,TRUE,TRUE,usable_complete,413,0.8162055335968379
996,abstention,TRUE,TRUE,usable_complete_limited_metadata,23,0.045454545454545456
996,abstention,TRUE,TRUE,usable_partial,36,0.07114624505928854
996,abstention,TRUE,TRUE,usable_partial_limited_metadata,4,0.007905138339920948
996,voter,FALSE,FALSE,no_determinants,77,0.15587044534412955
996,voter,FALSE,FALSE,suspicious_determinants,2,0.004048582995951417
996,voter,FALSE,FALSE,too_many_missing_determinants,27,0.05465587044534413
996,voter,TRUE,TRUE,usable_complete,252,0.5101214574898786
996,voter,TRUE,TRUE,usable_complete_limited_metadata,9,0.018218623481781375
996,voter,TRUE,TRUE,usable_partial,124,0.25101214574898784
996,voter,TRUE,TRUE,usable_partial_limited_metadata,3,0.006072874493927126
997,abstention,FALSE,FALSE,no_determinants,32,0.06324110671936758
997,abstention,FALSE,FALSE,suspicious_determinants,3,0.005928853754940711
997,abstention,FALSE,FALSE,too_many_missing_determinants,2,0.003952569169960474
997,abstention,TRUE,TRUE,usable_complete,407,0.8043478260869565
997,abstention,TRUE,TRUE,usable_complete_limited_metadata,25,0.04940711462450593
997,abstention,TRUE,TRUE,usable_partial,37,0.07312252964426877
997,voter,FALSE,FALSE,no_determinants,90,0.18218623481781376
997,voter,FALSE,FALSE,suspicious_determinants,1,0.0020242914979757085
997,voter,FALSE,FALSE,too_many_missing_determinants,31,0.06275303643724696
997,voter,TRUE,TRUE,usable_complete,232,0.46963562753036436
997,voter,TRUE,TRUE,usable_complete_limited_metadata,9,0.018218623481781375
997,voter,TRUE,TRUE,usable_partial,131,0.2651821862348178
998,abstention,FALSE,FALSE,no_determinants,19,0.037549407114624504
998,abstention,FALSE,FALSE,suspicious_determinants,2,0.003952569169960474
998,abstention,FALSE,FALSE,too_many_missing_determinants,8,0.015810276679841896
998,abstention,TRUE,TRUE,usable_complete,414,0.8181818181818182
998,abstention,TRUE,TRUE,usable_complete_limited_metadata,14,0.02766798418972332
998,abstention,TRUE,TRUE,usable_partial,47,0.09288537549407115
998,abstention,TRUE,TRUE,usable_partial_limited_metadata,2,0.003952569169960474
998,voter,FALSE,FALSE,no_determinants,63,0.12753036437246965
998,voter,FALSE,FALSE,suspicious_determinants,6,0.012145748987854251
998,voter,FALSE,FALSE,too_many_missing_determinants,31,0.06275303643724696
998,voter,TRUE,TRUE,usable_complete,260,0.5263157894736842
998,voter,TRUE,TRUE,usable_complete_limited_metadata,10,0.020242914979757085
998,voter,TRUE,TRUE,usable_partial,122,0.24696356275303644
998,voter,TRUE,TRUE,usable_partial_limited_metadata,2,0.004048582995951417
999,abstention,FALSE,FALSE,no_determinants,30,0.05928853754940711
999,abstention,FALSE,FALSE,suspicious_determinants,1,0.001976284584980237
999,abstention,FALSE,FALSE,too_many_missing_determinants,3,0.005928853754940711
999,abstention,TRUE,TRUE,usable_complete,399,0.7885375494071146
999,abstention,TRUE,TRUE,usable_complete_limited_metadata,18,0.03557312252964427
999,abstention,TRUE,TRUE,usable_partial,53,0.10474308300395258
999,abstention,TRUE,TRUE,usable_partial_limited_metadata,2,0.003952569169960474
999,voter,FALSE,FALSE,no_determinants,70,0.1417004048582996
999,voter,FALSE,FALSE,suspicious_determinants,1,0.0020242914979757085
999,voter,FALSE,FALSE,too_many_missing_determinants,36,0.0728744939271255
999,voter,TRUE,TRUE,usable_complete,269,0.5445344129554656
999,voter,TRUE,TRUE,usable_complete_limited_metadata,12,0.024291497975708502
999,voter,TRUE,TRUE,usable_partial,104,0.21052631578947367
999,voter,TRUE,TRUE,usable_partial_limited_metadata,2,0.004048582995951417
1000,abstention,FALSE,FALSE,no_determinants,25,0.04940711462450593
1000,abstention,FALSE,FALSE,too_many_missing_determinants,3,0.005928853754940711
1000,abstention,TRUE,TRUE,usable_complete,404,0.7984189723320159
1000,abstention,TRUE,TRUE,usable_complete_limited_metadata,24,0.04743083003952569
1000,abstention,TRUE,TRUE,usable_partial,46,0.09090909090909091
1000,abstention,TRUE,TRUE,usable_partial_limited_metadata,4,0.007905138339920948
1000,voter,FALSE,FALSE,no_determinants,77,0.15587044534412955
1000,voter,FALSE,FALSE,suspicious_determinants,6,0.012145748987854251
1000,voter,FALSE,FALSE,too_many_missing_determinants,26,0.05263157894736842
1000,voter,TRUE,TRUE,usable_complete,246,0.4979757085020243
1000,voter,TRUE,TRUE,usable_complete_limited_metadata,5,0.010121457489878543
1000,voter,TRUE,TRUE,usable_partial,134,0.27125506072874495
