analysis_sample,matrix_name,n_factors,determinant,mean_importance,sd_importance,median_importance,mean_rank,prop_above_0_20,prop_above_0_30,prop_above_0_40
RENOVISOR,matrix_32_ext_0_1,2,det_31_approval,0.6987472324893563,0.03318552481890143,0.703696042959273,1.93,1,1,1
RENOVISOR,matrix_32_ext_0_1,2,det_28_recognition,0.6950002301643089,0.033547292169314916,0.6975084028112919,2.18,1,1,1
RENOVISOR,matrix_32_ext_0_1,2,det_24_socialising,0.6795982417517227,0.03594711176075467,0.6868483022671121,2.59,1,1,1
RENOVISOR,matrix_32_ext_0_1,2,det_30_authority,0.6216642823722088,0.037771896479118605,0.623982292685049,5.09,1,1,1
RENOVISOR,matrix_32_ext_0_1,2,det_03_risk_profile,0.5898800525051068,0.04218696834701939,0.5943059767197612,7.46,1,1,1
RENOVISOR,matrix_32_ext_0_1,2,det_29_trends,0.5889410286807276,0.03972656445003482,0.5917679471736446,7.63,1,1,1
RENOVISOR,matrix_32_ext_0_1,2,det_09_safety,0.5845970831392315,0.04382422228860653,0.5817072082577756,8.02,1,1,1
RENOVISOR,matrix_32_ext_0_1,2,det_15_self_satisfaction,0.5689982043348725,0.039818288620358765,0.5714393692966835,9.16,1,1,1
RENOVISOR,matrix_32_ext_0_1,2,det_20_coziness,0.5526081703008278,0.036518608720319826,0.5514797404530107,10.72,1,1,1
RENOVISOR,matrix_32_ext_0_1,2,det_08_trust,0.5511577014838545,0.038190818985570994,0.5464473103873504,10.85,1,1,1
RENOVISOR,matrix_32_ext_0_1,2,det_22_peer_pressure,0.5475252333198264,0.042152652053584073,0.5484827421973063,11.19,1,1,1
RENOVISOR,matrix_32_ext_0_1,2,det_13_technical_fit,0.5418274442341677,0.04116023991084055,0.546048316493478,11.67,1,1,1
RENOVISOR,matrix_32_ext_0_1,2,det_16_commitment,0.5392869537927754,0.04396148552704673,0.5370740441711994,11.99,1,1,1
RENOVISOR,matrix_32_ext_0_1,2,det_07_legal,0.5220041483259891,0.041643741344701,0.5197542645262312,13.59,1,1,1
RENOVISOR,matrix_32_ext_0_1,2,det_21_rights_and_duties,0.5169205443780113,0.037288049237941934,0.5161590437012296,14.08,1,1,1
RENOVISOR,matrix_32_ext_0_1,2,det_10_cost_efficiency,0.49684756147391107,0.03408062864355191,0.4936987568299287,16.05,1,1,1
RENOVISOR,matrix_32_ext_0_1,2,det_17_adherence,0.4964717239771824,0.048020952699509435,0.49650160358771095,16.36,1,1,0.98
RENOVISOR,matrix_32_ext_0_1,2,det_19_wellbeing,0.4959445978620416,0.044185172346575124,0.4962945019218626,16.03,1,1,0.98
RENOVISOR,matrix_32_ext_0_1,2,det_01_profits,0.45898145869429013,0.04641670938186623,0.46301321793329586,19.01,1,1,0.89
RENOVISOR,matrix_32_ext_0_1,2,det_27_fun,0.4437786829607971,0.05006390220644265,0.443911514947104,20.29,1,1,0.8
RENOVISOR,matrix_32_ext_0_1,2,det_12_own_competence,0.4422395595292125,0.04644765428787158,0.4470511428055857,20.39,1,1,0.85
RENOVISOR,matrix_32_ext_0_1,2,det_11_knowledge,0.4235542013321846,0.04196795598758252,0.42204747490229483,21.8,1,1,0.72
RENOVISOR,matrix_32_ext_0_1,2,det_05_frugality,0.41859218664665104,0.046176801903035566,0.4192842297281701,22.01,1,1,0.64
RENOVISOR,matrix_32_ext_0_1,2,det_18_autonomy,0.3837463328160785,0.05806414898959043,0.3843132632934361,24.15,1,0.92,0.4
RENOVISOR,matrix_32_ext_0_1,2,det_02_credit_score,0.38072738842480824,0.04905584136652893,0.3844784346529547,24.47,1,0.94,0.36
RENOVISOR,matrix_32_ext_0_1,2,det_04_added_value,0.3660937533275935,0.058308594370007474,0.3634658808259176,25.18,1,0.85,0.3
RENOVISOR,matrix_32_ext_0_1,2,det_25_agreement,0.32010631586310934,0.03716837582507822,0.3219860157810731,27.75,1,0.69,0.02
RENOVISOR,matrix_32_ext_0_1,2,det_26_novelty,0.3155474561887975,0.0513717182213966,0.3215336144308665,27.96,1,0.6,0.07
RENOVISOR,matrix_32_ext_0_1,2,det_32_own_significance,0.3079782096002915,0.03968491064674593,0.29822671511429266,28.47,1,0.49,0.01
RENOVISOR,matrix_32_ext_0_1,2,det_23_support,0.2879887782994904,0.037949580808184134,0.28543183186832216,29.65,1,0.38,0
RENOVISOR,matrix_32_ext_0_1,2,det_06_climate_protection,0.28162088212804187,0.04739855426949533,0.27622763694194385,29.7,1,0.31,0.02
RENOVISOR,matrix_32_ext_0_1,2,det_14_environmental_concerns,0.2673977348660206,0.047130332444597786,0.2599324098201381,30.58,0.98,0.2,0.02
RENOVISOR,matrix_32_ext_0_1,3,det_06_climate_protection,0.7214708159699172,0.06775691734463424,0.7179491901319852,2.82,1,1,1
RENOVISOR,matrix_32_ext_0_1,3,det_31_approval,0.7148625528152792,0.030352110446004874,0.7201889827619188,2.29,1,1,1
RENOVISOR,matrix_32_ext_0_1,3,det_24_socialising,0.691355979821717,0.03443450408941842,0.69061822936844,3.51,1,1,1
RENOVISOR,matrix_32_ext_0_1,3,det_28_recognition,0.6900442796748001,0.034693742232621325,0.6943832514000556,3.5,1,1,1
RENOVISOR,matrix_32_ext_0_1,3,det_30_authority,0.6304276845414692,0.035100695076658014,0.6278589927029636,6.5,1,1,1
RENOVISOR,matrix_32_ext_0_1,3,det_14_environmental_concerns,0.6296337610696937,0.05648399378119572,0.6357086682078379,6.88,1,1,1
RENOVISOR,matrix_32_ext_0_1,3,det_03_risk_profile,0.6277111136448099,0.05191397270604754,0.6284631382394092,7.11,1,1,1
RENOVISOR,matrix_32_ext_0_1,3,det_09_safety,0.6045594561851674,0.04470391738922587,0.6042471420750224,8.45,1,1,1
RENOVISOR,matrix_32_ext_0_1,3,det_29_trends,0.595852336057639,0.037569012542117725,0.5942193521491513,8.76,1,1,1
RENOVISOR,matrix_32_ext_0_1,3,det_20_coziness,0.5565259865051765,0.04718383901799753,0.5630492303707919,11.5,1,1,1
RENOVISOR,matrix_32_ext_0_1,3,det_17_adherence,0.5442685933004102,0.042965647161642896,0.540831751969906,12.6,1,1,1
RENOVISOR,matrix_32_ext_0_1,3,det_15_self_satisfaction,0.5439203885489137,0.051080015760073844,0.5502663838352937,12.54,1,1,0.99
RENOVISOR,matrix_32_ext_0_1,3,det_10_cost_efficiency,0.5400103185084787,0.04393111079028798,0.5429608382217986,13.06,1,1,0.99
RENOVISOR,matrix_32_ext_0_1,3,det_22_peer_pressure,0.5310732369762936,0.04487302074212345,0.5372653624670305,13.78,1,1,1
RENOVISOR,matrix_32_ext_0_1,3,det_08_trust,0.5172885770370294,0.039444518040428804,0.5122184574054354,14.82,1,1,0.99
RENOVISOR,matrix_32_ext_0_1,3,det_07_legal,0.5061448661771143,0.05046634091398549,0.5009194052266672,15.58,1,1,0.99
RENOVISOR,matrix_32_ext_0_1,3,det_13_technical_fit,0.48847063728681733,0.05161662176533303,0.49254082845045577,16.91,1,1,0.93
RENOVISOR,matrix_32_ext_0_1,3,det_16_commitment,0.4755935250902476,0.0610285521314656,0.4833033297866455,17.73,1,1,0.87
RENOVISOR,matrix_32_ext_0_1,3,det_19_wellbeing,0.47323459935414214,0.04836592905919303,0.4709130162953017,18.05,1,1,0.93
RENOVISOR,matrix_32_ext_0_1,3,det_21_rights_and_duties,0.43783695000984507,0.05574532871809545,0.4365256182698615,20.88,1,1,0.72
RENOVISOR,matrix_32_ext_0_1,3,det_27_fun,0.41904875907965794,0.050843941976306296,0.4204790247205744,21.97,1,0.98,0.69
RENOVISOR,matrix_32_ext_0_1,3,det_05_frugality,0.4144464618262758,0.0572325070612493,0.41736060753549753,22.39,1,0.96,0.62
RENOVISOR,matrix_32_ext_0_1,3,det_11_knowledge,0.4127358469104905,0.04872847038779421,0.4155250294171598,22.64,1,0.99,0.63
RENOVISOR,matrix_32_ext_0_1,3,det_01_profits,0.41121579699703353,0.056043652107425346,0.41576970234619576,22.34,1,0.97,0.59
RENOVISOR,matrix_32_ext_0_1,3,det_12_own_competence,0.37673839941235393,0.05400821888470816,0.3806157953495687,24.85,1,0.91,0.33
RENOVISOR,matrix_32_ext_0_1,3,det_04_added_value,0.3632911154461486,0.060887276067043514,0.3573481069747009,25.34,1,0.82,0.3
RENOVISOR,matrix_32_ext_0_1,3,det_02_credit_score,0.35596117566736657,0.05773133981987639,0.35659146831583316,26.09,1,0.83,0.23
RENOVISOR,matrix_32_ext_0_1,3,det_18_autonomy,0.3244387874679004,0.06117808290344811,0.3245894319040647,27.83,0.99,0.63,0.1
RENOVISOR,matrix_32_ext_0_1,3,det_26_novelty,0.31409745296744157,0.053114191081892456,0.31754062885194767,28.31,1,0.6,0.06
RENOVISOR,matrix_32_ext_0_1,3,det_32_own_significance,0.3075960705409623,0.05210599610247847,0.30263431590504764,28.62,0.99,0.52,0.05
RENOVISOR,matrix_32_ext_0_1,3,det_25_agreement,0.27090567372036634,0.03434759362206789,0.26663755884557144,30.43,0.99,0.22,0
RENOVISOR,matrix_32_ext_0_1,3,det_23_support,0.2700456657888763,0.06813510382805021,0.25493100741082253,29.92,0.95,0.27,0.03
RENOVISOR,matrix_32_ext_0_1,4,det_06_climate_protection,0.7459127480105834,0.055438263930467635,0.7373203597491165,2.08,1,1,1
RENOVISOR,matrix_32_ext_0_1,4,det_31_approval,0.7297267513725029,0.030937986885058586,0.7315153858533479,2.22,1,1,1
RENOVISOR,matrix_32_ext_0_1,4,det_28_recognition,0.7200436530145473,0.03599215505757738,0.7201820132367469,2.55,1,1,1
RENOVISOR,matrix_32_ext_0_1,4,det_24_socialising,0.6597543162010532,0.04152529498123186,0.6587373228863023,4.9,1,1,1
RENOVISOR,matrix_32_ext_0_1,4,det_14_environmental_concerns,0.638468447742782,0.051237528025816076,0.6384371237441668,6.15,1,1,1
RENOVISOR,matrix_32_ext_0_1,4,det_30_authority,0.6008818816029212,0.0389840479794842,0.6011630499877398,8.11,1,1,1
RENOVISOR,matrix_32_ext_0_1,4,det_29_trends,0.6000255536012504,0.040826688348182275,0.6032653956748648,8.02,1,1,1
RENOVISOR,matrix_32_ext_0_1,4,det_03_risk_profile,0.5864276102426282,0.08686722790360311,0.6047108890121469,9.3,1,1,0.95
RENOVISOR,matrix_32_ext_0_1,4,det_09_safety,0.5724895533156384,0.07454627817722921,0.5844989957188765,9.9,1,1,0.99
RENOVISOR,matrix_32_ext_0_1,4,det_10_cost_efficiency,0.535564646602415,0.07730843384551099,0.5401092751716965,12.74,1,1,0.97
RENOVISOR,matrix_32_ext_0_1,4,det_22_peer_pressure,0.5288204456270297,0.04626537612203628,0.5353786497581661,12.9,1,1,1
RENOVISOR,matrix_32_ext_0_1,4,det_20_coziness,0.525481241081497,0.06566412753251757,0.5324889060026141,13.05,1,1,0.97
RENOVISOR,matrix_32_ext_0_1,4,det_17_adherence,0.5090512382912337,0.07064707669795199,0.5229493125569029,14.11,1,1,0.91
RENOVISOR,matrix_32_ext_0_1,4,det_15_self_satisfaction,0.5016058251608974,0.06965214171822981,0.5121283079794561,14.69,1,1,0.9
RENOVISOR,matrix_32_ext_0_1,4,det_07_legal,0.49949680968097215,0.08125799098127202,0.5050638122236537,14.86,1,1,0.86
RENOVISOR,matrix_32_ext_0_1,4,det_19_wellbeing,0.47174301173461414,0.07860655327980567,0.48023934592590534,17.2,1,0.97,0.82
RENOVISOR,matrix_32_ext_0_1,4,det_08_trust,0.47121711550100204,0.06755323494511453,0.47715699820395674,16.85,1,0.99,0.88
RENOVISOR,matrix_32_ext_0_1,4,det_21_rights_and_duties,0.453062664635795,0.08758507255901958,0.4640407049592602,18.28,1,0.99,0.67
RENOVISOR,matrix_32_ext_0_1,4,det_13_technical_fit,0.4478182369267002,0.06655919193352641,0.46312339564631955,18.56,1,0.98,0.74
RENOVISOR,matrix_32_ext_0_1,4,det_16_commitment,0.4311685776715477,0.08076253184031962,0.42472388697522123,19.67,1,0.96,0.61
RENOVISOR,matrix_32_ext_0_1,4,det_05_frugality,0.4255326111198202,0.07796933178051442,0.43872482653200284,20.1,1,0.94,0.64
RENOVISOR,matrix_32_ext_0_1,4,det_01_profits,0.4243670829069326,0.07891372088772267,0.42370049177605773,20.22,1,0.96,0.6
RENOVISOR,matrix_32_ext_0_1,4,det_27_fun,0.3954817405653969,0.05148361660077983,0.4012385990463635,22.25,1,0.96,0.5
RENOVISOR,matrix_32_ext_0_1,4,det_11_knowledge,0.38400759810684587,0.06659399484441915,0.37562592425142943,23.27,1,0.9,0.39
RENOVISOR,matrix_32_ext_0_1,4,det_04_added_value,0.3695642850733604,0.06433844431084618,0.36070972471148954,23.97,1,0.87,0.3
RENOVISOR,matrix_32_ext_0_1,4,det_02_credit_score,0.35246930971629314,0.06598862729086762,0.3476055394162426,25.21,1,0.74,0.24
RENOVISOR,matrix_32_ext_0_1,4,det_12_own_competence,0.34688267173909354,0.060110080519017915,0.3458691050702005,25.92,1,0.79,0.18
RENOVISOR,matrix_32_ext_0_1,4,det_23_support,0.337820845353905,0.05947717962309409,0.3397054802273067,26.1,1,0.72,0.12
RENOVISOR,matrix_32_ext_0_1,4,det_26_novelty,0.3187287335782097,0.05214857827758863,0.31679681915529734,27.63,1,0.63,0.04
RENOVISOR,matrix_32_ext_0_1,4,det_32_own_significance,0.30802297055498495,0.04939695563300535,0.30422866502381646,28.12,1,0.54,0.05
RENOVISOR,matrix_32_ext_0_1,4,det_18_autonomy,0.30063293731941293,0.06828969997184618,0.2986535293634075,28.54,0.94,0.49,0.08
RENOVISOR,matrix_32_ext_0_1,4,det_25_agreement,0.2662121766596842,0.03819653815945839,0.26432623138090683,30.53,0.97,0.14,0.01
RENOVISOR,matrix_32_ext_0_1,5,det_06_climate_protection,0.7699726079421599,0.06136941979040542,0.7699853986716683,1.8,1,1,1
RENOVISOR,matrix_32_ext_0_1,5,det_31_approval,0.7407931535524188,0.04649530946010509,0.7464728438208758,2.31,1,1,1
RENOVISOR,matrix_32_ext_0_1,5,det_28_recognition,0.705472607549249,0.060021278679737514,0.7144471272813917,3.6,1,1,1
RENOVISOR,matrix_32_ext_0_1,5,det_24_socialising,0.6629547220807888,0.04880811506494737,0.6690862906560681,4.93,1,1,1
RENOVISOR,matrix_32_ext_0_1,5,det_14_environmental_concerns,0.6443776360283104,0.05740102696037939,0.6444937261668359,5.62,1,1,1
RENOVISOR,matrix_32_ext_0_1,5,det_30_authority,0.5900085021580662,0.0433678975952829,0.5883791215277284,8.11,1,1,1
RENOVISOR,matrix_32_ext_0_1,5,det_09_safety,0.5837494684464178,0.1150771858735349,0.6168779719156103,9.18,1,1,0.92
RENOVISOR,matrix_32_ext_0_1,5,det_29_trends,0.5817911846095926,0.047236817755078146,0.5872637003779391,8.43,1,1,1
RENOVISOR,matrix_32_ext_0_1,5,det_22_peer_pressure,0.514107377962599,0.05206157685415227,0.5165352308016032,12.33,1,1,0.97
RENOVISOR,matrix_32_ext_0_1,5,det_03_risk_profile,0.49556111531621566,0.09642974662800323,0.4870151081718423,13.48,1,0.98,0.8
RENOVISOR,matrix_32_ext_0_1,5,det_19_wellbeing,0.4954485343981566,0.09985253778287038,0.5132233857460362,14.16,1,0.96,0.83
RENOVISOR,matrix_32_ext_0_1,5,det_21_rights_and_duties,0.480125883817466,0.11332086160422547,0.4693887258762169,15.16,1,0.97,0.76
RENOVISOR,matrix_32_ext_0_1,5,det_07_legal,0.4759084686562338,0.09805073578282429,0.46270831241158816,14.99,1,0.98,0.75
RENOVISOR,matrix_32_ext_0_1,5,det_20_coziness,0.47076701719879155,0.08578816779527781,0.4788866154596251,15.29,1,0.98,0.8
RENOVISOR,matrix_32_ext_0_1,5,det_10_cost_efficiency,0.4566431986705672,0.09323962021961502,0.4519944894049288,16.44,1,0.94,0.7
RENOVISOR,matrix_32_ext_0_1,5,det_17_adherence,0.45266370202082884,0.08892842167330678,0.4459054629683096,16.52,1,0.96,0.68
RENOVISOR,matrix_32_ext_0_1,5,det_01_profits,0.4350928683336913,0.08910043169657986,0.42501448053867347,17.84,1,0.95,0.63
RENOVISOR,matrix_32_ext_0_1,5,det_15_self_satisfaction,0.42245956393709116,0.09128636794740622,0.42898639451245896,18.64,1,0.91,0.58
RENOVISOR,matrix_32_ext_0_1,5,det_16_commitment,0.41439803019295457,0.09263696604144989,0.3997090765524145,19.12,1,0.91,0.49
RENOVISOR,matrix_32_ext_0_1,5,det_02_credit_score,0.4016147309501937,0.10533353908778359,0.38424159912145095,20.23,1,0.83,0.42
RENOVISOR,matrix_32_ext_0_1,5,det_08_trust,0.39147043236081164,0.07060181043968665,0.39147529693895977,20.64,1,0.88,0.46
RENOVISOR,matrix_32_ext_0_1,5,det_05_frugality,0.388464376908125,0.08859254605905777,0.38065737853135134,21.2,1,0.81,0.42
RENOVISOR,matrix_32_ext_0_1,5,det_27_fun,0.3830992562440742,0.06984907846327816,0.38495371910592824,21.38,1,0.94,0.29
RENOVISOR,matrix_32_ext_0_1,5,det_11_knowledge,0.38024170527198325,0.08858695942410846,0.3700167679574391,21.65,0.99,0.84,0.4
RENOVISOR,matrix_32_ext_0_1,5,det_13_technical_fit,0.37253830693624296,0.08365665929938147,0.3553271932026326,22.45,1,0.8,0.33
RENOVISOR,matrix_32_ext_0_1,5,det_04_added_value,0.3544855898028576,0.06350058930962889,0.3503473155067706,23.37,1,0.8,0.25
RENOVISOR,matrix_32_ext_0_1,5,det_23_support,0.3354469031793626,0.06306748424744034,0.3342877251311944,24.76,1,0.72,0.13
RENOVISOR,matrix_32_ext_0_1,5,det_18_autonomy,0.320759510533304,0.10744025096589335,0.28961534165401587,25.61,0.93,0.46,0.23
RENOVISOR,matrix_32_ext_0_1,5,det_12_own_competence,0.3204263080922985,0.087338558236979,0.2943181418897536,25.83,0.98,0.48,0.2
RENOVISOR,matrix_32_ext_0_1,5,det_26_novelty,0.3183306499760666,0.05997945951803626,0.3153594322551406,25.95,0.99,0.59,0.1
RENOVISOR,matrix_32_ext_0_1,5,det_32_own_significance,0.3055114887360772,0.051033293993383716,0.3010321405932581,26.96,0.99,0.53,0.04
RENOVISOR,matrix_32_ext_0_1,5,det_25_agreement,0.2602163475732625,0.04428780421620832,0.26094829177973766,30.02,0.93,0.16,0.01
RENOVISOR,matrix_32_ext_0_1,6,det_06_climate_protection,0.7805307636511482,0.07591192852805383,0.7819198874571978,1.9,1,1,1
RENOVISOR,matrix_32_ext_0_1,6,det_31_approval,0.741329861245424,0.041790007000939114,0.7452590599322404,2.43,1,1,1
RENOVISOR,matrix_32_ext_0_1,6,det_28_recognition,0.692153816549111,0.07038064306256805,0.6994530126486924,4.31,1,1,0.99
RENOVISOR,matrix_32_ext_0_1,6,det_24_socialising,0.6742714858967814,0.0560843670898915,0.6738072832262474,4.67,1,1,1
RENOVISOR,matrix_32_ext_0_1,6,det_14_environmental_concerns,0.6549271732184813,0.07325887553873098,0.65143915000985,5.41,1,1,1
RENOVISOR,matrix_32_ext_0_1,6,det_30_authority,0.5862826602015783,0.04758457336406129,0.5850699582876153,8.25,1,1,1
RENOVISOR,matrix_32_ext_0_1,6,det_29_trends,0.5598094223547917,0.054732840935406014,0.5600024504118175,9.81,1,1,0.99
RENOVISOR,matrix_32_ext_0_1,6,det_09_safety,0.5527993933939472,0.11606936178584563,0.5775730160316535,10.25,1,0.97,0.88
RENOVISOR,matrix_32_ext_0_1,6,det_21_rights_and_duties,0.5509955462920876,0.1233635448407661,0.567195969507903,11.21,1,0.96,0.85
RENOVISOR,matrix_32_ext_0_1,6,det_19_wellbeing,0.5086673202235427,0.10650806316296026,0.5104970522669141,13.04,1,0.99,0.82
RENOVISOR,matrix_32_ext_0_1,6,det_07_legal,0.5051701402806874,0.10319106290427048,0.49346461250352436,13.1,1,0.98,0.79
RENOVISOR,matrix_32_ext_0_1,6,det_22_peer_pressure,0.5023896178482304,0.05180205077428928,0.5106944174316959,12.8,1,1,0.97
RENOVISOR,matrix_32_ext_0_1,6,det_03_risk_profile,0.4579400610603213,0.10206342148351055,0.439629376695982,15.85,1,0.96,0.68
RENOVISOR,matrix_32_ext_0_1,6,det_20_coziness,0.44516007916334316,0.09049485535344148,0.44771771234972046,16.64,1,0.94,0.67
RENOVISOR,matrix_32_ext_0_1,6,det_17_adherence,0.44342857904281696,0.09507196225547834,0.4370491727989065,16.6,1,0.95,0.62
RENOVISOR,matrix_32_ext_0_1,6,det_01_profits,0.4356595539504071,0.09853400377603175,0.4171431195347766,17.36,1,0.93,0.61
RENOVISOR,matrix_32_ext_0_1,6,det_10_cost_efficiency,0.4241168619149597,0.07980178549967086,0.41357669212399834,17.67,1,0.96,0.55
RENOVISOR,matrix_32_ext_0_1,6,det_02_credit_score,0.415719024812194,0.10222790080260025,0.39999507934714573,18.66,1,0.87,0.5
RENOVISOR,matrix_32_ext_0_1,6,det_16_commitment,0.41476273178148826,0.10767851602297668,0.40176068064765136,18.77,1,0.84,0.51
RENOVISOR,matrix_32_ext_0_1,6,det_11_knowledge,0.3991147713622817,0.111185913202132,0.38547286964321714,20.06,1,0.78,0.42
RENOVISOR,matrix_32_ext_0_1,6,det_05_frugality,0.39005683615399117,0.0950955452445219,0.36766228409815627,20.71,1,0.87,0.36
RENOVISOR,matrix_32_ext_0_1,6,det_27_fun,0.38709069790554423,0.07366065251817208,0.3754701907092323,20.42,1,0.93,0.28
RENOVISOR,matrix_32_ext_0_1,6,det_15_self_satisfaction,0.37009101325731303,0.08340981480317725,0.35661443907942814,21.82,1,0.8,0.28
RENOVISOR,matrix_32_ext_0_1,6,det_08_trust,0.3549670797288627,0.07128629843990336,0.35743567752670524,22.69,1,0.73,0.28
RENOVISOR,matrix_32_ext_0_1,6,det_04_added_value,0.3544966195441488,0.07030353781256661,0.3457140869102103,22.79,1,0.74,0.25
RENOVISOR,matrix_32_ext_0_1,6,det_18_autonomy,0.3482277406789375,0.11794901302819391,0.3281067113302132,23.27,0.9,0.6,0.29
RENOVISOR,matrix_32_ext_0_1,6,det_23_support,0.3349607571742952,0.06306122989230535,0.3329611794371742,24.04,1,0.66,0.16
RENOVISOR,matrix_32_ext_0_1,6,det_13_technical_fit,0.33329350485835113,0.08523621090971974,0.31971205544326986,24.54,0.99,0.58,0.18
RENOVISOR,matrix_32_ext_0_1,6,det_26_novelty,0.31304900599378965,0.06500779276237263,0.29975698066847,25.89,0.99,0.5,0.11
RENOVISOR,matrix_32_ext_0_1,6,det_12_own_competence,0.3092820823607008,0.06575012819963526,0.30414561091618,25.83,0.97,0.53,0.11
RENOVISOR,matrix_32_ext_0_1,6,det_32_own_significance,0.28718191797895143,0.05256110519254768,0.28323734619640584,27.87,0.98,0.36,0.02
RENOVISOR,matrix_32_ext_0_1,6,det_25_agreement,0.26355715416627096,0.051499682140752956,0.2614877415662065,29.34,0.93,0.19,0.01
RENOVISOR,matrix_32_ext_0_1,7,det_06_climate_protection,0.7865191415570387,0.07619119771301998,0.7832777236279107,1.95,1,1,1
RENOVISOR,matrix_32_ext_0_1,7,det_31_approval,0.7333032729278618,0.057256953960564606,0.7392357134090075,2.84,1,1,1
RENOVISOR,matrix_32_ext_0_1,7,det_28_recognition,0.6806428443781465,0.07921257346295868,0.6906446124041363,4.77,1,1,0.99
RENOVISOR,matrix_32_ext_0_1,7,det_24_socialising,0.6746228428212598,0.06343881377087794,0.6760228345948043,5,1,1,1
RENOVISOR,matrix_32_ext_0_1,7,det_14_environmental_concerns,0.662743511059947,0.07638200169510032,0.6627341207707476,5.56,1,1,1
RENOVISOR,matrix_32_ext_0_1,7,det_30_authority,0.5752586350479406,0.051645243915703166,0.5754943745529335,9.06,1,1,1
RENOVISOR,matrix_32_ext_0_1,7,det_21_rights_and_duties,0.5708433703152642,0.12720713003467446,0.5849838811711213,10.01,1,0.96,0.89
RENOVISOR,matrix_32_ext_0_1,7,det_29_trends,0.548819983786126,0.060347720262557386,0.5465405158244412,10.41,1,1,0.99
RENOVISOR,matrix_32_ext_0_1,7,det_07_legal,0.5315783492512213,0.1256358493584711,0.5325253958861496,12.23,1,0.96,0.86
RENOVISOR,matrix_32_ext_0_1,7,det_09_safety,0.5171907111182537,0.12940146099389208,0.5417137637605252,12.32,1,0.97,0.76
RENOVISOR,matrix_32_ext_0_1,7,det_19_wellbeing,0.5152255671192628,0.13732419098833823,0.5055100842502078,12.99,1,0.96,0.8
RENOVISOR,matrix_32_ext_0_1,7,det_22_peer_pressure,0.48549749275862775,0.05581499652779471,0.4942525901753735,13.75,1,1,0.91
RENOVISOR,matrix_32_ext_0_1,7,det_03_risk_profile,0.44418643924209916,0.11885833008511487,0.4230024853775403,16.49,1,0.91,0.57
RENOVISOR,matrix_32_ext_0_1,7,det_16_commitment,0.4420363435040463,0.12358185073524133,0.42194985691388964,16.89,1,0.9,0.58
RENOVISOR,matrix_32_ext_0_1,7,det_01_profits,0.4357708998301976,0.1203441027223187,0.40891958694174546,17.54,1,0.85,0.53
RENOVISOR,matrix_32_ext_0_1,7,det_20_coziness,0.43505073117399917,0.1028775614281095,0.43852487867750606,17.05,1,0.92,0.6
RENOVISOR,matrix_32_ext_0_1,7,det_02_credit_score,0.43325909926231904,0.12528757361626877,0.40932137762065623,17.35,1,0.86,0.51
RENOVISOR,matrix_32_ext_0_1,7,det_11_knowledge,0.4237940234608034,0.13844792087828534,0.40977735147400396,18.14,0.98,0.77,0.53
RENOVISOR,matrix_32_ext_0_1,7,det_10_cost_efficiency,0.4054463160635603,0.09040299516688542,0.3930669824656768,18.38,1,0.89,0.48
RENOVISOR,matrix_32_ext_0_1,7,det_17_adherence,0.4011457845737651,0.09606122570942996,0.38336950327104274,18.88,1,0.84,0.41
RENOVISOR,matrix_32_ext_0_1,7,det_05_frugality,0.39459254421241863,0.11653937673013291,0.3740258439296228,19.83,0.99,0.79,0.4
RENOVISOR,matrix_32_ext_0_1,7,det_27_fun,0.3856511931022508,0.0848233833419425,0.36868756835496536,20.01,1,0.9,0.32
RENOVISOR,matrix_32_ext_0_1,7,det_18_autonomy,0.37889464526676225,0.12134286248116775,0.3673155446620416,20.68,0.96,0.73,0.38
RENOVISOR,matrix_32_ext_0_1,7,det_04_added_value,0.3594809693805501,0.07927902445953365,0.3576854614641237,21.76,1,0.77,0.25
RENOVISOR,matrix_32_ext_0_1,7,det_15_self_satisfaction,0.35931316490888504,0.100375688636036,0.3339041930692532,21.91,1,0.67,0.26
RENOVISOR,matrix_32_ext_0_1,7,det_26_novelty,0.3296948185566924,0.09184227974331609,0.3081048794405229,24.01,1,0.59,0.14
RENOVISOR,matrix_32_ext_0_1,7,det_23_support,0.32576602804373694,0.07844670428254719,0.3159519057915414,24.38,0.99,0.57,0.18
RENOVISOR,matrix_32_ext_0_1,7,det_08_trust,0.3087429464137416,0.06379080913227997,0.3074702523248572,25.57,0.98,0.54,0.11
RENOVISOR,matrix_32_ext_0_1,7,det_13_technical_fit,0.3049879163583741,0.07147602116189188,0.2963517904436244,25.88,0.98,0.48,0.11
RENOVISOR,matrix_32_ext_0_1,7,det_12_own_competence,0.29942646045566695,0.0730922011483056,0.29318315850883003,26,0.94,0.46,0.11
RENOVISOR,matrix_32_ext_0_1,7,det_32_own_significance,0.2752272783804586,0.0468656176172903,0.26435790098812945,28.06,0.97,0.26,0.01
RENOVISOR,matrix_32_ext_0_1,7,det_25_agreement,0.2654054895588046,0.05612437186471466,0.25601828226625134,28.3,0.9,0.26,0.02
RENOVISOR,matrix_32_ext_0_1,8,det_06_climate_protection,0.7886835282550756,0.08720476672224052,0.7848267784576035,2.25,1,1,1
RENOVISOR,matrix_32_ext_0_1,8,det_31_approval,0.7173533032650786,0.07921305622479732,0.731426498503746,3.61,1,1,1
RENOVISOR,matrix_32_ext_0_1,8,det_24_socialising,0.691775048432624,0.06994981627787905,0.6950822946691722,4.69,1,1,1
RENOVISOR,matrix_32_ext_0_1,8,det_14_environmental_concerns,0.6695686918255622,0.08796120895044762,0.6729110862093411,5.74,1,1,1
RENOVISOR,matrix_32_ext_0_1,8,det_28_recognition,0.6418142856783217,0.10442701371936274,0.663418156999092,6.63,1,1,0.95
RENOVISOR,matrix_32_ext_0_1,8,det_21_rights_and_duties,0.6033454334216627,0.12274446496158602,0.6186854841589637,8.7,1,0.99,0.92
RENOVISOR,matrix_32_ext_0_1,8,det_30_authority,0.5572850228532162,0.06580592985091448,0.5627398399146051,10.19,1,1,0.97
RENOVISOR,matrix_32_ext_0_1,8,det_07_legal,0.5562055442375519,0.12514532628098493,0.5579049031673534,10.73,1,1,0.87
RENOVISOR,matrix_32_ext_0_1,8,det_29_trends,0.5302256592855898,0.07501991331122006,0.5338629251593133,11.75,1,1,0.95
RENOVISOR,matrix_32_ext_0_1,8,det_19_wellbeing,0.5288264753749813,0.13670731838293534,0.5294866675088854,12.37,1,0.97,0.77
RENOVISOR,matrix_32_ext_0_1,8,det_09_safety,0.5044631350069384,0.12203378699254391,0.4989629382296249,13.03,1,0.99,0.74
RENOVISOR,matrix_32_ext_0_1,8,det_22_peer_pressure,0.4601213948762591,0.07054346061194493,0.4678078159980309,15.26,1,1,0.77
RENOVISOR,matrix_32_ext_0_1,8,det_02_credit_score,0.45617355261497317,0.13648411495507284,0.46449223665973804,16.05,1,0.86,0.61
RENOVISOR,matrix_32_ext_0_1,8,det_20_coziness,0.45087109523238716,0.11044349709575324,0.4418298863610819,16.27,1,0.93,0.66
RENOVISOR,matrix_32_ext_0_1,8,det_03_risk_profile,0.4432451429803999,0.13975649738504226,0.4115430913052187,17.06,1,0.88,0.53
RENOVISOR,matrix_32_ext_0_1,8,det_01_profits,0.441610377341118,0.12607443876147864,0.41728604554007914,16.99,0.99,0.91,0.56
RENOVISOR,matrix_32_ext_0_1,8,det_16_commitment,0.4339100363805922,0.1223995807961517,0.4046113175118317,17.16,1,0.85,0.52
RENOVISOR,matrix_32_ext_0_1,8,det_11_knowledge,0.43169731396037037,0.14677201380207133,0.4055558332066497,17.77,0.99,0.79,0.52
RENOVISOR,matrix_32_ext_0_1,8,det_05_frugality,0.4114513499228449,0.12069773697467905,0.3765757803213967,18.51,0.99,0.82,0.44
RENOVISOR,matrix_32_ext_0_1,8,det_18_autonomy,0.39542928271595157,0.138423339536924,0.3681184453569962,19.86,0.96,0.73,0.41
RENOVISOR,matrix_32_ext_0_1,8,det_10_cost_efficiency,0.3899719456679043,0.09165251326207809,0.37596607600131837,19.44,1,0.85,0.42
RENOVISOR,matrix_32_ext_0_1,8,det_17_adherence,0.3897254532673231,0.10427112761770344,0.38507539184496564,19.65,1,0.75,0.44
RENOVISOR,matrix_32_ext_0_1,8,det_27_fun,0.38713301478340173,0.10822394764894214,0.36447937716678647,19.94,1,0.83,0.31
RENOVISOR,matrix_32_ext_0_1,8,det_15_self_satisfaction,0.3817241735983725,0.13376877170134527,0.34175611469958933,20.5,0.99,0.68,0.32
RENOVISOR,matrix_32_ext_0_1,8,det_04_added_value,0.36688596696745884,0.10113770145053061,0.3474401644998981,21.16,1,0.76,0.29
RENOVISOR,matrix_32_ext_0_1,8,det_26_novelty,0.34937696263267715,0.11332525919856788,0.3125784127499212,22.7,0.99,0.54,0.27
RENOVISOR,matrix_32_ext_0_1,8,det_23_support,0.31360306472684085,0.0811388868240227,0.29953808041487057,25.11,0.99,0.5,0.13
RENOVISOR,matrix_32_ext_0_1,8,det_08_trust,0.2925092725038023,0.06100391882246565,0.2844413023923754,26.74,0.97,0.36,0.05
RENOVISOR,matrix_32_ext_0_1,8,det_13_technical_fit,0.29187017248435304,0.07453591820919218,0.27008997098996607,26.46,0.98,0.34,0.1
RENOVISOR,matrix_32_ext_0_1,8,det_12_own_competence,0.2891736720035119,0.06898824227954967,0.2810729732360902,26.54,0.92,0.38,0.05
RENOVISOR,matrix_32_ext_0_1,8,det_32_own_significance,0.2767102731421261,0.060837969678811304,0.26434725643786783,27.49,0.97,0.26,0.02
RENOVISOR,matrix_32_ext_0_1,8,det_25_agreement,0.27631594162589435,0.06586866602246665,0.2684024585332401,27.65,0.94,0.24,0.04
RENOVISOR,matrix_32_pos_0_1,2,det_10_cost_efficiency,0.6479805065831129,0.04032848686548816,0.6509932927060418,2.6,1,1,1
RENOVISOR,matrix_32_pos_0_1,2,det_03_risk_profile,0.6455766449175969,0.03614508517225894,0.647276491440983,2.58,1,1,1
RENOVISOR,matrix_32_pos_0_1,2,det_23_support,0.6308597693371479,0.04628159796596688,0.631557702279578,3.36,1,1,1
RENOVISOR,matrix_32_pos_0_1,2,det_24_socialising,0.6229455198558945,0.07086684906677802,0.629592039874971,4.04,1,1,0.99
RENOVISOR,matrix_32_pos_0_1,2,det_05_frugality,0.5638117067271126,0.03975921992984412,0.5642063296290893,6.88,1,1,1
RENOVISOR,matrix_32_pos_0_1,2,det_06_climate_protection,0.5395012773088216,0.07731704513853044,0.5406913991906358,9.52,1,1,0.96
RENOVISOR,matrix_32_pos_0_1,2,det_17_adherence,0.5158152141460833,0.04073096530008847,0.517243869727158,10.35,1,1,1
RENOVISOR,matrix_32_pos_0_1,2,det_28_recognition,0.5147197851254213,0.08660810084661927,0.5314014968578556,11.55,1,0.99,0.9
RENOVISOR,matrix_32_pos_0_1,2,det_32_own_significance,0.5116752989861277,0.05055483821652316,0.5165625658114676,11.36,1,1,0.99
RENOVISOR,matrix_32_pos_0_1,2,det_14_environmental_concerns,0.5096349002997608,0.07719991081763536,0.5114666839815387,12.36,1,1,0.93
RENOVISOR,matrix_32_pos_0_1,2,det_09_safety,0.49988708570329815,0.04811736370557656,0.49826483398062593,12.06,1,1,0.98
RENOVISOR,matrix_32_pos_0_1,2,det_30_authority,0.49352545224475847,0.07871562096425312,0.49328657584255753,13.2,1,0.99,0.87
RENOVISOR,matrix_32_pos_0_1,2,det_15_self_satisfaction,0.49212812937320904,0.04706126923073329,0.49576703660908783,12.89,1,1,0.97
RENOVISOR,matrix_32_pos_0_1,2,det_01_profits,0.47216120822505275,0.056860653916542256,0.47311666521695966,15.15,1,1,0.86
RENOVISOR,matrix_32_pos_0_1,2,det_20_coziness,0.47187070940039566,0.051737672908221385,0.4702423686520297,15.08,1,1,0.91
RENOVISOR,matrix_32_pos_0_1,2,det_07_legal,0.4685253059339187,0.057720469225307845,0.47105567788681757,15.18,1,0.99,0.87
RENOVISOR,matrix_32_pos_0_1,2,det_19_wellbeing,0.46360825389159105,0.04086041975167588,0.4624736274007376,15.89,1,1,0.94
RENOVISOR,matrix_32_pos_0_1,2,det_11_knowledge,0.46347208708998217,0.03988926557949772,0.4676211934839539,15.93,1,1,0.92
RENOVISOR,matrix_32_pos_0_1,2,det_13_technical_fit,0.4601705655535645,0.056695389475276504,0.46776449359083816,15.82,1,1,0.83
RENOVISOR,matrix_32_pos_0_1,2,det_04_added_value,0.4446542912638918,0.055814063095873626,0.4446268839478934,17.97,1,1,0.74
RENOVISOR,matrix_32_pos_0_1,2,det_08_trust,0.43046308819182855,0.05443604226874927,0.43895857137455147,18.98,1,0.99,0.67
RENOVISOR,matrix_32_pos_0_1,2,det_31_approval,0.3963603109889405,0.06995378125223353,0.40056996715349613,21.7,1,0.91,0.5
RENOVISOR,matrix_32_pos_0_1,2,det_02_credit_score,0.3936220049875815,0.044184334271123206,0.4009065044082498,22.51,1,0.98,0.51
RENOVISOR,matrix_32_pos_0_1,2,det_16_commitment,0.3760995080073423,0.038989799675549074,0.37266989092772485,24.11,1,0.98,0.27
RENOVISOR,matrix_32_pos_0_1,2,det_12_own_competence,0.36530708676702217,0.04932375723933966,0.3574730200936982,25.13,1,0.92,0.24
RENOVISOR,matrix_32_pos_0_1,2,det_27_fun,0.35523520972857564,0.06453936315107885,0.35254725773396983,25.49,1,0.8,0.23
RENOVISOR,matrix_32_pos_0_1,2,det_26_novelty,0.3506380103458695,0.050369258574234764,0.3490609192486928,26.1,1,0.84,0.16
RENOVISOR,matrix_32_pos_0_1,2,det_21_rights_and_duties,0.3445557185248845,0.04062232921208376,0.3386587717612592,26.56,1,0.91,0.09
RENOVISOR,matrix_32_pos_0_1,2,det_18_autonomy,0.3444216421590679,0.03656333396500018,0.34167334463504717,26.82,1,0.89,0.08
RENOVISOR,matrix_32_pos_0_1,2,det_22_peer_pressure,0.3315542858770465,0.06604326358860524,0.32953845304964907,27.43,0.97,0.64,0.15
RENOVISOR,matrix_32_pos_0_1,2,det_29_trends,0.31716491132681013,0.06509692271117529,0.32114841186977444,28.02,0.95,0.62,0.08
RENOVISOR,matrix_32_pos_0_1,2,det_25_agreement,0.248884540994455,0.03564026471477533,0.24232771456922375,31.38,0.94,0.1,0
RENOVISOR,matrix_32_pos_0_1,3,det_14_environmental_concerns,0.726263390033344,0.0327385532845187,0.7290635322960689,1.87,1,1,1
RENOVISOR,matrix_32_pos_0_1,3,det_06_climate_protection,0.7247956552815747,0.0361101290604182,0.72699893270293,2,1,1,1
RENOVISOR,matrix_32_pos_0_1,3,det_28_recognition,0.6737261089053351,0.055472728214040305,0.6778156774512376,3.73,1,1,1
RENOVISOR,matrix_32_pos_0_1,3,det_30_authority,0.6570619169851093,0.04896699095182761,0.6611276932607867,4.3,1,1,1
RENOVISOR,matrix_32_pos_0_1,3,det_03_risk_profile,0.6232118759888854,0.036140485044844746,0.6244515458481298,5.56,1,1,1
RENOVISOR,matrix_32_pos_0_1,3,det_24_socialising,0.6164505943610217,0.05789894842957632,0.6166672184742616,6.21,1,1,1
RENOVISOR,matrix_32_pos_0_1,3,det_10_cost_efficiency,0.6033349118135118,0.04205825534919767,0.6079962849852003,6.39,1,1,1
RENOVISOR,matrix_32_pos_0_1,3,det_17_adherence,0.5500766152521871,0.03522082533546996,0.5551388426638494,9.41,1,1,1
RENOVISOR,matrix_32_pos_0_1,3,det_05_frugality,0.5359991446220442,0.04002631458560404,0.5359230152320535,10.69,1,1,1
RENOVISOR,matrix_32_pos_0_1,3,det_07_legal,0.52575895081639,0.04293007205230243,0.5274730652904819,11.3,1,1,0.99
RENOVISOR,matrix_32_pos_0_1,3,det_09_safety,0.5192794508354395,0.04374318578030551,0.5258329778185542,11.9,1,1,0.99
RENOVISOR,matrix_32_pos_0_1,3,det_13_technical_fit,0.49655272723835703,0.05194042413150518,0.5004347780041718,13.79,1,1,0.96
RENOVISOR,matrix_32_pos_0_1,3,det_08_trust,0.49207982323524063,0.04439201768783597,0.49712846629888313,14.44,1,1,0.97
RENOVISOR,matrix_32_pos_0_1,3,det_11_knowledge,0.48490222170591296,0.03724790283963033,0.4884327818645245,15.09,1,1,0.98
RENOVISOR,matrix_32_pos_0_1,3,det_15_self_satisfaction,0.48312793183545,0.046615666051397636,0.4854177058686416,15.33,1,1,0.96
RENOVISOR,matrix_32_pos_0_1,3,det_27_fun,0.4761597274253276,0.05656668563287471,0.47775703095244804,16,1,1,0.89
RENOVISOR,matrix_32_pos_0_1,3,det_31_approval,0.4598873153377375,0.07230814487432906,0.46814348987554577,17.39,1,1,0.75
RENOVISOR,matrix_32_pos_0_1,3,det_23_support,0.45565098280647315,0.04203989125499799,0.44731942145849973,17.48,1,1,0.95
RENOVISOR,matrix_32_pos_0_1,3,det_19_wellbeing,0.454607865596029,0.040502094398221805,0.45370200884280476,17.85,1,1,0.92
RENOVISOR,matrix_32_pos_0_1,3,det_20_coziness,0.4408785243201746,0.04676973279457788,0.44201327666970486,19,1,1,0.82
RENOVISOR,matrix_32_pos_0_1,3,det_01_profits,0.41085966042544403,0.040196200082502215,0.40865707329617706,21.93,1,1,0.6
RENOVISOR,matrix_32_pos_0_1,3,det_26_novelty,0.4026847540972344,0.05868549281601341,0.3975347800111424,22.66,1,0.96,0.47
RENOVISOR,matrix_32_pos_0_1,3,det_16_commitment,0.401416508936584,0.046973531107215666,0.4011364236528464,22.7,1,0.99,0.52
RENOVISOR,matrix_32_pos_0_1,3,det_21_rights_and_duties,0.3807533726254772,0.03961936546370608,0.3763877204489411,24.5,1,0.98,0.27
RENOVISOR,matrix_32_pos_0_1,3,det_22_peer_pressure,0.37152752079567175,0.0708729307401625,0.37038984059909086,24.79,1,0.89,0.35
RENOVISOR,matrix_32_pos_0_1,3,det_02_credit_score,0.3707687019089804,0.04304955104371191,0.3805816235283117,25.39,1,0.95,0.28
RENOVISOR,matrix_32_pos_0_1,3,det_29_trends,0.37055573030997185,0.07082550046060171,0.37493151859753693,24.76,1,0.83,0.34
RENOVISOR,matrix_32_pos_0_1,3,det_32_own_significance,0.3616663354951974,0.035233208311744924,0.3637644627900949,25.98,1,0.96,0.13
RENOVISOR,matrix_32_pos_0_1,3,det_12_own_competence,0.3482324508975875,0.03666166861720141,0.3430481054216809,27.33,1,0.9,0.08
RENOVISOR,matrix_32_pos_0_1,3,det_18_autonomy,0.3284619388695549,0.036276809697955825,0.32346075962528276,28.79,1,0.78,0.03
RENOVISOR,matrix_32_pos_0_1,3,det_04_added_value,0.3235158842657987,0.04588656076662658,0.324962537055436,28.49,1,0.67,0.06
RENOVISOR,matrix_32_pos_0_1,3,det_25_agreement,0.2751822801808103,0.04645975045811372,0.2706959649271644,30.95,0.97,0.27,0
RENOVISOR,matrix_32_pos_0_1,4,det_06_climate_protection,0.7404630207149124,0.03938796321112424,0.7402482525178671,1.67,1,1,1
RENOVISOR,matrix_32_pos_0_1,4,det_14_environmental_concerns,0.7300802304611607,0.03630206655377215,0.730638347903133,2.03,1,1,1
RENOVISOR,matrix_32_pos_0_1,4,det_28_recognition,0.6619526929099261,0.06654078907518979,0.6781747099545258,4.46,1,1,1
RENOVISOR,matrix_32_pos_0_1,4,det_30_authority,0.6136263824652444,0.09070273467139776,0.6246887174037385,7.12,1,1,1
RENOVISOR,matrix_32_pos_0_1,4,det_03_risk_profile,0.5864428581654249,0.0760800355491963,0.596616711041878,8.14,1,1,0.99
RENOVISOR,matrix_32_pos_0_1,4,det_24_socialising,0.5857325238748777,0.06729520074307944,0.5862274730526079,7.78,1,1,0.99
RENOVISOR,matrix_32_pos_0_1,4,det_10_cost_efficiency,0.5745040402669319,0.09453582673479369,0.5925365880642199,8.92,1,1,0.92
RENOVISOR,matrix_32_pos_0_1,4,det_07_legal,0.5433392131228594,0.09675473319974234,0.5372777077299891,10.76,1,1,0.91
RENOVISOR,matrix_32_pos_0_1,4,det_05_frugality,0.5229136055180599,0.08036865623177945,0.5254896642849012,11.76,1,1,0.92
RENOVISOR,matrix_32_pos_0_1,4,det_31_approval,0.5023990566026265,0.08616915685923424,0.4964895012244016,13.09,1,0.99,0.87
RENOVISOR,matrix_32_pos_0_1,4,det_17_adherence,0.49610342808777247,0.07887185510834054,0.5035314002513145,13.67,1,1,0.88
RENOVISOR,matrix_32_pos_0_1,4,det_15_self_satisfaction,0.4728643826819865,0.08365154154638703,0.4692463492620515,14.9,1,0.99,0.8
RENOVISOR,matrix_32_pos_0_1,4,det_21_rights_and_duties,0.4723190394266317,0.0978212293855686,0.45667482017196237,16.14,1,0.98,0.7
RENOVISOR,matrix_32_pos_0_1,4,det_09_safety,0.465708006121668,0.09566628656065436,0.463463842771078,16.69,1,0.97,0.7
RENOVISOR,matrix_32_pos_0_1,4,det_20_coziness,0.4582487849477505,0.10203511036372098,0.4451409197199786,17.45,1,0.99,0.68
RENOVISOR,matrix_32_pos_0_1,4,det_11_knowledge,0.4559007607881539,0.07942719817883066,0.45544129125320665,16.51,1,0.98,0.73
RENOVISOR,matrix_32_pos_0_1,4,det_27_fun,0.4550313759805546,0.06785945058477358,0.4572098265174468,16.84,1,0.98,0.81
RENOVISOR,matrix_32_pos_0_1,4,det_23_support,0.4517747900197851,0.04742391317022493,0.440286678454909,17.08,1,1,0.9
RENOVISOR,matrix_32_pos_0_1,4,det_22_peer_pressure,0.4516785499541703,0.08992918930074412,0.44652987327946364,17.33,1,0.94,0.7
RENOVISOR,matrix_32_pos_0_1,4,det_19_wellbeing,0.4416296810770298,0.09067897867177022,0.44205034069116833,18.51,1,0.95,0.72
RENOVISOR,matrix_32_pos_0_1,4,det_13_technical_fit,0.4367208764718832,0.07952443642286117,0.43344690040307,18.2,1,0.96,0.66
RENOVISOR,matrix_32_pos_0_1,4,det_01_profits,0.4252720348373167,0.07098582054452969,0.4101644224105784,19.41,1,0.99,0.58
RENOVISOR,matrix_32_pos_0_1,4,det_08_trust,0.40257082128205834,0.06726129536148365,0.3970066886906117,21.77,1,0.96,0.48
RENOVISOR,matrix_32_pos_0_1,4,det_16_commitment,0.394305477398297,0.06378677482507257,0.3971535744761132,22.14,1,0.93,0.48
RENOVISOR,matrix_32_pos_0_1,4,det_18_autonomy,0.3791271088873198,0.06709685855415658,0.3691481286417603,23.38,1,0.91,0.36
RENOVISOR,matrix_32_pos_0_1,4,det_26_novelty,0.3736629746256569,0.06145891870693541,0.37139107588147036,24,1,0.88,0.32
RENOVISOR,matrix_32_pos_0_1,4,det_32_own_significance,0.371698874125187,0.045799849506518844,0.37117959988442895,24.25,1,0.96,0.27
RENOVISOR,matrix_32_pos_0_1,4,det_29_trends,0.35727726472381127,0.0791319845145677,0.365786714177293,24.69,0.98,0.76,0.34
RENOVISOR,matrix_32_pos_0_1,4,det_02_credit_score,0.34475757550188335,0.061717183052509464,0.3388912215722557,26.52,1,0.76,0.18
RENOVISOR,matrix_32_pos_0_1,4,det_12_own_competence,0.34464191286311,0.054921736334201283,0.3389352789508447,26.65,1,0.81,0.14
RENOVISOR,matrix_32_pos_0_1,4,det_04_added_value,0.3257373982524704,0.04825032698333469,0.321284946002372,27.87,1,0.68,0.07
RENOVISOR,matrix_32_pos_0_1,4,det_25_agreement,0.3141631601331736,0.06549512943049304,0.30828733084007354,28.27,0.97,0.57,0.11
RENOVISOR,matrix_32_pos_0_1,5,det_06_climate_protection,0.7658227516451864,0.04775558904438928,0.7705156116659542,1.75,1,1,1
RENOVISOR,matrix_32_pos_0_1,5,det_14_environmental_concerns,0.7444346563187358,0.04458346884262323,0.7503075707411436,2.29,1,1,1
RENOVISOR,matrix_32_pos_0_1,5,det_28_recognition,0.6351517439426584,0.08499808997686281,0.6509765043987208,6.35,1,1,0.98
RENOVISOR,matrix_32_pos_0_1,5,det_10_cost_efficiency,0.617307272230953,0.12118110299790884,0.6271882182898156,7.79,1,1,0.95
RENOVISOR,matrix_32_pos_0_1,5,det_20_coziness,0.5874107063721501,0.15938650462038328,0.5962612286109457,9.87,1,0.99,0.85
RENOVISOR,matrix_32_pos_0_1,5,det_03_risk_profile,0.5701359403734368,0.10278121760760628,0.5769867349168638,9.5,1,0.99,0.93
RENOVISOR,matrix_32_pos_0_1,5,det_30_authority,0.5646453400576208,0.10461037668525966,0.5784188812741711,10.11,1,1,0.93
RENOVISOR,matrix_32_pos_0_1,5,det_05_frugality,0.5594322542096792,0.09356766135538848,0.5710835900296087,10.18,1,1,0.9
RENOVISOR,matrix_32_pos_0_1,5,det_07_legal,0.5557003685535677,0.1193518915577557,0.5737743278086345,10.71,1,0.99,0.86
RENOVISOR,matrix_32_pos_0_1,5,det_24_socialising,0.5467385749938048,0.08143923926294457,0.5546169087346302,10.37,1,1,0.97
RENOVISOR,matrix_32_pos_0_1,5,det_31_approval,0.5310666102263802,0.09067248340626273,0.5333057786002584,11.27,1,1,0.91
RENOVISOR,matrix_32_pos_0_1,5,det_21_rights_and_duties,0.5081231672365558,0.09755260645773253,0.5126133678816979,12.98,1,1,0.83
RENOVISOR,matrix_32_pos_0_1,5,det_19_wellbeing,0.4966046546967981,0.13136374744815096,0.5218816838837022,14.57,1,0.89,0.76
RENOVISOR,matrix_32_pos_0_1,5,det_22_peer_pressure,0.48808326011869396,0.10244928781221092,0.48364063894827725,14.27,1,0.98,0.75
RENOVISOR,matrix_32_pos_0_1,5,det_01_profits,0.4580233258754322,0.08564320439146092,0.44659962990621915,16.14,1,1,0.72
RENOVISOR,matrix_32_pos_0_1,5,det_23_support,0.4502702159487482,0.06058970365642234,0.44614576210918744,16.34,1,1,0.81
RENOVISOR,matrix_32_pos_0_1,5,det_17_adherence,0.4413824711507276,0.09456597321444213,0.4424417847538319,17.48,1,0.95,0.63
RENOVISOR,matrix_32_pos_0_1,5,det_27_fun,0.42823273676113466,0.07053336669925644,0.4224440683897903,18.15,1,0.96,0.67
RENOVISOR,matrix_32_pos_0_1,5,det_09_safety,0.42334123798479306,0.07598930357579477,0.4213837770920803,18.56,1,0.95,0.61
RENOVISOR,matrix_32_pos_0_1,5,det_15_self_satisfaction,0.40904358704202187,0.0770500356128176,0.4074383084099317,19.77,1,0.93,0.53
RENOVISOR,matrix_32_pos_0_1,5,det_11_knowledge,0.4071397478621874,0.07003674109532877,0.40639997312171916,19.9,1,0.93,0.53
RENOVISOR,matrix_32_pos_0_1,5,det_16_commitment,0.39561294364501687,0.08287899777176093,0.37683260755223924,21.12,1,0.91,0.4
RENOVISOR,matrix_32_pos_0_1,5,det_32_own_significance,0.3730157603119238,0.05204931463580476,0.3675829870543167,22.89,1,0.93,0.34
RENOVISOR,matrix_32_pos_0_1,5,det_13_technical_fit,0.36756385441004685,0.06416647083830068,0.36488157328890847,23.07,1,0.86,0.31
RENOVISOR,matrix_32_pos_0_1,5,det_18_autonomy,0.358321176000817,0.07834770793227058,0.3512390967743446,23.97,1,0.76,0.26
RENOVISOR,matrix_32_pos_0_1,5,det_02_credit_score,0.356127419034195,0.08364293655771671,0.355370332328335,23.87,1,0.71,0.29
RENOVISOR,matrix_32_pos_0_1,5,det_29_trends,0.3547751968305446,0.07766436306269839,0.3603826024431892,24.22,0.98,0.75,0.28
RENOVISOR,matrix_32_pos_0_1,5,det_08_trust,0.3544337041826494,0.06355929048934257,0.3439154809313224,24.27,1,0.78,0.24
RENOVISOR,matrix_32_pos_0_1,5,det_26_novelty,0.3485433720254353,0.06506036523855477,0.3501059595358839,24.79,1,0.75,0.23
RENOVISOR,matrix_32_pos_0_1,5,det_12_own_competence,0.32838759576758125,0.06337544944767279,0.3166010167381351,26.45,1,0.67,0.14
RENOVISOR,matrix_32_pos_0_1,5,det_04_added_value,0.32599978695996723,0.047004973103283144,0.32553783275072123,26.72,1,0.71,0.05
RENOVISOR,matrix_32_pos_0_1,5,det_25_agreement,0.30752048936093124,0.05621871471339902,0.30295089130289327,28.28,0.99,0.52,0.06
RENOVISOR,matrix_32_pos_0_1,6,det_06_climate_protection,0.7797400749936766,0.0582937801002686,0.7859496676543745,2.03,1,1,1
RENOVISOR,matrix_32_pos_0_1,6,det_14_environmental_concerns,0.7643981763057944,0.05661612680676307,0.7667953857363955,2.34,1,1,1
RENOVISOR,matrix_32_pos_0_1,6,det_20_coziness,0.6755289956499482,0.12321708084110855,0.7068057198383824,5.74,1,1,0.96
RENOVISOR,matrix_32_pos_0_1,6,det_10_cost_efficiency,0.6711839448640274,0.12229456055924426,0.6725337027708915,6.25,1,1,0.95
RENOVISOR,matrix_32_pos_0_1,6,det_28_recognition,0.6162701496187093,0.0931696097441537,0.6433153402041647,7.68,1,1,0.97
RENOVISOR,matrix_32_pos_0_1,6,det_07_legal,0.5979885230389979,0.12353206641213747,0.6074018310453436,8.9,1,0.98,0.93
RENOVISOR,matrix_32_pos_0_1,6,det_19_wellbeing,0.5622210259698227,0.10404084102782321,0.5763808807514779,10.49,1,0.99,0.91
RENOVISOR,matrix_32_pos_0_1,6,det_05_frugality,0.5544940360225359,0.09275061351440389,0.557825551817589,10.75,1,1,0.94
RENOVISOR,matrix_32_pos_0_1,6,det_21_rights_and_duties,0.5476347047349446,0.09422202282073401,0.5506440106292598,10.94,1,0.99,0.93
RENOVISOR,matrix_32_pos_0_1,6,det_31_approval,0.5400521956817772,0.10723762350642556,0.5518168937967152,11.37,1,1,0.87
RENOVISOR,matrix_32_pos_0_1,6,det_30_authority,0.5257459852031721,0.10621718943066606,0.5348659589719262,12.47,1,1,0.84
RENOVISOR,matrix_32_pos_0_1,6,det_24_socialising,0.5167463266029008,0.08967519465799989,0.527632275574131,12.53,1,0.99,0.92
RENOVISOR,matrix_32_pos_0_1,6,det_22_peer_pressure,0.5099208283470441,0.10917573047662849,0.5189057876358782,13.36,1,0.98,0.8
RENOVISOR,matrix_32_pos_0_1,6,det_03_risk_profile,0.5090228024970189,0.11302638356995691,0.5140447651846647,13.56,1,1,0.8
RENOVISOR,matrix_32_pos_0_1,6,det_01_profits,0.4769302505413993,0.08522764605484263,0.4777105506624114,14.74,1,0.99,0.82
RENOVISOR,matrix_32_pos_0_1,6,det_23_support,0.4513700531415375,0.06688060489408286,0.4372701722809097,16.33,1,0.99,0.81
RENOVISOR,matrix_32_pos_0_1,6,det_09_safety,0.43240866631813385,0.08080334821307582,0.416480738054554,17.78,1,0.99,0.59
RENOVISOR,matrix_32_pos_0_1,6,det_16_commitment,0.43164181836260995,0.10416405611712316,0.4215263248491944,18.23,1,0.92,0.58
RENOVISOR,matrix_32_pos_0_1,6,det_17_adherence,0.40052309545720777,0.09994340514279666,0.38647032810270054,20.17,1,0.86,0.44
RENOVISOR,matrix_32_pos_0_1,6,det_27_fun,0.4001492263183722,0.0728981041886391,0.39523730280137,20.05,1,0.93,0.48
RENOVISOR,matrix_32_pos_0_1,6,det_15_self_satisfaction,0.39732210521939865,0.08794463033411884,0.3838634042393815,20.35,1,0.87,0.46
RENOVISOR,matrix_32_pos_0_1,6,det_11_knowledge,0.3678056380286472,0.07555533936494244,0.3655479643364218,22.95,1,0.81,0.33
RENOVISOR,matrix_32_pos_0_1,6,det_13_technical_fit,0.3583670559027982,0.07446608794192851,0.3470738956573909,23.44,1,0.77,0.29
RENOVISOR,matrix_32_pos_0_1,6,det_32_own_significance,0.35522913670751705,0.0571808209285939,0.34782826451165605,23.86,1,0.83,0.21
RENOVISOR,matrix_32_pos_0_1,6,det_08_trust,0.3552054364216538,0.059368709866097935,0.34997413313409165,23.79,1,0.82,0.27
RENOVISOR,matrix_32_pos_0_1,6,det_18_autonomy,0.35469819576736134,0.0784575517523079,0.336476281334223,23.93,1,0.7,0.31
RENOVISOR,matrix_32_pos_0_1,6,det_29_trends,0.3516438943954284,0.07724392211852439,0.3463533053024669,24.08,0.99,0.72,0.29
RENOVISOR,matrix_32_pos_0_1,6,det_12_own_competence,0.34528802414223997,0.07367634985382077,0.3400087600982432,24.53,1,0.68,0.21
RENOVISOR,matrix_32_pos_0_1,6,det_02_credit_score,0.3440357259467115,0.07321989695919402,0.34502909324218467,24.59,0.98,0.71,0.22
RENOVISOR,matrix_32_pos_0_1,6,det_26_novelty,0.3356553677625677,0.07064164511110281,0.3246008719843385,25.26,0.99,0.63,0.18
RENOVISOR,matrix_32_pos_0_1,6,det_04_added_value,0.3149550592319382,0.05364899380493416,0.3120936993038247,26.99,1,0.57,0.06
RENOVISOR,matrix_32_pos_0_1,6,det_25_agreement,0.29623854179554066,0.05480981550561812,0.2864059652133498,28.52,0.99,0.39,0.04
RENOVISOR,matrix_32_pos_0_1,7,det_06_climate_protection,0.791696648444518,0.05284447195156747,0.7897656145626706,2.25,1,1,1
RENOVISOR,matrix_32_pos_0_1,7,det_14_environmental_concerns,0.7893403135914422,0.053791748014548904,0.793932855982669,2.37,1,1,1
RENOVISOR,matrix_32_pos_0_1,7,det_10_cost_efficiency,0.7172487283598429,0.08935588801374983,0.730671304115073,4.59,1,1,0.98
RENOVISOR,matrix_32_pos_0_1,7,det_20_coziness,0.712289562015522,0.11132704726743751,0.7281514842514475,5.04,1,1,0.97
RENOVISOR,matrix_32_pos_0_1,7,det_07_legal,0.6562993916443224,0.10429911093848242,0.6664747127918558,6.85,1,1,0.97
RENOVISOR,matrix_32_pos_0_1,7,det_28_recognition,0.5985368031514147,0.10380665571648046,0.6273372942890201,9.14,1,1,0.94
RENOVISOR,matrix_32_pos_0_1,7,det_19_wellbeing,0.5943987700885249,0.09735676237446086,0.5892694952558821,9.22,1,0.99,0.96
RENOVISOR,matrix_32_pos_0_1,7,det_21_rights_and_duties,0.5901305315164875,0.10218183811182027,0.5974940553859153,9.3,1,0.99,0.96
RENOVISOR,matrix_32_pos_0_1,7,det_22_peer_pressure,0.5431029634250079,0.12171800874516078,0.5448485434665238,11.97,1,0.97,0.89
RENOVISOR,matrix_32_pos_0_1,7,det_05_frugality,0.5401097530125133,0.0887408854747028,0.5380525761673276,11.63,1,0.99,0.93
RENOVISOR,matrix_32_pos_0_1,7,det_31_approval,0.5378590197191021,0.1146031622225574,0.5443985220333767,12.1,1,0.98,0.88
RENOVISOR,matrix_32_pos_0_1,7,det_30_authority,0.4962120434926855,0.11244440549560604,0.47137000369034054,14.65,1,0.99,0.76
RENOVISOR,matrix_32_pos_0_1,7,det_01_profits,0.4899178163970754,0.07377750942865549,0.4907301604550408,14.04,1,1,0.88
RENOVISOR,matrix_32_pos_0_1,7,det_16_commitment,0.4857052959944229,0.11801813306254931,0.4768866394235895,15.06,1,0.96,0.74
RENOVISOR,matrix_32_pos_0_1,7,det_24_socialising,0.4769243776932328,0.10214375350195011,0.4701308402392532,15.32,1,0.99,0.71
RENOVISOR,matrix_32_pos_0_1,7,det_03_risk_profile,0.45897174424236137,0.08816721831153433,0.448876947020724,16.22,1,1,0.72
RENOVISOR,matrix_32_pos_0_1,7,det_09_safety,0.44197890916966187,0.10010847050885334,0.4217613399632808,17.29,1,0.98,0.67
RENOVISOR,matrix_32_pos_0_1,7,det_23_support,0.44001371609624745,0.06878838595329684,0.4294057535885736,17.28,1,1,0.72
RENOVISOR,matrix_32_pos_0_1,7,det_15_self_satisfaction,0.4135119811114728,0.08460352347227011,0.4098294861649605,19.47,1,0.92,0.52
RENOVISOR,matrix_32_pos_0_1,7,det_17_adherence,0.3892070449013891,0.08627712266128315,0.3756238461584894,21.06,1,0.85,0.37
RENOVISOR,matrix_32_pos_0_1,7,det_27_fun,0.37918246753533563,0.08648868262390018,0.3609872703196119,21.98,1,0.89,0.3
RENOVISOR,matrix_32_pos_0_1,7,det_11_knowledge,0.36578803199200755,0.07889743695314747,0.3592860169347768,22.69,1,0.85,0.31
RENOVISOR,matrix_32_pos_0_1,7,det_13_technical_fit,0.3646358860369027,0.08398390382744268,0.355826614800163,22.74,1,0.74,0.31
RENOVISOR,matrix_32_pos_0_1,7,det_18_autonomy,0.35284664998181736,0.0668775008392839,0.34644749134554853,23.69,1,0.74,0.21
RENOVISOR,matrix_32_pos_0_1,7,det_29_trends,0.352096412205499,0.08449231374026504,0.3321975235776885,24.08,0.99,0.69,0.28
RENOVISOR,matrix_32_pos_0_1,7,det_32_own_significance,0.35095058119627087,0.07295736050017668,0.3389297971015436,23.98,1,0.76,0.19
RENOVISOR,matrix_32_pos_0_1,7,det_12_own_competence,0.34939386879720585,0.07560804507949857,0.34106786321945637,24.06,1,0.72,0.22
RENOVISOR,matrix_32_pos_0_1,7,det_08_trust,0.3492990456984714,0.05856542355514147,0.33938175213924227,24.07,1,0.79,0.22
RENOVISOR,matrix_32_pos_0_1,7,det_02_credit_score,0.34103289394744685,0.08102178129703204,0.32369536447636976,24.54,0.98,0.64,0.23
RENOVISOR,matrix_32_pos_0_1,7,det_26_novelty,0.3364856242200684,0.08089551015799512,0.3307011049920776,24.73,0.99,0.63,0.24
RENOVISOR,matrix_32_pos_0_1,7,det_04_added_value,0.30371185297593206,0.05623690230003329,0.2896172389994347,27.5,1,0.44,0.06
RENOVISOR,matrix_32_pos_0_1,7,det_25_agreement,0.27983941748988134,0.053509188970503274,0.2801851712724922,29.09,0.96,0.29,0.03
RENOVISOR,matrix_32_pos_0_1,8,det_14_environmental_concerns,0.8014525215245233,0.06354937863404865,0.8074322417447355,2.47,1,1,1
RENOVISOR,matrix_32_pos_0_1,8,det_06_climate_protection,0.7845767963340846,0.060432812154650885,0.7873439305012189,2.76,1,1,1
RENOVISOR,matrix_32_pos_0_1,8,det_20_coziness,0.7241670373971197,0.0961162390826264,0.7350415438491451,4.76,1,1,0.99
RENOVISOR,matrix_32_pos_0_1,8,det_10_cost_efficiency,0.7161368872509353,0.09228298200763889,0.7306203335315158,5.31,1,1,1
RENOVISOR,matrix_32_pos_0_1,8,det_07_legal,0.6939034623612161,0.09965191267466432,0.6887380595569612,5.83,1,1,1
RENOVISOR,matrix_32_pos_0_1,8,det_21_rights_and_duties,0.6312800264340453,0.09926053156571839,0.63322516904338,7.98,1,1,0.98
RENOVISOR,matrix_32_pos_0_1,8,det_19_wellbeing,0.5943598245478879,0.09114975437421621,0.5828821784724498,9.44,1,0.99,0.98
RENOVISOR,matrix_32_pos_0_1,8,det_22_peer_pressure,0.5878551969005295,0.14348534353190673,0.5951492578028927,10.53,1,0.97,0.89
RENOVISOR,matrix_32_pos_0_1,8,det_28_recognition,0.553254500531538,0.12224387122564252,0.5624545345013232,11.88,1,1,0.84
RENOVISOR,matrix_32_pos_0_1,8,det_05_frugality,0.5328658392991085,0.08586967549721021,0.5324332716560589,12.11,1,1,0.95
RENOVISOR,matrix_32_pos_0_1,8,det_31_approval,0.5267561843271855,0.12124255486201184,0.5217276861027556,12.99,1,1,0.82
RENOVISOR,matrix_32_pos_0_1,8,det_16_commitment,0.5019879905044049,0.13296251156302044,0.5050269912220393,14.81,1,0.97,0.74
RENOVISOR,matrix_32_pos_0_1,8,det_30_authority,0.49968339774944653,0.12767728807487555,0.4686728018619522,14.73,1,0.98,0.72
RENOVISOR,matrix_32_pos_0_1,8,det_01_profits,0.4930182581889277,0.0771070246542874,0.5046508700400438,14.41,1,1,0.87
RENOVISOR,matrix_32_pos_0_1,8,det_24_socialising,0.4504130126738661,0.11452064414333443,0.43228413006800237,17.21,1,0.92,0.58
RENOVISOR,matrix_32_pos_0_1,8,det_03_risk_profile,0.4474098450142601,0.09122937392626439,0.4415540006433392,17.29,1,0.97,0.64
RENOVISOR,matrix_32_pos_0_1,8,det_09_safety,0.4467118586342683,0.0999482028523971,0.4306559517497006,17.26,1,0.98,0.64
RENOVISOR,matrix_32_pos_0_1,8,det_23_support,0.44284410307003597,0.06967448768649219,0.4314575210171548,17.11,1,0.99,0.79
RENOVISOR,matrix_32_pos_0_1,8,det_17_adherence,0.41036825928824744,0.1010977767179792,0.3860785976041763,19.86,1,0.83,0.46
RENOVISOR,matrix_32_pos_0_1,8,det_27_fun,0.4071258147978164,0.1195805589892366,0.38618852499047396,20.3,1,0.81,0.45
RENOVISOR,matrix_32_pos_0_1,8,det_15_self_satisfaction,0.40102956383176236,0.10453945894111205,0.3965774515384535,20.36,1,0.84,0.48
RENOVISOR,matrix_32_pos_0_1,8,det_13_technical_fit,0.38994520969531216,0.10487834977067045,0.38349321331092184,21.38,0.99,0.79,0.42
RENOVISOR,matrix_32_pos_0_1,8,det_11_knowledge,0.3618713131629113,0.08156425262185564,0.34372380585480145,23.13,1,0.76,0.28
RENOVISOR,matrix_32_pos_0_1,8,det_02_credit_score,0.36049896051855873,0.1151359893794044,0.3394071303048395,23.29,1,0.69,0.25
RENOVISOR,matrix_32_pos_0_1,8,det_32_own_significance,0.34919097322329445,0.09166717729682457,0.3259560126079742,24.23,1,0.68,0.19
RENOVISOR,matrix_32_pos_0_1,8,det_18_autonomy,0.34772598650855874,0.06874004743583516,0.33967974934922907,23.86,0.99,0.72,0.26
RENOVISOR,matrix_32_pos_0_1,8,det_26_novelty,0.3433468117262161,0.11641162286358812,0.32895031913062195,24.6,0.97,0.63,0.24
RENOVISOR,matrix_32_pos_0_1,8,det_29_trends,0.34289537384057794,0.08399046189220896,0.33580426744535175,24.34,0.98,0.68,0.22
RENOVISOR,matrix_32_pos_0_1,8,det_08_trust,0.3396632154850188,0.057746554742787455,0.33393102334975644,24.63,1,0.78,0.12
RENOVISOR,matrix_32_pos_0_1,8,det_12_own_competence,0.33637066003622124,0.07022934510574777,0.3285777568463186,24.78,0.99,0.65,0.21
RENOVISOR,matrix_32_pos_0_1,8,det_04_added_value,0.3156817042088808,0.08015032960398988,0.29596537343005336,26.14,0.98,0.49,0.12
RENOVISOR,matrix_32_pos_0_1,8,det_25_agreement,0.28800572402018787,0.0636306886734542,0.2784796783721534,28.22,0.94,0.33,0.05
RENOVISOR,matrix_32_raw_0_1,2,det_24_socialising,0.7211933702505091,0.02747656647439938,0.7248907706402752,1.27,1,1,1
RENOVISOR,matrix_32_raw_0_1,2,det_28_recognition,0.6711589989289668,0.054394612676193936,0.6763570050739534,2.56,1,1,1
RENOVISOR,matrix_32_raw_0_1,2,det_30_authority,0.6389382794274882,0.0348940723972092,0.637966915063769,3.3,1,1,1
RENOVISOR,matrix_32_raw_0_1,2,det_31_approval,0.5984314740285619,0.047182928907667426,0.6087583254071198,5.25,1,1,1
RENOVISOR,matrix_32_raw_0_1,2,det_03_risk_profile,0.5594499292304258,0.056857076218244526,0.5653667072780448,7.22,1,1,0.99
RENOVISOR,matrix_32_raw_0_1,2,det_29_trends,0.5556571131216317,0.03934522538875831,0.5587277677336722,7.06,1,1,1
RENOVISOR,matrix_32_raw_0_1,2,det_23_support,0.5378494834625948,0.07173338615165986,0.53644268849112,9.04,1,1,0.98
RENOVISOR,matrix_32_raw_0_1,2,det_17_adherence,0.5336124299098803,0.03948006459507466,0.5334572585992478,8.52,1,1,1
RENOVISOR,matrix_32_raw_0_1,2,det_10_cost_efficiency,0.5303680439220775,0.06506347325543438,0.5311147488768095,9.69,1,1,0.96
RENOVISOR,matrix_32_raw_0_1,2,det_05_frugality,0.49112587849054384,0.05814825139426685,0.4942235827301538,12.87,1,1,0.92
RENOVISOR,matrix_32_raw_0_1,2,det_07_legal,0.47881411438399635,0.05301649575003094,0.4872641944513145,13.67,1,1,0.91
RENOVISOR,matrix_32_raw_0_1,2,det_26_novelty,0.47758379326983885,0.0426564506753632,0.4753722281439865,13.98,1,1,0.96
RENOVISOR,matrix_32_raw_0_1,2,det_27_fun,0.47324995236915496,0.048588878182288256,0.48028254632251216,14.08,1,1,0.95
RENOVISOR,matrix_32_raw_0_1,2,det_11_knowledge,0.46479995515037303,0.03998987935698841,0.4683314465986151,14.69,1,1,0.94
RENOVISOR,matrix_32_raw_0_1,2,det_22_peer_pressure,0.46339273256230795,0.04695196264783911,0.4600911603108141,15,1,1,0.88
RENOVISOR,matrix_32_raw_0_1,2,det_32_own_significance,0.4591362870889368,0.045668901043504836,0.4570403336311777,15.79,1,1,0.89
RENOVISOR,matrix_32_raw_0_1,2,det_15_self_satisfaction,0.45543733354754273,0.049643292309431715,0.45517047213930784,15.62,1,1,0.85
RENOVISOR,matrix_32_raw_0_1,2,det_09_safety,0.4489626869004592,0.0458660252269946,0.4525416984311441,16.72,1,1,0.85
RENOVISOR,matrix_32_raw_0_1,2,det_13_technical_fit,0.42051911459187835,0.05033282835326203,0.4249952544374107,19.24,1,1,0.66
RENOVISOR,matrix_32_raw_0_1,2,det_20_coziness,0.41525866506212944,0.05590645290479521,0.4169945545451831,19.74,1,0.97,0.65
RENOVISOR,matrix_32_raw_0_1,2,det_19_wellbeing,0.41476686920884837,0.0401429589896083,0.42097061256589297,20.08,1,1,0.65
RENOVISOR,matrix_32_raw_0_1,2,det_08_trust,0.40313471672740625,0.06548011342545838,0.4188731373828435,20.99,1,0.93,0.57
RENOVISOR,matrix_32_raw_0_1,2,det_16_commitment,0.3892175935633707,0.06490840415588117,0.38793377903168313,22.33,1,0.93,0.44
RENOVISOR,matrix_32_raw_0_1,2,det_18_autonomy,0.36543044388554563,0.0472577783598863,0.36114036057801563,24.3,1,0.93,0.25
RENOVISOR,matrix_32_raw_0_1,2,det_01_profits,0.36290830636940885,0.07777423692422204,0.36313292579088063,23.67,0.98,0.8,0.35
RENOVISOR,matrix_32_raw_0_1,2,det_21_rights_and_duties,0.3550604341225742,0.06445565362928579,0.35895621375045683,24.64,1,0.75,0.29
RENOVISOR,matrix_32_raw_0_1,2,det_04_added_value,0.34209373977210783,0.05510984044821252,0.34882450379087876,25.61,1,0.74,0.12
RENOVISOR,matrix_32_raw_0_1,2,det_12_own_competence,0.3270988717075791,0.047297098955735195,0.32339698203659384,27.06,1,0.74,0.09
RENOVISOR,matrix_32_raw_0_1,2,det_06_climate_protection,0.3167094948418604,0.07459903725411449,0.304628407239652,26.63,0.96,0.53,0.15
RENOVISOR,matrix_32_raw_0_1,2,det_02_credit_score,0.3162575450658967,0.045635821926833145,0.3216652318790801,27.56,0.97,0.69,0.01
RENOVISOR,matrix_32_raw_0_1,2,det_14_environmental_concerns,0.2842028636329142,0.06700833569068722,0.27262525075616506,29.1,0.91,0.34,0.08
RENOVISOR,matrix_32_raw_0_1,2,det_25_agreement,0.24390634508725942,0.04367293839737965,0.24045906300657705,30.72,0.83,0.08,0
RENOVISOR,matrix_32_raw_0_1,3,det_06_climate_protection,0.7875595652844767,0.02883770434292116,0.7895668440614116,1.57,1,1,1
RENOVISOR,matrix_32_raw_0_1,3,det_28_recognition,0.7823281557118281,0.023849108411111257,0.7835068183088514,1.74,1,1,1
RENOVISOR,matrix_32_raw_0_1,3,det_14_environmental_concerns,0.7466442408361607,0.03422131256050297,0.7451860066085083,2.73,1,1,1
RENOVISOR,matrix_32_raw_0_1,3,det_30_authority,0.647768769918894,0.03230078140369729,0.6486315200218813,5.24,1,1,1
RENOVISOR,matrix_32_raw_0_1,3,det_24_socialising,0.6439020266965294,0.03666612997045162,0.6482847922223187,5.43,1,1,1
RENOVISOR,matrix_32_raw_0_1,3,det_31_approval,0.6188922867445871,0.039538830593483135,0.6211270878221657,6.67,1,1,1
RENOVISOR,matrix_32_raw_0_1,3,det_10_cost_efficiency,0.6004898848586908,0.0402138007609809,0.6027939109740752,7.37,1,1,1
RENOVISOR,matrix_32_raw_0_1,3,det_03_risk_profile,0.5903680968703346,0.042347606982253094,0.5997723049096957,8.08,1,1,1
RENOVISOR,matrix_32_raw_0_1,3,det_29_trends,0.5739569875187837,0.03822841442421245,0.5741473409487039,9.11,1,1,1
RENOVISOR,matrix_32_raw_0_1,3,det_23_support,0.5561209122849822,0.04032628029130038,0.5534540969887725,10.09,1,1,1
RENOVISOR,matrix_32_raw_0_1,3,det_27_fun,0.5300145571330114,0.04237601256914739,0.5271277396206355,11.95,1,1,1
RENOVISOR,matrix_32_raw_0_1,3,det_05_frugality,0.5256423841952741,0.04345991308379127,0.5293151070806994,12.32,1,1,0.99
RENOVISOR,matrix_32_raw_0_1,3,det_26_novelty,0.5074109159382647,0.04251984568404501,0.5076633358381536,13.67,1,1,0.98
RENOVISOR,matrix_32_raw_0_1,3,det_17_adherence,0.4948349229265318,0.04263116523835832,0.4955977501798876,14.47,1,1,0.98
RENOVISOR,matrix_32_raw_0_1,3,det_22_peer_pressure,0.46972674515025253,0.04267065451446406,0.47632915846486157,16.41,1,1,0.9
RENOVISOR,matrix_32_raw_0_1,3,det_01_profits,0.46574562833204625,0.04593527231084885,0.4631942373177482,16.93,1,1,0.93
RENOVISOR,matrix_32_raw_0_1,3,det_15_self_satisfaction,0.45647929534347037,0.04850896046023774,0.457420436325211,17.45,1,1,0.83
RENOVISOR,matrix_32_raw_0_1,3,det_20_coziness,0.43789840472218783,0.04962338839058565,0.4390004363054696,19.18,1,0.98,0.77
RENOVISOR,matrix_32_raw_0_1,3,det_07_legal,0.4369018646362303,0.04832302967653575,0.432331001546629,19.39,1,0.99,0.8
RENOVISOR,matrix_32_raw_0_1,3,det_11_knowledge,0.4358194428646967,0.039606742265234696,0.4349784543719983,19.45,1,1,0.81
RENOVISOR,matrix_32_raw_0_1,3,det_09_safety,0.42416985207770547,0.044879277498006465,0.42398013422547487,20.64,1,1,0.7
RENOVISOR,matrix_32_raw_0_1,3,det_19_wellbeing,0.41853425410933104,0.04227925872444058,0.4222113929762125,21.09,1,1,0.68
RENOVISOR,matrix_32_raw_0_1,3,det_13_technical_fit,0.39380400209077254,0.05544997901269918,0.39807850353107654,23.28,1,0.96,0.49
RENOVISOR,matrix_32_raw_0_1,3,det_08_trust,0.3807185426633759,0.034818416304801605,0.38049847066432296,24.19,1,1,0.25
RENOVISOR,matrix_32_raw_0_1,3,det_16_commitment,0.36665216798502215,0.03933698845967651,0.36303959657601576,25.57,1,0.98,0.19
RENOVISOR,matrix_32_raw_0_1,3,det_32_own_significance,0.3648772444700045,0.03411111009435724,0.3670403634546114,25.66,1,0.97,0.15
RENOVISOR,matrix_32_raw_0_1,3,det_18_autonomy,0.3569110156478839,0.04821600271877147,0.3550558432805919,26.32,1,0.9,0.18
RENOVISOR,matrix_32_raw_0_1,3,det_21_rights_and_duties,0.3512250176034063,0.04081448258366199,0.3479048281543213,26.59,1,0.9,0.12
RENOVISOR,matrix_32_raw_0_1,3,det_12_own_competence,0.34396630397875466,0.0453175973599774,0.34379986473614643,27.33,1,0.82,0.12
RENOVISOR,matrix_32_raw_0_1,3,det_02_credit_score,0.32911751125283134,0.041640353426981476,0.3342765040989374,28.38,0.99,0.8,0.01
RENOVISOR,matrix_32_raw_0_1,3,det_04_added_value,0.32524634177540956,0.045080780363521394,0.32212008076895615,28.45,1,0.71,0.09
RENOVISOR,matrix_32_raw_0_1,3,det_25_agreement,0.25391302724784265,0.04658432239141903,0.2494311336756393,31.25,0.89,0.15,0
RENOVISOR,matrix_32_raw_0_1,4,det_06_climate_protection,0.7845811924340573,0.03320782240620261,0.787883951544197,1.84,1,1,1
RENOVISOR,matrix_32_raw_0_1,4,det_28_recognition,0.7827191191827243,0.024727026564450198,0.7839789657996177,2,1,1,1
RENOVISOR,matrix_32_raw_0_1,4,det_14_environmental_concerns,0.7672236483900042,0.03978267309609555,0.7708875647102285,2.38,1,1,1
RENOVISOR,matrix_32_raw_0_1,4,det_31_approval,0.6679665653631182,0.04473833747555056,0.6708373215774235,5.24,1,1,1
RENOVISOR,matrix_32_raw_0_1,4,det_10_cost_efficiency,0.6626762450722437,0.08492096619667971,0.6821301331575911,6.2,1,1,1
RENOVISOR,matrix_32_raw_0_1,4,det_24_socialising,0.6294116251614094,0.03949538880038724,0.6286364358283644,6.69,1,1,1
RENOVISOR,matrix_32_raw_0_1,4,det_30_authority,0.6129490088396833,0.05006134257632985,0.6200292094906605,7.58,1,1,1
RENOVISOR,matrix_32_raw_0_1,4,det_03_risk_profile,0.6024208504040215,0.0659192672198131,0.6152620887693083,8.5,1,1,1
RENOVISOR,matrix_32_raw_0_1,4,det_29_trends,0.5687735993442766,0.04177771202028309,0.567159357699615,9.78,1,1,1
RENOVISOR,matrix_32_raw_0_1,4,det_23_support,0.5364034212984624,0.04382697233896675,0.5404840107708523,11.85,1,1,1
RENOVISOR,matrix_32_raw_0_1,4,det_05_frugality,0.5210182046174685,0.06920116464409783,0.5342813743356833,13.09,1,0.99,0.94
RENOVISOR,matrix_32_raw_0_1,4,det_22_peer_pressure,0.5069436287442781,0.04867960556324127,0.5134178719330025,13.97,1,1,0.96
RENOVISOR,matrix_32_raw_0_1,4,det_01_profits,0.48580805626718493,0.05922899936998386,0.4838932171479549,15.53,1,1,0.92
RENOVISOR,matrix_32_raw_0_1,4,det_27_fun,0.48416147174367363,0.04717598692383859,0.4913721518020032,15.39,1,1,0.95
RENOVISOR,matrix_32_raw_0_1,4,det_20_coziness,0.47809123375235424,0.09660836411487751,0.4751010439555519,16.51,1,0.98,0.77
RENOVISOR,matrix_32_raw_0_1,4,det_18_autonomy,0.471600630837279,0.07094505019841962,0.47500847888666103,16.37,1,0.99,0.85
RENOVISOR,matrix_32_raw_0_1,4,det_26_novelty,0.46713117833577555,0.04807806886837332,0.46548772553599194,16.81,1,1,0.91
RENOVISOR,matrix_32_raw_0_1,4,det_07_legal,0.4589454197704827,0.08965819196936495,0.4663128685149214,17.48,1,0.95,0.75
RENOVISOR,matrix_32_raw_0_1,4,det_15_self_satisfaction,0.4237808767902777,0.06267802818373557,0.42280039003081255,20.16,1,0.99,0.64
RENOVISOR,matrix_32_raw_0_1,4,det_16_commitment,0.41812944710861505,0.07666411471694695,0.4225585101808632,20.9,1,0.96,0.57
RENOVISOR,matrix_32_raw_0_1,4,det_19_wellbeing,0.41698462872149283,0.08355322043778236,0.41424080796723406,21.25,1,0.93,0.6
RENOVISOR,matrix_32_raw_0_1,4,det_21_rights_and_duties,0.41024514971232345,0.06626326801301809,0.40623937899997176,21.04,1,0.95,0.55
RENOVISOR,matrix_32_raw_0_1,4,det_11_knowledge,0.38759978023146047,0.07228911119854307,0.3915284135720783,23.19,1,0.85,0.45
RENOVISOR,matrix_32_raw_0_1,4,det_17_adherence,0.3866555751033457,0.06875752742158689,0.3687463295985288,23.05,1,0.94,0.36
RENOVISOR,matrix_32_raw_0_1,4,det_32_own_significance,0.3811984158149066,0.051670779547201,0.3744901307786936,23.74,1,0.98,0.33
RENOVISOR,matrix_32_raw_0_1,4,det_09_safety,0.3727827745273529,0.07307250166124667,0.3731673315631193,23.96,1,0.85,0.32
RENOVISOR,matrix_32_raw_0_1,4,det_13_technical_fit,0.3719985832930246,0.06741026983343043,0.3629295601482612,24.38,1,0.87,0.36
RENOVISOR,matrix_32_raw_0_1,4,det_08_trust,0.35673692995141326,0.04577168525006202,0.35560175030338154,25.33,1,0.87,0.17
RENOVISOR,matrix_32_raw_0_1,4,det_25_agreement,0.32958342499268173,0.05593302085582872,0.33005900410589745,27.24,1,0.66,0.13
RENOVISOR,matrix_32_raw_0_1,4,det_02_credit_score,0.31791027930378635,0.0524770558112611,0.3250922810669651,27.89,0.99,0.69,0.03
RENOVISOR,matrix_32_raw_0_1,4,det_12_own_competence,0.3001405806350136,0.057585715546435795,0.2874233221682369,29.12,0.99,0.42,0.06
RENOVISOR,matrix_32_raw_0_1,4,det_04_added_value,0.2973681608097661,0.04581132204257359,0.2962805983744924,29.54,1,0.44,0.02
RENOVISOR,matrix_32_raw_0_1,5,det_06_climate_protection,0.8236029932723605,0.04379233805006764,0.8282496904413587,1.66,1,1,1
RENOVISOR,matrix_32_raw_0_1,5,det_14_environmental_concerns,0.8007900474243521,0.0439562349589529,0.8038964129130741,2.4,1,1,1
RENOVISOR,matrix_32_raw_0_1,5,det_28_recognition,0.7790273482495591,0.025561400817522166,0.7823187832686982,3.04,1,1,1
RENOVISOR,matrix_32_raw_0_1,5,det_10_cost_efficiency,0.7513045180096968,0.08095063961074501,0.7661893583244914,4.24,1,1,1
RENOVISOR,matrix_32_raw_0_1,5,det_31_approval,0.6733619167442687,0.04366835081694897,0.6764169674129616,5.98,1,1,1
RENOVISOR,matrix_32_raw_0_1,5,det_24_socialising,0.6283385433685371,0.03827097237311363,0.6267360905971107,7.69,1,1,1
RENOVISOR,matrix_32_raw_0_1,5,det_30_authority,0.6088927231307865,0.05504588709413402,0.6102827724183959,9.05,1,1,1
RENOVISOR,matrix_32_raw_0_1,5,det_20_coziness,0.5783504050346849,0.1502165242034458,0.5890748437760412,12.15,1,0.98,0.84
RENOVISOR,matrix_32_raw_0_1,5,det_03_risk_profile,0.5755969628303294,0.0864316502104616,0.5838638212684665,11.43,1,1,0.98
RENOVISOR,matrix_32_raw_0_1,5,det_29_trends,0.5685901052051509,0.043786793112941334,0.5680416623715443,11,1,1,1
RENOVISOR,matrix_32_raw_0_1,5,det_05_frugality,0.5480224687705468,0.05847854659662902,0.5520141489161421,12.35,1,1,0.98
RENOVISOR,matrix_32_raw_0_1,5,det_23_support,0.5294639989980581,0.04086911873071886,0.5291303567922993,13.75,1,1,1
RENOVISOR,matrix_32_raw_0_1,5,det_07_legal,0.5188422418417975,0.1306178122081175,0.5210655707337457,14.61,1,0.98,0.75
RENOVISOR,matrix_32_raw_0_1,5,det_01_profits,0.5179389781670606,0.05836840221796757,0.5207372170443796,14.35,1,1,0.98
RENOVISOR,matrix_32_raw_0_1,5,det_22_peer_pressure,0.5110035680669257,0.0513033034867691,0.5139100434123811,14.65,1,1,0.98
RENOVISOR,matrix_32_raw_0_1,5,det_19_wellbeing,0.4982932967252477,0.13173956679921536,0.528216136696334,16.53,1,0.92,0.72
RENOVISOR,matrix_32_raw_0_1,5,det_21_rights_and_duties,0.47968753618553284,0.09991679860912848,0.4734600356617871,16.75,1,0.98,0.75
RENOVISOR,matrix_32_raw_0_1,5,det_27_fun,0.4732023233843054,0.04992714092200407,0.47371235996309263,17.3,1,1,0.93
RENOVISOR,matrix_32_raw_0_1,5,det_26_novelty,0.46436980476839773,0.050056786188343146,0.4690069153574466,18.19,1,1,0.89
RENOVISOR,matrix_32_raw_0_1,5,det_16_commitment,0.43988493412418805,0.09386261417536387,0.446964186916819,19.65,1,0.97,0.63
RENOVISOR,matrix_32_raw_0_1,5,det_18_autonomy,0.43683712221063353,0.07677602591341226,0.4458053206629393,19.98,1,0.95,0.64
RENOVISOR,matrix_32_raw_0_1,5,det_09_safety,0.435115398476715,0.08921209149363826,0.42115063740999814,20.14,1,0.98,0.62
RENOVISOR,matrix_32_raw_0_1,5,det_15_self_satisfaction,0.39827104524942764,0.07736910260330193,0.3970530929072174,22.62,1,0.89,0.49
RENOVISOR,matrix_32_raw_0_1,5,det_11_knowledge,0.3669921429187597,0.06905934176215416,0.3632432253874715,24.68,1,0.82,0.27
RENOVISOR,matrix_32_raw_0_1,5,det_32_own_significance,0.3654715184387541,0.055916922753615574,0.3599292429216441,24.94,1,0.89,0.28
RENOVISOR,matrix_32_raw_0_1,5,det_08_trust,0.35611761854382934,0.06427209056974816,0.34741903932856893,25.31,1,0.8,0.19
RENOVISOR,matrix_32_raw_0_1,5,det_13_technical_fit,0.3471135590029574,0.06776130826911873,0.34136083076492796,26.15,0.99,0.76,0.22
RENOVISOR,matrix_32_raw_0_1,5,det_17_adherence,0.34519220193873745,0.05443004082711496,0.3434772398992834,26.06,1,0.8,0.13
RENOVISOR,matrix_32_raw_0_1,5,det_25_agreement,0.3412882621129982,0.06394599805574198,0.3331992637150597,26.36,0.99,0.74,0.18
RENOVISOR,matrix_32_raw_0_1,5,det_02_credit_score,0.328210223430444,0.06266929160143651,0.33329254143112796,26.96,1,0.7,0.14
RENOVISOR,matrix_32_raw_0_1,5,det_12_own_competence,0.31148683853689163,0.0563295511365844,0.30608257596763677,28.29,0.99,0.53,0.06
RENOVISOR,matrix_32_raw_0_1,5,det_04_added_value,0.28768139464490483,0.042926780954407585,0.2874636259810519,29.74,1,0.39,0
RENOVISOR,matrix_32_raw_0_1,6,det_06_climate_protection,0.8588174086346764,0.03204315506133353,0.8622937502864318,1.55,1,1,1
RENOVISOR,matrix_32_raw_0_1,6,det_14_environmental_concerns,0.8383326663324594,0.032747984711951304,0.8386007821157156,2.06,1,1,1
RENOVISOR,matrix_32_raw_0_1,6,det_10_cost_efficiency,0.8033930250550129,0.05199350732032152,0.8053762620478702,3.16,1,1,1
RENOVISOR,matrix_32_raw_0_1,6,det_28_recognition,0.7664663131333008,0.03583893178543309,0.7721998322337031,4.24,1,1,1
RENOVISOR,matrix_32_raw_0_1,6,det_20_coziness,0.7120020915196967,0.0871137472259367,0.7259515186103873,6.1,1,1,0.99
RENOVISOR,matrix_32_raw_0_1,6,det_31_approval,0.68438023190278,0.047741785369001116,0.6884378662359636,6.74,1,1,1
RENOVISOR,matrix_32_raw_0_1,6,det_24_socialising,0.6300325843421691,0.045162835554703795,0.6309626321372992,8.69,1,1,0.99
RENOVISOR,matrix_32_raw_0_1,6,det_19_wellbeing,0.608484804915602,0.08881939159569144,0.6156825347566961,10.39,1,1,0.98
RENOVISOR,matrix_32_raw_0_1,6,det_30_authority,0.6038974179096813,0.06418100496140407,0.6071527021006551,10.49,1,1,0.99
RENOVISOR,matrix_32_raw_0_1,6,det_07_legal,0.5997722042279564,0.12283582845663256,0.5867846302331488,11.21,1,1,0.97
RENOVISOR,matrix_32_raw_0_1,6,det_29_trends,0.5636314272712708,0.052621212239076114,0.5703084500715183,12.91,1,1,0.99
RENOVISOR,matrix_32_raw_0_1,6,det_05_frugality,0.5484010222049551,0.052191184733478495,0.5500838633837803,13.75,1,1,0.99
RENOVISOR,matrix_32_raw_0_1,6,det_16_commitment,0.5438747186840179,0.10467216419984418,0.5399481871559058,14.23,1,0.99,0.92
RENOVISOR,matrix_32_raw_0_1,6,det_21_rights_and_duties,0.5422148400636988,0.0891401558329414,0.5538576236866211,14.16,1,0.99,0.92
RENOVISOR,matrix_32_raw_0_1,6,det_03_risk_profile,0.5294598560285694,0.07694910128647726,0.5288586517047595,15.17,1,1,0.95
RENOVISOR,matrix_32_raw_0_1,6,det_23_support,0.5286205726499852,0.047560204966281223,0.5231145147978897,14.96,1,1,1
RENOVISOR,matrix_32_raw_0_1,6,det_22_peer_pressure,0.5206054715474943,0.05404421797948321,0.5178030263274167,15.47,1,1,0.99
RENOVISOR,matrix_32_raw_0_1,6,det_01_profits,0.5168843034683543,0.05706093703649403,0.5276679918882698,15.49,1,1,0.97
RENOVISOR,matrix_32_raw_0_1,6,det_26_novelty,0.464401878726927,0.058365241720766944,0.4653894954359382,19.21,1,0.99,0.88
RENOVISOR,matrix_32_raw_0_1,6,det_27_fun,0.4589322282036325,0.04810401015372978,0.4574632087908558,19.32,1,1,0.88
RENOVISOR,matrix_32_raw_0_1,6,det_15_self_satisfaction,0.4206059111653828,0.07620680964150309,0.42268536608918406,21.85,1,0.94,0.55
RENOVISOR,matrix_32_raw_0_1,6,det_09_safety,0.4166743686125115,0.06437990809444583,0.40895960210130977,22.25,1,0.97,0.57
RENOVISOR,matrix_32_raw_0_1,6,det_11_knowledge,0.3907773611781364,0.08220674277187397,0.38359560223781913,23.6,1,0.86,0.43
RENOVISOR,matrix_32_raw_0_1,6,det_18_autonomy,0.3840797298170621,0.07261671314510025,0.3752385222496414,23.96,1,0.9,0.4
RENOVISOR,matrix_32_raw_0_1,6,det_13_technical_fit,0.37703305629943296,0.07766169269724775,0.3695579467648645,24.46,0.99,0.87,0.39
RENOVISOR,matrix_32_raw_0_1,6,det_12_own_competence,0.3494212870641096,0.06526851990854024,0.34840614654094787,26.05,1,0.75,0.23
RENOVISOR,matrix_32_raw_0_1,6,det_08_trust,0.34699747088141797,0.07201500699376898,0.32796986213549206,26.39,1,0.72,0.22
RENOVISOR,matrix_32_raw_0_1,6,det_25_agreement,0.33485067327411955,0.06433279470499123,0.32784002494847864,26.93,0.99,0.67,0.19
RENOVISOR,matrix_32_raw_0_1,6,det_32_own_significance,0.3320278123323159,0.04604659058172248,0.32946047990083277,27.06,1,0.76,0.07
RENOVISOR,matrix_32_raw_0_1,6,det_17_adherence,0.31968589481115023,0.04421199863702983,0.3147674145477488,28.1,1,0.7,0.06
RENOVISOR,matrix_32_raw_0_1,6,det_02_credit_score,0.3176182232669606,0.06130575885731569,0.31828787409450787,27.63,0.98,0.62,0.08
RENOVISOR,matrix_32_raw_0_1,6,det_04_added_value,0.27069669579298633,0.04078183364439271,0.26968119274023916,30.42,0.97,0.25,0
RENOVISOR,matrix_32_raw_0_1,7,det_06_climate_protection,0.8606499398050462,0.031479783963594105,0.8620417003923752,1.72,1,1,1
RENOVISOR,matrix_32_raw_0_1,7,det_14_environmental_concerns,0.8432869338038145,0.03321813117510258,0.8430547659290661,2.12,1,1,1
RENOVISOR,matrix_32_raw_0_1,7,det_10_cost_efficiency,0.7984104175707947,0.05249048725182674,0.8028787643306169,3.55,1,1,1
RENOVISOR,matrix_32_raw_0_1,7,det_28_recognition,0.7307953737387046,0.07784509253291508,0.7596837959832659,5.77,1,1,1
RENOVISOR,matrix_32_raw_0_1,7,det_20_coziness,0.726149040088,0.08354060548101798,0.7380742225901574,6.09,1,1,0.99
RENOVISOR,matrix_32_raw_0_1,7,det_07_legal,0.7203381000499951,0.13406076482729384,0.7356613131180456,6.64,1,1,0.98
RENOVISOR,matrix_32_raw_0_1,7,det_31_approval,0.6440325091923927,0.09065575822952406,0.666451684303508,9.3,1,1,0.99
RENOVISOR,matrix_32_raw_0_1,7,det_19_wellbeing,0.6210868427870733,0.08443326578830819,0.6243736731046197,10.23,1,1,0.98
RENOVISOR,matrix_32_raw_0_1,7,det_24_socialising,0.598497448874054,0.0797184690940653,0.6132886943822162,11.3,1,1,0.98
RENOVISOR,matrix_32_raw_0_1,7,det_30_authority,0.583671475588267,0.0792273008887022,0.5934680837677473,12.17,1,1,0.98
RENOVISOR,matrix_32_raw_0_1,7,det_21_rights_and_duties,0.574448176783902,0.09870574145699186,0.5679772635362357,12.78,1,1,0.97
RENOVISOR,matrix_32_raw_0_1,7,det_16_commitment,0.5568720012783341,0.09990732520215288,0.5734246299810745,13.79,1,0.99,0.94
RENOVISOR,matrix_32_raw_0_1,7,det_22_peer_pressure,0.5546680408317465,0.09837130998216669,0.5485795795370749,13.93,1,1,0.99
RENOVISOR,matrix_32_raw_0_1,7,det_05_frugality,0.5535102756233773,0.059530633289750216,0.5533720701127514,13.81,1,1,0.99
RENOVISOR,matrix_32_raw_0_1,7,det_23_support,0.5275265814703678,0.04943372527421919,0.5270809464043733,15.28,1,1,1
RENOVISOR,matrix_32_raw_0_1,7,det_03_risk_profile,0.5271061016260826,0.08419256914567351,0.5291222838313616,15.64,1,1,0.93
RENOVISOR,matrix_32_raw_0_1,7,det_29_trends,0.5237969651255171,0.08897899648428789,0.5440537711492032,15.62,1,1,0.87
RENOVISOR,matrix_32_raw_0_1,7,det_01_profits,0.5135121605555801,0.06382750133009481,0.5191410818234086,16.16,1,1,0.97
RENOVISOR,matrix_32_raw_0_1,7,det_26_novelty,0.49223755551392717,0.0723723970558657,0.49475493393646786,17.15,1,0.99,0.89
RENOVISOR,matrix_32_raw_0_1,7,det_27_fun,0.4714675464898458,0.07784330059776523,0.46652706887595957,18.55,1,0.99,0.83
RENOVISOR,matrix_32_raw_0_1,7,det_15_self_satisfaction,0.4221597677590297,0.08580563374681995,0.4288153206196725,21.44,1,0.91,0.61
RENOVISOR,matrix_32_raw_0_1,7,det_09_safety,0.41115857180074533,0.07543931547258564,0.4048039752886895,22.21,1,0.98,0.52
RENOVISOR,matrix_32_raw_0_1,7,det_13_technical_fit,0.3949015356463245,0.09795740808701991,0.3862844860615202,23.54,0.99,0.86,0.43
RENOVISOR,matrix_32_raw_0_1,7,det_11_knowledge,0.38996434790031786,0.09228047079387354,0.39034756400054005,23.44,0.99,0.77,0.43
RENOVISOR,matrix_32_raw_0_1,7,det_18_autonomy,0.3783286557182779,0.0760668308255765,0.3680131833468129,24.1,1,0.88,0.34
RENOVISOR,matrix_32_raw_0_1,7,det_25_agreement,0.34196846736580233,0.09186457413005343,0.3210060159742828,26.46,0.99,0.62,0.2
RENOVISOR,matrix_32_raw_0_1,7,det_32_own_significance,0.3329417424790588,0.050214540598736,0.33221569954788344,26.87,1,0.73,0.08
RENOVISOR,matrix_32_raw_0_1,7,det_12_own_competence,0.3308408822690814,0.062121118769511416,0.31558339243416367,27.06,1,0.66,0.17
RENOVISOR,matrix_32_raw_0_1,7,det_08_trust,0.32843184293961336,0.06985335718271381,0.31470212302365425,26.96,1,0.58,0.14
RENOVISOR,matrix_32_raw_0_1,7,det_17_adherence,0.3279736715547403,0.0530292085563097,0.32045024141598544,27.12,1,0.71,0.09
RENOVISOR,matrix_32_raw_0_1,7,det_02_credit_score,0.3256741347825688,0.0629293815866187,0.32215149233902796,27.16,0.99,0.65,0.16
RENOVISOR,matrix_32_raw_0_1,7,det_04_added_value,0.27606357438968054,0.04445097822192217,0.2780147039085243,30.04,0.96,0.28,0
RENOVISOR,matrix_32_raw_0_1,8,det_06_climate_protection,0.8635872953369529,0.032259291294519335,0.8663103400326413,1.91,1,1,1
RENOVISOR,matrix_32_raw_0_1,8,det_14_environmental_concerns,0.8498252749833388,0.036593343100055145,0.8546637755569236,2.12,1,1,1
RENOVISOR,matrix_32_raw_0_1,8,det_10_cost_efficiency,0.7871792527901691,0.05645356914668794,0.79171163994863,4.04,1,1,1
RENOVISOR,matrix_32_raw_0_1,8,det_07_legal,0.7787660439704769,0.12227364666969325,0.7762278249277932,4.76,1,1,0.99
RENOVISOR,matrix_32_raw_0_1,8,det_20_coziness,0.7352009792591115,0.08211277241976617,0.7472180088758681,5.74,1,1,1
RENOVISOR,matrix_32_raw_0_1,8,det_28_recognition,0.670371799078607,0.11368996394956099,0.711761556556257,8.25,1,1,0.97
RENOVISOR,matrix_32_raw_0_1,8,det_19_wellbeing,0.6234517426047815,0.07740647637399169,0.6294835280402729,9.99,1,1,1
RENOVISOR,matrix_32_raw_0_1,8,det_31_approval,0.6088841403585844,0.10440345665071224,0.6298304560849446,11,1,1,1
RENOVISOR,matrix_32_raw_0_1,8,det_22_peer_pressure,0.5982287801043815,0.10165005931584255,0.6013082328804443,11.82,1,1,0.98
RENOVISOR,matrix_32_raw_0_1,8,det_21_rights_and_duties,0.570548268108063,0.09432749930200447,0.5688331301386378,12.93,1,1,0.97
RENOVISOR,matrix_32_raw_0_1,8,det_24_socialising,0.5607967229238384,0.10628467354439018,0.5850477264559518,13.38,1,1,0.9
RENOVISOR,matrix_32_raw_0_1,8,det_05_frugality,0.5563124381908945,0.06934603311637577,0.5514307420749496,13.19,1,1,0.98
RENOVISOR,matrix_32_raw_0_1,8,det_16_commitment,0.554499107089519,0.10678819345176006,0.5626443352189813,13.62,1,1,0.9
RENOVISOR,matrix_32_raw_0_1,8,det_30_authority,0.5391955916144697,0.1107311091890199,0.548219538970595,14.7,1,1,0.85
RENOVISOR,matrix_32_raw_0_1,8,det_03_risk_profile,0.5259837011979673,0.092189450505391915,0.5215035607058227,15.51,1,1,0.92
RENOVISOR,matrix_32_raw_0_1,8,det_23_support,0.5225667225566282,0.0506922813911947,0.5290032425432787,15.42,1,1,0.99
RENOVISOR,matrix_32_raw_0_1,8,det_01_profits,0.5189984834014518,0.06887196543984796,0.5171764040291551,15.62,1,1,0.96
RENOVISOR,matrix_32_raw_0_1,8,det_26_novelty,0.49099762691639753,0.09199465015457041,0.482887955484609,17.13,1,1,0.8
RENOVISOR,matrix_32_raw_0_1,8,det_29_trends,0.4850921836622698,0.09499665167105685,0.4887674286897459,17.72,1,0.99,0.76
RENOVISOR,matrix_32_raw_0_1,8,det_27_fun,0.46375861320295625,0.09641765562004294,0.464479545617811,19.37,1,0.96,0.76
RENOVISOR,matrix_32_raw_0_1,8,det_13_technical_fit,0.4556109014019993,0.1468635085118814,0.42241741313003567,19.91,1,0.91,0.58
RENOVISOR,matrix_32_raw_0_1,8,det_15_self_satisfaction,0.42519616099117374,0.10171108254368129,0.43502789830657046,21.33,1,0.85,0.62
RENOVISOR,matrix_32_raw_0_1,8,det_09_safety,0.41071626804311406,0.06931490596834676,0.40176718057527716,22,1,0.97,0.52
RENOVISOR,matrix_32_raw_0_1,8,det_18_autonomy,0.3901936061141767,0.0913905714015186,0.3750479366127735,23.26,1,0.82,0.42
RENOVISOR,matrix_32_raw_0_1,8,det_11_knowledge,0.3825830211404457,0.09229602798684934,0.3769520694985679,23.75,0.99,0.77,0.38
RENOVISOR,matrix_32_raw_0_1,8,det_25_agreement,0.34859964827705786,0.08853553533005859,0.33948316180242666,25.92,1,0.66,0.23
RENOVISOR,matrix_32_raw_0_1,8,det_08_trust,0.3373483512073424,0.09942362848989142,0.3184157157758274,26.56,1,0.58,0.17
RENOVISOR,matrix_32_raw_0_1,8,det_02_credit_score,0.33271113558612075,0.07357608307439543,0.3278551561139578,26.88,0.97,0.68,0.17
RENOVISOR,matrix_32_raw_0_1,8,det_32_own_significance,0.3319361073176466,0.05799526014542213,0.3223715717437854,26.68,1,0.69,0.12
RENOVISOR,matrix_32_raw_0_1,8,det_12_own_competence,0.329527649863868,0.07313433046985934,0.31171383677902026,27.17,1,0.58,0.13
RENOVISOR,matrix_32_raw_0_1,8,det_17_adherence,0.32286793388182844,0.061894360806336424,0.31207856572693365,27.15,0.99,0.63,0.09
RENOVISOR,matrix_32_raw_0_1,8,det_04_added_value,0.28852348749785134,0.05400340490488911,0.2801583316040998,29.17,0.97,0.35,0.03
RENOVISOR,matrix_32_z_abs,2,det_06_climate_protection,0.6964697867073157,0.13157464955050127,0.7314976511249118,2.7,1,1,0.98
RENOVISOR,matrix_32_z_abs,2,det_14_environmental_concerns,0.6778836662604856,0.10797758767076117,0.7049975166562821,2.76,1,1,0.97
RENOVISOR,matrix_32_z_abs,2,det_30_authority,0.551899477908362,0.052205751701450025,0.5522090332655658,3.75,1,1,1
RENOVISOR,matrix_32_z_abs,2,det_24_socialising,0.5129737704335807,0.04875688391541206,0.5091317605109925,4.91,1,1,1
RENOVISOR,matrix_32_z_abs,2,det_31_approval,0.49762084250937916,0.07958894170050428,0.4953857995867753,6.53,1,1,0.89
RENOVISOR,matrix_32_z_abs,2,det_22_peer_pressure,0.45264715321098703,0.061612327273127605,0.4516448607293903,8.9,1,1,0.81
RENOVISOR,matrix_32_z_abs,2,det_28_recognition,0.42983792147592853,0.07313277173680834,0.42633511521088807,11.17,1,0.98,0.64
RENOVISOR,matrix_32_z_abs,2,det_27_fun,0.42355693974839004,0.0633543225767617,0.43074639414474747,10.71,1,0.98,0.64
RENOVISOR,matrix_32_z_abs,2,det_18_autonomy,0.4101987662765462,0.08148251441042578,0.4242788617391349,11.3,1,0.9,0.6
RENOVISOR,matrix_32_z_abs,2,det_26_novelty,0.3838728694542715,0.053970027080064764,0.3875007403359184,14.06,1,0.92,0.4
RENOVISOR,matrix_32_z_abs,2,det_01_profits,0.3805373158275962,0.06259027399936723,0.3785891987264563,14.29,1,0.9,0.36
RENOVISOR,matrix_32_z_abs,2,det_23_support,0.3769577876551318,0.04283328535627529,0.37479777042031215,14.53,1,1,0.29
RENOVISOR,matrix_32_z_abs,2,det_32_own_significance,0.37297761561176174,0.05537582096560021,0.37107923997764897,14.58,1,0.91,0.32
RENOVISOR,matrix_32_z_abs,2,det_20_coziness,0.36604354038213316,0.0663465087601293,0.3697606761181709,15.6,1,0.85,0.29
RENOVISOR,matrix_32_z_abs,2,det_03_risk_profile,0.3637483648180143,0.06881407631902435,0.3615633864285047,16.41,1,0.83,0.26
RENOVISOR,matrix_32_z_abs,2,det_13_technical_fit,0.361620507329382,0.07177433654910771,0.3698903106610287,16.03,0.98,0.82,0.31
RENOVISOR,matrix_32_z_abs,2,det_25_agreement,0.3525575493729211,0.05234411447011865,0.35564064536205775,17.41,1,0.84,0.11
RENOVISOR,matrix_32_z_abs,2,det_12_own_competence,0.3361015028844887,0.06719195740781685,0.3356775957983146,18.86,0.98,0.74,0.15
RENOVISOR,matrix_32_z_abs,2,det_29_trends,0.33270138509494185,0.0564561236717944,0.3262872308213146,19.74,1,0.71,0.13
RENOVISOR,matrix_32_z_abs,2,det_21_rights_and_duties,0.31989330881700373,0.06622979287824043,0.30956491904540245,21.12,0.99,0.58,0.11
RENOVISOR,matrix_32_z_abs,2,det_19_wellbeing,0.31563051815747556,0.07154428771203242,0.3129626148077457,20.9,0.94,0.58,0.13
RENOVISOR,matrix_32_z_abs,2,det_16_commitment,0.3152581416960257,0.0564985366907356,0.3142006170943232,21.33,1,0.58,0.08
RENOVISOR,matrix_32_z_abs,2,det_17_adherence,0.31466857917163227,0.07921762710379104,0.3096054424856366,21.31,0.93,0.55,0.14
RENOVISOR,matrix_32_z_abs,2,det_15_self_satisfaction,0.3119193500985725,0.06801747470469584,0.31786271273321376,21.61,0.95,0.59,0.08
RENOVISOR,matrix_32_z_abs,2,det_09_safety,0.3083626251670329,0.06361350287618296,0.3074363979364262,22.55,0.97,0.54,0.11
RENOVISOR,matrix_32_z_abs,2,det_10_cost_efficiency,0.306667282058066,0.09818625460235539,0.2835452349962036,23.01,0.94,0.39,0.15
RENOVISOR,matrix_32_z_abs,2,det_02_credit_score,0.3023965108277809,0.05002319581224606,0.3027180906529513,23.08,0.99,0.53,0.02
RENOVISOR,matrix_32_z_abs,2,det_04_added_value,0.3000434716358829,0.0507401083325745,0.29760150334068425,23.11,0.98,0.49,0.04
RENOVISOR,matrix_32_z_abs,2,det_05_frugality,0.27154945104837724,0.0789246382979892,0.26602981527249625,25.84,0.83,0.29,0.07
RENOVISOR,matrix_32_z_abs,2,det_07_legal,0.26916470226902106,0.07919321471130579,0.26177255859105963,25.1,0.79,0.34,0.07
RENOVISOR,matrix_32_z_abs,2,det_08_trust,0.25931974649204687,0.053667629607216334,0.25461469268081754,26.74,0.85,0.2,0.02
RENOVISOR,matrix_32_z_abs,2,det_11_knowledge,0.24584941193373858,0.052184121316244426,0.24351460954077775,28.06,0.81,0.16,0
RENOVISOR,matrix_32_z_abs,3,det_06_climate_protection,0.8028420915196863,0.06394852725294067,0.8074127783642671,1.23,1,1,1
RENOVISOR,matrix_32_z_abs,3,det_14_environmental_concerns,0.727311248239987,0.053085606142661564,0.7317149604067212,2.11,1,1,1
RENOVISOR,matrix_32_z_abs,3,det_31_approval,0.5918315849611675,0.06451563259167288,0.5970269130374726,4.25,1,1,0.99
RENOVISOR,matrix_32_z_abs,3,det_24_socialising,0.5419360843491999,0.05694447413313589,0.546657390437556,5.52,1,1,0.99
RENOVISOR,matrix_32_z_abs,3,det_28_recognition,0.5386324682490203,0.06464391946005081,0.5362894610648237,6.04,1,1,0.99
RENOVISOR,matrix_32_z_abs,3,det_30_authority,0.5008172037912317,0.06811354887747495,0.5107472859371331,7.61,1,1,0.88
RENOVISOR,matrix_32_z_abs,3,det_10_cost_efficiency,0.4991166354158891,0.14485432786935665,0.5069042948821726,9.59,0.98,0.89,0.75
RENOVISOR,matrix_32_z_abs,3,det_22_peer_pressure,0.47782280418200224,0.06104214154375204,0.4790420802643939,8.73,1,1,0.91
RENOVISOR,matrix_32_z_abs,3,det_03_risk_profile,0.41684496535659604,0.08103595412036634,0.4205521842046865,12.91,1,0.89,0.68
RENOVISOR,matrix_32_z_abs,3,det_05_frugality,0.3869162477478153,0.1031034791569889,0.39468597273776934,15.94,0.94,0.79,0.49
RENOVISOR,matrix_32_z_abs,3,det_23_support,0.3859299776079622,0.048433687889162115,0.3859076123211169,14.83,1,0.97,0.31
RENOVISOR,matrix_32_z_abs,3,det_01_profits,0.37923654135542056,0.07344913587821968,0.38415942466304004,16.13,0.99,0.83,0.41
RENOVISOR,matrix_32_z_abs,3,det_15_self_satisfaction,0.3674162481746298,0.09053790436807273,0.3806513401572662,17,0.97,0.77,0.39
RENOVISOR,matrix_32_z_abs,3,det_18_autonomy,0.35496043146824247,0.06355978178344152,0.3584295233313721,17.56,1,0.78,0.27
RENOVISOR,matrix_32_z_abs,3,det_25_agreement,0.3519310466596218,0.06621029269898289,0.35203149152776836,18.07,0.99,0.81,0.22
RENOVISOR,matrix_32_z_abs,3,det_29_trends,0.3512362171714218,0.06265648370946618,0.35028621092674017,18.16,0.99,0.8,0.17
RENOVISOR,matrix_32_z_abs,3,det_20_coziness,0.34390109428961413,0.07479685412238984,0.3361751902335856,19.09,0.98,0.7,0.24
RENOVISOR,matrix_32_z_abs,3,det_13_technical_fit,0.3430819670022444,0.07533039260020997,0.34218088973679534,18.65,0.99,0.74,0.23
RENOVISOR,matrix_32_z_abs,3,det_21_rights_and_duties,0.3400370016189165,0.08833100590858414,0.34566689535535505,19.32,0.91,0.69,0.25
RENOVISOR,matrix_32_z_abs,3,det_19_wellbeing,0.3322430019684723,0.08969854924211579,0.3226537015373071,20.29,0.96,0.62,0.22
RENOVISOR,matrix_32_z_abs,3,det_09_safety,0.3318915545076053,0.08721333247926627,0.3234328186323565,20.45,0.97,0.56,0.23
RENOVISOR,matrix_32_z_abs,3,det_02_credit_score,0.33098186212152075,0.07914369722324942,0.3410932878851988,19.79,0.94,0.67,0.18
RENOVISOR,matrix_32_z_abs,3,det_27_fun,0.3300343567647023,0.05121002238802054,0.3230954204109875,20.39,1,0.66,0.11
RENOVISOR,matrix_32_z_abs,3,det_26_novelty,0.3265338768188723,0.07066741933822411,0.30767797655266466,20.61,0.98,0.58,0.18
RENOVISOR,matrix_32_z_abs,3,det_16_commitment,0.3213556046430458,0.07148156406952957,0.3206863190666967,20.51,0.96,0.59,0.17
RENOVISOR,matrix_32_z_abs,3,det_12_own_competence,0.32000637038342133,0.07747460176977196,0.3123215921290764,21.14,0.97,0.54,0.19
RENOVISOR,matrix_32_z_abs,3,det_32_own_significance,0.3158571626648577,0.06477460840334791,0.30922308099589946,21.27,0.98,0.58,0.1
RENOVISOR,matrix_32_z_abs,3,det_17_adherence,0.2858199256374513,0.060106641466132926,0.2795927765300863,24.17,0.94,0.36,0.05
RENOVISOR,matrix_32_z_abs,3,det_04_added_value,0.27914959518564847,0.058848134117538864,0.26789602136653107,24.68,0.94,0.32,0.04
RENOVISOR,matrix_32_z_abs,3,det_07_legal,0.26116765695946476,0.07328137143792618,0.2546067300583581,26,0.81,0.25,0.05
RENOVISOR,matrix_32_z_abs,3,det_08_trust,0.23957763496278395,0.05738058076302871,0.22308656223202974,27.91,0.7,0.13,0.02
RENOVISOR,matrix_32_z_abs,3,det_11_knowledge,0.23481849719096975,0.06414787415585947,0.22374877417688444,28.05,0.69,0.17,0
RENOVISOR,matrix_32_z_abs,4,det_06_climate_protection,0.8210764054682173,0.054495310893842255,0.819518550120007,1.24,1,1,1
RENOVISOR,matrix_32_z_abs,4,det_14_environmental_concerns,0.7296256074823709,0.04440171833016494,0.7345226179298018,2.33,1,1,1
RENOVISOR,matrix_32_z_abs,4,det_10_cost_efficiency,0.6683407966020918,0.14454668857601463,0.7025393495326409,4.61,1,0.98,0.94
RENOVISOR,matrix_32_z_abs,4,det_31_approval,0.6034346916781779,0.05856309050842215,0.6173829416998812,4.87,1,1,1
RENOVISOR,matrix_32_z_abs,4,det_24_socialising,0.5660574691980413,0.047756082345784726,0.5608119229301372,5.82,1,1,1
RENOVISOR,matrix_32_z_abs,4,det_28_recognition,0.5482431755476213,0.07029346922216573,0.5452444183724965,6.58,1,1,0.97
RENOVISOR,matrix_32_z_abs,4,det_22_peer_pressure,0.48880979181113976,0.06270103321334117,0.48764382607774864,9.21,1,1,0.93
RENOVISOR,matrix_32_z_abs,4,det_09_safety,0.487302127587898,0.09998834721076236,0.5038255299892203,10.25,1,0.95,0.83
RENOVISOR,matrix_32_z_abs,4,det_30_authority,0.4827455460969051,0.06245207874961492,0.47764491657318836,9.44,1,1,0.9
RENOVISOR,matrix_32_z_abs,4,det_05_frugality,0.4424945555093063,0.09018594277195,0.4425313012362855,12.22,0.99,0.96,0.71
RENOVISOR,matrix_32_z_abs,4,det_23_support,0.3819412436210126,0.04799744110547649,0.37783513035496763,15.81,1,0.95,0.31
RENOVISOR,matrix_32_z_abs,4,det_03_risk_profile,0.373278319252142,0.07920461560722829,0.37977790041204745,17.1,0.98,0.82,0.36
RENOVISOR,matrix_32_z_abs,4,det_19_wellbeing,0.3661150524413807,0.10448589734844366,0.35726563699901187,18.12,0.97,0.69,0.41
RENOVISOR,matrix_32_z_abs,4,det_01_profits,0.3644482455889114,0.08514228112365006,0.3545083088895085,17.88,0.99,0.76,0.32
RENOVISOR,matrix_32_z_abs,4,det_20_coziness,0.3640725373665773,0.09756600269276124,0.3608428789942652,18.08,0.99,0.7,0.41
RENOVISOR,matrix_32_z_abs,4,det_13_technical_fit,0.3573417533377285,0.08033111682477337,0.3582365783064083,18.3,0.99,0.73,0.32
RENOVISOR,matrix_32_z_abs,4,det_15_self_satisfaction,0.3563973442465455,0.08885820727554275,0.3397223031273343,18.5,0.99,0.72,0.29
RENOVISOR,matrix_32_z_abs,4,det_29_trends,0.3488317572521281,0.06044325355233266,0.3502664870714429,18.75,0.99,0.76,0.2
RENOVISOR,matrix_32_z_abs,4,det_18_autonomy,0.3364274007125207,0.07353643717854186,0.33343590951601987,20.01,1,0.61,0.22
RENOVISOR,matrix_32_z_abs,4,det_16_commitment,0.3336918738343059,0.08570008449892894,0.34112596651828786,20.01,0.95,0.66,0.22
RENOVISOR,matrix_32_z_abs,4,det_27_fun,0.33350754656712084,0.06369526982200273,0.3235581124373765,20.14,1,0.63,0.16
RENOVISOR,matrix_32_z_abs,4,det_32_own_significance,0.33256194458571586,0.0919378407266474,0.3132185035289625,20.63,0.98,0.57,0.23
RENOVISOR,matrix_32_z_abs,4,det_07_legal,0.3251424151045361,0.09885727625008464,0.31585105382294465,21.08,0.91,0.59,0.18
RENOVISOR,matrix_32_z_abs,4,det_25_agreement,0.3198328240920231,0.07038888767620528,0.31000329745451316,21.21,0.97,0.57,0.11
RENOVISOR,matrix_32_z_abs,4,det_26_novelty,0.31316329459159037,0.05773336232731183,0.3071732899815011,22.04,0.99,0.56,0.08
RENOVISOR,matrix_32_z_abs,4,det_21_rights_and_duties,0.3064603697163643,0.08149419503273395,0.2976092282008753,22.25,0.94,0.48,0.13
RENOVISOR,matrix_32_z_abs,4,det_02_credit_score,0.28973103586734067,0.06764562718224779,0.28114252492989755,24.04,0.93,0.38,0.06
RENOVISOR,matrix_32_z_abs,4,det_04_added_value,0.28875135559741877,0.0617303304593384,0.27942756873876207,23.94,0.95,0.4,0.06
RENOVISOR,matrix_32_z_abs,4,det_12_own_competence,0.2815937792829019,0.08199268243717478,0.26607480027549213,24.65,0.86,0.34,0.09
RENOVISOR,matrix_32_z_abs,4,det_08_trust,0.26793644304171066,0.06651056645615935,0.2584172604691641,25.45,0.85,0.25,0.06
RENOVISOR,matrix_32_z_abs,4,det_17_adherence,0.26644498577086506,0.05732441942376964,0.26452614562857435,25.9,0.92,0.25,0.03
RENOVISOR,matrix_32_z_abs,4,det_11_knowledge,0.2392375277270345,0.07274773826607804,0.2246444063126269,27.54,0.67,0.18,0.02
RENOVISOR,matrix_32_z_abs,5,det_06_climate_protection,0.8403636086793946,0.0450148173847205,0.8384576918741468,1.27,1,1,1
RENOVISOR,matrix_32_z_abs,5,det_14_environmental_concerns,0.7314765544414651,0.050110326284070014,0.7339041501712982,2.63,1,1,1
RENOVISOR,matrix_32_z_abs,5,det_10_cost_efficiency,0.723414419076953,0.11133941648716497,0.7434260710510874,3.18,1,1,0.99
RENOVISOR,matrix_32_z_abs,5,det_31_approval,0.586006314979541,0.06228710943070477,0.5906236439557132,5.67,1,1,1
RENOVISOR,matrix_32_z_abs,5,det_28_recognition,0.5777089934590629,0.0734316839727516,0.5790255117774967,6.27,1,1,0.99
RENOVISOR,matrix_32_z_abs,5,det_24_socialising,0.56779000119701994,0.056692060064552664,0.5718809426195179,6.27,1,1,1
RENOVISOR,matrix_32_z_abs,5,det_09_safety,0.4900068461057451,0.13348672624110902,0.49143791128274006,11.31,1,0.97,0.75
RENOVISOR,matrix_32_z_abs,5,det_30_authority,0.4852540243953672,0.06607121486822409,0.4890239882752888,10.34,1,1,0.87
RENOVISOR,matrix_32_z_abs,5,det_22_peer_pressure,0.47096978983889093,0.0688828513374708,0.46945603315023465,11.05,1,1,0.83
RENOVISOR,matrix_32_z_abs,5,det_05_frugality,0.44864523224834607,0.0820174967860658,0.45762626512866833,12.53,1,0.96,0.72
RENOVISOR,matrix_32_z_abs,5,det_07_legal,0.41888605177922256,0.14518308884051884,0.40871844864272594,15.79,0.97,0.76,0.51
RENOVISOR,matrix_32_z_abs,5,det_32_own_significance,0.4114455227175634,0.10514288783117094,0.40571942443153103,15.45,1,0.87,0.54
RENOVISOR,matrix_32_z_abs,5,det_20_coziness,0.3827821667146326,0.11157453970914709,0.3820185859873034,17.56,0.96,0.7,0.46
RENOVISOR,matrix_32_z_abs,5,det_19_wellbeing,0.381616604002212,0.118184309495452,0.3692953947049421,17.74,0.97,0.71,0.43
RENOVISOR,matrix_32_z_abs,5,det_23_support,0.381390392002632,0.04961352134956092,0.37930425136058454,16.91,1,0.95,0.33
RENOVISOR,matrix_32_z_abs,5,det_03_risk_profile,0.36887706935491377,0.0756130814938466,0.3750129051193595,17.83,0.99,0.78,0.37
RENOVISOR,matrix_32_z_abs,5,det_15_self_satisfaction,0.3646748711109418,0.09875943646161243,0.36529380823351326,18.51,0.95,0.72,0.38
RENOVISOR,matrix_32_z_abs,5,det_01_profits,0.36454601731183245,0.08619104158818032,0.35567359053205927,18.69,1,0.75,0.33
RENOVISOR,matrix_32_z_abs,5,det_16_commitment,0.3449407796140607,0.09915372456756649,0.33564087209435706,20.12,0.96,0.61,0.32
RENOVISOR,matrix_32_z_abs,5,det_18_autonomy,0.3432224154041353,0.0866395567516281,0.3346676917623238,19.89,0.97,0.63,0.24
RENOVISOR,matrix_32_z_abs,5,det_13_technical_fit,0.34051880955437247,0.08539946883485845,0.3266447207796463,20.16,0.98,0.65,0.25
RENOVISOR,matrix_32_z_abs,5,det_29_trends,0.33542398049440597,0.06277545204696089,0.34121780057140333,20.63,0.97,0.71,0.11
RENOVISOR,matrix_32_z_abs,5,det_26_novelty,0.32891721031176524,0.06908732108465213,0.3199135581369005,21.48,0.99,0.6,0.17
RENOVISOR,matrix_32_z_abs,5,det_27_fun,0.3219732335408563,0.06148465149240136,0.32168930760549674,21.5,0.99,0.63,0.13
RENOVISOR,matrix_32_z_abs,5,det_25_agreement,0.3078535813820944,0.07329319444889931,0.2973387727194613,22.79,0.97,0.48,0.14
RENOVISOR,matrix_32_z_abs,5,det_12_own_competence,0.2978564307695147,0.08746688494216798,0.29003178495346355,23.44,0.86,0.46,0.12
RENOVISOR,matrix_32_z_abs,5,det_21_rights_and_duties,0.2963379159447482,0.0859226033055483,0.28115076444852505,23.61,0.86,0.41,0.12
RENOVISOR,matrix_32_z_abs,5,det_08_trust,0.28938174407195155,0.10385560885536993,0.26080289297543663,24.06,0.82,0.36,0.14
RENOVISOR,matrix_32_z_abs,5,det_17_adherence,0.2831471576200913,0.0662861410513912,0.27222947026142214,24.69,0.93,0.38,0.06
RENOVISOR,matrix_32_z_abs,5,det_02_credit_score,0.27866323635890106,0.080537201451933,0.2603099582997688,25.31,0.86,0.29,0.11
RENOVISOR,matrix_32_z_abs,5,det_04_added_value,0.27631953088388883,0.06021709851254922,0.2675662208908093,25.32,0.95,0.28,0.04
RENOVISOR,matrix_32_z_abs,5,det_11_knowledge,0.26039883410932385,0.08212949427599608,0.23886265755006292,26,0.71,0.33,0.06
RENOVISOR,matrix_32_z_abs,6,det_06_climate_protection,0.8476731151615227,0.04326004082442696,0.84387985848982106,1.24,1,1,1
RENOVISOR,matrix_32_z_abs,6,det_14_environmental_concerns,0.7343299100491549,0.04856993443537839,0.738529181322795,2.75,1,1,1
RENOVISOR,matrix_32_z_abs,6,det_10_cost_efficiency,0.7308030985846731,0.10428012347744296,0.7508787178190165,3.25,1,1,0.99
RENOVISOR,matrix_32_z_abs,6,det_28_recognition,0.5964034140692624,0.07416186970051117,0.5961480823185912,6,1,1,0.98
RENOVISOR,matrix_32_z_abs,6,det_31_approval,0.5714299671520313,0.07989616926978797,0.5885674105245777,6.8,1,1,0.96
RENOVISOR,matrix_32_z_abs,6,det_24_socialising,0.5703832437178036,0.06329694448230998,0.5732756301810286,6.82,1,1,0.98
RENOVISOR,matrix_32_z_abs,6,det_07_legal,0.49207428012650384,0.15273783272523422,0.48278145756308166,11.97,0.99,0.87,0.73
RENOVISOR,matrix_32_z_abs,6,det_30_authority,0.48901239412254943,0.07259997527674314,0.4860467515686263,10.67,1,0.99,0.9
RENOVISOR,matrix_32_z_abs,6,det_09_safety,0.47183008455911024,0.13814375564542372,0.430535172609029,12.87,1,0.98,0.64
RENOVISOR,matrix_32_z_abs,6,det_22_peer_pressure,0.4528499824230085,0.07329296460448127,0.44931500272148306,12.55,1,0.98,0.76
RENOVISOR,matrix_32_z_abs,6,det_05_frugality,0.4493614994585904,0.08986973567203474,0.4493181581439739,13.18,1,0.97,0.7
RENOVISOR,matrix_32_z_abs,6,det_20_coziness,0.44240737122481144,0.13064082180968437,0.4408042460767935,14.57,0.99,0.84,0.61
RENOVISOR,matrix_32_z_abs,6,det_19_wellbeing,0.4128230025720876,0.12331540447651532,0.3992269875340935,16.05,0.99,0.77,0.49
RENOVISOR,matrix_32_z_abs,6,det_32_own_significance,0.4120620677663367,0.0981544303475972,0.42904230686631317,15.59,1,0.82,0.53
RENOVISOR,matrix_32_z_abs,6,det_15_self_satisfaction,0.39096725950628064,0.0989413113276426,0.3875967633951348,17.54,1,0.75,0.46
RENOVISOR,matrix_32_z_abs,6,det_23_support,0.3842550815602072,0.04957632500211896,0.37740966104157525,17,1,0.96,0.35
RENOVISOR,matrix_32_z_abs,6,det_16_commitment,0.3821411920584373,0.11351690126823376,0.3779602021927768,18.09,0.96,0.76,0.41
RENOVISOR,matrix_32_z_abs,6,det_01_profits,0.3743709558974105,0.08790918472987004,0.35627496317442653,18.41,1,0.81,0.35
RENOVISOR,matrix_32_z_abs,6,det_03_risk_profile,0.3681210053763963,0.08290654744361281,0.3778152357936066,18.63,0.99,0.76,0.39
RENOVISOR,matrix_32_z_abs,6,det_11_knowledge,0.3344873222655449,0.1114033571558807,0.3458647761493232,21.26,0.87,0.63,0.24
RENOVISOR,matrix_32_z_abs,6,det_26_novelty,0.32870092048918437,0.07985774232048819,0.31637566704312114,21.5,0.98,0.6,0.18
RENOVISOR,matrix_32_z_abs,6,det_18_autonomy,0.3264447776406058,0.0818326733234751,0.30943850636306935,22,0.96,0.58,0.2
RENOVISOR,matrix_32_z_abs,6,det_13_technical_fit,0.3207805262977545,0.085991025830998,0.30664118540020774,22.27,0.96,0.53,0.17
RENOVISOR,matrix_32_z_abs,6,det_29_trends,0.3206164799462373,0.06891511851518355,0.32620564940511865,22.32,0.95,0.63,0.09
RENOVISOR,matrix_32_z_abs,6,det_27_fun,0.3119011994283412,0.05389768693305027,0.30920493305773544,23.11,0.98,0.58,0.06
RENOVISOR,matrix_32_z_abs,6,det_25_agreement,0.31099491323030487,0.07561175559511273,0.3025520099293483,22.74,0.95,0.51,0.14
RENOVISOR,matrix_32_z_abs,6,det_12_own_competence,0.3053286546093677,0.09286241099075149,0.2942920452132273,23.38,0.88,0.48,0.15
RENOVISOR,matrix_32_z_abs,6,det_21_rights_and_duties,0.29963657757601625,0.09168812771705831,0.284082956790365,24,0.88,0.42,0.11
RENOVISOR,matrix_32_z_abs,6,det_08_trust,0.2910761735779435,0.1011539335477321,0.26674992409262877,24.52,0.85,0.37,0.17
RENOVISOR,matrix_32_z_abs,6,det_02_credit_score,0.28474455113162717,0.08200902142746952,0.26979890976294385,25.22,0.88,0.35,0.09
RENOVISOR,matrix_32_z_abs,6,det_17_adherence,0.2802195617034641,0.06704513395494548,0.26865606759086835,25.43,0.93,0.32,0.07
RENOVISOR,matrix_32_z_abs,6,det_04_added_value,0.27203768245362703,0.05603008999234563,0.2647868772020431,26.27,0.92,0.24,0.04
RENOVISOR,matrix_32_z_abs,7,det_06_climate_protection,0.8500603572599037,0.04029149245847913,0.8455045244062676,1.33,1,1,1
RENOVISOR,matrix_32_z_abs,7,det_14_environmental_concerns,0.7340197379281841,0.044871037932938694,0.7398467001397058,3,1,1,1
RENOVISOR,matrix_32_z_abs,7,det_10_cost_efficiency,0.7307041075616212,0.11366916286959905,0.7516609366711378,3.51,1,1,1
RENOVISOR,matrix_32_z_abs,7,det_28_recognition,0.5964192046605397,0.08334933283978331,0.5979987114303225,6.74,1,0.99,0.98
RENOVISOR,matrix_32_z_abs,7,det_31_approval,0.5839379915652982,0.07770574151341705,0.594512276276192,6.79,1,1,0.99
RENOVISOR,matrix_32_z_abs,7,det_07_legal,0.5587615016078171,0.1684969322355442,0.561155237335563,9.3,1,0.93,0.83
RENOVISOR,matrix_32_z_abs,7,det_24_socialising,0.5510113519985179,0.07379310837934332,0.5588028800943214,8.07,1,1,0.97
RENOVISOR,matrix_32_z_abs,7,det_09_safety,0.48351308082725303,0.16015044814152024,0.4420208681333,13.06,1,0.93,0.67
RENOVISOR,matrix_32_z_abs,7,det_30_authority,0.46826488851490566,0.08008140170665749,0.47050673888053995,12.42,1,0.98,0.81
RENOVISOR,matrix_32_z_abs,7,det_20_coziness,0.46777728857564693,0.13968019390659567,0.46368837543543717,13.68,1,0.89,0.65
RENOVISOR,matrix_32_z_abs,7,det_05_frugality,0.46585053025762285,0.09713488768096537,0.46177377869602176,12.93,1,0.98,0.76
RENOVISOR,matrix_32_z_abs,7,det_22_peer_pressure,0.4485918130396848,0.07055328920303987,0.4506404996202009,13.5,1,0.98,0.71
RENOVISOR,matrix_32_z_abs,7,det_19_wellbeing,0.43183725069111717,0.13939215434302832,0.41831263580699046,15.93,0.99,0.81,0.56
RENOVISOR,matrix_32_z_abs,7,det_16_commitment,0.4232020093804066,0.1218825671850626,0.41646857765821,16,1,0.84,0.52
RENOVISOR,matrix_32_z_abs,7,det_15_self_satisfaction,0.4083338385855911,0.10099008328209076,0.4028483605839245,16.81,1,0.86,0.5
RENOVISOR,matrix_32_z_abs,7,det_32_own_significance,0.40666597368448726,0.09768110158310635,0.3924015686726754,16.74,1,0.88,0.46
RENOVISOR,matrix_32_z_abs,7,det_23_support,0.3889610892754113,0.05039611852517113,0.3879336064245805,17.21,1,0.98,0.37
RENOVISOR,matrix_32_z_abs,7,det_01_profits,0.3803940285067901,0.09035254109013509,0.3699156916297766,18.46,1,0.81,0.38
RENOVISOR,matrix_32_z_abs,7,det_03_risk_profile,0.3660138415628412,0.08747640025180779,0.35465494696803096,19.35,0.98,0.78,0.32
RENOVISOR,matrix_32_z_abs,7,det_11_knowledge,0.35348301660341186,0.11164641396595028,0.3590136856943551,20.48,0.92,0.67,0.35
RENOVISOR,matrix_32_z_abs,7,det_26_novelty,0.3311883298267454,0.08879779739888068,0.31890560976981325,22.19,0.97,0.58,0.23
RENOVISOR,matrix_32_z_abs,7,det_08_trust,0.32132272380896626,0.124993681993519,0.2939010304912487,22.89,0.88,0.48,0.23
RENOVISOR,matrix_32_z_abs,7,det_27_fun,0.3203555137438997,0.0738963658522588,0.3126471152552809,22.92,0.96,0.59,0.12
RENOVISOR,matrix_32_z_abs,7,det_18_autonomy,0.3198353496508776,0.08474464092647786,0.30895711350462163,23.03,0.94,0.53,0.15
RENOVISOR,matrix_32_z_abs,7,det_13_technical_fit,0.3187241521896197,0.0940241791394183,0.30225697238373195,23.01,0.93,0.51,0.2
RENOVISOR,matrix_32_z_abs,7,det_29_trends,0.3178218339812658,0.0733135759354668,0.3193234242994405,23.02,0.94,0.63,0.11
RENOVISOR,matrix_32_z_abs,7,det_02_credit_score,0.31313510192655686,0.09772873667975,0.2957121791421472,23.63,0.91,0.48,0.17
RENOVISOR,matrix_32_z_abs,7,det_12_own_competence,0.31229289968263213,0.11081439673093832,0.29601204435518735,23.51,0.88,0.46,0.16
RENOVISOR,matrix_32_z_abs,7,det_25_agreement,0.3092644447403998,0.07796357417461,0.3056555138790966,23.58,0.95,0.53,0.12
RENOVISOR,matrix_32_z_abs,7,det_21_rights_and_duties,0.30634860849323986,0.09615879846403533,0.2861662314324222,24,0.9,0.43,0.13
RENOVISOR,matrix_32_z_abs,7,det_04_added_value,0.2869003681186025,0.06399991194520568,0.2814582628488751,25.44,0.95,0.35,0.06
RENOVISOR,matrix_32_z_abs,7,det_17_adherence,0.28579820428883823,0.06508839716526535,0.270393515704681,25.47,0.96,0.32,0.08
RENOVISOR,matrix_32_z_abs,8,det_06_climate_protection,0.8495416368638198,0.04159277574381842,0.8480408716323098,1.42,1,1,1
RENOVISOR,matrix_32_z_abs,8,det_14_environmental_concerns,0.738417412270559,0.047671639635990685,0.7429457028285367,3.07,1,1,1
RENOVISOR,matrix_32_z_abs,8,det_10_cost_efficiency,0.7251160161454127,0.13016299232890013,0.7413281329095701,4.18,1,1,0.97
RENOVISOR,matrix_32_z_abs,8,det_28_recognition,0.5946564972564061,0.08534071208984684,0.6142098845383818,7.06,1,1,0.95
RENOVISOR,matrix_32_z_abs,8,det_07_legal,0.592519526930941,0.1674994637104787,0.6124525020550544,8.39,0.99,0.97,0.82
RENOVISOR,matrix_32_z_abs,8,det_31_approval,0.5817191428004824,0.09535632900522503,0.5951055654660973,7.73,1,1,0.95
RENOVISOR,matrix_32_z_abs,8,det_24_socialising,0.5410152328733849,0.08609943469277107,0.553835001618913,9.02,1,1,0.92
RENOVISOR,matrix_32_z_abs,8,det_20_coziness,0.4902054323566012,0.1511168961757526,0.4877512667981341,12.97,1,0.87,0.71
RENOVISOR,matrix_32_z_abs,8,det_09_safety,0.48148377366864575,0.1641004354243251,0.4375062380996795,13.69,1,0.92,0.62
RENOVISOR,matrix_32_z_abs,8,det_05_frugality,0.47413027666742935,0.10781891230830781,0.4539678618542494,12.97,1,0.95,0.74
RENOVISOR,matrix_32_z_abs,8,det_30_authority,0.45363252906602103,0.08273082486047806,0.4659577967849646,13.64,1,0.95,0.77
RENOVISOR,matrix_32_z_abs,8,det_19_wellbeing,0.45035199299021345,0.14994208364509326,0.42303446154753177,14.95,0.97,0.85,0.58
RENOVISOR,matrix_32_z_abs,8,det_16_commitment,0.4409165828167263,0.12237181674620189,0.43768121742985355,15.41,1,0.86,0.61
RENOVISOR,matrix_32_z_abs,8,det_22_peer_pressure,0.4407140835996387,0.06988557226868784,0.4429367247356538,14.19,1,0.98,0.69
RENOVISOR,matrix_32_z_abs,8,det_15_self_satisfaction,0.3944506163722906,0.10550606554390926,0.3781106660558571,18.1,1,0.82,0.39
RENOVISOR,matrix_32_z_abs,8,det_01_profits,0.3907151695353841,0.10485342260980891,0.37726261103782854,18.32,1,0.8,0.4
RENOVISOR,matrix_32_z_abs,8,det_32_own_significance,0.3902990302543176,0.10820101062746774,0.3721100870347324,18.28,0.99,0.79,0.39
RENOVISOR,matrix_32_z_abs,8,det_23_support,0.38618365184999154,0.05010729402640052,0.38743990152187124,17.53,1,0.95,0.36
RENOVISOR,matrix_32_z_abs,8,det_03_risk_profile,0.37369093574595746,0.10442117925490287,0.3630426016741196,19.4,0.98,0.81,0.34
RENOVISOR,matrix_32_z_abs,8,det_11_knowledge,0.3694142968598837,0.11474084960047559,0.3673917234878218,19.68,0.96,0.71,0.37
RENOVISOR,matrix_32_z_abs,8,det_26_novelty,0.35996620591955597,0.12177171514531691,0.3302751453762252,20.76,0.95,0.64,0.28
RENOVISOR,matrix_32_z_abs,8,det_13_technical_fit,0.3440184085701027,0.1234787423295483,0.32357868419078323,21.78,0.93,0.56,0.23
RENOVISOR,matrix_32_z_abs,8,det_08_trust,0.34044619335484355,0.13335097316023892,0.30515558124721487,21.88,0.91,0.53,0.27
RENOVISOR,matrix_32_z_abs,8,det_27_fun,0.33577816460031684,0.09127141509388433,0.32088643008583584,22.18,0.98,0.63,0.16
RENOVISOR,matrix_32_z_abs,8,det_18_autonomy,0.3352920949855976,0.10054441431876766,0.3109728067077399,22.56,0.96,0.57,0.19
RENOVISOR,matrix_32_z_abs,8,det_21_rights_and_duties,0.3225033892992986,0.10511208833431156,0.30079137873420303,23.17,0.93,0.5,0.19
RENOVISOR,matrix_32_z_abs,8,det_02_credit_score,0.32034794891386575,0.10933682763338094,0.2944733067722859,23.48,0.93,0.49,0.22
RENOVISOR,matrix_32_z_abs,8,det_12_own_competence,0.3190452609297899,0.10965473036190755,0.30075701949215844,23.65,0.96,0.5,0.15
RENOVISOR,matrix_32_z_abs,8,det_29_trends,0.31021113058934124,0.07155815161619106,0.31411078914192453,23.71,0.94,0.59,0.09
RENOVISOR,matrix_32_z_abs,8,det_25_agreement,0.30631608731414445,0.08020616564143168,0.2863581567994069,24.11,0.96,0.45,0.13
RENOVISOR,matrix_32_z_abs,8,det_04_added_value,0.29960355239120134,0.07015584598264958,0.27482304590259593,24.82,0.97,0.39,0.13
RENOVISOR,matrix_32_z_abs,8,det_17_adherence,0.28581929104358683,0.0647375355036652,0.2778683993475025,25.9,0.96,0.3,0.07
