"D","assigned_pct","unassigned_pct"
0,30.6824125,69.3175875
2,57.9107125,42.0892875
4,84.9937625,15.0062375
6,89.8254125,10.1745875
8,95.065525,4.934475
10,100,0
