"cluster","Early Adopter","Uninterested","Homo Economicus","Fearful","Stubborn","Influencer","Careful","Activist"
"cluster_1",23.5294117647059,17.6470588235294,41.1764705882353,60,20,5.88235294117647,68.75,40
"cluster_2",25,5.55555555555556,35.2941176470588,27.7777777777778,21.4285714285714,6.25,52.9411764705882,42.8571428571429
"cluster_3",10.5263157894737,17.6470588235294,33.3333333333333,41.1764705882353,12.5,5.88235294117647,35,5
"cluster_4",23.5294117647059,11.1111111111111,33.3333333333333,41.1764705882353,20,5.88235294117647,42.1052631578947,23.5294117647059
"cluster_5",16.6666666666667,5.26315789473684,14.2857142857143,14.2857142857143,12.5,12.5,35,16.6666666666667
"cluster_6",23.5294117647059,11.1111111111111,14.2857142857143,20,12.5,0,42.1052631578947,31.25
"cluster_7",23.5294117647059,17.6470588235294,26.3157894736842,33.3333333333333,12.5,5.88235294117647,35,16.6666666666667
"cluster_8",16.6666666666667,11.1111111111111,33.3333333333333,33.3333333333333,20,5.88235294117647,35,23.5294117647059
