"D","assigned_pct","unassigned_pct"
0,40.230475,59.769525
2,83.40255,16.59745
4,96.8559125,3.1440875
6,99.0278125,0.9721875
8,99.499175,0.500825
10,99.8391125,0.1608875
