"D","assigned_pct","unassigned_pct"
0,99.094325,0.905675
2,99.9979125,0.0020875
4,100,0
6,100,0
8,100,0
10,100,0
