"D","assigned_pct","unassigned_pct"
0,55.4097375,44.5902625
2,99.7627625,0.2372375
4,99.99555,0.00445
6,100,0
8,100,0
10,100,0
