"cluster","n_patterns","pct_total_patterns","pct_rest_patterns"
1,121,56.8075117370892,100
2,92,43.1924882629108,43.1924882629108
