"D","assigned_pct","unassigned_pct"
0,87.6362125,12.3637875
2,99.9998375,0.0001625
4,100,0
6,100,0
8,100,0
10,100,0
