"cluster","n_patterns","pct_total_patterns","pct_rest_patterns"
"1",13593,42.277307788007,100
"2",16066,49.9688977357552,57.722692211993
"Restantes",2493,7.75379447623787,0
