"cluster","n_patterns","pct_total_patterns","pct_rest_patterns"
1,107,76.978417266187,100
2,32,23.021582733813,23.021582733813
