analysis_sample,matrix_name,matrix,h,p,coverage_kmeans,coverage_efa,mean_signature_size_kmeans,mean_signature_size_efa,mean_km_efa_overlap,median_km_efa_overlap,mean_km_efa_jaccard,median_km_efa_jaccard,mean_km_expert_jaccard_hungarian,mean_km_expert_best_jaccard,mean_efa_expert_jaccard_hungarian,mean_efa_expert_best_jaccard,n_km_efa_overlap_ge_50,n_km_expert_jaccard_ge_50,n_efa_expert_jaccard_ge_50
COMPLETE,matrix_32_raw_0_1,RAW,2,4,16.05267857142809,18.36592261904691,10.25,8.75,48.263888888888886,40.97222222222222,36.824252136752136,29.273504273504273,48.263888888888886,49.30555555555556,28.327228327228326,34.33372183372183,1,3,0
COMPLETE,matrix_32_raw_0_1,RAW,2,5,18.91556547618991,20.834851190475387,10.6,9.8,55,50,40.82051282051282,30.76923076923077,43.31699346405229,47.77777777777778,25.661782661782663,34.60983460983461,3,3,0
COMPLETE,matrix_32_raw_0_1,RAW,2,6,22.899761904761224,23.651339285713373,10.666666666666666,10,59.785353535353536,58.52272727272727,44.25291484115014,49.803921568627445,41.225699681582036,47.39057239057239,27.267171825995355,34.72388178270531,4,3,0
COMPLETE,matrix_32_raw_0_1,RAW,2,7,25.98083333333256,25.555952380951393,11,10.428571428571429,61.98939948939949,62.5,44.82459650526877,46.666666666666664,38.01488544135603,46.11499611499612,28.36001067093504,36.42999390898551,5,3,0
COMPLETE,matrix_32_raw_0_1,RAW,2,8,29.1869047619039,27.38547619047513,11.5,10.25,60.65389471639472,60.41666666666667,45.97154887596064,53.58974358974359,40.17478946706888,47.70356277709219,28.34429255385138,36.87624467036232,5,4,0
COMPLETE,matrix_32_raw_0_1,RAW,3,4,29.482142857142065,26.146339285713253,10.25,9,51.388888888888886,47.22222222222222,38.386752136752136,29.273504273504273,48.263888888888886,49.30555555555556,27.970085470085472,33.386752136752136,2,3,0
COMPLETE,matrix_32_raw_0_1,RAW,3,5,37.16187499999901,28.54955357142745,10.4,9.8,58.13131313131313,54.54545454545455,42.59126984126984,43.75,44.76495726495727,48.535353535353536,30.555555555555554,36.04273504273504,3,3,0
COMPLETE,matrix_32_raw_0_1,RAW,3,6,43.159166666665485,30.91238095237974,10.833333333333334,10.333333333333334,61.9042994042994,64.77272727272728,43.70000778089013,41.875,41.00783475783476,46.85638435638435,31.712962962962962,36.285612535612536,4,3,0
COMPLETE,matrix_32_raw_0_1,RAW,3,7,47.16485119047489,34.19267857142723,11.428571428571429,10.142857142857142,60.08491508491508,69.23076923076923,44.92898441427853,40,43.05690224807872,48.565976507152975,30.753968253968253,36.81623931623932,4,4,0
COMPLETE,matrix_32_raw_0_1,RAW,3,8,51.468928571427135,38.14059523809374,11.875,10.375,58.10460372960373,61.282051282051285,44.31286136249371,45,41.58103946706888,48.74522944375885,30.128586691086692,35.78563797313797,5,4,0
COMPLETE,matrix_32_raw_0_1,RAW,4,4,45.80663690476081,32.69669642857012,10.25,9.25,51.388888888888886,47.22222222222222,38.01910507792861,29.273504273504273,48.263888888888886,49.30555555555556,27.657585470085472,32.585470085470085,2,3,0
COMPLETE,matrix_32_raw_0_1,RAW,4,5,56.824553571427224,35.17800595237955,10.4,10,58.13131313131313,54.54545454545455,42.0765639589169,41.1764705882353,44.76495726495727,48.535353535353536,30.305555555555554,35.401709401709404,3,3,0
COMPLETE,matrix_32_raw_0_1,RAW,4,6,64.54491071428417,37.568779761903265,10.833333333333334,10.5,61.9042994042994,64.77272727272728,43.27108621226269,40.58823529411765,41.00783475783476,46.85638435638435,31.50462962962963,35.7514245014245,4,3,0
COMPLETE,matrix_32_raw_0_1,RAW,4,7,69.81636904761734,42.262976190474475,11.428571428571429,10.285714285714286,60.67987567987568,54.54545454545455,44.23235961051087,41.1764705882353,41.796398046398046,47.30547230547231,30.575396825396826,36.35836385836386,5,4,0
COMPLETE,matrix_32_raw_0_1,RAW,4,8,72.09550595237917,47.92392857142662,11.75,10.5,58.461746586746585,61.282051282051285,43.795226423902896,45,42.04059829059829,49.204788267288265,29.972336691086692,35.384996947496944,5,4,0
COMPLETE,matrix_32_raw_0_1,RAW,5,4,62.25889880952192,38.3003571428558,10.25,9.5,51.388888888888886,47.22222222222222,37.69230769230769,29.273504273504273,48.263888888888886,49.30555555555556,27.381850175967823,31.8986568986569,2,3,0
COMPLETE,matrix_32_raw_0_1,RAW,5,5,74.16636904761691,40.439999999998584,10.4,10.4,60.35353535353536,54.54545454545455,43.04761904761905,38.888888888888886,44.76495726495727,48.535353535353536,30.794369029663148,34.407814407814406,3,3,0
COMPLETE,matrix_32_raw_0_1,RAW,5,6,81.25934523809293,47.16407738095062,10.833333333333334,10.166666666666666,58.232970732970735,56.64335664335664,43.36212262682851,43.30065359477124,41.00783475783476,46.85638435638435,30.803586391821685,35.33984533984534,3,3,0
COMPLETE,matrix_32_raw_0_1,RAW,5,7,85.04398809523568,54.018928571426535,11.428571428571429,10.428571428571429,56.234321234321236,53.333333333333336,42.88181939442444,50,41.796398046398046,47.30547230547231,30.4847067031941,34.37292865864295,4,4,0
COMPLETE,matrix_32_raw_0_1,RAW,5,8,87.09336309523563,56.13916666666455,11.125,10.875,61.010586635586634,64.16666666666667,44.47447096247406,51.315789473684205,39.69684829059829,46.19998057498057,29.72967392085039,34.48807728219493,5,4,0
COMPLETE,matrix_32_raw_0_1,RAW,6,4,77.23610119047375,43.19169642856986,10.25,9.75,59.02777777777778,55.55555555555556,43.52564102564103,48.71794871794872,48.263888888888886,49.30555555555556,35.47008547008547,35.47008547008547,2,3,1
COMPLETE,matrix_32_raw_0_1,RAW,6,5,82.46294642856881,52.15273809523636,10.6,9.6,56.388888888888886,37.5,40.904761904761905,25,43.31699346405229,45.69444444444444,34.2002442002442,36.376068376068375,2,3,1
COMPLETE,matrix_32_raw_0_1,RAW,6,6,90.69184523809244,60.29172619047414,11,10,52.11894586894587,35.41666666666667,37.26190476190476,23.214285714285715,43.7898022456846,45.771011396011396,33.262108262108264,35.075295075295074,2,3,1
COMPLETE,matrix_32_raw_0_1,RAW,6,7,91.92360119047336,62.4516964285693,11.571428571428571,10.714285714285714,55.50671550671551,46.666666666666664,40.618093391202635,41.1764705882353,44.172771672771674,46.37515262515262,31.871723048193637,34.82644339787197,3,4,1
COMPLETE,matrix_32_raw_0_1,RAW,6,8,92.6948214285686,68.52639880952137,11.125,11.25,59.50587606837607,56.25,42.882101558572145,40.58823529411765,42.06026612276612,45.78659188034188,30.38775766716943,34.37938797313797,5,4,1
COMPLETE,matrix_32_raw_0_1,RAW,7,4,86.40255952380677,60.13919642856953,10,8.25,46.73611111111111,42.08333333333333,37.13477698771816,32.126696832579185,49.22542735042735,50.26709401709402,32.97008547008547,32.97008547008547,1,3,0
COMPLETE,matrix_32_raw_0_1,RAW,7,5,90.07133928571143,69.40196428571205,10.6,9,44.70940170940171,37.5,33.778783308195074,23.529411764705884,45.26269482151835,46.09602815485168,32.09035409035409,32.09035409035409,1,3,0
COMPLETE,matrix_32_raw_0_1,RAW,7,6,97.64330357142552,77.17032738094991,11,10,47.66381766381766,42.08333333333333,34.101367042543515,25.65359477124183,42.16335679570974,44.82361320596615,31.127926654242444,31.950295075295074,2,3,0
COMPLETE,matrix_32_raw_0_1,RAW,7,7,98.17279761904452,81.23580357142592,11.571428571428571,10.571428571428571,45.61660561660562,37.5,32.81250961923231,23.529411764705884,41.85430582489406,44.134525605113836,28.425883173782335,30.39348600438826,2,3,0
COMPLETE,matrix_32_raw_0_1,RAW,7,8,98.72919642856834,86.76208333333045,12,10.25,42.414529914529915,35.41666666666667,30.82533515078272,26.050420168067227,38.70585093011564,42.18913847590318,25.680032471828138,27.983189142728616,2,3,0
COMPLETE,matrix_32_raw_0_1,RAW,8,4,94.11985119047316,65.10660714285449,11.25,8.25,46.76816239316239,37.980769230769226,37.614087301587304,29.51388888888889,43.11683006535948,44.158496732026144,32.97008547008547,32.97008547008547,1,2,0
COMPLETE,matrix_32_raw_0_1,RAW,8,5,98.79437499999682,75.51324404761611,11.8,9,43.12881562881563,37.5,33.727633477633475,27.77777777777778,41.16013071895425,42.46965452847806,32.09035409035409,32.09035409035409,1,2,0
COMPLETE,matrix_32_raw_0_1,RAW,8,6,99.36502976190154,83.9079166666635,11.166666666666666,10,48.57956857956858,42.56410256410256,35.78495714525126,34.67261904761905,41.44296607531901,42.534235916588855,31.127926654242444,31.950295075295074,2,2,0
COMPLETE,matrix_32_raw_0_1,RAW,8,7,99.51458333333012,87.0908630952348,11.714285714285714,10.571428571428571,46.401534972963546,38.46153846153846,33.791764957731345,31.25,40.97222222222222,43.60077364279045,28.425883173782335,30.39348600438826,2,3,0
COMPLETE,matrix_32_raw_0_1,RAW,8,8,99.67098214285392,92.1819047619013,11.75,10.375,44.351343101343105,42.56410256410256,32.65220992243051,32.29166666666667,39.42212301587302,41.99683078359549,25.61135115314682,27.91008972752394,3,3,0
COMPLETE,matrix_32_pos_0_1,POS,2,4,25.392202380951765,18.278928571427908,9.75,10.25,54.82954545454545,68.75,40,50,55.5465367965368,55.5465367965368,36.450477626948214,36.450477626948214,3,3,0
COMPLETE,matrix_32_pos_0_1,POS,2,5,29.10544642857072,20.948898809523044,10.6,10.4,43.86363636363636,62.5,32,43.75,49.77813852813853,56.93722943722944,31.82704876822524,35.82704876822524,3,2,0
COMPLETE,matrix_32_pos_0_1,POS,2,6,34.83038690476104,22.744464285713455,11.333333333333334,10,43.91414141414141,53.33333333333333,35.763888888888886,40.625,45.219527204821325,55.78102453102453,29.300318417965478,32.79705044410927,3,2,0
COMPLETE,matrix_32_pos_0_1,POS,2,7,40.158244047618055,24.39705357142768,11.285714285714286,9.714285714285714,44.56709956709957,40,35.11069812540401,35.294117647058826,42.95050187907331,55.504614433185864,27.8956710889484,31.172982013318148,3,3,0
COMPLETE,matrix_32_pos_0_1,POS,2,8,46.65282738095122,24.850505952380047,11.625,9.5,43.68371212121212,38.75,34.95044703103913,39.16666666666667,40.25974025974026,56.60225191475192,28.188474107591755,32.48469259498671,3,4,0
COMPLETE,matrix_32_pos_0_1,POS,3,4,49.95788690476069,27.3496726190466,11.5,10.25,52.32954545454545,60.90909090909091,38.64583333333333,40.625,52.204290807231985,54.41017316017316,32.92483660130719,33.169934640522875,2,2,0
COMPLETE,matrix_32_pos_0_1,POS,3,5,61.306011904760425,31.86452380952261,12,10.8,43.53030303030303,40,33.021929824561404,25,50.38528138528139,56.38528138528139,30.089869281045754,34.22825540472599,2,3,0
COMPLETE,matrix_32_pos_0_1,POS,3,6,63.985595238093694,34.20488095237967,11.333333333333334,10.333333333333334,42.525252525252526,36.66666666666667,30.443376068376068,24.03846153846154,47.682178932178935,56.24699374699375,28.319522253345784,32.094974742033564,2,3,0
COMPLETE,matrix_32_pos_0_1,POS,3,7,69.28413690476022,34.640773809522514,10.857142857142858,11,49.290352504638214,40,36.96782964197825,25,45.41034362462934,56.00391671820243,30.15622915833,33.52501594429945,3,3,0
COMPLETE,matrix_32_pos_0_1,POS,3,8,71.96589285714111,35.0145238095225,11.375,11.5,55.420725108225106,59.65909090909091,42.62828368526898,42.013888888888886,41.35432582123759,56.356368304897714,31.634026716747307,35.584388951262014,4,4,1
COMPLETE,matrix_32_pos_0_1,POS,4,4,70.82232142856958,36.510297619046185,11.5,10.25,52.32954545454545,60.90909090909091,38.64583333333333,40.625,52.204290807231985,54.41017316017316,32.92483660130719,33.169934640522875,2,2,0
COMPLETE,matrix_32_pos_0_1,POS,4,5,78.7174107142837,41.06851190476028,12.2,10.8,44.53030303030303,40,33.021929824561404,25,49.52813852813853,55.52813852813853,30.089869281045754,34.22825540472599,2,3,0
COMPLETE,matrix_32_pos_0_1,POS,4,6,84.89937499999782,42.2031547619031,11.5,10.333333333333334,40.303030303030305,30,30.44486215538847,30.357142857142858,46.96789321789322,55.364357864357864,28.319522253345784,32.094974742033564,2,3,0
COMPLETE,matrix_32_pos_0_1,POS,4,7,87.93883928571202,47.89809523809331,11.285714285714286,10.428571428571429,47.44588744588744,45.45454545454545,36.72484783387039,35.714285714285715,45.43301936159079,56.026592455163886,30.396325196745366,33.75997835031448,3,3,0
COMPLETE,matrix_32_pos_0_1,POS,4,8,89.20782738095009,51.29029761904556,11.125,10.125,44.81060606060606,40,34.522634711779446,26.785714285714285,41.62889194139194,56.314935064935064,27.449853047279518,31.623314389858507,3,4,0
COMPLETE,matrix_32_pos_0_1,POS,5,4,85.66124999999776,44.24827380952211,11.5,10.25,52.32954545454545,60.90909090909091,38.64583333333333,40.625,52.204290807231985,54.41017316017316,32.92483660130719,33.169934640522875,2,2,0
COMPLETE,matrix_32_pos_0_1,POS,5,5,89.8879166666643,47.77622023809341,10.8,11.2,46.86363636363636,40,33.916666666666664,25,49.263432645785585,54.43722943722944,29.947712418300654,33.20261437908497,2,2,0
COMPLETE,matrix_32_pos_0_1,POS,5,6,91.85797619047378,48.72806547618861,10.833333333333334,10.666666666666666,43.598484848484844,33.63636363636364,31.38888888888889,21.875,45.94225219225219,54.33871683871684,27.97230003112356,31.240273887332712,2,3,0
COMPLETE,matrix_32_pos_0_1,POS,5,7,93.37306547618805,56.41458333333124,11.285714285714286,10.714285714285714,47.94526901669759,40,36.22269960615825,35.714285714285715,42.95050187907331,54.13906821469847,30.09870614912632,33.02737761771375,3,3,0
COMPLETE,matrix_32_pos_0_1,POS,5,8,93.74071428571185,60.884017857140584,10.875,10.375,47.67451298701299,42.72727272727273,34.57947754000386,30.357142857142858,40.75877247752248,52.728827545004016,27.18943638061285,30.982288748832868,3,3,0
COMPLETE,matrix_32_pos_0_1,POS,6,4,93.53127976190264,53.07351190475988,12,10.25,52.32954545454545,60.90909090909091,37.951388888888886,39.236111111111114,52.624458874458874,52.624458874458874,32.92483660130719,33.169934640522875,2,3,0
COMPLETE,matrix_32_pos_0_1,POS,6,5,95.4937797619026,55.2485119047598,12.6,11.2,46.53030303030303,40,35.97549019607843,35.294117647058826,49.8495670995671,55.8495670995671,29.947712418300654,33.20261437908497,2,3,0
COMPLETE,matrix_32_pos_0_1,POS,6,6,96.20660714285496,64.87330357142632,11.833333333333334,11.166666666666666,52.346681096681095,60.714285714285715,41.09068627450981,45.77205882352941,48.20797258297259,53.68416305916306,32.099284158107686,34.96051198257081,4,3,0
COMPLETE,matrix_32_pos_0_1,POS,6,7,96.84833333333114,70.18729166666418,12.285714285714286,10.714285714285714,49.27334570191713,40,38.572236586942466,35.294117647058826,44.68246389464877,51.89734984903052,29.69854608510071,32.347105508870214,3,3,0
COMPLETE,matrix_32_pos_0_1,POS,6,8,98.63071428571205,72.17041666666411,12.625,10.375,49.364177489177486,40,39.30487098685628,35.294117647058826,40.848800644659775,51.66018111790171,30.152894491129786,33.30371732026144,3,3,0
COMPLETE,matrix_32_pos_0_1,POS,7,4,97.49624999999776,61.44848214285468,12.25,10.25,53.99621212121212,64.24242424242424,39.583333333333336,50,53.75891265597148,53.75891265597148,32.92483660130719,33.169934640522875,2,3,0
COMPLETE,matrix_32_pos_0_1,POS,7,5,97.71488095237872,73.11270833333069,12.8,10.4,57.86363636363636,73.33333333333333,47.166666666666664,56.25,47.71301247771836,51.42818275635613,34.91129785247432,35.2859477124183,3,3,0
COMPLETE,matrix_32_pos_0_1,POS,7,6,99.41202380952151,78.39505952380667,12,10,56.275252525252526,74.16666666666666,44.513888888888886,58.125,44.30629827688651,47.40227350908465,31.870525988173046,32.18273420479303,4,3,0
COMPLETE,matrix_32_pos_0_1,POS,7,7,99.50937499999772,80.04458333333042,11.857142857142858,9.714285714285714,54.383116883116884,73.33333333333333,42.828947368421055,56.25,41.87293099057805,48.24956776969161,32.07949846605309,33.29948646125117,4,3,0
COMPLETE,matrix_32_pos_0_1,POS,7,8,99.62479166666438,85.39919642856829,12.125,9.75,56.21617965367965,66.66666666666666,45.55147058823529,56.25,37.94089795008912,47.687121798480156,32.62958446781976,34.81886883541296,5,3,0
COMPLETE,matrix_32_pos_0_1,POS,8,4,99.77529761904596,68.15372023809152,10.5,10.25,61.07954545454545,78.4090909090909,43.645833333333336,57.29166666666667,45.5770944741533,45.5770944741533,32.92483660130719,33.169934640522875,3,2,0
COMPLETE,matrix_32_pos_0_1,POS,8,5,99.8691964285698,80.83053571428181,10.2,10.4,59.974747474747474,75,42.28508771929825,56.25,46.46167557932264,46.46167557932264,34.91129785247432,35.2859477124183,4,3,0
COMPLETE,matrix_32_pos_0_1,POS,8,6,99.92395833333168,82.12925595237701,10.166666666666666,10,58.312289562289564,65.27777777777777,41.64782950967162,47.355769230769226,42.56421682892271,44.27361853832442,35.759414877061936,36.07162309368192,5,3,0
COMPLETE,matrix_32_pos_0_1,POS,8,7,99.9383928571412,87.00410714285303,10.714285714285714,10,58.78014842300556,60,45.19338504632622,56.25,39.54483891458681,43.2119737847292,36.1920525786072,37.41204057380528,6,3,0
COMPLETE,matrix_32_pos_0_1,POS,8,8,99.9616071428555,90.71473214285288,10.375,9.875,56.12012987012987,58.57142857142857,42.22278334410687,51.654411764705884,35.64340071693013,41.97714372830472,32.56090314913844,34.65861242515654,6,3,0
COMPLETE,matrix_32_ext_0_1,EXT,2,4,22.304999999999907,16.14276785714294,12.5,9.5,51.217948717948715,64.1025641025641,46.74242424242424,56.81818181818181,49.166666666666664,52.11538461538461,29.96031746031746,33.15972222222222,3,3,0
COMPLETE,matrix_32_ext_0_1,EXT,2,5,24.443630952380857,18.444285714285808,11.6,10.6,55.97435897435898,66.66666666666667,46.14393939393939,63.63636363636363,44,50.58119658119658,29.231411862990807,33.19444444444444,4,3,0
COMPLETE,matrix_32_ext_0_1,EXT,2,6,26.35455357142846,20.573273809523915,11.5,11,65.28360528360528,73.03030303030303,55.96320346320346,65.15151515151516,40.64814814814815,49.72675472675473,31.632846570927065,35.505174291939,5,3,0
COMPLETE,matrix_32_ext_0_1,EXT,2,7,28.140803571428453,21.676011904762017,11,11.428571428571429,65.2980352980353,72.72727272727273,52.09544423830138,63.63636363636363,36.26133786848072,48.97213897213897,31.927460592874127,36.78221288515406,6,3,0
COMPLETE,matrix_32_ext_0_1,EXT,2,8,29.08999999999988,23.324255952381073,10.75,11.5,68.246891996892,73.03030303030303,53.2758214008214,62.58741258741259,33.9278083028083,49.795066045066044,29.474989557226397,37.392769607843135,7,3,0
COMPLETE,matrix_32_ext_0_1,EXT,3,4,31.0419047619046,25.091636904761984,12,9.75,50.83333333333333,65,46.74242424242424,56.81818181818181,44.16666666666667,46.94444444444444,31.746031746031747,32.51869658119658,3,2,0
COMPLETE,matrix_32_ext_0_1,EXT,3,5,34.0222916666665,28.19074404761914,11.2,10.4,55,70,43.4331550802139,50,38.66666666666667,46.44444444444444,34.124829418947066,35.426721970839615,4,2,0
COMPLETE,matrix_32_ext_0_1,EXT,3,6,38.35050595238076,29.97080357142868,10.666666666666666,11,58.33333333333333,71.66666666666666,42.64309764309764,45,39.344729344729345,47.67806267806268,34.31971079029903,36.92967571644042,5,3,0
COMPLETE,matrix_32_ext_0_1,EXT,3,7,39.15044642857123,31.593392857142973,10.285714285714286,10.714285714285714,58.214285714285715,70,42.06709956709957,37.5,36.89986950491152,47.21611721611722,33.32845958896379,36.11829347123465,5,3,0
COMPLETE,matrix_32_ext_0_1,EXT,3,8,42.57892857142834,34.24288690476204,10.625,10.875,57.09134615384615,61.282051282051285,41.37845849802372,45,36.43896952720482,47.19645550527903,29.391788766788768,33.68684012066365,6,2,0
COMPLETE,matrix_32_ext_0_1,EXT,4,4,45.12818452380924,32.31047619047643,12,10,52.5,68.33333333333334,48.13131313131313,59.5959595959596,44.16666666666667,46.94444444444444,31.26984126984127,34.441773504273506,3,2,0
COMPLETE,matrix_32_ext_0_1,EXT,4,5,49.12190476190443,36.55622023809545,11.2,10.6,57.5,70,44.544266191325015,55.55555555555556,38.66666666666667,46.44444444444444,33.743877037994686,36.965183509301156,4,2,0
COMPLETE,matrix_32_ext_0_1,EXT,4,6,56.26794642857112,38.83011904761927,10.666666666666666,11.166666666666666,60.416666666666664,71.66666666666666,43.56902356902357,47.77777777777778,39.344729344729345,47.67806267806268,34.00225047283871,38.211726998491706,5,3,0
COMPLETE,matrix_32_ext_0_1,EXT,4,7,61.54827380952345,41.294732142857384,11,10.714285714285714,58.104395604395606,70,43.353947639661925,50,38.468720821662,47.58959994254112,33.370322487969545,37.148513251454425,5,2,0
COMPLETE,matrix_32_ext_0_1,EXT,4,8,63.88708333333297,42.6842559523812,10.75,10.375,59.348290598290596,69.61538461538461,44.752886002886,52.27272727272727,40.38918597742127,49.595445404268936,31.191239316239315,36.35110294117647,6,3,0
COMPLETE,matrix_32_ext_0_1,EXT,5,4,60.36666666666621,37.953422619048034,10.25,10.5,60.83333333333333,71.66666666666666,47.57575757575758,58.484848484848484,41.19047619047619,49.72222222222222,31.182121971595656,33.15972222222222,3,2,0
COMPLETE,matrix_32_ext_0_1,EXT,5,5,67.56764880952336,43.33735119047658,9.8,11,63.666666666666664,73.33333333333333,46.06060606060606,53.333333333333336,41.4993894993895,50.547008547008545,33.67370159939819,35.939542483660134,4,3,0
COMPLETE,matrix_32_ext_0_1,EXT,5,6,73.7642857142852,46.573988095238505,10.333333333333334,10.5,59.465811965811966,71.66666666666666,44.68013468013468,48.888888888888886,40.11826953003423,49.965644377409085,32.99121042929092,35.077823864588574,4,2,0
COMPLETE,matrix_32_ext_0_1,EXT,5,7,76.29735119047565,49.46973214285757,10.857142857142858,10.142857142857142,56.24934589220304,70,41.47186147186147,44.44444444444444,37.958516740029346,47.113409466350646,32.27573080514257,34.46231056525174,4,2,0
COMPLETE,matrix_32_ext_0_1,EXT,5,8,78.42038690476136,50.76657738095282,10.5,10.125,60.876831501831504,71.66666666666666,45.87121212121212,51.66666666666667,38.51752822341058,48.04241510123863,30.60868869692399,34.84202174459527,6,3,0
COMPLETE,matrix_32_ext_0_1,EXT,6,4,75.46705357142864,44.16148809523859,11.25,10.5,52.5,64.16666666666667,42.99242424242424,49.31818181818181,50.96153846153846,53.46153846153846,31.182121971595656,33.15972222222222,3,3,0
COMPLETE,matrix_32_ext_0_1,EXT,6,5,80.516875,51.26803571428629,10.8,11.2,59.22222222222222,70,44.51812240047534,44.44444444444444,45.47899159663866,50.76923076923077,33.15082578240473,35.416666666666664,4,3,0
COMPLETE,matrix_32_ext_0_1,EXT,6,6,86.53925595238083,55.948720238095824,10.5,10.666666666666666,56.75925925925926,71.66666666666666,41.14936125965538,39.33823529411765,43.333333333333336,50.64102564102564,32.555480581796374,34.64209401709402,4,3,0
COMPLETE,matrix_32_ext_0_1,EXT,6,7,87.29604166666655,58.38895833333395,11.142857142857142,10.285714285714286,52.77777777777778,66.66666666666667,40.923141984066355,37.5,41.607142857142854,48.16849816849817,30.567868172910188,32.754447933019364,4,3,0
COMPLETE,matrix_32_ext_0_1,EXT,6,8,87.84014880952368,64.51095238095293,11.625,10,52.77777777777778,58.333333333333336,42.153584719374194,38.888888888888886,38.489583333333336,46.31410256410256,29.524662429074194,32.50629578754579,5,3,0
COMPLETE,matrix_32_ext_0_1,EXT,7,4,87.28169642857196,58.94952380952329,10.75,10.25,50.83333333333333,60,41.268568033273915,42.92929292929293,44.88095238095238,47.3051948051948,34.85958485958486,35.9375,3,2,0
COMPLETE,matrix_32_ext_0_1,EXT,7,5,89.03708333333385,64.03895833333284,10.6,9.8,49.666666666666664,70,38.9831083948731,50,44.417582417582416,47.074925074925076,34.04151404151404,34.90384615384615,3,2,0
COMPLETE,matrix_32_ext_0_1,EXT,7,6,89.84139880952432,67.12797619047574,11.166666666666666,9.5,47.1031746031746,50,36.50553150553151,35,42.57020757020757,45.36945510629721,31.74094424094424,32.65796703296703,3,2,0
COMPLETE,matrix_32_ext_0_1,EXT,7,7,92.1877380952386,74.88999999999949,11.428571428571429,9.285714285714286,46.732077446363164,35.714285714285715,36.444517200819725,29.41176470588235,43.082155939298794,45.481510970232776,31.10262753119896,32.38814756671899,3,2,0
COMPLETE,matrix_32_ext_0_1,EXT,7,8,93.39702380952431,76.16470238095188,11.125,9.625,47.53243284493284,38.75,35.46262560968444,25.3968253968254,43.145604395604394,48.12965543228701,28.727404131815895,31.280805591467356,3,3,0
COMPLETE,matrix_32_ext_0_1,EXT,8,4,92.04773809523928,66.2818452380945,12.5,10.25,58.33333333333333,70,47.436868686868685,55.55555555555556,46.954887218045116,46.954887218045116,34.85958485958486,35.9375,3,2,0
COMPLETE,matrix_32_ext_0_1,EXT,8,5,92.27613095238212,71.2591666666659,13,9.8,50.666666666666664,70,40.94949494949495,50,43.81390977443609,44.230576441102755,32.17338217338217,33.035714285714285,3,2,0
COMPLETE,matrix_32_ext_0_1,EXT,8,6,93.5212202380964,79.2523511904754,12.333333333333334,9.5,50.74074074074074,57.22222222222222,41.56759906759907,34.43223443223443,40.67825814536341,41.620718462823724,31.74094424094424,32.65796703296703,3,2,0
COMPLETE,matrix_32_ext_0_1,EXT,8,7,93.6455357142869,82.37967261904681,12.714285714285714,9.428571428571429,49.2063492063492,44.44444444444444,39.40154616625205,35.294117647058826,39.33136412459721,41.68993913354816,29.564165992737422,30.849686028257455,3,2,0
COMPLETE,matrix_32_ext_0_1,EXT,8,8,95.52047619047735,83.40309523809444,12.25,9.875,50.833333333333336,53.333333333333336,38.75284942525655,36.39705882352941,38.2369212637208,41.47869674185464,28.11654440330911,30.669945862960567,4,2,0
COMPLETE,matrix_32_z_abs,Z_ABS,2,4,10.887529761904474,12.383779761905084,10.25,10,61.160714285714285,68.75,47.7014652014652,50.714285714285715,27.13001867413632,30.106209150326798,32.14781746031746,40.122655122655125,2,0,1
COMPLETE,matrix_32_z_abs,Z_ABS,2,5,12.054910714285397,13.905327380952745,11,10.6,58.214285714285715,71.42857142857143,48.68705207835642,70,23.23342670401494,29.418300653594773,35.13001867413632,41.50988880400645,3,0,1
COMPLETE,matrix_32_z_abs,Z_ABS,2,6,13.14991071428537,14.26889880952418,11.666666666666666,10.166666666666666,56.388888888888886,54.464285714285715,47.02756985365681,46.42857142857143,21.742141300964832,27.456427015250547,31.12152553329024,41.99898141074612,3,0,1
COMPLETE,matrix_32_z_abs,Z_ABS,2,7,14.391279761904386,14.91065476190515,11.571428571428571,10,49.16821273964131,37.5,40.819549670481344,25,19.882865426872502,25.676937441643325,32.45290423861852,43.141984066353814,3,0,2
COMPLETE,matrix_32_z_abs,Z_ABS,2,8,15.000565476190086,15.540625000000404,11.5,10.5,54.56845238095238,61.36363636363637,44.251769827217394,44.85294117647059,17.520862511671336,26.633986928104576,28.396291208791208,41.08256939139292,5,0,2
COMPLETE,matrix_32_z_abs,Z_ABS,3,4,19.99892857142804,17.218035714286174,10.5,9.75,50.74404761904762,54.166666666666664,44.625603864734295,47.58454106280193,26.772875816993462,29.465183509301156,40.33613445378151,45.855614973262036,2,0,1
COMPLETE,matrix_32_z_abs,Z_ABS,3,5,20.972410714285157,18.77020833333383,10.8,10.8,58.92857142857143,75,48.879970271274615,69.23076923076923,22.594771241830067,29.72599296128708,35.602240896358545,43.35115864527629,3,0,1
COMPLETE,matrix_32_z_abs,Z_ABS,3,6,22.393333333332745,19.87110119047672,10.666666666666666,11.333333333333334,59.66269841269841,66.66666666666666,47.26851851851852,53.75,20.78976034858388,27.33576336517513,31.12356053532524,40.57040998217469,4,0,1
COMPLETE,matrix_32_z_abs,Z_ABS,3,7,24.06764880952318,21.145178571429135,10.285714285714286,10.857142857142858,54.7108843537415,50,42.55668934240363,45,19.724556489262373,25.335416217769158,29.73856209150327,38.670741023682204,4,0,1
COMPLETE,matrix_32_z_abs,Z_ABS,3,8,25.25482142857077,21.801458333333912,10.75,11,50.99702380952381,40,39.22123015873016,30,17.258986928104576,23.79892397315671,29.269122421695954,38.64459070341423,4,0,1
COMPLETE,matrix_32_z_abs,Z_ABS,4,4,26.834226190475608,24.4539880952386,11,11.5,54.464285714285715,55.357142857142854,41.994884910485936,43.98976982097187,26.184640522875817,28.43954248366013,38.91117052881759,43.07783719548426,2,0,1
COMPLETE,matrix_32_z_abs,Z_ABS,4,5,30.53226190476124,27.261726190476775,10.4,10.8,48.57142857142857,25,36.4530507855316,17.391304347826086,23.61437908496732,25.41830065359477,36.583481877599525,39.91681521093286,2,0,1
COMPLETE,matrix_32_z_abs,Z_ABS,4,6,33.129761904761175,30.56622023809591,10.833333333333334,10.333333333333334,53.47985347985348,50,41.36346300533943,38.69565217391305,21.1369825708061,25.94382197323374,32.86718727895199,36.20518914636562,3,0,1
COMPLETE,matrix_32_z_abs,Z_ABS,4,7,34.74214285714209,32.22020833333405,10.571428571428571,10,53.08302808302808,50,40.46066252587992,37.5,19.3499856082784,26.1336655874471,30.076636715292178,33.41397164926577,4,0,1
COMPLETE,matrix_32_z_abs,Z_ABS,4,8,37.6830952380944,34.014166666667435,11.125,9.75,57.22794566544567,59.72222222222222,46.084020146520146,48.75,22.585999312005505,29.116957389016214,29.746544305367834,33.40389185977421,4,1,1
COMPLETE,matrix_32_z_abs,Z_ABS,5,4,34.908303571427545,33.22148809523875,11,9.5,38.39285714285714,23.214285714285715,28.492822966507177,16.985645933014354,26.184640522875817,28.43954248366013,42.2979797979798,42.2979797979798,1,0,2
COMPLETE,matrix_32_z_abs,Z_ABS,5,5,40.79494047618921,38.75005952381026,10.4,9.2,45.714285714285715,25,34.79425837320574,18.181818181818183,23.61437908496732,25.41830065359477,37.17171717171718,37.367795603089725,2,0,2
COMPLETE,matrix_32_z_abs,Z_ABS,5,6,45.572886904760466,41.33357142857221,11.166666666666666,9,54.72222222222222,51.66666666666667,43.77245196324144,46.66666666666667,28.0119825708061,29.515250544662308,33.1986531986532,33.917607447019215,4,1,2
COMPLETE,matrix_32_z_abs,Z_ABS,5,7,47.28416666666518,43.74964285714371,11.571428571428571,8.857142857142858,51.802721088435376,50,41.4421470342523,33.333333333333336,24.76215047422478,29.10830999066293,32.851592851592855,33.83413971649266,4,1,2
COMPLETE,matrix_32_z_abs,Z_ABS,5,8,49.617172619046066,45.70770833333423,12,8.75,50.788690476190474,42.857142857142854,41.51752578561789,37.5,23.09232026143791,28.310680332739157,30.077561327561327,32.28344368050251,3,1,1
COMPLETE,matrix_32_z_abs,Z_ABS,6,4,42.799255952379326,39.370059523810475,11.5,10.25,41.041666666666664,28.75,30,20,25.5718954248366,27.655228758169933,40.324295587453484,40.324295587453484,1,0,1
COMPLETE,matrix_32_z_abs,Z_ABS,6,5,50.9114285714267,48.12809523809655,10.8,9.8,47.833333333333336,37.5,36,25,23.124183006535947,24.790849673202615,35.59276980329612,35.78884823466867,2,0,1
COMPLETE,matrix_32_z_abs,Z_ABS,6,6,58.36610119047407,51.89366071428712,11.5,9.5,56.388888888888886,51.66666666666667,44.44444444444444,43.333333333333336,27.603485838779957,28.992374727668846,31.88286372496899,32.601817973335,4,1,1
COMPLETE,matrix_32_z_abs,Z_ABS,6,7,60.26479166666449,56.22633928571581,12,9.285714285714286,53.214285714285715,46.666666666666664,42.44845095228727,35.294117647058826,26.04108309990663,28.097360156183687,31.723773302720673,32.706320167620476,3,1,1
COMPLETE,matrix_32_z_abs,Z_ABS,6,8,63.61848214285488,57.50508928571584,12.125,10,53.03685897435898,40,41.619296757164406,33.27205882352941,23.046364379084967,26.928940136660724,32.488693796743334,33.76508897019733,3,1,1
COMPLETE,matrix_32_z_abs,Z_ABS,7,4,56.71273809523605,53.90866071428767,9.75,8.5,47.083333333333336,44.16666666666667,37.38095238095238,34.76190476190476,23.022875816993466,23.26797385620915,34.209744503862154,34.209744503862154,2,0,1
COMPLETE,matrix_32_z_abs,Z_ABS,7,5,67.03279761904558,58.80744047619257,10.8,8.4,58.333333333333336,53.333333333333336,47.23809523809524,53.333333333333336,28.41830065359477,28.61437908496732,30.701128936423057,30.701128936423057,4,1,1
COMPLETE,matrix_32_z_abs,Z_ABS,7,6,71.83874999999783,65.92690476190691,11.166666666666666,8.333333333333334,57.38247863247863,46.66666666666667,47.159062342885875,44.31372549019608,26.806917211328976,26.970315904139433,30.712479241891007,31.139829669241436,3,1,1
COMPLETE,matrix_32_z_abs,Z_ABS,7,7,74.74803571428346,68.08883928571649,10.714285714285714,9.285714285714286,59.8992673992674,53.333333333333336,45.76819189214147,35.294117647058826,26.453209488923775,27.879318394024278,33.46783935019229,33.83413971649266,4,1,2
COMPLETE,matrix_32_z_abs,Z_ABS,7,8,75.86741071428344,68.89622023809746,11.125,9.625,60.95352564102564,51.66666666666667,45.84373653307477,40.83333333333333,23.357843137254903,26.73815359477124,29.964779372674112,31.167372251931077,5,1,2
COMPLETE,matrix_32_z_abs,Z_ABS,8,4,60.36440476190209,61.89062500000142,10,8.5,45,40,36.01731601731602,32.03463203463204,25.93954248366013,26.184640522875817,34.209744503862154,34.209744503862154,2,0,1
COMPLETE,matrix_32_z_abs,Z_ABS,8,5,73.04666666666402,70.8681250000017,11,8.4,54.16666666666667,53.333333333333336,44.095904095904096,53.333333333333336,30.751633986928105,30.947712418300654,33.83838383838384,34.03446226975639,3,1,1
COMPLETE,matrix_32_z_abs,Z_ABS,8,6,78.53657738094958,72.8588690476208,11.333333333333334,9.5,57.10470085470086,52.56410256410257,45.81112923024688,42.89772727272727,28.751361655773422,28.91476034858388,36.53198653198653,36.69538522479699,3,1,2
COMPLETE,matrix_32_z_abs,Z_ABS,8,7,82.34985119047327,76.53279761904945,10.857142857142858,10,60.61355311355312,53.333333333333336,45.66124002048372,40,28.925736961451246,29.545985060690942,32.8948828948829,33.401239283592226,5,1,2
COMPLETE,matrix_32_z_abs,Z_ABS,8,8,83.96244047618752,77.3569940476209,10.875,10.625,60.80079642579643,49.743589743589745,45.47956945015768,40,26.465482026143793,28.531308356676004,33.965731980437866,35.476084373143195,4,1,3
EUROPE,matrix_32_raw_0_1,RAW,2,4,18.02532738095205,15.081577380952032,9.75,9,56.73611111111111,59.722222222222214,43.020833333333336,44.79166666666667,45.55555555555556,52.5,34.32539682539682,40.33189033189033,2,3,1
EUROPE,matrix_32_raw_0_1,RAW,2,5,22.12321428571387,17.355089285713884,10,10,59.93434343434343,72.72727272727273,43.82843137254902,47.05882352941177,43.111111111111114,48.666666666666664,30.989729225023343,39.40836940836941,3,3,1
EUROPE,matrix_32_raw_0_1,RAW,2,6,25.567261904761423,19.397827380951934,10.166666666666666,10.833333333333334,61.157407407407405,68.88888888888889,43.196164430684554,43.91447368421053,39.4973544973545,48.131313131313135,31.65810768751945,38.67364117364117,4,3,1
EUROPE,matrix_32_raw_0_1,RAW,2,7,28.14116071428519,21.705505952380452,10.714285714285714,10.714285714285714,58.883219954648524,60,42.363162656366896,42.857142857142854,38.84437108176604,47.50541125541125,33.62902736852317,39.64234178519893,5,2,1
EUROPE,matrix_32_raw_0_1,RAW,2,8,29.91139880952325,23.22098214285661,11.25,10.875,54.55853174603175,51.42857142857143,38.95099100853156,34.58646616541353,37.29983660130719,45.733901515151516,31.06500933706816,38.25847763347763,4,2,1
EUROPE,matrix_32_raw_0_1,RAW,3,4,34.44913690476126,21.133273809523324,10.25,9.5,49.22348484848485,52.08333333333333,34.80113636363636,38.35227272727273,46.94444444444444,46.94444444444444,33.65575396825397,38.58363858363858,2,2,1
EUROPE,matrix_32_raw_0_1,RAW,3,5,38.51199404761833,24.64083333333276,11.2,10.6,50.04545454545455,60,33.561460469355204,31.57894736842105,43.80555555555556,44.22222222222222,33.92460317460318,37.866910866910864,3,2,1
EUROPE,matrix_32_raw_0_1,RAW,3,6,43.61791666666585,28.402083333332655,11.666666666666666,10.5,50.43470418470419,59.16666666666667,35.150613275613274,37.33766233766234,43.9229302832244,45.74074074074074,35.84626022126022,39.13151663151663,4,2,1
EUROPE,matrix_32_raw_0_1,RAW,3,7,46.26315476190389,30.76372023809451,11.428571428571429,11,50.032467532467535,50,34.361507448829336,31.818181818181817,44.28087901827398,47.53968253968254,34.2967944753659,37.11272854129997,4,3,1
EUROPE,matrix_32_raw_0_1,RAW,3,8,48.000773809522904,35.507708333332474,11,11.125,54.72943722943723,54.16666666666667,37.620816195384606,31.534090909090907,40.23386437908497,47.15277777777778,33.13469516594517,36.64030414030414,5,3,1
EUROPE,matrix_32_raw_0_1,RAW,4,4,48.2333035714277,25.714672619047008,11.5,9.5,47.55681818181819,52.08333333333333,34.05708874458875,38.35227272727273,39.75694444444444,40.27777777777778,33.65575396825397,38.58363858363858,2,1,1
EUROPE,matrix_32_raw_0_1,RAW,4,5,53.38779761904662,29.64916666666595,11,10.6,51.37878787878788,62.5,33.91233766233766,33.333333333333336,44.113247863247864,44.52991452991453,33.92460317460318,37.866910866910864,3,2,1
EUROPE,matrix_32_raw_0_1,RAW,4,6,58.17550595237985,35.53776785714195,11.5,10.5,50.15692640692641,56.25,33.960137085137085,33.76623376623377,43.726851851851855,45.997150997150996,35.84626022126022,39.13151663151663,4,2,1
EUROPE,matrix_32_raw_0_1,RAW,4,7,60.14982142857029,38.76508928571331,11.142857142857142,11,51.166254380540096,55.55555555555556,33.716279660744405,33.333333333333336,44.87038754895897,48.517038517038515,34.2967944753659,37.11272854129997,4,3,1
EUROPE,matrix_32_raw_0_1,RAW,4,8,67.92749999999874,46.35386904761796,11.5,11.125,50.81213924963925,52.77777777777778,33.57616341991342,33.333333333333336,42.833017676767675,46.91669441669442,33.13469516594517,36.64030414030414,6,3,1
EUROPE,matrix_32_raw_0_1,RAW,5,4,59.7369047619041,29.72925595238033,12.25,9.75,46.279761904761905,52.08333333333333,34.83403110047847,38.35227272727273,42.361111111111114,42.88194444444444,33.38001867413632,37.8968253968254,2,1,1
EUROPE,matrix_32_raw_0_1,RAW,5,5,62.530089285713565,33.53616071428499,11.4,10.8,49.523809523809526,62.5,33.94175904187345,31.25,43.03327391562686,45.214646464646464,33.704014939309054,37.317460317460316,3,1,1
EUROPE,matrix_32_raw_0_1,RAW,5,6,73.84961309523727,41.76755952380871,11.833333333333334,10.666666666666666,47.51984126984127,50,33.79044201412622,34.65909090909091,41.41661715191127,43.631253006253004,35.662436691848455,38.67364117364117,4,1,1
EUROPE,matrix_32_raw_0_1,RAW,5,7,76.68288690476105,45.52178571428478,11.285714285714286,11.142857142857142,49.65986394557823,50,33.14794019681238,33.333333333333336,42.8044178044178,45.09052455481027,34.13923145015582,36.720263863121005,5,2,1
EUROPE,matrix_32_raw_0_1,RAW,5,8,78.7896726190467,55.33598214285611,11.625,11.25,49.851190476190474,50,33.428920312143994,32.29166666666667,42.02824340691988,46.07185604428251,32.99682751888634,36.29689754689755,6,2,1
EUROPE,matrix_32_raw_0_1,RAW,6,4,70.2252380952373,35.591041666665824,12.25,10,40.68452380952381,43.452380952380956,28.078827875023528,28.668478260869563,42.361111111111114,42.88194444444444,37.71825396825397,37.71825396825397,2,1,1
EUROPE,matrix_32_raw_0_1,RAW,6,5,83.62014880952293,45.7454166666658,12.6,10,40.88095238095238,50,29.06983367509683,31.818181818181817,40.55555555555556,41.448412698412696,39.265512265512264,39.265512265512264,3,1,1
EUROPE,matrix_32_raw_0_1,RAW,6,6,87.82300595238,49.86928571428471,11.833333333333334,10.666666666666666,45.11904761904762,43.75,30.908626397756834,29.710144927536234,40.46296296296296,41.20701058201058,36.88792688792689,36.88792688792689,3,1,1
EUROPE,matrix_32_raw_0_1,RAW,6,7,89.86776785714187,52.21005952380846,12.285714285714286,11.285714285714286,51.054421768707485,50,36.66117556782518,37.5,44.50396825396825,45.141723356009074,33.999175427746856,36.380127808699235,4,2,1
EUROPE,matrix_32_raw_0_1,RAW,6,8,91.88101190476088,62.89273809523694,12.375,11.375,52.15659340659341,54.16666666666667,36.910709308807135,35.41666666666667,40.786210317460316,44.30670024420024,32.874278499278496,35.999278499278496,5,2,1
EUROPE,matrix_32_raw_0_1,RAW,7,4,90.9777083333328,52.08925595238009,12,8.75,38.839285714285715,39.285714285714285,28.501794258373206,29.276315789473685,42.88194444444444,43.47718253968254,40.33189033189033,40.33189033189033,2,1,1
EUROPE,matrix_32_raw_0_1,RAW,7,5,94.15193452380896,55.9894047619038,11.2,9.8,45.714285714285715,50,32.083486688749844,33.333333333333336,42.30555555555556,42.78174603174603,37.265512265512264,37.265512265512264,3,1,1
EUROPE,matrix_32_raw_0_1,RAW,7,6,94.81232142857084,65.58773809523707,11.666666666666666,10.166666666666666,44.04761904761905,43.75,30.704492875545508,28.571428571428573,39.699074074074076,41.60383597883598,36.61014911014911,36.61014911014911,3,1,1
EUROPE,matrix_32_raw_0_1,RAW,7,7,95.94502976190417,72.3780654761892,11.142857142857142,9.857142857142858,46.683673469387756,50,32.203385586844234,33.333333333333336,37.202380952380956,39.94614512471655,34.04503992739287,35.77573220430363,4,1,1
EUROPE,matrix_32_raw_0_1,RAW,7,8,96.30386904761842,82.25711309523679,11.25,9.625,42.93154761904762,43.75,30.149783513270357,28.157894736842103,34.114583333333336,38.79903083028083,33.19850084555967,34.712856587856585,4,1,1
EUROPE,matrix_32_raw_0_1,RAW,8,4,95.6207738095234,61.17839285714092,12.25,8.75,40.029761904761905,41.66666666666667,29.817583732057415,31.907894736842103,44.44444444444444,45.03968253968254,40.33189033189033,40.33189033189033,2,2,1
EUROPE,matrix_32_raw_0_1,RAW,8,5,97.32806547619003,68.69687499999785,11.4,9.8,45.23809523809524,42.857142857142854,31.923997055576002,27.272727272727273,43.55555555555556,44.03174603174603,38.265512265512264,38.265512265512264,2,2,1
EUROPE,matrix_32_raw_0_1,RAW,8,6,97.51110119047574,80.0187499999978,12,9.5,42.83730158730159,42.26190476190476,30.3334092807777,27.922077922077925,41.05820105820106,42.24867724867725,36.433381433381435,36.433381433381435,2,2,1
EUROPE,matrix_32_raw_0_1,RAW,8,7,97.60360119047574,82.87818452380725,12.428571428571429,10.285714285714286,46.30952380952381,46.666666666666664,33.317824737550524,31.818181818181817,39.889754147272946,43.35600907029478,34.589957194999215,34.589957194999215,3,2,1
EUROPE,matrix_32_raw_0_1,RAW,8,8,98.21830357142812,88.49380952380713,12,10.125,48.93353174603175,48.33333333333333,34.46961320413333,34.87394957983194,38.735380116959064,42.48196248196248,33.10103397419574,34.81166709107885,4,2,1
EUROPE,matrix_32_pos_0_1,POS,2,4,31.590714285713897,13.277083333333623,11.25,9.75,22.94871794871795,19.23076923076923,21.145833333333336,15.625,63.72159090909091,63.72159090909091,28.5515873015873,32.44047619047619,1,4,0
EUROPE,matrix_32_pos_0_1,POS,2,5,37.15366071428525,14.809583333333658,11.8,10.2,33.914529914529915,38.46153846153846,29.75,31.25,56.54029793735676,63.83441558441559,34.39265962795375,38.26007326007326,2,4,1
EUROPE,matrix_32_pos_0_1,POS,2,6,40.46666666666616,16.476517857143218,11.333333333333334,10.333333333333334,36.59544159544159,44.230769230769226,29.23611111111111,28.958333333333336,53.17752100840336,64.30645743145743,32.231978261390026,36.050061050061046,3,4,1
EUROPE,matrix_32_pos_0_1,POS,2,7,43.662619047618506,17.79217261904801,11.428571428571429,10.857142857142858,43.153235653235654,38.46153846153846,32.97291993720565,31.25,50.17857142857143,65.83410636982066,30.91350170297539,35.94206913534644,3,4,1
EUROPE,matrix_32_pos_0_1,POS,2,8,46.093035714285136,18.557708333333743,11.5,10.5,43.234508547008545,39.743589743589745,33.698967086834735,32.29166666666667,45.1891447368421,63.854843073593074,28.272947382854504,34.85840140251905,3,4,1
EUROPE,matrix_32_pos_0_1,POS,3,4,51.12541666666604,19.52526785714329,11.25,9.75,22.94871794871795,19.23076923076923,21.145833333333336,15.625,63.72159090909091,63.72159090909091,28.5515873015873,32.44047619047619,1,4,0
EUROPE,matrix_32_pos_0_1,POS,3,5,55.09235119047551,21.801517857143335,11.6,10.2,33.914529914529915,38.46153846153846,28.5,31.25,56.31060606060606,62.40584415584416,34.39265962795375,38.26007326007326,2,4,1
EUROPE,matrix_32_pos_0_1,POS,3,6,59.113690476189745,24.579464285714835,11,10.833333333333334,47.567663817663814,56.730769230769226,36.31944444444444,38.95833333333333,50.96590909090909,61.09577922077922,34.216105245517014,37.76574732457085,3,4,1
EUROPE,matrix_32_pos_0_1,POS,3,7,62.843958333332544,25.9384226190482,11.428571428571429,10.428571428571429,46.894732251875105,42.857142857142854,36.48809523809524,37.5,47.256493506493506,59.930835970751936,31.47741147741148,36.26674446002177,3,4,1
EUROPE,matrix_32_pos_0_1,POS,3,8,65.6177976190468,29.117708333333987,11.25,10.25,49.78289072039072,56.42857142857143,39.21875,42.08333333333333,43.11079545454545,59.93948147440794,31.70940170940171,37.98340140251905,4,4,1
EUROPE,matrix_32_pos_0_1,POS,4,4,67.12967261904674,26.391190476191127,11.5,9.75,24.49404761904762,22.32142857142857,22.708333333333336,18.75,62.894385026737964,62.99242424242424,28.5515873015873,32.44047619047619,1,4,0
EUROPE,matrix_32_pos_0_1,POS,4,5,71.12357142857049,29.595238095238827,10.8,10.6,42.404761904761905,42.857142857142854,29.547619047619047,37.5,55.16399286987522,61.303030303030305,29.507936507936506,33.01120448179272,2,4,0
EUROPE,matrix_32_pos_0_1,POS,4,6,73.60586309523711,31.941726190476977,11.5,11,51.26322751322751,58.92857142857143,39.70679012345679,42.08333333333333,49.891562685680334,59.41919191919192,33.48350451291628,37.03314659197012,3,4,1
EUROPE,matrix_32_pos_0_1,POS,4,7,77.75467261904656,36.975297619048455,11.571428571428571,10.714285714285714,53.46371882086168,66.66666666666667,42.82560032560033,46.666666666666664,47.34402852049911,59.502164502164504,33.94470608756323,38.88555422168868,4,4,2
EUROPE,matrix_32_pos_0_1,POS,4,8,79.43827380952273,40.43565476190568,11.75,10.375,53.27648046398046,55.55555555555556,42.52073906485671,42.08333333333333,42.52450980392157,57.94674688057041,32.68838596044478,37.4339508530685,4,4,1
EUROPE,matrix_32_pos_0_1,POS,5,4,79.46398809523704,32.62461309523891,11.75,10,26.041666666666668,25.416666666666668,22.15686274509804,17.647058823529413,62.15909090909091,62.15909090909091,29.94047619047619,32.023809523809526,1,4,0
EUROPE,matrix_32_pos_0_1,POS,5,5,81.47586309523702,36.30508928571516,11.2,10.8,41.5,40,29.322455322455323,23.076923076923077,54.72727272727273,59.72727272727273,30.61904761904762,32.67787114845938,2,4,0
EUROPE,matrix_32_pos_0_1,POS,5,6,83.3681249999989,43.73910714285811,11.833333333333334,10.5,44.9537037037037,47.77777777777778,32.76871276871277,36.53846153846154,49.52762923351159,58.10606060606061,33.54575163398693,35.564892623716155,3,4,1
EUROPE,matrix_32_pos_0_1,POS,5,7,86.012232142856,45.89824404762007,12,11.142857142857142,52.45115995115995,55.55555555555556,40.267249090778506,50,45.54749172396231,56.47186147186147,33.717948717948715,37.62705082032813,4,4,2
EUROPE,matrix_32_pos_0_1,POS,5,8,89.23687499999883,46.578273809524845,12.125,10.875,54.42040598290598,60.769230769230774,42.4012099012099,55.84415584415585,41.59684372000549,56.44412878787879,33.0996963562753,39.173669467787114,5,4,1
EUROPE,matrix_32_pos_0_1,POS,6,4,86.46976190476131,49.42089285714409,11.5,8.5,42.083333333333336,46.66666666666667,35.79322638146168,44.31372549019608,61.25,63.75,38.273809523809526,38.273809523809526,2,4,1
EUROPE,matrix_32_pos_0_1,POS,6,5,87.64994047618987,51.225505952382235,10.8,9.8,58,75,48.81758764111705,54.54545454545455,53.44444444444444,61.90909090909091,39.86274509803921,40.61904761904762,3,4,2
EUROPE,matrix_32_pos_0_1,POS,6,6,92.730416666666,54.037380952382314,11.5,10.666666666666666,62.91666666666667,75,49.80618510030275,60.60606060606061,48.45860566448802,58.60845295055822,37.39316239316239,40.71195144724557,4,4,2
EUROPE,matrix_32_pos_0_1,POS,6,7,95.56431547618976,61.90431547619195,11.571428571428571,10.285714285714286,58.69047619047619,75,47.04086762910292,50,44.89729225023343,57.378673957621324,35.947385947385946,38.79206227945724,4,4,2
EUROPE,matrix_32_pos_0_1,POS,6,8,95.8469345238088,67.23907738095387,11.875,10,55.23809523809524,56.25,44.50671877142465,44.919786096256686,41.62888071895425,58.01883971291866,32.7039627039627,37.35214540361599,4,4,2
EUROPE,matrix_32_pos_0_1,POS,7,4,94.70419642857078,58.06369047619175,11.5,8.5,44.79166666666667,45.41666666666667,35.011655011655016,38.205128205128204,57.912679425837325,57.912679425837325,38.273809523809526,38.273809523809526,2,3,1
EUROPE,matrix_32_pos_0_1,POS,7,5,97.27255952380884,68.08050595238265,11.2,8.4,43.833333333333336,40,33.72360972360973,28.571428571428573,49.96650717703349,53.473000683527,36.073593073593074,36.073593073593074,2,3,1
EUROPE,matrix_32_pos_0_1,POS,7,6,97.7490773809517,75.31247023809699,11,8.333333333333334,45.27777777777778,45,34.57431457431458,30.952380952380956,44.01970836181363,49.00527834738361,33.0025040319158,34.606782106782106,3,3,1
EUROPE,matrix_32_pos_0_1,POS,7,7,98.13261904761838,77.79011904762085,11.428571428571429,8.285714285714286,43.40136054421769,50,34.22387136672851,33.333333333333336,41.42669188887676,48.35373064696373,30.766852195423624,33.559059987631414,4,3,1
EUROPE,matrix_32_pos_0_1,POS,7,8,99.14738095238026,78.24089285714466,11.125,8.25,46.58730158730159,50,37.462359943977596,34.31372549019608,39.79237867395762,48.559514316093264,30.614973262032084,34.57251082251082,5,3,1
EUROPE,matrix_32_pos_0_1,POS,8,4,98.25124999999926,64.93098214285784,12,8.5,41.04166666666667,45.41666666666667,32.913752913752916,34.61538461538461,53.204887218045116,53.204887218045116,38.273809523809526,38.273809523809526,2,2,1
EUROPE,matrix_32_pos_0_1,POS,8,5,98.68443452380876,76.1170238095251,11.8,8.4,45.42424242424242,45.45454545454545,36.25108225108225,35.714285714285715,45.230576441102755,48.11946532999165,36.073593073593074,36.073593073593074,2,2,1
EUROPE,matrix_32_pos_0_1,POS,8,6,99.26136904761827,83.63696428571559,11.166666666666666,8.5,48.27020202020202,49.39393939393939,37.15367965367965,38.69047619047619,42.1943115364168,49.1904635325688,34.19298022239199,34.823232323232325,3,3,1
EUROPE,matrix_32_pos_0_1,POS,8,7,99.53794642857063,86.06732142857278,10.857142857142858,8.571428571428571,49.43001443001443,53.333333333333336,38.04698802597962,41.666666666666664,41.36135794030531,47.358059651292734,32.879697333478845,34.31277056277056,4,3,1
EUROPE,matrix_32_pos_0_1,POS,8,8,99.66622023809448,87.95583333333472,10.5,8.5,48.00820707070707,47.72727272727273,35.57476836888602,38.69047619047619,37.44118819776715,45.60496886154781,30.01973516679399,32.10700757575758,4,3,1
EUROPE,matrix_32_ext_0_1,EXT,2,4,21.486904761904615,11.99708333333321,11.5,10,82.05266955266956,84.34343434343434,78.82617382617383,80.45454545454545,51.603349673202615,57.0436507936508,43.709150326797385,49.980158730158735,4,3,1
EUROPE,matrix_32_ext_0_1,EXT,2,5,24.12922619047603,13.351101190476053,10.8,9.6,68.4992784992785,77.77777777777777,63.06093906093906,70,51.65605636193872,56.544011544011546,37.111111111111114,42.20634920634921,4,4,1
EUROPE,matrix_32_ext_0_1,EXT,2,6,25.48377976190459,14.380833333333186,11.5,9.833333333333334,61.156806156806155,77.77777777777777,54.724695594260815,65.76923076923077,48.255046968282265,55.453342953342954,34.49735449735449,42.74771524771525,4,4,1
EUROPE,matrix_32_ext_0_1,EXT,2,7,26.816190476190297,15.424464285714128,11,10,64.92011956297671,87.5,55.240215271271175,61.53846153846154,44.551334519821914,56.460008245722534,29.88866261754364,41.40280354566069,5,4,1
EUROPE,matrix_32_ext_0_1,EXT,2,8,28.067797619047433,16.56749999999983,11,10.125,67.74260461760461,87.5,56.32129947347339,59.93589743589744,43.58250511743159,56.133276445776445,30.914415445665444,42.95822233322233,6,4,1
EUROPE,matrix_32_ext_0_1,EXT,3,4,35.22898809523797,17.8825892857141,11.25,9.5,64.02625152625153,77.77777777777777,57.87337662337662,66.81818181818181,52.53607503607504,55.48479298479299,38.05555555555556,40.67460317460318,3,3,1
EUROPE,matrix_32_ext_0_1,EXT,3,5,37.45386904761891,18.781369047618856,10.6,10.6,63.16544566544567,77.77777777777777,50.509227614490776,63.63636363636363,45.913798619680975,53.276723276723274,39.855921855921856,42.53968253968254,3,3,2
EUROPE,matrix_32_ext_0_1,EXT,3,6,38.66523809523795,20.92648809523788,11.166666666666666,10.833333333333334,69.60215710215711,76.38888888888889,57.30910293410294,62.37373737373737,44.799960388195686,53.28615828615828,36.54660154660155,42.39417989417989,5,4,2
EUROPE,matrix_32_ext_0_1,EXT,3,7,39.553809523809385,22.641874999999768,10.857142857142858,11,69.18280132565847,75,54.9519201620042,61.111111111111114,40.597768244827066,53.61035789607218,34.18280132565847,40.73347287633002,6,4,2
EUROPE,matrix_32_ext_0_1,EXT,3,8,41.270624999999846,23.974166666666424,10.5,11.125,68.65460927960928,70.83333333333334,53.44007299889653,55.55555555555556,39.68971388089035,52.117396492396495,29.90995115995116,39.48794261294261,7,4,2
EUROPE,matrix_32_ext_0_1,EXT,4,4,44.8879464285712,25.269851190475908,11.5,9.25,62.8968253968254,72.22222222222223,56.85064935064935,62.27272727272727,52.11940836940837,54.7979797979798,39.19191919191919,41.81096681096681,3,3,1
EUROPE,matrix_32_ext_0_1,EXT,4,5,48.82553571428545,28.7409226190473,10.8,10,67.81746031746032,77.77777777777777,57.23051948051948,68.75,45.58046528634764,52.72727272727273,36.686868686868685,41.141081141081145,4,3,1
EUROPE,matrix_32_ext_0_1,EXT,4,6,53.107529761904424,30.7599702380949,11.5,10,63.2010582010582,72.22222222222223,54.041305916305916,61.64772727272727,44.54159388369915,50.95693779904306,38.148148148148145,42.06201206201206,5,3,1
EUROPE,matrix_32_ext_0_1,EXT,4,7,55.42877976190442,31.549583333332983,11,10.571428571428571,63.52040816326531,77.77777777777777,50.522800029102555,54.54545454545455,44.320064855779144,51.46958304853042,38.55921855921856,42.40235954521669,5,4,1
EUROPE,matrix_32_ext_0_1,EXT,4,8,58.1740178571425,33.483779761904394,10.875,10.625,59.95535714285714,68.88888888888889,47.14862649605297,47.86096256684492,42.113390082140086,50.80511593669488,34.33455433455433,40.57428682428682,5,4,1
EUROPE,matrix_32_ext_0_1,EXT,5,4,54.59616071428521,33.45202380952365,11.5,9.75,63.73015873015873,67.46031746031746,54.07967032967033,54.230769230769226,49.47903403785757,51.93001443001443,39.53823953823954,39.84126984126984,3,3,1
EUROPE,matrix_32_ext_0_1,EXT,5,5,60.47071428571366,35.781160714285534,10.8,9.6,68.12698412698413,75,56.48051948051948,54.54545454545455,47.583227230286056,49.87734487734488,38.94683094683095,39.87301587301587,4,3,1
EUROPE,matrix_32_ext_0_1,EXT,5,6,65.88226190476117,38.869583333333125,11.5,10.5,68.994708994709,76.38888888888889,57.26551226551227,60.60606060606061,46.67023321822084,48.58199792410319,35.233470233470236,38.783068783068785,5,3,1
EUROPE,matrix_32_ext_0_1,EXT,5,7,67.7502678571421,41.118154761904535,11.857142857142858,11,61.17913832199547,75,50.51329622758195,54.54545454545455,44.80151151369639,49.26076012542178,32.34297448583163,36.64399092970522,5,3,1
EUROPE,matrix_32_ext_0_1,EXT,5,8,69.97196428571353,41.93898809523785,11.5,10.875,57.202380952380956,75,46.63961038961039,52.27272727272727,41.98383520074697,48.10316510974406,29.25289987789988,34.94810744810745,5,2,1
EUROPE,matrix_32_ext_0_1,EXT,6,4,71.40824404761878,42.05544642857117,11.5,9.75,64.7420634920635,76.38888888888889,55.595238095238095,60,50.90329991645781,50.90329991645781,39.53823953823954,39.84126984126984,3,2,1
EUROPE,matrix_32_ext_0_1,EXT,6,5,75.24717261904732,44.17449404761877,10.8,10.8,62.73809523809524,75,51.17748917748918,50,49.404151404151406,51.63173084225716,34.96392496392497,38.53968253968254,3,3,1
EUROPE,matrix_32_ext_0_1,EXT,6,6,77.12931547619017,46.47279761904731,11.5,10.333333333333334,60.05952380952381,60.83333333333333,49.939574314574315,46.875,47.685649045943165,51.35977570188096,34.33501683501683,39.060846560846564,3,3,0
EUROPE,matrix_32_ext_0_1,EXT,6,7,78.18452380952351,48.2250595238092,11.571428571428571,10.857142857142858,56.75736961451247,66.66666666666667,45.46231650554959,43.75,44.95504612101251,49.73695060161226,32.342974485831625,36.88208616780045,4,3,0
EUROPE,matrix_32_ext_0_1,EXT,6,8,78.60872023809493,52.72523809523771,11.125,11.125,51.74603174603175,58.333333333333336,39.779526942355886,42.92763157894737,40.58566535588594,48.728165109744054,28.300102675102675,33.97637085137085,5,3,0
EUROPE,matrix_32_ext_0_1,EXT,7,4,79.40300595238139,51.25005952380886,11.5,10,64.7420634920635,76.38888888888889,54.633699633699635,58.07692307692308,50.90329991645781,50.90329991645781,38.59126984126984,39.11210317460318,3,2,1
EUROPE,matrix_32_ext_0_1,EXT,7,5,81.17693452380995,53.01241071428503,10.8,10.8,56.79365079365079,75,46.14082214082214,46.15384615384615,48.72263993316625,49.29406850459482,34.95115995115995,36.051587301587304,3,2,1
EUROPE,matrix_32_ext_0_1,EXT,7,6,82.14931547619089,59.37514880952294,11,11.166666666666666,50.38359788359788,50,40.00731421021276,30.21978021978022,45.36410470620997,47.74505708716235,30.792633292633294,32.31571669071669,3,2,1
EUROPE,matrix_32_ext_0_1,EXT,7,7,82.42190476190518,62.561755952380054,11.571428571428571,10.714285714285714,49.852607709750565,26.666666666666668,39.15135425759813,21.05263157894737,42.3327664399093,46.80668758731563,30.154369440083727,32.094790130504414,3,2,1
EUROPE,matrix_32_ext_0_1,EXT,7,8,84.29601190476232,65.49247023809433,11.75,10.375,55.319749694749696,62.5,43.749782639101525,39.743589743589745,38.991450746965455,44.63232222713647,29.162851037851038,30.860719141969142,5,2,1
EUROPE,matrix_32_ext_0_1,EXT,8,4,84.36392857142924,57.81187499999813,11.5,10.25,64.7420634920635,76.38888888888889,53.80952380952381,56.42857142857143,50.90329991645781,50.90329991645781,39.81990231990232,40.67460317460318,3,2,2
EUROPE,matrix_32_ext_0_1,EXT,8,5,84.90026785714352,66.80083333333144,11.8,10.8,55.075702075702075,75,45.216931216931215,42.857142857142854,46.271659541009384,48.22263993316625,33.855921855921856,35.266955266955264,3,2,2
EUROPE,matrix_32_ext_0_1,EXT,8,6,85.1049702380959,70.21470238095044,12.333333333333334,10.333333333333334,53.67419617419617,50.833333333333336,43.3500417710944,31.954887218045112,43.65775549986076,47.04827837567776,32.6007326007326,34.51733451733452,3,2,2
EUROPE,matrix_32_ext_0_1,EXT,8,7,88.2486904761911,74.49226190475991,12.428571428571429,10,54.797662654805514,61.53846153846154,44.186657118987945,44.44444444444444,40.30995731625984,44.528776422849845,31.118088260945406,32.76088990374705,4,2,2
EUROPE,matrix_32_ext_0_1,EXT,8,8,90.66866071428632,76.67357142856942,11.875,9.75,54.19795482295483,55.769230769230774,42.82999164578112,38.888888888888886,38.04899042950514,43.12934603666028,28.144078144078144,31.344350094350094,5,2,2
EUROPE,matrix_32_z_abs,Z_ABS,2,4,10.576458333332573,8.371696428571376,9.5,9.5,63.06818181818182,63.63636363636364,55.049019607843135,53.431372549019606,22.023809523809522,25.555555555555557,38.64316239316239,46.52777777777778,2,0,1
EUROPE,matrix_32_z_abs,Z_ABS,2,5,10.958482142856356,9.739761904761847,9.2,10,52.95454545454545,36.36363636363637,45.09184726522188,23.529411764705884,20.285714285714285,23.77777777777778,39.14982403217697,45.45751633986928,2,0,1
EUROPE,matrix_32_z_abs,Z_ABS,2,6,11.878124999999146,10.231577380952318,9.5,10.333333333333334,59.28030303030303,63.63636363636364,50.39705220819772,50.2262443438914,19.126984126984127,25.37037037037037,34.70818669348081,43.00946874476286,3,0,1
EUROPE,matrix_32_z_abs,Z_ABS,2,7,12.553839285713384,11.138511904761838,10.142857142857142,10.142857142857142,59.43877551020408,72.72727272727273,52.04101073627832,66.66666666666667,16.39455782312925,25.555555555555557,32.16568455698891,44.80176686059039,4,0,2
EUROPE,matrix_32_z_abs,Z_ABS,2,8,13.459077380951417,11.740446428571357,10.125,10,53.25892857142857,54.54545454545455,46.230328838687974,45.09803921568628,16.130952380952383,25.13888888888889,32.60149572649573,44.201546003016595,4,0,2
EUROPE,matrix_32_z_abs,Z_ABS,3,4,16.55630952380835,14.436011904761804,10,10.25,55.93434343434343,52.77777777777777,48.36309523809524,41.964285714285715,21.52046783625731,24.768331084120558,37.03022875816993,41.59753645047763,2,0,1
EUROPE,matrix_32_z_abs,Z_ABS,3,5,17.81014880952255,15.61946428571418,10.8,9.8,45.38239538239538,18.181818181818183,39.345238095238095,9.523809523809524,19.43859649122807,25.14799820062978,37.62418300653595,41.278029160382104,2,0,1
EUROPE,matrix_32_z_abs,Z_ABS,3,6,19.564315476189098,16.622261904761796,10.666666666666666,9.5,47.28956228956229,36.111111111111114,41.000233426704014,29.583333333333332,19.128540305010894,24.660368870895187,34.13126361655773,41.80576504105916,3,0,1
EUROPE,matrix_32_z_abs,Z_ABS,3,7,20.647648809522348,18.34999999999988,11.285714285714286,9.714285714285714,48.239538239538234,45.45454545454545,40.46866572716043,29.41176470588235,17.966344432509846,23.65846743555722,35.29932485814839,43.525820584644116,3,0,1
EUROPE,matrix_32_z_abs,Z_ABS,3,8,21.81029761904608,19.07437499999988,11.375,9.5,43.64808802308802,36.06060606060606,36.71674459917746,23.40153452685422,16.831662489557225,24.547312852266412,35.57440925087984,43.0850930115636,3,0,1
EUROPE,matrix_32_z_abs,Z_ABS,4,4,25.652946428569773,21.954910714285543,10.75,10.5,51.688311688311686,48.37662337662338,46.15575396825397,39.93055555555556,22.77777777777778,26.666666666666668,38.59272875816993,43.52061337355455,2,0,1
EUROPE,matrix_32_z_abs,Z_ABS,4,5,28.309374999998163,23.91800595238077,10.2,10.2,58.35064935064935,75,48.916793990323406,54.54545454545455,29.13131313131313,32.24242424242424,38.146910279263224,42.08921797157091,3,1,1
EUROPE,matrix_32_z_abs,Z_ABS,4,6,30.11556547618851,26.53839285714267,10.666666666666666,10,59.522977022977024,72.5,50.239258527302006,56.43939393939394,27.030723905723907,31.63059163059163,35.45070806100218,39.241014976309096,4,1,1
EUROPE,matrix_32_z_abs,Z_ABS,4,7,31.354732142855095,27.49232142857124,11,10.142857142857142,60.90980448123305,70,51.63365016625886,58.333333333333336,24.26046176046176,31.19356833642548,33.44754568494064,40.128662187485716,5,1,1
EUROPE,matrix_32_z_abs,Z_ABS,4,8,34.12934523809301,28.02354166666647,11,10,61.250624375624376,69.61538461538461,50.550820707070706,56.43939393939394,24.647605254222903,32.65151515151515,31.76660247432306,38.053755884638235,5,1,1
EUROPE,matrix_32_z_abs,Z_ABS,5,4,34.81267857142639,31.70166666666656,10.75,9.5,50.616883116883116,44.09090909090909,44.345238095238095,33.92857142857143,22.77777777777778,26.666666666666668,40.15522875816993,40.15522875816993,2,0,1
EUROPE,matrix_32_z_abs,Z_ABS,5,5,39.47383928571173,32.65690476190465,10.2,9.4,58.35064935064935,70,48.691045796308956,54.54545454545455,29.13131313131313,32.24242424242424,36.12418300653595,36.830065359477125,3,1,1
EUROPE,matrix_32_z_abs,Z_ABS,5,6,40.613660714283085,35.38681547619035,11,10.166666666666666,63.32251082251082,72.5,52.51411170528817,56.43939393939394,26.68350168350168,29.646464646464647,33.04466230936819,36.644102085278554,4,1,1
EUROPE,matrix_32_z_abs,Z_ABS,5,7,44.09238095237809,37.41907738095225,11.571428571428571,10.571428571428571,65.70500927643785,75,55.72638146167558,58.333333333333336,26.363636363636363,31.293608352431882,33.021798462974935,38.075897025476856,5,1,1
EUROPE,matrix_32_z_abs,Z_ABS,5,8,44.86943452380661,38.14904761904749,11.25,10.75,64.43632756132756,72.5,52.66683377896613,56.43939393939394,23.532925407925408,29.46524064171123,30.390114379084967,38.52474323062558,6,1,1
EUROPE,matrix_32_z_abs,Z_ABS,6,4,42.68092261904395,42.22604166666663,11,9.5,50.378787878787875,44.09090909090909,44.23701298701299,33.92857142857143,23.61111111111111,26.25,40.15522875816993,40.15522875816993,2,0,1
EUROPE,matrix_32_z_abs,Z_ABS,6,5,50.5015178571386,43.53142857142853,10.4,9.4,59.303030303030305,70,49.743677375256325,54.54545454545455,29.7979797979798,31.90909090909091,36.12418300653595,36.830065359477125,3,1,1
EUROPE,matrix_32_z_abs,Z_ABS,6,6,54.477559523805,47.42074404761899,11.166666666666666,9.166666666666666,64.36868686868686,62.27272727272727,54.575614444035494,50.34965034965035,29.73418394471026,33.453654188948306,31.38553712083124,31.973772414948886,5,1,1
EUROPE,matrix_32_z_abs,Z_ABS,6,7,55.48752976190017,49.59187499999994,11.428571428571429,9,59.56876456876457,54.54545454545455,50.140442632702694,46.15384615384615,27.3642032570604,31.353132161955692,30.076492135315664,30.580693815987935,5,1,1
EUROPE,matrix_32_z_abs,Z_ABS,6,8,60.076755952376026,50.921130952380885,11.125,9.75,65.45600233100234,68.33333333333334,54.07025572466749,52.27272727272727,24.638122294372295,29.51732397504456,28.500895550527904,30.924773755656112,7,1,1
EUROPE,matrix_32_z_abs,Z_ABS,7,4,58.86136904761402,52.942410714285906,9.25,9.5,65.79545454545455,72.5,55.60064935064935,56.43939393939394,33.63636363636364,33.63636363636364,40.15522875816993,40.15522875816993,3,1,1
EUROPE,matrix_32_z_abs,Z_ABS,7,5,62.54574404761376,54.30708333333352,9.8,9.4,64.60606060606061,70,52.83891547049442,54.54545454545455,30.584947216526164,33.15909090909091,36.12418300653595,36.830065359477125,3,1,1
EUROPE,matrix_32_z_abs,Z_ABS,7,6,64.514821428566,60.45595238095245,10.333333333333334,9.166666666666666,63.27894327894328,62.27272727272727,52.4600313687001,50.34965034965035,28.612456013771805,30.757575757575758,31.38553712083124,31.973772414948886,4,1,1
EUROPE,matrix_32_z_abs,Z_ABS,7,7,67.5708333333277,63.157559523809574,10.857142857142858,9,60.28305028305029,54.54545454545455,50.37540503871773,46.15384615384615,25.79480356735996,30.173160173160174,30.076492135315664,30.580693815987935,5,1,1
EUROPE,matrix_32_z_abs,Z_ABS,7,8,69.6696130952323,63.355982142857194,10.75,9.75,62.84382284382284,58.04195804195804,50.944995245982085,44.95192307692308,22.96727851826536,29.526515151515152,28.3470695970696,30.329535660418014,7,1,1
EUROPE,matrix_32_z_abs,Z_ABS,8,4,67.99235119047057,61.48169642857118,9.25,9.5,65.79545454545455,72.5,55.60064935064935,56.43939393939394,33.63636363636364,33.63636363636364,40.15522875816993,40.15522875816993,3,1,1
EUROPE,matrix_32_z_abs,Z_ABS,8,5,70.46008928570846,70.47482142857113,10,9.2,62.98601398601399,70,53.545657241309414,54.54545454545455,30.65909090909091,30.65909090909091,33.662644544997484,33.662644544997484,4,1,1
EUROPE,matrix_32_z_abs,Z_ABS,8,6,76.30392857142233,73.25863095238063,9.833333333333334,9,61.74760424760425,62.77777777777778,51.56582547886896,50.34965034965035,26.739718614718615,28.3270202020202,31.755907491201608,31.755907491201608,5,1,1
EUROPE,matrix_32_z_abs,Z_ABS,8,7,78.53901785713646,73.67220238095204,10.571428571428571,9.857142857142858,64.28182928182929,61.53846153846154,51.91808191808192,46.15384615384615,25.963643032970765,29.042207792207794,30.19884877027734,31.30098193123403,6,1,1
EUROPE,matrix_32_z_abs,Z_ABS,8,8,80.29565476189825,74.94452380952347,10.375,9.875,63.191045066045064,58.547008547008545,49.67511655011655,43.91025641025641,24.950330510992274,29.31818181818182,28.20970695970696,30.166136967607557,7,1,1
LATAM,matrix_32_raw_0_1,RAW,2,4,15.22505952380914,18.8495238095232,11.25,8.5,46.511752136752136,38.75,37.604166666666664,31.875,37.43055555555556,41.49038461538461,32.34508547008547,32.590183509301156,1,1,0
LATAM,matrix_32_raw_0_1,RAW,2,5,18.994732142856662,20.874880952380277,10.8,9.4,53.32051282051282,55.55555555555556,39.476190476190474,35.714285714285715,37.636752136752136,41.19230769230769,35.20940170940171,35.48391151332328,3,1,0
LATAM,matrix_32_raw_0_1,RAW,2,6,22.220476190475633,23.890982142856373,11.333333333333334,9.833333333333334,57.986874236874236,59.02777777777778,44.39600840336134,39.73214285714286,35.41488603988604,39.32692307692308,32.67450142450142,36.51437070554718,4,1,0
LATAM,matrix_32_raw_0_1,RAW,2,7,26.598333333332665,25.31723214285633,11.142857142857142,10.428571428571429,61.06357927786499,62.5,47.49249699879952,35.714285714285715,32.71789485024779,38.9035964035964,31.596181596181594,37.6472383825325,5,1,0
LATAM,matrix_32_raw_0_1,RAW,2,8,28.907916666665944,26.407857142856297,11.625,10.5,58.77861721611722,58.547008547008545,45.91448750552853,41.54135338345865,32.534407993966816,40.29064685314685,29.319864163614163,38.62315176653412,6,1,0
LATAM,matrix_32_raw_0_1,RAW,3,4,26.381815476189846,27.68827380952293,11.25,8.5,46.511752136752136,38.75,37.604166666666664,31.875,37.43055555555556,41.49038461538461,32.34508547008547,32.590183509301156,1,1,0
LATAM,matrix_32_raw_0_1,RAW,3,5,33.055178571427795,29.39392857142764,10.8,9.6,55.82051282051282,55.55555555555556,40.726190476190474,37.5,37.636752136752136,41.19230769230769,34.626068376068375,34.961035696329816,3,1,0
LATAM,matrix_32_raw_0_1,RAW,3,6,38.97550595238,33.669999999998915,11.333333333333334,10,60.07020757020757,62.39316239316239,45.437675070028014,40.625,35.41488603988604,39.32692307692308,32.188390313390315,36.07864085805262,4,1,0
LATAM,matrix_32_raw_0_1,RAW,3,7,44.325505952379864,35.778124999998845,11.142857142857142,10.571428571428571,62.84929356357928,69.23076923076923,48.38535414165666,37.5,32.71789485024779,38.9035964035964,32.3519536019536,37.2737556561086,5,1,0
LATAM,matrix_32_raw_0_1,RAW,3,8,47.9450892857131,39.263601190474915,11.625,10.25,56.65979853479853,62.39316239316239,45.061965575703965,44.17293233082707,32.534407993966816,40.29064685314685,30.691166472416473,36.023627108185934,5,1,0
LATAM,matrix_32_raw_0_1,RAW,4,4,43.77461309523713,37.9694345238085,11,8.5,48.94230769230769,38.75,39.54861111111111,31.875,38.541666666666664,42.60149572649573,32.34508547008547,32.590183509301156,1,1,0
LATAM,matrix_32_raw_0_1,RAW,4,5,51.757529761903655,40.37967261904652,10.6,9.6,58.05982905982906,55.55555555555556,46.897130647130645,35.714285714285715,38.52564102564102,42.08119658119658,34.626068376068375,34.961035696329816,3,1,0
LATAM,matrix_32_raw_0_1,RAW,4,6,59.69809523809399,46.17279761904627,11.166666666666666,9.333333333333334,51.77146927146927,46.52777777777778,42.59589947089947,36.60714285714286,36.15562678062678,40.067663817663814,33.400511525511526,33.67965095906273,3,1,0
LATAM,matrix_32_raw_0_1,RAW,4,7,63.91770833333196,50.56184523809373,10.857142857142858,9.857142857142858,55.944531658817375,55.55555555555556,44.93298601491878,35.714285714285715,33.18833943833944,40.05799755799756,31.30758130758131,34.362777745130686,4,1,0
LATAM,matrix_32_raw_0_1,RAW,4,8,68.65145833333183,51.335595238093696,10.5,9.625,58.326465201465204,62.39316239316239,46.81636276305394,44.32773109243698,31.619610985419808,39.21741452991453,28.91232031857032,33.913584373143195,5,1,0
LATAM,matrix_32_raw_0_1,RAW,5,4,66.21642857142663,48.090535714284194,11.25,8.5,46.72542735042735,46.92307692307692,36.12980769230769,37.25961538461539,41.105769230769226,41.49038461538461,32.34508547008547,32.590183509301156,2,1,0
LATAM,matrix_32_raw_0_1,RAW,5,5,74.44991071428366,50.19657738095079,11.8,9.6,53.856532356532355,53.84615384615385,43.90384615384615,37.5,38.44017094017094,39.19230769230769,34.626068376068375,34.961035696329816,3,1,0
LATAM,matrix_32_raw_0_1,RAW,5,6,78.33026785714068,58.46592261904587,12.333333333333334,9.333333333333334,47.83017908017908,45.55555555555556,40.84579772079772,38.19444444444444,37.207767722473605,39.67780026990553,33.400511525511526,33.67965095906273,2,1,0
LATAM,matrix_32_raw_0_1,RAW,5,7,82.30163690475962,60.585565476188656,12.428571428571429,10,53.0852084423513,46.666666666666664,44.83211233211233,38.888888888888886,35.70189614307262,38.09117574155168,31.2480574980575,33.970313066951725,3,1,0
LATAM,matrix_32_raw_0_1,RAW,5,8,84.67258928571195,60.91556547618865,12,9.75,54.78289072039072,54.700854700854705,46.04628010878011,44.44444444444444,33.16223604826546,38.32977877385772,28.774452671511497,33.5701777797366,5,1,0
LATAM,matrix_32_raw_0_1,RAW,6,4,85.89297619047387,57.33919642856958,11.25,8.5,43.947649572649574,42.22222222222222,34.015837104072396,33.0316742081448,38.63324175824176,39.30288461538461,32.34508547008547,32.590183509301156,1,1,0
LATAM,matrix_32_raw_0_1,RAW,6,5,87.81622023809288,68.69508928571224,12,8.4,39.49145299145299,44.44444444444444,32.32378079436903,35.294117647058826,39.14188752424047,39.86336032388664,31.33061383061383,31.52669226198638,1,1,0
LATAM,matrix_32_raw_0_1,RAW,6,6,89.78014880952142,70.15074404761697,11.333333333333334,9.5,50.13176638176638,48.33333333333333,41.19301994301994,36.111111111111114,36.62150757738993,40.163911381016646,34.144559144559146,34.60557688498865,3,1,1
LATAM,matrix_32_raw_0_1,RAW,6,7,92.65767857142612,71.42869047618836,10.857142857142858,10.285714285714286,58.766788766788764,50,47.21306471306471,38.888888888888886,34.92313592103508,40.77541610436347,31.67572856648487,34.423827806180746,4,1,1
LATAM,matrix_32_raw_0_1,RAW,6,8,94.53511904761652,73.42476190475972,10.875,10.875,59.375485625485624,56.81818181818181,45.91669478182636,37.86549707602339,32.224410597572366,39.845155757984706,29.799595829007593,34.28751599707482,5,1,1
LATAM,matrix_32_raw_0_1,RAW,7,4,91.86404761904618,66.0883333333306,13.5,8.5,44.21911421911422,43.33333333333333,37.84722222222222,41.31944444444444,39.22768408062526,41.46522981662301,32.34508547008547,32.590183509301156,1,1,0
LATAM,matrix_32_raw_0_1,RAW,7,5,93.77857142856996,80.42565476190168,13,8.4,37.7995337995338,40,30.654761904761905,31.25,34.91155902920609,39.83885051996507,31.33061383061383,31.52669226198638,1,1,0
LATAM,matrix_32_raw_0_1,RAW,7,6,95.07669642856992,80.89794642856833,12.333333333333334,9.333333333333334,46.68479668479669,44.94949494949495,38.24328449328449,31.009615384615387,33.5251554001554,39.609298510227305,33.218633218633215,33.67965095906273,2,1,0
LATAM,matrix_32_raw_0_1,RAW,7,7,96.48604166666512,84.590595238092,11.714285714285714,9.428571428571429,44.255466755466756,44.44444444444444,34.20543741972313,30.76923076923077,32.63195138195138,40.300033643686895,31.719867434153148,33.630177012529956,2,1,0
LATAM,matrix_32_raw_0_1,RAW,7,8,97.03351190476032,86.86976190475862,11.625,10,46.765491452991455,44.94949494949495,35.15034597755186,31.009615384615387,34.05823649389826,41.993298668995266,28.575591075591078,31.77015488596371,3,2,0
LATAM,matrix_32_raw_0_1,RAW,8,4,96.72068452380816,69.43309523809195,12.5,8.5,45.21749084249084,44.76190476190476,37.5400641025641,38.54166666666667,38.63122171945702,39.01821862348178,32.34508547008547,32.590183509301156,1,1,0
LATAM,matrix_32_raw_0_1,RAW,8,5,97.7051785714272,85.77017857142444,11.6,8.4,39.443223443223445,42.857142857142854,30.122960372960375,33.333333333333336,36.35952283011107,40.103463787674315,31.33061383061383,31.52669226198638,1,1,0
LATAM,matrix_32_raw_0_1,RAW,8,6,97.9081547619034,89.18491071428146,11.833333333333334,8.833333333333334,37.423687423687426,35.41666666666667,27.77774921157274,29.185520361990953,32.680554739378266,38.6827110511321,30.275511525511526,31.400448679860446,1,1,0
LATAM,matrix_32_raw_0_1,RAW,8,7,98.10592261904624,91.36374999999568,11.285714285714286,8.857142857142858,40.43825222396651,38.46153846153846,29.51710054651231,35.294117647058826,33.72618977660994,38.87089518668466,31.145243645243646,32.40917579152873,1,1,0
LATAM,matrix_32_raw_0_1,RAW,8,8,98.23434523809384,91.99842261904328,10.875,9.625,43.19597069597069,42.30769230769231,29.299685200420495,31.535947712418302,30.490184265339064,37.76203328834908,29.044566544566546,31.19893790849673,2,0,0
LATAM,matrix_32_pos_0_1,POS,2,4,30.69181547618989,14.260357142857377,10.75,9.25,32.34126984126984,31.349206349206348,25.952380952380953,23.333333333333332,44.72567873303167,45.11029411764706,33.53556166056166,36.511752136752136,2,2,0
LATAM,matrix_32_pos_0_1,POS,2,5,34.63532738095172,16.694613095238367,10.4,9,39.20634920634921,55.55555555555556,31.670995670995673,46.666666666666664,39.18713639301875,42.338235294117645,29.495115995115995,32.738813474107594,3,1,0
LATAM,matrix_32_pos_0_1,POS,2,6,38.5634821428564,18.683482142857457,10.5,9.666666666666666,47.25529100529101,61.111111111111114,36.63059163059163,43.33333333333333,37.601001939237236,42.5735294117647,30.531644281644283,33.763826043237806,4,1,0
LATAM,matrix_32_pos_0_1,POS,2,7,41.27431547618968,21.193839285714635,11.142857142857142,9.857142857142858,52.34126984126984,66.66666666666667,41.49288806431664,46.666666666666664,36.418990673192354,43.634453781512605,30.45569509855224,33.982439129497955,5,2,0
LATAM,matrix_32_pos_0_1,POS,2,8,43.858035714284874,22.262589285714657,11.125,10.375,57.41477272727273,66.66666666666667,46.275027056277054,49.14772727272727,33.82659490921875,44.84681372549019,31.181336025086026,35.29018979386626,6,2,0
LATAM,matrix_32_pos_0_1,POS,3,4,47.47711309523718,22.86523809523844,10.75,8.5,45.833333333333336,58.333333333333336,39.58874458874459,50.60606060606061,42.253151260504204,42.92279411764706,32.34508547008547,32.590183509301156,3,2,0
LATAM,matrix_32_pos_0_1,POS,3,5,54.75288690476088,24.846517857143237,10.4,9.6,55.27777777777778,66.66666666666667,41.004329004329,46.666666666666664,39.18713639301875,42.338235294117645,34.626068376068375,34.961035696329816,4,1,0
LATAM,matrix_32_pos_0_1,POS,3,6,57.3913392857132,26.511309523809928,10.166666666666666,10.333333333333334,64.58333333333334,66.66666666666667,49.92784992784993,54.54545454545455,36.8684012066365,41.69211915535445,34.410612535612536,36.541603821015585,5,1,0
LATAM,matrix_32_pos_0_1,POS,3,7,60.19642857142743,28.04755952380996,10.571428571428571,10.857142857142858,58.41836734693878,66.66666666666667,44.44365158650873,54.54545454545455,36.42880229014683,42.45879120879121,32.11385836385836,35.13089851325145,5,2,0
LATAM,matrix_32_pos_0_1,POS,3,8,62.46803571428453,30.276309523809996,10.5,10.75,61.8986568986569,66.66666666666667,49.645770895770895,58.57142857142857,33.7982789269554,42.92067307692308,31.56116452991453,35.203821913380736,6,2,0
LATAM,matrix_32_pos_0_1,POS,4,4,69.48169642857002,33.73818452381026,11,8.5,47.22222222222223,61.111111111111114,39.58874458874459,50.60606060606061,41.21148459383753,43.54779411764706,32.34508547008547,32.590183509301156,3,2,0
LATAM,matrix_32_pos_0_1,POS,4,5,77.2510119047604,35.43303571428648,11,9.6,56.66666666666667,66.66666666666667,48.00432900432901,54.54545454545455,41.30252100840336,45.504901960784316,34.626068376068375,34.961035696329816,4,2,0
LATAM,matrix_32_pos_0_1,POS,4,6,78.86053571428417,36.82220238095318,11.333333333333334,10.333333333333334,52.71672771672772,64.1025641025641,44.073149073149075,55.84415584415585,38.554909143144435,45.763888888888886,31.910612535612536,33.57864085805262,4,2,0
LATAM,matrix_32_pos_0_1,POS,4,7,80.0273809523794,39.76934523809609,11,10.714285714285714,51.53497296354439,61.53846153846154,41.32931494276032,54.54545454545455,38.306091667436206,46.36904761904762,29.032625870861164,32.353120735473674,4,3,0
LATAM,matrix_32_pos_0_1,POS,4,8,83.1516369047603,41.95181547619137,11,10.375,52.94844044844045,52.1978021978022,40.887852955867665,41.97860962566845,34.273324714501186,46.041666666666664,27.486880970336852,31.718071552630377,4,3,0
LATAM,matrix_32_pos_0_1,POS,5,4,80.70172619047516,44.117827380953585,10.5,8.5,44.79166666666667,56.25,37.316017316017316,46.06060606060606,42.80260180995475,44.48529411764706,32.34508547008547,32.590183509301156,3,2,0
LATAM,matrix_32_pos_0_1,POS,5,5,86.00895833333213,45.541785714286945,10.8,9.6,55.833333333333336,62.5,44.519480519480524,45.45454545454545,41.93438914027149,45.588235294117645,34.626068376068375,34.961035696329816,4,2,0
LATAM,matrix_32_pos_0_1,POS,5,6,87.0961607142845,46.632053571429815,11,10.333333333333334,51.48809523809524,60.41666666666667,41.312021312021315,49.65034965034965,39.70722904546434,44.85294117647059,31.910612535612536,33.57864085805262,4,2,0
LATAM,matrix_32_pos_0_1,POS,5,7,87.91324404761782,50.02880952381083,10.571428571428571,10,47.704081632653065,58.333333333333336,37.9313123850939,45.45454545454545,36.54392526241266,44.397759103641455,29.732905982905983,32.677796060149,4,1,0
LATAM,matrix_32_pos_0_1,POS,5,8,91.1528273809511,52.030922619048965,10.75,10.5,52.157738095238095,60.41666666666667,38.121355768414595,49.65034965034965,34.05926793794441,43.01470588235294,27.553054584304583,32.34307155263038,5,2,0
LATAM,matrix_32_pos_0_1,POS,6,4,92.14154761904794,53.87354166666761,11.75,8.5,46.13095238095238,54.76190476190476,38.660714285714285,47.32142857142857,47.63621794871795,52.818627450980394,32.34508547008547,32.590183509301156,2,1,0
LATAM,matrix_32_pos_0_1,POS,6,5,94.93955357142885,55.29854166666764,11.8,9.8,56.15384615384615,66.66666666666667,47.85375202712664,57.142857142857146,43.82326007326007,48.92156862745098,34.11136249371543,36.07214680744092,3,1,0
LATAM,matrix_32_pos_0_1,POS,6,6,95.527470238095475,60.99035714285815,11.333333333333334,9.5,56.054131054131055,61.111111111111114,46.82257113371664,49.404761904761905,39.688899063899065,47.17823026646556,31.860478845772963,34.60557688498865,4,1,0
LATAM,matrix_32_pos_0_1,POS,6,7,96.1090178571431,61.72193452381054,11,10.285714285714286,52.80830280830281,55.55555555555556,42.62850594783368,41.666666666666664,38.262035583464154,46.152768799827626,29.68993424875778,34.423827806180746,4,1,0
LATAM,matrix_32_pos_0_1,POS,6,8,96.92401785714308,64.9487202380963,10.625,10,48.370726495726494,48.611111111111114,38.22781385281385,32.196969696969695,34.53489219114219,47.1144419306184,28.06202580099639,33.245849330408156,4,1,0
LATAM,matrix_32_pos_0_1,POS,7,4,96.19812499999868,63.24937500000093,11.5,8.5,48.214285714285715,54.76190476190476,39.9765037593985,47.32142857142857,43.29481792717087,44.48529411764706,32.34508547008547,32.590183509301156,2,2,0
LATAM,matrix_32_pos_0_1,POS,7,5,97.66687499999864,71.23514880952497,11.6,8.4,45.23809523809524,42.857142857142854,36.9812030075188,37.5,42.48992673992674,47.588235294117645,30.663947163947164,31.52669226198638,2,1,0
LATAM,matrix_32_pos_0_1,POS,7,6,98.27422619047482,75.56720238095362,11,8.333333333333334,43.948412698412696,40.17857142857143,34.66382301908618,31.25,37.07493894993895,43.8235294117647,28.56916231916232,30.438910218321983,2,1,0
LATAM,matrix_32_pos_0_1,POS,7,7,98.8508035714272,76.20541666666792,11.285714285714286,8.857142857142858,47.756410256410255,50,37.525510204081634,37.5,33.717948717948715,44.285714285714285,30.95043845043845,33.23335161570456,4,2,1
LATAM,matrix_32_pos_0_1,POS,7,8,98.95035714285576,79.13758928571559,10.875,8.75,50.78983516483517,40.65934065934066,39.64437700457437,34.375,31.03081456941751,42.916666666666664,29.164966977466978,31.757754092312915,3,1,1
LATAM,matrix_32_pos_0_1,POS,8,4,98.8733928571412,67.63800595238163,10.75,8.5,44.12337662337662,53.246753246753244,37.78409090909091,43.75,38.61607142857143,41.43469887955182,32.34508547008547,32.590183509301156,2,0,0
LATAM,matrix_32_pos_0_1,POS,8,5,99.43398809523646,78.0446428571439,11.2,8.4,42.99100899100899,42.857142857142854,36.47727272727273,37.5,36.971288515406165,42.55952380952381,30.663947163947164,31.52669226198638,2,0,0
LATAM,matrix_32_pos_0_1,POS,8,6,99.67663690476029,82.76327380952492,11.5,8.333333333333334,42.556610056610054,40.65934065934066,34.533065618591934,34.375,35.253851540616246,41.94775132275132,28.56916231916232,30.438910218321983,2,0,0
LATAM,matrix_32_pos_0_1,POS,8,7,99.7071428571412,84.62083333333447,12,8.428571428571429,41.11995147709433,38.46153846153846,32.76303583634411,31.25,34.96403106697225,43.098072562358276,25.593295593295593,28.471446853799794,2,1,0
LATAM,matrix_32_pos_0_1,POS,8,8,99.7665178571412,85.05169642857258,11.5,9.25,51.88904845154845,52.67857142857143,41.051314365459106,43.75,31.63519385026738,41.87748015873016,26.871549610520198,30.059574820604233,4,1,0
LATAM,matrix_32_ext_0_1,EXT,2,4,14.150505952380596,14.797529761904974,10.5,9.25,52.765151515151516,61.36363636363637,39.007936507936506,48.01587301587301,33.95774976657329,41.522366522366525,31.46825396825397,37.474747474747474,3,0,0
LATAM,matrix_32_ext_0_1,EXT,2,5,18.064672619047155,16.81267857142881,10.8,10.2,58.84848484848485,75,48.06837606837607,60,35.166199813258636,43.21789321789322,29.385129490392647,37.122655122655125,4,0,0
LATAM,matrix_32_ext_0_1,EXT,2,6,19.643005952380452,18.012886904762162,11.5,10,53.3459595959596,64.16666666666667,42.68594831094831,52.22222222222222,38.709928415810765,46.014911014911014,27.063365484418114,33.71332371332371,4,1,0
LATAM,matrix_32_ext_0_1,EXT,2,7,20.632083333332808,19.06726190476218,11.857142857142858,9.714285714285714,51.932591218305504,64.28571428571429,41.4795918367347,56.25,36.928412390597266,44.54339311482168,25.77188451138031,31.958359101216242,4,1,0
LATAM,matrix_32_ext_0_1,EXT,2,8,23.281309523808936,19.77199404761933,11.5,9.875,53.60073953823954,58.80952380952381,42.89186507936508,50.34722222222222,36.47902750843927,45.22546897546898,24.67951982657865,32.13023088023088,5,1,0
LATAM,matrix_32_ext_0_1,EXT,3,4,28.565565476189768,22.87437500000028,10,9.5,56.25,75,47.30769230769231,60,37.70774976657329,44.742063492063494,33.25396825396825,36.52777777777778,3,0,0
LATAM,matrix_32_ext_0_1,EXT,3,5,31.123779761903993,24.98035714285746,11,9.2,52.666666666666664,75,42.608058608058606,60,41.85850750556633,47.79365079365079,30.88888888888889,33.507936507936506,3,1,0
LATAM,matrix_32_ext_0_1,EXT,3,6,32.778749999999185,26.19520833333367,10.5,9.666666666666666,52.22222222222222,56.25,39.91309344250521,41.53846153846154,41.23829873829874,46.77248677248677,27.824074074074073,33.05148555148555,3,1,0
LATAM,matrix_32_ext_0_1,EXT,3,7,34.81428571428486,27.27330357142893,10.142857142857142,10.428571428571429,56.42857142857143,75,43.775048480930835,60,40.704256061398915,46.21315192743764,29.69108377003114,34.34488235240115,4,1,0
LATAM,matrix_32_ext_0_1,EXT,3,8,38.82166666666568,28.5673214285718,10.125,10.375,58.125,64.16666666666667,44.252046972635206,48.33333333333333,37.40193833943834,44.98196248196248,27.884460203539152,33.38510539168434,6,1,0
LATAM,matrix_32_ext_0_1,EXT,4,4,43.07592261904661,30.72839285714337,10.75,9.75,52.5,67.5,44.149797570850204,53.684210526315795,37.70774976657329,42.65873015873016,32.77777777777778,35.72649572649573,3,0,0
LATAM,matrix_32_ext_0_1,EXT,4,5,47.56872023809407,34.82014880952434,11.6,9.4,49.666666666666664,60,40.08174281858492,47.36842105263158,42.166199813258636,46.12698412698413,30.507936507936506,32.866910866910864,3,1,0
LATAM,matrix_32_ext_0_1,EXT,4,6,53.99726190476053,36.01931547619102,11.333333333333334,10.333333333333334,57.5,72.5,45.543480212597856,51.875,38.16880287468523,44.4997594997595,32.23880408090935,34.40663624874151,4,1,0
LATAM,matrix_32_ext_0_1,EXT,4,7,57.84565476190328,37.158065476191034,11,11,59.60317460317461,70,44.07062825130052,43.75,36.5779691830112,43.85693671407957,35.09807652664796,37.89476384345911,5,1,1
LATAM,matrix_32_ext_0_1,EXT,4,8,60.53214285714132,38.88056547619106,10.75,10.625,58.923611111111114,68.33333333333334,44.42760058568882,49.14772727272727,35.25497378438555,43.18251193251193,33.39646464646464,36.56700927211763,6,1,1
LATAM,matrix_32_ext_0_1,EXT,5,4,57.796130952378846,36.57898809523888,10.75,10,54.16666666666667,70.83333333333334,45.46558704453441,56.315789473684205,37.70774976657329,42.65873015873016,32.361111111111114,35.03968253968254,3,0,0
LATAM,matrix_32_ext_0_1,EXT,5,5,65.40193452380726,42.83901785714363,10.6,9.6,51.666666666666664,70,39.229612492770386,52.63157894736842,33.916199813258636,41.3997113997114,30.174603174603174,32.317460317460316,3,0,0
LATAM,matrix_32_ext_0_1,EXT,5,6,69.76041666666428,44.346726190476986,11.166666666666666,10.5,57.73809523809524,70.71428571428572,44.515977443609025,56.315789473684205,37.05769176357412,43.38864838864839,34.7474040121099,36.73513849984438,4,1,1
LATAM,matrix_32_ext_0_1,EXT,5,7,73.2372916666642,46.363809523810346,10.857142857142858,10.142857142857142,57.22789115646259,70,44.86032451258015,54.54545454545455,37.03846107207452,42.6847755419184,33.67959304934095,35.38336546739908,5,1,1
LATAM,matrix_32_ext_0_1,EXT,5,8,77.38223214285456,47.82455357142942,11.25,10.625,55.92757936507937,70.71428571428572,42.66187485759854,53.588516746411486,35.5336534380652,42.8179285991786,31.136310584839997,34.0854447839742,5,1,1
LATAM,matrix_32_ext_0_1,EXT,6,4,73.9060714285686,49.501517857143966,10.75,8.5,47.083333333333336,50,38.260073260073256,37.14285714285714,37.70774976657329,42.65873015873016,31.46825396825397,31.46825396825397,2,0,0
LATAM,matrix_32_ext_0_1,EXT,6,5,80.22199404761598,51.631041666667805,11.2,9.8,50.35897435897436,38.46153846153846,40.75843454790823,57.89473684210526,35.49953314659197,39.84126984126984,29.88048552754435,31.841269841269842,2,0,0
LATAM,matrix_32_ext_0_1,EXT,6,6,83.46252976190162,53.258065476191646,10.833333333333334,10.666666666666666,61.41025641025641,70.83333333333334,46.94516010305484,56.2200956937799,35.993200699083054,39.61131461131461,34.502305972894206,36.33831310301898,4,0,1
LATAM,matrix_32_ext_0_1,EXT,6,7,87.88041666666341,57.44973214285838,11.428571428571429,10.285714285714286,57.3992673992674,66.66666666666667,45.17605201815728,57.89473684210526,37.774391808005255,41.09541252398395,33.1631487093672,35.54272991247781,4,1,1
LATAM,matrix_32_ext_0_1,EXT,6,8,90.00273809523479,59.42827380952508,11.125,10,54.21741452991453,52.56410256410257,42.02904551588762,56.2200956937799,35.5525928320046,40.766178266178265,31.70340280634398,34.50897958250899,4,1,1
LATAM,matrix_32_ext_0_1,EXT,7,4,85.4482440476174,60.46845238095303,9.25,8.5,54.16666666666667,70.83333333333334,45.94405594405595,57.27272727272727,41.440781440781436,43.940781440781436,31.46825396825397,31.46825396825397,3,0,0
LATAM,matrix_32_ext_0_1,EXT,7,5,88.01178571428397,61.81354166666734,10,9.6,64.48717948717949,75,48.961127108185934,54.54545454545455,36.90262515262515,42.84493284493284,35.52041422629658,35.76283846872082,4,0,1
LATAM,matrix_32_ext_0_1,EXT,7,6,92.16895833333147,66.80431547619122,10,9.333333333333334,58.73931623931624,70.83333333333334,44.13427259015494,46.02272727272727,34.59834147334147,41.764716764716766,33.93489952313482,34.93057051880581,4,0,1
LATAM,matrix_32_ext_0_1,EXT,7,7,94.22541666666478,69.20705357142937,10.571428571428571,9.142857142857142,53.00104657247515,66.66666666666667,40.20853869703936,47.36842105263158,34.477957849806586,40.8403454621942,32.98316063021945,33.83659291222316,4,0,1
LATAM,matrix_32_ext_0_1,EXT,7,8,95.93083333333144,72.00943452381034,10.25,9.25,52.105082417582416,52.083333333333336,38.16213606654783,36.76470588235294,32.945990896358545,39.58145612557377,31.132992824169293,32.49163418281065,4,0,1
LATAM,matrix_32_ext_0_1,EXT,8,4,91.35392857142766,68.28648809523752,10,8.5,51.94444444444444,60.83333333333333,40,46.875,41.17063492063492,44.02777777777778,31.46825396825397,31.46825396825397,2,1,0
LATAM,matrix_32_ext_0_1,EXT,8,5,92.72413690476095,74.10211309523758,10.6,8.4,54.098290598290596,55.55555555555556,41.68964858670741,43.75,36.68650793650794,42.914529914529915,30.641580641580642,31.328449328449327,3,1,0
LATAM,matrix_32_ext_0_1,EXT,8,6,95.987619047618,77.42797619047572,11.166666666666666,8.666666666666666,49.84381359381359,51.111111111111114,37.63489234077469,37.301587301587304,35.02587145969499,41.644461203284735,29.38080438080438,29.953194953194952,3,1,0
LATAM,matrix_32_ext_0_1,EXT,8,7,97.31770833333228,78.00178571428526,11.285714285714286,9.571428571428571,55.34231641374498,55.55555555555556,43.404604265948805,35.714285714285715,34.10380818994264,40.090856855562734,31.963591963591963,32.817024245595675,4,1,1
LATAM,matrix_32_ext_0_1,EXT,8,8,98.18622023809417,80.402946428571,11.625,9.75,57.35309829059829,59.02777777777778,46.60998111365758,39.39393939393939,34.70825640862406,41.746166415284065,31.016935474656062,34.183646214896214,5,2,0
LATAM,matrix_32_z_abs,Z_ABS,2,4,2.138601190476015,10.348452380952237,10.75,10.25,22.291666666666668,25.833333333333336,12.960526315789474,15.394736842105264,35.69475867269985,37.45071105365223,24.384920634920633,30.27777777777778,0,0,0
LATAM,matrix_32_z_abs,Z_ABS,2,5,2.40464285714266,11.909791666666498,10.2,10.6,24,25,13.273279352226721,15,34.92835595776772,38.293902176255116,21.613199665831246,30.37606837606838,0,0,0
LATAM,matrix_32_z_abs,Z_ABS,2,6,3.302470238094966,13.175089285714098,10,10.166666666666666,40.138888888888886,35.41666666666667,28.233430799220272,15.394736842105264,31.671065862242333,34.47568771098183,24.260999721526037,31.563390313390315,1,0,0
LATAM,matrix_32_z_abs,Z_ABS,2,7,3.933988095237771,14.001577380952185,9.857142857142858,10.857142857142858,43.53174603174603,37.5,28.967657238333928,20,29.344430079724198,31.931541847508235,21.58214801071944,30.625763125763125,3,0,0
LATAM,matrix_32_z_abs,Z_ABS,2,8,4.495476190475819,14.945267857142646,9.625,10.875,49.02777777777778,43.75,34.479091062875895,23.872180451127818,27.266085630056217,32.10676578323637,23.23251449702688,31.209307440925087,4,0,0
LATAM,matrix_32_z_abs,Z_ABS,3,4,3.2032142857140236,16.841636904761664,9,9.25,40.625,37.5,29.38034188034188,19.871794871794872,37.778092006033184,39.1173777203189,29.34027777777778,31.79563492063492,1,0,0
LATAM,matrix_32_z_abs,Z_ABS,3,5,5.473005952380509,18.119107142856883,9,9.4,42.5,37.5,30.555555555555554,16.666666666666668,33.29939668174963,34.3708252531782,27.22222222222222,32.70923520923521,1,0,0
LATAM,matrix_32_z_abs,Z_ABS,3,6,6.711428571428028,19.195059523809253,9,9.833333333333334,42.592592592592595,35.41666666666667,29.855098605098604,19.047619047619047,30.313599798893918,31.420132155426273,23.84259259259259,32.385901135901136,2,0,0
LATAM,matrix_32_z_abs,Z_ABS,3,7,7.770238095237466,19.82741071428543,8.857142857142858,9.571428571428571,43.65079365079365,37.5,30.727115407566533,21.428571428571427,29.87918943801297,31.693446609412995,23.856209150326798,31.330772402200974,3,0,0
LATAM,matrix_32_z_abs,Z_ABS,3,8,8.228779761904095,20.38702380952352,9.25,10.25,45.486111111111114,44.44444444444444,30.570436507936506,20.714285714285715,26.92554075826135,31.638015783236373,22.10701267686562,30.539425851925852,3,0,0
LATAM,matrix_32_z_abs,Z_ABS,4,4,8.941488095237334,24.01538690476147,9.25,9.25,43.75,37.5,32.91666666666667,29.166666666666664,32.24924585218703,32.24924585218703,29.34027777777778,31.79563492063492,1,0,0
LATAM,matrix_32_z_abs,Z_ABS,4,5,10.751488095237187,25.094464285713844,9.2,9.2,48.611111111111114,50,35.43956043956044,30.76923076923077,28.8763197586727,29.132730015082956,31.164529914529915,33.12881562881563,3,0,0
LATAM,matrix_32_z_abs,Z_ABS,4,6,12.758928571427498,27.693630952380477,9,9,51.157407407407405,50,36.645761645761645,32.05128205128205,28.60905434434846,29.832830568124688,34.94480056980057,36.58170533170533,4,0,1
LATAM,matrix_32_z_abs,Z_ABS,4,7,13.295386904760788,28.6217261904757,9.571428571428571,9,48.45848595848596,50,35.61700204557347,30.76923076923077,26.10171691054044,29.772678302090068,32.809829059829056,34.71709196499113,4,0,1
LATAM,matrix_32_z_abs,Z_ABS,4,8,14.03622023809406,29.95607142857092,10.25,8.875,54.38034188034188,50,43.77253229226913,32.05128205128205,25.38990727409845,31.19815233785822,30.856036324786324,34.22360931552108,5,0,1
LATAM,matrix_32_z_abs,Z_ABS,5,4,14.18726190476069,29.955624999999667,9.25,9.5,43.75,37.5,32.69736842105263,28.728070175438596,32.24924585218703,32.24924585218703,29.06454248366013,31.319444444444443,1,0,0
LATAM,matrix_32_z_abs,Z_ABS,5,5,16.423095238093833,34.02116071428531,9.2,9.2,50.55555555555556,55.55555555555556,37.64646464646465,41.666666666666664,28.8763197586727,29.132730015082956,34.02086475615887,35.824786324786324,4,0,1
LATAM,matrix_32_z_abs,Z_ABS,5,6,19.562291666665004,35.83999999999957,9,9,56.71296296296296,55.55555555555556,46.01851851851852,37.5,28.60905434434846,29.832830568124688,33.478925758337525,34.982193732193736,5,0,1
LATAM,matrix_32_z_abs,Z_ABS,5,7,20.131488095236385,36.95681547619003,9.714285714285714,9.857142857142858,54.05328798185941,55.55555555555556,42.84168212739641,33.333333333333336,25.944153885330355,29.53925159807513,31.553364935717877,35.99977507872245,5,0,1
LATAM,matrix_32_z_abs,Z_ABS,5,8,21.040119047617264,40.79041666666618,10.375,9.625,59.067460317460316,55.55555555555556,47.699504442925495,37.5,25.25203962703963,30.99390397184515,34.010709470268296,38.31798501206396,7,0,2
LATAM,matrix_32_z_abs,Z_ABS,6,4,20.90327380952225,36.8678869047616,9.25,9.75,43.75,37.5,32.5,28.333333333333332,32.24924585218703,32.24924585218703,28.819444444444443,30.90277777777778,1,0,0
LATAM,matrix_32_z_abs,Z_ABS,6,5,25.73866071428375,42.96776785714235,9,9.4,49.44444444444444,55.55555555555556,35.687400318979265,33.333333333333336,31.253942136295077,32.46606334841629,33.824786324786324,35.49145299145299,4,0,1
LATAM,matrix_32_z_abs,Z_ABS,6,6,26.314970238093224,44.5267857142852,10,10.333333333333334,56.80555555555556,51.66666666666667,39.67171717171718,39.015151515151516,28.822729558023678,31.44101770262761,33.7428774928775,36.59375468585995,4,0,1
LATAM,matrix_32_z_abs,Z_ABS,6,7,27.349702380950283,50.400208333332635,10.714285714285714,10,57.142857142857146,50,42.067831917455976,36.36363636363637,27.620516738163797,32.83179668628585,36.71467421467422,39.158283237230606,5,0,2
LATAM,matrix_32_z_abs,Z_ABS,6,8,31.925535714283217,52.443660714284995,10.375,10.375,62.5,57.91666666666667,46.271158483329536,40.90909090909091,27.75743863979158,35.54600391868194,34.46908993783994,37.59683116591012,6,1,2
LATAM,matrix_32_z_abs,Z_ABS,7,4,27.8419345238075,50.99497023809477,9.25,8,50,50,40.11363636363636,43.56060606060606,32.24924585218703,32.24924585218703,38.11431623931624,38.11431623931624,2,0,1
LATAM,matrix_32_z_abs,Z_ABS,7,5,34.26964285714022,58.830773809523144,9,8,52.5,50,40.04329004329004,33.333333333333336,31.253942136295077,32.46606334841629,41.4005439005439,41.4005439005439,4,0,2
LATAM,matrix_32_z_abs,Z_ABS,7,6,40.418184523806275,61.034404761904064,8.833333333333334,9,58.333333333333336,62.5,44.607347989700926,43.56060606060606,31.05089355089355,36.145961881256,37.44162972104149,38.00922518027781,4,1,2
LATAM,matrix_32_z_abs,Z_ABS,7,7,48.00717261904366,62.66044642857072,9,8.857142857142858,56.74603174603175,62.5,43.79073307644736,41.666666666666664,30.186480186480185,34.553681612505144,37.80711118946413,38.293621583095266,6,1,2
LATAM,matrix_32_z_abs,Z_ABS,7,8,52.214434523805224,66.1596428571421,9.125,8.75,60.59027777777778,61.111111111111114,49.270833333333336,50.83333333333333,30.718240093240095,34.779925956396546,35.759793719352544,36.63191888520836,7,1,2
LATAM,matrix_32_z_abs,Z_ABS,8,4,36.63690476190169,58.243095238093765,9.25,8,59.375,52.083333333333336,53.75,54.16666666666667,32.24924585218703,32.24924585218703,32.34508547008547,32.34508547008547,2,0,0
LATAM,matrix_32_z_abs,Z_ABS,8,5,43.9107142857105,66.48616071428405,9,8,60,50,50.952380952380956,33.333333333333336,31.253942136295077,32.46606334841629,39.876068376068375,39.876068376068375,4,0,1
LATAM,matrix_32_z_abs,Z_ABS,8,6,51.79297619047167,70.38089285714113,9,8.833333333333334,59.02777777777778,58.333333333333336,48.8458110516934,48.10606060606061,32.10555784085196,33.46530920060332,39.71153846153846,39.71153846153846,4,0,1
LATAM,matrix_32_z_abs,Z_ABS,8,7,59.31318452380426,72.42392857142683,9.142857142857142,8.714285714285714,59.523809523809526,50,47.775263951734544,38.46153846153846,31.09047814930168,32.25597931480284,36.41941391941392,36.41941391941392,6,0,1
LATAM,matrix_32_z_abs,Z_ABS,8,8,63.28342261904202,74.80142857142678,9.25,8.75,59.09722222222222,52.77777777777778,50.15370352686529,48.10606060606061,29.463783765254355,32.76943644590703,36.41244172494172,36.41244172494172,6,0,1
DIEGO,matrix_32_raw_0_1,RAW,2,4,2.444345238094737,2.428184523809223,9.75,8.5,40.69444444444444,38.888888888888886,29.718451483157367,26.495726495726494,28.65530303030303,36.55594405594405,26.857864357864358,29.055666555666555,1,0,0
DIEGO,matrix_32_raw_0_1,RAW,2,5,2.718720238094681,2.531071428571115,9.6,8.4,45.88888888888889,44.44444444444444,35.01659125188537,30.76923076923077,24.890054390054388,34.6993006993007,23.708513708513706,29.244533244533244,2,0,0
DIEGO,matrix_32_raw_0_1,RAW,2,6,2.857321428570843,2.609315476190153,9.333333333333334,8.333333333333334,48.657407407407405,53.47222222222222,36.75625028566205,38.11188811188811,22.47053872053872,31.946386946386948,23.328523328523328,27.94187294187294,3,0,0
DIEGO,matrix_32_raw_0_1,RAW,2,7,2.984345238094627,2.793511904761559,9.571428571428571,8.428571428571429,50.494227994228,62.5,39.395179983415275,45.45454545454545,24.02236652236652,32.14452214452214,20.40867629102923,29.66446252160538,4,0,0
DIEGO,matrix_32_raw_0_1,RAW,2,8,3.2830654761898037,2.9065178571424974,9.75,8.375,52.59154040404041,61.25,41.762449152155035,47.72727272727273,24.925820707070706,33.334790209790214,24.44083694083694,32.90084915084915,5,0,1
DIEGO,matrix_32_raw_0_1,RAW,3,4,5.160029761903716,3.87386904761857,10,8.5,41.97649572649573,41.452991452991455,31.107340372046256,29.273504273504273,30.21780303030303,36.006493506493506,26.857864357864358,29.055666555666555,1,0,0
DIEGO,matrix_32_raw_0_1,RAW,3,5,5.687321428570275,4.066815476189975,9.8,8.4,46.914529914529915,44.44444444444444,35.794963206727914,30.76923076923077,26.279505582137162,34.25974025974026,23.708513708513706,29.244533244533244,2,0,0
DIEGO,matrix_32_raw_0_1,RAW,3,6,5.806666666665488,4.180505952380437,9.666666666666666,8.333333333333334,48.35470085470085,50,36.773580450051035,36.217948717948715,23.372183372183372,31.327561327561327,23.328523328523328,27.94187294187294,3,0,0
DIEGO,matrix_32_raw_0_1,RAW,3,7,6.044732142855917,4.3895833333327925,9.428571428571429,8.285714285714286,50.375457875457876,55.55555555555556,38.77511377511377,41.666666666666664,22.6626005573374,31.13790970933828,27.932385075242216,31.8866847438276,4,0,1
DIEGO,matrix_32_raw_0_1,RAW,3,8,6.369761904760612,4.509761904761348,9.75,8.5,50.84935897435898,52.77777777777778,38.57566045066045,37.5,26.079775487670226,33.495670995671,25.482503607503606,32.446303696303694,5,1,1
DIEGO,matrix_32_raw_0_1,RAW,4,4,9.62455357142662,6.30895833333249,10.25,8.5,41.28968253968254,40.079365079365076,30.741843296022864,28.54251012145749,29.942067736185383,35.53030303030303,26.857864357864358,29.055666555666555,1,0,0
DIEGO,matrix_32_raw_0_1,RAW,4,5,9.80544642856944,6.9367559523800315,10,8.4,47.476190476190474,44.44444444444444,36.08367071524967,30.76923076923077,26.501165501165502,31.757575757575758,32.5974025974026,34.35564435564436,2,0,1
DIEGO,matrix_32_raw_0_1,RAW,4,6,10.46988095237883,7.09720238095144,9.666666666666666,8.666666666666666,47.8968253968254,47.22222222222222,34.91099543731123,33.24175824175824,25.703833203833202,31.464646464646464,29.125286478227654,34.69030969030969,3,0,1
DIEGO,matrix_32_raw_0_1,RAW,4,7,11.385089285711976,7.48312499999901,9.714285714285714,8.571428571428571,45.34013605442177,44.44444444444444,32.9273733785012,35.714285714285715,23.686313686313685,30.541125541125542,27.53555967841682,32.79577565291851,3,0,1
DIEGO,matrix_32_raw_0_1,RAW,4,8,12.017886904759465,7.618928571427565,10,9.25,48.526785714285715,50,33.860471314031685,32.563025210084035,26.975524475524477,32.97348484848485,27.069805194805195,32.02963702963703,4,1,1
DIEGO,matrix_32_raw_0_1,RAW,5,4,14.754107142853895,9.19116071428456,9,8.5,36.52777777777778,34.72222222222222,25.924259563965446,21.634615384615387,32.02797202797203,33.03030303030303,26.857864357864358,29.055666555666555,1,0,0
DIEGO,matrix_32_raw_0_1,RAW,5,5,15.816398809520347,10.517321428570114,9.6,8.4,42.55555555555556,44.44444444444444,31.785159285159285,30.76923076923077,35.62237762237762,36.42424242424242,32.5974025974026,34.35564435564436,2,1,1
DIEGO,matrix_32_raw_0_1,RAW,5,6,16.429047619044034,10.76255952380818,10.166666666666666,8.666666666666666,43.725071225071225,44.230769230769226,33.134712509712514,32.29166666666667,37.52845194021665,38.19667260843732,29.125286478227654,34.69030969030969,3,1,1
DIEGO,matrix_32_raw_0_1,RAW,5,7,18.39877976190077,11.504761904760466,10.857142857142858,8.571428571428571,41.28815628815629,38.46153846153846,31.16639079874374,31.25,34.20806084671631,37.501909854851036,27.53555967841682,32.79577565291851,3,1,1
DIEGO,matrix_32_raw_0_1,RAW,5,8,19.507113095233883,11.672053571427112,11.375,9.25,44.377670940170944,45.55555555555556,32.50956253713607,30.330882352941174,31.49455324087677,35.93917112299465,27.069805194805195,32.02963702963703,3,1,1
DIEGO,matrix_32_raw_0_1,RAW,6,4,25.276369047614445,14.28910714285554,10,8.75,37.532051282051285,31.73076923076923,27.559974747474747,22.291666666666668,39.94652406417112,40.6283422459893,28.434963729081375,29.38034188034188,1,0,0
DIEGO,matrix_32_raw_0_1,RAW,6,5,27.139047619042632,17.27410714285518,11,8.6,46.02564102564103,40,36.32575757575758,33.333333333333336,38.623885918003566,40.923726428370394,33.85908209437621,34.61538461538461,2,0,1
DIEGO,matrix_32_raw_0_1,RAW,6,6,27.924315476185328,19.02470238095021,11.666666666666666,8.5,45.02136752136752,42.56410256410256,36.393540669856456,37.5,37.61097820308347,41.12064921662445,31.787330316742082,32.417582417582416,2,0,1
DIEGO,matrix_32_raw_0_1,RAW,6,7,28.942172619042264,19.240059523807325,11.142857142857142,9.285714285714286,50.137362637362635,50,36.9677241525981,31.25,35.744474823422195,40.96055647139239,29.767291531997415,31.59602302459445,4,0,1
DIEGO,matrix_32_raw_0_1,RAW,6,8,29.412916666661214,20.17869047618816,10.875,9.25,49.425747863247864,48.33333333333333,35.96313306791248,30.76923076923077,33.19949239357134,38.965486912468336,28.017937944408533,32.45421245421245,4,0,1
DIEGO,matrix_32_raw_0_1,RAW,7,4,36.959702380944805,19.687053571426365,12.25,9,37.5,28.333333333333336,28.073190998887593,20.05012531328321,41.889952153110045,42.41626794258373,27.9587732528909,28.904151404151403,1,0,0
DIEGO,matrix_32_raw_0_1,RAW,7,5,38.56785714284924,24.70306547618759,11.4,8.8,46,50,34.643426748689905,28.571428571428573,40.1786283891547,41.933014354066984,33.47812971342383,34.234432234432234,3,0,1
DIEGO,matrix_32_raw_0_1,RAW,7,6,39.7552083333252,27.58616071428248,11,8.666666666666666,49.074074074074076,48.33333333333333,37.780622155622154,37.25961538461539,36.046292888398156,39.110845295055825,31.469869999281762,32.1001221001221,3,0,1
DIEGO,matrix_32_raw_0_1,RAW,7,7,40.68247023808691,27.92261904761577,11.428571428571429,9.428571428571429,49.20634920634921,50,37.145295181009466,33.333333333333336,36.144316210105686,39.87278803068277,29.495182688459998,31.323914181057038,4,0,1
DIEGO,matrix_32_raw_0_1,RAW,7,8,41.46514880951532,29.716011904758407,11.875,9.375,47.93650793650794,48.33333333333333,36.569593600843604,34.43223443223443,33.18877668384248,39.055356193514086,27.854539251598077,32.21611721611722,4,0,1
DIEGO,matrix_32_raw_0_1,RAW,8,4,50.8921726190344,33.99431547618584,10.75,8.5,49.44444444444444,52.22222222222222,38.59057609057609,40.38461538461539,38.139952153110045,38.139952153110045,36.12637362637363,36.12637362637363,2,0,1
DIEGO,matrix_32_raw_0_1,RAW,8,5,52.40101190474839,36.846904761899786,11.2,9,48.17094017094017,46.666666666666664,37.43135811556864,36.8421052631579,38.01196172248804,38.01196172248804,33.9010989010989,33.9010989010989,2,0,1
DIEGO,matrix_32_raw_0_1,RAW,8,6,54.565029761890806,37.36026785713781,11.666666666666666,9.833333333333334,48.75050875050875,46.41025641025641,36.788036524878635,33.80566801619433,37.21692780903307,39.08404217614744,32.21916971916972,32.695360195360195,2,0,1
DIEGO,matrix_32_raw_0_1,RAW,8,7,55.70809523808104,39.86505952380416,12,9.714285714285714,48.85051456480028,46.666666666666664,37.36693646910365,36.8421052631579,34.96144832610998,37.07203615098352,31.69036845507434,33.51909994767138,3,0,1
DIEGO,matrix_32_raw_0_1,RAW,8,8,56.66181547617609,43.68276785713703,12.25,9.75,48.27991452991453,47.22222222222222,36.999536411301115,36.111111111111114,33.142918850155695,35.56303163211058,30.210690045248867,34.01671245421245,4,0,1
DIEGO,matrix_32_pos_0_1,POS,2,4,6.58029761904708,1.1439880952379484,11,8.25,13.125,9.583333333333334,7.803030303030303,5.606060606060606,49.19871794871795,56.25,26.71474358974359,39.236111111111114,0,2,1
DIEGO,matrix_32_pos_0_1,POS,2,5,7.891011904761257,1.2201488095236528,11.2,8.2,15.5,12.5,9.771836007130124,6.666666666666667,47.594268476621416,55,27.525641025641026,37.542735042735046,0,2,1
DIEGO,matrix_32_pos_0_1,POS,2,6,8.893839285713558,1.2806845238093594,11.5,8.166666666666666,16.762820512820515,17.78846153846154,10.920974450386215,11.666666666666668,45.911890397184514,53.6764705882353,25.715811965811966,35.83106708106708,0,2,1
DIEGO,matrix_32_pos_0_1,POS,2,7,9.472916666665892,1.3849999999998224,11.142857142857142,8.428571428571429,19.526862026862027,23.076923076923077,12.158454290807233,16.666666666666668,40.451950010773544,53.15126050420168,25.02747252747253,34.521867021867024,0,2,1
DIEGO,matrix_32_pos_0_1,POS,2,8,10.087886904761078,1.4450892857141002,10.875,9.25,22.64155982905983,24.03846153846154,13.403799019607844,15.490196078431374,36.62313483085542,52.75735294117647,23.020833333333336,34.37330031080031,0,2,1
DIEGO,matrix_32_pos_0_1,POS,3,4,13.465684523808378,2.0368154761902164,11.5,8.25,12.548076923076923,10.096153846153847,7.916666666666666,5.833333333333334,50.08578431372549,54.681372549019606,26.71474358974359,39.236111111111114,0,1,1
DIEGO,matrix_32_pos_0_1,POS,3,5,14.84687499999874,2.171577380952104,12.2,8.2,15.205128205128206,10,10.838915470494419,6.666666666666667,49.166666666666664,53.745098039215684,27.525641025641026,37.542735042735046,0,3,1
DIEGO,matrix_32_pos_0_1,POS,3,6,16.654851190474783,2.254672619047332,12.5,8.166666666666666,17.615995115995116,18.681318681318682,12.441520467836257,12.5,44.699074074074076,52.19498910675381,25.715811965811966,35.83106708106708,0,2,1
DIEGO,matrix_32_pos_0_1,POS,3,7,17.445744047617573,2.385267857142553,11.857142857142858,8.428571428571429,20.099424385138672,20,13.521303258145362,15,40.03052503052503,50.861011071095106,25.02747252747253,34.521867021867024,0,2,1
DIEGO,matrix_32_pos_0_1,POS,3,8,18.52705357142701,2.4705952380949228,11.375,9.25,23.211996336996336,24.03846153846154,14.866854636591478,15.476190476190478,37.61351495726496,49.86052754435107,23.020833333333336,34.37330031080031,0,3,1
DIEGO,matrix_32_pos_0_1,POS,4,4,25.958898809521923,3.25449404761864,12.5,8.25,20.947802197802197,24.03846153846154,14.86111111111111,15.833333333333334,49.53022875816993,54.125816993464056,30.62160062160062,30.62160062160062,0,1,0
DIEGO,matrix_32_pos_0_1,POS,4,5,27.879910714283664,3.4560416666662332,11.8,8.6,25.28998778998779,23.076923076923077,16.205513784461154,16.666666666666668,46.290849673202615,51.30065359477124,28.67676767676768,29.83061383061383,0,1,0
DIEGO,matrix_32_pos_0_1,POS,4,6,30.18241071428348,3.5666071428566952,11.166666666666666,9.666666666666666,28.336894586894587,31.25,17.671261487050963,18.333333333333336,43.43681917211329,49.89340180516651,26.675084175084177,30.414400414400415,0,1,0
DIEGO,matrix_32_pos_0_1,POS,4,7,32.109999999997605,3.762886904761432,10.714285714285714,9.857142857142858,35.58128379556951,35.714285714285715,22.967687074829932,20,39.34194890077243,47.52767773776177,28.169826205540492,32.31948606948607,2,1,0
DIEGO,matrix_32_pos_0_1,POS,4,8,33.97842261904508,3.8943154761899863,11.125,9.625,32.91933760683761,30.357142857142858,21.34672619047619,18.333333333333336,36.28472222222222,47.055468020541554,25.89859792984793,32.02955031080031,2,1,0
DIEGO,matrix_32_pos_0_1,POS,5,4,38.19970238094923,5.455148809523085,11.25,8.25,19.166666666666668,25,12.518796992481203,15.037593984962406,51.5625,53.07539682539682,30.62160062160062,30.62160062160062,0,2,0
DIEGO,matrix_32_pos_0_1,POS,5,5,40.89389880952044,5.774226190475425,10.6,8.6,22.11904761904762,25,14.015037593984962,15.789473684210526,49.25,50.46031746031746,28.67676767676768,29.83061383061383,0,2,0
DIEGO,matrix_32_pos_0_1,POS,5,6,42.22336309523462,5.941755952380166,10.833333333333334,9.666666666666666,28.988095238095237,31.25,19.17919799498747,17.894736842105264,44.84068627450981,48.46052096052096,26.675084175084177,30.414400414400415,1,2,0
DIEGO,matrix_32_pos_0_1,POS,5,7,43.22904761904406,6.394613095237251,10.714285714285714,9.857142857142858,36.98979591836735,37.5,24.362244897959183,20,42.13911088911089,48.031095888238745,28.169826205540492,32.31948606948607,3,2,0
DIEGO,matrix_32_pos_0_1,POS,5,8,45.1794345238058,6.562976190475324,10.875,9.625,33.61607142857143,31.25,22.59672619047619,17.5,37.65297202797203,47.17426772573831,25.89859792984793,32.02955031080031,3,2,0
DIEGO,matrix_32_pos_0_1,POS,6,4,54.53782738094774,9.64014880952246,11.5,8.25,19.166666666666668,25,12.321428571428571,14.642857142857142,50.919117647058826,52.4906015037594,30.62160062160062,30.62160062160062,0,2,0
DIEGO,matrix_32_pos_0_1,POS,6,5,55.834613095233344,10.29285714285571,11.6,8.6,26.5,25,18,15,45.416666666666664,49.68478889531521,28.67676767676768,29.83061383061383,1,2,0
DIEGO,matrix_32_pos_0_1,POS,6,6,56.74476190475709,10.575714285712817,11.166666666666666,9.666666666666666,31.34259259259259,31.25,19.385964912280702,17.5,43.907828282828284,47.81424715635242,26.675084175084177,30.414400414400415,2,2,0
DIEGO,matrix_32_pos_0_1,POS,6,7,59.436071428566386,11.652440476188868,11.285714285714286,9.857142857142858,37.182539682539684,37.5,24.631083202511775,20,39.578558696205754,46.86599336090712,28.169826205540492,32.31948606948607,3,1,0
DIEGO,matrix_32_pos_0_1,POS,6,8,61.30449404761385,12.000744047617394,11.125,9.625,35.451388888888886,33.75,23.367673992673993,20,35.832656926406926,45.69524419079373,25.89859792984793,32.02955031080031,3,2,0
DIEGO,matrix_32_pos_0_1,POS,7,4,64.53860119047317,14.94925595237923,10,8.25,22.67857142857143,27.5,15.515873015873016,17.142857142857142,46.621148459383754,48.04981203007519,30.62160062160062,30.62160062160062,0,1,0
DIEGO,matrix_32_pos_0_1,POS,7,5,67.18244047618724,16.107857142855273,9.6,8.6,25.642857142857142,30,16.41269841269841,20,42.8921568627451,45.106516290726816,28.67676767676768,29.83061383061383,0,1,0
DIEGO,matrix_32_pos_0_1,POS,7,6,69.88577380952033,16.59913690475997,9.333333333333334,9.666666666666666,31.785714285714285,36.60714285714286,18.651222072274706,20.526315789473685,40.87166918049271,44.25543024227235,26.675084175084177,30.414400414400415,1,1,0
DIEGO,matrix_32_pos_0_1,POS,7,7,70.8821428571393,19.078095238092995,9.285714285714286,9.857142857142858,39.18934240362812,37.5,23.49853571658083,23.076923076923077,38.60428786899375,41.5046544933763,28.169826205540492,32.31948606948607,2,1,0
DIEGO,matrix_32_pos_0_1,POS,7,8,72.31627976190109,19.767232142854812,9.25,9.625,37.34623015873016,36.60714285714286,22.460257213546686,21.2406015037594,33.77875188536953,39.2577491522925,25.89859792984793,32.02955031080031,2,1,0
DIEGO,matrix_32_pos_0_1,POS,8,4,76.23434523809217,23.66988095237817,10,8.75,27.15277777777778,32.083333333333336,17.692307692307693,20,46.14819004524887,47.67156862745098,29.572649572649574,30.470085470085472,0,2,0
DIEGO,matrix_32_pos_0_1,POS,8,5,79.22541666666334,24.49702380952092,10.6,10,35.61965811965812,44.44444444444444,22.653846153846153,25,43.719251336898395,45.63725490196079,27.136380527684874,31.042735042735043,1,2,0
DIEGO,matrix_32_pos_0_1,POS,8,6,80.95872023809177,28.92202380952035,10.666666666666666,10.166666666666666,41.993654493654496,45.299145299145295,27.632075097245377,27.14932126696833,41.96458497929086,46.919934640522875,29.78454415954416,33.160612535612536,2,2,0
DIEGO,matrix_32_pos_0_1,POS,8,7,81.80532738094884,29.431011904758385,10.714285714285714,10.714285714285714,42.293262293262295,46.15384615384615,27.652889765892862,23.529411764705884,37.85347472322262,45.25910364145658,27.96092796092796,33.5254229897087,3,2,0
DIEGO,matrix_32_pos_0_1,POS,8,8,83.08270833332969,31.288928571424815,11.125,10.5,41.47089022089022,45.299145299145295,27.669575758778546,25.657894736842103,34.4015522875817,44.958858543417364,26.965811965811966,32.90617368742369,3,2,0
DIEGO,matrix_32_ext_0_1,EXT,2,4,0.2951190476189727,0.3256845238094746,12,9,38.2012432012432,41.95804195804196,29.227941176470587,30.330882352941174,33.82936507936508,37.22222222222222,31.95970695970696,33.42074592074592,0,1,1
DIEGO,matrix_32_ext_0_1,EXT,2,5,0.33395833333324854,0.42062499999993647,11.2,9.6,42.22766122766123,45.45454545454545,29.799019607843135,31.25,32.51803751803752,35.23232323232323,33.56776556776557,34.73659673659674,1,1,1
DIEGO,matrix_32_ext_0_1,EXT,2,6,0.39764880952370846,0.509077380952304,11.333333333333334,10.333333333333334,47.47604247604248,50.256410256410255,34.09722222222222,33.125,31.86026936026936,34.12217412217412,32.13980463980464,33.113830613830615,3,1,1
DIEGO,matrix_32_ext_0_1,EXT,2,7,0.4546130952379797,0.5944047619046721,10.857142857142858,10.142857142857142,47.83660783660784,50,33.621794871794876,31.25,29.432985315338257,31.84498041640899,29.941724941724942,31.954711954711954,4,1,1
DIEGO,matrix_32_ext_0_1,EXT,2,8,0.5037797619046339,0.6799702380951353,10.625,10.125,47.41258741258741,48.33333333333333,32.75240384615385,31.25,28.918650793650794,31.435786435786436,28.17269353453564,30.30412296037296,4,1,1
DIEGO,matrix_32_ext_0_1,EXT,3,4,0.443571428571316,0.40788690476184314,12,9,38.2012432012432,41.95804195804196,29.227941176470587,30.330882352941174,33.82936507936508,37.22222222222222,31.95970695970696,33.42074592074592,0,1,1
DIEGO,matrix_32_ext_0_1,EXT,3,5,0.5003571428570158,0.5408035714284898,11.2,9.6,42.22766122766123,45.45454545454545,29.799019607843135,31.25,32.51803751803752,35.23232323232323,33.56776556776557,34.73659673659674,1,1,1
DIEGO,matrix_32_ext_0_1,EXT,3,6,0.5926488095236591,0.6513690476189493,11.333333333333334,10.333333333333334,47.47604247604248,50.256410256410255,34.09722222222222,33.125,31.86026936026936,34.12217412217412,32.13980463980464,33.113830613830615,3,1,1
DIEGO,matrix_32_ext_0_1,EXT,3,7,0.6877976190474444,0.7619345238094087,10.857142857142858,10.142857142857142,47.83660783660784,50,33.621794871794876,31.25,29.432985315338257,31.84498041640899,29.941724941724942,31.954711954711954,4,1,1
DIEGO,matrix_32_ext_0_1,EXT,3,8,0.7736607142855179,0.8746130952379633,10.625,10.125,47.41258741258741,48.33333333333333,32.75240384615385,31.25,28.918650793650794,31.435786435786436,28.17269353453564,30.30412296037296,4,1,1
DIEGO,matrix_32_ext_0_1,EXT,4,4,0.7293452380950531,0.5146726190475415,12,9,38.2012432012432,41.95804195804196,29.227941176470587,30.330882352941174,33.82936507936508,37.22222222222222,31.95970695970696,33.42074592074592,0,1,1
DIEGO,matrix_32_ext_0_1,EXT,4,5,0.8307440476188369,0.66970238095228,11.2,9.6,42.22766122766123,45.45454545454545,29.799019607843135,31.25,32.51803751803752,35.23232323232323,33.56776556776557,34.73659673659674,1,1,1
DIEGO,matrix_32_ext_0_1,EXT,4,6,0.968511904761659,0.8023809523808315,11.333333333333334,10.333333333333334,47.47604247604248,50.256410256410255,34.09722222222222,33.125,31.86026936026936,34.12217412217412,32.13980463980464,33.113830613830615,3,1,1
DIEGO,matrix_32_ext_0_1,EXT,4,7,1.171071428571132,0.935059523809383,10.857142857142858,10.142857142857142,47.83660783660784,50,33.621794871794876,31.25,29.432985315338257,31.84498041640899,29.941724941724942,31.954711954711954,4,1,1
DIEGO,matrix_32_ext_0_1,EXT,4,8,1.334583333332995,1.091994047618883,10.625,10.125,47.41258741258741,48.33333333333333,32.75240384615385,31.25,28.918650793650794,31.435786435786436,28.17269353453564,30.30412296037296,4,1,1
DIEGO,matrix_32_ext_0_1,EXT,5,4,1.4275595238091598,0.7258928571427478,12,9,38.2012432012432,41.95804195804196,29.227941176470587,30.330882352941174,33.82936507936508,37.22222222222222,31.95970695970696,33.42074592074592,0,1,1
DIEGO,matrix_32_ext_0_1,EXT,5,5,1.5996130952376877,0.8969940476189125,11.2,9.6,42.22766122766123,45.45454545454545,29.799019607843135,31.25,32.51803751803752,35.23232323232323,33.56776556776557,34.73659673659674,1,1,1
DIEGO,matrix_32_ext_0_1,EXT,5,6,1.8875892857138048,1.060119047618888,11.333333333333334,10.333333333333334,47.47604247604248,50.256410256410255,34.09722222222222,33.125,31.86026936026936,34.12217412217412,32.13980463980464,33.113830613830615,3,1,1
DIEGO,matrix_32_ext_0_1,EXT,5,7,2.30809523809465,1.2568452380950488,10.857142857142858,10.142857142857142,47.83660783660784,50,33.621794871794876,31.25,29.432985315338257,31.84498041640899,29.941724941724942,31.954711954711954,4,1,1
DIEGO,matrix_32_ext_0_1,EXT,5,8,2.725416666665972,1.4547321428569238,10.625,10.125,47.41258741258741,48.33333333333333,32.75240384615385,31.25,28.918650793650794,31.435786435786436,28.17269353453564,30.30412296037296,4,1,1
DIEGO,matrix_32_ext_0_1,EXT,6,4,2.7664880952373916,1.2659523809521889,12,9,38.2012432012432,41.95804195804196,29.227941176470587,30.330882352941174,33.82936507936508,37.22222222222222,31.95970695970696,33.42074592074592,0,1,1
DIEGO,matrix_32_ext_0_1,EXT,6,5,3.22580357142775,1.4946726190473925,11.2,9.6,42.22766122766123,45.45454545454545,29.799019607843135,31.25,32.51803751803752,35.23232323232323,33.56776556776557,34.73659673659674,1,1,1
DIEGO,matrix_32_ext_0_1,EXT,6,6,3.887410714284724,1.7377380952378318,11.333333333333334,10.333333333333334,47.47604247604248,50.256410256410255,34.09722222222222,33.125,31.86026936026936,34.12217412217412,32.13980463980464,33.113830613830615,3,1,1
DIEGO,matrix_32_ext_0_1,EXT,6,7,4.906041666665419,2.0931845238092066,10.857142857142858,10.142857142857142,47.83660783660784,50,33.621794871794876,31.25,29.432985315338257,31.84498041640899,29.941724941724942,31.954711954711954,4,1,1
DIEGO,matrix_32_ext_0_1,EXT,6,8,5.713035714284262,2.423333333332966,10.625,10.125,47.41258741258741,48.33333333333333,32.75240384615385,31.25,28.918650793650794,31.435786435786436,28.17269353453564,30.30412296037296,4,1,1
DIEGO,matrix_32_ext_0_1,EXT,7,4,5.901309523808015,2.85675595238052,12,9,38.2012432012432,41.95804195804196,29.227941176470587,30.330882352941174,33.82936507936508,37.22222222222222,31.95970695970696,33.42074592074592,0,1,1
DIEGO,matrix_32_ext_0_1,EXT,7,5,6.815446428569689,3.213601190475704,11.2,9.6,42.22766122766123,45.45454545454545,29.799019607843135,31.25,32.51803751803752,35.23232323232323,33.56776556776557,34.73659673659674,1,1,1
DIEGO,matrix_32_ext_0_1,EXT,7,6,8.076964285712226,3.652767857142304,11.333333333333334,10.333333333333334,47.47604247604248,50.256410256410255,34.09722222222222,33.125,31.86026936026936,34.12217412217412,32.13980463980464,33.113830613830615,3,1,1
DIEGO,matrix_32_ext_0_1,EXT,7,7,9.864761904759389,4.453928571427897,10.857142857142858,10.142857142857142,47.83660783660784,50,33.621794871794876,31.25,29.432985315338257,31.84498041640899,29.941724941724942,31.954711954711954,4,1,1
DIEGO,matrix_32_ext_0_1,EXT,7,8,11.582261904758957,5.117202380951606,10.625,10.125,47.41258741258741,48.33333333333333,32.75240384615385,31.25,28.918650793650794,31.435786435786436,28.17269353453564,30.30412296037296,4,1,1
DIEGO,matrix_32_ext_0_1,EXT,8,4,10.513839285711624,7.05889880952274,11.25,9,35.86538461538461,35.8974358974359,26.311274509803923,24.080882352941174,35.29040404040404,35.707070707070706,31.95970695970696,33.42074592074592,0,1,1
DIEGO,matrix_32_ext_0_1,EXT,8,5,13.37336309523471,7.841607142855954,11.4,9.6,43.136752136752136,46.666666666666664,31.087719298245617,31.25,33.94660894660895,34.27994227994228,33.56776556776557,34.73659673659674,2,1,1
DIEGO,matrix_32_ext_0_1,EXT,8,6,16.7073214285672,8.649404761903453,10.833333333333334,10.333333333333334,46.844729344729345,48.33333333333333,32.32142857142857,33.125,30.767054296466064,31.596921596921597,32.13980463980464,33.113830613830615,3,1,1
DIEGO,matrix_32_ext_0_1,EXT,8,7,18.16050595237636,10.259999999998447,11,10.142857142857142,48.485958485958484,50,34.514652014652015,35,31.866266320047835,32.577581149009724,29.941724941724942,31.954711954711954,5,1,1
DIEGO,matrix_32_ext_0_1,EXT,8,8,20.279970238090108,12.082172619045796,10.875,10.125,47.425213675213676,50,33.32532051282051,33.125,30.809676434676437,31.838716838716838,28.17269353453564,30.30412296037296,5,1,1
DIEGO,matrix_32_z_abs,Z_ABS,2,4,0.31919642857134634,0.36029761904756546,10,11.25,42.50992063492063,46.52777777777778,24.176249447147278,22.600619195046438,24.734848484848484,25.303030303030305,24.21833466241361,24.90755772005772,2,0,0
DIEGO,matrix_32_z_abs,Z_ABS,2,5,0.3951488095237078,0.4456249999999337,9.8,10.8,50.476190476190474,50,30.44000933706816,27.77777777777778,24.40909090909091,25.6969696969697,24.374667729930888,24.926046176046174,3,0,0
DIEGO,matrix_32_z_abs,Z_ABS,2,6,0.4744642857141635,0.5405654761903957,10.166666666666666,10.833333333333334,49.007936507936506,45.83333333333333,30.11204481792717,28.125,25.549242424242426,26.96969696969697,23.88365167970431,26.654058087881616,3,0,0
DIEGO,matrix_32_z_abs,Z_ABS,2,7,0.5314285714284346,0.6165178571427654,9.857142857142858,10.571428571428571,45.578231292517,41.666666666666664,27.647058823529413,25,27.613636363636363,28.83116883116883,22.691089194848594,26.207680041713655,3,0,0
DIEGO,matrix_32_z_abs,Z_ABS,2,8,0.598095238095084,0.6870238095237073,9.75,10.25,46.676587301587304,46.42857142857143,29.286697725648963,29.6218487394958,25.298295454545453,28.168449197860962,19.87364243943191,23.973386703166117,4,0,0
DIEGO,matrix_32_z_abs,Z_ABS,3,4,0.4323511904760791,0.45187499999993286,10,11.25,42.50992063492063,46.52777777777778,24.176249447147278,22.600619195046438,24.734848484848484,25.303030303030305,24.21833466241361,24.90755772005772,2,0,0
DIEGO,matrix_32_z_abs,Z_ABS,3,5,0.5429166666665268,0.5624404761903926,9.8,10.8,50.476190476190474,50,30.44000933706816,27.77777777777778,24.40909090909091,25.6969696969697,24.374667729930888,24.926046176046174,3,0,0
DIEGO,matrix_32_z_abs,Z_ABS,3,6,0.6539583333331649,0.6953571428570396,10.166666666666666,10.833333333333334,49.007936507936506,45.83333333333333,30.11204481792717,28.125,25.549242424242426,26.96969696969697,23.88365167970431,26.654058087881616,3,0,0
DIEGO,matrix_32_z_abs,Z_ABS,3,7,0.7299107142855262,0.7934226190475012,9.857142857142858,10.571428571428571,45.578231292517,41.666666666666664,27.647058823529413,25,27.613636363636363,28.83116883116883,22.691089194848594,26.207680041713655,3,0,0
DIEGO,matrix_32_z_abs,Z_ABS,3,8,0.8292857142855007,0.8902083333332012,9.75,10.25,46.676587301587304,46.42857142857143,29.286697725648963,29.6218487394958,25.298295454545453,28.168449197860962,19.87364243943191,23.973386703166117,4,0,0
DIEGO,matrix_32_z_abs,Z_ABS,4,4,0.6231249999998398,0.5613988095237262,10,11.25,42.50992063492063,46.52777777777778,24.176249447147278,22.600619195046438,24.734848484848484,25.303030303030305,24.21833466241361,24.90755772005772,2,0,0
DIEGO,matrix_32_z_abs,Z_ABS,4,5,0.796666666666462,0.694077380952278,9.8,10.8,50.476190476190474,50,30.44000933706816,27.77777777777778,24.40909090909091,25.6969696969697,24.374667729930888,24.926046176046174,3,0,0
DIEGO,matrix_32_z_abs,Z_ABS,4,6,0.9444345238092814,0.8459821428570173,10.166666666666666,10.833333333333334,49.007936507936506,45.83333333333333,30.11204481792717,28.125,25.549242424242426,26.96969696969697,23.88365167970431,26.654058087881616,3,0,0
DIEGO,matrix_32_z_abs,Z_ABS,4,7,1.0497916666663971,0.9697321428569988,9.857142857142858,10.571428571428571,45.578231292517,41.666666666666664,27.647058823529413,25,27.613636363636363,28.83116883116883,22.691089194848594,26.207680041713655,3,0,0
DIEGO,matrix_32_z_abs,Z_ABS,4,8,1.200624999999692,1.1057440476188836,9.75,10.25,46.676587301587304,46.42857142857143,29.286697725648963,29.6218487394958,25.298295454545453,28.168449197860962,19.87364243943191,23.973386703166117,4,0,0
DIEGO,matrix_32_z_abs,Z_ABS,5,4,1.0698809523806767,0.7061309523808478,10,11.25,42.50992063492063,46.52777777777778,24.176249447147278,22.600619195046438,24.734848484848484,25.303030303030305,24.21833466241361,24.90755772005772,2,0,0
DIEGO,matrix_32_z_abs,Z_ABS,5,5,1.3771130952377404,0.8778869047617747,9.8,10.8,50.476190476190474,50,30.44000933706816,27.77777777777778,24.40909090909091,25.6969696969697,24.374667729930888,24.926046176046174,3,0,0
DIEGO,matrix_32_z_abs,Z_ABS,5,6,1.6017261904757782,1.029791666666514,10.166666666666666,10.833333333333334,49.007936507936506,45.83333333333333,30.11204481792717,28.125,25.549242424242426,26.96969696969697,23.88365167970431,26.654058087881616,3,0,0
DIEGO,matrix_32_z_abs,Z_ABS,5,7,1.7736011904757338,1.232678571428389,9.857142857142858,10.571428571428571,45.578231292517,41.666666666666664,27.647058823529413,25,27.613636363636363,28.83116883116883,22.691089194848594,26.207680041713655,3,0,0
DIEGO,matrix_32_z_abs,Z_ABS,5,8,2.0874702380947,1.4177380952378853,9.75,10.25,46.676587301587304,46.42857142857143,29.286697725648963,29.6218487394958,25.298295454545453,28.168449197860962,19.87364243943191,23.973386703166117,4,0,0
DIEGO,matrix_32_z_abs,Z_ABS,6,4,2.078124999999463,1.1760416666664912,10,11.25,42.50992063492063,46.52777777777778,24.176249447147278,22.600619195046438,24.734848484848484,25.303030303030305,24.21833466241361,24.90755772005772,2,0,0
DIEGO,matrix_32_z_abs,Z_ABS,6,5,2.609434523808849,1.4465476190474036,9.8,10.8,50.476190476190474,50,30.44000933706816,27.77777777777778,24.40909090909091,25.6969696969697,24.374667729930888,24.926046176046174,3,0,0
DIEGO,matrix_32_z_abs,Z_ABS,6,6,3.0413392857134993,1.626220238094996,10.166666666666666,10.833333333333334,49.007936507936506,45.83333333333333,30.11204481792717,28.125,25.549242424242426,26.96969696969697,23.88365167970431,26.654058087881616,3,0,0
DIEGO,matrix_32_z_abs,Z_ABS,6,7,3.319285714284856,1.9459821428568531,10,10.571428571428571,45.18140589569161,41.666666666666664,27.511004401760704,25,27.094155844155846,28.611388611388612,22.691089194848594,26.207680041713655,3,0,0
DIEGO,matrix_32_z_abs,Z_ABS,6,8,3.9698511904751648,2.389970238094882,9.875,10.25,46.329365079365076,46.42857142857143,29.167650106601346,29.6218487394958,24.84375,27.976141505553272,19.87364243943191,23.973386703166117,4,0,0
DIEGO,matrix_32_z_abs,Z_ABS,7,4,4.514583333332175,2.13419642857111,10,11.25,42.50992063492063,46.52777777777778,24.176249447147278,22.600619195046438,24.734848484848484,25.303030303030305,24.21833466241361,24.90755772005772,2,0,0
DIEGO,matrix_32_z_abs,Z_ABS,7,5,5.603095238093802,2.839077380951957,9.8,10.8,50.476190476190474,50,30.44000933706816,27.77777777777778,24.40909090909091,25.6969696969697,24.374667729930888,24.926046176046174,3,0,0
DIEGO,matrix_32_z_abs,Z_ABS,7,6,6.38544642856979,3.2624702380947506,10.166666666666666,10.833333333333334,49.007936507936506,45.83333333333333,30.11204481792717,28.125,25.549242424242426,26.96969696969697,23.88365167970431,26.654058087881616,3,0,0
DIEGO,matrix_32_z_abs,Z_ABS,7,7,7.953839285712245,3.977529761904168,10,10.571428571428571,47.56235827664399,50,29.22149629082402,25,24.09715284715285,26.478227654698244,22.691089194848594,26.207680041713655,4,0,0
DIEGO,matrix_32_z_abs,Z_ABS,7,8,8.879404761902483,4.885357142856414,10.125,10.25,48.09704184704185,46.42857142857143,30.83431677326801,31.19047619047619,23.168342074592076,26.05306458247635,19.87364243943191,23.973386703166117,4,0,0
DIEGO,matrix_32_z_abs,Z_ABS,8,4,9.382559523807084,5.270565476189691,10,11.25,42.50992063492063,46.52777777777778,24.176249447147278,22.600619195046438,24.734848484848484,25.303030303030305,24.21833466241361,24.90755772005772,2,0,0
DIEGO,matrix_32_z_abs,Z_ABS,8,5,10.922410714282885,6.733958333332331,10.4,10.8,44.920634920634924,50,27.69000933706816,27.77777777777778,26.03787878787879,26.90909090909091,24.374667729930888,24.926046176046174,3,0,0
DIEGO,matrix_32_z_abs,Z_ABS,8,6,13.928303571424962,7.621874999998865,10.166666666666666,10.833333333333334,46.6931216931217,50,29.02230122818358,27.5,24.262334887334887,26.345811051693406,23.88365167970431,26.654058087881616,4,0,0
DIEGO,matrix_32_z_abs,Z_ABS,8,7,15.655684523805473,8.964345238093907,10.285714285714286,10.571428571428571,45.217480931766644,50,28.481700372456675,26.666666666666668,23.586948765520194,25.878827055297645,22.691089194848594,26.207680041713655,4,0,0
DIEGO,matrix_32_z_abs,Z_ABS,8,8,17.442499999995494,11.19133928571262,10.5,10.25,46.70815295815296,50,30.895752531781945,32.64705882352941,23.614770646020645,26.215402244814012,19.87364243943191,23.973386703166117,5,0,0
RENOVISOR,matrix_32_raw_0_1,RAW,2,4,12.422916666666346,14.297291666666698,10.75,10.25,60.833333333333336,59.16666666666667,47.40117521367521,44.375,38.46927925875294,43.49747474747475,29.570494864612513,36.82539682539682,3,1,0
RENOVISOR,matrix_32_raw_0_1,RAW,2,5,16.32735119047576,16.042797619047654,11.2,9.8,53.282051282051285,58.333333333333336,41.254273504273506,43.75,36.108756740335686,42.49028749028749,31.65639589169001,37.46031746031746,3,1,0
RENOVISOR,matrix_32_raw_0_1,RAW,2,6,18.51752976190428,17.432797619047655,10.666666666666666,9.5,51.76282051282051,50,38.12890934601461,34.941520467836256,33.05585618085618,42.81598031598031,30.50911778852955,35.76238576238576,3,1,0
RENOVISOR,matrix_32_raw_0_1,RAW,2,7,21.29616071428516,19.19571428571433,11.285714285714286,10.142857142857142,50.375457875457876,38.46153846153846,36.08158758534698,27.77777777777778,34.136835386835386,43.842268842268844,30.118926358422158,34.93918779633066,3,2,0
RENOVISOR,matrix_32_raw_0_1,RAW,2,8,26.311607142856456,20.34577380952386,11.375,9.875,48.92628205128205,45.83333333333333,35.53094474969475,32.967032967032964,35.016789787010374,44.611985236985234,28.020727230286052,33.25036075036075,4,2,0
RENOVISOR,matrix_32_raw_0_1,RAW,3,4,21.933571428570815,21.41648809523813,11,9,50.3525641025641,45.41666666666667,39.906657669815566,32.59109311740891,39.22664141414141,42.696192696192696,34.95039682539682,39.517704517704516,2,1,0
RENOVISOR,matrix_32_raw_0_1,RAW,3,5,26.587440476189727,23.51982142857147,10.8,8.8,50.282051282051285,37.5,38.39316239316239,27.77777777777778,35.131313131313135,44.15695415695416,33.414862914862915,37.06870906870907,2,1,0
RENOVISOR,matrix_32_raw_0_1,RAW,3,6,29.329345238094415,26.741279761904817,10.333333333333334,9.666666666666666,48.63247863247863,37.980769230769226,35.38535538535538,25.427350427350426,32.103475228475226,44.204869204869205,32.475348725348724,35.89059089059089,2,1,0
RENOVISOR,matrix_32_raw_0_1,RAW,3,7,34.29779761904665,28.374553571428628,11,9.428571428571429,45.082417582417584,33.333333333333336,32.44069422640851,23.076923076923077,33.4845636819321,45.032745032745034,30.143269428983714,33.82458811030239,3,3,0
RENOVISOR,matrix_32_raw_0_1,RAW,3,8,45.240327380951165,30.125625000000063,11.125,9.25,44.655448717948715,37.5,32.552274114774114,25.427350427350426,34.13537953060012,45.653651903651905,30.221514596514595,33.44266844266844,3,2,0
RENOVISOR,matrix_32_raw_0_1,RAW,4,4,34.98273809523742,28.06830357142855,11,9.25,50.3525641025641,45.41666666666667,39.38034188034188,31.53846153846154,39.22664141414141,42.696192696192696,34.76657329598506,38.96825396825397,2,1,0
RENOVISOR,matrix_32_raw_0_1,RAW,4,5,41.45592261904675,32.97568452380949,11.8,10.2,48.69230769230769,38.46153846153846,36.92692103218419,23.076923076923077,41.381313131313135,44.15695415695416,33.368814192343606,37.17460317460318,2,2,0
RENOVISOR,matrix_32_raw_0_1,RAW,4,6,58.03511904761768,35.90714285714284,11.833333333333334,10,50.2991452991453,45.8974358974359,39.10576752682016,31.53846153846154,41.347172707466825,45.13079513079513,32.5692499221911,35.74074074074074,3,2,0
RENOVISOR,matrix_32_raw_0_1,RAW,4,7,62.10247023809376,37.96333333333333,11.285714285714286,9.714285714285714,46.86813186813187,50,34.66291644863073,23.076923076923077,36.86900517782871,45.032745032745034,30.22375616913432,33.69614512471655,4,2,0
RENOVISOR,matrix_32_raw_0_1,RAW,4,8,64.36627976190323,40.0533630952381,11,9.5,45.710470085470085,44.230769230769226,34.06375787954735,28.03030303030303,34.183456453677046,44.403651903651905,29.845511922717805,33.33028083028083,4,2,0
RENOVISOR,matrix_32_raw_0_1,RAW,5,4,47.1553869047608,34.27604166666696,11,9.5,52.01923076923077,48.75,40.63034188034188,34.03846153846154,39.22664141414141,42.696192696192696,36.23716153127918,38.492063492063494,2,1,0
RENOVISOR,matrix_32_raw_0_1,RAW,5,5,53.35241071428441,41.816369047619375,11.8,10.4,50.02564102564102,38.46153846153846,37.92692103218419,23.076923076923077,41.381313131313135,44.15695415695416,34.545284780578896,36.79365079365079,2,2,0
RENOVISOR,matrix_32_raw_0_1,RAW,5,6,73.48821428571233,43.60526785714318,11.833333333333334,10,48.151709401709404,45.83333333333333,36.114672364672366,28.205128205128204,41.347172707466825,45.13079513079513,31.479536258948023,34.232804232804234,3,2,0
RENOVISOR,matrix_32_raw_0_1,RAW,5,7,76.1009821428551,45.81580357142891,11.285714285714286,9.714285714285714,47.51831501831502,41.666666666666664,34.461451247165535,33.333333333333336,36.86900517782871,45.032745032745034,31.37806404613127,33.73800802372231,3,2,0
RENOVISOR,matrix_32_raw_0_1,RAW,5,8,80.24038690475973,49.70934523809558,10.875,9.5,48.61378205128205,50,33.931182121971595,31.666666666666668,37.26037953060012,44.76079476079476,28.417344501903326,31.18742368742369,5,2,0
RENOVISOR,matrix_32_raw_0_1,RAW,6,4,61.42029761904626,50.24122023809569,11,9.5,45.86538461538461,37.980769230769226,34.645493395493396,22.9020979020979,39.22664141414141,42.696192696192696,38.769841269841265,39.32539682539682,1,1,0
RENOVISOR,matrix_32_raw_0_1,RAW,6,5,66.12958333333182,52.63741071428617,11.8,10.6,50.67948717948718,50,37.49834960361276,23.076923076923077,41.381313131313135,44.15695415695416,34.34920634920635,36.46031746031746,3,2,0
RENOVISOR,matrix_32_raw_0_1,RAW,6,6,83.22345238095026,56.19020833333379,12.166666666666666,10.666666666666666,53.84004884004884,59.82142857142857,39.485519353940404,37.85714285714286,43.307957021192315,45.6209912092265,35.767195767195766,37.526455026455025,4,3,0
RENOVISOR,matrix_32_raw_0_1,RAW,6,7,87.78999999999773,62.93461309523845,12.571428571428571,10.285714285714286,51.86289900575615,57.142857142857146,38.88674768152875,35.714285714285715,40.564615000705224,46.246563893622714,32.76077097505669,34.54648526077097,4,2,0
RENOVISOR,matrix_32_raw_0_1,RAW,6,8,88.87675595237866,65.5630952380956,12,10.625,51.00503663003663,51.904761904761905,37.34670622635019,35.50420168067227,36.744038125617074,44.21574340691988,31.16201963241437,33.9046451914099,4,2,0
RENOVISOR,matrix_32_raw_0_1,RAW,7,4,74.44505952380798,61.86124999999976,11.25,9.5,46.964285714285715,40.17857142857143,35.78185703185703,25.174825174825173,40.89330808080808,42.009379509379514,38.769841269841265,39.32539682539682,1,1,0
RENOVISOR,matrix_32_raw_0_1,RAW,7,5,88.90839285714085,70.32107142857123,11.8,9.2,48.642857142857146,50,37.666666666666664,33.333333333333336,43.30288175876411,44.195738901621255,37.16971916971917,37.614163614163616,3,2,0
RENOVISOR,matrix_32_raw_0_1,RAW,7,6,93.52377976190262,78.69095238095217,12,9,48.22802197802198,48.07692307692308,38.05555555555556,36.66666666666667,42.335734798970094,43.311263899499195,33.75254375254375,34.122914122914125,3,2,0
RENOVISOR,matrix_32_raw_0_1,RAW,7,7,96.40214285714065,80.26883928571408,12.285714285714286,9.857142857142858,50.52197802197802,50,39.047619047619044,40,40.47733312439195,43.373940485285026,32.938688295831156,34.010116867259725,4,2,0
RENOVISOR,matrix_32_raw_0_1,RAW,7,8,96.88187499999776,81.38464285714265,11.75,10.5,54.02815934065934,50,40.54359383306752,36.66666666666667,36.37920494538142,41.70219792462439,32.18673687423687,36.00885225885226,5,2,1
RENOVISOR,matrix_32_raw_0_1,RAW,8,4,83.84327380952189,68.76354166666519,11.5,9.5,46.25,38.75,35.48541434411,24.581939799331103,41.30997474747475,41.83080808080808,38.769841269841265,39.32539682539682,1,1,0
RENOVISOR,matrix_32_raw_0_1,RAW,8,5,94.09065476190278,78.14282738095105,12.2,9.2,47.5,50,37.49843705598181,33.333333333333336,42.2979797979798,43.464646464646464,37.16971916971917,37.614163614163616,3,2,0
RENOVISOR,matrix_32_raw_0_1,RAW,8,6,97.30514880952174,87.01247023809393,12.333333333333334,9,47.27564102564103,48.07692307692308,37.91536421331818,34.31372549019608,41.4983164983165,42.7020202020202,33.75254375254375,34.122914122914125,3,2,0
RENOVISOR,matrix_32_raw_0_1,RAW,8,7,97.90723214285508,88.05324404761775,11.714285714285714,9.857142857142858,50.52197802197802,50,38.34122054618949,33.333333333333336,36.998556998557,40.887445887445885,32.938688295831156,34.010116867259725,4,2,0
RENOVISOR,matrix_32_raw_0_1,RAW,8,8,98.0376785714265,88.73690476190346,11.25,10.5,54.90384615384615,55,40.151438791312934,38.095238095238095,36.77277583527584,40.46401515151515,32.18673687423687,36.00885225885226,6,2,1
RENOVISOR,matrix_32_pos_0_1,POS,2,4,28.935089285713865,10.26360119047636,11,9.75,19.444444444444443,16.666666666666668,14.732142857142858,10.714285714285714,61.14718614718615,61.14718614718615,28.40277777777778,32.291666666666664,0,4,0
RENOVISOR,matrix_32_pos_0_1,POS,2,5,33.785684523809024,11.4610119047621,11.8,9.4,25.666666666666668,33.333333333333336,21.61904761904762,21.428571428571427,54.63203463203463,60.917748917748916,28.17676767676768,31.28787878787879,1,4,0
RENOVISOR,matrix_32_pos_0_1,POS,2,6,38.92589285714228,12.275892857143065,11.833333333333334,9.833333333333334,29.285714285714285,34.523809523809526,22.664835164835164,22.61904761904762,49.6933621933622,61.02120102120102,28.688973063973066,31.281565656565657,1,4,0
RENOVISOR,matrix_32_pos_0_1,POS,2,7,40.88443452380892,13.351666666666894,12.285714285714286,9.857142857142858,35.7936507936508,46.666666666666664,28.157993966817497,33.333333333333336,45.269072664030645,58.31892418358584,28.400072150072152,33.306277056277054,3,4,0
RENOVISOR,matrix_32_pos_0_1,POS,2,8,42.93973214285651,14.07934523809548,12.25,9.625,34.89087301587302,40,27.316816149536738,27.38095238095238,41.49934495329232,58.7213663529453,28.25915404040404,32.552083333333336,3,4,0
RENOVISOR,matrix_32_pos_0_1,POS,3,4,49.16869047618982,15.193630952381191,11.5,9.75,19.444444444444443,16.666666666666668,14.930555555555555,11.11111111111111,61.882480264833205,61.882480264833205,28.40277777777778,32.291666666666664,0,4,0
RENOVISOR,matrix_32_pos_0_1,POS,3,5,57.50327380952304,17.24470238095266,12,9.4,26.03174603174603,28.571428571428573,22.026862026862027,22.22222222222222,54.50598421186657,62.36312706900942,28.17676767676768,31.28787878787879,1,4,0
RENOVISOR,matrix_32_pos_0_1,POS,3,6,60.18672619047539,18.495684523809828,12.5,9.833333333333334,32.38095238095238,40,27.79431216931217,32.589285714285715,49.34322213733979,58.98681641715697,28.688973063973066,31.281565656565657,2,4,0
RENOVISOR,matrix_32_pos_0_1,POS,3,7,63.55217261904677,20.353005952381288,11.857142857142858,9.857142857142858,39.26303854875284,46.666666666666664,30.64331288070784,41.1764705882353,45.46879357803728,58.35233614977091,28.400072150072152,33.306277056277054,3,4,0
RENOVISOR,matrix_32_pos_0_1,POS,3,8,65.48142857142771,21.80377976190513,11.5,9.625,41.0218253968254,44.44444444444444,30.74608262108262,34.72222222222222,40.74673284232108,57.30829413104955,28.25915404040404,32.552083333333336,4,4,0
RENOVISOR,matrix_32_pos_0_1,POS,4,4,64.10351190476119,21.129940476190804,11.5,9.75,19.444444444444443,16.666666666666668,14.930555555555555,11.11111111111111,61.882480264833205,61.882480264833205,28.40277777777778,32.291666666666664,0,4,0
RENOVISOR,matrix_32_pos_0_1,POS,4,5,65.93874999999926,24.21523809523848,12.2,9.8,31.936507936507937,28.571428571428573,23.482905982905983,22.22222222222222,54.21186656480774,57.927036843445514,31.81313131313131,34.92424242424242,1,4,0
RENOVISOR,matrix_32_pos_0_1,POS,4,6,71.82026785714201,27.23744047619093,11.5,9.5,37.26190476190476,30.952380952380956,27.259211376858435,25.42016806722689,48.880259174376825,57.36343979378035,31.056397306397308,33.648989898989896,2,4,0
RENOVISOR,matrix_32_pos_0_1,POS,4,7,78.2525297619038,30.27761904761956,11.714285714285714,9.571428571428571,39.1025641025641,33.333333333333336,29.582232893157265,29.41176470588235,44.961090496804786,57.33192798650561,29.298340548340548,32.13869463869464,3,4,0
RENOVISOR,matrix_32_pos_0_1,POS,4,8,79.87764880952281,31.66279761904816,12.125,10.25,43.57371794871795,41.66666666666667,33.12129588677576,35.294117647058826,40.96268621084798,56.41543698819241,29.802714646464647,33.38451570359465,4,4,0
RENOVISOR,matrix_32_pos_0_1,POS,5,4,72.73910714285647,27.72645833333395,12,10,25,26.666666666666668,19.072420634920633,16.26984126984127,58.10207336523126,58.10207336523126,29.791666666666668,31.875,0,3,0
RENOVISOR,matrix_32_pos_0_1,POS,5,5,78.7433630952373,32.274761904762606,11.2,10,36.77777777777778,33.333333333333336,27.47597995873858,27.77777777777778,51.67557932263815,57.39074960127592,32.92424242424242,34.59090909090909,2,4,0
RENOVISOR,matrix_32_pos_0_1,POS,5,6,81.73291666666584,37.012708333334054,11.833333333333334,9.666666666666666,36.94444444444444,30,27.526279595245114,27.77777777777778,47.675777381659735,56.15895800106327,31.008297258297258,33.371212121212125,2,4,0
RENOVISOR,matrix_32_pos_0_1,POS,5,7,83.41773809523725,40.7496726190484,12.285714285714286,9.714285714285714,38.333333333333336,33.333333333333336,28.976675690519123,21.428571428571427,44.226296579237754,56.70767828662566,29.257111935683366,31.9005994005994,3,4,0
RENOVISOR,matrix_32_pos_0_1,POS,5,8,85.69065476190387,42.17529761904842,12.625,10.375,43.54166666666667,43.333333333333336,33.68792456253757,33.79120879120879,39.461898395721924,55.86921850079745,29.72961523125997,33.176182370261316,4,4,0
RENOVISOR,matrix_32_pos_0_1,POS,6,4,86.18386904761824,40.00782738095341,10,8.75,42.708333333333336,47.91666666666667,32.533936651583716,35.067873303167424,53.96065922381712,53.96065922381712,36.98863636363636,36.98863636363636,2,3,0
RENOVISOR,matrix_32_pos_0_1,POS,6,5,89.74398809523724,47.043035714286766,11,8.6,40.833333333333336,33.333333333333336,31.253034547152197,27.77777777777778,49.45335710041592,53.16852737905369,35.04545454545455,35.04545454545455,2,4,0
RENOVISOR,matrix_32_pos_0_1,POS,6,6,95.1441369047609,48.50595238095347,11.166666666666666,9.666666666666666,47.916666666666664,47.91666666666667,37.08994708994709,37.22222222222222,44.54446425034661,52.64043948254475,35.62685121895648,36.22208931419458,3,4,0
RENOVISOR,matrix_32_pos_0_1,POS,6,7,96.193749999999,54.00419642857257,10.857142857142858,9.571428571428571,47.976190476190474,44.44444444444444,37.21611721611722,33.333333333333336,40.3354815119521,49.20200935238529,31.665120593692023,33.42845750740488,3,4,0
RENOVISOR,matrix_32_pos_0_1,POS,6,8,96.42160714285612,56.63125000000119,11.25,10.125,46.076388888888886,42.22222222222222,34.02809909388857,28.205128205128204,36.480322169660404,49.66940524216066,29.09586940836941,31.593650318979268,3,4,0
RENOVISOR,matrix_32_pos_0_1,POS,7,4,96.45491071428478,50.017142857143504,13,8.75,37.47863247863248,43.333333333333336,31.21527777777778,35.763888888888886,50.07575757575758,50.60207336523126,36.98863636363636,36.98863636363636,2,2,0
RENOVISOR,matrix_32_pos_0_1,POS,7,5,97.59622023809428,59.268273809524814,12.2,8.6,38.871794871794876,44.44444444444444,31.12606837606838,30.76923076923077,43.137529137529135,46.19594440647072,35.04545454545455,35.04545454545455,2,2,0
RENOVISOR,matrix_32_pos_0_1,POS,7,6,98.15330357142764,62.61071428571536,12.666666666666666,9,37.94871794871795,38.888888888888886,29.754968114101242,28.54251012145749,40.751862516568394,48.30054190735305,31.056397306397308,31.585497835497836,2,2,0
RENOVISOR,matrix_32_pos_0_1,POS,7,7,98.47217261904666,71.02535714285834,12.714285714285714,8.857142857142858,39.291819291819294,44.44444444444444,31.42158145309406,30.76923076923077,36.6108401402519,45.91174268750562,29.68099360956504,30.96938775510204,2,2,0
RENOVISOR,matrix_32_pos_0_1,POS,7,8,98.62985119047524,72.48303571428694,12.5,9.5,47.7000777000777,42.22222222222222,37.64946928501495,31.009615384615387,34.7704991087344,44.58453955744977,32.02989718614719,33.76488095238095,3,3,1
RENOVISOR,matrix_32_pos_0_1,POS,8,4,98.03235119047557,58.16107142857165,11.25,8.75,37.638888888888886,47.5,30.952380952380953,33.333333333333336,48.05194805194805,48.05194805194805,36.98863636363636,36.98863636363636,2,3,0
RENOVISOR,matrix_32_pos_0_1,POS,8,5,99.01264880952316,69.13550595238162,11,8.6,39.888888888888886,44.44444444444444,32.24908424908425,30.76923076923077,45.03496503496503,47.67232767232767,35.04545454545455,35.04545454545455,2,3,0
RENOVISOR,matrix_32_pos_0_1,POS,8,6,99.50095238095172,78.0374404761913,11.5,8.5,40.767195767195766,44.44444444444444,33.571069453422396,30.76923076923077,39.380989380989384,45.86729060413271,32.77597402597402,33.75,2,3,0
RENOVISOR,matrix_32_pos_0_1,POS,8,7,99.52535714285648,78.90434523809608,11,9.285714285714286,52.641723356009074,46.666666666666664,40.76565241481208,43.75,39.11227661227661,44.67196337497089,35.71273964131107,36.54761904761905,3,3,1
RENOVISOR,matrix_32_pos_0_1,POS,8,8,99.64461309523745,81.71089285714375,10.625,9.625,52.62400793650794,45.55555555555556,39.228973640738346,37.25961538461539,36.119609557109555,42.934121799253376,32.81114718614719,34.0625,3,3,1
RENOVISOR,matrix_32_ext_0_1,EXT,2,4,22.511607142857184,12.693005952381032,10.5,11,80.23601398601399,82.5,65.41666666666667,67.5,52.873168498168496,58.879662004662,39.01709401709402,46.23931623931624,4,3,1
RENOVISOR,matrix_32_ext_0_1,EXT,2,5,24.044880952380996,13.764345238095324,10.2,10.4,70.65345765345765,77.77777777777777,56.58371040723982,70,44.403797956429536,55.103729603729604,39.64621489621489,45.562881562881564,4,3,1
RENOVISOR,matrix_32_ext_0_1,EXT,2,6,24.89604166666671,15.083839285714385,9.833333333333334,10.5,73.46121471121471,82.63888888888889,57.42374727668845,64.42307692307692,40.199413159939475,53.32718207718207,36.609940984940984,43.52462352462352,5,3,1
RENOVISOR,matrix_32_ext_0_1,EXT,2,7,26.604880952381,15.619880952381054,10.142857142857142,10.142857142857142,66.53818403818404,77.77777777777777,51.741363211951445,53.84615384615385,36.348081742818586,51.66139416139416,35.2760533117676,43.259201116343974,5,3,1
RENOVISOR,matrix_32_ext_0_1,EXT,2,8,27.959613095238147,16.76904761904773,10.625,9.875,60.00662531912532,76.38888888888889,46.52369281045752,50,34.01045387790744,49.668005605505606,31.196771978021978,39.240689865689866,5,3,1
RENOVISOR,matrix_32_ext_0_1,EXT,3,4,29.68217261904774,18.67904761904776,9.5,11,89.0491452991453,90.59829059829059,69.76190476190476,66.66666666666667,55.65996503496503,59.95289432789433,41.337355455002516,46.55067155067155,4,3,1
RENOVISOR,matrix_32_ext_0_1,EXT,3,5,35.130327380952494,21.04187500000016,10,10.4,71.23931623931624,88.88888888888889,56.03174603174603,66.66666666666667,47.38511488511488,56.295648795648795,35.21367521367522,39.462759462759465,4,3,1
RENOVISOR,matrix_32_ext_0_1,EXT,3,6,36.913392857142966,21.687351190476356,10.333333333333334,11.166666666666666,69.55128205128206,83.65384615384616,52.14766714766715,63.333333333333336,42.82092907092907,53.857485107485104,37.17362158538629,41.218966218966216,4,3,2
RENOVISOR,matrix_32_ext_0_1,EXT,3,7,40.0595535714287,23.377470238095416,10.285714285714286,11.285714285714286,72.94871794871796,75,54.14965986394558,60,46.33866133866134,56.05366855366855,33.64881850175968,39.72614686900401,6,4,2
RENOVISOR,matrix_32_ext_0_1,EXT,3,8,40.93255952380965,24.334970238095423,10.875,11,70.24038461538461,75.96153846153845,54.18650793650794,63.333333333333336,43.78293581418581,55.29695998445998,31.94271618903972,38.66662851037851,6,4,2
RENOVISOR,matrix_32_ext_0_1,EXT,4,4,44.26568452380935,26.460535714286,10.75,10.25,67.27335164835165,81.25,52.083333333333336,59.16666666666667,52.81905594405595,59.36126373626374,39.73102061337355,40.68376068376068,3,3,2
RENOVISOR,matrix_32_ext_0_1,EXT,4,5,48.66306547619027,30.28398809523839,11.6,10.8,65.81868131868131,75,51.140350877192986,58.333333333333336,48.26714951714952,55.72430510665805,35.534816490698844,38.26129426129426,4,3,2
RENOVISOR,matrix_32_ext_0_1,EXT,4,6,53.453422619047366,31.12636904761934,11.666666666666666,11.5,64.57112332112332,67.5,48.45029239766082,52.85087719298246,44.98452935952936,51.64525425554837,37.88440589911178,41.688333453039334,5,3,2
RENOVISOR,matrix_32_ext_0_1,EXT,4,7,55.95601190476167,32.97127976190507,11.142857142857142,11,60.27864992150707,58.333333333333336,44.39670605084139,42.10526315789474,47.201625405406915,53.79117031427956,32.88901458019105,38.7940817352582,5,4,2
RENOVISOR,matrix_32_ext_0_1,EXT,4,8,57.95261904761882,33.8753273809527,10.75,10.625,58.993818681318686,57.73809523809524,43.01378446115288,38.55263157894737,43.06216149047032,50.91342787114846,32.31955442433384,39.30196437549379,6,4,2
RENOVISOR,matrix_32_ext_0_1,EXT,5,4,56.63907738095224,35.77202380952433,10.75,10.25,57.1771978021978,69.64285714285714,46.36591478696742,53.684210526315795,53.33867521367522,55.49762737262737,33.60042735042735,34.01709401709402,3,3,1
RENOVISOR,matrix_32_ext_0_1,EXT,5,5,63.663154761904586,36.91247023809576,11,11.2,62.985347985347985,75,46.75708502024292,47.36842105263158,48.385225885225886,50.6481018981019,36.1965811965812,37.21367521367522,4,3,2
RENOVISOR,matrix_32_ext_0_1,EXT,5,6,66.14744047619031,37.782946428571954,11.666666666666666,11.833333333333334,63.5989010989011,70.83333333333334,46.4642375168691,49.392712550607285,44.24259019847255,47.76230713730714,38.497150997150996,40.81531758002346,5,3,2
RENOVISOR,matrix_32_ext_0_1,EXT,5,7,68.74574404761889,40.87916666666722,11.142857142857142,11.285714285714286,59.513343799058084,64.28571428571429,42.69437329587706,46.15384615384615,40.940607012035585,45.334724799010516,33.48425267542915,38.04578241553031,5,3,2
RENOVISOR,matrix_32_ext_0_1,EXT,5,8,71.81148809523793,41.77875000000056,11.625,10.875,57.17834249084249,60.41666666666667,42.82571960203539,44.94949494949495,38.88467537364596,44.81494302266361,32.840387757667166,38.647202470731884,6,3,2
RENOVISOR,matrix_32_ext_0_1,EXT,6,4,68.49913690476183,45.73500000000016,11,8.75,47.7724358974359,50.833333333333336,39.78696741854637,40.526315789473685,54.20673076923077,56.863173591114766,30.90749120160885,32.70757020757021,2,3,1
RENOVISOR,matrix_32_ext_0_1,EXT,6,5,76.54419642857141,47.623392857143024,11.2,10,50.94871794871795,73.33333333333333,41.4202172096909,57.89473684210526,49.61538461538461,51.74053887289181,28.059326294620412,32.83272283272283,3,3,1
RENOVISOR,matrix_32_ext_0_1,EXT,6,6,80.65139880952381,49.02946428571446,10.666666666666666,9.666666666666666,54.90384615384615,67.91666666666666,43.36244652034126,51.67464114832536,46.0279304029304,48.24532085561497,30.32721635662812,34.5034595034595,4,3,1
RENOVISOR,matrix_32_ext_0_1,EXT,6,7,82.6683630952381,51.9900892857145,11.285714285714286,10,56.58424908424908,66.66666666666667,45.41611062287754,57.89473684210526,43.3202127004648,48.49598930481284,31.48926237161531,35.456746801284616,5,3,1
RENOVISOR,matrix_32_ext_0_1,EXT,6,8,83.46788690476191,54.386577380952595,11.75,10.125,55.344551282051285,61.25,43.607837273665446,51.67464114832536,39.66592537364596,46.6006573083779,31.078745600804424,36.49340345112404,6,3,1
RENOVISOR,matrix_32_ext_0_1,EXT,7,4,85.09000000000142,55.544196428571006,10.5,8.75,47.702991452991455,48.611111111111114,38.96825396825397,36.66666666666667,56.12980769230769,56.12980769230769,30.90749120160885,32.70757020757021,2,3,1
RENOVISOR,matrix_32_ext_0_1,EXT,7,5,85.93005952381094,60.020327380952,11.2,9.2,50.543345543345545,50,40.45564892623716,35.294117647058826,49.90384615384615,50.45940170940171,33.05932629462041,34.916056166056165,3,3,1
RENOVISOR,matrix_32_ext_0_1,EXT,7,6,89.52842261904907,64.30425595238057,10.833333333333334,9,49.52686202686203,47.22222222222222,38.84124590006943,33.0316742081448,45.90201465201465,48.71616809116809,31.7231610981611,33.64216801716802,3,3,1
RENOVISOR,matrix_32_ext_0_1,EXT,7,7,91.39145833333478,65.49035714285678,10.428571428571429,9.857142857142858,52.57064364207221,44.44444444444444,38.616780045351476,25,45.252961324389894,49.5489232989233,29.64555052790347,32.08289726146869,3,4,1
RENOVISOR,matrix_32_ext_0_1,EXT,7,8,92.90202380952526,68.95860119047586,11,10,51.4854242979243,44.44444444444444,37.983058608058606,29.273504273504273,42.091089058000826,49.60530788655789,29.20308857808858,32.23920177045177,3,4,1
RENOVISOR,matrix_32_ext_0_1,EXT,8,4,90.35889880952594,62.70374999999919,10.5,8.75,50,50,40.595238095238095,38.333333333333336,56.952300150829565,56.952300150829565,30.90749120160885,32.70757020757021,2,3,1
RENOVISOR,matrix_32_ext_0_1,EXT,8,5,94.16425595238309,68.90002976190387,10.2,8.6,46.666666666666664,33.333333333333336,36.76190476190476,21.428571428571427,50.727106227106226,53.561840120663646,30.180538415832533,31.62060162060162,2,3,1
RENOVISOR,matrix_32_ext_0_1,EXT,8,6,95.68437500000216,74.38398809523724,9.833333333333334,8.5,49.30555555555556,47.91666666666667,38.21067821067821,33.44155844155844,50.76825951825952,53.7257758581288,31.400448679860446,33.01716801716802,3,4,1
RENOVISOR,matrix_32_ext_0_1,EXT,8,7,96.00020833333546,75.4418452380944,10.571428571428571,9.428571428571429,49.71001221001221,44.44444444444444,37.49657438733069,27.77777777777778,45.50336917983977,49.81006351749386,29.771813154166097,31.547182975754403,3,4,1
RENOVISOR,matrix_32_ext_0_1,EXT,8,8,96.93366071428784,77.8755357142849,10.5,9.75,51.41292735042735,53.47222222222222,39.465738864715846,34.49197860962567,39.8154480323598,46.917138911140455,30.14690170940171,32.6037851037851,4,4,1
RENOVISOR,matrix_32_z_abs,Z_ABS,2,4,8.962232142856758,9.175773809523948,9.5,9.25,49.172008547008545,42.78846153846154,40.48512708052182,33.894230769230774,33.821195144724555,39.166666666666664,24.900446775446774,35.62160062160062,2,0,0
RENOVISOR,matrix_32_z_abs,Z_ABS,2,5,9.93163690476148,9.843690476190623,9.8,9,59.05788655788656,62.5,48.209184606243426,45.45454545454545,29.723622782446313,38,22.587024087024087,31.83061383061383,3,0,0
RENOVISOR,matrix_32_z_abs,Z_ABS,2,6,10.571130952380502,10.518363095238255,10.5,8.833333333333334,62.08120583120583,74.51923076923077,54.52794646873594,69.23076923076923,29.73155929038282,39.074074074074076,24.378075628075628,32.08106708106708,4,0,0
RENOVISOR,matrix_32_z_abs,Z_ABS,2,7,11.03342261904715,11.218392857143026,11,9.285714285714286,59.44828980543266,61.53846153846154,50.48197416618469,61.53846153846154,27.686127082411915,38.755221386800336,22.68120768120768,31.893661893661893,4,0,0
RENOVISOR,matrix_32_z_abs,Z_ABS,2,8,11.766071428570928,11.963511904762086,11.375,9.125,63.62439643689644,59.34065934065934,57.730566217408324,67.43589743589743,25.597910216718265,37.244152046783626,22.0255439005439,31.031954156954157,6,0,0
RENOVISOR,matrix_32_z_abs,Z_ABS,3,4,14.31904761904696,13.85812500000023,9.25,9.5,54.56730769230769,46.63461538461539,43.809845125634595,37.91208791208791,33.61556743909685,37.5,23.92602495543672,28.12770562770563,2,0,0
RENOVISOR,matrix_32_z_abs,Z_ABS,3,5,15.453244047618345,15.058095238095488,10.2,9.2,61.86813186813187,62.5,52.19073324336482,61.53846153846154,31.879922622956677,37.36842105263158,25.807486631016044,29.16883116883117,3,0,0
RENOVISOR,matrix_32_z_abs,Z_ABS,3,6,17.11547619047542,16.87425595238123,10.833333333333334,9,69.41391941391942,70.53571428571428,61.397283272283275,65.14423076923077,29.50777865638547,35.58479532163743,25.245555098496276,28.474025974025974,5,0,0
RENOVISOR,matrix_32_z_abs,Z_ABS,3,7,17.634732142856347,18.534285714286025,10.428571428571429,9,62.55886970172685,62.5,53.51909994767138,61.53846153846154,27.046929678508626,36.62370211242391,26.400951989187284,29.601113172541744,5,0,0
RENOVISOR,matrix_32_z_abs,Z_ABS,3,8,17.811636904761105,19.850386904762235,10.125,9.125,67.0157967032967,63.392857142857146,55.780105311355314,60.769230769230774,24.930303560818267,34.72431077694235,25.444582990538873,28.678751803751805,7,0,0
RENOVISOR,matrix_32_z_abs,Z_ABS,4,4,21.245982142856253,22.44520833333364,10.75,8.25,62.60302197802198,59.82142857142857,53.753925812749344,51.2987012987013,33.03172146051403,38.37719298245614,27.234848484848484,27.234848484848484,3,0,0
RENOVISOR,matrix_32_z_abs,Z_ABS,4,5,23.13505952380855,25.234226190476544,11.4,8.4,51.29120879120879,57.142857142857146,45.92193625088362,57.142857142857146,29.954788933117108,36.03508771929825,28.454545454545457,29.060606060606062,3,0,0
RENOVISOR,matrix_32_z_abs,Z_ABS,4,6,23.372708333332355,26.74535714285752,10.833333333333334,9.333333333333334,65.24725274725274,62.5,53.56470871176754,51.2987012987013,27.7401018887087,33.60066833751044,26.097742127153893,28.661616161616163,5,0,0
RENOVISOR,matrix_32_z_abs,Z_ABS,4,7,23.50538690476092,28.05750000000041,11.142857142857142,9.571428571428571,66.09105180533751,62.5,53.650702705324555,57.142857142857146,24.729611142702694,31.056211958467596,25.940921823274763,28.13852813852814,5,0,0
RENOVISOR,matrix_32_z_abs,Z_ABS,4,8,24.86074404761801,29.420416666667094,11,9.5,66.98832417582418,68.26923076923077,55.331859725242076,57.73809523809524,23.424124035579144,30.850656051894443,24.792727697139462,27.74621212121212,6,0,0
RENOVISOR,matrix_32_z_abs,Z_ABS,5,4,26.66931547618958,31.132440476190652,11,8.25,62.05357142857143,59.82142857142857,53.42712842712842,51.2987012987013,32.623224728487884,37.865497076023395,27.234848484848484,27.234848484848484,3,0,0
RENOVISOR,matrix_32_z_abs,Z_ABS,5,5,28.581369047618075,35.84080357142881,11.6,8.4,52.5,57.142857142857146,45.04281537176274,57.142857142857146,29.62799154749619,35.62573099415205,28.454545454545457,29.060606060606062,3,0,0
RENOVISOR,matrix_32_z_abs,Z_ABS,5,6,28.94151785714187,38.36940476190505,11,8.333333333333334,55.35714285714286,59.82142857142857,45.81940963519911,49.404761904761905,27.467770734024604,33.25953773322195,27.283549783549784,27.78860028860029,4,0,0
RENOVISOR,matrix_32_z_abs,Z_ABS,5,7,29.047916666665675,40.2593154761908,11.428571428571429,9.285714285714286,56.63265306122449,62.5,45.70235111588495,45,24.436660629163946,31.10557779730712,27.145298310711844,27.9004329004329,5,0,0
RENOVISOR,matrix_32_z_abs,Z_ABS,5,8,30.55005952380847,41.10517857142891,11.25,10,60.44642857142857,62.5,48.154761904761905,51.07142857142857,23.16779233623274,30.893851160879024,25.067925495557073,27.53787878787879,6,0,0
RENOVISOR,matrix_32_z_abs,Z_ABS,6,4,32.88300595237983,41.71589285714354,11.25,8.25,61.577380952380956,59.82142857142857,53.134730766309715,51.2987012987013,34.01211361737678,39.18128654970761,27.234848484848484,27.234848484848484,3,0,0
RENOVISOR,matrix_32_z_abs,Z_ABS,6,5,33.56476190476075,48.58392857142925,10.6,8.4,61.761904761904766,62.5,50.841117946381104,45.45454545454545,30.543024227234753,35.63074352548037,28.454545454545457,29.060606060606062,4,0,0
RENOVISOR,matrix_32_z_abs,Z_ABS,6,6,33.67220238095123,51.94181547619121,11.333333333333334,9.5,61.46825396825397,61.25,49.51045543150806,44.15584415584415,28.230297967140075,33.48016505911243,28.098086124401913,28.97907647907648,5,0,0
RENOVISOR,matrix_32_z_abs,Z_ABS,6,7,35.06589285714164,54.544553571429354,11.857142857142858,9.428571428571429,63.87755102040816,60,53.563074352548036,53.333333333333336,25.701157656044874,32.26871290781065,28.038155453568987,29.303494124922697,6,0,0
RENOVISOR,matrix_32_z_abs,Z_ABS,6,8,36.55764880952254,58.71952380952467,11.5,9.25,58.67063492063492,58.57142857142857,48.534356725146196,48.095238095238095,24.34580039843198,32.14137379433432,30.35603559452244,32.58500180375181,6,0,1
RENOVISOR,matrix_32_z_abs,Z_ABS,7,4,37.98053571428349,50.72556547619142,9.5,8.25,58.035714285714285,59.82142857142857,49.53823953823954,51.2987012987013,31.0359231411863,34.01211361737678,27.234848484848484,27.234848484848484,3,0,0
RENOVISOR,matrix_32_z_abs,Z_ABS,7,5,43.30767857142612,59.74627976190588,9.6,8.4,70.42857142857143,62.5,59.35786435786436,57.142857142857146,29.444123128333654,31.825075509286037,28.454545454545457,29.060606060606062,5,0,0
RENOVISOR,matrix_32_z_abs,Z_ABS,7,6,45.075238095235584,62.873125000001174,9.333333333333334,9.5,66.42857142857143,66.25,51.964886964886965,51.2987012987013,28.871323608165714,31.649101385943492,28.098086124401913,28.97907647907648,5,0,0
RENOVISOR,matrix_32_z_abs,Z_ABS,7,7,51.96026785713995,68.45392857142977,9.142857142857142,9.285714285714286,65.86734693877551,62.5,51.03483817769532,45.45454545454545,27.127801187951565,31.02390508405546,31.544391281233388,32.77571634714492,6,0,1
RENOVISOR,matrix_32_z_abs,Z_ABS,7,8,53.93699404761607,69.64505952381076,9,9.625,65.44642857142857,62.5,48.82215007215007,45.45454545454545,23.974921277552856,30.27091694854853,29.739259278732963,31.968225487962332,7,0,1
RENOVISOR,matrix_32_z_abs,Z_ABS,8,4,43.50547619047328,58.81779761904873,9.5,8.25,58.035714285714285,59.82142857142857,49.53823953823954,51.2987012987013,31.0359231411863,34.01211361737678,27.234848484848484,27.234848484848484,3,0,0
RENOVISOR,matrix_32_z_abs,Z_ABS,8,5,50.54955357142529,69.66020833333486,9.6,8.4,70.42857142857143,62.5,59.35786435786436,57.142857142857146,29.444123128333654,31.825075509286037,28.454545454545457,29.060606060606062,5,0,0
RENOVISOR,matrix_32_z_abs,Z_ABS,8,6,52.65967261904424,76.94083333333485,9.333333333333334,8.333333333333334,64.94047619047619,62.5,53.31104081104081,51.2987012987013,28.871323608165714,31.649101385943492,32.41582491582491,33.476430976430976,5,0,1
RENOVISOR,matrix_32_z_abs,Z_ABS,8,7,61.52482142856771,77.97306547619199,9.142857142857142,8.571428571428571,67.65306122448979,62.5,53.93527107812822,57.142857142857146,27.127801187951565,31.02390508405546,32.88703360131932,33.79612451041022,6,0,1
RENOVISOR,matrix_32_z_abs,Z_ABS,8,8,64.57288690475806,81.8284226190492,9.375,8.875,64.18831168831169,62.5,50.995445526695526,51.2987012987013,23.73682603945762,29.02091694854853,33.42816905316906,34.9287518037518,6,0,1
WHY_EUROPE,matrix_32_raw_0_1,RAW,2,4,9.9015476190474,6.185982142856778,9.25,9,40.14423076923077,42.78846153846154,26.021374458874458,26.19047619047619,48.21969696969697,48.86072261072261,28.89957264957265,38.724747474747474,2,2,0
WHY_EUROPE,matrix_32_raw_0_1,RAW,2,5,12.676011904761625,6.5655654761900895,9.8,8.8,40.57692307692308,50,27.672362724994304,35.714285714285715,44.49242424242424,45.33857808857809,27.405372405372404,35.265512265512264,3,2,0
WHY_EUROPE,matrix_32_raw_0_1,RAW,2,6,14.498005952380629,7.11232142857101,9.666666666666666,8.833333333333334,46.777065527065524,56.25,33.666362876889195,37.85714285714286,45.410353535353536,46.11548174048174,26.41848891848892,38.64718614718615,4,3,1
WHY_EUROPE,matrix_32_raw_0_1,RAW,2,7,16.194583333332975,7.50985119047575,9.428571428571429,8.714285714285714,50.12210012210012,50,37.008254902991744,45.45454545454545,42.085553335553335,45.876762126762124,27.0400234685949,37.52176395033538,4,3,1
WHY_EUROPE,matrix_32_raw_0_1,RAW,2,8,17.171607142856764,7.723749999999546,9.25,8.625,53.40544871794872,56.25,39.88222304011778,47.72727272727273,39.602636946386944,45.697722416472416,24.621558996558996,38.387099012099014,5,3,1
WHY_EUROPE,matrix_32_raw_0_1,RAW,3,4,19.503839285713873,9.30821428571372,9.25,8,31.971153846153847,26.442307692307693,21.431112746902222,16.801619433198383,48.21969696969697,48.86072261072261,30.41056166056166,30.41056166056166,1,2,0
WHY_EUROPE,matrix_32_raw_0_1,RAW,3,5,26.15693452380891,10.8667559523803,9.8,9,40.57692307692308,37.5,28.394890197521775,23.076923076923077,44.49242424242424,45.33857808857809,31.47130647130647,32.02075702075702,2,2,0
WHY_EUROPE,matrix_32_raw_0_1,RAW,3,6,30.50556547618975,11.308482142856464,9.666666666666666,8.833333333333334,44.462250712250714,43.75,30.95407516460148,32.967032967032964,45.410353535353536,46.11548174048174,29.003866503866504,34.09137159137159,3,3,0
WHY_EUROPE,matrix_32_raw_0_1,RAW,3,7,33.124345238094456,11.926815476189764,9.428571428571429,9,51.907814407814406,50,37.186826331563175,45.45454545454545,42.085553335553335,45.876762126762124,27.457859600716745,36.36403279260422,4,3,0
WHY_EUROPE,matrix_32_raw_0_1,RAW,3,8,35.60181547618965,12.967916666665891,9.875,9,52.87126068376068,56.25,40.17857142857142,42.26190476190476,39.8456925019425,44.949859168609166,28.5710816960817,36.36398323898324,5,3,0
WHY_EUROPE,matrix_32_raw_0_1,RAW,4,4,40.13848214285628,17.077053571427616,10.5,9.25,45.91346153846154,42.78846153846154,32.33702571937866,31.060606060606062,43.958333333333336,44.59935897435897,33.98199023199023,34.66880341880342,2,1,0
WHY_EUROPE,matrix_32_raw_0_1,RAW,4,5,46.71282738095134,18.840059523808467,10.2,9.2,49.508547008547005,50,33.33999333999334,30.76923076923077,45.166666666666664,45.679487179487175,34.45831945831946,35.007770007770006,3,2,0
WHY_EUROPE,matrix_32_raw_0_1,RAW,4,6,49.577202380951285,19.59669642857033,9.833333333333334,9,52.15455840455841,40.38461538461539,37.982041107041105,31.009615384615387,44.33760683760684,48.48290598290598,34.08323158323158,35.83980833980834,3,3,0
WHY_EUROPE,matrix_32_raw_0_1,RAW,4,7,51.88559523809408,20.58705357142741,10.428571428571429,9.142857142857142,48.86403279260422,46.15384615384615,38.30383435425452,30.76923076923077,41.74515960230246,47.67922553636839,33.091749520320946,35.82187653616225,3,2,0
WHY_EUROPE,matrix_32_raw_0_1,RAW,4,8,54.44940476190356,21.43919642857022,10.875,9.625,49.07471001221001,46.42857142857143,37.89085505997271,32.88461538461539,42.245811786252965,48.38598901098901,31.29903083028083,35.80842768342768,4,3,0
WHY_EUROPE,matrix_32_raw_0_1,RAW,5,4,57.1395535714274,22.584017857141585,9.5,8.75,38.24786324786325,34.13461538461539,25.266822638146166,21.139705882352942,47.72435897435897,47.72435897435897,31.303418803418804,31.303418803418804,1,2,0
WHY_EUROPE,matrix_32_raw_0_1,RAW,5,5,64.15252976190334,24.269970238093865,10.4,9.4,41.394993894993895,35.714285714285715,29.026483320600967,25,45.54790823211876,45.54790823211876,30.757020757020758,31.70940170940171,2,2,0
WHY_EUROPE,matrix_32_raw_0_1,RAW,5,6,66.22044642856996,25.48071428571285,11.166666666666666,9.166666666666666,38.94027269027269,31.19047619047619,28.09232026143791,24.080882352941174,42.133699633699635,44.62325686009896,31.702279202279204,33.09116809116809,2,2,0
WHY_EUROPE,matrix_32_raw_0_1,RAW,5,7,66.43794642856996,27.324404761903217,10.714285714285714,9.714285714285714,42.305948020233735,35.714285714285715,28.54341736694678,29.41176470588235,40.01070358213215,42.64411027568922,29.851953601953603,33.46589918018489,3,2,0
WHY_EUROPE,matrix_32_raw_0_1,RAW,5,8,66.50598214285567,28.77916666666504,11.125,9.5,41.48199023199023,35.714285714285715,28.651960784313726,29.41176470588235,38.959866887498464,41.91885964912281,29.709249084249084,34.63980463980464,3,1,0
WHY_EUROPE,matrix_32_raw_0_1,RAW,6,4,74.23226190475998,31.570476190474587,9.5,8.75,38.24786324786325,34.13461538461539,25.266822638146166,21.139705882352942,47.72435897435897,47.72435897435897,31.303418803418804,31.303418803418804,1,2,0
WHY_EUROPE,matrix_32_raw_0_1,RAW,6,5,78.53994047618845,33.83782738095064,10.6,9.4,42.085470085470085,37.5,29.129866779247585,21.05263157894737,45.90196078431373,46.41478129713424,30.757020757020758,31.70940170940171,2,2,0
WHY_EUROPE,matrix_32_raw_0_1,RAW,6,6,78.84080357142655,36.02175595237908,10.166666666666666,9.166666666666666,40.34900284900285,35.41666666666667,27.836477248241955,23.443223443223445,42.79708853238265,43.80718954248366,31.702279202279204,33.09116809116809,2,2,0
WHY_EUROPE,matrix_32_raw_0_1,RAW,6,7,78.88464285714082,39.034761904759876,10.857142857142858,9.714285714285714,43.75152625152625,37.5,29.29082582609783,23.80952380952381,41.706013284960655,43.5640572018281,29.851953601953603,33.46589918018489,3,2,0
WHY_EUROPE,matrix_32_raw_0_1,RAW,6,8,79.1341071428551,41.47601190475974,10.5,9.5,46.9284188034188,50.769230769230774,32.205999624730275,33.27205882352941,39.76599880382775,41.96470389775343,29.709249084249084,34.63980463980464,4,2,0
WHY_EUROPE,matrix_32_raw_0_1,RAW,7,4,85.72374999999815,41.7080952380929,9.75,9,42.88461538461539,42.5,31.407563025210088,30.67226890756303,46.58799533799534,46.58799533799534,32.8659188034188,33.386752136752136,2,1,0
WHY_EUROPE,matrix_32_raw_0_1,RAW,7,5,86.13857142856956,45.60008928571172,9.4,8.8,41.80769230769231,37.5,29.741435035552684,23.076923076923077,42.91142191142191,43.42424242424242,34.292735042735046,34.70940170940171,2,1,0
WHY_EUROPE,matrix_32_raw_0_1,RAW,7,6,86.44133928571242,49.99425595237811,9.166666666666666,9.5,49.42307692307692,60.769230769230774,33.917826454591165,38.35227272727273,40.60994560994561,41.315073815073816,32.45154820812716,34.87688237688238,4,1,0
WHY_EUROPE,matrix_32_raw_0_1,RAW,7,7,87.6261904761886,53.457113095235066,9.857142857142858,9.285714285714286,47.464678178963894,60,33.27410334763276,31.25,38.27727827727828,39.38117438117438,32.23290598290598,36.01691958834816,4,1,0
WHY_EUROPE,matrix_32_raw_0_1,RAW,7,8,88.19904761904571,55.74824404761587,10.375,9.125,44.56730769230769,49.519230769230774,30.993925396498927,27.16346153846154,35.067187714246536,37.79186091686092,30.98157051282051,35.68147130647131,4,1,0
WHY_EUROPE,matrix_32_raw_0_1,RAW,8,4,91.4362797619042,52.13598214285409,11,8,36.65064102564103,34.13461538461539,28.556345615169146,23.303167420814482,45.22435897435897,45.22435897435897,35.0534188034188,35.0534188034188,1,1,0
WHY_EUROPE,matrix_32_raw_0_1,RAW,8,5,91.9618749999994,58.987738095234505,10.4,9,41.82051282051282,37.5,29.095076492135316,23.529411764705884,41.82051282051282,42.33333333333333,33.644238802133536,35.185592185592185,2,1,0
WHY_EUROPE,matrix_32_raw_0_1,RAW,8,6,92.33214285714226,59.5583333333297,10,10,55.96153846153846,62.5,39.238682069564426,38.35227272727273,39.700854700854705,40.4059829059829,31.629179787074523,34.87688237688238,4,1,0
WHY_EUROPE,matrix_32_raw_0_1,RAW,8,7,92.87794642857082,61.89369047618672,10.714285714285714,10.571428571428571,56.46520146520147,62.5,40.03571708403641,45.45454545454545,36.41025641025641,39.395604395604394,31.98227941648994,36.24367695796267,5,1,0
WHY_EUROPE,matrix_32_raw_0_1,RAW,8,8,93.61833333333271,66.77836309523404,11,10.375,54.791666666666664,62.5,39.21358327559953,38.35227272727273,34.46706887883359,38.14762443438914,32.52918956043956,37.96321733821734,5,1,1
WHY_EUROPE,matrix_32_pos_0_1,POS,2,4,20.464821428571053,3.3414583333331267,11.75,9.75,48.92857142857143,47.85714285714286,38.34841628959276,38.23529411764706,53.552350427350426,53.552350427350426,36.36066547831254,37.875816993464056,2,3,0
WHY_EUROPE,matrix_32_pos_0_1,POS,2,5,22.884464285713868,3.6447321428569177,12.2,9.4,46.07142857142857,37.5,36.44444444444444,23.076923076923077,48.361111111111114,51.73076923076923,33.374246668364314,34.586367880485525,2,3,0
WHY_EUROPE,matrix_32_pos_0_1,POS,2,6,26.43440476190428,4.157797619047361,12,9.5,50.02164502164502,46.42857142857143,41.48148148148148,41.53846153846154,43.8723544973545,52.083333333333336,33.36742777919248,34.37752878929349,3,3,0
WHY_EUROPE,matrix_32_pos_0_1,POS,2,7,28.168154761904244,4.392232142856871,11.428571428571429,9.428571428571429,47.19387755102041,37.5,37.46031746031746,23.076923076923077,43.18833943833944,50.595238095238095,31.280512204881955,33.54808590102708,3,3,0
WHY_EUROPE,matrix_32_pos_0_1,POS,2,8,30.09461309523755,4.9167857142854094,11.125,9.625,52.936056998557,50.892857142857146,43.19444444444444,41.53846153846154,39.26767676767677,50.520833333333336,31.17997198879552,34.82332516339869,4,3,0
WHY_EUROPE,matrix_32_pos_0_1,POS,3,4,38.63276785714224,6.400148809523419,11.75,9.75,48.92857142857143,47.85714285714286,38.34841628959276,38.23529411764706,53.552350427350426,53.552350427350426,36.36066547831254,37.875816993464056,2,3,0
WHY_EUROPE,matrix_32_pos_0_1,POS,3,5,42.31214285714216,7.041160714285284,12.2,9.4,46.07142857142857,37.5,36.44444444444444,23.076923076923077,48.361111111111114,51.73076923076923,33.374246668364314,34.586367880485525,2,3,0
WHY_EUROPE,matrix_32_pos_0_1,POS,3,6,45.69461309523734,8.329791666666159,11.833333333333334,9.666666666666666,53.392857142857146,50.892857142857146,42.87037037037037,41.53846153846154,44.467592592592595,52.83119658119658,34.756316668081375,36.11363990040461,3,3,0
WHY_EUROPE,matrix_32_pos_0_1,POS,3,7,47.62529761904683,8.681607142856612,11.285714285714286,9.428571428571429,45.76530612244898,37.5,36.74603174603175,23.076923076923077,43.82936507936508,51.23626373626374,32.17208095359356,37.30375483526744,3,3,0
WHY_EUROPE,matrix_32_pos_0_1,POS,3,8,52.39818452380864,8.885595238094695,11.5,9.25,40.87797619047619,33.035714285714285,32.7209595959596,22.649572649572647,39.56597222222222,53.1650641025641,29.602591036414566,34.91351275358628,3,3,0
WHY_EUROPE,matrix_32_pos_0_1,POS,4,4,59.799702380951565,12.093511904761112,12.75,9.75,50,50,41.10294117647059,44.705882352941174,52.951388888888886,53.125,36.36066547831254,37.875816993464056,2,3,0
WHY_EUROPE,matrix_32_pos_0_1,POS,4,5,62.80988095238009,13.411160714284842,11.8,9.4,46.07142857142857,37.5,36.059829059829056,23.076923076923077,50.361111111111114,50.833333333333336,33.374246668364314,34.586367880485525,2,3,0
WHY_EUROPE,matrix_32_pos_0_1,POS,4,6,66.04857142857051,15.521994047618051,11.333333333333334,9.666666666666666,52.976190476190474,50.892857142857146,40.026694438459145,35.067873303167424,46.58068783068783,50.69444444444444,34.756316668081375,36.11363990040461,3,4,0
WHY_EUROPE,matrix_32_pos_0_1,POS,4,7,70.43169642857042,16.41565476190371,11.857142857142858,9.428571428571429,56.0827664399093,64.28571428571429,48.93162393162393,60,43.735827664399096,52.023809523809526,36.18156353450471,38.74675627826888,4,4,1
WHY_EUROPE,matrix_32_pos_0_1,POS,4,8,73.01627976190369,17.29398809523699,12.125,9.875,64.13194444444444,75.47619047619048,56.224053724053725,60.769230769230774,39.38492063492063,52.138480392156865,34.00261809269162,38.764522854596386,6,3,1
WHY_EUROPE,matrix_32_pos_0_1,POS,5,4,75.89869047618957,18.41101190476062,12.75,9.75,50,50,41.10294117647059,44.705882352941174,52.951388888888886,53.125,36.36066547831254,37.875816993464056,2,3,0
WHY_EUROPE,matrix_32_pos_0_1,POS,5,5,78.12392857142763,20.29077380952241,11.8,9.4,46.07142857142857,37.5,36.059829059829056,23.076923076923077,50.361111111111114,50.833333333333336,33.374246668364314,34.586367880485525,2,3,0
WHY_EUROPE,matrix_32_pos_0_1,POS,5,6,80.61630952380854,23.282023809522233,12.166666666666666,9.666666666666666,56.25,60.71428571428572,45.51587301587302,58.57142857142857,46.101190476190474,51.18464052287582,34.756316668081375,36.11363990040461,4,2,0
WHY_EUROPE,matrix_32_pos_0_1,POS,5,7,81.49610119047519,24.612202380950723,11.571428571428571,10.142857142857142,63.656462585034014,64.28571428571429,52.192569335426484,60,42.82096171802054,49.994997999199676,33.746498599439775,36.51010404161665,6,3,0
WHY_EUROPE,matrix_32_pos_0_1,POS,5,8,82.80922619047516,25.29276785714115,11.125,9.875,59.270833333333336,60.71428571428572,47.40460927960928,57.73809523809524,39.50915404040404,50.56380506748154,31.61151960784314,36.11300770308123,6,3,0
WHY_EUROPE,matrix_32_pos_0_1,POS,6,4,88.14901785714184,26.956696428569852,12.75,9.75,51.794871794871796,53.58974358974359,40.97222222222222,44.44444444444444,52.951388888888886,55.34109477124183,36.36066547831254,37.875816993464056,3,3,0
WHY_EUROPE,matrix_32_pos_0_1,POS,6,5,89.40116071428467,30.884613095236286,13,9.8,55.53113553113553,57.142857142857146,48.333333333333336,50,48.94444444444444,53.02287581699346,38.31930161341926,39.63398692810458,4,3,0
WHY_EUROPE,matrix_32_pos_0_1,POS,6,6,90.71461309523704,33.30431547618853,12.166666666666666,10,62.942612942612946,61.90476190476191,52.3989898989899,58.333333333333336,43.56481481481482,49.31393497569968,37.27032227032227,40.17117958294429,5,3,0
WHY_EUROPE,matrix_32_pos_0_1,POS,6,7,93.11437499999889,35.20946428571222,11.714285714285714,9.714285714285714,58.712715855573,57.142857142857146,47.974644403215834,50,42.10317460317461,49.41194426488544,34.32694289837147,39.194344404428435,5,3,0
WHY_EUROPE,matrix_32_pos_0_1,POS,6,8,94.14038690476076,36.79252976190261,11.25,9.5,56.32898351648352,53.58974358974359,43.76352813852814,50,39.687014374514376,48.23545123177476,30.686258186258186,36.97362278244631,5,3,0
WHY_EUROPE,matrix_32_pos_0_1,POS,7,4,93.59812499999856,39.03684523809341,11,9.75,50.44642857142857,50.892857142857146,39.62339743589743,41.53846153846154,50.45751633986928,50.55555555555556,41.23246035010741,42.875816993464056,2,3,0
WHY_EUROPE,matrix_32_pos_0_1,POS,7,5,95.30574404761758,42.55377976190272,11.8,10,61.73809523809524,64.28571428571429,52.02197802197802,60,48.52777777777778,50.44444444444444,39.748196248196244,42.87208216619981,4,3,0
WHY_EUROPE,matrix_32_pos_0_1,POS,7,6,96.01419642856996,45.88238095237872,11.333333333333334,9.666666666666666,57.83730158730159,65.47619047619048,46.29876659288424,50.80213903743316,45.995370370370374,48.44729344729345,36.70866170866171,41.2822906940554,4,3,0
WHY_EUROPE,matrix_32_pos_0_1,POS,7,7,96.21669642856996,48.00455357142619,11.571428571428571,9.428571428571429,56.24149659863946,64.28571428571429,45.96266828409686,54.54545454545455,42.1031746031746,48.24894060188178,33.57864357864358,38.44604508470054,4,3,0
WHY_EUROPE,matrix_32_pos_0_1,POS,7,8,96.51877976190328,48.68517857142614,12,10,56.85554029304029,58.80952380952381,45.8993783993784,47.27272727272727,37.49817251461988,46.592823026646556,31.61816941228706,38.05205415499533,5,3,0
WHY_EUROPE,matrix_32_pos_0_1,POS,8,4,96.7015476190464,49.06511904761649,11.75,9.75,48.888888888888886,47.77777777777778,41.18589743589744,44.871794871794876,53.59477124183007,53.59477124183007,41.23246035010741,42.875816993464056,2,4,0
WHY_EUROPE,matrix_32_pos_0_1,POS,8,5,97.53264880952256,55.90324404761594,11.2,9.4,53.333333333333336,66.66666666666667,43.52813852813853,54.54545454545455,50.14854426619132,50.56812468577174,37.740870240870244,40.96732026143791,3,4,0
WHY_EUROPE,matrix_32_pos_0_1,POS,8,6,97.98961309523683,56.95357142856827,10.666666666666666,10.166666666666666,56.52777777777778,63.333333333333336,42.64097014097014,49.77272727272727,44.568231332937216,49.084548349254234,37.03545909428262,40.02178649237473,4,4,0
WHY_EUROPE,matrix_32_pos_0_1,POS,8,7,98.01842261904638,59.07854166666337,11.285714285714286,10.285714285714286,53.92857142857143,60,39.95076352219209,45,41.12978524743231,48.087507607631444,32.927940406932,37.875816993464056,4,4,0
WHY_EUROPE,matrix_32_pos_0_1,POS,8,8,98.06264880952256,59.43247023809192,11.5,10.625,54.13461538461539,55,39.562181239812816,40.921052631578945,37.55106209150327,46.54085487096323,30.40814883645766,35.919117647058826,5,4,0
WHY_EUROPE,matrix_32_ext_0_1,EXT,2,4,6.1266071428573,4.8918452380948985,9.25,10.5,80.90277777777777,89.58333333333334,61.70745920745921,71.36363636363637,50.892857142857146,53.75,41.623931623931625,47.77777777777778,3,2,2
WHY_EUROPE,matrix_32_ext_0_1,EXT,2,5,7.03955357142875,5.262708333332967,10,10,73.95299145299145,87.5,57.365967365967364,70,47.85714285714286,50.142857142857146,44.41025641025641,49.333333333333336,3,2,3
WHY_EUROPE,matrix_32_ext_0_1,EXT,2,6,7.859880952381151,5.537738095237711,9.666666666666666,9.666666666666666,72.04415954415954,75,55.380730380730384,57.72727272727273,45.985060690943044,49.1931216931217,38.29059829059829,46.111111111111114,4,2,3
WHY_EUROPE,matrix_32_ext_0_1,EXT,2,7,8.695535714285933,5.802886904761501,9.428571428571429,9.428571428571429,70.87912087912088,75,55.93795093795094,60,44.08589776236835,51.09410430839002,38.772893772893774,45.64625850340136,5,3,3
WHY_EUROPE,matrix_32_ext_0_1,EXT,2,8,9.277857142857377,6.212946428570997,9.25,9.375,71.39423076923077,75,55.763888888888886,57.27272727272727,42.62324481074481,50.06448412698413,38.45753205128205,46.19047619047619,6,3,3
WHY_EUROPE,matrix_32_ext_0_1,EXT,3,4,14.598690476190772,7.829464285713731,9.25,9.5,77.77777777777777,87.5,64.91452991452991,75.55555555555554,50.892857142857146,53.75,42.5,45.833333333333336,3,2,2
WHY_EUROPE,matrix_32_ext_0_1,EXT,3,5,16.22250000000034,8.569761904761299,10,9.2,71.45299145299145,87.5,59.93162393162393,73.33333333333333,47.85714285714286,50.142857142857146,42.57142857142857,45.23809523809524,3,2,2
WHY_EUROPE,matrix_32_ext_0_1,EXT,3,6,17.612470238095618,9.782886904761217,9.666666666666666,9.333333333333334,72.61396011396012,81.25,59.30886243386243,66.66666666666666,45.6499518999519,52.20238095238095,44.801587301587304,47.22222222222222,5,3,3
WHY_EUROPE,matrix_32_ext_0_1,EXT,3,7,18.841666666667077,9.916666666665968,9.428571428571429,9.142857142857142,70.26862026862027,75,56.22673311748942,60,44.976253904825334,50.86734693877551,43.75850340136054,46.19047619047619,5,3,3
WHY_EUROPE,matrix_32_ext_0_1,EXT,3,8,19.99077380952425,10.362886904761176,9.25,9.75,72.42254273504274,81.25,56.27450980392157,60,43.17384004884005,49.717261904761905,40.836403180153184,48.229166666666664,6,3,3
WHY_EUROPE,matrix_32_ext_0_1,EXT,4,4,27.190000000000744,13.398779761903794,9.25,9.75,65.625,68.75,49.696969696969695,52.72727272727273,47.71825396825397,50.57539682539682,50.833333333333336,50.833333333333336,3,1,3
WHY_EUROPE,matrix_32_ext_0_1,EXT,4,5,29.991934523810343,15.043273809522733,10.2,9.4,52.976190476190474,62.5,41.313131313131315,45.45454545454545,44.84126984126984,47.12698412698413,43.333333333333336,43.333333333333336,3,1,3
WHY_EUROPE,matrix_32_ext_0_1,EXT,4,6,32.7786607142866,15.700089285713164,10,10.166666666666666,56.94444444444444,59.02777777777778,41.996891996891996,43.93939393939394,44.38453159041394,47.60582010582011,39.052287581699346,40.55555555555556,4,2,3
WHY_EUROPE,matrix_32_ext_0_1,EXT,4,7,35.62303571428668,16.357529761903592,10.142857142857142,10.428571428571429,61.641929499072354,66.66666666666667,46.055059491592,53.84615384615385,45.74005359719646,48.59719645433931,36.33053221288515,40.714285714285715,5,3,3
WHY_EUROPE,matrix_32_ext_0_1,EXT,4,8,36.69794642857242,16.603124999998812,10,10.125,64.72537878787878,65.15151515151516,49.6474358974359,54.1958041958042,41.94562382062382,47.522546897546896,34.56699346405229,39.47115384615385,6,3,3
WHY_EUROPE,matrix_32_ext_0_1,EXT,5,4,43.43187500000089,20.607619047617646,9.25,9.5,57.29166666666667,68.75,44.696969696969695,52.72727272727273,47.71825396825397,50.57539682539682,41.66666666666667,41.66666666666667,3,1,2
WHY_EUROPE,matrix_32_ext_0_1,EXT,5,5,45.18428571428666,21.522797619046155,9.2,10.4,63.888888888888886,77.77777777777777,47.090909090909086,46.666666666666664,42.74025974025974,48.46031746031746,36.86274509803922,38.66666666666667,4,1,2
WHY_EUROPE,matrix_32_ext_0_1,EXT,5,6,46.00139880952478,22.399494047617523,9.666666666666666,10.666666666666666,64.58333333333333,75.69444444444444,46.08452950558214,56.06060606060606,40.6962481962482,47.05026455026455,34.052287581699346,39.166666666666664,4,1,2
WHY_EUROPE,matrix_32_ext_0_1,EXT,5,7,49.4709821428582,22.81083333333178,9.571428571428571,10.285714285714286,64.88095238095238,66.66666666666667,47.29323308270677,54.54545454545455,39.80519480519481,46.043083900226755,33.52725705666882,37.96703296703297,5,1,2
WHY_EUROPE,matrix_32_ext_0_1,EXT,5,8,52.07907738095351,23.463541666665066,10.25,10.25,63.4375,64.58333333333334,48.01948051948052,50,37.92478354978355,44.454365079365076,29.514921353156648,37.76660839160839,7,1,2
WHY_EUROPE,matrix_32_ext_0_1,EXT,6,4,58.50059523809566,30.194345238093273,9.5,9.75,61.111111111111114,65.27777777777777,46.282051282051285,49.230769230769226,42.71103896103896,49.861111111111114,40.27777777777778,40.27777777777778,3,1,2
WHY_EUROPE,matrix_32_ext_0_1,EXT,6,5,60.0495833333338,31.227648809521774,10.2,10.4,68.07692307692308,77.77777777777777,50.771929824561404,61.53846153846154,39.502164502164504,47.58119658119658,36.22222222222222,39.914529914529915,4,1,2
WHY_EUROPE,matrix_32_ext_0_1,EXT,6,6,64.09375000000057,31.91976190475982,10.166666666666666,10,63.3974358974359,66.66666666666666,47.0718462823726,50,38.03051523639759,45.71160321160321,35.039697502932796,38.39031339031339,4,1,2
WHY_EUROPE,matrix_32_ext_0_1,EXT,6,7,64.96190476190534,32.10895833333123,10.571428571428571,10.714285714285714,68.5042735042735,55.55555555555556,49.22249669098409,52.94117647058823,38.44792462439521,45.848040848040846,32.53094128094128,36.47741147741148,5,1,2
WHY_EUROPE,matrix_32_ext_0_1,EXT,6,8,67.28068452381015,32.728988095235955,10.375,10.875,64.38568376068376,65.8119658119658,46.57368060860708,56.470588235294116,39.89193404634581,46.36703574203574,30.742872807017545,36.08440170940171,5,2,2
WHY_EUROPE,matrix_32_ext_0_1,EXT,7,4,68.20098214285741,36.928244047616374,10.25,9.5,63.782051282051285,62.5,49.479166666666664,46.66666666666667,48.3459595959596,52.638888888888886,37.77777777777778,37.77777777777778,3,1,1
WHY_EUROPE,matrix_32_ext_0_1,EXT,7,5,74.43437500000036,38.51107142856864,10.4,9.2,56.48018648018648,50,43.333333333333336,33.333333333333336,41.343434343434346,46.72649572649573,36.297637003519355,36.376068376068375,3,1,1
WHY_EUROPE,matrix_32_ext_0_1,EXT,7,6,75.8185714285718,39.27437499999717,10,10,62.975912975912976,61.36363636363637,46.384803921568626,40.196078431372555,43.42722092722093,47.91310541310541,33.189207306854364,36.265771265771264,5,2,1
WHY_EUROPE,matrix_32_ext_0_1,EXT,7,7,78.22836309523854,40.49690476190183,10.571428571428571,10.285714285714286,59.08139479568051,50,43.25046685340803,46.666666666666664,40.28455671312814,46.33153396311291,32.45995834231128,35.84685156113728,5,2,1
WHY_EUROPE,matrix_32_ext_0_1,EXT,7,8,78.80029761904807,42.266964285711246,10.5,10,56.38372044622045,50,41.290434443007975,35.8974358974359,37.03470140970141,46.30932298695456,31.85067587641117,36.57432844932845,5,2,1
WHY_EUROPE,matrix_32_ext_0_1,EXT,8,4,82.25916666666653,45.58732142856815,10.75,9.75,58.13492063492063,59.72222222222222,44.423558897243105,44.285714285714285,47.285353535353536,47.285353535353536,40.27777777777778,40.27777777777778,2,1,2
WHY_EUROPE,matrix_32_ext_0_1,EXT,8,5,84.19050595238087,49.97327380952024,11.2,9.4,52.77167277167277,44.44444444444444,41.22549019607843,35.294117647058826,47.16161616161616,47.16161616161616,40.47712418300654,40.55555555555556,2,1,2
WHY_EUROPE,matrix_32_ext_0_1,EXT,8,6,85.01080357142851,51.75559523809156,11,9.166666666666666,48.97639397639398,41.452991452991455,37.68790849673203,33.27205882352941,45.5513468013468,46.993654493654496,40.39760348583878,40.46296296296296,2,1,2
WHY_EUROPE,matrix_32_ext_0_1,EXT,8,7,85.61255952380947,53.05624999999623,11.571428571428571,9.428571428571429,45.78929007500436,38.46153846153846,34.90132416603005,31.25,40.992063492063494,45.28027528027528,37.392085039143865,40.63492063492063,2,1,2
WHY_EUROPE,matrix_32_ext_0_1,EXT,8,8,86.65553571428569,54.85770833332944,12,9.25,45.18467643467643,34.230769230769226,34.32642923596871,25.3968253968254,38.80923202614379,43.786907536907535,33.96807440925088,37.638888888888886,2,1,2
WHY_EUROPE,matrix_32_z_abs,Z_ABS,2,4,1.2523809523808715,1.3016964285712869,10.25,8.5,18.547077922077925,9.821428571428571,13.467261904761905,5.505952380952381,34.740259740259745,37.24747474747475,24.1593567251462,34.861111111111114,1,1,0
WHY_EUROPE,matrix_32_z_abs,Z_ABS,2,5,1.4082738095237186,1.4038988095236566,10.4,8.6,25.292207792207794,27.272727272727273,19.159663865546218,17.647058823529413,35.309714795008915,38.5479797979798,23.327485380116958,32.888888888888886,1,1,0
WHY_EUROPE,matrix_32_z_abs,Z_ABS,2,6,1.512202380952283,1.539434523809356,11,8.5,25.541125541125542,20.77922077922078,18.744164332399627,13.823529411764707,35.50207961972668,40.94684591008121,21.66179337231969,34.81481481481482,1,2,0
WHY_EUROPE,matrix_32_z_abs,Z_ABS,2,7,1.655595238095131,1.626845238095061,10.571428571428571,8.571428571428571,21.89239332096475,14.285714285714286,16.066426570628252,10,32.811306340718104,41.21974547394716,19.36951936951937,35.55555555555556,1,2,0
WHY_EUROPE,matrix_32_z_abs,Z_ABS,2,8,1.7918452380951226,1.731755952380764,10.25,8.5,22.280844155844157,13.392857142857142,15.665266106442576,8.095238095238095,29.913101604278076,40.233943956370425,17.496345029239766,36.666666666666664,1,2,0
WHY_EUROPE,matrix_32_z_abs,Z_ABS,3,4,1.5374404761903768,2.6170833333330488,10.5,8.5,18.75,12.5,15.104166666666668,8.333333333333334,39.898989898989896,41.41414141414141,24.1593567251462,34.861111111111114,1,2,0
WHY_EUROPE,matrix_32_z_abs,Z_ABS,3,5,1.7327976190475072,2.7593452380949386,10,8.6,22.5,25,16.36904761904762,16.666666666666668,36.36363636363637,41.702741702741704,23.327485380116958,32.888888888888886,1,2,0
WHY_EUROPE,matrix_32_z_abs,Z_ABS,3,6,1.9422916666665413,3.03797619047586,9.666666666666666,8.5,22.916666666666668,18.75,15.863095238095239,11.666666666666668,34.84848484848485,40.30784030784031,21.66179337231969,34.81481481481482,1,2,0
WHY_EUROPE,matrix_32_z_abs,Z_ABS,3,7,2.086696428571294,3.2449702380948855,10,8.428571428571429,23.80952380952381,16.666666666666668,16.136621315192745,11.11111111111111,32.691258321510425,40.43193034789674,19.995822890559733,36.19047619047619,1,1,0
WHY_EUROPE,matrix_32_z_abs,Z_ABS,3,8,2.2983035714284235,3.3496726190472548,9.75,8.375,26.5625,25,17.821152499461324,17.15686274509804,28.60485103132162,38.056510482981075,22.496345029239766,36.666666666666664,1,1,0
WHY_EUROPE,matrix_32_z_abs,Z_ABS,4,4,1.7190178571427464,4.601815476189983,10.75,8.5,27.64423076923077,30.28846153846154,20.6540991902834,19.4331983805668,41.461489898989896,42.97664141414141,30.416666666666668,33.75,1,2,0
WHY_EUROPE,matrix_32_z_abs,Z_ABS,4,5,2.035624999999869,4.779285714285201,10.2,8.6,32.11538461538461,37.5,22.677125506072876,23.076923076923077,37.61363636363637,42.952741702741704,29.03921568627451,32,2,2,0
WHY_EUROPE,matrix_32_z_abs,Z_ABS,4,6,2.397499999999845,5.175178571428015,9.833333333333334,8.833333333333334,33.01282051282051,37.5,22.230937921727396,21.53846153846154,35.890151515151516,41.34950697450697,27.32434640522876,30.51282051282051,2,2,0
WHY_EUROPE,matrix_32_z_abs,Z_ABS,4,7,2.529017857142694,5.539196428570833,10.285714285714286,8.714285714285714,36.95054945054945,37.5,25.12651821862348,23.076923076923077,32.443659281894575,40.99799010513296,26.39194139194139,29.725274725274726,2,2,0
WHY_EUROPE,matrix_32_z_abs,Z_ABS,4,8,2.903214285714098,6.125714285713626,10,8.625,38.58173076923077,37.5,25.851889338731443,23.076923076923077,28.388201871657756,38.55181277056277,23.480113636363637,28.09294871794872,3,2,0
WHY_EUROPE,matrix_32_z_abs,Z_ABS,5,4,2.103422619047484,7.098482142856329,11,8.5,36.160714285714285,43.75,25.589514652014653,26.923076923076923,40.634284016636954,42.14943553178847,29.63235294117647,30,2,2,0
WHY_EUROPE,matrix_32_z_abs,Z_ABS,5,5,2.557470238095074,7.828392857141964,10.4,8.8,36.42857142857143,37.5,24.782388663967613,26.31578947368421,36.95187165775401,42.29097699685935,27.455882352941178,28.615384615384617,2,2,0
WHY_EUROPE,matrix_32_z_abs,Z_ABS,5,6,3.107142857142658,8.492886904760939,10,8.666666666666666,37.20238095238095,43.75,26.207546108861898,28.54251012145749,35.33868092691622,40.79803638627168,26.346153846153847,28.01282051282051,3,2,0
WHY_EUROPE,matrix_32_z_abs,Z_ABS,5,7,3.68886904761881,8.639315476189493,9.714285714285714,9.142857142857142,39.03061224489796,37.5,25.937000306195355,26.31578947368421,30.290297937356762,38.030969963743075,23.738880167451597,27.07221350078493,3,2,0
WHY_EUROPE,matrix_32_z_abs,Z_ABS,5,8,3.8388690476188008,9.48476190476083,10.25,9,40.848214285714285,37.5,27.97887145748988,28.54251012145749,27.892899584076055,36.74932094049741,23.684791998936735,29.243742368742367,3,2,0
WHY_EUROPE,matrix_32_z_abs,Z_ABS,6,4,3.6468452380950063,11.86184523809384,11.25,8.5,34.583333333333336,37.5,24.444826007326007,22.252747252747252,39.898989898989896,43.79509379509379,29.63235294117647,30,1,2,0
WHY_EUROPE,matrix_32_z_abs,Z_ABS,6,5,4.760892857142554,13.264880952379404,10.6,8.8,35.166666666666664,37.5,23.555860805860807,21.428571428571427,37.37373737373738,41.702741702741704,27.455882352941178,28.615384615384617,1,2,0
WHY_EUROPE,matrix_32_z_abs,Z_ABS,6,6,5.821339285713914,14.628422619045924,10.166666666666666,8.666666666666666,37.638888888888886,37.5,25.542582417582416,24.03846153846154,32.18600571541748,38.32371332371332,26.346153846153847,28.01282051282051,2,2,0
WHY_EUROPE,matrix_32_z_abs,Z_ABS,6,7,5.9628273809520005,15.502529761902972,10.857142857142858,8.714285714285714,40.714285714285715,37.5,28.394750612795725,25,29.96895727988165,37.61080189651618,27.77722277722278,29.725274725274726,3,2,0
WHY_EUROPE,matrix_32_z_abs,Z_ABS,6,8,7.313005952380488,16.19586309523623,10.625,8.625,43.40277777777778,45,30.67187198766146,32.05128205128205,27.93786075036075,36.81570165945166,27.81517094017094,31.56517094017094,4,0,0
WHY_EUROPE,matrix_32_z_abs,Z_ABS,7,4,7.0673511904757484,19.805148809521786,9.5,8.75,31.25,37.5,21.70673076923077,21.53846153846154,38.11327561327561,39.62842712842713,29.305555555555557,29.51923076923077,1,1,0
WHY_EUROPE,matrix_32_z_abs,Z_ABS,7,5,8.826309523808973,21.51333333333112,9.2,8.8,37.5,37.5,24.852564102564102,23.076923076923077,32.750190985485105,35.98845598845599,30.717171717171716,31.615384615384617,2,1,0
WHY_EUROPE,matrix_32_z_abs,Z_ABS,7,6,11.42877976190405,22.38958333333103,9.166666666666666,8.666666666666666,38.425925925925924,43.75,25.979090354090356,28.205128205128204,30.306036556036556,35.19871332371332,30.725848225848225,33.75356125356125,3,0,0
WHY_EUROPE,matrix_32_z_abs,Z_ABS,7,7,19.70410714285588,22.817053571426214,9.285714285714286,9.428571428571429,48.29365079365079,50,33.580923045208756,33.333333333333336,31.17140795712224,35.36513090084519,29.343960133433818,32.5030525030525,5,0,0
WHY_EUROPE,matrix_32_z_abs,Z_ABS,7,8,21.714672619046222,24.626934523806977,9.125,9.5,54.75694444444444,52.77777777777778,37.543029886779884,36.60714285714286,29.358315295815295,34.69448953823954,29.50924988753936,33.12767094017094,6,0,0
WHY_EUROPE,matrix_32_z_abs,Z_ABS,8,4,13.561636904761045,29.582648809520965,9.5,8.75,31.25,31.25,21.70673076923077,21.53846153846154,31.764069264069263,34.27128427128427,29.305555555555557,29.51923076923077,1,1,0
WHY_EUROPE,matrix_32_z_abs,Z_ABS,8,5,15.642619047618048,31.896874999996896,9.6,8.8,38,40,25.852564102564102,25,33.512095747389864,36.75036075036075,30.717171717171716,31.615384615384617,2,1,0
WHY_EUROPE,matrix_32_z_abs,Z_ABS,8,6,19.612797619046376,32.47327380952064,9.5,9.666666666666666,43.00925925925926,50,27.948972323972324,29.67032967032967,30.940957190957192,35.83363395863396,29.10641502746766,30.51282051282051,4,0,0
WHY_EUROPE,matrix_32_z_abs,Z_ABS,8,7,31.6933333333317,35.496041666663174,9.571428571428571,9.714285714285714,54.26303854875284,50,38.811823097537385,30.76923076923077,31.715625644197072,35.909348587920014,29.713313002786688,31.51098901098901,6,0,0
WHY_EUROPE,matrix_32_z_abs,Z_ABS,8,8,33.855059523807746,37.97497023809148,9.5,9.625,56.21527777777778,52.77777777777778,39.60703818240583,35.50420168067227,29.67424936174936,34.829770923520925,28.745360998650472,30.697115384615383,7,0,0
WHY_LATAM,matrix_32_raw_0_1,RAW,2,4,13.930148809523477,18.8495238095232,12.5,8.5,43.75,45,36.1414627039627,38.54166666666667,39.21568627450981,41.964285714285715,32.34508547008547,32.590183509301156,2,1,0
WHY_LATAM,matrix_32_raw_0_1,RAW,2,5,18.499910714285267,20.874880952380277,12,9.4,45.666666666666664,50,35.351140087982195,33.333333333333336,36.705882352941174,40.84415584415584,35.20940170940171,35.48391151332328,3,1,0
WHY_LATAM,matrix_32_raw_0_1,RAW,2,6,20.887499999999495,23.890982142856373,11.333333333333334,9.833333333333334,55.416666666666664,55,43.44788739525582,40.35087719298246,34.38453159041394,41.44420394420394,32.67450142450142,36.51437070554718,4,1,0
WHY_LATAM,matrix_32_raw_0_1,RAW,2,7,24.2425892857137,25.31723214285633,10.857142857142858,10.428571428571429,60.714285714285715,62.5,46.88646670789528,33.333333333333336,34.8295985060691,40.88074623788909,31.596181596181594,37.6472383825325,4,1,0
WHY_LATAM,matrix_32_raw_0_1,RAW,2,8,26.93678571428507,26.407857142856297,11.375,10.5,61.875,57.91666666666667,48.38045634920635,44.09722222222222,33.094946311858074,40.14565295815296,29.319864163614163,38.62315176653412,5,1,0
WHY_LATAM,matrix_32_raw_0_1,RAW,3,4,32.31360119047554,27.68827380952293,11.25,8.5,47.083333333333336,45,36.8324657798342,32.45614035087719,40,42.72186147186147,32.34508547008547,32.590183509301156,2,1,0
WHY_LATAM,matrix_32_raw_0_1,RAW,3,5,34.80785714285643,29.39392857142764,10.6,9.6,52.16666666666667,50,40.46282372598162,33.333333333333336,36.55555555555556,43.066378066378064,34.626068376068375,34.961035696329816,3,1,0
WHY_LATAM,matrix_32_raw_0_1,RAW,3,6,40.61797619047533,33.669999999998915,10.166666666666666,10,61.25,62.5,45.38568643831802,42.98245614035088,36.71296296296296,42.13864838864839,32.188390313390315,36.07864085805262,4,1,0
WHY_LATAM,matrix_32_raw_0_1,RAW,3,7,43.844434523808594,35.778124999998845,10.857142857142858,10.571428571428571,64.88095238095238,75,49.83560090702948,43.75,34.461451247165535,41.11884147598433,32.3519536019536,37.2737556561086,4,1,0
WHY_LATAM,matrix_32_raw_0_1,RAW,3,8,47.25583333333231,39.263601190474915,11.375,10.25,58.4375,60.83333333333333,46.33093149540518,48.190789473684205,34.06001984126984,42.228986291486294,30.691166472416473,36.023627108185934,4,1,0
WHY_LATAM,matrix_32_raw_0_1,RAW,4,4,51.64389880952258,37.9694345238085,11.25,8.5,47.083333333333336,45,36.8324657798342,32.45614035087719,40,42.72186147186147,32.34508547008547,32.590183509301156,2,1,0
WHY_LATAM,matrix_32_raw_0_1,RAW,4,5,59.82339285714151,40.37967261904652,10.6,9.6,55.166666666666664,40,43.40018315018315,33.333333333333336,39.5,41.67748917748918,34.626068376068375,34.961035696329816,2,1,0
WHY_LATAM,matrix_32_raw_0_1,RAW,4,6,62.7561607142843,46.17279761904627,11.333333333333334,9.333333333333334,47.916666666666664,43.33333333333333,39.014041514041516,36.160714285714285,36.47727272727273,40.564574314574315,33.400511525511526,33.67965095906273,2,1,0
WHY_LATAM,matrix_32_raw_0_1,RAW,4,7,66.64642857142704,50.56184523809373,11.714285714285714,9.857142857142858,50.05102040816327,46.666666666666664,39.993894993895,33.333333333333336,34.83766233766234,40.03279302151483,31.30758130758131,34.362777745130686,3,1,0
WHY_LATAM,matrix_32_raw_0_1,RAW,4,8,69.16979166666509,51.335595238093696,11.375,9.625,51.57242063492063,44.76190476190476,41.046401515151516,42.70833333333333,32.40603146853147,38.43778480291638,28.91232031857032,33.913584373143195,3,1,0
WHY_LATAM,matrix_32_raw_0_1,RAW,5,4,67.86497023809326,48.090535714284194,11.25,8.5,47.083333333333336,45,36.8324657798342,32.45614035087719,40,42.72186147186147,32.34508547008547,32.590183509301156,2,1,0
WHY_LATAM,matrix_32_raw_0_1,RAW,5,5,77.2916666666646,50.19657738095079,10.6,9.6,55.166666666666664,40,43.40018315018315,33.333333333333336,39.5,41.67748917748918,34.626068376068375,34.961035696329816,2,1,0
WHY_LATAM,matrix_32_raw_0_1,RAW,5,6,81.53919642856923,58.46592261904587,11.166666666666666,9.333333333333334,48.948412698412696,41.42857142857143,39.50015262515262,33.333333333333336,37.083333333333336,40.871591858433966,33.400511525511526,33.67965095906273,2,1,0
WHY_LATAM,matrix_32_raw_0_1,RAW,5,7,84.50249999999774,60.585565476188656,10.714285714285714,10,52.43197278911565,50,38.63095238095238,33.333333333333336,36.02813852813853,40.985173973895776,31.2480574980575,33.970313066951725,4,1,0
WHY_LATAM,matrix_32_raw_0_1,RAW,5,8,85.98872023809294,60.91556547618865,10.375,9.75,55.04464285714286,56.25,42.0704816017316,39.39393939393939,33.60795454545455,39.612027227158805,28.774452671511497,33.5701777797366,5,1,0
WHY_LATAM,matrix_32_raw_0_1,RAW,6,4,88.4424999999976,57.33919642856958,11,8.5,48.19444444444444,47.22222222222222,37.419871794871796,38.54166666666667,41.666666666666664,41.964285714285715,32.34508547008547,32.590183509301156,2,1,0
WHY_LATAM,matrix_32_raw_0_1,RAW,6,5,90.753065476188,68.69508928571224,10.4,8.4,43.22222222222222,50,33.15018315018315,33.333333333333336,38.59477124183007,42.46031746031746,31.33061383061383,31.52669226198638,3,1,0
WHY_LATAM,matrix_32_raw_0_1,RAW,6,6,93.47651785714032,70.15074404761697,10.666666666666666,9.5,51.2962962962963,48.33333333333333,40.47237484737485,33.333333333333336,35.49564270152506,40.51180301180301,34.144559144559146,34.60557688498865,3,1,1
WHY_LATAM,matrix_32_raw_0_1,RAW,6,7,94.66163690475936,71.42869047618836,10.428571428571429,10.285714285714286,58.650793650793645,50,45.401660664265705,33.333333333333336,32.92483660130719,40.438688295831156,31.67572856648487,34.423827806180746,4,1,1
WHY_LATAM,matrix_32_raw_0_1,RAW,6,8,95.0190178571403,73.42476190475972,11,10.875,58.81944444444444,54.16666666666667,44.27190762668704,34.84848484848485,31.750408496732028,39.55051892551892,29.799595829007593,34.28751599707482,6,1,1
WHY_LATAM,matrix_32_raw_0_1,RAW,7,4,94.15229166666444,66.0883333333306,12.75,8.5,45.29761904761905,41.42857142857143,37.761258349493644,34.31372549019608,38.40686274509804,41.21810207336523,32.34508547008547,32.590183509301156,1,1,0
WHY_LATAM,matrix_32_raw_0_1,RAW,7,5,95.836845238093,80.42565476190168,11.8,8.4,40.523809523809526,40,31.54234001292825,33.333333333333336,38.22549019607843,41.30781499202552,31.33061383061383,31.52669226198638,2,1,0
WHY_LATAM,matrix_32_raw_0_1,RAW,7,6,96.6552678571406,80.89794642856833,11.833333333333334,9.333333333333334,46.964285714285715,40.83333333333333,37.69271170006464,28.991596638655462,33.93790849673203,39.551384288226394,33.218633218633215,33.67965095906273,2,1,0
WHY_LATAM,matrix_32_raw_0_1,RAW,7,7,97.3447916666644,84.590595238092,11.285714285714286,9.428571428571429,44.982993197278915,37.5,35.04809818664308,29.41176470588235,32.98573975044563,40.25039288197183,31.719867434153148,33.630177012529956,2,1,0
WHY_LATAM,matrix_32_raw_0_1,RAW,7,8,97.52604166666438,86.86976190475862,10.875,10,48.86904761904762,40.83333333333333,36.40016862007961,29.41176470588235,29.82406074317839,38.96909377172535,28.575591075591078,31.77015488596371,3,1,0
WHY_LATAM,matrix_32_raw_0_1,RAW,8,4,97.31729166666558,69.43309523809195,12.25,8.5,46.339285714285715,44.76190476190476,38.50160256410256,38.54166666666667,39.43250377073907,39.81950067476383,32.34508547008547,32.590183509301156,1,1,0
WHY_LATAM,matrix_32_raw_0_1,RAW,8,5,97.5642857142846,85.77017857142444,11.6,8.4,40.24603174603175,44.44444444444444,32.05128205128205,33.333333333333336,33.83660130718954,37.31014599435652,31.33061383061383,31.52669226198638,1,1,0
WHY_LATAM,matrix_32_raw_0_1,RAW,8,6,97.80133928571315,89.18491071428146,11,8.833333333333334,39.054232804232804,36.60714285714286,29.210303585303585,24.871794871794872,30.974945533769063,36.091788328630436,30.275511525511526,31.400448679860446,1,1,0
WHY_LATAM,matrix_32_raw_0_1,RAW,8,7,97.9955357142846,91.36374999999568,10.571428571428571,8.857142857142858,42.40362811791383,37.5,31.067927170868348,26.666666666666668,34.486461251167135,38.872326503905455,31.145243645243646,32.40917579152873,2,2,0
WHY_LATAM,matrix_32_raw_0_1,RAW,8,8,98.5075595238084,91.99842261904328,10.625,9.625,44.634289321789325,43.650793650793645,31.159754471964224,27.22222222222222,31.84232026143791,35.798999976631556,29.044566544566546,31.19893790849673,2,2,0
WHY_LATAM,matrix_32_pos_0_1,POS,2,4,30.44684523809471,14.300238095238331,10.75,9.25,32.34126984126984,31.349206349206348,25.952380952380953,23.333333333333332,44.72567873303167,45.11029411764706,33.53556166056166,36.511752136752136,2,2,0
WHY_LATAM,matrix_32_pos_0_1,POS,2,5,34.53830357142797,16.301607142857417,10.4,10,44.16666666666667,55.55555555555556,31.81453634085213,46.666666666666664,39.18713639301875,42.338235294117645,34.32844932844933,36.98717948717949,3,1,0
WHY_LATAM,matrix_32_pos_0_1,POS,2,6,38.799017857142175,18.73586309523841,10.5,9.666666666666666,47.25529100529101,61.111111111111114,36.63059163059163,43.33333333333333,37.601001939237236,42.5735294117647,30.531644281644283,33.763826043237806,4,1,0
WHY_LATAM,matrix_32_pos_0_1,POS,2,7,40.541577380951665,21.26407738095274,11.142857142857142,9.857142857142858,52.885487528344676,66.66666666666667,42.46907854050711,53.333333333333336,36.418990673192354,42.50663423264042,30.45569509855224,33.982439129497955,5,2,0
WHY_LATAM,matrix_32_pos_0_1,POS,2,8,43.2589285714278,22.33282738095276,11.625,10.375,57.8909632034632,66.66666666666667,47.972943722943725,53.93939393939394,32.52451157588541,43.44330495356037,31.181336025086026,35.29018979386626,6,2,0
WHY_LATAM,matrix_32_pos_0_1,POS,3,4,52.908363095237114,22.920595238095594,11,8.5,47.22222222222223,61.111111111111114,39.58874458874459,50.60606060606061,41.21148459383753,43.54779411764706,32.34508547008547,32.590183509301156,3,2,0
WHY_LATAM,matrix_32_pos_0_1,POS,3,5,58.90869047618936,24.917351190476584,10.8,9.6,53.77777777777778,66.66666666666667,41.67099567099567,50,39.635854341736696,44.17156862745098,34.626068376068375,34.961035696329816,4,2,0
WHY_LATAM,matrix_32_pos_0_1,POS,3,6,61.86005952380836,26.58214285714328,11.166666666666666,10.333333333333334,62.47863247863248,66.66666666666667,51.64890664890665,55.84415584415585,37.27285786109316,44.65277777777778,34.410612535612536,36.541603821015585,5,2,0
WHY_LATAM,matrix_32_pos_0_1,POS,3,7,64.58720238095117,28.11839285714331,11,10.857142857142858,58.042909471480904,66.66666666666667,46.348413491270634,57.142857142857146,36.65774001908456,44.86721611721612,32.11385836385836,35.13089851325145,5,2,0
WHY_LATAM,matrix_32_pos_0_1,POS,3,8,65.62407738095115,30.3370238095243,10.625,10.75,58.96062271062271,66.66666666666667,47.27834665334665,57.73809523809524,33.11718918336565,44.46714743589744,31.56116452991453,35.203821913380736,6,2,0
WHY_LATAM,matrix_32_pos_0_1,POS,4,4,69.40794642857028,33.80961309523885,11,8.5,47.22222222222223,61.111111111111114,39.58874458874459,50.60606060606061,41.21148459383753,43.54779411764706,32.34508547008547,32.590183509301156,3,2,0
WHY_LATAM,matrix_32_pos_0_1,POS,4,5,76.79372023809402,35.50446428571507,11,9.6,56.66666666666667,66.66666666666667,48.00432900432901,54.54545454545455,41.30252100840336,45.504901960784316,34.626068376068375,34.961035696329816,4,2,0
WHY_LATAM,matrix_32_pos_0_1,POS,4,6,78.41907738095114,36.89363095238176,11.333333333333334,10.333333333333334,52.71672771672772,64.1025641025641,44.073149073149075,55.84415584415585,38.554909143144435,45.763888888888886,31.910612535612536,33.57864085805262,4,2,0
WHY_LATAM,matrix_32_pos_0_1,POS,4,7,82.86208333333198,39.836607142858014,11.142857142857142,10.714285714285714,54.27873713587999,61.53846153846154,42.62801624146162,54.54545454545455,36.27181641887524,45.892857142857146,29.032625870861164,32.353120735473674,4,2,0
WHY_LATAM,matrix_32_pos_0_1,POS,4,8,84.05086309523672,42.01491071428663,10.75,10.375,50.902985902985904,52.1978021978022,39.64326421127892,41.97860962566845,32.77950603318251,44.322916666666664,27.486880970336852,31.718071552630377,4,2,0
WHY_LATAM,matrix_32_pos_0_1,POS,5,4,78.64407738095149,44.19961309523933,10.5,8.5,47.91666666666667,62.5,37.316017316017316,46.06060606060606,40.95965309200603,43.844268476621416,32.34508547008547,32.590183509301156,3,1,0
WHY_LATAM,matrix_32_pos_0_1,POS,5,5,83.78544642857038,45.62357142857268,10.8,9.6,56.904761904761905,62.5,46.943722943722946,45.45454545454545,39.947209653092,45.075414781297134,34.626068376068375,34.961035696329816,4,2,0
WHY_LATAM,matrix_32_pos_0_1,POS,5,6,84.56812499999894,46.71383928571556,11,10.333333333333334,51.48809523809524,60.41666666666667,41.312021312021315,49.65034965034965,38.051246139481435,44.42559074912016,31.910612535612536,33.57864085805262,4,2,0
WHY_LATAM,matrix_32_pos_0_1,POS,5,7,89.65517857142737,50.1064285714299,10.857142857142858,10,47.704081632653065,58.333333333333336,38.54974157495166,45.45454545454545,36.90106811955551,44.745744451626805,29.732905982905983,32.677796060149,4,2,0
WHY_LATAM,matrix_32_pos_0_1,POS,5,8,90.69660714285592,52.10854166666804,10.5,10.5,50.49107142857143,60.41666666666667,37.407494466318,37.4331550802139,33.33010127127774,43.31919306184012,27.553054584304583,32.34307155263038,5,2,0
WHY_LATAM,matrix_32_pos_0_1,POS,6,4,91.877648809524,53.944613095239085,11.75,8.5,46.13095238095238,54.76190476190476,38.660714285714285,47.32142857142857,47.63621794871795,52.818627450980394,32.34508547008547,32.590183509301156,2,1,0
WHY_LATAM,matrix_32_pos_0_1,POS,6,5,95.22327380952396,55.3648511904772,11,9.8,55.833333333333336,66.66666666666667,46.80112044817927,57.142857142857146,42.5534188034188,48.92156862745098,34.11136249371543,36.07214680744092,3,1,0
WHY_LATAM,matrix_32_pos_0_1,POS,6,6,95.88053571428584,61.05666666666771,11.166666666666666,9.5,51.65598290598291,52.083333333333336,42.84708755296991,40.33613445378151,38.79451566951567,49.10130718954248,31.860478845772963,34.60557688498865,3,1,0
WHY_LATAM,matrix_32_pos_0_1,POS,6,7,96.43747023809534,61.788244047620104,10.857142857142858,10.285714285714286,50.427350427350426,55.55555555555556,41.167466986794715,41.666666666666664,35.4502442002442,47.58134022839905,29.68993424875778,34.423827806180746,4,1,0
WHY_LATAM,matrix_32_pos_0_1,POS,6,8,96.7730654761906,65.00431547619156,10.625,10,51.38888888888889,55.55555555555556,41.351190476190474,41.666666666666664,32.425213675213676,46.63367269984917,28.06202580099639,33.245849330408156,5,1,0
WHY_LATAM,matrix_32_pos_0_1,POS,7,4,96.93229166666514,63.31485119047714,10.5,8.5,46.13095238095238,54.76190476190476,38.660714285714285,47.32142857142857,42.97014260249554,44.48529411764706,32.34508547008547,32.590183509301156,2,2,0
WHY_LATAM,matrix_32_pos_0_1,POS,7,5,97.78714285714132,71.30062500000118,10.8,8.4,41.904761904761905,42.857142857142854,34.457983193277315,37.5,39.22008547008547,45.588235294117645,30.663947163947164,31.52669226198638,2,1,0
WHY_LATAM,matrix_32_pos_0_1,POS,7,6,98.33639880952228,75.6183928571441,11.333333333333334,8.333333333333334,42.26190476190476,39.285714285714285,34.84243697478992,33.455882352941174,38.100071225071225,48.40686274509804,28.56916231916232,30.438910218321983,2,1,0
WHY_LATAM,matrix_32_pos_0_1,POS,7,7,98.69205357142702,76.2566071428584,11.857142857142858,8.857142857142858,49.43877551020408,42.857142857142854,38.76081201711454,37.5,35.040849673202615,47.50663423264042,30.95043845043845,33.23335161570456,3,2,1
WHY_LATAM,matrix_32_pos_0_1,POS,7,8,98.79035714285558,79.18104166666798,12.125,8.75,48.02083333333333,46.42857142857143,38.12153758264439,37.980769230769226,32.00336224233283,46.17356811145511,29.164966977466978,31.757754092312915,4,1,1
WHY_LATAM,matrix_32_pos_0_1,POS,8,4,99.14464285714124,67.69574404761967,12,8.5,38.54645354645355,41.42857142857143,31.979166666666664,38.95833333333333,39.985119047619044,45.561683006535944,32.34508547008547,32.590183509301156,1,0,0
WHY_LATAM,matrix_32_pos_0_1,POS,8,5,99.30464285714126,78.10238095238194,11.2,8.4,40.41958041958042,50,33.27564102564102,38.46153846153846,37.442640692640694,45.02077497665733,30.663947163947164,31.52669226198638,3,0,0
WHY_LATAM,matrix_32_pos_0_1,POS,8,6,99.5241369047603,82.81327380952487,11.833333333333334,8.333333333333334,38.8966588966589,48.33333333333333,32.590811965811966,41.105769230769226,34.64285714285714,44.534856340196896,28.56916231916232,30.438910218321983,3,0,0
WHY_LATAM,matrix_32_pos_0_1,POS,8,7,99.73720238095078,84.6720238095249,11.285714285714286,8.428571428571429,41.60922410922411,50,33.052413273001505,38.46153846153846,31.974219757833204,41.74416257731163,25.593295593295593,28.471446853799794,4,0,0
WHY_LATAM,matrix_32_pos_0_1,POS,8,8,99.87261904761743,85.10288690476298,11.25,9.25,47.04118797868798,56.25,36.9581423156307,41.105769230769226,29.543006013594248,41.88328511229053,26.871549610520198,30.059574820604233,5,1,0
WHY_LATAM,matrix_32_ext_0_1,EXT,2,4,14.160297619047268,14.781904761904975,10.25,9.25,51.21753246753247,61.36363636363637,37.61904761904762,45.23809523809524,34.32539682539682,42.11760461760461,31.46825396825397,37.474747474747474,3,0,0
WHY_LATAM,matrix_32_ext_0_1,EXT,2,5,16.09639880952341,16.79705357142882,9.8,10.2,59.61038961038961,75,44.74509803921569,50,35.79365079365079,42.02741702741702,29.385129490392647,37.122655122655125,4,0,0
WHY_LATAM,matrix_32_ext_0_1,EXT,2,6,17.567470238094803,17.99726190476217,10.666666666666666,10,53.98088023088023,66.07142857142857,41.107026143790854,53.529411764705884,39.232804232804234,45.02284752284752,27.063365484418114,33.71332371332371,4,1,0
WHY_LATAM,matrix_32_ext_0_1,EXT,2,7,20.189880952380456,19.054761904762188,10.428571428571429,9.714285714285714,52.618532261389404,57.142857142857146,39.63019823313941,47.05882352941177,38.39002267573696,45.73386930529787,25.77188451138031,31.958359101216242,4,1,0
WHY_LATAM,matrix_32_ext_0_1,EXT,2,8,22.89238095238039,19.75949404761934,10.375,9.875,52.29121572871573,53.57142857142857,38.58267345399698,39.154411764705884,36.47588522588522,44.56259018759019,24.67951982657865,32.13023088023088,5,1,0
WHY_LATAM,matrix_32_ext_0_1,EXT,3,4,22.94747023809464,22.85062500000029,9,9.5,56.25,75,42.5,55,38.12441643323996,42.65873015873016,33.25396825396825,36.52777777777778,3,0,0
WHY_LATAM,matrix_32_ext_0_1,EXT,3,5,25.86145833333266,24.95973214285747,10.2,9.2,52.666666666666664,75,41.94871794871795,60,41.79365079365079,46.12698412698413,30.88888888888889,33.507936507936506,3,1,0
WHY_LATAM,matrix_32_ext_0_1,EXT,3,6,31.059732142856316,26.17458333333368,10.166666666666666,9.666666666666666,53.19444444444444,59.16666666666667,39.54059829059829,43.75,39.82804232804233,44.4997594997595,27.824074074074073,33.05148555148555,4,1,0
WHY_LATAM,matrix_32_ext_0_1,EXT,3,7,34.13214285714196,27.25267857142893,9.857142857142858,10.428571428571429,57.85714285714286,60,42.43535875888817,50,38.50645386359672,44.265099979385695,29.69108377003114,34.34488235240115,5,1,0
WHY_LATAM,matrix_32_ext_0_1,EXT,3,8,37.90458333333233,28.54669642857181,10.375,10.375,56.651785714285715,59.16666666666667,41.952367485455724,43.75,37.8598137973138,44.28751803751803,27.884460203539152,33.38510539168434,6,1,0
WHY_LATAM,matrix_32_ext_0_1,EXT,4,4,35.36166666666603,30.709642857143375,9.5,9.75,53.57142857142857,69.64285714285714,40,50,38.492063492063494,41.17063492063492,32.77777777777778,35.72649572649573,3,0,0
WHY_LATAM,matrix_32_ext_0_1,EXT,4,5,42.07681547618962,34.80452380952435,10.6,9.4,50.523809523809526,64.28571428571429,39.94871794871795,50,42.79365079365079,44.93650793650794,30.507936507936506,32.866910866910864,3,1,0
WHY_LATAM,matrix_32_ext_0_1,EXT,4,6,50.14491071428475,36.00369047619103,10.666666666666666,10.333333333333334,55.407647907647906,69.31818181818181,41.792717086834735,50,40.206830206830205,43.0026455026455,32.23880408090935,34.40663624874151,4,1,0
WHY_LATAM,matrix_32_ext_0_1,EXT,4,7,54.72166666666555,37.14244047619105,11.142857142857142,11,60.24737167594311,64.28571428571429,45.906362545018006,50,39.22490208204494,43.208616780045354,35.09807652664796,37.89476384345911,5,1,1
WHY_LATAM,matrix_32_ext_0_1,EXT,4,8,57.562648809522635,38.86806547619108,10.75,10.625,57.58252164502164,65.15151515151516,42.100301659125186,50,37.359652194211016,43.01587301587301,33.39646464646464,36.56700927211763,5,1,1
WHY_LATAM,matrix_32_ext_0_1,EXT,5,4,50.337946428570056,36.55711309523889,9.5,10,55.35714285714286,73.21428571428572,41.388888888888886,52.77777777777778,38.492063492063494,41.17063492063492,32.361111111111114,35.03968253968254,3,0,0
WHY_LATAM,matrix_32_ext_0_1,EXT,5,5,59.95934523809376,42.82651785714364,10.6,9.6,51.952380952380956,71.42857142857143,41.05982905982906,55.55555555555556,42.79365079365079,44.93650793650794,30.174603174603174,32.317460317460316,3,1,0
WHY_LATAM,matrix_32_ext_0_1,EXT,5,6,66.61410714285542,44.33422619047701,10.5,10.5,57.301587301587304,68.33333333333334,41.64021164021164,54.44444444444444,38.69167869167869,43.507696007696005,34.7474040121099,36.73513849984438,4,1,1
WHY_LATAM,matrix_32_ext_0_1,EXT,5,7,69.6968749999982,46.357559523810366,10.142857142857142,10.142857142857142,53.2312925170068,70,37.484327064159,53.333333333333336,37.96485260770975,43.24469181612039,33.67959304934095,35.38336546739908,4,1,1
WHY_LATAM,matrix_32_ext_0_1,EXT,5,8,72.90270833333146,47.81830357142944,10.75,10.625,52.410714285714285,58.33333333333333,37.5380381572332,39.31623931623932,37.12549603174603,43.10226323384218,31.136310584839997,34.0854447839742,4,1,1
WHY_LATAM,matrix_32_ext_0_1,EXT,6,4,67.98758928571154,49.489017857143985,9.75,8.5,47.083333333333336,50,33.45238095238095,32.14285714285714,38.12441643323996,40.57539682539682,31.46825396825397,31.46825396825397,2,0,0
WHY_LATAM,matrix_32_ext_0_1,EXT,6,5,78.19330357142579,51.618541666667824,10.8,9.8,52.333333333333336,73.33333333333333,41.527665317139004,57.89473684210526,42.49953314659197,44.46031746031746,29.88048552754435,31.841269841269842,3,1,0
WHY_LATAM,matrix_32_ext_0_1,EXT,6,6,83.66916666666368,53.245565476191665,10.5,10.666666666666666,61.48148148148148,70.83333333333334,42.301587301587304,51.66666666666667,38.74961095549331,43.716931216931215,34.502305972894206,36.33831310301898,4,1,1
WHY_LATAM,matrix_32_ext_0_1,EXT,6,7,86.85755952380646,57.4309821428584,10.285714285714286,10.285714285714286,64.0079365079365,66.66666666666667,45.92637054821929,50,36.65218068579413,42.96616082330368,33.1631487093672,35.54272991247781,6,1,1
WHY_LATAM,matrix_32_ext_0_1,EXT,6,8,88.97145833333022,59.4126488095251,10.875,10,56.84027777777778,66.66666666666667,42.85714285714286,50,35.97690810006986,42.74244954392013,31.70340280634398,34.50897958250899,6,1,1
WHY_LATAM,matrix_32_ext_0_1,EXT,7,4,86.02764880952218,60.46220238095306,9.75,8.5,47.083333333333336,50,37.43589743589744,41.53846153846154,47.242063492063494,47.242063492063494,31.46825396825397,31.46825396825397,2,1,0
WHY_LATAM,matrix_32_ext_0_1,EXT,7,5,90.76324404761726,61.80416666666736,9.4,9.6,53.333333333333336,66.66666666666667,39.61904761904762,57.142857142857146,42.238095238095234,43.79365079365079,35.52041422629658,35.76283846872082,3,1,1
WHY_LATAM,matrix_32_ext_0_1,EXT,7,6,93.00389880952196,66.77931547619126,9.5,9.333333333333334,56.52777777777778,64.58333333333334,43.27020202020202,47.72727272727273,39.27248677248677,42.744708994708994,33.93489952313482,34.93057051880581,5,1,1
WHY_LATAM,matrix_32_ext_0_1,EXT,7,7,95.28455357142668,69.18517857142939,10,9.142857142857142,54.633699633699635,62.5,41.40247007894067,45.45454545454545,36.340702947845806,42.132827489970346,32.98316063021945,33.83659291222316,5,1,1
WHY_LATAM,matrix_32_ext_0_1,EXT,7,8,96.4743452380933,71.98755952381038,10.25,9.25,51.97115384615385,61.25,39.59521687462864,44.94949494949495,33.90512265512265,41.03289072039072,31.132992824169293,32.49163418281065,5,1,1
WHY_LATAM,matrix_32_ext_0_1,EXT,8,4,93.43366071428466,68.2989880952375,10.5,8.5,42.178030303030305,40.60606060606061,35.23809523809524,37.14285714285714,43.64357864357864,45.15873015873016,31.46825396825397,31.46825396825397,2,1,0
WHY_LATAM,matrix_32_ext_0_1,EXT,8,5,96.412232142856,74.0896130952376,10.2,8.4,49.621212121212125,66.66666666666667,41.32575757575758,54.54545454545455,42.60717060717061,43.81929181929182,30.641580641580642,31.328449328449327,3,1,0
WHY_LATAM,matrix_32_ext_0_1,EXT,8,6,97.51559523809406,77.42172619047574,10.666666666666666,8.666666666666666,50.6458818958819,52.083333333333336,40.58192216280452,39.037433155080215,38.630975505975506,42.926332926332925,29.38080438080438,29.953194953194952,3,1,0
WHY_LATAM,matrix_32_ext_0_1,EXT,8,7,98.28666666666548,77.98928571428526,10.285714285714286,9.571428571428571,56.863136863136866,66.66666666666667,42.62228096980419,54.54545454545455,38.82655043369329,44.5862074433503,31.963591963591963,32.817024245595675,4,1,1
WHY_LATAM,matrix_32_ext_0_1,EXT,8,8,98.64267857142735,80.415446428571,10.5,9.75,56.21357808857809,64.58333333333334,41.570135231125946,38.90977443609023,35.53573162948163,43.17959817959818,31.016935474656062,34.183646214896214,5,1,0
WHY_LATAM,matrix_32_z_abs,Z_ABS,2,4,1.9816666666664875,10.327619047618894,10.75,10.25,22.291666666666668,25.833333333333336,12.960526315789474,15.394736842105264,35.69475867269985,37.45071105365223,24.384920634920633,30.27777777777778,0,0,0
WHY_LATAM,matrix_32_z_abs,Z_ABS,2,5,2.8391666666664097,11.886279761904586,10.4,10.6,24.5,26.666666666666668,13.754975674480319,15.789473684210526,31.63273001508296,33.96056884292179,21.613199665831246,30.37606837606838,0,0,0
WHY_LATAM,matrix_32_z_abs,Z_ABS,2,6,3.3994047619044543,13.132738095237904,10.666666666666666,10.166666666666666,39.166666666666664,30,27.366619162284795,17.647058823529413,28.645732922048712,32.68643894804885,24.260999721526037,31.563390313390315,1,0,0
WHY_LATAM,matrix_32_z_abs,Z_ABS,2,7,4.0562797619043955,13.952976190475985,10.428571428571429,10.857142857142858,42.46031746031746,33.333333333333336,29.259107151632584,17.647058823529413,25.573893525021344,30.397900050708543,21.58214801071944,30.625763125763125,2,0,0
WHY_LATAM,matrix_32_z_abs,Z_ABS,2,8,4.280922619047232,14.879761904761684,10.125,10.875,47.8125,43.05555555555556,34.920574673864145,24.415204678362574,25.31579939668175,31.80649587770331,23.23251449702688,31.209307440925087,3,0,0
WHY_LATAM,matrix_32_z_abs,Z_ABS,3,4,3.6911607142853824,16.780297619047364,10,9.25,40.625,25,30.910609857978276,22.93233082706767,31.458755060728745,35.27965842207328,29.34027777777778,31.79563492063492,1,0,0
WHY_LATAM,matrix_32_z_abs,Z_ABS,3,5,5.141904761904301,18.061934523809253,9.6,9.4,40.833333333333336,25,28.64799253034547,17.647058823529413,28.500337381916328,32.509441023372915,27.22222222222222,32.70923520923521,2,0,0
WHY_LATAM,matrix_32_z_abs,Z_ABS,3,6,6.606845238094646,19.131190476190188,9.5,9.833333333333334,41.2037037037037,37.5,29.26569617746088,20.58823529411765,25.387185913501703,29.868978630588536,23.84259259259259,32.385901135901136,3,0,0
WHY_LATAM,matrix_32_z_abs,Z_ABS,3,7,6.957202380951758,19.771130952380656,9.285714285714286,9.571428571428571,43.65079365079365,50,31.49593170601574,23.529411764705884,26.94751989864772,31.554362635742557,23.856209150326798,31.330772402200974,4,0,0
WHY_LATAM,matrix_32_z_abs,Z_ABS,3,8,7.782738095237398,20.330744047618744,9.125,10.25,42.88194444444444,37.5,29.576622315592903,20.58823529411765,25.943970245440834,32.81840063960807,22.10701267686562,30.539425851925852,3,0,0
WHY_LATAM,matrix_32_z_abs,Z_ABS,4,4,7.5036309523802815,23.96110119047575,9.25,9.25,43.05555555555556,46.52777777777778,32.91666666666667,29.166666666666664,32.24924585218703,32.56975867269985,29.34027777777778,31.79563492063492,2,0,0
WHY_LATAM,matrix_32_z_abs,Z_ABS,4,5,9.175982142856324,25.029583333332877,9,9.2,51.94444444444444,55.55555555555556,40.333333333333336,41.666666666666664,31.253942136295077,34.38914027149321,31.164529914529915,33.12881562881563,3,0,0
WHY_LATAM,matrix_32_z_abs,Z_ABS,4,6,10.327619047618128,27.647499999999507,9.666666666666666,9,55.146011396011396,59.02777777777778,43.40909090909091,43.56060606060606,29.1699517802459,33.92077478764785,34.94480056980057,36.58170533170533,4,0,1
WHY_LATAM,matrix_32_z_abs,Z_ABS,4,7,11.865476190475134,28.584523809523304,9.571428571428571,9,53.00671550671551,55.55555555555556,40.29836176895,41.666666666666664,26.722400406610934,31.932092675126732,32.809829059829056,34.71709196499113,5,0,1
WHY_LATAM,matrix_32_z_abs,Z_ABS,4,8,12.431636904760795,29.938898809523288,10,8.875,57.7991452991453,55.55555555555556,48.44056372549019,45.83333333333333,24.117394473431624,31.617051678971183,30.856036324786324,34.22360931552108,6,0,1
WHY_LATAM,matrix_32_z_abs,Z_ABS,5,4,11.718601190475075,29.899613095237743,9.25,9.5,43.05555555555556,46.52777777777778,32.69736842105263,28.728070175438596,32.24924585218703,32.56975867269985,29.06454248366013,31.319444444444443,2,0,0
WHY_LATAM,matrix_32_z_abs,Z_ABS,5,5,14.394464285712935,33.99848214285672,9,9.2,44.72222222222222,44.44444444444444,34.09090909090909,41.666666666666664,31.253942136295077,34.38914027149321,34.02086475615887,35.824786324786324,2,0,1
WHY_LATAM,matrix_32_z_abs,Z_ABS,5,6,15.212053571427148,35.84339285714241,10,9,51.2962962962963,45.55555555555556,44.791666666666664,42.70833333333333,29.446158416746652,35.52036199095023,33.478925758337525,34.982193732193736,2,0,1
WHY_LATAM,matrix_32_z_abs,Z_ABS,5,7,15.6779166666652,36.97499999999953,10.571428571428571,9.857142857142858,55.84467120181406,50,44.501846193022665,41.666666666666664,27.76057276057276,34.41427853192559,31.553364935717877,35.99977507872245,4,0,1
WHY_LATAM,matrix_32_z_abs,Z_ABS,5,8,17.110952380950785,40.80002976190425,10.25,9.625,60.84325396825397,61.111111111111114,48.72159090909091,43.75,24.862396590337767,32.19582704876822,34.010709470268296,38.31798501206396,5,0,2
WHY_LATAM,matrix_32_z_abs,Z_ABS,6,4,17.462797619045844,36.82586309523776,9.25,9.75,43.05555555555556,46.52777777777778,32.5,28.333333333333332,32.24924585218703,32.56975867269985,28.819444444444443,30.90277777777778,2,0,0
WHY_LATAM,matrix_32_z_abs,Z_ABS,6,5,21.83601190475973,42.97592261904708,9,9.4,46.94444444444444,55.55555555555556,35.09090909090909,41.666666666666664,31.253942136295077,34.38914027149321,33.824786324786324,35.49145299145299,3,0,1
WHY_LATAM,matrix_32_z_abs,Z_ABS,6,6,22.81244047618821,44.55866071428515,10,10.333333333333334,53.14814814814815,51.111111111111114,38.89154704944178,43.56060606060606,29.446158416746652,35.52036199095023,33.7428774928775,36.59375468585995,3,0,1
WHY_LATAM,matrix_32_z_abs,Z_ABS,6,7,23.336339285711976,50.41369047618974,10.714285714285714,10,58.53174603174603,55.55555555555556,44.95898838004101,45.45454545454545,28.600908895026542,34.20542305991222,36.71467421467422,39.158283237230606,5,0,2
WHY_LATAM,matrix_32_z_abs,Z_ABS,6,8,28.0304464285687,52.45654761904685,10.375,10.375,59.548611111111114,59.02777777777778,43.245364832535884,43.56060606060606,26.553573060926002,34.096411844089864,34.46908993783994,37.59683116591012,6,0,2
WHY_LATAM,matrix_32_z_abs,Z_ABS,7,4,24.52711309523618,51.040535714285234,9.25,8,49.30555555555556,59.02777777777778,40.11363636363636,43.56060606060606,32.24924585218703,32.56975867269985,38.11431623931624,38.11431623931624,3,0,1
WHY_LATAM,matrix_32_z_abs,Z_ABS,7,5,30.616815476187913,58.85476190476122,9,8,54.44444444444444,62.5,44.09090909090909,45.45454545454545,31.253942136295077,34.38914027149321,41.4005439005439,41.4005439005439,4,0,2
WHY_LATAM,matrix_32_z_abs,Z_ABS,7,6,36.81764880952061,61.05839285714214,8.833333333333334,9,55.78703703703704,62.5,41.644385026737964,43.56060606060606,29.7486554839496,34.213172448466565,37.44162972104149,38.00922518027781,5,0,2
WHY_LATAM,matrix_32_z_abs,Z_ABS,7,7,42.08904761904389,62.66047619047545,9.428571428571429,8.857142857142858,53.31196581196581,55.55555555555556,40.67717996289425,45.45454545454545,28.177418986242515,32.00414781297134,37.80711118946413,38.293621583095266,5,0,2
WHY_LATAM,matrix_32_z_abs,Z_ABS,7,8,49.999821428566975,66.18529761904684,9.875,8.75,56.2633547008547,61.111111111111114,44.791666666666664,45.83333333333333,27.196450404170992,32.46791505063564,35.759793719352544,36.63191888520836,6,0,2
WHY_LATAM,matrix_32_z_abs,Z_ABS,8,4,33.58898809523561,58.325684523808015,9.25,8,58.68055555555556,61.111111111111114,53.75,54.16666666666667,32.24924585218703,32.56975867269985,32.34508547008547,32.34508547008547,3,0,0
WHY_LATAM,matrix_32_z_abs,Z_ABS,8,5,40.32315476190156,66.54520833333164,9,8,55.55555555555556,50,48.333333333333336,41.666666666666664,31.253942136295077,32.72247360482655,39.876068376068375,39.876068376068375,4,0,1
WHY_LATAM,matrix_32_z_abs,Z_ABS,8,6,52.33404761904367,70.47193452380776,9.666666666666666,8.833333333333334,61.396011396011396,52.77777777777778,50.866013071895424,40.83333333333333,30.623706359000476,33.22110895640307,39.71153846153846,39.71153846153846,5,0,1
WHY_LATAM,matrix_32_z_abs,Z_ABS,8,7,54.57113095237679,72.52622023809344,9.428571428571429,8.714285714285714,59.76800976800977,50,48.36134453781513,40,27.67946339374911,32.87084064394989,36.41941391941392,36.41941391941392,6,0,1
WHY_LATAM,matrix_32_z_abs,Z_ABS,8,8,59.82202380951915,74.8802083333315,10,8.75,56.022970085470085,50,45.567664565826334,37.5,26.56328046953047,31.105735563456154,36.41244172494172,36.41244172494172,6,0,1
