"cluster","Early Adopter","Uninterested","Homo Economicus","Fearful","Stubborn","Influencer","Careful","Activist"
"cluster_1",23.5294117647059,17.6470588235294,41.1764705882353,60,20,5.88235294117647,68.75,40
"cluster_2",16.6666666666667,11.1111111111111,41.1764705882353,50,20,5.88235294117647,58.8235294117647,31.25
"cluster_3",23.5294117647059,11.1111111111111,41.1764705882353,41.1764705882353,20,5.88235294117647,58.8235294117647,40
"cluster_4",16.6666666666667,17.6470588235294,41.1764705882353,50,20,5.88235294117647,50,31.25
"cluster_5",23.5294117647059,5.26315789473684,33.3333333333333,33.3333333333333,20,5.88235294117647,58.8235294117647,40
"cluster_6",16.6666666666667,11.1111111111111,41.1764705882353,50,20,5.88235294117647,58.8235294117647,23.5294117647059
"cluster_7",16.6666666666667,11.1111111111111,33.3333333333333,50,20,5.88235294117647,58.8235294117647,31.25
"cluster_8",17.6470588235294,11.7647058823529,35.2941176470588,43.75,21.4285714285714,6.25,52.9411764705882,33.3333333333333
