"cluster","n_patterns","pct_total_patterns","pct_rest_patterns"
"1",13662,75.6981382978723,100
"2",368,2.03900709219858,24.3018617021277
"Restantes",4018,22.2628546099291,0
