"cluster","Early.Adopter","Uninterested","Homo.Economicus","Fearful","Stubborn","Influencer","Careful","Activist"
"cluster_1",0,0,0,0,0,0,0,0
"cluster_2",40,33.3333333333333,40,40,66.6666666666667,16.6666666666667,60,50
"cluster_3",40,14.2857142857143,0,0,0,40,0,0
"cluster_4",40,60,40,40,25,16.6666666666667,33.3333333333333,50
