"D","assigned_pct","unassigned_pct"
0,34.2235625,65.7764375
2,81.00355,18.99645
4,96.2293875,3.7706125
6,99.01125,0.98875
8,99.498775,0.501225
10,99.817425,0.182575
