"cluster","n_patterns","pct_total_patterns","pct_rest_patterns"
1,184,86.3849765258216,100
2,29,13.6150234741784,13.6150234741784
