"cluster","n_patterns","pct_total_patterns","pct_rest_patterns"
"1",25,17.9856115107914,100
"2",28,20.1438848920863,82.0143884892086
"Restantes",86,61.8705035971223,0
