"D","assigned_pct","unassigned_pct"
0,34.25575,65.74425
2,67.86945,32.13055
4,99.9626375,0.0373625
6,99.9999875,1.25e-05
8,100,0
10,100,0
