"cluster","Early.Adopter","Uninterested","Homo.Economicus","Fearful","Stubborn","Influencer","Careful","Activist"
"cluster_1",0,0,0,0,0,0,0,0
"cluster_2",44.4444444444444,55.5555555555556,44.4444444444444,44.4444444444444,22.2222222222222,44.4444444444444,55.5555555555556,33.3333333333333
