"cluster","n_patterns","pct_total_patterns","pct_rest_patterns"
"1",22,0.0684249813386414,100
"2",22,0.0684249813386414,99.9315750186614
"3",17,0.0528738492162229,99.8631500373227
"4",19,0.0590943020651903,99.8102761881065
"5",9,0.0279920378203533,99.7511818860413
"6",4,0.0124409056979348,99.723189848221
"7",4,0.0124409056979348,99.710748942523
"Restantes",32055,99.6983080368251,0
