"D","assigned_pct","unassigned_pct"
0,39.05125,60.94875
2,83.3492125,16.6507875
4,97.1091125,2.8908875
6,99.04245,0.95755
8,99.539925,0.460075
10,99.867775,0.132225
