"D","assigned_pct","unassigned_pct"
0,99.0495125,0.9504875
2,99.998,0.002
4,100,0
6,100,0
8,100,0
10,100,0
