"cluster","n_archetypes","total_frequency","freq_pct_total","freq_pct_rest"
1,13606,788888,98.611,98.611
2,425,2034,0.25425,18.304535637149
3,888,2104,0.263,23.1769112139238
4,991,2091,0.261375,29.9827932320046
5,123,264,0.033,5.40651238992423
6,33,156,0.0195,3.37735440571552
7,6,77,0.009625,1.72529688550302
8,79,200,0.025,4.55996352029184
