analysis_sample,integrated_row_id,subsample,comparison_region,subsample_row_id,global_participant_key,dataset_source,source_survey,source_file,participant_key,prolific_id,identification_code,country_model,country_model_grouped,country_region_model,age_group_model,gender_model,employment_model,row_quality_final,usable_for_clustering,usable_for_main_analysis,n_det_valid,dim_autonomy,dim_competence,dim_financial,dim_meaning,dim_physiological,dim_popularity,dim_relatedness,dim_security,dim_stimulation
DIEGO,2858,DIEGO,EUROPE,1,diego__diego_1,diego,Survey_September2023_cleaned,Survey_September2023_cleaned.xlsx,diego_1,NA,NA,IT,IT,southern_europe,45_54,male,employed,usable_complete,TRUE,TRUE,32,0.8726605731132256,1.0665044619359143,0.5136401474518664,0.5883188484531968,0.6561218987106399,0.8834979742685163,0.9152420663689048,0.9530201606042278,0.11471335744332616
DIEGO,2859,DIEGO,EUROPE,2,diego__diego_2,diego,Survey_September2023_cleaned,Survey_September2023_cleaned.xlsx,diego_2,NA,NA,IT,IT,southern_europe,45_54,male,employed,usable_complete,TRUE,TRUE,32,0.808032389920366,0.7068171658149749,0.779603544439658,1.0464844075141755,0.5216830160247193,0.5058492657060754,1.287250298598797,1.2634311064341979,0.7893393355353955
DIEGO,2860,DIEGO,EUROPE,3,diego__diego_3,diego,Survey_September2023_cleaned,Survey_September2023_cleaned.xlsx,diego_3,NA,NA,ES,ES,southern_europe,18_24,female,student,usable_complete,TRUE,TRUE,32,0.8194943664250991,0.7396811621218691,1.1312512017773249,0.7050675883957188,0.2519304840876634,1.192739953161611,0.5439546404141428,1.3491256279276616,0.7374612802017821
DIEGO,2861,DIEGO,EUROPE,4,diego__diego_4,diego,Survey_September2023_cleaned,Survey_September2023_cleaned.xlsx,diego_4,NA,NA,ES,ES,southern_europe,45_54,male,employed,usable_complete,TRUE,TRUE,32,0.342143747493531,0.8466747841784938,0.4850800448839716,0.8578012806481526,0.6415140720700149,0.7752556003666989,1.1317913012466394,0.6888453361387684,0.5342240561192532
DIEGO,2862,DIEGO,EUROPE,5,diego__diego_5,diego,Survey_September2023_cleaned,Survey_September2023_cleaned.xlsx,diego_5,NA,NA,IT,IT,southern_europe,45_54,male,employed,usable_complete,TRUE,TRUE,32,1.2095470153196104,1.5099574264407831,0.49165329652638823,0.49902874345681697,0.5109301633807637,0.9578378376386815,0.5330864716222402,1.1474333499577656,1.2007230833299307
DIEGO,2863,DIEGO,EUROPE,6,diego__diego_6,diego,Survey_September2023_cleaned,Survey_September2023_cleaned.xlsx,diego_6,NA,NA,IT,IT,southern_europe,18_24,male,student,usable_complete,TRUE,TRUE,32,1.4261416868507124,0.9300689456724367,0.4811902527522591,0.6368834958570578,1.3589557642678187,1.081538270651685,1.2026574745244871,0.7215038058321405,0.5208713150418829
DIEGO,2864,DIEGO,EUROPE,7,diego__diego_7,diego,Survey_September2023_cleaned,Survey_September2023_cleaned.xlsx,diego_7,NA,NA,GR,GR,southern_europe,25_34,male,employed,usable_complete,TRUE,TRUE,32,0.697997178763094,0.9951029546913559,0.6655885238058601,0.5612959404224519,0.2856648675962767,1.6917591220267894,1.2227157499894883,0.4380124941335175,0.9595493755466504
DIEGO,2865,DIEGO,EUROPE,8,diego__diego_8,diego,Survey_September2023_cleaned,Survey_September2023_cleaned.xlsx,diego_8,NA,NA,GR,GR,southern_europe,45_54,male,employed,usable_complete,TRUE,TRUE,32,0.8759374823050639,0.36467372800442927,0.2244708600020176,0.6352218321891233,1.234667378366515,0.751302810184511,0.8960142737856971,0.47751650120065375,1.1887457389599079
DIEGO,2866,DIEGO,EUROPE,9,diego__diego_9,diego,Survey_September2023_cleaned,Survey_September2023_cleaned.xlsx,diego_9,NA,NA,GR,GR,southern_europe,45_54,male,self_employed,usable_complete,TRUE,TRUE,32,0.7878964271163355,0.5087626789559685,0.7600326100906469,0.8258920635737317,0.46606181641845246,0.7270360890754491,1.0923648932312529,1.1057063437253085,1.1156036246599395
DIEGO,2867,DIEGO,EUROPE,10,diego__diego_10,diego,Survey_September2023_cleaned,Survey_September2023_cleaned.xlsx,diego_10,NA,NA,IT,IT,southern_europe,45_54,female,employed,usable_complete,TRUE,TRUE,32,0.9321965063315008,1.0835316433978206,0.6258406054925608,0.7792189693018908,1.5983222443317597,0.7500219971198658,0.9608424265630227,0.39796030026256446,1.2264525544202884
DIEGO,2868,DIEGO,EUROPE,11,diego__diego_11,diego,Survey_September2023_cleaned,Survey_September2023_cleaned.xlsx,diego_11,NA,NA,ES,ES,southern_europe,45_54,male,employed,usable_complete,TRUE,TRUE,32,0.6266415701370518,0.7798294560119503,0.9371461226666803,1.0767924833855023,0.5273652878698529,0.42043583791280825,0.6857678868135791,0.7265940483805687,0.8512242011763709
DIEGO,2869,DIEGO,EUROPE,12,diego__diego_12,diego,Survey_September2023_cleaned,Survey_September2023_cleaned.xlsx,diego_12,NA,NA,ES,ES,southern_europe,45_54,male,self_employed,usable_complete,TRUE,TRUE,32,0.8971748940699515,0.351070473690124,0.5094442964211809,0.7859649526058853,1.2557733340103354,0.7033445063523722,0.438256634063604,0.7854540756083814,0.2854248610304342
DIEGO,2870,DIEGO,EUROPE,13,diego__diego_13,diego,Survey_September2023_cleaned,Survey_September2023_cleaned.xlsx,diego_13,NA,NA,GR,GR,southern_europe,25_34,female,employed,usable_complete,TRUE,TRUE,32,0.7941689000519809,0.9129979637610599,1.095953227268886,0.4818074550714324,0.783650839064224,0.6959275680155419,0.6502451789673902,1.0467906374631457,1.135830140690187
DIEGO,2871,DIEGO,EUROPE,14,diego__diego_14,diego,Survey_September2023_cleaned,Survey_September2023_cleaned.xlsx,diego_14,NA,NA,IT,IT,southern_europe,45_54,female,employed,usable_complete,TRUE,TRUE,32,0.7691404794014131,1.0193785668515396,0.8268591787106472,0.7466182605361968,0.6824776320402962,0.881982792705793,0.8245467916008922,0.7174084153784531,0.24674562303270953
DIEGO,2872,DIEGO,EUROPE,15,diego__diego_15,diego,Survey_September2023_cleaned,Survey_September2023_cleaned.xlsx,diego_15,NA,NA,GR,GR,southern_europe,65_plus,male,employed,usable_complete,TRUE,TRUE,32,0.5725312226550054,0.884143154077162,1.4519330703122015,0.7459094942050272,1.213087929746247,0.5517400596963122,1.1368616788637387,0.6336727603216016,0.6817494124203051
DIEGO,2873,DIEGO,EUROPE,16,diego__diego_16,diego,Survey_September2023_cleaned,Survey_September2023_cleaned.xlsx,diego_16,NA,NA,ES,ES,southern_europe,25_34,male,employed,usable_complete,TRUE,TRUE,32,1.3121792642947256,0.8042667793831585,0.5562362113688932,0.856478264522825,0.2498859213928911,0.747246290322615,0.8158028615450521,0.5471176873344259,0.3690948751469152
DIEGO,2874,DIEGO,EUROPE,17,diego__diego_17,diego,Survey_September2023_cleaned,Survey_September2023_cleaned.xlsx,diego_17,NA,NA,ES,ES,southern_europe,25_34,male,employed,usable_complete,TRUE,TRUE,32,0.8180698128051086,0.5744487002937213,0.8883597215414648,1.230512292935778,1.3378679358893775,1.2752868444198098,0.9727984771134851,0.8633167613895626,0.2982362905122269
DIEGO,2875,DIEGO,EUROPE,18,diego__diego_18,diego,Survey_September2023_cleaned,Survey_September2023_cleaned.xlsx,diego_18,NA,NA,OTHER_EU,OTHER_COUNTRIES,other_region,65_plus,male,retired,usable_complete,TRUE,TRUE,32,0.5442317974371053,0.5108602928470617,0.9110323514687335,0.5275965943486292,0.3760320511176643,0.8530899563210792,0.9250523005264423,0.718592857296278,0.7328889203561717
DIEGO,2876,DIEGO,EUROPE,19,diego__diego_19,diego,Survey_September2023_cleaned,Survey_September2023_cleaned.xlsx,diego_19,NA,NA,IT,IT,southern_europe,25_34,male,unemployed,usable_complete,TRUE,TRUE,32,1.015447859730112,0.8176937820241003,0.3966998335164368,0.5792380479789617,1.2587197192930835,0.7510924104401855,1.1185513984108142,0.9684038498937605,0.4574876572391283
DIEGO,2877,DIEGO,EUROPE,20,diego__diego_20,diego,Survey_September2023_cleaned,Survey_September2023_cleaned.xlsx,diego_20,NA,NA,IT,IT,southern_europe,18_24,female,student,usable_complete,TRUE,TRUE,32,0.7754664119945975,0.9130098097835451,0.288507044903029,1.326168888267477,0.8113233470467569,0.7944199044099007,0.8428304687755391,0.5021336384814127,1.8388651013334196
DIEGO,2878,DIEGO,EUROPE,21,diego__diego_21,diego,Survey_September2023_cleaned,Survey_September2023_cleaned.xlsx,diego_21,NA,NA,ES,ES,southern_europe,45_54,female,employed,usable_complete,TRUE,TRUE,32,0.44508224464478585,0.9463162663635105,0.8554899783209187,0.27765800152193587,0.6445174670195035,0.2960154507746343,0.4668631771060392,0.698121458550862,1.1278421420600235
DIEGO,2879,DIEGO,EUROPE,22,diego__diego_22,diego,Survey_September2023_cleaned,Survey_September2023_cleaned.xlsx,diego_22,NA,NA,GR,GR,southern_europe,45_54,female,employed,usable_complete,TRUE,TRUE,32,1.3270727353047214,0.9916710351852571,0.9145665854883603,0.6113030140140557,0.3220203777470801,0.9644479658813363,1.1585038320607697,0.4523993806716704,0.49576979443566005
DIEGO,2880,DIEGO,EUROPE,23,diego__diego_23,diego,Survey_September2023_cleaned,Survey_September2023_cleaned.xlsx,diego_23,NA,NA,ES,ES,southern_europe,25_34,male,employed,usable_complete,TRUE,TRUE,32,1.1197001646017442,0.6439122695703117,0.6320964988712915,1.090204393144691,0.6367950637845515,0.8983565361849813,0.40884121438103793,0.624759847580416,0.551635367722433
DIEGO,2881,DIEGO,EUROPE,24,diego__diego_24,diego,Survey_September2023_cleaned,Survey_September2023_cleaned.xlsx,diego_24,NA,NA,ES,ES,southern_europe,25_34,male,employed,usable_complete,TRUE,TRUE,32,0.5435318172139714,1.1508279378097706,0.774737039352586,0.5404785714050981,1.0915610862101708,1.096932467959628,0.9785065476759689,1.3101962040328237,1.203361687547945
DIEGO,2882,DIEGO,EUROPE,25,diego__diego_25,diego,Survey_September2023_cleaned,Survey_September2023_cleaned.xlsx,diego_25,NA,NA,ES,ES,southern_europe,45_54,male,employed,usable_complete,TRUE,TRUE,32,0.8710857491836403,0.8873674099153394,0.5544559805276934,0.61238689885156,1.7169834131081831,0.6735390082245969,0.7853609686121088,0.6716278418005373,1.13826985545714
DIEGO,2883,DIEGO,EUROPE,26,diego__diego_26,diego,Survey_September2023_cleaned,Survey_September2023_cleaned.xlsx,diego_26,NA,NA,IT,IT,southern_europe,18_24,male,student,usable_complete,TRUE,TRUE,32,1.003856474809865,0.7257253705144876,1.2344976266090764,0.7180308388317229,1.1629876689445693,1.0821627588301845,0.4933908559619488,1.0435665602829685,0.47516163954105006
DIEGO,2884,DIEGO,EUROPE,27,diego__diego_27,diego,Survey_September2023_cleaned,Survey_September2023_cleaned.xlsx,diego_27,NA,NA,ES,ES,southern_europe,25_34,female,employed,usable_complete,TRUE,TRUE,32,0.7860572901529409,0.5519431134163122,0.7589554358103531,0.4691286763371136,0.757861282040236,0.8708372467390701,0.25178984371363733,0.4202501374958015,1.5112507884102906
DIEGO,2885,DIEGO,EUROPE,28,diego__diego_28,diego,Survey_September2023_cleaned,Survey_September2023_cleaned.xlsx,diego_28,NA,NA,ES,ES,southern_europe,45_54,male,employed,usable_complete,TRUE,TRUE,32,1.271290813430507,0.7194437881398901,0.8211261344970303,0.5500146497594144,1.333568473106634,0.4404113582026419,0.8873942918726385,1.1139804431178326,0.21359192325210985
DIEGO,2886,DIEGO,EUROPE,29,diego__diego_29,diego,Survey_September2023_cleaned,Survey_September2023_cleaned.xlsx,diego_29,NA,NA,ES,ES,southern_europe,45_54,male,employed,usable_complete,TRUE,TRUE,32,1.2708011934940178,0.7314122815174074,1.3313087301063902,0.7974946667543453,0.5121503383241921,0.5821493945716485,0.7923377057544739,0.7036037566090387,1.776590459018086
DIEGO,2887,DIEGO,EUROPE,30,diego__diego_30,diego,Survey_September2023_cleaned,Survey_September2023_cleaned.xlsx,diego_30,NA,NA,IT,IT,southern_europe,18_24,male,self_employed,usable_complete,TRUE,TRUE,32,1.263225832680515,0.8954576017218029,0.9203578476799065,1.250826390378837,0.1905429662744849,0.7161879439383689,0.7262992447441332,1.0649181454909449,0.20233193869948618
DIEGO,2888,DIEGO,EUROPE,31,diego__diego_31,diego,Survey_September2023_cleaned,Survey_September2023_cleaned.xlsx,diego_31,NA,NA,ES,ES,southern_europe,18_24,male,employed,usable_complete,TRUE,TRUE,32,0.7216999779889173,0.3271325629736985,0.8299551348849,1.038781026187176,1.1155060230101719,1.431109280456694,0.5242927902251547,1.0024923339950622,1.1087771785015197
DIEGO,2889,DIEGO,EUROPE,32,diego__diego_32,diego,Survey_September2023_cleaned,Survey_September2023_cleaned.xlsx,diego_32,NA,NA,GR,GR,southern_europe,25_34,male,unemployed,usable_complete,TRUE,TRUE,32,0.6629139965929017,0.9633033139169462,0.7310935937141642,1.5170449307267795,0.8206715175121319,0.9342068057197619,0.6441666189835803,0.2022771708793836,0.879346909245244
DIEGO,2890,DIEGO,EUROPE,33,diego__diego_33,diego,Survey_September2023_cleaned,Survey_September2023_cleaned.xlsx,diego_33,NA,NA,ES,ES,southern_europe,45_54,male,employed,usable_complete,TRUE,TRUE,32,0.8778845962653812,0.7810735643915239,1.12695716867941,0.46099754151028055,0.4420622592806159,0.6009505956199835,1.3125300453457736,1.2443474516463198,0.3100135725597992
DIEGO,2891,DIEGO,EUROPE,34,diego__diego_34,diego,Survey_September2023_cleaned,Survey_September2023_cleaned.xlsx,diego_34,NA,NA,GR,GR,southern_europe,25_34,male,employed,usable_complete,TRUE,TRUE,32,1.042088972727616,0.58924625902183,1.136601297798578,0.8096127758789571,0.6691971857082173,1.1811602005435444,0.6957800662599396,0.8395807057236366,0.6811882897014294
DIEGO,2892,DIEGO,EUROPE,35,diego__diego_35,diego,Survey_September2023_cleaned,Survey_September2023_cleaned.xlsx,diego_35,NA,NA,IT,IT,southern_europe,18_24,male,student,usable_complete,TRUE,TRUE,32,0.8380967370458716,1.2494316414805622,0.6402430876243301,0.8529987659475232,1.0270491677962232,1.2919684306645256,1.0446696211894184,0.9519871147367533,0.8127619507512436
DIEGO,2893,DIEGO,EUROPE,36,diego__diego_36,diego,Survey_September2023_cleaned,Survey_September2023_cleaned.xlsx,diego_36,NA,NA,ES,ES,southern_europe,45_54,female,employed,usable_complete,TRUE,TRUE,32,0.9510783444936068,1.0314739351441178,1.0621957648531564,0.6297392217074945,0.7401669250660565,0.4793773155022878,0.7763068704596313,0.5681987264560399,0.8647311559972252
DIEGO,2894,DIEGO,EUROPE,37,diego__diego_37,diego,Survey_September2023_cleaned,Survey_September2023_cleaned.xlsx,diego_37,NA,NA,IT,IT,southern_europe,45_54,female,unemployed,usable_complete,TRUE,TRUE,32,0.9231691417589235,0.6941782080971731,1.319822668280251,0.8330487796827831,1.282392514821698,0.7992846622434543,1.0408150893414667,1.0884011451209978,1.0211488480111397
DIEGO,2895,DIEGO,EUROPE,38,diego__diego_38,diego,Survey_September2023_cleaned,Survey_September2023_cleaned.xlsx,diego_38,NA,NA,ES,ES,southern_europe,18_24,male,student,usable_complete,TRUE,TRUE,32,1.059615845885842,1.1269587431972419,0.8574486168984775,0.6211965406363392,1.4789892996201595,0.3379328796226873,1.0435570784505028,0.7471109778725543,0.8225093404839194
DIEGO,2896,DIEGO,EUROPE,39,diego__diego_39,diego,Survey_September2023_cleaned,Survey_September2023_cleaned.xlsx,diego_39,NA,NA,IT,IT,southern_europe,25_34,female,student,usable_complete,TRUE,TRUE,32,0.9545702323838651,1.4174670130811964,0.6660254358536151,0.4756212982791599,0.7821603630293634,1.1886588744398217,0.7994188635776803,0.75198097810528,1.2346335773755786
DIEGO,2897,DIEGO,EUROPE,40,diego__diego_40,diego,Survey_September2023_cleaned,Survey_September2023_cleaned.xlsx,diego_40,NA,NA,GR,GR,southern_europe,65_plus,female,employed,usable_complete,TRUE,TRUE,32,0.7965825421141476,1.1185666868193496,0.8372143702615642,1.3324530080558887,0.38507396235885966,0.7451757103889793,0.44707776674222677,0.41835310781632157,0.7323383284478514
DIEGO,2898,DIEGO,EUROPE,41,diego__diego_41,diego,Survey_September2023_cleaned,Survey_September2023_cleaned.xlsx,diego_41,NA,NA,GR,GR,southern_europe,18_24,female,unemployed,usable_complete,TRUE,TRUE,32,1.0993280769768932,1.2291102235929632,0.7413076293890156,0.43757584021187107,0.8481683130690968,1.155372476505099,0.47324174262137875,1.0003421551394214,1.0816516531395979
DIEGO,2899,DIEGO,EUROPE,42,diego__diego_42,diego,Survey_September2023_cleaned,Survey_September2023_cleaned.xlsx,diego_42,NA,NA,IT,IT,southern_europe,18_24,male,student,usable_complete,TRUE,TRUE,32,0.6830635206132383,0.5551160186904656,0.9415239845001638,0.7250068200445173,0.9740503809895112,0.7230303680941086,0.7006743595554197,0.8290582197543938,0.37334052921543515
DIEGO,2900,DIEGO,EUROPE,43,diego__diego_43,diego,Survey_September2023_cleaned,Survey_September2023_cleaned.xlsx,diego_43,NA,NA,IT,IT,southern_europe,25_34,female,employed,usable_complete,TRUE,TRUE,32,0.8293913763020332,1.1264065215940602,0.7601983949905089,0.4900135382222212,0.5799885125376846,1.2305227780779502,1.4058941577529918,0.8744656750149694,0.9039513128326969
DIEGO,2901,DIEGO,EUROPE,44,diego__diego_44,diego,Survey_September2023_cleaned,Survey_September2023_cleaned.xlsx,diego_44,NA,NA,IT,IT,southern_europe,25_34,male,self_employed,usable_complete,TRUE,TRUE,32,1.2264949353441748,1.3164303467786644,1.0126385897488797,1.174045045089558,0.6670231083660475,0.719398705479254,1.2586306086279428,0.6808223743945369,1.1960938370412806
DIEGO,2902,DIEGO,EUROPE,45,diego__diego_45,diego,Survey_September2023_cleaned,Survey_September2023_cleaned.xlsx,diego_45,NA,NA,IT,IT,southern_europe,45_54,female,employed,usable_complete,TRUE,TRUE,32,1.0088445257229368,0.9907493191900655,1.062923819944738,1.1227983471539578,0.33829678985667716,0.4565090492975169,0.7712772311362206,0.6867222077886362,0.44805434246190157
DIEGO,2903,DIEGO,EUROPE,46,diego__diego_46,diego,Survey_September2023_cleaned,Survey_September2023_cleaned.xlsx,diego_46,NA,NA,GR,GR,southern_europe,18_24,female,employed,usable_complete,TRUE,TRUE,32,1.4282001184790256,1.4134319751406998,0.7523590488412294,0.8152515197748199,0.5498788878294314,0.7866476697154456,0.6589386082633636,1.2529399043962501,0.9332320370416775
DIEGO,2904,DIEGO,EUROPE,47,diego__diego_47,diego,Survey_September2023_cleaned,Survey_September2023_cleaned.xlsx,diego_47,NA,NA,IT,IT,southern_europe,45_54,female,employed,usable_complete,TRUE,TRUE,32,0.452719605603523,0.654370551497012,0.7457734042380076,0.37073068741128995,1.1833030040254122,0.9106930780247835,0.723576780628574,0.5723483390808738,0.9963614797080587
DIEGO,2905,DIEGO,EUROPE,48,diego__diego_48,diego,Survey_September2023_cleaned,Survey_September2023_cleaned.xlsx,diego_48,NA,NA,GR,GR,southern_europe,18_24,female,employed,usable_complete,TRUE,TRUE,32,0.9955837807610136,0.6925480770852454,1.3327338197986942,1.0812479405365936,1.9941689693135398,0.37768769080973286,1.1257479421837508,1.1771864175618314,0.2429848580426518
DIEGO,2906,DIEGO,EUROPE,49,diego__diego_49,diego,Survey_September2023_cleaned,Survey_September2023_cleaned.xlsx,diego_49,NA,NA,IT,IT,southern_europe,25_34,male,employed,usable_complete,TRUE,TRUE,32,1.0344783014827064,1.5200198835758831,0.6648115934079656,0.10901576693014255,0.14633508907150242,0.9032374956367637,0.6817016860412903,0.7508264982272735,1.309270974743195
DIEGO,2907,DIEGO,EUROPE,50,diego__diego_50,diego,Survey_September2023_cleaned,Survey_September2023_cleaned.xlsx,diego_50,NA,NA,ES,ES,southern_europe,18_24,male,student,usable_complete,TRUE,TRUE,32,1.0514538577653796,1.069940529850149,1.0641364097393489,1.2566719259449195,0.9052037992171977,0.6897988539529494,1.1149600466798077,0.7418858029002297,0.3913194630968734
DIEGO,2908,DIEGO,EUROPE,51,diego__diego_51,diego,Survey_September2023_cleaned,Survey_September2023_cleaned.xlsx,diego_51,NA,NA,GR,GR,southern_europe,45_54,female,unemployed,usable_complete,TRUE,TRUE,32,0.592066449032391,0.6608782102292243,1.014374101426622,0.4778518642200478,0.5146391055136302,1.040176997076003,1.067373735134903,1.4865682100035214,0.24083975277581257
DIEGO,2909,DIEGO,EUROPE,52,diego__diego_52,diego,Survey_September2023_cleaned,Survey_September2023_cleaned.xlsx,diego_52,NA,NA,ES,ES,southern_europe,45_54,male,employed,usable_complete,TRUE,TRUE,32,0.6100612166864008,0.8693033255688523,0.9084669183899863,0.5633296667884135,0.8453244513070262,0.8948366149368838,1.1406218982331542,0.9504947979513577,0.6014153306497567
DIEGO,2910,DIEGO,EUROPE,53,diego__diego_53,diego,Survey_September2023_cleaned,Survey_September2023_cleaned.xlsx,diego_53,NA,NA,IT,IT,southern_europe,25_34,male,self_employed,usable_complete,TRUE,TRUE,32,0.870589839649832,0.5765360735608844,0.7204147231970047,0.36888228481824026,0.8845358288982488,1.1580944775285307,1.117993947382845,0.47174774404544634,1.0256533524692155
DIEGO,2911,DIEGO,EUROPE,54,diego__diego_54,diego,Survey_September2023_cleaned,Survey_September2023_cleaned.xlsx,diego_54,NA,NA,IT,IT,southern_europe,18_24,female,student,usable_complete,TRUE,TRUE,32,0.7342205793199114,0.7367973189335089,0.7325527325030592,0.8904183038067045,0.5545037495556198,0.5954655209057179,0.9472828239525801,1.0247064608791898,1.2981290669994887
DIEGO,2912,DIEGO,EUROPE,55,diego__diego_55,diego,Survey_September2023_cleaned,Survey_September2023_cleaned.xlsx,diego_55,NA,NA,IT,IT,southern_europe,25_34,female,unemployed,usable_complete,TRUE,TRUE,32,0.9140636081149089,0.6370333376129182,0.7125576226113519,0.8612615216165871,0.8748962344374862,1.0934385347967412,0.8316861642057389,1.4299118103349129,0.7228586080868719
DIEGO,2913,DIEGO,EUROPE,56,diego__diego_56,diego,Survey_September2023_cleaned,Survey_September2023_cleaned.xlsx,diego_56,NA,NA,IT,IT,southern_europe,18_24,other,student,usable_complete_limited_metadata,TRUE,TRUE,32,0.9312936853476594,1.1083943399957998,0.7846532561886252,0.462670507700141,0.6908481200447785,0.750832498301692,0.8404651778415865,0.65874804731368,0.33398068373739487
DIEGO,2914,DIEGO,EUROPE,57,diego__diego_57,diego,Survey_September2023_cleaned,Survey_September2023_cleaned.xlsx,diego_57,NA,NA,IT,IT,southern_europe,25_34,female,unemployed,usable_complete,TRUE,TRUE,32,1.7011668764522079,0.8591183503202562,0.4346168716529092,1.0049493282523552,0.7238614987954732,0.37937634467479187,0.5413909760167381,0.4251232404506034,0.7723711643780398
DIEGO,2915,DIEGO,EUROPE,58,diego__diego_58,diego,Survey_September2023_cleaned,Survey_September2023_cleaned.xlsx,diego_58,NA,NA,IT,IT,southern_europe,18_24,male,student,usable_complete,TRUE,TRUE,32,0.4362888294075993,0.3141295570628413,0.8292198591453648,0.8350170621335028,0.9537571877587376,1.5121905359930874,1.0642680764387595,1.215305938239884,1.3738591170869476
DIEGO,2916,DIEGO,EUROPE,59,diego__diego_59,diego,Survey_September2023_cleaned,Survey_September2023_cleaned.xlsx,diego_59,NA,NA,IT,IT,southern_europe,25_34,male,employed,usable_complete,TRUE,TRUE,32,0.43979763014824536,1.200629374564927,0.8250274355036105,0.2306644431147626,1.1682940968351132,0.3770683315613554,0.9739237262335095,0.5036218152875004,1.2426247374032444
DIEGO,2917,DIEGO,EUROPE,60,diego__diego_60,diego,Survey_September2023_cleaned,Survey_September2023_cleaned.xlsx,diego_60,NA,NA,ES,ES,southern_europe,18_24,female,employed,usable_complete,TRUE,TRUE,32,0.9738836082864263,1.3603594522282163,0.9104286730911664,0.6548290075389338,0.9946085676180356,1.028915366412182,0.6278751791811858,1.5306132835309059,0.7787167413197087
DIEGO,2918,DIEGO,EUROPE,61,diego__diego_61,diego,Survey_September2023_cleaned,Survey_September2023_cleaned.xlsx,diego_61,NA,NA,GR,GR,southern_europe,65_plus,male,self_employed,usable_complete,TRUE,TRUE,32,0.5849536313325266,0.94477510686970545,0.5180284793952122,1.536268321797343,1.1288200141668059,0.33933341072929535,1.2035454957722005,0.6693815553844943,0.6724820988185612
DIEGO,2919,DIEGO,EUROPE,62,diego__diego_62,diego,Survey_September2023_cleaned,Survey_September2023_cleaned.xlsx,diego_62,NA,NA,ES,ES,southern_europe,45_54,male,employed,usable_complete,TRUE,TRUE,32,1.0498912069584456,0.31782396185744416,0.6208383103749513,0.7880018869106125,0.6020481207284429,0.25231286029343347,0.7822863235976895,0.13367048158400152,1.1768555611093015
DIEGO,2920,DIEGO,EUROPE,63,diego__diego_63,diego,Survey_September2023_cleaned,Survey_September2023_cleaned.xlsx,diego_63,NA,NA,IT,IT,southern_europe,25_34,female,employed,usable_complete,TRUE,TRUE,32,0.6922899253130349,0.2951394294274598,0.721573105210523,0.8168116324949746,0.2968650377186419,0.782482433307726,0.7373999057082029,0.7586314887697491,1.0521095123609556
DIEGO,2921,DIEGO,EUROPE,64,diego__diego_64,diego,Survey_September2023_cleaned,Survey_September2023_cleaned.xlsx,diego_64,NA,NA,IT,IT,southern_europe,18_24,male,student,usable_complete,TRUE,TRUE,32,1.1321530916492057,0.7280155512395997,0.2692985827818637,0.878764936738718,0.9819730588051471,0.7476383226114496,0.5689914684148432,1.0816935495795543,1.2511610916299043
DIEGO,2922,DIEGO,EUROPE,65,diego__diego_65,diego,Survey_September2023_cleaned,Survey_September2023_cleaned.xlsx,diego_65,NA,NA,IT,IT,southern_europe,18_24,male,student,usable_complete,TRUE,TRUE,32,0.9434279965769692,0.9859649906456891,0.8321081955695353,0.7047682613869363,0.9030387057264785,0.9528611446062736,1.3546528588125897,0.6719600365515288,1.2929153506799782
DIEGO,2923,DIEGO,EUROPE,66,diego__diego_66,diego,Survey_September2023_cleaned,Survey_September2023_cleaned.xlsx,diego_66,NA,NA,GR,GR,southern_europe,45_54,male,self_employed,usable_complete,TRUE,TRUE,32,1.1281343305040807,1.0941944774888333,0.9111854563751605,0.9279238018064673,0.2862626254816844,0.6643639735015414,0.5065392284509271,0.448376152799252,1.0135118333525992
DIEGO,2924,DIEGO,EUROPE,67,diego__diego_67,diego,Survey_September2023_cleaned,Survey_September2023_cleaned.xlsx,diego_67,NA,NA,ES,ES,southern_europe,25_34,male,employed,usable_complete,TRUE,TRUE,32,0.526260465674748,0.6624251110361546,1.0898683195729302,0.7935463037630658,0.6474401664092103,0.49164935873571625,1.04917094818674,0.8627109708473074,0.3747696102793477
DIEGO,2925,DIEGO,EUROPE,68,diego__diego_68,diego,Survey_September2023_cleaned,Survey_September2023_cleaned.xlsx,diego_68,NA,NA,GR,GR,southern_europe,18_24,male,self_employed,usable_complete,TRUE,TRUE,32,0.6008989652072456,0.7748635748159031,0.9203704039663905,0.6593152690458713,0.9339676744724074,0.45616644797164224,0.6198101742127651,1.2398628985815352,1.1588517243900704
DIEGO,2926,DIEGO,EUROPE,69,diego__diego_69,diego,Survey_September2023_cleaned,Survey_September2023_cleaned.xlsx,diego_69,NA,NA,IT,IT,southern_europe,45_54,male,employed,usable_complete,TRUE,TRUE,32,0.5788773364028448,1.2763378405989967,0.9617499309307584,0.7795183165867728,0.23014436363311816,0.4884942039773806,1.177570165081038,0.5194125426415893,0.3262656090056532
DIEGO,2927,DIEGO,EUROPE,70,diego__diego_70,diego,Survey_September2023_cleaned,Survey_September2023_cleaned.xlsx,diego_70,NA,NA,ES,ES,southern_europe,45_54,male,employed,usable_complete,TRUE,TRUE,32,0.5716683135398893,0.37008111058478904,0.9346460144038554,0.6781779467701722,1.0548210147275432,0.9231090560907105,1.3844796327253592,1.0928598993476435,0.5140943423592349
DIEGO,2928,DIEGO,EUROPE,71,diego__diego_71,diego,Survey_September2023_cleaned,Survey_September2023_cleaned.xlsx,diego_71,NA,NA,IT,IT,southern_europe,45_54,male,employed,usable_complete,TRUE,TRUE,32,0.826966415915412,1.083119107135788,0.9884417786602994,0.4259138127707817,0.606341712370915,1.002691391821715,0.5172144369901056,0.9583751410781752,1.5362593909380318
DIEGO,2929,DIEGO,EUROPE,72,diego__diego_72,diego,Survey_September2023_cleaned,Survey_September2023_cleaned.xlsx,diego_72,NA,NA,IT,IT,southern_europe,45_54,female,unemployed,usable_complete,TRUE,TRUE,32,0.7407053140161984,1.1189660570457882,0.977723506724217,0.8566611257584684,0.8555632904367443,0.7441263478747708,0.7870794585162907,0.5935504335453962,0.4864611792724134
DIEGO,2930,DIEGO,EUROPE,73,diego__diego_73,diego,Survey_September2023_cleaned,Survey_September2023_cleaned.xlsx,diego_73,NA,NA,GR,GR,southern_europe,25_34,female,student,usable_complete,TRUE,TRUE,32,0.6044668625121185,0.5729706601770082,0.9155075637018403,0.6852426269963781,0.9088934092336941,0.6488133643710423,0.7523272203613304,0.7858728895943473,1.0188038069842027
DIEGO,2931,DIEGO,EUROPE,74,diego__diego_74,diego,Survey_September2023_cleaned,Survey_September2023_cleaned.xlsx,diego_74,NA,NA,IT,IT,southern_europe,45_54,male,employed,usable_complete,TRUE,TRUE,32,1.279637523000466,0.5094827109323498,0.7189031914737201,0.540718693777251,1.0886858343764478,0.7851021642310128,0.7952788059901164,1.3706533435860464,1.3063991310608807
DIEGO,2932,DIEGO,EUROPE,75,diego__diego_75,diego,Survey_September2023_cleaned,Survey_September2023_cleaned.xlsx,diego_75,NA,NA,IT,IT,southern_europe,45_54,female,employed,usable_complete,TRUE,TRUE,32,1.3542846662162056,0.31037614910739786,0.8424725089919141,0.9976020929553998,1.067997302296653,0.4837624554464332,0.5205662258186363,0.30392379311138384,0.504694427600875
DIEGO,2933,DIEGO,EUROPE,76,diego__diego_76,diego,Survey_September2023_cleaned,Survey_September2023_cleaned.xlsx,diego_76,NA,NA,ES,ES,southern_europe,18_24,female,student,usable_complete,TRUE,TRUE,32,0.5182775655035405,0.624052714369871,1.180106087092319,0.5508868703429134,1.0315937358557834,0.8304594109028965,0.9602884719089382,0.7273158132983412,0.6738534698881684
DIEGO,2934,DIEGO,EUROPE,77,diego__diego_77,diego,Survey_September2023_cleaned,Survey_September2023_cleaned.xlsx,diego_77,NA,NA,IT,IT,southern_europe,25_34,male,self_employed,usable_complete,TRUE,TRUE,32,1.0008486136770252,0.5973939936960166,1.1509539318095916,1.6932363903100072,1.3649171751417304,0.9927000613110208,1.068357967356805,0.5891653792328877,1.17690624741163
DIEGO,2935,DIEGO,EUROPE,78,diego__diego_78,diego,Survey_September2023_cleaned,Survey_September2023_cleaned.xlsx,diego_78,NA,NA,ES,ES,southern_europe,25_34,male,unemployed,usable_complete,TRUE,TRUE,32,0.7227854040203364,0.5392015796163028,0.7361860143729008,1.1847156429224044,0.5029944227702915,0.9505847911082586,0.31204843114334213,0.6706543021004782,0.18402714457456096
DIEGO,2936,DIEGO,EUROPE,79,diego__diego_79,diego,Survey_September2023_cleaned,Survey_September2023_cleaned.xlsx,diego_79,NA,NA,ES,ES,southern_europe,25_34,male,employed,usable_complete,TRUE,TRUE,32,0.7287303294183818,1.0676226626522154,0.7715975863960016,0.426853268534743,0.6751188294311304,0.8294036783997407,1.3088570450655272,0.8515856326292323,0.9016351606627038
DIEGO,2937,DIEGO,EUROPE,80,diego__diego_80,diego,Survey_September2023_cleaned,Survey_September2023_cleaned.xlsx,diego_80,NA,NA,IT,IT,southern_europe,45_54,male,self_employed,usable_complete,TRUE,TRUE,32,0.7927226493274524,0.42303300436375835,0.9516030224578955,0.1563750256027352,1.319936279403596,0.794250536010382,0.858811185838811,1.5389153429858873,0.420648862229993
DIEGO,2938,DIEGO,EUROPE,81,diego__diego_81,diego,Survey_September2023_cleaned,Survey_September2023_cleaned.xlsx,diego_81,NA,NA,ES,ES,southern_europe,45_54,male,employed,usable_complete,TRUE,TRUE,32,1.050935404732139,0.6840571306601488,0.9866391132423095,0.6533110769898666,0.7889369973872016,0.5830618008049506,0.39050555070089327,1.1263198363617668,0.705994525760349
DIEGO,2939,DIEGO,EUROPE,82,diego__diego_82,diego,Survey_September2023_cleaned,Survey_September2023_cleaned.xlsx,diego_82,NA,NA,ES,ES,southern_europe,25_34,male,employed,usable_complete,TRUE,TRUE,32,0.614183564176361,0.39519608382517757,0.5079239572273967,0.5807670351118536,0.4997101627994016,0.4673380119163056,0.9017335944576403,0.4647590809032422,0.6811032234804598
DIEGO,2940,DIEGO,EUROPE,83,diego__diego_83,diego,Survey_September2023_cleaned,Survey_September2023_cleaned.xlsx,diego_83,NA,NA,IT,IT,southern_europe,25_34,female,employed,usable_complete,TRUE,TRUE,32,0.42705562529170926,0.8419473457439546,1.1149921054649012,0.5637103667714393,1.0010407474219367,0.9249098898602084,1.0625462271917532,0.9797680411903427,0.6729089318812802
DIEGO,2941,DIEGO,EUROPE,84,diego__diego_84,diego,Survey_September2023_cleaned,Survey_September2023_cleaned.xlsx,diego_84,NA,NA,GR,GR,southern_europe,18_24,male,student,usable_complete,TRUE,TRUE,32,0.5245673933536834,0.42420594321248933,0.9619014615098702,0.4888156374295263,1.2427540796627325,0.8173853531237243,0.4491372029387051,0.8177485153245839,0.7958076595640748
DIEGO,2942,DIEGO,EUROPE,85,diego__diego_85,diego,Survey_September2023_cleaned,Survey_September2023_cleaned.xlsx,diego_85,NA,NA,ES,ES,southern_europe,18_24,male,employed,usable_complete,TRUE,TRUE,32,0.5171754550330716,0.6577067112071338,0.5982663244860372,0.5765333474211882,1.4595190738257597,0.9346826494114646,1.1452951462933567,1.000105635688094,0.45520811537647626
DIEGO,2943,DIEGO,EUROPE,86,diego__diego_86,diego,Survey_September2023_cleaned,Survey_September2023_cleaned.xlsx,diego_86,NA,NA,ES,ES,southern_europe,45_54,other,employed,usable_complete_limited_metadata,TRUE,TRUE,32,0.4153733961836667,1.182050877128045,0.9978423519933927,0.37847668777621174,1.2810477035326233,0.7972271781175324,1.033311352939799,1.2333064857152245,0.7010277423266794
DIEGO,2944,DIEGO,EUROPE,87,diego__diego_87,diego,Survey_September2023_cleaned,Survey_September2023_cleaned.xlsx,diego_87,NA,NA,ES,ES,southern_europe,45_54,female,employed,usable_complete,TRUE,TRUE,32,0.6783295139932302,0.46476134711941386,0.8820330517224315,0.5985655178775972,0.6891936797890389,0.25737776513336896,0.5397247250382817,0.9332507512410944,1.5498145676976676
DIEGO,2945,DIEGO,EUROPE,88,diego__diego_88,diego,Survey_September2023_cleaned,Survey_September2023_cleaned.xlsx,diego_88,NA,NA,IT,IT,southern_europe,18_24,female,student,usable_complete,TRUE,TRUE,32,0.6602048408767962,0.6580208234271099,0.48276851595963494,1.0644691853113535,0.5974309053345324,0.8469225450496809,0.865918837841605,0.592726313292861,1.2766338555258214
DIEGO,2946,DIEGO,EUROPE,89,diego__diego_89,diego,Survey_September2023_cleaned,Survey_September2023_cleaned.xlsx,diego_89,NA,NA,IT,IT,southern_europe,18_24,female,student,usable_complete,TRUE,TRUE,32,0.727162966451891,0.5926092107094376,0.7555587652828175,0.84812045709627,1.2586722925720792,0.5216935846935008,0.6466393331741663,0.4118723782591744,0.6352767111155033
DIEGO,2947,DIEGO,EUROPE,90,diego__diego_90,diego,Survey_September2023_cleaned,Survey_September2023_cleaned.xlsx,diego_90,NA,NA,ES,ES,southern_europe,45_54,male,employed,usable_complete,TRUE,TRUE,32,0.5511628163934678,1.1279001329574618,0.6921817560422654,0.734278549796449,0.6791599435117888,0.37286046902325776,1.0175802199920994,0.7422240962561147,1.1270564842205861
DIEGO,2948,DIEGO,EUROPE,91,diego__diego_91,diego,Survey_September2023_cleaned,Survey_September2023_cleaned.xlsx,diego_91,NA,NA,IT,IT,southern_europe,18_24,female,student,usable_complete,TRUE,TRUE,32,1.0700921146188338,0.8563749199653491,0.3895442491430491,0.678584822043565,0.8899460114008189,0.7972134932673721,1.650961173442791,1.3214842638294122,0.938361310781886
DIEGO,2949,DIEGO,EUROPE,92,diego__diego_92,diego,Survey_September2023_cleaned,Survey_September2023_cleaned.xlsx,diego_92,NA,NA,GR,GR,southern_europe,25_34,female,self_employed,usable_complete,TRUE,TRUE,32,0.8228309685461823,1.0981450010926685,1.4170156759115702,0.9655088976281677,1.3935316156557342,1.2325226978141375,1.2376803733293464,1.0135905363458957,0.5459116645168276
DIEGO,2950,DIEGO,EUROPE,93,diego__diego_93,diego,Survey_September2023_cleaned,Survey_September2023_cleaned.xlsx,diego_93,NA,NA,IT,IT,southern_europe,45_54,female,employed,usable_complete,TRUE,TRUE,32,0.7614385501751881,0.6414679011326994,1.2471066849252737,0.7389966980903363,0.9518315753324537,0.6320924573970622,0.8907274746071497,1.1612903264866592,1.5102578546784515
DIEGO,2951,DIEGO,EUROPE,94,diego__diego_94,diego,Survey_September2023_cleaned,Survey_September2023_cleaned.xlsx,diego_94,NA,NA,ES,ES,southern_europe,18_24,male,unemployed,usable_complete,TRUE,TRUE,32,0.41065171831684916,0.4127217951667105,1.009938017585141,0.7992740757233046,1.0172487055277766,0.7779284031809519,0.7898621910662206,1.1769827481302915,0.8684789626161429
DIEGO,2952,DIEGO,EUROPE,95,diego__diego_95,diego,Survey_September2023_cleaned,Survey_September2023_cleaned.xlsx,diego_95,NA,NA,ES,ES,southern_europe,18_24,male,student,usable_complete,TRUE,TRUE,32,1.1798760005769857,1.2066770341915425,0.8643415518665257,0.8584832711479734,0.934417226724672,0.8900498883069239,0.7262610565488345,0.5745771791456061,1.0777440276717658
DIEGO,2953,DIEGO,EUROPE,96,diego__diego_96,diego,Survey_September2023_cleaned,Survey_September2023_cleaned.xlsx,diego_96,NA,NA,IT,IT,southern_europe,18_24,male,employed,usable_complete,TRUE,TRUE,32,0.5919309074920918,0.8702321092477349,0.44551586242061403,0.9697070341189051,0.64059907617945,0.777191139758693,1.0695166119139823,1.6176492781727114,0.7404289814957118
DIEGO,2954,DIEGO,EUROPE,97,diego__diego_97,diego,Survey_September2023_cleaned,Survey_September2023_cleaned.xlsx,diego_97,NA,NA,GR,GR,southern_europe,18_24,male,student,usable_complete,TRUE,TRUE,32,0.47904429218920724,0.7291959828212811,0.6727915822212418,1.1896374522454318,0.19017783987657616,0.8669453561197347,0.8029006265237852,0.41824993798021515,0.17607715932354254
DIEGO,2955,DIEGO,EUROPE,98,diego__diego_98,diego,Survey_September2023_cleaned,Survey_September2023_cleaned.xlsx,diego_98,NA,NA,ES,ES,southern_europe,18_24,male,employed,usable_complete,TRUE,TRUE,32,1.0749977903512913,0.8986990678661521,0.8929226717080123,0.6254865935227487,0.447605880307395,1.245956936100241,0.8324681614175024,1.7505869212779668,1.1827006629092696
DIEGO,2956,DIEGO,EUROPE,99,diego__diego_99,diego,Survey_September2023_cleaned,Survey_September2023_cleaned.xlsx,diego_99,NA,NA,GR,GR,southern_europe,45_54,male,employed,usable_complete,TRUE,TRUE,32,0.6780284077765208,0.7721665106856421,0.7637987750146535,1.1056574818929157,1.028822192935546,0.9694811512159148,0.952460544246102,0.6473188835280471,1.0824196377799453
DIEGO,2957,DIEGO,EUROPE,100,diego__diego_100,diego,Survey_September2023_cleaned,Survey_September2023_cleaned.xlsx,diego_100,NA,NA,ES,ES,southern_europe,45_54,male,employed,usable_complete,TRUE,TRUE,32,0.48350494844573677,0.2744834413167249,0.644623052135463,0.863207939896971,1.0025680935226846,1.1114382552884021,1.1784449007062152,0.6143660958564899,0.47138243200587093
DIEGO,2958,DIEGO,EUROPE,101,diego__diego_101,diego,Survey_September2023_cleaned,Survey_September2023_cleaned.xlsx,diego_101,NA,NA,GR,GR,southern_europe,18_24,female,self_employed,usable_complete,TRUE,TRUE,32,1.134452916913097,0.9057993711982185,0.6345303208720837,0.3895289201018499,0.4233581214170171,1.217583263033288,0.8690349749997719,0.8720452912206501,1.0906106440996861
DIEGO,2959,DIEGO,EUROPE,102,diego__diego_102,diego,Survey_September2023_cleaned,Survey_September2023_cleaned.xlsx,diego_102,NA,NA,ES,ES,southern_europe,25_34,male,employed,usable_complete,TRUE,TRUE,32,0.6094894089908689,0.7371192514091569,1.0575714612269873,0.667612950198832,0.7321149113741942,1.0503011962611588,1.0035547950381938,0.6543727754005505,0.11083360353379337
DIEGO,2960,DIEGO,EUROPE,103,diego__diego_103,diego,Survey_September2023_cleaned,Survey_September2023_cleaned.xlsx,diego_103,NA,NA,ES,ES,southern_europe,45_54,male,employed,usable_complete,TRUE,TRUE,32,0.9242964913022678,0.8952718230252102,0.6873617989339986,0.6470299291502936,1.4124521785589241,0.8569953515187383,0.9190286928058831,0.969996234621398,1.0278664459618394
DIEGO,2961,DIEGO,EUROPE,104,diego__diego_104,diego,Survey_September2023_cleaned,Survey_September2023_cleaned.xlsx,diego_104,NA,NA,ES,ES,southern_europe,45_54,male,employed,usable_complete,TRUE,TRUE,32,0.30963856806725215,0.7511727502844043,0.7649417566725962,0.7012587999158306,0.05361410839396785,0.8144924315024351,0.8294768719503237,0.3261716598021722,0.8891490227642906
DIEGO,2962,DIEGO,EUROPE,105,diego__diego_105,diego,Survey_September2023_cleaned,Survey_September2023_cleaned.xlsx,diego_105,NA,NA,IT,IT,southern_europe,25_34,female,self_employed,usable_complete,TRUE,TRUE,32,0.9104511276997724,0.7338850639378263,0.9042901256045337,0.5779308301983895,0.43236791440749167,0.708693190197175,1.0727706673210093,0.6294820273353888,0.6524024675072057
DIEGO,2963,DIEGO,EUROPE,106,diego__diego_106,diego,Survey_September2023_cleaned,Survey_September2023_cleaned.xlsx,diego_106,NA,NA,IT,IT,southern_europe,45_54,other,employed,usable_complete_limited_metadata,TRUE,TRUE,32,0.7675482918590932,1.122442458875206,0.807344965972771,0.42097866508930587,1.972334317931364,0.7294443058440855,1.0782401870351288,1.981460975230237,0.7758520123690379
DIEGO,2964,DIEGO,EUROPE,107,diego__diego_107,diego,Survey_September2023_cleaned,Survey_September2023_cleaned.xlsx,diego_107,NA,NA,IT,IT,southern_europe,25_34,male,employed,usable_complete,TRUE,TRUE,32,0.7670698996640207,0.6259305001467629,0.8842079377915504,0.38318981693929904,1.287830988881721,1.0921348891220912,0.7518203883283853,0.48714797097922524,0.7753499566447339
DIEGO,2965,DIEGO,EUROPE,108,diego__diego_108,diego,Survey_September2023_cleaned,Survey_September2023_cleaned.xlsx,diego_108,NA,NA,IT,IT,southern_europe,18_24,male,employed,usable_complete,TRUE,TRUE,32,0.8092147693574105,0.7377024181929324,0.6849216799714745,0.3707364847024903,0.27894083246115114,1.1428351850696057,0.9385965345841052,1.4434788875644875,1.083268564233245
DIEGO,2966,DIEGO,EUROPE,109,diego__diego_109,diego,Survey_September2023_cleaned,Survey_September2023_cleaned.xlsx,diego_109,NA,NA,IT,IT,southern_europe,18_24,female,student,usable_complete,TRUE,TRUE,32,0.9293294216381767,0.9439804098671446,0.5978076533047536,1.0239402991322153,0.32248345592664546,1.2319238222859634,0.8380814290835611,0.5459241736409316,0.46326579992127637
DIEGO,2967,DIEGO,EUROPE,110,diego__diego_110,diego,Survey_September2023_cleaned,Survey_September2023_cleaned.xlsx,diego_110,NA,NA,GR,GR,southern_europe,25_34,male,employed,usable_complete,TRUE,TRUE,32,0.9019954109113245,1.1383924394904172,0.9605390992599421,1.0066797928817648,0.06816845827451123,0.5313781579855354,0.8322648749028904,0.8074869994916517,0.49696213550868196
DIEGO,2968,DIEGO,EUROPE,111,diego__diego_111,diego,Survey_September2023_cleaned,Survey_September2023_cleaned.xlsx,diego_111,NA,NA,ES,ES,southern_europe,45_54,female,self_employed,usable_complete,TRUE,TRUE,32,0.27870798761561916,0.9376711501953716,0.8577905689090084,0.5871409267404983,0.7270283860882153,0.5362150939745903,0.8413855889228078,0.5381480812948913,0.3266398482174351
DIEGO,2969,DIEGO,EUROPE,112,diego__diego_112,diego,Survey_September2023_cleaned,Survey_September2023_cleaned.xlsx,diego_112,NA,NA,IT,IT,southern_europe,18_24,female,student,usable_complete,TRUE,TRUE,32,0.9169839557363347,0.46418756533424144,1.0053571641449595,0.42270547735153635,0.5664287074586204,0.7101208362335256,0.7104363295906846,0.7755276504533049,0.4055375200865257
DIEGO,2970,DIEGO,EUROPE,113,diego__diego_113,diego,Survey_September2023_cleaned,Survey_September2023_cleaned.xlsx,diego_113,NA,NA,IT,IT,southern_europe,18_24,male,employed,usable_complete,TRUE,TRUE,32,1.0327915419835183,0.8652667278895722,1.1603273525300748,0.9193924059315685,0.6394136684366277,0.34754764987194753,1.4486634759899988,0.7151149019233217,1.775693810931091
DIEGO,2971,DIEGO,EUROPE,114,diego__diego_114,diego,Survey_September2023_cleaned,Survey_September2023_cleaned.xlsx,diego_114,NA,NA,ES,ES,southern_europe,18_24,male,student,usable_complete,TRUE,TRUE,32,0.8252253118645648,0.7573895673849824,1.438783618709769,0.8630340181588559,1.133847682067473,1.244159617408566,0.7632218496215796,0.552881724040656,1.1101050970420467
DIEGO,2972,DIEGO,EUROPE,115,diego__diego_115,diego,Survey_September2023_cleaned,Survey_September2023_cleaned.xlsx,diego_115,NA,NA,ES,ES,southern_europe,25_34,male,employed,usable_complete,TRUE,TRUE,32,0.3993704520998838,0.7699416896801415,0.9294074208025531,0.4659810995271552,1.0174219600961412,1.0234285699797576,0.9034924106285599,1.1200560767754333,0.37000855818756156
DIEGO,2973,DIEGO,EUROPE,116,diego__diego_116,diego,Survey_September2023_cleaned,Survey_September2023_cleaned.xlsx,diego_116,NA,NA,IT,IT,southern_europe,45_54,female,employed,usable_complete,TRUE,TRUE,32,0.5974928907170298,1.2369735827630282,0.8479951544331182,0.8776108768736305,0.8828711343712106,0.6710080452190584,0.9161382509223074,0.9060696292652538,1.1276679447796811
DIEGO,2974,DIEGO,EUROPE,117,diego__diego_117,diego,Survey_September2023_cleaned,Survey_September2023_cleaned.xlsx,diego_117,NA,NA,IT,IT,southern_europe,65_plus,female,employed,usable_complete,TRUE,TRUE,32,0.5609800980285706,0.8184473612962941,0.9181847201277336,1.041178255691112,0.758348642140357,0.5227643067950407,0.6258254262865203,0.7251541049503123,0.9387309198651931
DIEGO,2975,DIEGO,EUROPE,118,diego__diego_118,diego,Survey_September2023_cleaned,Survey_September2023_cleaned.xlsx,diego_118,NA,NA,ES,ES,southern_europe,25_34,male,employed,usable_complete,TRUE,TRUE,32,0.8632536277971143,0.8720697561998361,0.8119496277281744,0.9371636150327273,0.8777611264313187,1.0979869063702647,0.5582476038569147,0.6291310248881549,0.7607333269980384
DIEGO,2976,DIEGO,EUROPE,119,diego__diego_119,diego,Survey_September2023_cleaned,Survey_September2023_cleaned.xlsx,diego_119,NA,NA,IT,IT,southern_europe,25_34,female,self_employed,usable_complete,TRUE,TRUE,32,0.7639984406928403,0.3774293871571152,0.401971495116631,0.567901693414886,0.5439598149652123,1.0875767481495404,1.1169714690532484,1.0460039989413084,0.3620916762112249
DIEGO,2977,DIEGO,EUROPE,120,diego__diego_120,diego,Survey_September2023_cleaned,Survey_September2023_cleaned.xlsx,diego_120,NA,NA,IT,IT,southern_europe,18_24,female,employed,usable_complete,TRUE,TRUE,32,1.1235224547682543,0.9696259882423581,0.3411310704952322,0.6524135950778897,0.3837341275508309,0.6961680351748297,0.5088946649262787,0.44233496783473036,0.2200825479754971
DIEGO,2978,DIEGO,EUROPE,121,diego__diego_121,diego,Survey_September2023_cleaned,Survey_September2023_cleaned.xlsx,diego_121,NA,NA,ES,ES,southern_europe,25_34,female,employed,usable_complete,TRUE,TRUE,32,0.7119985832204561,1.2033463227570107,0.7176142097654298,0.5758296343984096,0.6174517057631099,1.3854358022940647,0.8695455462196877,0.8261172308643653,0.8713978345987874
DIEGO,2979,DIEGO,EUROPE,122,diego__diego_122,diego,Survey_September2023_cleaned,Survey_September2023_cleaned.xlsx,diego_122,NA,NA,ES,ES,southern_europe,18_24,female,employed,usable_complete,TRUE,TRUE,32,1.488319030881286,0.9391147855679229,0.644044367798607,1.353519212588333,1.3397310392614994,1.244582147420283,1.1224847328633398,1.1279588191363572,0.41862038012086733
DIEGO,2980,DIEGO,EUROPE,123,diego__diego_123,diego,Survey_September2023_cleaned,Survey_September2023_cleaned.xlsx,diego_123,NA,NA,IT,IT,southern_europe,25_34,female,employed,usable_complete,TRUE,TRUE,32,0.7459124820634455,1.1095703621936448,1.0590300516778925,0.5422030305476244,0.7125516555664138,0.4278995091495734,0.9836641316398188,0.5631521508528189,0.4778123313574806
DIEGO,2981,DIEGO,EUROPE,124,diego__diego_124,diego,Survey_September2023_cleaned,Survey_September2023_cleaned.xlsx,diego_124,NA,NA,IT,IT,southern_europe,25_34,female,student,usable_complete,TRUE,TRUE,32,0.8268048090871832,0.6715096903351746,0.6754804147471692,0.70406583711755,0.5005631632791641,0.8448479345999926,0.7984449420203518,0.68690928361108,1.0226780483188334
DIEGO,2982,DIEGO,EUROPE,125,diego__diego_125,diego,Survey_September2023_cleaned,Survey_September2023_cleaned.xlsx,diego_125,NA,NA,ES,ES,southern_europe,45_54,male,self_employed,usable_complete,TRUE,TRUE,32,0.6807234316431915,0.6863163509994394,1.0000053845298558,1.3523455936675572,1.0193421910199558,1.1706167463075088,0.9194116757602359,0.7600474239419768,1.255372284803613
DIEGO,2983,DIEGO,EUROPE,126,diego__diego_126,diego,Survey_September2023_cleaned,Survey_September2023_cleaned.xlsx,diego_126,NA,NA,IT,IT,southern_europe,18_24,male,student,usable_complete,TRUE,TRUE,32,0.9701108939771099,0.6592856382577983,0.6551862850772994,0.793902759739658,0.2746571532712202,0.9656339734470861,1.2130662767738178,0.7877397166055998,1.006953422055176
DIEGO,2984,DIEGO,EUROPE,127,diego__diego_127,diego,Survey_September2023_cleaned,Survey_September2023_cleaned.xlsx,diego_127,NA,NA,IT,IT,southern_europe,25_34,female,student,usable_complete,TRUE,TRUE,32,0.7598489127765138,0.8476431980517072,0.8135907464493153,0.9327132993640724,0.08918208715243747,0.5262273651602136,0.48661220493239765,0.7528983121876426,1.9256559693245598
DIEGO,2985,DIEGO,EUROPE,128,diego__diego_128,diego,Survey_September2023_cleaned,Survey_September2023_cleaned.xlsx,diego_128,NA,NA,IT,IT,southern_europe,18_24,female,student,usable_complete,TRUE,TRUE,32,1.348172006959995,1.0836868547735028,1.0111031133629864,0.6429038154607184,0.7570970793369829,0.8652483919133718,0.8880304051441614,0.6314358765312184,0.8513932481270468
DIEGO,2986,DIEGO,EUROPE,129,diego__diego_129,diego,Survey_September2023_cleaned,Survey_September2023_cleaned.xlsx,diego_129,NA,NA,IT,IT,southern_europe,45_54,male,employed,usable_complete,TRUE,TRUE,32,0.9580256143362986,0.6752237451562251,0.5730318756571972,0.8608462807189577,0.9066495876232658,0.4806222177471806,0.8394194166152193,0.8542339018012552,1.0496244260568812
DIEGO,2987,DIEGO,EUROPE,130,diego__diego_130,diego,Survey_September2023_cleaned,Survey_September2023_cleaned.xlsx,diego_130,NA,NA,GR,GR,southern_europe,25_34,male,self_employed,usable_complete,TRUE,TRUE,32,0.902555519001312,0.46680241905970155,0.6344157759057721,0.5763671402576594,1.2174066628953701,0.7708679070759872,0.6801088965258171,0.9032781519642362,0.7294478010957569
DIEGO,2988,DIEGO,EUROPE,131,diego__diego_131,diego,Survey_September2023_cleaned,Survey_September2023_cleaned.xlsx,diego_131,NA,NA,ES,ES,southern_europe,25_34,male,employed,usable_complete,TRUE,TRUE,32,1.007648957899809,0.7796469433072537,0.830699883772159,0.7679924807010337,1.329993304534835,0.89063068482271,0.9479527136039385,0.5867741110744001,1.9956864033616366
DIEGO,2989,DIEGO,EUROPE,132,diego__diego_132,diego,Survey_September2023_cleaned,Survey_September2023_cleaned.xlsx,diego_132,NA,NA,IT,IT,southern_europe,65_plus,male,retired,usable_complete,TRUE,TRUE,32,0.9061440709678683,0.45032183115115454,0.7918809724452841,0.5397557090687505,1.5201310103444854,1.0164001575755166,0.5656298947349516,1.0810587990459866,0.5499501883001919
DIEGO,2990,DIEGO,EUROPE,133,diego__diego_133,diego,Survey_September2023_cleaned,Survey_September2023_cleaned.xlsx,diego_133,NA,NA,IT,IT,southern_europe,18_24,male,employed,usable_complete,TRUE,TRUE,32,0.4896445053154669,0.7111283953708953,1.3658968096400752,0.7390862127455259,1.0683983877246783,0.3789328608321373,0.6200151335633365,1.1212412987562923,1.0569160220445357
DIEGO,2991,DIEGO,EUROPE,134,diego__diego_134,diego,Survey_September2023_cleaned,Survey_September2023_cleaned.xlsx,diego_134,NA,NA,IT,IT,southern_europe,25_34,male,unemployed,usable_complete,TRUE,TRUE,32,0.2924086722209452,0.5094838566751255,0.5869043143508439,0.9519256544274658,0.9336027410305607,1.6468948643712435,1.2777090766204244,0.4415068802713542,1.0849206707435695
DIEGO,2992,DIEGO,EUROPE,135,diego__diego_135,diego,Survey_September2023_cleaned,Survey_September2023_cleaned.xlsx,diego_135,NA,NA,ES,ES,southern_europe,25_34,male,unemployed,usable_complete,TRUE,TRUE,32,0.627003236865961,0.6490810997536125,1.0192704208437173,0.4284950704184613,0.5846863105335943,1.7293957767475385,0.8860170390072242,0.5438041591267346,0.5701751715462139
DIEGO,2993,DIEGO,EUROPE,136,diego__diego_136,diego,Survey_September2023_cleaned,Survey_September2023_cleaned.xlsx,diego_136,NA,NA,GR,GR,southern_europe,18_24,female,student,usable_complete,TRUE,TRUE,32,1.0173305214333568,0.7577305806955749,0.9031139040548556,0.7592083880545929,1.4301379809986738,0.7771879276663918,0.6864300414814648,0.6401410394667127,0.6366854484346076
DIEGO,2994,DIEGO,EUROPE,137,diego__diego_137,diego,Survey_September2023_cleaned,Survey_September2023_cleaned.xlsx,diego_137,NA,NA,GR,GR,southern_europe,18_24,male,employed,usable_complete,TRUE,TRUE,32,0.5452564000779156,0.554787721694713,0.9758426341818913,0.9141304475375899,0.6858653183398232,0.7048890537621865,0.7151285497097899,1.0237642206446829,1.3115619523928737
DIEGO,2995,DIEGO,EUROPE,138,diego__diego_138,diego,Survey_September2023_cleaned,Survey_September2023_cleaned.xlsx,diego_138,NA,NA,IT,IT,southern_europe,18_24,other,student,usable_complete_limited_metadata,TRUE,TRUE,32,0.4042678335296633,0.7122478245336681,0.9175651353931681,0.8273954640214741,0.8337012737821605,0.45866156660681706,0.9067508240502431,0.9088088535393487,1.0464320510184106
DIEGO,2996,DIEGO,EUROPE,139,diego__diego_139,diego,Survey_September2023_cleaned,Survey_September2023_cleaned.xlsx,diego_139,NA,NA,IT,IT,southern_europe,45_54,female,employed,usable_complete,TRUE,TRUE,32,0.8269637880744545,1.3265571308010233,1.0465598907604927,0.356852933527084,0.7328584547943789,0.6512090214221768,0.6263149650823558,0.8210723438984187,1.322340866495925
DIEGO,2997,DIEGO,EUROPE,140,diego__diego_140,diego,Survey_September2023_cleaned,Survey_September2023_cleaned.xlsx,diego_140,NA,NA,IT,IT,southern_europe,18_24,male,employed,usable_complete,TRUE,TRUE,32,0.5101259934113376,0.24961487946791502,0.7468616218483054,0.4655422111304297,0.5655355416958662,0.6910063336777829,0.5967637629512552,0.6106237649963487,0.5186209521358582
DIEGO,2998,DIEGO,EUROPE,141,diego__diego_141,diego,Survey_September2023_cleaned,Survey_September2023_cleaned.xlsx,diego_141,NA,NA,GR,GR,southern_europe,45_54,male,employed,usable_complete,TRUE,TRUE,32,0.5050068285829432,0.31598329150673155,1.17933884266176,0.27832879021157986,0.41414420618464287,1.311355985289578,1.2014880230877574,0.4296526565919243,0.8959363208425846
DIEGO,2999,DIEGO,EUROPE,142,diego__diego_142,diego,Survey_September2023_cleaned,Survey_September2023_cleaned.xlsx,diego_142,NA,NA,IT,IT,southern_europe,25_34,female,student,usable_complete,TRUE,TRUE,32,0.5258996723757856,0.6483648453304002,0.9737521437198005,0.8124721108597187,0.9231742844344151,1.3104617797246383,0.6539299865070876,0.47399329896435627,0.7658596492930223
DIEGO,3000,DIEGO,EUROPE,143,diego__diego_143,diego,Survey_September2023_cleaned,Survey_September2023_cleaned.xlsx,diego_143,NA,NA,IT,IT,southern_europe,18_24,male,unemployed,usable_complete,TRUE,TRUE,32,0.7451927320858414,0.6124888370544702,0.6299276388549508,0.6247527580277111,1.1379696453924848,0.7496613292283806,1.0356062023051196,0.786359250422343,1.3742972968896634
DIEGO,3001,DIEGO,EUROPE,144,diego__diego_144,diego,Survey_September2023_cleaned,Survey_September2023_cleaned.xlsx,diego_144,NA,NA,IT,IT,southern_europe,25_34,male,employed,usable_complete,TRUE,TRUE,32,0.831471292869292,1.0426853266764644,0.831308861573277,1.1357614553441941,0.46400796821239526,0.8205266375953839,0.46980695341595935,0.4086387296573573,0.7466849136229688
DIEGO,3002,DIEGO,EUROPE,145,diego__diego_145,diego,Survey_September2023_cleaned,Survey_September2023_cleaned.xlsx,diego_145,NA,NA,GR,GR,southern_europe,45_54,female,unemployed,usable_complete,TRUE,TRUE,32,1.2613702391175785,0.9366632023225102,0.5180475081667322,1.080611426723719,0.8168585629331027,1.0670284392604392,1.196912877208128,0.8163323732515257,1.0751110988862476
DIEGO,3003,DIEGO,EUROPE,146,diego__diego_146,diego,Survey_September2023_cleaned,Survey_September2023_cleaned.xlsx,diego_146,NA,NA,IT,IT,southern_europe,25_34,male,student,usable_complete,TRUE,TRUE,32,0.9046203833449273,0.6492139270645827,0.9606415551090259,1.0130262773530243,0.9942095052008837,0.6581813113881837,0.4083138427411524,1.460934407699838,0.12340251120019817
DIEGO,3004,DIEGO,EUROPE,147,diego__diego_147,diego,Survey_September2023_cleaned,Survey_September2023_cleaned.xlsx,diego_147,NA,NA,IT,IT,southern_europe,45_54,female,employed,usable_complete,TRUE,TRUE,32,1.0864442558707361,0.4294151834897588,0.8491424546232977,1.155146473562672,1.0742434356377855,1.0192424997731222,0.9441338930801164,0.7023482261694216,0.9080696082321966
DIEGO,3005,DIEGO,EUROPE,148,diego__diego_148,diego,Survey_September2023_cleaned,Survey_September2023_cleaned.xlsx,diego_148,NA,NA,IT,IT,southern_europe,18_24,female,student,usable_complete,TRUE,TRUE,32,0.5732590425784558,0.48350961330500536,0.6821029896808162,0.6305977833150168,0.5513080972043543,0.6832448180427102,1.1975749828242912,0.8733667992559528,0.9314150984755736
DIEGO,3006,DIEGO,EUROPE,149,diego__diego_149,diego,Survey_September2023_cleaned,Survey_September2023_cleaned.xlsx,diego_149,NA,NA,IT,IT,southern_europe,45_54,male,employed,usable_complete,TRUE,TRUE,32,0.73544909616047,0.7655387937823942,0.4688320369420003,0.45860201921648236,1.2928477011020278,0.2535574336573127,0.5858168088630464,0.9653522219492049,0.23876918143488754
DIEGO,3007,DIEGO,EUROPE,150,diego__diego_150,diego,Survey_September2023_cleaned,Survey_September2023_cleaned.xlsx,diego_150,NA,NA,ES,ES,southern_europe,25_34,female,employed,usable_complete,TRUE,TRUE,32,0.47843621831740457,0.8984888618976832,1.0566011624287817,0.5710717772420412,1.2378970840292685,1.259867220668235,1.2432725055918579,0.7902092198957881,0.7522532152630613
DIEGO,3008,DIEGO,EUROPE,151,diego__diego_151,diego,Survey_September2023_cleaned,Survey_September2023_cleaned.xlsx,diego_151,NA,NA,IT,IT,southern_europe,18_24,female,student,usable_complete,TRUE,TRUE,32,0.755406234434737,0.33447616322918083,0.7432160314346943,0.7307045446859958,0.5695609767821636,0.9615824847908825,1.3048446032796395,0.982120842626211,0.8625992710489454
DIEGO,3009,DIEGO,EUROPE,152,diego__diego_152,diego,Survey_September2023_cleaned,Survey_September2023_cleaned.xlsx,diego_152,NA,NA,GR,GR,southern_europe,25_34,male,employed,usable_complete,TRUE,TRUE,32,0.5721179074480656,0.5914171589709882,0.7427390436899562,1.682321468042333,0.3349330549055438,1.166668677160058,1.2357087639784812,1.214257482817559,1.1191793652208604
DIEGO,3010,DIEGO,EUROPE,153,diego__diego_153,diego,Survey_September2023_cleaned,Survey_September2023_cleaned.xlsx,diego_153,NA,NA,ES,ES,southern_europe,45_54,male,employed,usable_complete,TRUE,TRUE,32,0.80818019243915,1.0382308628677148,0.8345419119045104,0.8376399717398116,0.5078222652507133,0.8946639668059292,0.7338765261543156,1.0614989617373365,0.9252338686389756
DIEGO,3011,DIEGO,EUROPE,154,diego__diego_154,diego,Survey_September2023_cleaned,Survey_September2023_cleaned.xlsx,diego_154,NA,NA,GR,GR,southern_europe,25_34,male,unemployed,usable_complete,TRUE,TRUE,32,1.0089634706749433,0.20400253229469562,0.6943164842143419,1.3051217693262855,0.8414909674126889,0.7006272679197607,0.7197150816303751,0.38261697307821624,1.367530453209605
DIEGO,3012,DIEGO,EUROPE,155,diego__diego_155,diego,Survey_September2023_cleaned,Survey_September2023_cleaned.xlsx,diego_155,NA,NA,ES,ES,southern_europe,25_34,male,employed,usable_complete,TRUE,TRUE,32,0.4101406441567111,1.0292726811961541,0.5615159791811098,0.6809203020992823,0.7346163789798528,0.6240339481611139,0.7356205123042961,0.3890386116579279,0.6134539442600584
DIEGO,3013,DIEGO,EUROPE,156,diego__diego_156,diego,Survey_September2023_cleaned,Survey_September2023_cleaned.xlsx,diego_156,NA,NA,IT,IT,southern_europe,25_34,female,self_employed,usable_complete,TRUE,TRUE,32,0.886337599021598,0.47705064512603335,0.6256624790677344,0.9518133885691312,0.7268499046151147,0.51674150799568,0.6605466189343101,0.9646061736152172,0.2987346561580569
DIEGO,3014,DIEGO,EUROPE,157,diego__diego_157,diego,Survey_September2023_cleaned,Survey_September2023_cleaned.xlsx,diego_157,NA,NA,IT,IT,southern_europe,25_34,male,employed,usable_complete,TRUE,TRUE,32,0.7385090140925413,0.7485477304369561,0.896474568049293,0.9096922122492778,0.9647111335115401,0.8152236359660301,0.7860029028381058,0.766915559205966,0.7337407601165382
DIEGO,3015,DIEGO,EUROPE,158,diego__diego_158,diego,Survey_September2023_cleaned,Survey_September2023_cleaned.xlsx,diego_158,NA,NA,GR,GR,southern_europe,25_34,female,employed,usable_complete,TRUE,TRUE,32,0.8459711610069847,0.7795509898702672,0.7116423189361252,0.9789866550302094,0.3281469449962351,0.46989096859088375,1.058930950122299,0.573061644687638,0.803451474829735
DIEGO,3016,DIEGO,EUROPE,159,diego__diego_159,diego,Survey_September2023_cleaned,Survey_September2023_cleaned.xlsx,diego_159,NA,NA,ES,ES,southern_europe,45_54,male,employed,usable_complete,TRUE,TRUE,32,0.8061236612267867,0.7468936089583271,0.655840250272644,0.5447872011870414,1.1415297137131986,0.6819264196998409,0.7018643147219198,1.1287648258982383,1.2504566385594515
DIEGO,3017,DIEGO,EUROPE,160,diego__diego_160,diego,Survey_September2023_cleaned,Survey_September2023_cleaned.xlsx,diego_160,NA,NA,ES,ES,southern_europe,25_34,female,employed,usable_complete,TRUE,TRUE,32,0.9541420574418752,0.9887083043406842,0.9960735764890559,1.0504351101213387,1.2941047360556612,0.8612920710090326,1.1013902169346932,0.08056770625560014,1.099934584523385
DIEGO,3018,DIEGO,EUROPE,161,diego__diego_161,diego,Survey_September2023_cleaned,Survey_September2023_cleaned.xlsx,diego_161,NA,NA,GR,GR,southern_europe,25_34,male,employed,usable_complete,TRUE,TRUE,32,0.2940502159185374,1.01320528934034,0.5741512839402574,0.6256255007299495,0.8442413126591273,0.8288115701747827,0.7917897492475923,0.8298854352400719,0.6636571601435394
DIEGO,3019,DIEGO,EUROPE,162,diego__diego_162,diego,Survey_September2023_cleaned,Survey_September2023_cleaned.xlsx,diego_162,NA,NA,ES,ES,southern_europe,18_24,male,employed,usable_complete,TRUE,TRUE,32,0.8754083230775538,0.8620907714012258,0.7482951665220309,0.3197799196671437,0.5182386695255196,0.33803576742004554,0.4729981191476842,1.24922993874116,0.4290875378371772
DIEGO,3020,DIEGO,EUROPE,163,diego__diego_163,diego,Survey_September2023_cleaned,Survey_September2023_cleaned.xlsx,diego_163,NA,NA,IT,IT,southern_europe,18_24,female,student,usable_complete,TRUE,TRUE,32,0.5507037699805934,0.6549031382314445,0.8239684753859583,0.7251183681849752,0.36665155401680827,0.6556388862664837,0.9867523002230267,1.0999410863798211,0.8916869862032011
DIEGO,3021,DIEGO,EUROPE,164,diego__diego_164,diego,Survey_September2023_cleaned,Survey_September2023_cleaned.xlsx,diego_164,NA,NA,IT,IT,southern_europe,18_24,female,employed,usable_complete,TRUE,TRUE,32,0.7292287006879565,0.8893185929104049,1.396836877513789,1.4581579815570638,0.9511218179248377,1.7186575075790151,0.2661762982938305,0.7875181036763946,0.34233201785057477
DIEGO,3022,DIEGO,EUROPE,165,diego__diego_165,diego,Survey_September2023_cleaned,Survey_September2023_cleaned.xlsx,diego_165,NA,NA,IT,IT,southern_europe,25_34,female,employed,usable_complete,TRUE,TRUE,32,1.0411623784590427,0.8632924840429604,0.8559308580414331,1.3783738423513199,0.9516022316932438,0.9083364022105611,0.8677007604090299,0.6346288611363163,0.8284306929887172
DIEGO,3023,DIEGO,EUROPE,166,diego__diego_166,diego,Survey_September2023_cleaned,Survey_September2023_cleaned.xlsx,diego_166,NA,NA,IT,IT,southern_europe,45_54,female,self_employed,usable_complete,TRUE,TRUE,32,0.9824452323804177,0.511657388165814,0.8267622663305765,0.19864437935608584,0.39816449813782323,0.31763003096948383,1.0402891968438355,0.4840753077057593,0.3529214795700024
DIEGO,3024,DIEGO,EUROPE,167,diego__diego_167,diego,Survey_September2023_cleaned,Survey_September2023_cleaned.xlsx,diego_167,NA,NA,IT,IT,southern_europe,25_34,male,student,usable_complete,TRUE,TRUE,32,0.5881575704050267,0.8726742240490863,0.5302355558636198,0.47527311327825045,1.0525436735189921,0.5732156441268252,0.7805876641704496,0.819936031819546,1.2581243303202696
DIEGO,3025,DIEGO,EUROPE,168,diego__diego_168,diego,Survey_September2023_cleaned,Survey_September2023_cleaned.xlsx,diego_168,NA,NA,GR,GR,southern_europe,18_24,unknown,employed,usable_complete_limited_metadata,TRUE,TRUE,32,1.13046854311809,0.8348121428514679,0.934877772033901,1.1505102513904246,0.9815129655803377,0.6034528002593688,1.2437125682775023,1.1076027532721018,1.5466311445973724
DIEGO,3026,DIEGO,EUROPE,169,diego__diego_169,diego,Survey_September2023_cleaned,Survey_September2023_cleaned.xlsx,diego_169,NA,NA,GR,GR,southern_europe,25_34,male,employed,usable_complete,TRUE,TRUE,32,1.0399150132287154,0.46790062136759175,0.7841796562889672,0.8512736702724163,1.1278057797449137,0.4595361312355062,0.5571315698414576,0.4090835141185898,0.9313368030234226
DIEGO,3027,DIEGO,EUROPE,170,diego__diego_170,diego,Survey_September2023_cleaned,Survey_September2023_cleaned.xlsx,diego_170,NA,NA,IT,IT,southern_europe,18_24,male,student,usable_complete,TRUE,TRUE,32,0.6900462268835947,0.5812699615430367,0.44926819502227966,0.9844436396376723,0.46063885167904817,0.8817010790555864,1.0550187457475941,0.776010350311203,0.675318999840245
DIEGO,3028,DIEGO,EUROPE,171,diego__diego_171,diego,Survey_September2023_cleaned,Survey_September2023_cleaned.xlsx,diego_171,NA,NA,GR,GR,southern_europe,25_34,male,employed,usable_complete,TRUE,TRUE,32,0.8807242150987276,0.7973587141656214,0.78644477431113,0.5134959403765545,0.5601972876462102,1.2367271077962185,0.7351657574437634,1.03511767580573,1.3134612260430878
DIEGO,3029,DIEGO,EUROPE,172,diego__diego_172,diego,Survey_September2023_cleaned,Survey_September2023_cleaned.xlsx,diego_172,NA,NA,IT,IT,southern_europe,25_34,male,unemployed,usable_complete,TRUE,TRUE,32,0.8176461774061101,1.0729442153628348,1.0128139263834268,1.3835700668785806,0.715139987802112,0.6352337022657465,0.4200892421457123,0.5938220160229852,0.5412533812193052
DIEGO,3030,DIEGO,EUROPE,173,diego__diego_173,diego,Survey_September2023_cleaned,Survey_September2023_cleaned.xlsx,diego_173,NA,NA,IT,IT,southern_europe,18_24,male,student,usable_complete,TRUE,TRUE,32,0.8740592267774664,1.0646603182516414,0.6215202064314138,0.8491035045976334,0.28790370300865736,0.865909536198969,0.9220718929529393,0.7515399421194088,0.5235813850140854
DIEGO,3031,DIEGO,EUROPE,174,diego__diego_174,diego,Survey_September2023_cleaned,Survey_September2023_cleaned.xlsx,diego_174,NA,NA,ES,ES,southern_europe,18_24,female,employed,usable_complete,TRUE,TRUE,32,0.8127037502690063,0.656199185968608,0.9625302474448697,0.502847941994093,1.0536952744148214,0.8035072812356929,0.491464302850871,0.7426986019559311,0.7874199878793601
DIEGO,3032,DIEGO,EUROPE,175,diego__diego_175,diego,Survey_September2023_cleaned,Survey_September2023_cleaned.xlsx,diego_175,NA,NA,ES,ES,southern_europe,18_24,female,student,usable_complete,TRUE,TRUE,32,0.791483162677701,1.1520846676929646,1.0005331016616479,0.24724352116483184,0.8635741216426392,0.544977178683075,0.8367904982719472,1.2512814607008862,1.1101710276606829
DIEGO,3033,DIEGO,EUROPE,176,diego__diego_176,diego,Survey_September2023_cleaned,Survey_September2023_cleaned.xlsx,diego_176,NA,NA,IT,IT,southern_europe,18_24,female,student,usable_complete,TRUE,TRUE,32,0.5450110742904077,1.0707700259705202,0.8167706346797854,0.9293508937267375,1.1786411513374695,0.7668968218579609,0.32680284113478725,0.47107031929616755,1.5508031824333957
DIEGO,3034,DIEGO,EUROPE,177,diego__diego_177,diego,Survey_September2023_cleaned,Survey_September2023_cleaned.xlsx,diego_177,NA,NA,IT,IT,southern_europe,25_34,male,employed,usable_complete,TRUE,TRUE,32,1.2536355539050585,0.8790269569891082,0.6907567012216576,0.7054451314239408,0.5831423860202497,0.5353072628481487,0.34707823329671567,0.3522263888702259,0.4115979803343283
DIEGO,3035,DIEGO,EUROPE,178,diego__diego_178,diego,Survey_September2023_cleaned,Survey_September2023_cleaned.xlsx,diego_178,NA,NA,ES,ES,southern_europe,45_54,female,employed,usable_complete,TRUE,TRUE,32,0.5743762548644129,1.2454062703011832,0.474217619588301,1.138885883958633,0.7407038910225703,0.7849541309771386,0.9104364576390156,0.902691709653911,1.1296844188012414
DIEGO,3036,DIEGO,EUROPE,179,diego__diego_179,diego,Survey_September2023_cleaned,Survey_September2023_cleaned.xlsx,diego_179,NA,NA,ES,ES,southern_europe,25_34,male,employed,usable_complete,TRUE,TRUE,32,0.7053909852645768,0.8400144785036953,1.0257149558626772,0.746787594126717,0.994276545059414,0.6832452917384351,1.0640175786698898,0.8528045968031286,0.9984690478973184
DIEGO,3037,DIEGO,EUROPE,180,diego__diego_180,diego,Survey_September2023_cleaned,Survey_September2023_cleaned.xlsx,diego_180,NA,NA,GR,GR,southern_europe,25_34,male,self_employed,usable_complete,TRUE,TRUE,32,0.8020947446419349,0.6765375638540161,0.9036290920202574,1.0938019386426991,0.8508002824030428,1.0611258435725381,0.5373371641491576,1.5485378882986032,0.3798905748306044
DIEGO,3038,DIEGO,EUROPE,181,diego__diego_181,diego,Survey_September2023_cleaned,Survey_September2023_cleaned.xlsx,diego_181,NA,NA,IT,IT,southern_europe,18_24,male,employed,usable_complete,TRUE,TRUE,32,1.1550852000742622,1.0874022517833295,0.6953582397508454,0.5527986649508821,0.6580408429565876,0.7995998698432442,1.146952188031852,0.9744473894187607,1.336051242719745
DIEGO,3039,DIEGO,EUROPE,182,diego__diego_182,diego,Survey_September2023_cleaned,Survey_September2023_cleaned.xlsx,diego_182,NA,NA,IT,IT,southern_europe,25_34,female,self_employed,usable_complete,TRUE,TRUE,32,0.8804450938893807,0.7162922324781986,0.5977908862327695,0.6159791977721659,0.591691979376416,0.6712656075096075,0.7284237753949767,0.8689935453191241,1.1447335481131837
DIEGO,3040,DIEGO,EUROPE,183,diego__diego_183,diego,Survey_September2023_cleaned,Survey_September2023_cleaned.xlsx,diego_183,NA,NA,IT,IT,southern_europe,18_24,male,student,usable_complete,TRUE,TRUE,32,1.310044015140564,0.9140663990895115,0.4718338348772632,0.9329118342550768,0.9652494175954404,1.632197792255731,0.41729867972856394,0.8585586600284949,0.21802025081059687
DIEGO,3041,DIEGO,EUROPE,184,diego__diego_184,diego,Survey_September2023_cleaned,Survey_September2023_cleaned.xlsx,diego_184,NA,NA,IT,IT,southern_europe,18_24,female,student,usable_complete,TRUE,TRUE,32,0.9981933470906602,0.7580369462776092,1.0083736454602126,0.7993865537579364,1.458274865574217,1.193070593968502,0.6412360385426032,0.5199791547009354,0.9996344799497967
DIEGO,3042,DIEGO,EUROPE,185,diego__diego_185,diego,Survey_September2023_cleaned,Survey_September2023_cleaned.xlsx,diego_185,NA,NA,IT,IT,southern_europe,25_34,female,employed,usable_complete,TRUE,TRUE,32,0.5343643456102328,0.8498419498733826,0.7956077485343466,0.5674572669860375,0.9524070572647909,1.0032904905053794,0.2338002310782102,0.5220156076180222,0.9511306959354024
DIEGO,3043,DIEGO,EUROPE,186,diego__diego_186,diego,Survey_September2023_cleaned,Survey_September2023_cleaned.xlsx,diego_186,NA,NA,ES,ES,southern_europe,45_54,male,employed,usable_complete,TRUE,TRUE,32,0.8159622884083932,0.4335421227937901,0.6526485120793541,0.9227470883147455,1.1040658057720354,0.30975265746134156,1.2239519228444837,1.3481664209961541,1.132129334326763
DIEGO,3044,DIEGO,EUROPE,187,diego__diego_187,diego,Survey_September2023_cleaned,Survey_September2023_cleaned.xlsx,diego_187,NA,NA,ES,ES,southern_europe,25_34,male,employed,usable_complete,TRUE,TRUE,32,0.7051101217206176,0.36156763635164,0.6453192672121729,0.5902188094051651,0.3145743138021079,0.6207144582517273,0.6713588305967991,0.6084328906861922,1.135592097993816
DIEGO,3045,DIEGO,EUROPE,188,diego__diego_188,diego,Survey_September2023_cleaned,Survey_September2023_cleaned.xlsx,diego_188,NA,NA,ES,ES,southern_europe,18_24,female,student,usable_complete,TRUE,TRUE,32,0.8938239977175186,0.8809716380646218,0.5312878336767899,0.4163013767806744,0.932446961211745,0.8109697148265591,1.2332619644746197,1.1182545385078602,0.3801150233716125
DIEGO,3046,DIEGO,EUROPE,189,diego__diego_189,diego,Survey_September2023_cleaned,Survey_September2023_cleaned.xlsx,diego_189,NA,NA,ES,ES,southern_europe,45_54,male,employed,usable_complete,TRUE,TRUE,32,1.0043694674613153,1.062339876238447,0.8086019845067204,1.2320610959858642,0.08382530217303294,0.9447554455450555,0.6858541022389314,0.9358612397886473,0.7184154003085892
DIEGO,3047,DIEGO,EUROPE,190,diego__diego_190,diego,Survey_September2023_cleaned,Survey_September2023_cleaned.xlsx,diego_190,NA,NA,ES,ES,southern_europe,45_54,male,employed,usable_complete,TRUE,TRUE,32,0.6698970925446108,0.8540687122195179,1.1285070980375673,0.8461538427842307,0.9949903226086252,1.4605018576030608,0.973425031387795,0.7541335416712348,0.5863082897602425
DIEGO,3048,DIEGO,EUROPE,191,diego__diego_191,diego,Survey_September2023_cleaned,Survey_September2023_cleaned.xlsx,diego_191,NA,NA,ES,ES,southern_europe,45_54,male,self_employed,usable_complete,TRUE,TRUE,32,0.36691723308579244,0.38607977680182853,0.5488394820600729,1.2400976839093278,0.7654788602663889,1.0107304580003849,0.9194454138715547,0.6212709697661261,0.3032138865108709
DIEGO,3049,DIEGO,EUROPE,192,diego__diego_192,diego,Survey_September2023_cleaned,Survey_September2023_cleaned.xlsx,diego_192,NA,NA,ES,ES,southern_europe,25_34,female,student,usable_complete,TRUE,TRUE,32,1.0322629020364342,0.840369983976504,0.8723695425598432,0.9359868962975555,1.122185114080983,0.6014292370304692,0.7553754490846634,1.3316045348154473,1.3153488983544073
DIEGO,3050,DIEGO,EUROPE,193,diego__diego_193,diego,Survey_September2023_cleaned,Survey_September2023_cleaned.xlsx,diego_193,NA,NA,IT,IT,southern_europe,18_24,male,student,usable_complete,TRUE,TRUE,32,1.5190073979878536,0.5687528078645823,0.8634067521674931,0.5890763056304744,1.0741249028691309,0.3695407135345166,1.171009909217865,0.5502990475871267,0.24727931950304077
DIEGO,3051,DIEGO,EUROPE,194,diego__diego_194,diego,Survey_September2023_cleaned,Survey_September2023_cleaned.xlsx,diego_194,NA,NA,IT,IT,southern_europe,18_24,male,student,usable_complete,TRUE,TRUE,32,0.7584565072310742,1.4747532737417703,0.9393814279243058,1.0176652664532388,1.082072291058234,0.32678479437602703,0.9979349056059507,0.30222107467291076,1.1546050325550332
DIEGO,3052,DIEGO,EUROPE,195,diego__diego_195,diego,Survey_September2023_cleaned,Survey_September2023_cleaned.xlsx,diego_195,NA,NA,ES,ES,southern_europe,45_54,female,employed,usable_complete,TRUE,TRUE,32,0.7948530295820562,0.7423618869177276,0.8082410973482539,0.6912878059139224,0.3219731077448987,0.8813402095427072,0.5106315852895726,0.3639496314120305,0.7571932409651141
DIEGO,3053,DIEGO,EUROPE,196,diego__diego_196,diego,Survey_September2023_cleaned,Survey_September2023_cleaned.xlsx,diego_196,NA,NA,IT,IT,southern_europe,25_34,male,employed,usable_complete,TRUE,TRUE,32,0.8137583872732891,0.8989914918943702,1.117490892817867,1.2442972596872024,0.6172116657286841,0.8900247112147379,0.9688392621712228,1.858710385890024,0.7192767636273849
DIEGO,3054,DIEGO,EUROPE,197,diego__diego_197,diego,Survey_September2023_cleaned,Survey_September2023_cleaned.xlsx,diego_197,NA,NA,GR,GR,southern_europe,25_34,male,employed,usable_complete,TRUE,TRUE,32,0.44604233228388007,1.067492140187736,1.0283833230949848,0.9059314038445807,0.09723636090349312,1.7126570355804251,1.0136754761182911,0.6702342975410289,0.5792672223027134
DIEGO,3055,DIEGO,EUROPE,198,diego__diego_198,diego,Survey_September2023_cleaned,Survey_September2023_cleaned.xlsx,diego_198,NA,NA,ES,ES,southern_europe,25_34,male,employed,usable_complete,TRUE,TRUE,32,0.6011936732190049,1.0490623713529983,0.6525632667042609,0.3515221347362782,1.3819286129898052,0.765836966637296,0.6781204731245538,0.2517586294093141,0.38102565762039176
DIEGO,3056,DIEGO,EUROPE,199,diego__diego_199,diego,Survey_September2023_cleaned,Survey_September2023_cleaned.xlsx,diego_199,NA,NA,IT,IT,southern_europe,18_24,female,student,usable_complete,TRUE,TRUE,32,0.2926787088787929,0.6558013397359754,0.9435820427359125,1.2624742812426852,0.7296613398031891,0.7589334095822512,0.9492912832253971,1.074892284911111,0.5015774811661208
DIEGO,3057,DIEGO,EUROPE,200,diego__diego_200,diego,Survey_September2023_cleaned,Survey_September2023_cleaned.xlsx,diego_200,NA,NA,GR,GR,southern_europe,65_plus,female,employed,usable_complete,TRUE,TRUE,32,0.7935319654648556,0.30827905373680525,0.6001648726994111,1.0795319810525703,0.6638104067621247,0.9330432830908415,0.8414796240852344,1.1494543222658395,1.1551318740208605
DIEGO,3058,DIEGO,EUROPE,201,diego__diego_201,diego,Survey_September2023_cleaned,Survey_September2023_cleaned.xlsx,diego_201,NA,NA,IT,IT,southern_europe,18_24,male,student,usable_complete,TRUE,TRUE,32,1.056234263993585,1.1056755680495125,0.8573926410164363,1.3781740882806863,0.965735781952941,0.12196261300757573,0.7629218105077035,0.6387731482587188,0.2546690263276624
DIEGO,3059,DIEGO,EUROPE,202,diego__diego_202,diego,Survey_September2023_cleaned,Survey_September2023_cleaned.xlsx,diego_202,NA,NA,IT,IT,southern_europe,25_34,male,employed,usable_complete,TRUE,TRUE,32,1.4580080244809397,0.8006476423115082,0.535285524647126,0.6293661081061587,1.2759902576627447,0.21418817559160286,1.0024768673146962,0.9429552263891835,1.3496018082966366
DIEGO,3060,DIEGO,EUROPE,203,diego__diego_203,diego,Survey_September2023_cleaned,Survey_September2023_cleaned.xlsx,diego_203,NA,NA,IT,IT,southern_europe,18_24,female,student,usable_complete,TRUE,TRUE,32,0.9219928082742337,1.2705909584760053,0.7354118729751282,1.1230005968180217,0.7164756627302691,0.8696255164276204,1.0072087109278125,0.7506157806702839,0.9098595175468295
DIEGO,3061,DIEGO,EUROPE,204,diego__diego_204,diego,Survey_September2023_cleaned,Survey_September2023_cleaned.xlsx,diego_204,NA,NA,ES,ES,southern_europe,45_54,male,employed,usable_complete,TRUE,TRUE,32,1.0723918936543955,0.77119129175254,0.398058950671488,1.0087173160300407,0.19167659949637889,1.098348426091373,0.9512602125230256,1.1115835488686734,1.0689690904052327
DIEGO,3062,DIEGO,EUROPE,205,diego__diego_205,diego,Survey_September2023_cleaned,Survey_September2023_cleaned.xlsx,diego_205,NA,NA,ES,ES,southern_europe,18_24,male,employed,usable_complete,TRUE,TRUE,32,0.506543086455615,1.1517961004937594,1.0663039180133391,0.9417283856630277,0.8537090560625054,1.0954428342870484,0.675180150359879,1.2547225467712946,0.894249871833063
DIEGO,3063,DIEGO,EUROPE,206,diego__diego_206,diego,Survey_September2023_cleaned,Survey_September2023_cleaned.xlsx,diego_206,NA,NA,ES,ES,southern_europe,25_34,male,employed,usable_complete,TRUE,TRUE,32,0.8405051331789751,0.32431949548529176,0.5571075476810039,0.726806655379304,1.2303672049635708,0.773862679603266,0.9876869645466307,0.4382893625197171,1.0596948537097188
DIEGO,3064,DIEGO,EUROPE,207,diego__diego_207,diego,Survey_September2023_cleaned,Survey_September2023_cleaned.xlsx,diego_207,NA,NA,IT,IT,southern_europe,18_24,male,retired,usable_complete,TRUE,TRUE,32,1.8102254442193182,0.9904390863176632,1.359074406542706,0.6925703943681981,1.282363012032937,1.088350867652352,1.051724335704939,1.612799783514812,1.1073339162984008
DIEGO,3065,DIEGO,EUROPE,208,diego__diego_208,diego,Survey_September2023_cleaned,Survey_September2023_cleaned.xlsx,diego_208,NA,NA,GR,GR,southern_europe,65_plus,male,self_employed,usable_complete,TRUE,TRUE,32,0.5872656498424701,0.5549853292902438,0.8743673684266839,0.980404776325163,1.29534846445967,0.9054058001944624,1.0978198256250535,0.6798648053396072,1.2046733189194456
DIEGO,3066,DIEGO,EUROPE,209,diego__diego_209,diego,Survey_September2023_cleaned,Survey_September2023_cleaned.xlsx,diego_209,NA,NA,ES,ES,southern_europe,25_34,female,unemployed,usable_complete,TRUE,TRUE,32,1.2378447399667758,0.7424266208998211,0.9868956250644818,0.3824725069468989,1.0679855731496475,1.30239597505578,0.6939662403294665,0.6998857093873861,1.6499570928917113
DIEGO,3067,DIEGO,EUROPE,210,diego__diego_210,diego,Survey_September2023_cleaned,Survey_September2023_cleaned.xlsx,diego_210,NA,NA,GR,GR,southern_europe,18_24,male,student,usable_complete,TRUE,TRUE,32,0.9515337831100336,0.658990468058029,0.7331283472298338,1.0138544097481288,0.936747190745383,1.1903352369210825,0.9218512492980828,0.20607828496721736,0.6163351134124884
DIEGO,3068,DIEGO,EUROPE,211,diego__diego_211,diego,Survey_September2023_cleaned,Survey_September2023_cleaned.xlsx,diego_211,NA,NA,IT,IT,southern_europe,45_54,female,employed,usable_complete,TRUE,TRUE,32,0.4268343629580851,0.6068206705443326,0.6500933613954558,1.101926372903087,1.7860229201792923,0.9604891709643184,0.6836762057771183,0.7635752686768856,0.7190111796993013
DIEGO,3069,DIEGO,EUROPE,212,diego__diego_212,diego,Survey_September2023_cleaned,Survey_September2023_cleaned.xlsx,diego_212,NA,NA,GR,GR,southern_europe,25_34,female,employed,usable_complete,TRUE,TRUE,32,0.9028464927802563,0.8628231037364793,1.2899839082148765,0.7076724529539238,0.44882555545040337,1.1081615509738978,0.6421013578339949,0.5278673865831628,0.6165998976215613
DIEGO,3070,DIEGO,EUROPE,213,diego__diego_213,diego,Survey_September2023_cleaned,Survey_September2023_cleaned.xlsx,diego_213,NA,NA,IT,IT,southern_europe,25_34,female,student,usable_complete,TRUE,TRUE,32,1.1649451110626061,0.7795564097253245,0.6897583886572367,0.9812363058774688,1.827208170625798,0.45890389883617355,0.684625406998616,0.672252533965359,1.4333194133735159
DIEGO,3071,DIEGO,EUROPE,214,diego__diego_214,diego,Survey_September2023_cleaned,Survey_September2023_cleaned.xlsx,diego_214,NA,NA,ES,ES,southern_europe,25_34,female,unemployed,usable_complete,TRUE,TRUE,32,0.820943152697887,0.5654884654691249,0.8445640378436764,0.5609825338142347,0.9711504576380481,1.868563807331593,0.6216250631368034,0.6793365416191088,0.9287996225539528
DIEGO,3072,DIEGO,EUROPE,215,diego__diego_215,diego,Survey_September2023_cleaned,Survey_September2023_cleaned.xlsx,diego_215,NA,NA,IT,IT,southern_europe,25_34,male,employed,usable_complete,TRUE,TRUE,32,0.4682649281290169,0.6444996640981074,1.288911185176728,0.48129788156395764,0.5367594217538845,1.407257687035687,0.9533178691726611,0.5747859289472604,0.6236899442850593
DIEGO,3073,DIEGO,EUROPE,216,diego__diego_216,diego,Survey_September2023_cleaned,Survey_September2023_cleaned.xlsx,diego_216,NA,NA,IT,IT,southern_europe,45_54,female,employed,usable_complete,TRUE,TRUE,32,0.7170953267196951,0.7256841286673625,1.0263658260159423,0.4735936606764362,1.042016438765324,0.2742118036306088,0.9515526883217363,0.4725583464267198,0.7667102973556938
DIEGO,3074,DIEGO,EUROPE,217,diego__diego_217,diego,Survey_September2023_cleaned,Survey_September2023_cleaned.xlsx,diego_217,NA,NA,ES,ES,southern_europe,45_54,male,employed,usable_complete,TRUE,TRUE,32,0.7473527390158758,1.2405018594126727,0.6694668841465103,1.0444719661256416,1.0057284808181925,0.4739514027055274,0.8355720909486779,0.8109190661761785,0.7871539492102726
DIEGO,3075,DIEGO,EUROPE,218,diego__diego_218,diego,Survey_September2023_cleaned,Survey_September2023_cleaned.xlsx,diego_218,NA,NA,ES,ES,southern_europe,18_24,female,student,usable_complete,TRUE,TRUE,32,0.836784059154148,0.795956763023959,1.068698239398722,0.9784421059306854,0.058258974473685124,0.8538191249018108,0.7806533294964295,1.037170961114607,0.9937501467207321
DIEGO,3076,DIEGO,EUROPE,219,diego__diego_219,diego,Survey_September2023_cleaned,Survey_September2023_cleaned.xlsx,diego_219,NA,NA,IT,IT,southern_europe,25_34,male,employed,usable_complete,TRUE,TRUE,32,1.0872133300524514,1.109125721988287,0.46702070263242534,0.5592741742440527,0.664236270346227,1.0879623372414464,0.8670921886130014,0.7823599670895129,1.565016884463157
DIEGO,3077,DIEGO,EUROPE,220,diego__diego_220,diego,Survey_September2023_cleaned,Survey_September2023_cleaned.xlsx,diego_220,NA,NA,IT,IT,southern_europe,25_34,male,employed,usable_complete,TRUE,TRUE,32,0.9759939672625608,0.8847230866029009,0.5936658441951516,0.6795416352440444,1.0802602344505399,0.8405952344711738,0.6013654031449992,1.7171442694620431,1.0266913473361357
DIEGO,3078,DIEGO,EUROPE,221,diego__diego_221,diego,Survey_September2023_cleaned,Survey_September2023_cleaned.xlsx,diego_221,NA,NA,ES,ES,southern_europe,18_24,male,employed,usable_complete,TRUE,TRUE,32,0.8352531768368633,0.6716514100924558,1.2340550692056023,1.0445651615639917,0.8769049967339166,0.550943171636165,0.7828138980155448,0.9193701933175241,1.6054019653536782
DIEGO,3079,DIEGO,EUROPE,222,diego__diego_222,diego,Survey_September2023_cleaned,Survey_September2023_cleaned.xlsx,diego_222,NA,NA,GR,GR,southern_europe,25_34,male,employed,usable_complete,TRUE,TRUE,32,0.6827085935168984,1.352166198274414,0.8615564404695581,0.863170132775012,1.7462009084688175,1.0242339187298022,0.6368126927311855,1.268310859449749,0.8661364155393776
DIEGO,3080,DIEGO,EUROPE,223,diego__diego_223,diego,Survey_September2023_cleaned,Survey_September2023_cleaned.xlsx,diego_223,NA,NA,GR,GR,southern_europe,18_24,female,student,usable_complete,TRUE,TRUE,32,0.35918997259285995,0.893186484686858,1.0638342250662975,0.48205058648986165,0.23682811147784727,0.6648622109956218,0.616450338164465,1.2113145983517717,1.3154017818876238
DIEGO,3081,DIEGO,EUROPE,224,diego__diego_224,diego,Survey_September2023_cleaned,Survey_September2023_cleaned.xlsx,diego_224,NA,NA,ES,ES,southern_europe,18_24,male,employed,usable_complete,TRUE,TRUE,32,0.9661727235759475,0.680227487743073,1.0784218028177386,0.1668387466364325,1.4246901188759171,1.5256312144201387,0.8971831338047608,0.9462074139106612,0.7658079535995941
DIEGO,3082,DIEGO,EUROPE,225,diego__diego_225,diego,Survey_September2023_cleaned,Survey_September2023_cleaned.xlsx,diego_225,NA,NA,IT,IT,southern_europe,45_54,female,self_employed,usable_complete,TRUE,TRUE,32,0.8152899207991184,0.7220851937707238,0.9185479131585419,1.3399410842255695,1.6658564572087045,1.0936048547254176,1.1037031618987876,1.6543355325695746,0.286428147968808
DIEGO,3083,DIEGO,EUROPE,226,diego__diego_226,diego,Survey_September2023_cleaned,Survey_September2023_cleaned.xlsx,diego_226,NA,NA,ES,ES,southern_europe,25_34,female,unemployed,usable_complete,TRUE,TRUE,32,0.6712854058182469,0.9043447325844094,0.521798937752062,1.0013994978595064,0.6218826315811283,0.8371428533904018,0.874406760153375,0.9375295517303447,1.122922762204531
DIEGO,3084,DIEGO,EUROPE,227,diego__diego_227,diego,Survey_September2023_cleaned,Survey_September2023_cleaned.xlsx,diego_227,NA,NA,ES,ES,southern_europe,25_34,other,unemployed,usable_complete_limited_metadata,TRUE,TRUE,32,0.8611358136709361,0.6358722992722173,0.7983529951120973,0.4530514905158946,1.0549278870053136,1.000573701446727,1.264919482848088,0.9303675043442275,0.9672008139329249
DIEGO,3085,DIEGO,EUROPE,228,diego__diego_228,diego,Survey_September2023_cleaned,Survey_September2023_cleaned.xlsx,diego_228,NA,NA,IT,IT,southern_europe,18_24,male,student,usable_complete,TRUE,TRUE,32,0.70480150680222,0.6656709469399809,0.6952306228192366,0.8125202097769323,0.489938101727863,0.8526605750196223,0.5984782463877257,0.6856462274110289,0.7947188260758176
DIEGO,3086,DIEGO,EUROPE,229,diego__diego_229,diego,Survey_September2023_cleaned,Survey_September2023_cleaned.xlsx,diego_229,NA,NA,ES,ES,southern_europe,18_24,other,student,usable_complete_limited_metadata,TRUE,TRUE,32,0.3924166457694269,1.0571082011960025,0.6663122279700973,0.9234947829275265,0.9290185004363357,1.2427315859434926,0.7899155308315187,0.8047629292896296,0.6904912985475187
DIEGO,3087,DIEGO,EUROPE,230,diego__diego_230,diego,Survey_September2023_cleaned,Survey_September2023_cleaned.xlsx,diego_230,NA,NA,IT,IT,southern_europe,45_54,male,employed,usable_complete,TRUE,TRUE,32,1.050822946464116,0.43000014523849117,0.8663336332396501,1.074845766971708,0.7277755203985999,1.0827040236551677,0.6568453645635217,0.8951606084794071,1.589312594710937
DIEGO,3088,DIEGO,EUROPE,231,diego__diego_231,diego,Survey_September2023_cleaned,Survey_September2023_cleaned.xlsx,diego_231,NA,NA,IT,IT,southern_europe,45_54,male,self_employed,usable_complete,TRUE,TRUE,32,0.5251248686934419,1.1493346567571658,0.4884185821584932,0.46068998939506683,0.4220557708387248,0.5276204135282846,0.49943049715423504,1.1862947622267683,1.2297645060925122
DIEGO,3089,DIEGO,EUROPE,232,diego__diego_232,diego,Survey_September2023_cleaned,Survey_September2023_cleaned.xlsx,diego_232,NA,NA,ES,ES,southern_europe,25_34,female,employed,usable_complete,TRUE,TRUE,32,0.6265280413616718,0.5685349241942496,0.4660988734226697,1.104992827149516,0.500097848334692,0.9354233342101415,0.6661126389017153,1.1053678090128007,0.9026875474088045
DIEGO,3090,DIEGO,EUROPE,233,diego__diego_233,diego,Survey_September2023_cleaned,Survey_September2023_cleaned.xlsx,diego_233,NA,NA,ES,ES,southern_europe,18_24,male,employed,usable_complete,TRUE,TRUE,32,0.9618693300661111,0.7451481544062946,0.5233384132064935,0.8646974100436116,0.8446438496432171,0.5887416382160979,1.0550048218262487,0.9567095484590623,0.3577311187756992
DIEGO,3091,DIEGO,EUROPE,234,diego__diego_234,diego,Survey_September2023_cleaned,Survey_September2023_cleaned.xlsx,diego_234,NA,NA,ES,ES,southern_europe,25_34,female,student,usable_complete,TRUE,TRUE,32,1.449450601942678,1.076966994375495,0.660484137676274,0.39127730075217393,0.6928529264231393,0.6820372962217498,0.5455143567303414,0.9379913427717949,1.3138787062049824
DIEGO,3092,DIEGO,EUROPE,235,diego__diego_235,diego,Survey_September2023_cleaned,Survey_September2023_cleaned.xlsx,diego_235,NA,NA,IT,IT,southern_europe,18_24,female,student,usable_complete,TRUE,TRUE,32,0.635093739917058,0.7405841090976265,0.8589780737010655,0.7570331341088218,0.6043212712615209,1.0685506100754285,1.5872308483856208,0.9805668215068387,1.4987182482029475
DIEGO,3093,DIEGO,EUROPE,236,diego__diego_236,diego,Survey_September2023_cleaned,Survey_September2023_cleaned.xlsx,diego_236,NA,NA,IT,IT,southern_europe,25_34,male,student,usable_complete,TRUE,TRUE,32,1.105323633298379,0.5106736523581774,0.7554418059421258,1.015021149482085,1.289449782054116,0.890871998143031,0.49834642463259693,0.9057350225986628,1.7854860034549909
DIEGO,3094,DIEGO,EUROPE,237,diego__diego_237,diego,Survey_September2023_cleaned,Survey_September2023_cleaned.xlsx,diego_237,NA,NA,IT,IT,southern_europe,25_34,female,employed,usable_complete,TRUE,TRUE,32,1.1205653135680063,0.7867860429586686,1.0477349132966105,1.419388217200545,0.5063002989213626,0.8524512395130183,0.9479574185735963,1.271532572113794,0.43196700789189146
DIEGO,3095,DIEGO,EUROPE,238,diego__diego_238,diego,Survey_September2023_cleaned,Survey_September2023_cleaned.xlsx,diego_238,NA,NA,ES,ES,southern_europe,25_34,female,self_employed,usable_complete,TRUE,TRUE,32,0.46705982701899,0.5648227128044755,1.2391294314035797,0.8279134235173077,1.1164571644788521,0.6319441231327214,1.1571381333235533,0.6554936422155936,0.4396658693647916
DIEGO,3096,DIEGO,EUROPE,239,diego__diego_239,diego,Survey_September2023_cleaned,Survey_September2023_cleaned.xlsx,diego_239,NA,NA,IT,IT,southern_europe,25_34,male,employed,usable_complete,TRUE,TRUE,32,0.7674537626809027,0.7744192633345597,0.7808307160118387,0.22790091108144975,0.38910337991720745,0.6445851355926624,0.5157596740019795,1.316067789544339,0.08400790441191508
DIEGO,3097,DIEGO,EUROPE,240,diego__diego_240,diego,Survey_September2023_cleaned,Survey_September2023_cleaned.xlsx,diego_240,NA,NA,ES,ES,southern_europe,25_34,female,employed,usable_complete,TRUE,TRUE,32,1.0209066374669586,0.6986380495308036,0.6656564614006061,0.5869405669919824,1.5420943544985937,0.8862622651091623,0.5150193216693164,0.7031269294012183,1.195850836649931
DIEGO,3098,DIEGO,EUROPE,241,diego__diego_241,diego,Survey_September2023_cleaned,Survey_September2023_cleaned.xlsx,diego_241,NA,NA,ES,ES,southern_europe,25_34,male,employed,usable_complete,TRUE,TRUE,32,0.9592180317137581,0.8001649579377972,0.9612867209627515,0.46984001333707104,1.154614269910184,0.6334009521630152,1.0089097974225063,0.2239668354174792,0.5620348942588425
DIEGO,3099,DIEGO,EUROPE,242,diego__diego_242,diego,Survey_September2023_cleaned,Survey_September2023_cleaned.xlsx,diego_242,NA,NA,IT,IT,southern_europe,45_54,female,employed,usable_complete,TRUE,TRUE,32,0.9342130365845104,1.1123337473361496,0.44946002686162956,0.4785104567106567,0.4005372307981488,0.861284940882699,0.8014525020431753,0.9478160709330178,1.517715074936973
DIEGO,3100,DIEGO,EUROPE,243,diego__diego_243,diego,Survey_September2023_cleaned,Survey_September2023_cleaned.xlsx,diego_243,NA,NA,IT,IT,southern_europe,18_24,female,student,usable_complete,TRUE,TRUE,32,0.9648620910465575,1.2690694072458035,0.5878044758734593,0.6943558783802192,0.9492992352846092,1.0290153383809195,1.1583307446784012,1.006598195374715,1.2198846215076355
DIEGO,3101,DIEGO,EUROPE,244,diego__diego_244,diego,Survey_September2023_cleaned,Survey_September2023_cleaned.xlsx,diego_244,NA,NA,GR,GR,southern_europe,25_34,male,student,usable_complete,TRUE,TRUE,32,0.46707564895590503,0.6893999126699721,0.5063206301671435,0.6867971863162253,0.32710745344143266,0.3132001037321629,0.7001322662875505,0.9620973837968281,0.29138863618227795
DIEGO,3102,DIEGO,EUROPE,245,diego__diego_245,diego,Survey_September2023_cleaned,Survey_September2023_cleaned.xlsx,diego_245,NA,NA,ES,ES,southern_europe,25_34,female,employed,usable_complete,TRUE,TRUE,32,0.8397194467458414,1.1392883205351236,0.7497675045689339,0.8974695840293748,1.0303272750780992,0.7140357540342527,0.6424533566834315,0.3312447220241685,0.5990507270863876
DIEGO,3103,DIEGO,EUROPE,246,diego__diego_246,diego,Survey_September2023_cleaned,Survey_September2023_cleaned.xlsx,diego_246,NA,NA,ES,ES,southern_europe,18_24,male,student,usable_complete,TRUE,TRUE,32,0.7355061884031341,0.8869123335990509,1.1958169284030746,1.3912903035219568,1.9672301526895302,0.7661686442639082,0.7451704666475816,0.5409829428275031,1.090425923666905
DIEGO,3104,DIEGO,EUROPE,247,diego__diego_247,diego,Survey_September2023_cleaned,Survey_September2023_cleaned.xlsx,diego_247,NA,NA,ES,ES,southern_europe,45_54,male,employed,usable_complete,TRUE,TRUE,32,0.6488977474173949,0.41555959891340133,0.9124081697942932,0.8015576225406944,0.44163630203513116,0.6171161294775042,0.5087105781772474,1.0511154064142987,0.5205658622702358
DIEGO,3105,DIEGO,EUROPE,248,diego__diego_248,diego,Survey_September2023_cleaned,Survey_September2023_cleaned.xlsx,diego_248,NA,NA,ES,ES,southern_europe,25_34,male,unemployed,usable_complete,TRUE,TRUE,32,0.8014224659891708,0.736804838836395,0.9290910145811871,0.2293478886928255,1.1414821900192624,0.8870492316668409,0.4337048519465153,0.5398466756052364,0.5362308296827607
DIEGO,3106,DIEGO,EUROPE,249,diego__diego_249,diego,Survey_September2023_cleaned,Survey_September2023_cleaned.xlsx,diego_249,NA,NA,GR,GR,southern_europe,25_34,male,employed,usable_complete,TRUE,TRUE,32,0.7930847805693266,0.6725143358514758,0.48977915470167116,1.0315059217607472,0.5809516158570516,0.6673685268142397,0.6816183850357834,0.48812148992437404,0.09292583970876558
DIEGO,3107,DIEGO,EUROPE,250,diego__diego_250,diego,Survey_September2023_cleaned,Survey_September2023_cleaned.xlsx,diego_250,NA,NA,IT,IT,southern_europe,45_54,male,unemployed,usable_complete,TRUE,TRUE,32,0.902449016777447,0.5620132215137281,1.603225255428585,1.4569485734934282,1.004878305322456,0.607263749746548,0.7958011329664945,0.829880590874705,1.1462161018113326
DIEGO,3108,DIEGO,EUROPE,251,diego__diego_251,diego,Survey_September2023_cleaned,Survey_September2023_cleaned.xlsx,diego_251,NA,NA,IT,IT,southern_europe,18_24,male,student,usable_complete,TRUE,TRUE,32,0.8591768186415604,0.6775670853495277,1.0712750478186592,0.3647613045449036,0.8643816022717773,1.1752812982633911,0.8812168446259083,1.8936687386254734,0.7017724619520954
DIEGO,3109,DIEGO,EUROPE,252,diego__diego_252,diego,Survey_September2023_cleaned,Survey_September2023_cleaned.xlsx,diego_252,NA,NA,IT,IT,southern_europe,25_34,male,self_employed,usable_complete,TRUE,TRUE,32,0.9092829809371514,0.5268874687242886,0.8809337891521292,0.8247337160763722,1.126266307678588,0.6116818920537936,0.8583866736207298,0.40384952598825063,0.5748894142273873
DIEGO,3110,DIEGO,EUROPE,253,diego__diego_253,diego,Survey_September2023_cleaned,Survey_September2023_cleaned.xlsx,diego_253,NA,NA,IT,IT,southern_europe,25_34,female,employed,usable_complete,TRUE,TRUE,32,1.0660500510790978,0.4758748943665485,0.8842983585713029,1.2652465300700215,1.308308193312686,0.5191494355539364,1.1224741712989457,0.8975762658800394,0.839933791441022
DIEGO,3111,DIEGO,EUROPE,254,diego__diego_254,diego,Survey_September2023_cleaned,Survey_September2023_cleaned.xlsx,diego_254,NA,NA,IT,IT,southern_europe,25_34,male,student,usable_complete,TRUE,TRUE,32,0.7900640612279531,0.7162946691937124,1.0040791722426783,0.7385680047057152,0.47693505809681297,0.6985967572979067,0.7059089404977025,0.8613726741664683,0.297804583196593
DIEGO,3112,DIEGO,EUROPE,255,diego__diego_255,diego,Survey_September2023_cleaned,Survey_September2023_cleaned.xlsx,diego_255,NA,NA,GR,GR,southern_europe,25_34,male,employed,usable_complete,TRUE,TRUE,32,0.830773734140557,0.9685735676677583,0.48282272401263854,0.8548940901265923,0.31025867187043416,1.3197060625217079,0.4748337705936385,0.42701363133110276,0.6888121405038922
DIEGO,3113,DIEGO,EUROPE,256,diego__diego_256,diego,Survey_September2023_cleaned,Survey_September2023_cleaned.xlsx,diego_256,NA,NA,ES,ES,southern_europe,25_34,female,employed,usable_complete,TRUE,TRUE,32,0.435180288500426,0.7689927215395209,0.6019969290264172,0.878599252849794,0.6430883944590546,1.1743840790148914,0.7740084150732709,0.7275132088730775,0.16902805954010192
DIEGO,3114,DIEGO,EUROPE,257,diego__diego_257,diego,Survey_September2023_cleaned,Survey_September2023_cleaned.xlsx,diego_257,NA,NA,IT,IT,southern_europe,25_34,female,other,usable_complete,TRUE,TRUE,32,0.5094413729523743,1.0881915387830159,0.6888885507968949,0.734968145403875,0.9144431674734494,0.959494198869694,0.6207994857530017,1.258349693937073,0.6955618290687761
DIEGO,3115,DIEGO,EUROPE,258,diego__diego_258,diego,Survey_September2023_cleaned,Survey_September2023_cleaned.xlsx,diego_258,NA,NA,ES,ES,southern_europe,25_34,male,employed,usable_complete,TRUE,TRUE,32,1.0422927676801377,0.7163378234301593,0.7596151480362816,0.8861949086770825,1.537071655595751,0.845515521292193,1.2644010160837853,0.7182324307995859,0.9565044465569029
DIEGO,3116,DIEGO,EUROPE,259,diego__diego_259,diego,Survey_September2023_cleaned,Survey_September2023_cleaned.xlsx,diego_259,NA,NA,ES,ES,southern_europe,45_54,male,self_employed,usable_complete,TRUE,TRUE,32,0.5544071632831067,0.8814003648614543,1.3108788241170142,0.4076527029274885,0.9116128121529674,0.8599781514761395,0.8586878735451794,1.0162607416743024,0.3632261524027711
DIEGO,3117,DIEGO,EUROPE,260,diego__diego_260,diego,Survey_September2023_cleaned,Survey_September2023_cleaned.xlsx,diego_260,NA,NA,IT,IT,southern_europe,18_24,male,student,usable_complete,TRUE,TRUE,32,1.2531300236028398,0.9656507108247978,0.6954018014037675,0.6946097694527161,0.5350486443540948,0.8349292496388632,1.0048619842499356,1.3732095690773658,0.7124748113755195
DIEGO,3118,DIEGO,EUROPE,261,diego__diego_261,diego,Survey_September2023_cleaned,Survey_September2023_cleaned.xlsx,diego_261,NA,NA,GR,GR,southern_europe,18_24,male,student,usable_complete,TRUE,TRUE,32,0.8002096759063073,0.7121411660476511,0.7297103808140752,0.37359220584128855,1.26866509776159,0.9993684645050115,0.5484196873104804,0.8990322413407356,0.9645834738953867
DIEGO,3119,DIEGO,EUROPE,262,diego__diego_262,diego,Survey_September2023_cleaned,Survey_September2023_cleaned.xlsx,diego_262,NA,NA,GR,GR,southern_europe,25_34,male,self_employed,usable_complete,TRUE,TRUE,32,1.1841057247793019,1.088669393549973,0.9167892355987686,0.6207861149087864,0.7565155618659496,0.5998902925894609,0.7047398711299403,0.8780688569736329,1.6350586727070837
DIEGO,3120,DIEGO,EUROPE,263,diego__diego_263,diego,Survey_September2023_cleaned,Survey_September2023_cleaned.xlsx,diego_263,NA,NA,IT,IT,southern_europe,25_34,male,student,usable_complete,TRUE,TRUE,32,0.8546051808720325,0.3975455239010613,0.8301706052235444,0.6230868573200835,0.7253270908765124,0.7291102226108434,1.057573063743916,0.14142046022656363,0.612105722820939
DIEGO,3121,DIEGO,EUROPE,264,diego__diego_264,diego,Survey_September2023_cleaned,Survey_September2023_cleaned.xlsx,diego_264,NA,NA,IT,IT,southern_europe,45_54,male,employed,usable_complete,TRUE,TRUE,32,0.5840853482157484,0.4593091028103006,0.9504238392686206,0.7919073187702201,0.8351068072076393,0.7318212941641388,0.9510104001474613,0.3367369311656126,0.8887921569691417
DIEGO,3122,DIEGO,EUROPE,265,diego__diego_265,diego,Survey_September2023_cleaned,Survey_September2023_cleaned.xlsx,diego_265,NA,NA,IT,IT,southern_europe,25_34,female,employed,usable_complete,TRUE,TRUE,32,0.6937076007363004,1.2158408327498131,1.062464071981044,0.8804010505109331,0.4311181084983457,0.7703486321547268,0.8139333519450022,0.3018080376177598,0.9018618104275216
DIEGO,3123,DIEGO,EUROPE,266,diego__diego_266,diego,Survey_September2023_cleaned,Survey_September2023_cleaned.xlsx,diego_266,NA,NA,IT,IT,southern_europe,18_24,male,student,usable_complete,TRUE,TRUE,32,0.830877956486961,0.9911505481305095,1.0705574858757494,0.9171055293520229,0.6906729690835695,0.7878503431838859,0.9503325120439815,1.1453780593506226,0.48576229216898836
DIEGO,3124,DIEGO,EUROPE,267,diego__diego_267,diego,Survey_September2023_cleaned,Survey_September2023_cleaned.xlsx,diego_267,NA,NA,GR,GR,southern_europe,18_24,male,other,usable_complete,TRUE,TRUE,32,1.0847783440331145,0.6380997654281282,0.9580127602828465,0.5325026914597141,0.027475250216439685,1.1898730979873784,1.2111786983184634,0.35593047124531935,0.679525446257495
DIEGO,3125,DIEGO,EUROPE,268,diego__diego_268,diego,Survey_September2023_cleaned,Survey_September2023_cleaned.xlsx,diego_268,NA,NA,GR,GR,southern_europe,25_34,male,employed,usable_complete,TRUE,TRUE,32,0.6493959865299745,0.6856764662334158,1.0842722394165252,0.7445435238512875,0.5026799851230068,0.5769271742134173,0.7270456552046699,1.3980011402200698,0.659377953981283
DIEGO,3126,DIEGO,EUROPE,269,diego__diego_269,diego,Survey_September2023_cleaned,Survey_September2023_cleaned.xlsx,diego_269,NA,NA,IT,IT,southern_europe,18_24,male,student,usable_complete,TRUE,TRUE,32,1.3098745276301065,1.1860057204000438,1.0749904294164945,0.9351589098504318,1.636139020686855,0.1708897203083459,0.5650842116016985,0.8008649775197402,0.7668652561296003
DIEGO,3127,DIEGO,EUROPE,270,diego__diego_270,diego,Survey_September2023_cleaned,Survey_September2023_cleaned.xlsx,diego_270,NA,NA,ES,ES,southern_europe,25_34,male,unemployed,usable_complete,TRUE,TRUE,32,1.0745317268980152,1.0394149814613938,0.9103415525556079,0.8551151974889445,0.48925071720581215,0.6115190884862175,0.8484761818347154,1.4002868031959916,1.0472589577009104
DIEGO,3128,DIEGO,EUROPE,271,diego__diego_271,diego,Survey_September2023_cleaned,Survey_September2023_cleaned.xlsx,diego_271,NA,NA,IT,IT,southern_europe,25_34,male,unemployed,usable_complete,TRUE,TRUE,32,0.7044625544099743,0.6949930389793177,0.8634807532877706,0.6300728808196355,1.0851323745587105,1.4172748893487364,0.5468043796982848,0.9721770665328754,0.9123629917618434
DIEGO,3129,DIEGO,EUROPE,272,diego__diego_272,diego,Survey_September2023_cleaned,Survey_September2023_cleaned.xlsx,diego_272,NA,NA,IT,IT,southern_europe,65_plus,female,employed,usable_complete,TRUE,TRUE,32,0.9962228149511577,0.6846160427509018,0.6786004760122483,0.9830058944211527,0.8865483028902614,0.8175133025482012,0.9172306038134124,1.1953256568740482,1.426998186990804
DIEGO,3130,DIEGO,EUROPE,273,diego__diego_273,diego,Survey_September2023_cleaned,Survey_September2023_cleaned.xlsx,diego_273,NA,NA,ES,ES,southern_europe,18_24,female,student,usable_complete,TRUE,TRUE,32,0.8442980737695412,0.8888710016941042,1.067894779764505,0.7405436127946815,1.2375351992628325,0.9671302194172501,0.7236950776016169,0.5173441905058856,1.3187004129232682
DIEGO,3131,DIEGO,EUROPE,274,diego__diego_274,diego,Survey_September2023_cleaned,Survey_September2023_cleaned.xlsx,diego_274,NA,NA,IT,IT,southern_europe,25_34,male,employed,usable_complete,TRUE,TRUE,32,0.8093884173265927,0.7445863922192945,0.5866774113506575,0.5026671596822729,0.7621995883790519,0.7549239184392007,0.6663131655168008,0.9582327278759403,1.1196093472169584
DIEGO,3132,DIEGO,EUROPE,275,diego__diego_275,diego,Survey_September2023_cleaned,Survey_September2023_cleaned.xlsx,diego_275,NA,NA,IT,IT,southern_europe,25_34,female,self_employed,usable_complete,TRUE,TRUE,32,0.260431972001482,0.531203766635396,0.8307096424428693,1.0716960611625561,1.008717296037627,0.5908667489172214,1.1425428652554808,1.0665717365880922,1.637664083327859
DIEGO,3133,DIEGO,EUROPE,276,diego__diego_276,diego,Survey_September2023_cleaned,Survey_September2023_cleaned.xlsx,diego_276,NA,NA,ES,ES,southern_europe,25_34,male,unemployed,usable_complete,TRUE,TRUE,32,0.9810014445298008,0.8126257596411726,0.7388438485148525,0.8715758949432987,0.39330711793641887,0.5113870720465038,1.031804791195189,0.49747626412142704,0.35738048379568965
DIEGO,3134,DIEGO,EUROPE,277,diego__diego_277,diego,Survey_September2023_cleaned,Survey_September2023_cleaned.xlsx,diego_277,NA,NA,IT,IT,southern_europe,18_24,male,student,usable_complete,TRUE,TRUE,32,0.8186953226198068,0.7186440490331814,0.4397250487575593,0.9466909537760898,0.726703650153198,0.7425876145411379,0.521894869099047,0.564140256775298,0.7398944291872421
DIEGO,3135,DIEGO,EUROPE,278,diego__diego_278,diego,Survey_September2023_cleaned,Survey_September2023_cleaned.xlsx,diego_278,NA,NA,IT,IT,southern_europe,25_34,male,self_employed,usable_complete,TRUE,TRUE,32,0.5254081372036797,0.6417262113256856,0.8650825777948267,0.8508903286530209,0.46352525526962385,0.9989840365261147,0.7082332543575635,0.3790981058220275,1.0547023431616134
DIEGO,3136,DIEGO,EUROPE,279,diego__diego_279,diego,Survey_September2023_cleaned,Survey_September2023_cleaned.xlsx,diego_279,NA,NA,IT,IT,southern_europe,25_34,male,student,usable_complete,TRUE,TRUE,32,0.7895728215673761,1.0083477264266352,0.45242136498276997,0.5359577918698145,1.1733990929605518,0.8766137987707993,0.8003871883345448,1.132201592114579,0.7371453323309886
DIEGO,3137,DIEGO,EUROPE,280,diego__diego_280,diego,Survey_September2023_cleaned,Survey_September2023_cleaned.xlsx,diego_280,NA,NA,ES,ES,southern_europe,25_34,male,other,usable_complete,TRUE,TRUE,32,0.7248241372732589,0.9458391365053889,1.0075491090633106,0.7607811403008901,0.5575930137859114,0.8219501236344225,0.5462791295378089,1.0253341135650542,0.11304320084712575
DIEGO,3138,DIEGO,EUROPE,281,diego__diego_281,diego,Survey_September2023_cleaned,Survey_September2023_cleaned.xlsx,diego_281,NA,NA,IT,IT,southern_europe,18_24,female,student,usable_complete,TRUE,TRUE,32,0.46560816396329896,1.1676357383239055,0.6410593785001575,0.7229975490937101,1.1039061123109613,0.8884672817609893,0.8780396010507076,0.8486328945801448,0.8004146131234715
DIEGO,3139,DIEGO,EUROPE,282,diego__diego_282,diego,Survey_September2023_cleaned,Survey_September2023_cleaned.xlsx,diego_282,NA,NA,GR,GR,southern_europe,18_24,male,employed,usable_complete,TRUE,TRUE,32,0.9738251362952373,0.7376630277206744,0.8242006435765635,1.110501391913276,0.01950130135897433,1.0759488993267032,0.9770752820074489,0.7344472891267321,0.7418109277480731
DIEGO,3140,DIEGO,EUROPE,283,diego__diego_283,diego,Survey_September2023_cleaned,Survey_September2023_cleaned.xlsx,diego_283,NA,NA,ES,ES,southern_europe,18_24,female,student,usable_complete,TRUE,TRUE,32,0.6955682181101528,0.5214492802645783,0.7709503358982357,0.49559094844294155,1.1790698744006574,0.9141488871649104,0.9925701039877772,0.6583972251342733,0.759530358101838
DIEGO,3141,DIEGO,EUROPE,284,diego__diego_284,diego,Survey_September2023_cleaned,Survey_September2023_cleaned.xlsx,diego_284,NA,NA,ES,ES,southern_europe,18_24,female,student,usable_complete,TRUE,TRUE,32,1.2166385684534176,1.5050739478554895,0.5208506871007937,0.9459329433299107,0.3174373550776377,1.1323682486360322,0.5650473093501078,0.3752958561136767,0.5316155762911636
DIEGO,3142,DIEGO,EUROPE,285,diego__diego_285,diego,Survey_September2023_cleaned,Survey_September2023_cleaned.xlsx,diego_285,NA,NA,IT,IT,southern_europe,18_24,male,student,usable_complete,TRUE,TRUE,32,0.8378456072104095,0.7959540707315413,0.9165168257184402,0.33669500145541115,0.5257797277858167,1.212308252933082,0.9907310891677483,0.7469949980058063,0.3751987619659127
DIEGO,3143,DIEGO,EUROPE,286,diego__diego_286,diego,Survey_September2023_cleaned,Survey_September2023_cleaned.xlsx,diego_286,NA,NA,IT,IT,southern_europe,25_34,female,unemployed,usable_complete,TRUE,TRUE,32,0.764480845578474,0.35757628048494317,0.9396775731603582,0.9407330950882852,0.365359171658871,0.5270634861280761,0.9686829059006099,0.8863787354164491,1.4114503656742452
DIEGO,3144,DIEGO,EUROPE,287,diego__diego_287,diego,Survey_September2023_cleaned,Survey_September2023_cleaned.xlsx,diego_287,NA,NA,IT,IT,southern_europe,18_24,female,student,usable_complete,TRUE,TRUE,32,0.8401539145598833,0.6524722640373342,0.9449016562972499,0.84955495236877,1.2016764806003475,0.5017209194747605,0.6367268610375523,0.5936052546087854,0.6042762668643265
DIEGO,3145,DIEGO,EUROPE,288,diego__diego_288,diego,Survey_September2023_cleaned,Survey_September2023_cleaned.xlsx,diego_288,NA,NA,IT,IT,southern_europe,25_34,female,employed,usable_complete,TRUE,TRUE,32,0.506855840624476,0.7302084786967441,0.8899139267786271,0.5456674638811896,0.6546892618569049,0.7225341582780631,0.4994299719169023,0.4183400144734665,0.8064772797271843
DIEGO,3146,DIEGO,EUROPE,289,diego__diego_289,diego,Survey_September2023_cleaned,Survey_September2023_cleaned.xlsx,diego_289,NA,NA,GR,GR,southern_europe,25_34,female,self_employed,usable_complete,TRUE,TRUE,32,0.8464291630041086,0.514352993133615,0.3029152629302458,0.8936200326989345,1.3213966190291522,0.8434632076118096,0.5801882402676074,1.008303653348566,0.4836464369689455
DIEGO,3147,DIEGO,EUROPE,290,diego__diego_290,diego,Survey_September2023_cleaned,Survey_September2023_cleaned.xlsx,diego_290,NA,NA,ES,ES,southern_europe,25_34,male,employed,usable_complete,TRUE,TRUE,32,0.7970638162691412,0.9482650056291458,0.8556736135700784,0.8618668469586627,0.9369242389996617,0.9412964036686065,0.7695398048256566,0.7836965817654374,0.22084349129749972
DIEGO,3148,DIEGO,EUROPE,291,diego__diego_291,diego,Survey_September2023_cleaned,Survey_September2023_cleaned.xlsx,diego_291,NA,NA,ES,ES,southern_europe,18_24,female,other,usable_complete,TRUE,TRUE,32,0.5947778347637958,0.6958928633567356,0.9430961820815478,0.5287766378666822,0.9009252091189689,1.056713116738609,0.9732288625774906,0.7859306975152803,0.6732975734130152
DIEGO,3149,DIEGO,EUROPE,292,diego__diego_292,diego,Survey_September2023_cleaned,Survey_September2023_cleaned.xlsx,diego_292,NA,NA,ES,ES,southern_europe,25_34,female,student,usable_complete,TRUE,TRUE,32,0.521824158497771,0.45315139359611245,0.5227504018548158,0.7348179655530566,0.20018791247014653,0.9059234763413515,0.7253896771144014,1.074538291555493,1.0936985864148776
DIEGO,3150,DIEGO,EUROPE,293,diego__diego_293,diego,Survey_September2023_cleaned,Survey_September2023_cleaned.xlsx,diego_293,NA,NA,ES,ES,southern_europe,25_34,female,employed,usable_complete,TRUE,TRUE,32,0.34621807523533943,1.110131470658539,0.9079366991452126,0.9441165335062904,0.6058352410564151,1.1529766205958891,0.5279067435696884,0.17151616998978728,1.1635995333491005
DIEGO,3151,DIEGO,EUROPE,294,diego__diego_294,diego,Survey_September2023_cleaned,Survey_September2023_cleaned.xlsx,diego_294,NA,NA,IT,IT,southern_europe,25_34,male,employed,usable_complete,TRUE,TRUE,32,1.0912107196235454,1.214931414696609,0.9670565786977077,1.5971085920436376,0.03505877668348428,0.5885484891268188,1.3192214432131917,0.778763651746643,1.3034674242567257
DIEGO,3152,DIEGO,EUROPE,295,diego__diego_295,diego,Survey_September2023_cleaned,Survey_September2023_cleaned.xlsx,diego_295,NA,NA,ES,ES,southern_europe,25_34,female,employed,usable_complete,TRUE,TRUE,32,0.9279171457238007,1.1750831593118385,1.14913017135157,0.9092168836369847,1.7519146940068668,0.8330935016734782,0.900963525548983,0.9151517588558157,1.7825778121164977
DIEGO,3153,DIEGO,EUROPE,296,diego__diego_296,diego,Survey_September2023_cleaned,Survey_September2023_cleaned.xlsx,diego_296,NA,NA,IT,IT,southern_europe,18_24,female,unemployed,usable_complete,TRUE,TRUE,32,0.8326259610425497,0.6632339008183119,0.5296394753582195,0.49007099199285126,0.6696671772023248,0.6240203629715338,0.8604161783355095,0.9188153223286774,0.8499175820078997
DIEGO,3154,DIEGO,EUROPE,297,diego__diego_297,diego,Survey_September2023_cleaned,Survey_September2023_cleaned.xlsx,diego_297,NA,NA,ES,ES,southern_europe,18_24,female,unemployed,usable_complete,TRUE,TRUE,32,0.39236795358423554,1.0820097019703165,1.1797675894044493,1.093841838147706,1.204170299524705,1.0001469913549441,0.7724712055236503,0.6267987018508506,1.3361245429293551
DIEGO,3155,DIEGO,EUROPE,298,diego__diego_298,diego,Survey_September2023_cleaned,Survey_September2023_cleaned.xlsx,diego_298,NA,NA,IT,IT,southern_europe,18_24,male,employed,usable_complete,TRUE,TRUE,32,1.0279867766120463,1.1218833024920138,0.9266833303361567,0.5385979607733286,1.5777372166253338,0.7621452024771809,0.8898603148392358,0.7824955041478487,1.3831980171309461
DIEGO,3156,DIEGO,EUROPE,299,diego__diego_299,diego,Survey_September2023_cleaned,Survey_September2023_cleaned.xlsx,diego_299,NA,NA,IT,IT,southern_europe,45_54,male,self_employed,usable_complete,TRUE,TRUE,32,1.0026466833621743,0.7787546982036029,0.7505213829765791,0.8854376952090629,0.7986654357986104,0.37190722229378154,1.272730363741374,0.9974073848895356,0.7408645885330676
DIEGO,3157,DIEGO,EUROPE,300,diego__diego_300,diego,Survey_September2023_cleaned,Survey_September2023_cleaned.xlsx,diego_300,NA,NA,IT,IT,southern_europe,25_34,male,unemployed,usable_complete,TRUE,TRUE,32,0.28545492374881937,1.1836167374139432,0.8993201339463471,0.4514117500493883,0.6895801357241382,0.6024836862119491,1.1044912456655993,1.2039340997103696,0.5454662781777022
DIEGO,3158,DIEGO,EUROPE,301,diego__diego_301,diego,Survey_September2023_cleaned,Survey_September2023_cleaned.xlsx,diego_301,NA,NA,ES,ES,southern_europe,25_34,male,employed,usable_complete,TRUE,TRUE,32,1.2456512374980406,0.8527314072008069,1.0275754529768044,0.977974441944752,0.39361436044732556,0.6514015009820948,1.0083085184778713,0.23374810867301968,0.6211033863926106
DIEGO,3159,DIEGO,EUROPE,302,diego__diego_302,diego,Survey_September2023_cleaned,Survey_September2023_cleaned.xlsx,diego_302,NA,NA,ES,ES,southern_europe,25_34,male,unemployed,usable_complete,TRUE,TRUE,32,0.8787264281010709,0.9715113770389363,0.956261495714946,0.406914081611585,1.4570949229649108,0.661193759120486,1.0089149442397876,0.724835908655488,1.0322663014641313
DIEGO,3160,DIEGO,EUROPE,303,diego__diego_303,diego,Survey_September2023_cleaned,Survey_September2023_cleaned.xlsx,diego_303,NA,NA,IT,IT,southern_europe,45_54,female,self_employed,usable_complete,TRUE,TRUE,32,0.9467378284222627,0.4110452795281051,0.8250273141611512,0.3580873162925693,0.5575684167700636,0.9142286212954813,0.8263469671140646,0.9320826082270947,1.4974381787628435
DIEGO,3161,DIEGO,EUROPE,304,diego__diego_304,diego,Survey_September2023_cleaned,Survey_September2023_cleaned.xlsx,diego_304,NA,NA,GR,GR,southern_europe,18_24,female,student,usable_complete,TRUE,TRUE,32,0.6769970313084358,0.7474601156285345,0.7791325082725193,0.7177743664897025,0.6104667366643299,1.069511606857739,1.026963710584689,0.7266166973020584,0.27491775427597465
DIEGO,3162,DIEGO,EUROPE,305,diego__diego_305,diego,Survey_September2023_cleaned,Survey_September2023_cleaned.xlsx,diego_305,NA,NA,IT,IT,southern_europe,45_54,male,employed,usable_complete,TRUE,TRUE,32,0.5723187117971643,0.784672721244897,0.7701850563940271,0.6914358080406213,0.788713986223748,0.9499906457694586,0.7576152960382538,0.2032419062748241,1.365898627347663
DIEGO,3163,DIEGO,EUROPE,306,diego__diego_306,diego,Survey_September2023_cleaned,Survey_September2023_cleaned.xlsx,diego_306,NA,NA,IT,IT,southern_europe,25_34,male,unemployed,usable_complete,TRUE,TRUE,32,0.2658654771532691,1.223778898428802,1.1337770546960284,0.9705030245556235,0.9396682875496878,0.9144109064189228,0.7600488427580646,0.510568982800852,1.2353136246138732
DIEGO,3164,DIEGO,EUROPE,307,diego__diego_307,diego,Survey_September2023_cleaned,Survey_September2023_cleaned.xlsx,diego_307,NA,NA,ES,ES,southern_europe,18_24,female,student,usable_complete,TRUE,TRUE,32,0.7461474902646096,0.7457489330244634,0.8561466141630241,0.9762797398810427,0.926428500021529,0.9834438116248596,0.7690282278367336,0.7821672771204314,1.3724789366731884
DIEGO,3165,DIEGO,EUROPE,308,diego__diego_308,diego,Survey_September2023_cleaned,Survey_September2023_cleaned.xlsx,diego_308,NA,NA,GR,GR,southern_europe,25_34,male,employed,usable_complete,TRUE,TRUE,32,0.7153689551893494,0.9306870828801459,0.6638060521842133,1.2911273379007424,0.9825298533799243,0.4852592426541947,1.0104969989945511,0.8438834069661686,0.32182909847572716
DIEGO,3166,DIEGO,EUROPE,309,diego__diego_309,diego,Survey_September2023_cleaned,Survey_September2023_cleaned.xlsx,diego_309,NA,NA,ES,ES,southern_europe,25_34,male,self_employed,usable_complete,TRUE,TRUE,32,1.0732003047875875,1.438394814024803,1.2592413350575018,0.4018300486377746,0.4516889998479603,0.6663605408079342,0.8126833363589476,0.6428700823458621,0.8945335415924063
DIEGO,3167,DIEGO,EUROPE,310,diego__diego_310,diego,Survey_September2023_cleaned,Survey_September2023_cleaned.xlsx,diego_310,NA,NA,GR,GR,southern_europe,25_34,male,employed,usable_complete,TRUE,TRUE,32,1.9858939770992485,0.8279289788171823,1.13937179005836,0.4536214432482999,0.24116592264622694,0.9001922088641983,0.8605057687050186,0.7377043921046783,1.2059816030157102
DIEGO,3168,DIEGO,EUROPE,311,diego__diego_311,diego,Survey_September2023_cleaned,Survey_September2023_cleaned.xlsx,diego_311,NA,NA,ES,ES,southern_europe,18_24,female,student,usable_complete,TRUE,TRUE,32,0.72089568068303,0.4120551038718112,1.2267064933628251,1.0022391243838882,0.8130389181028216,0.7169824719957874,0.8348228333612727,1.0897528605727282,0.7366173356282268
DIEGO,3169,DIEGO,EUROPE,312,diego__diego_312,diego,Survey_September2023_cleaned,Survey_September2023_cleaned.xlsx,diego_312,NA,NA,ES,ES,southern_europe,25_34,male,employed,usable_complete,TRUE,TRUE,32,0.9215707641464932,0.7599740736157556,1.341263922828385,0.5275557812989441,0.7024748784399305,1.1223995712075072,1.0217142543029305,0.892895613577633,1.0993798380795583
DIEGO,3170,DIEGO,EUROPE,313,diego__diego_313,diego,Survey_September2023_cleaned,Survey_September2023_cleaned.xlsx,diego_313,NA,NA,ES,ES,southern_europe,25_34,female,employed,usable_complete,TRUE,TRUE,32,0.6379023238443832,0.8690109613817214,0.9928516389335021,0.8465995563001002,0.9865939591499469,0.8550723031681595,0.8828316408920115,0.993330923959514,0.32885262060596143
DIEGO,3171,DIEGO,EUROPE,314,diego__diego_314,diego,Survey_September2023_cleaned,Survey_September2023_cleaned.xlsx,diego_314,NA,NA,IT,IT,southern_europe,25_34,male,self_employed,usable_complete,TRUE,TRUE,32,1.3946138284542082,0.46198892233239436,0.5874104260928315,1.0123401213333023,0.6593353416283085,0.39705872395047637,1.011061905471461,0.7055523314194713,1.304593460061565
DIEGO,3172,DIEGO,EUROPE,315,diego__diego_315,diego,Survey_September2023_cleaned,Survey_September2023_cleaned.xlsx,diego_315,NA,NA,IT,IT,southern_europe,65_plus,male,retired,usable_complete,TRUE,TRUE,32,0.8486945516149789,1.073374317670575,0.8472400573149959,1.3454204433425605,0.6368781916458625,0.9821762479969252,1.016827465103911,0.7551465595707724,1.5026458033540349
DIEGO,3173,DIEGO,EUROPE,316,diego__diego_316,diego,Survey_September2023_cleaned,Survey_September2023_cleaned.xlsx,diego_316,NA,NA,GR,GR,southern_europe,45_54,female,self_employed,usable_complete,TRUE,TRUE,32,0.620532358278333,0.7346031729468238,0.4374606638552011,0.7540569736508277,0.5531611527154754,0.6272946211206558,1.0131150064001762,0.6874770210334359,0.17299295398990724
DIEGO,3174,DIEGO,EUROPE,317,diego__diego_317,diego,Survey_September2023_cleaned,Survey_September2023_cleaned.xlsx,diego_317,NA,NA,GR,GR,southern_europe,18_24,male,student,usable_complete,TRUE,TRUE,32,0.32109217045970384,0.702635310327475,0.9563029899622457,0.5151154045661509,1.3752363551357467,0.4326575996343179,0.984318127793723,0.7304449693467387,0.1809293858176935
DIEGO,3175,DIEGO,EUROPE,318,diego__diego_318,diego,Survey_September2023_cleaned,Survey_September2023_cleaned.xlsx,diego_318,NA,NA,ES,ES,southern_europe,18_24,male,student,usable_complete,TRUE,TRUE,32,0.7069612768093194,0.8690044369238122,1.021774949802649,0.5774143757250577,0.6794806852301635,0.8292966816806837,1.127684603809217,0.24024552793154638,1.1740023949587657
DIEGO,3176,DIEGO,EUROPE,319,diego__diego_319,diego,Survey_September2023_cleaned,Survey_September2023_cleaned.xlsx,diego_319,NA,NA,IT,IT,southern_europe,18_24,male,student,usable_complete,TRUE,TRUE,32,0.82487300101893,0.8330210245186842,0.8753960799504574,0.9858926570095732,0.4613588435148721,0.6860533413277103,0.9410370115547012,1.2760831095640042,0.6790335434529531
DIEGO,3177,DIEGO,EUROPE,320,diego__diego_320,diego,Survey_September2023_cleaned,Survey_September2023_cleaned.xlsx,diego_320,NA,NA,ES,ES,southern_europe,25_34,male,employed,usable_complete,TRUE,TRUE,32,0.635084870905213,0.6224277986831412,1.219539845830583,0.5670884335542482,1.0391766521574544,0.8639565063163864,0.8901167835420715,0.07979566534793704,0.7122294597663205
DIEGO,3178,DIEGO,EUROPE,321,diego__diego_321,diego,Survey_September2023_cleaned,Survey_September2023_cleaned.xlsx,diego_321,NA,NA,IT,IT,southern_europe,25_34,male,unemployed,usable_complete,TRUE,TRUE,32,0.4502696505413183,0.5162964787755968,1.032601747190108,0.7358128097219038,1.2844443542744957,0.47641826524615516,1.0226040896182713,1.1832009045720893,1.245415191775669
DIEGO,3179,DIEGO,EUROPE,322,diego__diego_322,diego,Survey_September2023_cleaned,Survey_September2023_cleaned.xlsx,diego_322,NA,NA,GR,GR,southern_europe,25_34,female,unemployed,usable_complete,TRUE,TRUE,32,0.24468240107960448,0.39862540131355245,1.1272328295740217,0.5319570490627769,1.020432109208656,0.6067874317163204,0.8254961338057146,0.5118774257005168,0.4289905760833012
DIEGO,3180,DIEGO,EUROPE,323,diego__diego_323,diego,Survey_September2023_cleaned,Survey_September2023_cleaned.xlsx,diego_323,NA,NA,IT,IT,southern_europe,45_54,male,employed,usable_complete,TRUE,TRUE,32,0.8139100653791129,0.794141265554062,0.6490753123433441,0.632313839474698,0.45662031359776706,0.7638623568639927,0.7480137611528722,0.7628957567405404,0.8460795637036458
DIEGO,3181,DIEGO,EUROPE,324,diego__diego_324,diego,Survey_September2023_cleaned,Survey_September2023_cleaned.xlsx,diego_324,NA,NA,ES,ES,southern_europe,18_24,female,employed,usable_complete,TRUE,TRUE,32,0.8925593194715189,0.7169708318681969,0.5582138702942057,0.7107390643829143,0.5263542759427808,0.6699266109566466,0.8477867558333105,0.4339081769895605,1.1923341745045521
DIEGO,3182,DIEGO,EUROPE,325,diego__diego_325,diego,Survey_September2023_cleaned,Survey_September2023_cleaned.xlsx,diego_325,NA,NA,IT,IT,southern_europe,25_34,male,employed,usable_complete,TRUE,TRUE,32,1.2070681960788834,0.8589661631351576,1.2164249420476065,0.7832526708645168,1.454510796904437,0.8828446066418647,0.8805683697096391,1.3183902968204342,0.6682874849726759
DIEGO,3183,DIEGO,EUROPE,326,diego__diego_326,diego,Survey_September2023_cleaned,Survey_September2023_cleaned.xlsx,diego_326,NA,NA,IT,IT,southern_europe,18_24,male,employed,usable_complete,TRUE,TRUE,32,0.7564631371914676,1.1619992125187848,1.1101467242548364,1.2087943571680364,0.9750224111947782,0.5351073179853061,0.4059591140421294,0.813520730824807,0.9247215357890919
DIEGO,3184,DIEGO,EUROPE,327,diego__diego_327,diego,Survey_September2023_cleaned,Survey_September2023_cleaned.xlsx,diego_327,NA,NA,IT,IT,southern_europe,25_34,male,employed,usable_complete,TRUE,TRUE,32,0.7206582179863523,0.8511287791611735,0.83777784085928,1.0662185999004332,1.39000291822107,1.235236165281134,1.1807869288748498,0.8924815312195751,1.110006690215113
DIEGO,3185,DIEGO,EUROPE,328,diego__diego_328,diego,Survey_September2023_cleaned,Survey_September2023_cleaned.xlsx,diego_328,NA,NA,IT,IT,southern_europe,25_34,male,employed,usable_complete,TRUE,TRUE,32,0.9125181656568855,0.8392983853718075,1.0885620371230926,0.8562400467850475,1.090759228952006,0.47993593189609163,0.7202468684960193,0.8131568781721813,1.1384715406978616
DIEGO,3186,DIEGO,EUROPE,329,diego__diego_329,diego,Survey_September2023_cleaned,Survey_September2023_cleaned.xlsx,diego_329,NA,NA,IT,IT,southern_europe,25_34,male,employed,usable_complete,TRUE,TRUE,32,0.7180413451923255,0.6645888781632308,1.0520484047616288,1.1097296355921638,0.7807248035028916,1.0205165106685432,0.8115690286513473,0.5829378475622796,0.6547804984890575
DIEGO,3187,DIEGO,EUROPE,330,diego__diego_330,diego,Survey_September2023_cleaned,Survey_September2023_cleaned.xlsx,diego_330,NA,NA,IT,IT,southern_europe,18_24,female,self_employed,usable_complete,TRUE,TRUE,32,0.7367032219884302,0.8819243679724145,0.9647130519764028,1.1916351246186803,0.8088324582702328,1.8677784916530777,0.6587543094388415,0.9680290300745332,1.1787503131459873
DIEGO,3188,DIEGO,EUROPE,331,diego__diego_331,diego,Survey_September2023_cleaned,Survey_September2023_cleaned.xlsx,diego_331,NA,NA,IT,IT,southern_europe,25_34,male,student,usable_complete,TRUE,TRUE,32,0.9080350373181402,0.44904113834832904,0.5065555387627679,0.8372574062188147,0.7844603513332762,0.57373756324996394,0.6872087849011258,0.30489429769797377,0.1924592675405429
DIEGO,3189,DIEGO,EUROPE,332,diego__diego_332,diego,Survey_September2023_cleaned,Survey_September2023_cleaned.xlsx,diego_332,NA,NA,GR,GR,southern_europe,45_54,male,employed,usable_complete,TRUE,TRUE,32,1.1393571800222206,0.49952005539049116,0.660632847916965,1.607910405163467,0.8134305718493251,0.9217040398898333,1.3836799577076433,0.7918333973606612,0.8781652472734074
DIEGO,3190,DIEGO,EUROPE,333,diego__diego_333,diego,Survey_September2023_cleaned,Survey_September2023_cleaned.xlsx,diego_333,NA,NA,IT,IT,southern_europe,25_34,male,self_employed,usable_complete,TRUE,TRUE,32,1.6303411677081503,1.2095992545680119,1.191790616708391,0.8269203702005828,1.3469771182274934,0.7155562454189517,0.4604271822130067,0.5954100100868374,1.3696111509055258
DIEGO,3191,DIEGO,EUROPE,334,diego__diego_334,diego,Survey_September2023_cleaned,Survey_September2023_cleaned.xlsx,diego_334,NA,NA,IT,IT,southern_europe,45_54,female,student,usable_complete,TRUE,TRUE,32,0.91965314310941,0.8765103093889884,0.791920005563004,0.4347938907834435,0.5940440603616787,0.911776260774906,0.8939260661950627,0.5280335824719616,0.2506062487930448
DIEGO,3192,DIEGO,EUROPE,335,diego__diego_335,diego,Survey_September2023_cleaned,Survey_September2023_cleaned.xlsx,diego_335,NA,NA,IT,IT,southern_europe,25_34,female,employed,usable_complete,TRUE,TRUE,32,1.374071720516573,0.5663737505038196,0.8111566914091594,1.2321203447695444,0.6613197829673854,1.5941075139984915,0.6786809602219943,0.7936621306743709,1.0279032205413476
DIEGO,3193,DIEGO,EUROPE,336,diego__diego_336,diego,Survey_September2023_cleaned,Survey_September2023_cleaned.xlsx,diego_336,NA,NA,ES,ES,southern_europe,18_24,male,student,usable_complete,TRUE,TRUE,32,1.1148321078604766,0.8421459323385083,1.0283943382130611,1.1443538839395935,1.419186796483813,1.2339134097718616,0.8878835106186471,0.9280260006871451,0.561795560648535
DIEGO,3194,DIEGO,EUROPE,337,diego__diego_337,diego,Survey_September2023_cleaned,Survey_September2023_cleaned.xlsx,diego_337,NA,NA,IT,IT,southern_europe,25_34,female,unemployed,usable_complete,TRUE,TRUE,32,1.0053887206315877,0.39937336828114783,0.9750296922216284,0.9368502559012865,0.7479339826043826,0.5788638351806179,0.8119270809866922,1.4629268772598778,0.8403675711858525
DIEGO,3195,DIEGO,EUROPE,338,diego__diego_338,diego,Survey_September2023_cleaned,Survey_September2023_cleaned.xlsx,diego_338,NA,NA,ES,ES,southern_europe,18_24,other,student,usable_complete_limited_metadata,TRUE,TRUE,32,1.094910548613806,0.5299025800164787,0.9083616943284714,1.2158321992036083,1.2520156499548691,0.46842140773821306,0.7350144717987388,0.34107789043182174,0.7853830049243693
DIEGO,3196,DIEGO,EUROPE,339,diego__diego_339,diego,Survey_September2023_cleaned,Survey_September2023_cleaned.xlsx,diego_339,NA,NA,IT,IT,southern_europe,65_plus,female,unemployed,usable_complete,TRUE,TRUE,32,0.7775753388249655,0.2510266956952621,0.48497700576651737,1.1026619297352418,0.9213013384543751,0.6153416360733979,0.8391658657007784,1.4240731593540656,1.1506110997500034
DIEGO,3197,DIEGO,EUROPE,340,diego__diego_340,diego,Survey_September2023_cleaned,Survey_September2023_cleaned.xlsx,diego_340,NA,NA,IT,IT,southern_europe,25_34,female,employed,usable_complete,TRUE,TRUE,32,1.324088078224904,1.0136960138171842,0.7364964154946223,0.6563451575203423,0.6415970575878653,0.6204018172658576,0.8917792431499725,1.0702350059148988,1.077059485588683
DIEGO,3198,DIEGO,EUROPE,341,diego__diego_341,diego,Survey_September2023_cleaned,Survey_September2023_cleaned.xlsx,diego_341,NA,NA,IT,IT,southern_europe,18_24,male,student,usable_complete,TRUE,TRUE,32,0.7138520837718237,0.5860533409270703,0.9023880877459035,0.5123454940875044,1.1391028658165514,1.0793471084703354,0.7353444461551989,0.7709236135762071,0.3990658401423915
DIEGO,3199,DIEGO,EUROPE,342,diego__diego_342,diego,Survey_September2023_cleaned,Survey_September2023_cleaned.xlsx,diego_342,NA,NA,GR,GR,southern_europe,25_34,male,self_employed,usable_complete,TRUE,TRUE,32,0.7340489509156971,1.0964686953497422,0.5560742417382425,1.1759877599831736,0.4808140958063174,0.704679728928862,0.6697817813591778,0.35418966466389357,1.4797421080105035
DIEGO,3200,DIEGO,EUROPE,343,diego__diego_343,diego,Survey_September2023_cleaned,Survey_September2023_cleaned.xlsx,diego_343,NA,NA,ES,ES,southern_europe,25_34,female,employed,usable_complete,TRUE,TRUE,32,0.7488486010291561,0.9052613527055378,0.5886138152794136,1.2043379898149429,0.45634818792925347,0.7396806784783904,0.3888957283837978,0.5861708905398694,0.08813915491900692
DIEGO,3201,DIEGO,EUROPE,344,diego__diego_344,diego,Survey_September2023_cleaned,Survey_September2023_cleaned.xlsx,diego_344,NA,NA,IT,IT,southern_europe,25_34,male,self_employed,usable_complete,TRUE,TRUE,32,0.8511718789813058,0.7739839992204829,0.8920655182462779,0.5184577243037173,1.0437132498053336,0.973229828426966,0.9098123489362069,0.5152709479069556,1.2230259580291387
DIEGO,3202,DIEGO,EUROPE,345,diego__diego_345,diego,Survey_September2023_cleaned,Survey_September2023_cleaned.xlsx,diego_345,NA,NA,ES,ES,southern_europe,25_34,female,employed,usable_complete,TRUE,TRUE,32,0.8811625414605094,0.4110830307425378,0.7851469270876101,1.0150901379990807,0.38883859674082316,0.8527617068700883,0.8550034412922282,0.8740540974090022,0.9349944053534598
DIEGO,3203,DIEGO,EUROPE,346,diego__diego_346,diego,Survey_September2023_cleaned,Survey_September2023_cleaned.xlsx,diego_346,NA,NA,IT,IT,southern_europe,25_34,female,employed,usable_complete,TRUE,TRUE,32,0.9746114172142537,0.9622783942093049,1.1572891622987351,0.7181504971067793,1.3276027894834632,0.8916230667045877,0.7191396669528525,0.7515617206301215,1.3340247885233105
DIEGO,3204,DIEGO,EUROPE,347,diego__diego_347,diego,Survey_September2023_cleaned,Survey_September2023_cleaned.xlsx,diego_347,NA,NA,ES,ES,southern_europe,18_24,female,student,usable_complete,TRUE,TRUE,32,0.8664175707922686,0.8411870523303311,1.1857524746331691,1.0253256242009763,0.6168814699084003,0.607862615405489,0.7858858107787503,0.9720658512893458,0.7193620198062803
DIEGO,3205,DIEGO,EUROPE,348,diego__diego_348,diego,Survey_September2023_cleaned,Survey_September2023_cleaned.xlsx,diego_348,NA,NA,IT,IT,southern_europe,25_34,male,self_employed,usable_complete,TRUE,TRUE,32,0.9457168470424591,0.855962551330375,1.007741486274336,0.583441461364362,0.5949094004122857,0.9198325641271796,0.7942667526929048,0.3209151764333848,0.8348363005871376
DIEGO,3206,DIEGO,EUROPE,349,diego__diego_349,diego,Survey_September2023_cleaned,Survey_September2023_cleaned.xlsx,diego_349,NA,NA,GR,GR,southern_europe,25_34,female,employed,usable_complete,TRUE,TRUE,32,0.7417673090653752,0.9929736093789625,0.7932770474617123,0.3715002120373132,0.649115536729455,0.9073570908101726,0.849145502372863,0.9904765835924682,0.4854282071455949
DIEGO,3207,DIEGO,EUROPE,350,diego__diego_350,diego,Survey_September2023_cleaned,Survey_September2023_cleaned.xlsx,diego_350,NA,NA,GR,GR,southern_europe,25_34,female,unemployed,usable_complete,TRUE,TRUE,32,0.7595086913389704,1.329735307817391,0.6427712757509239,1.5142828977092095,0.6621664076295873,0.9421919837619148,1.0156617941029586,1.2397211532358168,0.7492907812953618
DIEGO,3208,DIEGO,EUROPE,351,diego__diego_351,diego,Survey_September2023_cleaned,Survey_September2023_cleaned.xlsx,diego_351,NA,NA,IT,IT,southern_europe,45_54,male,employed,usable_complete,TRUE,TRUE,32,0.7924270910549026,0.581640201155409,0.9666520902996705,0.7139610677045711,0.6137611312457353,0.9326608019203648,0.7093249513104956,1.2538039853960177,0.5781073106303267
DIEGO,3209,DIEGO,EUROPE,352,diego__diego_352,diego,Survey_September2023_cleaned,Survey_September2023_cleaned.xlsx,diego_352,NA,NA,ES,ES,southern_europe,25_34,other,employed,usable_complete_limited_metadata,TRUE,TRUE,32,0.7760258777972868,0.8890088796970674,0.5575074736021735,0.4595659270928085,0.8152196552288588,1.0635237135098587,1.0013470886201177,1.038251900453793,0.21048872384125475
DIEGO,3210,DIEGO,EUROPE,353,diego__diego_353,diego,Survey_September2023_cleaned,Survey_September2023_cleaned.xlsx,diego_353,NA,NA,IT,IT,southern_europe,18_24,female,employed,usable_complete,TRUE,TRUE,32,1.0842594172194757,0.7405965119560624,0.7226860885821131,0.6680582284446183,1.1367417876330557,0.8020129788834038,0.6933368346160277,1.0709010029154264,0.36370117297670845
DIEGO,3211,DIEGO,EUROPE,354,diego__diego_354,diego,Survey_September2023_cleaned,Survey_September2023_cleaned.xlsx,diego_354,NA,NA,ES,ES,southern_europe,65_plus,female,self_employed,usable_complete,TRUE,TRUE,32,0.527250603214511,0.6741516253281002,0.9684286505288247,1.5697517384853779,0.9280059864495283,0.980080488680388,0.7184762681409531,0.6263500360885009,0.9913930908373374
DIEGO,3212,DIEGO,EUROPE,355,diego__diego_355,diego,Survey_September2023_cleaned,Survey_September2023_cleaned.xlsx,diego_355,NA,NA,IT,IT,southern_europe,25_34,female,employed,usable_complete,TRUE,TRUE,32,0.5988398425999587,0.25141001543112346,0.7034558888153254,0.7810081210133114,0.3028438407875715,0.7933791547587331,0.803635712176417,0.7485596540059468,0.39641025845234934
DIEGO,3213,DIEGO,EUROPE,356,diego__diego_356,diego,Survey_September2023_cleaned,Survey_September2023_cleaned.xlsx,diego_356,NA,NA,IT,IT,southern_europe,45_54,male,self_employed,usable_complete,TRUE,TRUE,32,0.6083496923247597,0.9405295305618708,0.8521515242704304,0.9756000991615164,0.7060070677525101,0.4237471384876037,0.6848511043341662,0.768236280239814,0.45651717925585733
DIEGO,3214,DIEGO,EUROPE,357,diego__diego_357,diego,Survey_September2023_cleaned,Survey_September2023_cleaned.xlsx,diego_357,NA,NA,ES,ES,southern_europe,18_24,female,student,usable_complete,TRUE,TRUE,32,0.8434330847029413,0.6857286134162427,0.7816673335004779,1.0688017213051653,1.039453725590763,0.9550313461189066,0.8346800925103025,0.6543662523857087,0.9678909766140095
DIEGO,3215,DIEGO,EUROPE,358,diego__diego_358,diego,Survey_September2023_cleaned,Survey_September2023_cleaned.xlsx,diego_358,NA,NA,GR,GR,southern_europe,45_54,female,self_employed,usable_complete,TRUE,TRUE,32,0.30387292564898544,0.6899230616507578,0.8210498165500273,0.45253196138674295,0.6983324592253086,1.0089569761633785,0.666168829401815,0.7437270184799988,1.1721933785316325
DIEGO,3216,DIEGO,EUROPE,359,diego__diego_359,diego,Survey_September2023_cleaned,Survey_September2023_cleaned.xlsx,diego_359,NA,NA,IT,IT,southern_europe,45_54,male,self_employed,usable_complete,TRUE,TRUE,32,1.0137627145933799,0.7752045813589495,0.43427477523419666,1.2523364032438218,0.48076266086923813,0.7075787248002088,0.7256576145190745,0.40249280124098724,1.1161808894192475
DIEGO,3217,DIEGO,EUROPE,360,diego__diego_360,diego,Survey_September2023_cleaned,Survey_September2023_cleaned.xlsx,diego_360,NA,NA,ES,ES,southern_europe,25_34,female,unemployed,usable_complete,TRUE,TRUE,32,0.7259718642727366,0.8190974985925705,0.6069878686598056,0.9512921703445342,0.7595073781942274,0.38283941316493497,0.7928770111108077,0.26072385871019765,1.3329291946224766
DIEGO,3218,DIEGO,EUROPE,361,diego__diego_361,diego,Survey_September2023_cleaned,Survey_September2023_cleaned.xlsx,diego_361,NA,NA,IT,IT,southern_europe,25_34,male,unemployed,usable_complete,TRUE,TRUE,32,0.6725173414739212,0.5098509112681875,0.7787533290888119,0.46263021116835007,1.411863114471585,0.8035785567632261,0.8866143210356053,0.8253775545938433,0.21993052839451493
DIEGO,3219,DIEGO,EUROPE,362,diego__diego_362,diego,Survey_September2023_cleaned,Survey_September2023_cleaned.xlsx,diego_362,NA,NA,IT,IT,southern_europe,25_34,male,employed,usable_complete,TRUE,TRUE,32,0.8805344888866485,1.1724144969378398,1.404625601585331,1.008047178709655,0.8591385519893711,0.9499268006286017,0.7282729661112329,1.2891758967409066,1.0210208674296664
DIEGO,3220,DIEGO,EUROPE,363,diego__diego_363,diego,Survey_September2023_cleaned,Survey_September2023_cleaned.xlsx,diego_363,NA,NA,ES,ES,southern_europe,45_54,male,self_employed,usable_complete,TRUE,TRUE,32,1.121180094746303,1.78159407323348,0.6595870435776507,0.7765976429965796,0.9498915442435931,0.42869540493388936,0.8710673859527063,0.924623751769469,1.4308006185583866
DIEGO,3221,DIEGO,EUROPE,364,diego__diego_364,diego,Survey_September2023_cleaned,Survey_September2023_cleaned.xlsx,diego_364,NA,NA,IT,IT,southern_europe,18_24,female,student,usable_complete,TRUE,TRUE,32,1.3899682704057579,1.6172745145152523,0.9614697733898911,1.3743837429131103,0.972412038220588,1.0398012225885698,1.0853098099456038,1.4911755895584775,0.5275932445405762
DIEGO,3222,DIEGO,EUROPE,365,diego__diego_365,diego,Survey_September2023_cleaned,Survey_September2023_cleaned.xlsx,diego_365,NA,NA,ES,ES,southern_europe,18_24,female,student,usable_complete,TRUE,TRUE,32,0.750710711996237,0.8701470526040119,0.7792054151991387,0.5750945500954073,0.20567922022448332,0.618511337183577,0.8271736810876217,0.5411344867735643,1.0843223746815753
DIEGO,3223,DIEGO,EUROPE,366,diego__diego_366,diego,Survey_September2023_cleaned,Survey_September2023_cleaned.xlsx,diego_366,NA,NA,GR,GR,southern_europe,25_34,female,unemployed,usable_complete,TRUE,TRUE,32,0.7266796034574226,0.8687578939433531,0.5163292096898445,0.2667041370460272,0.8737770378771594,0.8068618661514189,0.7050758047632989,0.7731896809409903,1.4619295019886271
DIEGO,3224,DIEGO,EUROPE,367,diego__diego_367,diego,Survey_September2023_cleaned,Survey_September2023_cleaned.xlsx,diego_367,NA,NA,ES,ES,southern_europe,45_54,male,employed,usable_complete,TRUE,TRUE,32,0.49293292935989225,1.2124132688597282,1.6337046525010954,0.8872466495873188,0.8529688668578885,0.5685628277708823,0.7988244647866931,0.956951633998654,1.225809086338356
DIEGO,3225,DIEGO,EUROPE,368,diego__diego_368,diego,Survey_September2023_cleaned,Survey_September2023_cleaned.xlsx,diego_368,NA,NA,IT,IT,southern_europe,18_24,female,student,usable_complete,TRUE,TRUE,32,0.897190818971343,0.6670511272393632,1.0962723029341641,1.1518482946784885,1.1010190785879714,1.463055877560394,1.1234176719106677,0.5104984705783823,0.7380630471878692
DIEGO,3226,DIEGO,EUROPE,369,diego__diego_369,diego,Survey_September2023_cleaned,Survey_September2023_cleaned.xlsx,diego_369,NA,NA,IT,IT,southern_europe,45_54,male,unemployed,usable_complete,TRUE,TRUE,32,0.9834209259475963,0.5929200228277459,0.6189131791389924,0.5431680498062276,0.6593034522687984,0.7483105543386221,0.6490024059711879,0.8521650673428777,1.1252594195571681
DIEGO,3227,DIEGO,EUROPE,370,diego__diego_370,diego,Survey_September2023_cleaned,Survey_September2023_cleaned.xlsx,diego_370,NA,NA,ES,ES,southern_europe,25_34,female,employed,usable_complete,TRUE,TRUE,32,1.0577620942288857,0.6266281852042745,1.07397580795823,0.9421413845980343,0.31866559324924293,0.6987912459338064,0.8865512727686837,0.6129013786118896,0.6068830742089129
DIEGO,3228,DIEGO,EUROPE,371,diego__diego_371,diego,Survey_September2023_cleaned,Survey_September2023_cleaned.xlsx,diego_371,NA,NA,IT,IT,southern_europe,18_24,male,employed,usable_complete,TRUE,TRUE,32,0.9360618462500395,0.6775909515785855,0.43324683574325035,0.5146250557350434,0.17972049346040353,0.15273180743307885,0.9268465979215905,0.492938832843084,0.5145057201571772
DIEGO,3229,DIEGO,EUROPE,372,diego__diego_372,diego,Survey_September2023_cleaned,Survey_September2023_cleaned.xlsx,diego_372,NA,NA,ES,ES,southern_europe,18_24,other,student,usable_complete_limited_metadata,TRUE,TRUE,32,0.7305450311233009,1.4128397246629878,1.3619792075955182,0.49037866189113716,0.7393635065688109,0.7456269556680211,1.1001465335149994,0.5626278736161637,1.433983738408009
DIEGO,3230,DIEGO,EUROPE,373,diego__diego_373,diego,Survey_September2023_cleaned,Survey_September2023_cleaned.xlsx,diego_373,NA,NA,GR,GR,southern_europe,18_24,female,student,usable_complete,TRUE,TRUE,32,0.8497958308128263,0.6667358646713694,0.6487989665613068,0.8953520740102429,1.1525032876937635,0.5871915994818255,0.9678364348498028,1.5823793373444897,0.10497801597088988
DIEGO,3231,DIEGO,EUROPE,374,diego__diego_374,diego,Survey_September2023_cleaned,Survey_September2023_cleaned.xlsx,diego_374,NA,NA,IT,IT,southern_europe,25_34,female,employed,usable_complete,TRUE,TRUE,32,0.9063740839187034,0.989279101489706,1.0051267956034688,0.5922061823697989,0.26796913053267013,0.3952844460634174,0.5098465241033044,1.0064060542005624,0.9858211869885087
DIEGO,3232,DIEGO,EUROPE,375,diego__diego_375,diego,Survey_September2023_cleaned,Survey_September2023_cleaned.xlsx,diego_375,NA,NA,GR,GR,southern_europe,25_34,female,employed,usable_complete,TRUE,TRUE,32,0.5829404153483627,1.0426721629749232,1.0664390722588915,0.8418733172546932,0.962009151295405,0.770605667978279,0.8935388113218048,0.6925513699955999,0.583099106295571
DIEGO,3233,DIEGO,EUROPE,376,diego__diego_376,diego,Survey_September2023_cleaned,Survey_September2023_cleaned.xlsx,diego_376,NA,NA,IT,IT,southern_europe,45_54,female,self_employed,usable_complete,TRUE,TRUE,32,1.5163387134195037,0.6827259318321127,0.573201849155428,0.820797363831154,0.5372592997000902,0.6620618244423695,1.246409629165429,0.862122491710322,1.0531667477991715
DIEGO,3234,DIEGO,EUROPE,377,diego__diego_377,diego,Survey_September2023_cleaned,Survey_September2023_cleaned.xlsx,diego_377,NA,NA,ES,ES,southern_europe,45_54,male,self_employed,usable_complete,TRUE,TRUE,32,1.207339293422224,1.120462607499843,0.9182549079302296,1.079873387848518,0.668275669909819,0.39856350757063663,0.8392069140736993,1.0730109306392104,0.32496448961163416
DIEGO,3235,DIEGO,EUROPE,378,diego__diego_378,diego,Survey_September2023_cleaned,Survey_September2023_cleaned.xlsx,diego_378,NA,NA,GR,GR,southern_europe,18_24,male,student,usable_complete,TRUE,TRUE,32,0.1899590199455194,0.951490278003216,0.9865695303562202,0.421516114711654,0.5869841795912838,1.047431361050862,0.7864314485055068,0.8634056820554639,1.1172176434994086
DIEGO,3236,DIEGO,EUROPE,379,diego__diego_379,diego,Survey_September2023_cleaned,Survey_September2023_cleaned.xlsx,diego_379,NA,NA,GR,GR,southern_europe,25_34,female,employed,usable_complete,TRUE,TRUE,32,0.9438919990581058,1.2025171658385236,0.9443290626307774,1.1459174199915898,0.8867450265336863,1.5809289690768304,1.523967425436688,0.8366061752581776,1.1248851360478147
DIEGO,3237,DIEGO,EUROPE,380,diego__diego_380,diego,Survey_September2023_cleaned,Survey_September2023_cleaned.xlsx,diego_380,NA,NA,GR,GR,southern_europe,25_34,female,employed,usable_complete,TRUE,TRUE,32,0.564313664179207,0.5853493713246518,0.9734608234226524,0.7783710212730327,0.23595371567877246,1.0160235756443867,0.7871004596272818,0.7864380970390571,1.1301122515827156
DIEGO,3238,DIEGO,EUROPE,381,diego__diego_381,diego,Survey_September2023_cleaned,Survey_September2023_cleaned.xlsx,diego_381,NA,NA,IT,IT,southern_europe,18_24,female,self_employed,usable_complete,TRUE,TRUE,32,0.6544914818115284,0.35229444871860066,1.09490749553516,0.4370621045723504,0.5562621390655643,0.2567574131021314,0.4031878284035968,0.5626685317897868,0.4351201101621944
DIEGO,3239,DIEGO,EUROPE,382,diego__diego_382,diego,Survey_September2023_cleaned,Survey_September2023_cleaned.xlsx,diego_382,NA,NA,IT,IT,southern_europe,18_24,female,employed,usable_complete,TRUE,TRUE,32,0.49097072214657533,0.8410796697843369,0.8848793684646097,1.1072260184780711,0.14831194105188425,0.3493448416469834,1.1812278401484173,1.4728988928145672,0.9998767933619463
DIEGO,3240,DIEGO,EUROPE,383,diego__diego_383,diego,Survey_September2023_cleaned,Survey_September2023_cleaned.xlsx,diego_383,NA,NA,GR,GR,southern_europe,18_24,female,employed,usable_complete,TRUE,TRUE,32,0.8114479578943113,1.1476293637579336,1.0517765618032973,0.890110418793148,0.5358075551531956,0.4709617104435112,0.8092079703050052,0.8564518672512685,0.43396240898594995
DIEGO,3241,DIEGO,EUROPE,384,diego__diego_384,diego,Survey_September2023_cleaned,Survey_September2023_cleaned.xlsx,diego_384,NA,NA,ES,ES,southern_europe,25_34,male,employed,usable_complete,TRUE,TRUE,32,0.7895074660725134,0.6564003988834708,0.5362542892167463,0.8281700263032808,1.177530246456835,0.8995297701006726,1.1897100173781774,0.9241791396517153,1.1941108085018826
DIEGO,3242,DIEGO,EUROPE,385,diego__diego_385,diego,Survey_September2023_cleaned,Survey_September2023_cleaned.xlsx,diego_385,NA,NA,GR,GR,southern_europe,18_24,male,student,usable_complete,TRUE,TRUE,32,0.5315954186831588,0.9212795453627896,0.7110533967697054,0.7563945483642258,0.9790969137873395,0.6460761453149635,0.585519455249352,0.506413612647525,0.8204548007368296
DIEGO,3243,DIEGO,EUROPE,386,diego__diego_386,diego,Survey_September2023_cleaned,Survey_September2023_cleaned.xlsx,diego_386,NA,NA,GR,GR,southern_europe,45_54,female,employed,usable_complete,TRUE,TRUE,32,0.27888931739083916,0.4494566474655567,1.071472769234791,1.3637445974124904,1.3522933082185422,0.7292559537568817,1.115819039710144,1.0462688011396637,0.786938086503753
DIEGO,3244,DIEGO,EUROPE,387,diego__diego_387,diego,Survey_September2023_cleaned,Survey_September2023_cleaned.xlsx,diego_387,NA,NA,ES,ES,southern_europe,18_24,female,student,usable_complete,TRUE,TRUE,32,0.04405450520294298,0.6678579649537135,0.6861063410717588,0.795765764782454,0.5786836917994962,0.7462672273638765,1.279474883022408,0.8916261792691204,0.6104483862696594
DIEGO,3245,DIEGO,EUROPE,388,diego__diego_388,diego,Survey_September2023_cleaned,Survey_September2023_cleaned.xlsx,diego_388,NA,NA,IT,IT,southern_europe,45_54,male,employed,usable_complete,TRUE,TRUE,32,0.6930371106412772,0.48347311144206023,0.8099158535233644,0.900727247403727,0.4924968975724862,0.5288343562236568,1.0173766762973604,0.3327193614890765,0.3456492411452738
DIEGO,3246,DIEGO,EUROPE,389,diego__diego_389,diego,Survey_September2023_cleaned,Survey_September2023_cleaned.xlsx,diego_389,NA,NA,IT,IT,southern_europe,18_24,male,student,usable_complete,TRUE,TRUE,32,0.9952603462056944,0.6403663820652045,0.8657936319020015,0.7343930202744957,1.3220585075318418,0.38950442954116204,0.4173210035185121,0.4224476065687597,1.6704067958025273
DIEGO,3247,DIEGO,EUROPE,390,diego__diego_390,diego,Survey_September2023_cleaned,Survey_September2023_cleaned.xlsx,diego_390,NA,NA,ES,ES,southern_europe,18_24,male,student,usable_complete,TRUE,TRUE,32,1.0512885007806376,0.4297047137689141,0.796948766948828,0.4512640229230241,1.3097880150482037,0.9863618797420081,0.4375131466291114,0.3058590676161594,0.7930007957622219
DIEGO,3248,DIEGO,EUROPE,391,diego__diego_391,diego,Survey_September2023_cleaned,Survey_September2023_cleaned.xlsx,diego_391,NA,NA,ES,ES,southern_europe,45_54,male,employed,usable_complete,TRUE,TRUE,32,0.6098003124588992,1.0114118100616616,1.270140832680251,0.7795184029251278,0.1993039076455128,0.8743027704076822,0.7529015299585506,0.8790711981886393,0.8405609501959234
DIEGO,3249,DIEGO,EUROPE,392,diego__diego_392,diego,Survey_September2023_cleaned,Survey_September2023_cleaned.xlsx,diego_392,NA,NA,ES,ES,southern_europe,18_24,male,unemployed,usable_complete,TRUE,TRUE,32,0.9296310980593724,0.6601049572565576,0.7244670750410973,0.7043274693669305,0.6006673951033961,1.3327628646813052,0.43488898108509605,0.37518491157913814,1.122123236136872
DIEGO,3250,DIEGO,EUROPE,393,diego__diego_393,diego,Survey_September2023_cleaned,Survey_September2023_cleaned.xlsx,diego_393,NA,NA,IT,IT,southern_europe,25_34,female,employed,usable_complete,TRUE,TRUE,32,0.5633448076875317,0.43461570818495965,0.9812280991153941,0.10355855306771877,1.4442452492043099,0.9114591611548446,0.9533550764292202,1.2548059527802673,0.8416893345217727
DIEGO,3251,DIEGO,EUROPE,394,diego__diego_394,diego,Survey_September2023_cleaned,Survey_September2023_cleaned.xlsx,diego_394,NA,NA,ES,ES,southern_europe,25_34,female,employed,usable_complete,TRUE,TRUE,32,0.8679069655548783,0.4528725550386527,1.407331430912508,1.066769512812386,0.7297405361189357,0.7571715303057374,0.5057857987318183,0.8195904833200384,1.0415188990222402
DIEGO,3252,DIEGO,EUROPE,395,diego__diego_395,diego,Survey_September2023_cleaned,Survey_September2023_cleaned.xlsx,diego_395,NA,NA,IT,IT,southern_europe,25_34,female,employed,usable_complete,TRUE,TRUE,32,0.8726583042633707,0.8282523718095636,0.6406831278814501,0.6562767273368035,1.0255839463306817,0.8207670299026474,0.9628826055629697,0.8731876132443857,0.6675685038617472
DIEGO,3253,DIEGO,EUROPE,396,diego__diego_396,diego,Survey_September2023_cleaned,Survey_September2023_cleaned.xlsx,diego_396,NA,NA,IT,IT,southern_europe,65_plus,female,employed,usable_complete,TRUE,TRUE,32,0.8408835584505021,0.7026225522415976,0.8699539818378547,1.079680311411651,0.7971100485246119,0.700991375746085,0.5315391087162775,0.96899443917043,1.0723039318329757
DIEGO,3254,DIEGO,EUROPE,397,diego__diego_397,diego,Survey_September2023_cleaned,Survey_September2023_cleaned.xlsx,diego_397,NA,NA,IT,IT,southern_europe,18_24,other,employed,usable_complete_limited_metadata,TRUE,TRUE,32,0.6003470277499179,1.464177250881577,0.6627344499080434,1.0442927739072025,0.9819919286190355,0.900731644558455,1.2491594886652089,0.8477419496469002,1.2439545231296365
DIEGO,3255,DIEGO,EUROPE,398,diego__diego_398,diego,Survey_September2023_cleaned,Survey_September2023_cleaned.xlsx,diego_398,NA,NA,IT,IT,southern_europe,18_24,female,student,usable_complete,TRUE,TRUE,32,1.6223401710030974,0.46341596581650474,0.9522342028027964,0.6050281636672491,0.8595545669081657,0.5726615840065488,0.6516322849304551,0.3668858348594833,0.3453574295060534
DIEGO,3256,DIEGO,EUROPE,399,diego__diego_399,diego,Survey_September2023_cleaned,Survey_September2023_cleaned.xlsx,diego_399,NA,NA,IT,IT,southern_europe,25_34,male,student,usable_complete,TRUE,TRUE,32,0.5870193337723406,0.5551683044174353,0.7079351783243724,0.7961088552996588,2.064844329912365,1.0817396973475355,0.7582899403673636,1.2538786170235332,1.4872247556588576
DIEGO,3257,DIEGO,EUROPE,400,diego__diego_400,diego,Survey_September2023_cleaned,Survey_September2023_cleaned.xlsx,diego_400,NA,NA,IT,IT,southern_europe,18_24,female,self_employed,usable_complete,TRUE,TRUE,32,0.7212405813881647,0.8310698968431474,1.2191770959265276,0.529882370037035,1.0619281555937452,1.1481571556671386,0.6346750922678346,0.41481087539499933,0.4653653249085279
DIEGO,3258,DIEGO,EUROPE,401,diego__diego_401,diego,Survey_September2023_cleaned,Survey_September2023_cleaned.xlsx,diego_401,NA,NA,IT,IT,southern_europe,45_54,male,self_employed,usable_complete,TRUE,TRUE,32,0.43689562413551675,1.1258391755319277,0.39556614314065885,0.9839779378542767,0.6195601764190373,0.776192394059415,0.9762202182480975,0.46418845354221944,0.794963783983452
DIEGO,3259,DIEGO,EUROPE,402,diego__diego_402,diego,Survey_September2023_cleaned,Survey_September2023_cleaned.xlsx,diego_402,NA,NA,GR,GR,southern_europe,18_24,male,employed,usable_complete,TRUE,TRUE,32,0.9868516681743331,1.558068183394465,0.5622003099258354,0.7606167434074086,0.8041972249240095,1.2273870460579,1.014582901646428,0.652317144385422,0.6434647305121629
DIEGO,3260,DIEGO,EUROPE,403,diego__diego_403,diego,Survey_September2023_cleaned,Survey_September2023_cleaned.xlsx,diego_403,NA,NA,IT,IT,southern_europe,18_24,female,student,usable_complete,TRUE,TRUE,32,0.7513947270280996,1.0313608512019319,1.104867590272472,0.767922234419918,0.2872599771408485,0.6594250412094254,0.8400432790405636,0.8875244094849526,1.3784206160335883
DIEGO,3261,DIEGO,EUROPE,404,diego__diego_404,diego,Survey_September2023_cleaned,Survey_September2023_cleaned.xlsx,diego_404,NA,NA,IT,IT,southern_europe,18_24,male,student,usable_complete,TRUE,TRUE,32,0.6066564285583645,0.64965928819431,0.508071306931982,0.619040254017199,1.0049621556133712,0.630259760922131,0.6001508360490442,1.0071747491864709,1.4356262121027492
DIEGO,3262,DIEGO,EUROPE,405,diego__diego_405,diego,Survey_September2023_cleaned,Survey_September2023_cleaned.xlsx,diego_405,NA,NA,ES,ES,southern_europe,25_34,female,employed,usable_complete,TRUE,TRUE,32,0.686567790554135,0.8518118171419107,0.66860054458343,1.120924851011853,0.42638131643731647,0.5066787889831182,0.8578749591237118,0.4279593031422036,0.9130489665987991
DIEGO,3263,DIEGO,EUROPE,406,diego__diego_406,diego,Survey_September2023_cleaned,Survey_September2023_cleaned.xlsx,diego_406,NA,NA,IT,IT,southern_europe,18_24,male,student,usable_complete,TRUE,TRUE,32,1.006938150375564,1.0951893866745106,1.3754644781422145,0.6188725877498555,0.8845254782127111,1.8128687724965138,0.762351828867722,0.8010076622898876,0.5026354756666538
DIEGO,3264,DIEGO,EUROPE,407,diego__diego_407,diego,Survey_September2023_cleaned,Survey_September2023_cleaned.xlsx,diego_407,NA,NA,IT,IT,southern_europe,45_54,male,employed,usable_complete,TRUE,TRUE,32,0.5506117269679254,1.209576768237962,0.9934931818755703,0.8150576956728629,1.2697662035237203,0.6004923005658087,0.8956919775239538,0.2963129094310178,0.4125888196286509
DIEGO,3265,DIEGO,EUROPE,408,diego__diego_408,diego,Survey_September2023_cleaned,Survey_September2023_cleaned.xlsx,diego_408,NA,NA,IT,IT,southern_europe,18_24,male,employed,usable_complete,TRUE,TRUE,32,0.8813311907587346,0.5082753150435552,0.776600859255933,0.3203117994148403,0.6842747607858765,1.008521910815292,0.9268325068468857,0.24984070515441212,0.5595099520442351
DIEGO,3266,DIEGO,EUROPE,409,diego__diego_409,diego,Survey_September2023_cleaned,Survey_September2023_cleaned.xlsx,diego_409,NA,NA,ES,ES,southern_europe,45_54,male,employed,usable_complete,TRUE,TRUE,32,0.4389153176857319,1.3404242651767366,0.8849587094134442,1.1905836967352272,0.8129856359169108,0.48580101930550457,0.9175376754498632,0.6779699115418297,1.0553677063598952
DIEGO,3267,DIEGO,EUROPE,410,diego__diego_410,diego,Survey_September2023_cleaned,Survey_September2023_cleaned.xlsx,diego_410,NA,NA,IT,IT,southern_europe,18_24,male,employed,usable_complete,TRUE,TRUE,32,0.6244869592145368,0.9836212412306993,0.7931557146605962,0.8425622965925585,0.9167186921355605,0.6509788584106732,0.21378220688126975,0.7396550193121988,0.6772781684991916
DIEGO,3268,DIEGO,EUROPE,411,diego__diego_411,diego,Survey_September2023_cleaned,Survey_September2023_cleaned.xlsx,diego_411,NA,NA,GR,GR,southern_europe,18_24,male,employed,usable_complete,TRUE,TRUE,32,0.7320412470775198,1.0995080097829448,0.8260984721868312,0.8925177406304852,1.3147772014897434,1.122234148179785,0.9768011445183481,1.1717108286021614,0.3459006575060236
DIEGO,3269,DIEGO,EUROPE,412,diego__diego_412,diego,Survey_September2023_cleaned,Survey_September2023_cleaned.xlsx,diego_412,NA,NA,IT,IT,southern_europe,18_24,female,employed,usable_complete,TRUE,TRUE,32,0.7244784018059222,0.998142336516602,0.6581639665592613,0.6299392376173293,0.8424592296862351,1.0289020238637188,0.6982967214652288,1.1243558700006233,0.13799291665085422
DIEGO,3270,DIEGO,EUROPE,413,diego__diego_413,diego,Survey_September2023_cleaned,Survey_September2023_cleaned.xlsx,diego_413,NA,NA,IT,IT,southern_europe,18_24,male,employed,usable_complete,TRUE,TRUE,32,0.8705826484284866,0.6136635641521704,1.2245814451426051,0.34766484378062024,0.3696018950911958,1.230400145723275,0.5714637355148826,0.7913140386589138,0.8614433013742787
DIEGO,3271,DIEGO,EUROPE,414,diego__diego_414,diego,Survey_September2023_cleaned,Survey_September2023_cleaned.xlsx,diego_414,NA,NA,IT,IT,southern_europe,18_24,male,unemployed,usable_complete,TRUE,TRUE,32,0.9421739970615145,1.0058207374902812,1.0366517245883549,1.012485085909856,0.9868485579056849,0.5855159368321484,0.4622716887311116,0.9687051210869301,1.0757392228506815
DIEGO,3272,DIEGO,EUROPE,415,diego__diego_415,diego,Survey_September2023_cleaned,Survey_September2023_cleaned.xlsx,diego_415,NA,NA,IT,IT,southern_europe,18_24,male,student,usable_complete,TRUE,TRUE,32,0.6993762929390888,0.5218836684591748,0.5983727208317338,0.6980295678638351,0.8586591248787772,0.4539970206295836,0.7674461615862762,1.2154893910982028,1.0046944041256456
DIEGO,3273,DIEGO,EUROPE,416,diego__diego_416,diego,Survey_September2023_cleaned,Survey_September2023_cleaned.xlsx,diego_416,NA,NA,ES,ES,southern_europe,45_54,male,employed,usable_complete,TRUE,TRUE,32,1.2997575652917481,0.887128485592555,0.9741292038604833,0.5987338038034496,1.0087354950176133,0.7947899196103253,0.9892274145409818,0.83741327982777225,1.2889535961362713
DIEGO,3274,DIEGO,EUROPE,417,diego__diego_417,diego,Survey_September2023_cleaned,Survey_September2023_cleaned.xlsx,diego_417,NA,NA,ES,ES,southern_europe,25_34,male,employed,usable_complete,TRUE,TRUE,32,0.5373575820171745,0.33113695154267614,0.9141184802916982,0.9449073672527915,1.0684802458554736,0.5774163445973274,0.8231555305164882,0.13365703066729714,1.1748221180930993
DIEGO,3275,DIEGO,EUROPE,418,diego__diego_418,diego,Survey_September2023_cleaned,Survey_September2023_cleaned.xlsx,diego_418,NA,NA,GR,GR,southern_europe,45_54,female,employed,usable_complete,TRUE,TRUE,32,0.950300445076455,0.6322431620696152,0.6872154906454893,1.0425219815192832,0.8259544085494717,1.0233056690646687,0.9885159601996749,1.6694535040095684,1.3645584831997208
DIEGO,3276,DIEGO,EUROPE,419,diego__diego_419,diego,Survey_September2023_cleaned,Survey_September2023_cleaned.xlsx,diego_419,NA,NA,GR,GR,southern_europe,18_24,male,employed,usable_complete,TRUE,TRUE,32,0.7912330391801079,0.9437332989269083,0.6855118888775023,0.5592188055403654,1.1304387825139843,0.539348761109721,1.0042680631806644,1.0902177310771892,0.38175369310035445
DIEGO,3277,DIEGO,EUROPE,420,diego__diego_420,diego,Survey_September2023_cleaned,Survey_September2023_cleaned.xlsx,diego_420,NA,NA,IT,IT,southern_europe,18_24,other,student,usable_complete_limited_metadata,TRUE,TRUE,32,0.7286169208924302,0.4317777039721481,0.6020618792915027,0.39438040986818584,1.3843478595229417,0.8329627204377592,0.7081245335252013,0.5900772578176191,1.5200190877716973
DIEGO,3278,DIEGO,EUROPE,421,diego__diego_421,diego,Survey_September2023_cleaned,Survey_September2023_cleaned.xlsx,diego_421,NA,NA,IT,IT,southern_europe,45_54,male,employed,usable_complete,TRUE,TRUE,32,0.7193283287230857,0.44533066911735963,0.8644106173324875,0.5374505831722999,0.9575586988143567,0.7064544608290939,1.0994358072694663,1.3502227145086731,0.8729902623934624
DIEGO,3279,DIEGO,EUROPE,422,diego__diego_422,diego,Survey_September2023_cleaned,Survey_September2023_cleaned.xlsx,diego_422,NA,NA,ES,ES,southern_europe,45_54,male,employed,usable_complete,TRUE,TRUE,32,0.306321252270766,1.0297958558885552,0.5306457948461989,1.2930332565369629,0.720342344425691,0.704414460360854,0.8627710402952287,0.7085249072029036,0.7712058019557468
DIEGO,3280,DIEGO,EUROPE,423,diego__diego_423,diego,Survey_September2023_cleaned,Survey_September2023_cleaned.xlsx,diego_423,NA,NA,ES,ES,southern_europe,45_54,male,self_employed,usable_complete,TRUE,TRUE,32,0.2604391061873887,1.0055223336174268,0.697155173619447,0.3706131413202027,0.8595119792927662,0.5474209933875678,0.8326469512656075,0.942570021222701,1.364022703377002
DIEGO,3281,DIEGO,EUROPE,424,diego__diego_424,diego,Survey_September2023_cleaned,Survey_September2023_cleaned.xlsx,diego_424,NA,NA,IT,IT,southern_europe,25_34,male,employed,usable_complete,TRUE,TRUE,32,1.1815586697774876,0.7054919675117228,0.8470606141810391,1.0563180255020692,0.3819347022714109,0.7607628717743721,0.8939317779911867,0.6533236325305566,0.5465360147989521
DIEGO,3282,DIEGO,EUROPE,425,diego__diego_425,diego,Survey_September2023_cleaned,Survey_September2023_cleaned.xlsx,diego_425,NA,NA,IT,IT,southern_europe,18_24,female,student,usable_complete,TRUE,TRUE,32,0.9865889079499186,0.8978641939576384,0.7210683865995847,0.8216773996853761,0.7247363957186862,0.8557815108818922,1.0641494798153195,0.883457662181396,0.8965857542225599
DIEGO,3283,DIEGO,EUROPE,426,diego__diego_426,diego,Survey_September2023_cleaned,Survey_September2023_cleaned.xlsx,diego_426,NA,NA,ES,ES,southern_europe,25_34,female,unemployed,usable_complete,TRUE,TRUE,32,1.0618607077575328,1.083909824456844,0.6253227404966573,0.8001551270233586,0.7537130799881684,0.5767329441398266,1.2415236164970103,0.9994675523472903,1.0103758159693863
DIEGO,3284,DIEGO,EUROPE,427,diego__diego_427,diego,Survey_September2023_cleaned,Survey_September2023_cleaned.xlsx,diego_427,NA,NA,ES,ES,southern_europe,25_34,female,employed,usable_complete,TRUE,TRUE,32,1.0081324042872188,0.6441804722356064,0.8080887295803656,0.7220833199743653,0.608523925408349,0.6431772991195032,1.1141775281882529,0.8199606742396205,0.6331565047012283
DIEGO,3285,DIEGO,EUROPE,428,diego__diego_428,diego,Survey_September2023_cleaned,Survey_September2023_cleaned.xlsx,diego_428,NA,NA,IT,IT,southern_europe,18_24,female,student,usable_complete,TRUE,TRUE,32,1.3536138877407422,1.1086951698537144,1.035067081026003,0.8806048896348502,0.5107490825433859,1.0032755615474693,0.9234308929508115,0.8118908571588884,0.34498770127222694
DIEGO,3286,DIEGO,EUROPE,429,diego__diego_429,diego,Survey_September2023_cleaned,Survey_September2023_cleaned.xlsx,diego_429,NA,NA,ES,ES,southern_europe,25_34,male,employed,usable_complete,TRUE,TRUE,32,0.7162486686233758,1.0756662947140536,0.941415030416888,0.7632452768749317,0.6572439746773863,1.4672390512452265,0.8571974128983125,0.8439983463486627,0.6879157387911151
DIEGO,3287,DIEGO,EUROPE,430,diego__diego_430,diego,Survey_September2023_cleaned,Survey_September2023_cleaned.xlsx,diego_430,NA,NA,ES,ES,southern_europe,18_24,female,student,usable_complete,TRUE,TRUE,32,0.6561943348325794,0.8118494340574138,0.6135766311092471,0.3015233750457793,1.0317391817661954,0.9081957281124134,0.8769676598986946,1.4151075367392325,1.149711798763871
DIEGO,3288,DIEGO,EUROPE,431,diego__diego_431,diego,Survey_September2023_cleaned,Survey_September2023_cleaned.xlsx,diego_431,NA,NA,ES,ES,southern_europe,25_34,female,employed,usable_complete,TRUE,TRUE,32,0.9098861185531177,0.6417785511606946,0.7767548332964134,0.4539830308363662,1.4603603068480717,0.864653687858902,1.0363232908128015,0.025456698806385143,1.0263247553276682
DIEGO,3289,DIEGO,EUROPE,432,diego__diego_432,diego,Survey_September2023_cleaned,Survey_September2023_cleaned.xlsx,diego_432,NA,NA,IT,IT,southern_europe,45_54,male,self_employed,usable_complete,TRUE,TRUE,32,0.5065091570646106,0.585173380428367,1.1192255459237892,1.1386746834079349,0.7981969372993984,0.8204842346676964,0.8462007573101115,0.44294773690664596,0.447553011767102
DIEGO,3290,DIEGO,EUROPE,433,diego__diego_433,diego,Survey_September2023_cleaned,Survey_September2023_cleaned.xlsx,diego_433,NA,NA,IT,IT,southern_europe,18_24,female,unemployed,usable_complete,TRUE,TRUE,32,1.109324112918743,0.9589406117069634,0.6821464253240082,0.7833066588695402,0.5006182383351383,0.8568528968252721,0.9743609228642726,0.9310994079553154,0.7535121891273647
DIEGO,3291,DIEGO,EUROPE,434,diego__diego_434,diego,Survey_September2023_cleaned,Survey_September2023_cleaned.xlsx,diego_434,NA,NA,IT,IT,southern_europe,18_24,male,employed,usable_complete,TRUE,TRUE,32,1.0096792087834137,0.94252841556747,0.7145172747857804,1.1136988486287984,0.8561283393005771,1.4800677257611239,0.8021571777845777,0.5552193163089535,0.8218347304346089
DIEGO,3292,DIEGO,EUROPE,435,diego__diego_435,diego,Survey_September2023_cleaned,Survey_September2023_cleaned.xlsx,diego_435,NA,NA,ES,ES,southern_europe,25_34,female,employed,usable_complete,TRUE,TRUE,32,0.7918711601910216,0.49471915225172575,0.7141535978275322,0.886500332929438,0.4169622770903866,0.6458040280393756,1.0611119583603734,0.23502826920026318,0.3948689588999511
DIEGO,3293,DIEGO,EUROPE,436,diego__diego_436,diego,Survey_September2023_cleaned,Survey_September2023_cleaned.xlsx,diego_436,NA,NA,GR,GR,southern_europe,25_34,female,unemployed,usable_complete,TRUE,TRUE,32,0.6011747153745082,0.8403587999849946,0.856801409477872,0.8671490000074101,1.0961949447006396,1.6634846513442625,0.5741506710852098,0.5780846213503757,0.8006245862951789
DIEGO,3294,DIEGO,EUROPE,437,diego__diego_437,diego,Survey_September2023_cleaned,Survey_September2023_cleaned.xlsx,diego_437,NA,NA,ES,ES,southern_europe,18_24,male,student,usable_complete,TRUE,TRUE,32,1.2781379435271543,0.7997842773977699,0.7711722615065331,1.1982130968414297,0.7233856708451811,1.707145373873722,1.1382091367339275,1.2753449168253062,0.22445349338086207
DIEGO,3295,DIEGO,EUROPE,438,diego__diego_438,diego,Survey_September2023_cleaned,Survey_September2023_cleaned.xlsx,diego_438,NA,NA,ES,ES,southern_europe,25_34,female,employed,usable_complete,TRUE,TRUE,32,1.075228685416302,1.1544451513545806,0.755163174501999,0.9082696289267259,0.2849666840351828,0.5930942636925485,0.6017320061182572,1.2364606935659876,0.9895145517753747
DIEGO,3296,DIEGO,EUROPE,439,diego__diego_439,diego,Survey_September2023_cleaned,Survey_September2023_cleaned.xlsx,diego_439,NA,NA,IT,IT,southern_europe,45_54,female,self_employed,usable_complete,TRUE,TRUE,32,0.8582547980769702,0.7037630739616826,0.9238069634930423,1.0246282965558489,0.2694875506050564,0.7951511961357847,0.973149168453203,1.287267619575857,0.18755071265009043
DIEGO,3297,DIEGO,EUROPE,440,diego__diego_440,diego,Survey_September2023_cleaned,Survey_September2023_cleaned.xlsx,diego_440,NA,NA,IT,IT,southern_europe,18_24,male,student,usable_complete,TRUE,TRUE,32,0.7862916928508542,0.8309831409686512,1.3208921504341729,0.9882637917724164,0.19185066741155837,0.7831924453090012,0.3321946355154374,0.8635460353706329,0.9313414029427864
DIEGO,3298,DIEGO,EUROPE,441,diego__diego_441,diego,Survey_September2023_cleaned,Survey_September2023_cleaned.xlsx,diego_441,NA,NA,GR,GR,southern_europe,18_24,male,employed,usable_complete,TRUE,TRUE,32,1.1910254800243576,0.9474010064531526,0.6595644005149883,1.0189643017224832,0.47232257443886694,0.7736443287556775,0.8987417809721293,1.296819341449183,0.9492745051810574
DIEGO,3299,DIEGO,EUROPE,442,diego__diego_442,diego,Survey_September2023_cleaned,Survey_September2023_cleaned.xlsx,diego_442,NA,NA,IT,IT,southern_europe,18_24,male,student,usable_complete,TRUE,TRUE,32,1.3246652386621163,1.2984014450242911,1.2582166362338045,0.6244318555783518,0.9349972190030682,1.2643873648800321,0.9488141401006074,0.30514675929525065,0.5807007400392811
DIEGO,3300,DIEGO,EUROPE,443,diego__diego_443,diego,Survey_September2023_cleaned,Survey_September2023_cleaned.xlsx,diego_443,NA,NA,ES,ES,southern_europe,18_24,male,employed,usable_complete,TRUE,TRUE,32,0.7617804617684714,0.44943629396153795,1.2671400967982422,0.8679928838956043,1.1683600320931187,0.9318081819448276,0.8257277199239488,0.7865418504833613,0.28104897895979875
DIEGO,3301,DIEGO,EUROPE,444,diego__diego_444,diego,Survey_September2023_cleaned,Survey_September2023_cleaned.xlsx,diego_444,NA,NA,GR,GR,southern_europe,18_24,male,student,usable_complete,TRUE,TRUE,32,0.5004382341968485,0.7685269547831953,0.7073336491758246,0.5746155752782511,0.929234857806075,0.7574010970042114,0.9309213425644153,0.8855151231457411,0.6976785717457243
DIEGO,3302,DIEGO,EUROPE,445,diego__diego_445,diego,Survey_September2023_cleaned,Survey_September2023_cleaned.xlsx,diego_445,NA,NA,IT,IT,southern_europe,18_24,female,student,usable_complete,TRUE,TRUE,32,0.9174349177229343,1.4138629138733059,0.7132881931113005,1.0853302322655174,0.7109703642514129,1.007679959351976,0.6808414365236615,0.7843286107501676,0.8336934167594284
DIEGO,3303,DIEGO,EUROPE,446,diego__diego_446,diego,Survey_September2023_cleaned,Survey_September2023_cleaned.xlsx,diego_446,NA,NA,ES,ES,southern_europe,45_54,male,employed,usable_complete,TRUE,TRUE,32,0.508079752148925,0.21623566952722836,0.7710662566000813,0.710769049511287,1.3090136853809349,1.0469145458074451,1.0173741665663802,0.5499201763203837,0.3016943047754717
DIEGO,3304,DIEGO,EUROPE,447,diego__diego_447,diego,Survey_September2023_cleaned,Survey_September2023_cleaned.xlsx,diego_447,NA,NA,GR,GR,southern_europe,18_24,female,employed,usable_complete,TRUE,TRUE,32,0.9635383241220489,0.3625941245209081,0.7302894640734119,1.2682222632995896,0.8320655320192741,0.6383466843170337,0.48913715806265373,1.0895751850947581,0.48767108243997026
DIEGO,3305,DIEGO,EUROPE,448,diego__diego_448,diego,Survey_September2023_cleaned,Survey_September2023_cleaned.xlsx,diego_448,NA,NA,IT,IT,southern_europe,18_24,female,employed,usable_complete,TRUE,TRUE,32,0.5775839062726158,0.4999355858265938,1.0776823511945923,1.2839838408874458,0.13369553179765004,0.5778512097836146,1.2531192389968917,1.2779019456096823,0.4446625011948234
DIEGO,3306,DIEGO,EUROPE,449,diego__diego_449,diego,Survey_September2023_cleaned,Survey_September2023_cleaned.xlsx,diego_449,NA,NA,IT,IT,southern_europe,25_34,female,student,usable_complete,TRUE,TRUE,32,0.7846569544412819,0.42732017951445617,0.7479947375347276,0.8364117850621374,0.9085382849008266,0.828114553016938,0.773904013282368,1.0723611326480065,0.9498653613168733
DIEGO,3307,DIEGO,EUROPE,450,diego__diego_450,diego,Survey_September2023_cleaned,Survey_September2023_cleaned.xlsx,diego_450,NA,NA,ES,ES,southern_europe,25_34,female,employed,usable_complete,TRUE,TRUE,32,0.8779398076603899,0.872692956305819,0.7720022917220799,0.9283592590620245,1.0161912890730531,0.6304005948757183,0.7397998226336979,0.5336188302371901,0.206997869951044
DIEGO,3308,DIEGO,EUROPE,451,diego__diego_451,diego,Survey_September2023_cleaned,Survey_September2023_cleaned.xlsx,diego_451,NA,NA,ES,ES,southern_europe,18_24,other,employed,usable_complete_limited_metadata,TRUE,TRUE,32,0.5018437990528211,0.6229172863396909,1.0293789336300816,1.0663021139875073,1.4589547961795428,0.8100453588610124,0.6397745111615929,0.7300979385931177,1.297567512447631
DIEGO,3309,DIEGO,EUROPE,452,diego__diego_452,diego,Survey_September2023_cleaned,Survey_September2023_cleaned.xlsx,diego_452,NA,NA,GR,GR,southern_europe,65_plus,male,employed,usable_complete,TRUE,TRUE,32,0.689828747013426,1.059453812690818,0.7712823814034542,0.3347114995139193,0.972629120347944,0.6907045179510354,0.740060242922808,1.1131541531608196,0.5488786200365575
DIEGO,3310,DIEGO,EUROPE,453,diego__diego_453,diego,Survey_September2023_cleaned,Survey_September2023_cleaned.xlsx,diego_453,NA,NA,IT,IT,southern_europe,18_24,female,student,usable_complete,TRUE,TRUE,32,0.3624385240161654,0.7172136058928649,0.5165580781462437,0.44026305383602765,0.8877080726671518,0.6283629914388298,0.5698280204757582,0.71328506927418045,0.48891241323254087
DIEGO,3311,DIEGO,EUROPE,454,diego__diego_454,diego,Survey_September2023_cleaned,Survey_September2023_cleaned.xlsx,diego_454,NA,NA,ES,ES,southern_europe,18_24,male,student,usable_complete,TRUE,TRUE,32,0.39779243078650967,1.2513150741831285,0.8311354805095699,0.4810721993048959,1.0998851463435444,1.0064874468611522,1.1659703441816558,0.24612630444038727,1.2926462225668043
DIEGO,3312,DIEGO,EUROPE,455,diego__diego_455,diego,Survey_September2023_cleaned,Survey_September2023_cleaned.xlsx,diego_455,NA,NA,IT,IT,southern_europe,65_plus,male,self_employed,usable_complete,TRUE,TRUE,32,0.5610075287148416,0.91251231993623,0.49430628177115904,0.4781355949636766,0.8299004513341584,0.8568394871679885,0.8711811210144349,0.6230282210073016,1.1861443632159065
DIEGO,3313,DIEGO,EUROPE,456,diego__diego_456,diego,Survey_September2023_cleaned,Survey_September2023_cleaned.xlsx,diego_456,NA,NA,IT,IT,southern_europe,25_34,male,self_employed,usable_complete,TRUE,TRUE,32,0.8574079933204559,0.5992883167795173,0.8362704865039916,1.0708466164599235,1.2443829807351225,0.629514425613523,1.1260860100416576,0.3278634908570086,1.1856757896133256
DIEGO,3314,DIEGO,EUROPE,457,diego__diego_457,diego,Survey_September2023_cleaned,Survey_September2023_cleaned.xlsx,diego_457,NA,NA,GR,GR,southern_europe,18_24,female,employed,usable_complete,TRUE,TRUE,32,1.0617701088680511,0.967331420379047,0.5366711062195603,0.9376516648394403,1.272061893508447,0.9914700396680092,0.9034336678509064,0.5466761947962154,0.8633980084509996
DIEGO,3315,DIEGO,EUROPE,458,diego__diego_458,diego,Survey_September2023_cleaned,Survey_September2023_cleaned.xlsx,diego_458,NA,NA,IT,IT,southern_europe,18_24,female,student,usable_complete,TRUE,TRUE,32,0.45068881466136324,0.7583534200117293,0.8908502349064493,0.9236677966807608,1.334537077735956,0.8085160048701956,0.6258327773521205,0.913171122382113,1.0728757117998862
DIEGO,3316,DIEGO,EUROPE,459,diego__diego_459,diego,Survey_September2023_cleaned,Survey_September2023_cleaned.xlsx,diego_459,NA,NA,ES,ES,southern_europe,18_24,female,student,usable_complete,TRUE,TRUE,32,0.516825350212441,0.7295726760618515,1.1685939470160656,0.9707092305783106,1.1444017259156978,1.0439446634522902,1.0494507383378506,0.3693861139118382,1.3005994084015813
DIEGO,3317,DIEGO,EUROPE,460,diego__diego_460,diego,Survey_September2023_cleaned,Survey_September2023_cleaned.xlsx,diego_460,NA,NA,ES,ES,southern_europe,25_34,female,employed,usable_complete,TRUE,TRUE,32,0.7387647752952122,0.7206490049779398,0.5703281846638801,1.2648005774933406,0.8093962142234428,0.9824140885726285,0.6437637017233934,0.46665779670298896,0.5066501559484528
DIEGO,3318,DIEGO,EUROPE,461,diego__diego_461,diego,Survey_September2023_cleaned,Survey_September2023_cleaned.xlsx,diego_461,NA,NA,ES,ES,southern_europe,45_54,male,employed,usable_complete,TRUE,TRUE,32,1.1627237382950855,0.8975546056145287,0.8688329425133006,0.8974576560698675,0.6310490648804692,1.5066087985790642,0.5169709465639019,0.5522504877338227,1.4843206617442064
DIEGO,3319,DIEGO,EUROPE,462,diego__diego_462,diego,Survey_September2023_cleaned,Survey_September2023_cleaned.xlsx,diego_462,NA,NA,ES,ES,southern_europe,18_24,male,unemployed,usable_complete,TRUE,TRUE,32,0.5124133893134017,1.1819893390149558,0.6676207691435396,0.5114601220795377,0.7021949526587428,1.7674378904279813,1.3296395253132594,1.2196213128267561,0.4258758831432618
DIEGO,3320,DIEGO,EUROPE,463,diego__diego_463,diego,Survey_September2023_cleaned,Survey_September2023_cleaned.xlsx,diego_463,NA,NA,ES,ES,southern_europe,18_24,female,student,usable_complete,TRUE,TRUE,32,0.69756337204632,0.3738451350922485,1.0592707441322617,0.5123352303077721,0.6124443891304951,1.004146728810392,1.263986239325325,0.5893301357929072,0.9202567469882765
DIEGO,3321,DIEGO,EUROPE,464,diego__diego_464,diego,Survey_September2023_cleaned,Survey_September2023_cleaned.xlsx,diego_464,NA,NA,ES,ES,southern_europe,18_24,male,student,usable_complete,TRUE,TRUE,32,0.8978731615768364,0.8897622784469154,0.41994072135849125,1.4678923999185927,1.2773739637671109,0.5760033542957951,0.9578546423905177,0.9130150199428401,1.4477061156427065
DIEGO,3322,DIEGO,EUROPE,465,diego__diego_465,diego,Survey_September2023_cleaned,Survey_September2023_cleaned.xlsx,diego_465,NA,NA,IT,IT,southern_europe,25_34,female,employed,usable_complete,TRUE,TRUE,32,0.7201633968171554,0.9460831971234942,1.0456628598127473,0.6918725700407903,1.383757466165922,0.9895594431293293,0.853201631065582,0.8196484393586224,0.7829067227077764
DIEGO,3323,DIEGO,EUROPE,466,diego__diego_466,diego,Survey_September2023_cleaned,Survey_September2023_cleaned.xlsx,diego_466,NA,NA,IT,IT,southern_europe,18_24,female,student,usable_complete,TRUE,TRUE,32,0.5862212410120418,0.34918778290009017,1.2831052557593448,1.006792467021038,0.11279869749196565,0.6177564060445747,0.9542042302045648,0.9169300887971229,0.767441686276537
DIEGO,3324,DIEGO,EUROPE,467,diego__diego_467,diego,Survey_September2023_cleaned,Survey_September2023_cleaned.xlsx,diego_467,NA,NA,GR,GR,southern_europe,25_34,female,employed,usable_complete,TRUE,TRUE,32,0.7836878795504213,0.3475164719933629,0.7157610213073099,1.8111783537613444,1.1506097259392467,0.6579493914993135,0.6027799921379803,0.878528191378904,1.0552330470542415
DIEGO,3325,DIEGO,EUROPE,468,diego__diego_468,diego,Survey_September2023_cleaned,Survey_September2023_cleaned.xlsx,diego_468,NA,NA,IT,IT,southern_europe,18_24,male,employed,usable_complete,TRUE,TRUE,32,1.0648393339674982,0.9767241038995094,1.1413104392990885,1.136114747110675,0.7751547312089297,1.0241142821763014,1.0811267874033383,0.9659836045402367,0.7501094878465308
DIEGO,3326,DIEGO,EUROPE,469,diego__diego_469,diego,Survey_September2023_cleaned,Survey_September2023_cleaned.xlsx,diego_469,NA,NA,GR,GR,southern_europe,18_24,female,employed,usable_complete,TRUE,TRUE,32,0.4420577357474259,0.919153981862779,0.918898655070563,0.9950921389225839,0.9154663280857089,1.16106470370033,0.873386559482715,0.5032974340636481,0.44033849999755903
DIEGO,3327,DIEGO,EUROPE,470,diego__diego_470,diego,Survey_September2023_cleaned,Survey_September2023_cleaned.xlsx,diego_470,NA,NA,IT,IT,southern_europe,45_54,female,employed,usable_complete,TRUE,TRUE,32,0.867953042501584,0.620081361666453,0.9637905783451517,1.3598196450416085,0.822526416303121,0.9208020874697476,0.7891805154677234,0.6596234908802088,0.8367512842137438
DIEGO,3328,DIEGO,EUROPE,471,diego__diego_471,diego,Survey_September2023_cleaned,Survey_September2023_cleaned.xlsx,diego_471,NA,NA,ES,ES,southern_europe,25_34,female,employed,usable_complete,TRUE,TRUE,32,0.555141793864201,0.8202339408439904,0.7331922613319337,1.223961252811544,1.022379088346931,0.932219096995618,0.8984183138272112,0.31754451962688307,0.11994145435057851
DIEGO,3329,DIEGO,EUROPE,472,diego__diego_472,diego,Survey_September2023_cleaned,Survey_September2023_cleaned.xlsx,diego_472,NA,NA,IT,IT,southern_europe,45_54,female,employed,usable_complete,TRUE,TRUE,32,0.5525618437200278,0.7962121755434433,0.5805196722254566,0.03674654561043879,0.8324627797513847,0.8504242119127112,0.7972333101735554,0.5511901161246432,1.4312909495797927
DIEGO,3330,DIEGO,EUROPE,473,diego__diego_473,diego,Survey_September2023_cleaned,Survey_September2023_cleaned.xlsx,diego_473,NA,NA,IT,IT,southern_europe,25_34,female,employed,usable_complete,TRUE,TRUE,32,1.0219144803658582,0.8818325400930507,0.5721882387467897,0.6228809420868525,0.35740635486471384,0.8951108844147891,0.9278554135098244,0.6340076210748619,0.5886909897549423
DIEGO,3331,DIEGO,EUROPE,474,diego__diego_474,diego,Survey_September2023_cleaned,Survey_September2023_cleaned.xlsx,diego_474,NA,NA,IT,IT,southern_europe,18_24,male,student,usable_complete,TRUE,TRUE,32,1.2046224658070521,0.666194151844809,0.838293121300026,0.6782920603130084,0.6696199758834759,1.0245309813905907,0.5739034940966359,1.1930434479160577,0.8416009843531669
DIEGO,3332,DIEGO,EUROPE,475,diego__diego_475,diego,Survey_September2023_cleaned,Survey_September2023_cleaned.xlsx,diego_475,NA,NA,IT,IT,southern_europe,25_34,female,unemployed,usable_complete,TRUE,TRUE,32,0.45591578249572784,1.3453734337341752,0.7345259826857815,0.9243045201951355,1.0956534595987684,1.0353682135351554,0.7682917746603123,0.3459612927325934,0.04294215880210475
DIEGO,3333,DIEGO,EUROPE,476,diego__diego_476,diego,Survey_September2023_cleaned,Survey_September2023_cleaned.xlsx,diego_476,NA,NA,ES,ES,southern_europe,25_34,female,employed,usable_complete,TRUE,TRUE,32,0.7660697872716784,0.7639461475781042,0.8592748527387718,0.5242232530888405,0.415990390140815,0.8334133788074674,0.441423246351038,0.41410357727393493,0.6061685347177366
DIEGO,3334,DIEGO,EUROPE,477,diego__diego_477,diego,Survey_September2023_cleaned,Survey_September2023_cleaned.xlsx,diego_477,NA,NA,ES,ES,southern_europe,18_24,female,student,usable_complete,TRUE,TRUE,32,1.137467092409522,0.7347613784066516,0.5561837177418567,0.993875557645253,0.5451487326191489,1.153119204007199,0.6198331097596037,0.6898249278475528,0.4739680932535368
DIEGO,3335,DIEGO,EUROPE,478,diego__diego_478,diego,Survey_September2023_cleaned,Survey_September2023_cleaned.xlsx,diego_478,NA,NA,IT,IT,southern_europe,25_34,female,unemployed,usable_complete,TRUE,TRUE,32,0.6644146176539201,0.8878785660943886,0.648643252278186,1.2933650007757171,1.0700670595818798,0.4775831045204255,1.01645990737449,0.9528286266696337,0.5223285486310268
DIEGO,3336,DIEGO,EUROPE,479,diego__diego_479,diego,Survey_September2023_cleaned,Survey_September2023_cleaned.xlsx,diego_479,NA,NA,IT,IT,southern_europe,18_24,female,student,usable_complete,TRUE,TRUE,32,0.8303378347835442,0.6408389748419052,0.6826062844539554,0.5230804117592803,0.4655645117227466,0.9152886732395037,1.1611333631091278,0.6995789606405781,0.5807464196266421
DIEGO,3337,DIEGO,EUROPE,480,diego__diego_480,diego,Survey_September2023_cleaned,Survey_September2023_cleaned.xlsx,diego_480,NA,NA,ES,ES,southern_europe,45_54,male,employed,usable_complete,TRUE,TRUE,32,0.8515471207598334,1.2519298472847926,0.8973761848794052,0.5625156076967914,1.3615327165322013,0.85324819951484,0.8144472038808672,0.8722308256550398,1.5475680248809152
DIEGO,3338,DIEGO,EUROPE,481,diego__diego_481,diego,Survey_September2023_cleaned,Survey_September2023_cleaned.xlsx,diego_481,NA,NA,GR,GR,southern_europe,18_24,female,student,usable_complete,TRUE,TRUE,32,1.3454845295453235,1.2929154711783515,0.8706742222624865,0.6801698848450576,0.6436606588031806,1.0868641714033642,0.5479597586307503,0.47781327736053575,0.36921607585398536
DIEGO,3339,DIEGO,EUROPE,482,diego__diego_482,diego,Survey_September2023_cleaned,Survey_September2023_cleaned.xlsx,diego_482,NA,NA,IT,IT,southern_europe,45_54,male,employed,usable_complete,TRUE,TRUE,32,0.7043330444371503,0.7743398582254514,1.02104232264935,0.47524177356634106,1.1695161085725883,0.837879412300403,0.9792795649097489,1.0606582843745278,1.1076922491469916
DIEGO,3340,DIEGO,EUROPE,483,diego__diego_483,diego,Survey_September2023_cleaned,Survey_September2023_cleaned.xlsx,diego_483,NA,NA,IT,IT,southern_europe,18_24,female,unemployed,usable_complete,TRUE,TRUE,32,1.1890969594054437,0.7881210929458516,0.930909940601895,0.8665398968382879,1.375405794610283,1.9843489681469157,1.121978085469524,1.1036815592290725,1.0279774494896823
DIEGO,3341,DIEGO,EUROPE,484,diego__diego_484,diego,Survey_September2023_cleaned,Survey_September2023_cleaned.xlsx,diego_484,NA,NA,ES,ES,southern_europe,25_34,female,employed,usable_complete,TRUE,TRUE,32,0.7720117123297354,0.8688392716075328,0.6509706782831256,1.0600850602810097,1.090886033676342,1.2697208628971424,1.0096891110430655,1.1820491430477,1.0073993893279563
DIEGO,3342,DIEGO,EUROPE,485,diego__diego_485,diego,Survey_September2023_cleaned,Survey_September2023_cleaned.xlsx,diego_485,NA,NA,IT,IT,southern_europe,45_54,male,employed,usable_complete,TRUE,TRUE,32,1.0229354359356833,0.09694583708756069,0.6870667842117923,0.5378916151748484,0.633328495693057,0.9820509175590798,0.9122580239237752,0.9832675177108099,0.3562000446027969
DIEGO,3343,DIEGO,EUROPE,486,diego__diego_486,diego,Survey_September2023_cleaned,Survey_September2023_cleaned.xlsx,diego_486,NA,NA,GR,GR,southern_europe,18_24,female,student,usable_complete,TRUE,TRUE,32,0.9126281857197356,0.5447325098858848,0.3935670001463961,0.6413415408138521,1.272011521010978,0.6903410545386043,0.7240574310503752,1.1490594315796228,0.5615394938384012
DIEGO,3344,DIEGO,EUROPE,487,diego__diego_487,diego,Survey_September2023_cleaned,Survey_September2023_cleaned.xlsx,diego_487,NA,NA,IT,IT,southern_europe,18_24,other,self_employed,usable_complete_limited_metadata,TRUE,TRUE,32,1.033184390389973,0.9650838245345982,1.254864131750526,0.5000788568421112,1.3802305636234902,1.0061477089679487,0.9975265905191124,0.8876443405210311,0.5257189979029463
DIEGO,3345,DIEGO,EUROPE,488,diego__diego_488,diego,Survey_September2023_cleaned,Survey_September2023_cleaned.xlsx,diego_488,NA,NA,IT,IT,southern_europe,45_54,male,self_employed,usable_complete,TRUE,TRUE,32,1.2738892133169455,1.4278434707726761,1.0545684083878144,1.1260538443300205,1.0609265657205416,0.9991745105275571,0.9658529914288833,1.4976391245875194,0.8139921597628725
DIEGO,3346,DIEGO,EUROPE,489,diego__diego_489,diego,Survey_September2023_cleaned,Survey_September2023_cleaned.xlsx,diego_489,NA,NA,IT,IT,southern_europe,18_24,male,student,usable_complete,TRUE,TRUE,32,0.8485528918917064,0.8251064377075097,1.2736534793371885,1.0303842576364775,1.1106500612364494,0.8664726140231853,0.8321440665503712,1.2590836765821625,1.2887110068615404
DIEGO,3347,DIEGO,EUROPE,490,diego__diego_490,diego,Survey_September2023_cleaned,Survey_September2023_cleaned.xlsx,diego_490,NA,NA,ES,ES,southern_europe,45_54,male,self_employed,usable_complete,TRUE,TRUE,32,0.7206299419866723,0.9925757499486274,1.1351738073303526,0.9838264820329744,0.11337672112901838,0.6224293127565941,0.625088630505152,1.1630412527632414,0.8288001818768682
DIEGO,3348,DIEGO,EUROPE,491,diego__diego_491,diego,Survey_September2023_cleaned,Survey_September2023_cleaned.xlsx,diego_491,NA,NA,IT,IT,southern_europe,25_34,female,student,usable_complete,TRUE,TRUE,32,0.5704354907804118,0.32932219839369864,0.8806447493796792,0.8468211159563662,0.9033804678590102,0.44606683849974227,0.9088886126715872,0.5747758156539068,0.46811498585595557
DIEGO,3349,DIEGO,EUROPE,492,diego__diego_492,diego,Survey_September2023_cleaned,Survey_September2023_cleaned.xlsx,diego_492,NA,NA,IT,IT,southern_europe,45_54,female,employed,usable_complete,TRUE,TRUE,32,0.9400654486037452,0.31669928324443436,0.6887668374756689,0.23262835423544517,1.0002244635589568,1.0207461697903844,0.5369839166704897,0.6630458824413108,0.3322552053230884
DIEGO,3350,DIEGO,EUROPE,493,diego__diego_493,diego,Survey_September2023_cleaned,Survey_September2023_cleaned.xlsx,diego_493,NA,NA,IT,IT,southern_europe,18_24,female,employed,usable_complete,TRUE,TRUE,32,0.7182095404903925,1.111596363405532,0.6633947089224586,0.8215219409599976,1.5188764967678796,1.1786630885683365,0.8234634556066244,1.2690287228617076,0.8347353101445021
DIEGO,3351,DIEGO,EUROPE,494,diego__diego_494,diego,Survey_September2023_cleaned,Survey_September2023_cleaned.xlsx,diego_494,NA,NA,GR,GR,southern_europe,18_24,male,employed,usable_complete,TRUE,TRUE,32,0.9109996234515487,0.39186496164628,0.6290933682735849,1.5131202657490999,0.527237208216472,0.9535550708846463,1.3501391341077342,0.4133154487043065,0.19040881473840146
DIEGO,3352,DIEGO,EUROPE,495,diego__diego_495,diego,Survey_September2023_cleaned,Survey_September2023_cleaned.xlsx,diego_495,NA,NA,IT,IT,southern_europe,18_24,male,student,usable_complete,TRUE,TRUE,32,0.5793291674952653,1.1165727227396485,0.7190296188847833,1.1821926119650965,0.793929643037284,0.3390509137664879,1.0468132931172878,0.6624940921416389,0.8968306571741191
DIEGO,3353,DIEGO,EUROPE,496,diego__diego_496,diego,Survey_September2023_cleaned,Survey_September2023_cleaned.xlsx,diego_496,NA,NA,IT,IT,southern_europe,45_54,female,employed,usable_complete,TRUE,TRUE,32,0.8682373850645441,0.775285717050731,0.548811781417993,1.0375867585855876,0.4151980691939891,0.8753831415835356,0.6848152193045811,0.6769984329698401,0.6207435603204768
DIEGO,3354,DIEGO,EUROPE,497,diego__diego_497,diego,Survey_September2023_cleaned,Survey_September2023_cleaned.xlsx,diego_497,NA,NA,IT,IT,southern_europe,45_54,male,self_employed,usable_complete,TRUE,TRUE,32,0.8053796114943597,1.3694571897570769,0.6431248854407495,0.8023838555230741,1.4524934833019918,0.7756914160102595,0.8263115629725217,1.7084328172488557,0.5393029066710464
DIEGO,3355,DIEGO,EUROPE,498,diego__diego_498,diego,Survey_September2023_cleaned,Survey_September2023_cleaned.xlsx,diego_498,NA,NA,ES,ES,southern_europe,18_24,female,student,usable_complete,TRUE,TRUE,32,0.717680339980133,0.8587104203476197,1.0982566701524885,0.540479530241611,0.9790872622523499,1.1659993468717595,0.9831711443399522,0.9432771301410657,0.8614988787549449
DIEGO,3356,DIEGO,EUROPE,499,diego__diego_499,diego,Survey_September2023_cleaned,Survey_September2023_cleaned.xlsx,diego_499,NA,NA,IT,IT,southern_europe,18_24,female,student,usable_complete,TRUE,TRUE,32,0.502020927496716,0.8046822845831463,0.737246231001533,1.0647031199663333,0.7333801311616757,1.0209007204136802,1.1646804530713437,0.5544422640893177,1.368510428824866
DIEGO,3357,DIEGO,EUROPE,500,diego__diego_500,diego,Survey_September2023_cleaned,Survey_September2023_cleaned.xlsx,diego_500,NA,NA,IT,IT,southern_europe,25_34,female,student,usable_complete,TRUE,TRUE,32,0.3234783356247442,0.9202747710812696,0.5713747805680398,0.8290671382422673,0.729838735282305,0.8563226883606021,1.0763802410897811,1.1681436910808103,0.9389280877980075
DIEGO,3358,DIEGO,EUROPE,501,diego__diego_501,diego,Survey_September2023_cleaned,Survey_September2023_cleaned.xlsx,diego_501,NA,NA,GR,GR,southern_europe,18_24,male,student,usable_complete,TRUE,TRUE,32,0.929236356260225,1.2102984884694081,0.9717864152945305,1.2316857066993026,2.0626888944749218,0.6341957277987578,0.9863178335320599,1.1605614513740274,1.0981169980068297
DIEGO,3359,DIEGO,EUROPE,502,diego__diego_502,diego,Survey_September2023_cleaned,Survey_September2023_cleaned.xlsx,diego_502,NA,NA,GR,GR,southern_europe,18_24,female,student,usable_complete,TRUE,TRUE,32,0.6567271770185398,0.6308027992589507,0.8442891166324274,1.073139005778425,1.1410419024235794,0.9244343912521664,0.6020296344602698,0.778459585529418,0.624010129722852
DIEGO,3360,DIEGO,EUROPE,503,diego__diego_503,diego,Survey_September2023_cleaned,Survey_September2023_cleaned.xlsx,diego_503,NA,NA,GR,GR,southern_europe,18_24,male,employed,usable_complete,TRUE,TRUE,32,0.9082693001312366,0.8057836749194754,0.5781416279153759,0.6486417853164218,0.998772229494131,1.3066930471328821,0.8246135155914303,1.1578435307521466,0.808244908028803
DIEGO,3361,DIEGO,EUROPE,504,diego__diego_504,diego,Survey_September2023_cleaned,Survey_September2023_cleaned.xlsx,diego_504,NA,NA,ES,ES,southern_europe,18_24,male,student,usable_complete,TRUE,TRUE,32,1.0862761796160465,1.225910689947382,0.850079170561506,1.119489186480228,0.25626460593900036,0.8523428656939305,0.9950349478778223,1.6166038636656326,0.9252763691337025
DIEGO,3362,DIEGO,EUROPE,505,diego__diego_505,diego,Survey_September2023_cleaned,Survey_September2023_cleaned.xlsx,diego_505,NA,NA,IT,IT,southern_europe,45_54,female,employed,usable_complete,TRUE,TRUE,32,0.7564482003733918,1.0228093575555355,0.902346308265798,0.7574501723602224,1.104139637197554,0.5505401008357635,0.95106765670504545,0.5244848179296754,1.3471638541777353
DIEGO,3363,DIEGO,EUROPE,506,diego__diego_506,diego,Survey_September2023_cleaned,Survey_September2023_cleaned.xlsx,diego_506,NA,NA,IT,IT,southern_europe,25_34,female,employed,usable_complete,TRUE,TRUE,32,0.9335580879249268,0.6440570377007488,0.5691891202079202,0.6072128784826123,0.7919976660083291,0.7411175158908482,0.8638466651840035,0.8138579434196092,1.2495357873996675
DIEGO,3364,DIEGO,EUROPE,507,diego__diego_507,diego,Survey_September2023_cleaned,Survey_September2023_cleaned.xlsx,diego_507,NA,NA,GR,GR,southern_europe,45_54,male,self_employed,usable_complete,TRUE,TRUE,32,0.9678573198326319,0.6568432535760654,0.8709237828141682,0.5669608071966813,1.4003536407143171,1.1166645666534447,1.1957154493898823,1.2755107753088872,0.45488081666370583
DIEGO,3365,DIEGO,EUROPE,508,diego__diego_508,diego,Survey_September2023_cleaned,Survey_September2023_cleaned.xlsx,diego_508,NA,NA,ES,ES,southern_europe,45_54,male,unemployed,usable_complete,TRUE,TRUE,32,0.5072132395287698,0.6414633302451563,1.0366837981823065,0.9640870835524312,0.8302113720165862,0.5200654156362032,0.46463217408421614,0.22249148606185032,0.9752196346339327
DIEGO,3366,DIEGO,EUROPE,509,diego__diego_509,diego,Survey_September2023_cleaned,Survey_September2023_cleaned.xlsx,diego_509,NA,NA,ES,ES,southern_europe,18_24,female,student,usable_complete,TRUE,TRUE,32,1.08571335276945,0.4081797365599483,0.7599190662271657,0.8993551396554373,0.8797025090587776,0.8180208778768575,0.9488353448892516,0.7149618996970736,1.5479335044419118
DIEGO,3367,DIEGO,EUROPE,510,diego__diego_510,diego,Survey_September2023_cleaned,Survey_September2023_cleaned.xlsx,diego_510,NA,NA,ES,ES,southern_europe,18_24,female,student,usable_complete,TRUE,TRUE,32,0.513139918635032,0.8281627741068551,0.6601917025398975,0.8264487740918652,1.4451227110947118,0.8192543708557107,0.6228382451639587,0.524083734261947,0.713892602295778
DIEGO,3368,DIEGO,EUROPE,511,diego__diego_511,diego,Survey_September2023_cleaned,Survey_September2023_cleaned.xlsx,diego_511,NA,NA,ES,ES,southern_europe,45_54,female,employed,usable_complete,TRUE,TRUE,32,0.705793560279832,0.815003297758555,1.0456131461196079,1.0293839740233697,1.2567578526177632,0.7758996353866221,0.5300167884693177,1.143406871372362,0.9138978236880388
DIEGO,3369,DIEGO,EUROPE,512,diego__diego_512,diego,Survey_September2023_cleaned,Survey_September2023_cleaned.xlsx,diego_512,NA,NA,ES,ES,southern_europe,18_24,male,student,usable_complete,TRUE,TRUE,32,1.0375033431177694,0.6856030522720429,0.5457549623882978,0.9697980702024829,0.8785107705008057,0.7388135454777894,0.7916322169882586,0.4977730818316631,0.4718833626388347
DIEGO,3370,DIEGO,EUROPE,513,diego__diego_513,diego,Survey_September2023_cleaned,Survey_September2023_cleaned.xlsx,diego_513,NA,NA,ES,ES,southern_europe,45_54,male,self_employed,usable_complete,TRUE,TRUE,32,0.2777703165134364,0.8844112786747342,0.9059403001856996,1.220586801573642,0.9732826821034667,1.0063984225251212,0.579332999959238,0.4954214836095214,1.3501205053059766
DIEGO,3371,DIEGO,EUROPE,514,diego__diego_514,diego,Survey_September2023_cleaned,Survey_September2023_cleaned.xlsx,diego_514,NA,NA,IT,IT,southern_europe,18_24,female,student,usable_complete,TRUE,TRUE,32,0.8532275303078449,0.5055268719722366,1.1125432238017192,1.102825456409134,1.3839940399038286,0.9636575875313445,1.0442844590934521,1.0746281385058611,0.7299062805763443
DIEGO,3372,DIEGO,EUROPE,515,diego__diego_515,diego,Survey_September2023_cleaned,Survey_September2023_cleaned.xlsx,diego_515,NA,NA,IT,IT,southern_europe,18_24,female,student,usable_complete,TRUE,TRUE,32,0.8221300133184716,0.7632554768147215,0.5621973180931097,1.1724618798135067,1.6113498207687438,1.5607804860808359,0.6952608213917866,1.4197587577839075,0.6365570150812635
DIEGO,3373,DIEGO,EUROPE,516,diego__diego_516,diego,Survey_September2023_cleaned,Survey_September2023_cleaned.xlsx,diego_516,NA,NA,IT,IT,southern_europe,45_54,male,employed,usable_complete,TRUE,TRUE,32,0.45201946784785413,0.9755303725433563,0.7673271319316923,1.1059484377000788,0.9342233773666551,0.9449879423138027,0.6463281117696659,0.4440554008967664,1.3086637081731094
DIEGO,3374,DIEGO,EUROPE,517,diego__diego_517,diego,Survey_September2023_cleaned,Survey_September2023_cleaned.xlsx,diego_517,NA,NA,GR,GR,southern_europe,25_34,male,employed,usable_complete,TRUE,TRUE,32,0.7123145173772949,0.7670436718884814,1.0930726333309326,0.8472017543328597,0.8308682841097998,0.8444258210642258,0.8233284775002995,0.6150925364522263,0.37629666617726265
DIEGO,3375,DIEGO,EUROPE,518,diego__diego_518,diego,Survey_September2023_cleaned,Survey_September2023_cleaned.xlsx,diego_518,NA,NA,ES,ES,southern_europe,45_54,female,employed,usable_complete,TRUE,TRUE,32,0.9018766445230866,0.9334452495928593,0.6793561777665645,1.109088152788374,1.8947919691289072,1.0510046186863105,0.7672799189004726,0.5302221073599096,0.7762534396802271
DIEGO,3376,DIEGO,EUROPE,519,diego__diego_519,diego,Survey_September2023_cleaned,Survey_September2023_cleaned.xlsx,diego_519,NA,NA,IT,IT,southern_europe,45_54,male,employed,usable_complete,TRUE,TRUE,32,0.7293435155481645,1.3396907976089614,0.9483182955246967,0.7550794181028668,0.23621428240575248,1.6519304460878623,0.9915764379512968,0.9307859309942096,0.8922902807710897
DIEGO,3377,DIEGO,EUROPE,520,diego__diego_520,diego,Survey_September2023_cleaned,Survey_September2023_cleaned.xlsx,diego_520,NA,NA,IT,IT,southern_europe,45_54,male,employed,usable_complete,TRUE,TRUE,32,0.8718508105651704,0.42344224598858454,0.41943180257441276,0.6745869040528986,1.2408881175264976,0.7390967490116751,0.40593166755635696,1.3572793245836363,0.1477638267422572
DIEGO,3378,DIEGO,EUROPE,521,diego__diego_521,diego,Survey_September2023_cleaned,Survey_September2023_cleaned.xlsx,diego_521,NA,NA,IT,IT,southern_europe,18_24,female,student,usable_complete,TRUE,TRUE,32,0.8738686141601402,1.2088205884118852,0.924787664708307,0.8309259968046119,0.4479179229488284,0.7061056391820097,0.5201357462360192,0.3157573243603081,0.4149970681417593
DIEGO,3379,DIEGO,EUROPE,522,diego__diego_522,diego,Survey_September2023_cleaned,Survey_September2023_cleaned.xlsx,diego_522,NA,NA,GR,GR,southern_europe,45_54,male,employed,usable_complete,TRUE,TRUE,32,0.8651469696255407,0.8943948880343927,1.007785833408227,0.831115943950608,0.18263894551177326,0.9434793876758127,0.9147195353573288,0.8206617686810844,0.2382086798965667
DIEGO,3380,DIEGO,EUROPE,523,diego__diego_523,diego,Survey_September2023_cleaned,Survey_September2023_cleaned.xlsx,diego_523,NA,NA,IT,IT,southern_europe,45_54,female,unemployed,usable_complete,TRUE,TRUE,32,0.8477358566176496,1.187203909912683,0.624610426537184,1.0299497938350848,0.5382635655005763,0.4434373659842865,1.1108932452171612,0.7715949478529232,0.8308384691550892
DIEGO,3381,DIEGO,EUROPE,524,diego__diego_524,diego,Survey_September2023_cleaned,Survey_September2023_cleaned.xlsx,diego_524,NA,NA,GR,GR,southern_europe,18_24,male,employed,usable_complete,TRUE,TRUE,32,1.2091795801404184,0.4430720694786608,0.8987205831754401,0.7254336318782881,0.5005629538400843,0.5997620058930823,1.0464167578681993,1.1713834722836827,1.379055674808819
DIEGO,3382,DIEGO,EUROPE,525,diego__diego_525,diego,Survey_September2023_cleaned,Survey_September2023_cleaned.xlsx,diego_525,NA,NA,GR,GR,southern_europe,18_24,male,student,usable_complete,TRUE,TRUE,32,1.2376102996786216,1.0500811571546305,0.7903664457333756,0.3324056455281605,0.5769942992886319,0.6026493222295168,1.2444019912693463,0.4313777642324565,0.842174429660025
DIEGO,3383,DIEGO,EUROPE,526,diego__diego_526,diego,Survey_September2023_cleaned,Survey_September2023_cleaned.xlsx,diego_526,NA,NA,GR,GR,southern_europe,45_54,male,employed,usable_complete,TRUE,TRUE,32,0.6004444178766805,1.4850809490967722,0.8723347313872182,0.39953818097260213,1.5687989933138462,0.6440591665505516,0.6459714551835453,0.8679820771744979,1.1479838597251655
DIEGO,3384,DIEGO,EUROPE,527,diego__diego_527,diego,Survey_September2023_cleaned,Survey_September2023_cleaned.xlsx,diego_527,NA,NA,GR,GR,southern_europe,18_24,female,student,usable_complete,TRUE,TRUE,32,0.86057986147224,0.8962021032589529,0.7488907961558943,1.0345825115817882,0.4180572665309136,0.9271898547770269,0.6983701207892,0.9907131997364506,0.8129805313347371
DIEGO,3385,DIEGO,EUROPE,528,diego__diego_528,diego,Survey_September2023_cleaned,Survey_September2023_cleaned.xlsx,diego_528,NA,NA,IT,IT,southern_europe,18_24,male,employed,usable_complete,TRUE,TRUE,32,1.1879074818313053,0.9559094100222116,0.7882380381466507,0.9252410668029318,0.7875850973209283,0.6061983516103486,0.7906293551700341,0.7696737712784655,0.70877554403919385
DIEGO,3386,DIEGO,EUROPE,529,diego__diego_529,diego,Survey_September2023_cleaned,Survey_September2023_cleaned.xlsx,diego_529,NA,NA,GR,GR,southern_europe,45_54,male,employed,usable_complete,TRUE,TRUE,32,0.625254982456192,0.8708657400492822,0.9911631128348806,1.1166155766478207,0.9732949351879241,0.8560004985203371,0.9639944528105591,0.9716987526478681,0.24966208177263494
DIEGO,3387,DIEGO,EUROPE,530,diego__diego_530,diego,Survey_September2023_cleaned,Survey_September2023_cleaned.xlsx,diego_530,NA,NA,ES,ES,southern_europe,45_54,male,retired,usable_complete,TRUE,TRUE,32,0.3964967620465448,0.5895568013557962,0.99348411377707,0.4387476101846218,0.39684095520156415,0.7644801138224574,0.42525828087941503,0.9277499909960246,0.7985703085340282
DIEGO,3388,DIEGO,EUROPE,531,diego__diego_531,diego,Survey_September2023_cleaned,Survey_September2023_cleaned.xlsx,diego_531,NA,NA,ES,ES,southern_europe,25_34,male,employed,usable_complete,TRUE,TRUE,32,0.6691625322625383,0.6351246709931504,1.3010081871310641,0.7299600266193952,1.0345655127921538,1.3820265647657823,0.8466987039778345,1.213898903764213,0.7889728814950648
DIEGO,3389,DIEGO,EUROPE,532,diego__diego_532,diego,Survey_September2023_cleaned,Survey_September2023_cleaned.xlsx,diego_532,NA,NA,ES,ES,southern_europe,18_24,male,student,usable_complete,TRUE,TRUE,32,0.7573589582634073,0.696095053846527,0.763905798678376,1.0110076788034572,0.4134437771899733,0.9090051953805824,1.0948529697942389,0.5365667374720194,0.4846389984946535
DIEGO,3390,DIEGO,EUROPE,533,diego__diego_533,diego,Survey_September2023_cleaned,Survey_September2023_cleaned.xlsx,diego_533,NA,NA,IT,IT,southern_europe,18_24,female,other,usable_complete,TRUE,TRUE,32,0.9964115613049126,0.9046575359714856,0.922630175510345,0.31734219718662304,0.444859030118955,1.1853076082710463,1.000172419640569,0.6521995395428025,1.1023983082150917
DIEGO,3391,DIEGO,EUROPE,534,diego__diego_534,diego,Survey_September2023_cleaned,Survey_September2023_cleaned.xlsx,diego_534,NA,NA,GR,GR,southern_europe,18_24,female,student,usable_complete,TRUE,TRUE,32,0.8568787392943521,0.49815839356525365,0.47941355684129733,0.8912017685975329,0.5418359897116015,0.6329473468085063,0.5563304817450685,1.4839579227531656,1.2508180155390711
DIEGO,3392,DIEGO,EUROPE,535,diego__diego_535,diego,Survey_September2023_cleaned,Survey_September2023_cleaned.xlsx,diego_535,NA,NA,ES,ES,southern_europe,18_24,male,student,usable_complete,TRUE,TRUE,32,0.5653961395303824,0.5300627739854512,0.6619165715035863,1.289942343455056,0.9649665687852991,0.4476900797566885,1.243827194378122,0.3968424878188254,0.2575841654428165
DIEGO,3393,DIEGO,EUROPE,536,diego__diego_536,diego,Survey_September2023_cleaned,Survey_September2023_cleaned.xlsx,diego_536,NA,NA,ES,ES,southern_europe,18_24,female,employed,usable_complete,TRUE,TRUE,32,1.0571590283003993,0.7600535856013677,0.6150035758237369,0.6634767679957024,0.9393454238007372,0.48064079716580066,0.6458184409456857,1.2021159296002237,1.2366649088587993
DIEGO,3394,DIEGO,EUROPE,537,diego__diego_537,diego,Survey_September2023_cleaned,Survey_September2023_cleaned.xlsx,diego_537,NA,NA,IT,IT,southern_europe,18_24,female,student,usable_complete,TRUE,TRUE,32,1.5031706616346607,1.1347636729838297,0.5616819697768568,0.9028794054131017,0.4677555858625878,0.9245488528576309,0.8074725821415116,0.6487514157531091,0.8161783209367139
DIEGO,3395,DIEGO,EUROPE,538,diego__diego_538,diego,Survey_September2023_cleaned,Survey_September2023_cleaned.xlsx,diego_538,NA,NA,IT,IT,southern_europe,18_24,male,employed,usable_complete,TRUE,TRUE,32,0.7721485583250136,1.5348132171212638,0.5467166372554775,1.1010728379488477,0.3244872755351481,0.6855480179221771,0.8479572551314497,0.9107466703564514,0.8316187251829528
DIEGO,3396,DIEGO,EUROPE,539,diego__diego_539,diego,Survey_September2023_cleaned,Survey_September2023_cleaned.xlsx,diego_539,NA,NA,IT,IT,southern_europe,25_34,female,employed,usable_complete,TRUE,TRUE,32,0.7847213824150523,0.6699545839090635,0.7432649226966181,0.9067169897558124,1.3416577481784664,1.297777704434886,0.6977377145942867,0.9393833613878532,0.894588379930102
DIEGO,3397,DIEGO,EUROPE,540,diego__diego_540,diego,Survey_September2023_cleaned,Survey_September2023_cleaned.xlsx,diego_540,NA,NA,IT,IT,southern_europe,18_24,male,employed,usable_complete,TRUE,TRUE,32,1.1936056650465232,1.0215766762170242,1.3026924068430448,0.8591242465743516,1.239389419112371,0.9325401252601129,0.7860000963662731,0.9644912715619592,0.7238217833642238
DIEGO,3398,DIEGO,EUROPE,541,diego__diego_541,diego,Survey_September2023_cleaned,Survey_September2023_cleaned.xlsx,diego_541,NA,NA,GR,GR,southern_europe,45_54,male,self_employed,usable_complete,TRUE,TRUE,32,1.1056463833948058,0.8819441082946291,0.5285835131146472,0.25345033780450493,0.26984747187116587,0.5681979218173171,1.4350468625764579,0.4422864487951661,1.3017503464014788
DIEGO,3399,DIEGO,EUROPE,542,diego__diego_542,diego,Survey_September2023_cleaned,Survey_September2023_cleaned.xlsx,diego_542,NA,NA,GR,GR,southern_europe,18_24,male,student,usable_complete,TRUE,TRUE,32,0.5780829227135034,0.7860961084869541,0.9177435540936557,0.8208204636347074,1.4066070387858725,1.5015479609437443,0.8838948216883867,1.0983939355264385,0.9634653435537632
DIEGO,3400,DIEGO,EUROPE,543,diego__diego_543,diego,Survey_September2023_cleaned,Survey_September2023_cleaned.xlsx,diego_543,NA,NA,IT,IT,southern_europe,18_24,female,employed,usable_complete,TRUE,TRUE,32,1.1188953197287779,1.0418956008869222,0.961877975623198,0.4137529954230053,0.5369936020513748,0.79053535411333,1.1419245941845486,0.6842780729417558,1.4540779040391747
DIEGO,3401,DIEGO,EUROPE,544,diego__diego_544,diego,Survey_September2023_cleaned,Survey_September2023_cleaned.xlsx,diego_544,NA,NA,GR,GR,southern_europe,18_24,female,employed,usable_complete,TRUE,TRUE,32,0.626300993336827,0.40320562045363084,0.8839409239844883,0.838811347764049,0.9193214563044837,0.558477274169715,1.0854499285425971,0.909707838614703,0.735334872149622
DIEGO,3402,DIEGO,EUROPE,545,diego__diego_545,diego,Survey_September2023_cleaned,Survey_September2023_cleaned.xlsx,diego_545,NA,NA,IT,IT,southern_europe,18_24,male,student,usable_complete,TRUE,TRUE,32,0.8148353764698653,1.1846365089714865,0.932609547820741,0.7743453575124076,0.20623141842013237,1.1553203620690264,1.237304194864349,0.9961974277529829,0.9743561353031643
DIEGO,3403,DIEGO,EUROPE,546,diego__diego_546,diego,Survey_September2023_cleaned,Survey_September2023_cleaned.xlsx,diego_546,NA,NA,ES,ES,southern_europe,18_24,male,unemployed,usable_complete,TRUE,TRUE,32,0.3253836879231812,0.9952244907471898,1.2955730076462415,1.062873055653462,0.7454519625188488,0.9272410994997511,0.7002604978743399,1.1296660022908218,0.8435402286094694
DIEGO,3404,DIEGO,EUROPE,547,diego__diego_547,diego,Survey_September2023_cleaned,Survey_September2023_cleaned.xlsx,diego_547,NA,NA,GR,GR,southern_europe,18_24,female,employed,usable_complete,TRUE,TRUE,32,0.6563779391786879,1.1363864054193369,1.01427719758634,0.5050131377308943,0.1750098085269201,0.8951739475462482,0.8565137611951185,0.45083785278168986,0.27172931498507297
DIEGO,3405,DIEGO,EUROPE,548,diego__diego_548,diego,Survey_September2023_cleaned,Survey_September2023_cleaned.xlsx,diego_548,NA,NA,IT,IT,southern_europe,18_24,female,student,usable_complete,TRUE,TRUE,32,0.7486586754784543,0.9429584109195016,0.849023626503041,1.7414267984081995,1.240253508548044,0.7624938810142687,0.6949974681365882,0.4970873202197299,0.8744387148761834
DIEGO,3406,DIEGO,EUROPE,549,diego__diego_549,diego,Survey_September2023_cleaned,Survey_September2023_cleaned.xlsx,diego_549,NA,NA,GR,GR,southern_europe,18_24,female,student,usable_complete,TRUE,TRUE,32,0.87430334915163,1.0975735401274682,0.8282414684367035,0.6695564292346851,1.0594417781410903,0.974792520676319,0.8693512045424511,0.9995258676430346,0.931296778989003
DIEGO,3407,DIEGO,EUROPE,550,diego__diego_550,diego,Survey_September2023_cleaned,Survey_September2023_cleaned.xlsx,diego_550,NA,NA,IT,IT,southern_europe,45_54,male,self_employed,usable_complete,TRUE,TRUE,32,0.8454935481826631,0.9081015466261355,0.9059220672144569,0.7494924383351319,0.6659129484885409,0.49646633288345654,0.5709346044715156,0.9686636582233975,0.6358950094818061
DIEGO,3408,DIEGO,EUROPE,551,diego__diego_551,diego,Survey_September2023_cleaned,Survey_September2023_cleaned.xlsx,diego_551,NA,NA,ES,ES,southern_europe,45_54,male,employed,usable_complete,TRUE,TRUE,32,0.635759234469024,1.520913090864032,0.7907237943874621,1.562729917101165,0.5958594675701977,0.7079620907734113,0.9371997347019538,0.8149163860133771,0.24634334063740368
DIEGO,3409,DIEGO,EUROPE,552,diego__diego_552,diego,Survey_September2023_cleaned,Survey_September2023_cleaned.xlsx,diego_552,NA,NA,GR,GR,southern_europe,25_34,female,employed,usable_complete,TRUE,TRUE,32,0.7322600923302698,0.7882971625451471,0.8003769854788274,0.677134424050344,0.882303500367287,1.1107135321672983,0.5507113527862073,0.97481663342435,0.7493445619433275
DIEGO,3410,DIEGO,EUROPE,553,diego__diego_553,diego,Survey_September2023_cleaned,Survey_September2023_cleaned.xlsx,diego_553,NA,NA,GR,GR,southern_europe,18_24,male,self_employed,usable_complete,TRUE,TRUE,32,1.4273900910215311,0.8533019006859348,0.984043700412483,1.3187892642885608,0.9226497294174368,0.44119650267951743,0.9454531414341808,1.2598159205891286,1.0810282949081436
DIEGO,3411,DIEGO,EUROPE,554,diego__diego_554,diego,Survey_September2023_cleaned,Survey_September2023_cleaned.xlsx,diego_554,NA,NA,ES,ES,southern_europe,45_54,female,employed,usable_complete,TRUE,TRUE,32,0.7018894078050293,0.4505525730159947,0.6807366414079339,0.6887610845512754,1.370022269594079,0.5835580110659782,0.831790926563101,0.7375660910102223,0.9239475438671818
DIEGO,3412,DIEGO,EUROPE,555,diego__diego_555,diego,Survey_September2023_cleaned,Survey_September2023_cleaned.xlsx,diego_555,NA,NA,IT,IT,southern_europe,18_24,male,student,usable_complete,TRUE,TRUE,32,0.3023493023497209,0.6258650692827588,0.9877135923120866,1.1968096115979578,1.355540591767816,0.5316016798223092,1.0258175230207023,0.7501001272702944,0.5467488204442295
DIEGO,3413,DIEGO,EUROPE,556,diego__diego_556,diego,Survey_September2023_cleaned,Survey_September2023_cleaned.xlsx,diego_556,NA,NA,ES,ES,southern_europe,18_24,male,employed,usable_complete,TRUE,TRUE,32,1.2513696551211255,1.4095265106659012,0.9036448395712646,1.358537475006359,0.6873368529058645,0.8632917022184868,0.9142707630863172,1.1663098816394606,0.30413120761574114
DIEGO,3414,DIEGO,EUROPE,557,diego__diego_557,diego,Survey_September2023_cleaned,Survey_September2023_cleaned.xlsx,diego_557,NA,NA,GR,GR,southern_europe,18_24,male,student,usable_complete,TRUE,TRUE,32,1.1219963340604737,0.9496028183215229,1.1190731820360622,0.6179034021841173,1.1212510279449934,0.7307693055669966,0.6854954592211654,1.1660258120356832,0.7723553972883623
DIEGO,3415,DIEGO,EUROPE,558,diego__diego_558,diego,Survey_September2023_cleaned,Survey_September2023_cleaned.xlsx,diego_558,NA,NA,IT,IT,southern_europe,18_24,female,student,usable_complete,TRUE,TRUE,32,0.7810545440615624,0.6834919557978283,0.6769336497015299,0.7854957206199756,0.2598237484664948,0.9080985870796809,0.93669022272923,0.9943438691105518,0.952857868180998
DIEGO,3416,DIEGO,EUROPE,559,diego__diego_559,diego,Survey_September2023_cleaned,Survey_September2023_cleaned.xlsx,diego_559,NA,NA,GR,GR,southern_europe,25_34,female,employed,usable_complete,TRUE,TRUE,32,0.7965505401505262,0.486709476416609,0.6832506345084102,0.4820421221707645,0.9448192669171402,0.9437600657032722,1.5984946390530874,0.9138640396596642,1.0774923712130946
DIEGO,3417,DIEGO,EUROPE,560,diego__diego_560,diego,Survey_September2023_cleaned,Survey_September2023_cleaned.xlsx,diego_560,NA,NA,IT,IT,southern_europe,18_24,male,student,usable_complete,TRUE,TRUE,32,1.3918582857880961,1.41392322710232,0.6670436818497596,0.9382414269431304,0.6855996615789526,0.7619066635762378,0.7372152159069344,1.3959827209423388,0.4042368520569308
DIEGO,3418,DIEGO,EUROPE,561,diego__diego_561,diego,Survey_September2023_cleaned,Survey_September2023_cleaned.xlsx,diego_561,NA,NA,IT,IT,southern_europe,45_54,female,employed,usable_complete,TRUE,TRUE,32,0.44707404172529075,0.4772440626910089,0.7957014586730274,0.9622694985753125,0.4036375929436037,0.6541861834471329,0.5188791441442142,0.6194853959239228,1.1016437482158963
DIEGO,3419,DIEGO,EUROPE,562,diego__diego_562,diego,Survey_September2023_cleaned,Survey_September2023_cleaned.xlsx,diego_562,NA,NA,IT,IT,southern_europe,18_24,other,unemployed,usable_complete_limited_metadata,TRUE,TRUE,32,1.1340282653401266,0.9628955191096045,1.0666587709853321,0.5104061354198522,0.8788325083194302,1.181699251572126,0.7138357374471723,1.1759151743115706,0.4033819859984218
DIEGO,3420,DIEGO,EUROPE,563,diego__diego_563,diego,Survey_September2023_cleaned,Survey_September2023_cleaned.xlsx,diego_563,NA,NA,IT,IT,southern_europe,18_24,male,student,usable_complete,TRUE,TRUE,32,0.606554108786182,0.48989743681143955,0.9355251270986823,1.5392378402889602,0.6262800083678635,0.7542266780093863,0.7228872040155083,1.1355087221299434,1.2270276223866994
DIEGO,3421,DIEGO,EUROPE,564,diego__diego_564,diego,Survey_September2023_cleaned,Survey_September2023_cleaned.xlsx,diego_564,NA,NA,IT,IT,southern_europe,18_24,female,student,usable_complete,TRUE,TRUE,32,1.2301015350477151,0.5274442829403836,0.9693090907447643,0.42218817880144394,0.8768269470324477,0.6586329930996959,0.9512600543720671,1.1089317422670775,0.3182896206900376
DIEGO,3422,DIEGO,EUROPE,565,diego__diego_565,diego,Survey_September2023_cleaned,Survey_September2023_cleaned.xlsx,diego_565,NA,NA,IT,IT,southern_europe,45_54,male,employed,usable_complete,TRUE,TRUE,32,0.5614928333042558,0.7538725230089414,1.0367363263891116,0.7371841178216455,1.0219666290747589,1.8308926821699556,1.1526717806343085,0.45244399761809034,1.2058208266693633
DIEGO,3423,DIEGO,EUROPE,566,diego__diego_566,diego,Survey_September2023_cleaned,Survey_September2023_cleaned.xlsx,diego_566,NA,NA,ES,ES,southern_europe,65_plus,female,retired,usable_complete,TRUE,TRUE,32,0.9226099841204228,0.8414409740185547,0.9457208733430991,0.40666796238627884,0.8698899101658215,0.8631149188362718,0.9763114370464798,0.7754137857301395,0.5992689399432943
DIEGO,3424,DIEGO,EUROPE,567,diego__diego_567,diego,Survey_September2023_cleaned,Survey_September2023_cleaned.xlsx,diego_567,NA,NA,ES,ES,southern_europe,18_24,female,unemployed,usable_complete,TRUE,TRUE,32,1.2590316220339262,0.9587012154599336,0.6490307001145227,0.6918243385080087,0.820181189156809,0.6917559228112949,0.6553105369324945,1.6221046189746644,1.247561032158106
DIEGO,3425,DIEGO,EUROPE,568,diego__diego_568,diego,Survey_September2023_cleaned,Survey_September2023_cleaned.xlsx,diego_568,NA,NA,ES,ES,southern_europe,25_34,female,self_employed,usable_complete,TRUE,TRUE,32,0.9239530697897628,0.9716891504691842,0.6241695003658151,0.5922389081877738,0.10078055798907268,0.6908106765590372,0.9138538558834528,0.7503630553334713,0.7953117517188721
DIEGO,3426,DIEGO,EUROPE,569,diego__diego_569,diego,Survey_September2023_cleaned,Survey_September2023_cleaned.xlsx,diego_569,NA,NA,IT,IT,southern_europe,45_54,female,self_employed,usable_complete,TRUE,TRUE,32,0.6616042343826504,1.2051591153336925,0.9373658793937354,0.7299529486822532,1.7443322459514623,0.7684878679257104,1.130397932234974,1.1488861009755282,1.2303927963495567
DIEGO,3427,DIEGO,EUROPE,570,diego__diego_570,diego,Survey_September2023_cleaned,Survey_September2023_cleaned.xlsx,diego_570,NA,NA,IT,IT,southern_europe,18_24,female,student,usable_complete,TRUE,TRUE,32,0.9172958376467244,0.7875855267572377,1.3547019004538414,0.86938896356403494,0.58379878963998455,0.5995092906764689,0.6479976782722615,0.8699923481233717,1.157528819618877
DIEGO,3428,DIEGO,EUROPE,571,diego__diego_571,diego,Survey_September2023_cleaned,Survey_September2023_cleaned.xlsx,diego_571,NA,NA,IT,IT,southern_europe,65_plus,female,employed,usable_complete,TRUE,TRUE,32,0.9772656811672581,0.23104213339359225,0.843283060065761,1.183027329667443,0.4175102106666835,0.8592324201183537,0.9793029600712897,0.38930174460553496,0.9505927938503416
DIEGO,3429,DIEGO,EUROPE,572,diego__diego_572,diego,Survey_September2023_cleaned,Survey_September2023_cleaned.xlsx,diego_572,NA,NA,GR,GR,southern_europe,18_24,female,student,usable_complete,TRUE,TRUE,32,0.2187660897819022,0.9346732758516276,0.742271932517918,1.0281036847739673,0.9934093573517535,0.963011183679908,1.0270054518889826,0.5546293268379552,0.8819096029847128
DIEGO,3430,DIEGO,EUROPE,573,diego__diego_573,diego,Survey_September2023_cleaned,Survey_September2023_cleaned.xlsx,diego_573,NA,NA,IT,IT,southern_europe,18_24,male,student,usable_complete,TRUE,TRUE,32,0.4791835464132244,0.43028771630318,0.6937768991792808,0.6166779978843976,0.5643668498643015,0.7506795971852858,0.7225261454585176,1.289373482271302,0.9899636501132231
DIEGO,3431,DIEGO,EUROPE,574,diego__diego_574,diego,Survey_September2023_cleaned,Survey_September2023_cleaned.xlsx,diego_574,NA,NA,IT,IT,southern_europe,45_54,male,employed,usable_complete,TRUE,TRUE,32,0.8464630775663342,1.0302109763033294,0.779788372345262,1.3494937859077434,1.1666540153039373,1.0572938547502748,0.37677231817573004,0.49615408963893176,0.8013117577832787
DIEGO,3432,DIEGO,EUROPE,575,diego__diego_575,diego,Survey_September2023_cleaned,Survey_September2023_cleaned.xlsx,diego_575,NA,NA,IT,IT,southern_europe,18_24,male,student,usable_complete,TRUE,TRUE,32,0.4840349938530021,0.594598515191691,0.27164610431816494,0.9308407533267027,0.5521526803705398,0.9789773737621448,0.8453968580391409,0.9865215559811716,0.7121318365873772
DIEGO,3433,DIEGO,EUROPE,576,diego__diego_576,diego,Survey_September2023_cleaned,Survey_September2023_cleaned.xlsx,diego_576,NA,NA,ES,ES,southern_europe,18_24,male,unemployed,usable_complete,TRUE,TRUE,32,0.9341866295143486,1.225987456112473,0.7998344287242984,1.1252285947092722,0.8296204781742498,1.173976429187296,0.9455109179482128,1.0488150379219676,1.2129406965668745
DIEGO,3434,DIEGO,EUROPE,577,diego__diego_577,diego,Survey_September2023_cleaned,Survey_September2023_cleaned.xlsx,diego_577,NA,NA,ES,ES,southern_europe,18_24,male,student,usable_complete,TRUE,TRUE,32,0.3633937317965008,0.4747762376179534,0.48274041826614555,0.5803864102580155,0.5951554604139626,0.7106867919630149,0.7412046045506037,0.6437170153537156,1.1029909491003642
DIEGO,3435,DIEGO,EUROPE,578,diego__diego_578,diego,Survey_September2023_cleaned,Survey_September2023_cleaned.xlsx,diego_578,NA,NA,ES,ES,southern_europe,18_24,female,employed,usable_complete,TRUE,TRUE,32,1.8653840597437978,1.5500713261618961,0.9828030635043831,1.7174288527228807,1.0281070067623945,1.177759644534186,0.8088580297172884,1.201305899795233,0.9646543661912123
DIEGO,3436,DIEGO,EUROPE,579,diego__diego_579,diego,Survey_September2023_cleaned,Survey_September2023_cleaned.xlsx,diego_579,NA,NA,IT,IT,southern_europe,18_24,male,employed,usable_complete,TRUE,TRUE,32,0.5633747554581533,0.6224955436099228,1.1481933651360037,0.5318185919242872,0.8849401145604524,1.0122200110539379,0.4960930277449183,1.3135032314756454,0.7933333525512525
DIEGO,3437,DIEGO,EUROPE,580,diego__diego_580,diego,Survey_September2023_cleaned,Survey_September2023_cleaned.xlsx,diego_580,NA,NA,IT,IT,southern_europe,18_24,female,employed,usable_complete,TRUE,TRUE,32,0.7490794312866206,1.1605413099400916,1.0969863416618275,0.8695712981740283,1.0326042334545122,0.8250427376863998,0.9349293804509367,0.7327023482012714,0.5836811944161902
DIEGO,3438,DIEGO,EUROPE,581,diego__diego_581,diego,Survey_September2023_cleaned,Survey_September2023_cleaned.xlsx,diego_581,NA,NA,IT,IT,southern_europe,25_34,female,employed,usable_complete,TRUE,TRUE,32,1.0126466659952442,0.5790259577983019,0.9181092542156968,0.7693339569142866,0.7650290760756326,0.7378217499018362,0.9496547377948034,0.9169828328491886,1.0696720945357945
DIEGO,3439,DIEGO,EUROPE,582,diego__diego_582,diego,Survey_September2023_cleaned,Survey_September2023_cleaned.xlsx,diego_582,NA,NA,GR,GR,southern_europe,18_24,female,self_employed,usable_complete,TRUE,TRUE,32,1.218542518989012,0.7783566840923415,1.1204846854186987,0.9259373775994176,1.268212192770126,0.9866130865889959,0.5167429987004221,1.2016745305982148,0.229971745935516
DIEGO,3440,DIEGO,EUROPE,583,diego__diego_583,diego,Survey_September2023_cleaned,Survey_September2023_cleaned.xlsx,diego_583,NA,NA,IT,IT,southern_europe,45_54,male,employed,usable_complete,TRUE,TRUE,32,0.9231216801250581,0.523041251986696,0.6142298176301355,0.47102690161751437,0.7219027378853736,0.6084160497425167,0.7201303563393149,0.6886558387697095,0.8448027751348908
DIEGO,3441,DIEGO,EUROPE,584,diego__diego_584,diego,Survey_September2023_cleaned,Survey_September2023_cleaned.xlsx,diego_584,NA,NA,IT,IT,southern_europe,18_24,male,student,usable_complete,TRUE,TRUE,32,0.5035229541381405,0.4891890610453291,0.6505450635737001,1.3256860830262231,0.8125377198697559,1.54627282716469,0.9781267530765317,0.8186619593155262,0.3667497059604391
DIEGO,3442,DIEGO,EUROPE,585,diego__diego_585,diego,Survey_September2023_cleaned,Survey_September2023_cleaned.xlsx,diego_585,NA,NA,ES,ES,southern_europe,25_34,female,unemployed,usable_complete,TRUE,TRUE,32,1.0059787785263712,0.5627722290237177,1.293152771566314,1.0219147822330763,1.2498071237239152,1.2601095328951466,0.906564805084485,0.4302723651131914,0.39173811303837824
DIEGO,3443,DIEGO,EUROPE,586,diego__diego_586,diego,Survey_September2023_cleaned,Survey_September2023_cleaned.xlsx,diego_586,NA,NA,GR,GR,southern_europe,45_54,male,employed,usable_complete,TRUE,TRUE,32,0.9100596780951855,1.0585679161702812,0.942808825154836,1.0177499201514852,0.42651431561399933,0.691134349409346,0.913435789119671,0.7562584396840636,0.27799277279289497
DIEGO,3444,DIEGO,EUROPE,587,diego__diego_587,diego,Survey_September2023_cleaned,Survey_September2023_cleaned.xlsx,diego_587,NA,NA,IT,IT,southern_europe,18_24,female,employed,usable_complete,TRUE,TRUE,32,0.6232495979047773,0.41418585187764717,0.9287976795635716,0.35114737330852136,0.4585009673395408,0.7921399107823577,0.8757940283132195,1.2006950382554042,1.0500005597819801
DIEGO,3445,DIEGO,EUROPE,588,diego__diego_588,diego,Survey_September2023_cleaned,Survey_September2023_cleaned.xlsx,diego_588,NA,NA,IT,IT,southern_europe,18_24,male,unemployed,usable_complete,TRUE,TRUE,32,0.6487286127613543,0.545441989960421,1.1685230311734434,0.994677830496754,1.005182928234112,0.7429357476712294,1.0157898815590718,1.1374593925581191,0.5787028937024236
DIEGO,3446,DIEGO,EUROPE,589,diego__diego_589,diego,Survey_September2023_cleaned,Survey_September2023_cleaned.xlsx,diego_589,NA,NA,IT,IT,southern_europe,45_54,female,employed,usable_complete,TRUE,TRUE,32,0.6143874707401786,0.6491121818860894,1.2006447418018953,1.499141676757403,0.9942322382532026,0.6245782117580938,1.0436083982367,0.9154417032637484,1.3532411332562755
DIEGO,3447,DIEGO,EUROPE,590,diego__diego_590,diego,Survey_September2023_cleaned,Survey_September2023_cleaned.xlsx,diego_590,NA,NA,IT,IT,southern_europe,18_24,male,student,usable_complete,TRUE,TRUE,32,0.7234148086061666,0.5434143006255135,1.0470420352160423,0.9551667288469935,0.7203798305760919,0.6894636716755514,1.1151266729073683,1.2604808836783243,0.8683848869150268
DIEGO,3448,DIEGO,EUROPE,591,diego__diego_591,diego,Survey_September2023_cleaned,Survey_September2023_cleaned.xlsx,diego_591,NA,NA,IT,IT,southern_europe,45_54,female,employed,usable_complete,TRUE,TRUE,32,0.9060597000451373,1.1490067171086409,1.138230608934491,0.6605128345797824,0.9214310226837499,0.8263995788256476,1.1771876278519664,1.8816859189875963,0.9622482704204802
DIEGO,3449,DIEGO,EUROPE,592,diego__diego_592,diego,Survey_September2023_cleaned,Survey_September2023_cleaned.xlsx,diego_592,NA,NA,IT,IT,southern_europe,18_24,male,student,usable_complete,TRUE,TRUE,32,0.6578630208260843,0.5025012717254409,1.065673015053247,1.2842339489097627,0.5893955692603214,0.5765814593435702,1.066161912991332,1.002912701326147,0.9873827290712328
DIEGO,3450,DIEGO,EUROPE,593,diego__diego_593,diego,Survey_September2023_cleaned,Survey_September2023_cleaned.xlsx,diego_593,NA,NA,IT,IT,southern_europe,45_54,male,self_employed,usable_complete,TRUE,TRUE,32,0.7007334296883756,0.9429990604420503,0.9219193694244311,0.5244912500186636,0.434452840493546,1.031151885137957,0.6118185123399886,0.6398866599805215,1.0045669811702271
DIEGO,3451,DIEGO,EUROPE,594,diego__diego_594,diego,Survey_September2023_cleaned,Survey_September2023_cleaned.xlsx,diego_594,NA,NA,IT,IT,southern_europe,18_24,male,student,usable_complete,TRUE,TRUE,32,0.5883874487287153,0.9486880673014892,1.3557631090391458,1.1924481326246053,1.4881723079401565,0.4797446564069787,0.7238232648601235,0.5688436547788825,0.9560820357482651
DIEGO,3452,DIEGO,EUROPE,595,diego__diego_595,diego,Survey_September2023_cleaned,Survey_September2023_cleaned.xlsx,diego_595,NA,NA,ES,ES,southern_europe,25_34,female,employed,usable_complete,TRUE,TRUE,32,0.6577086920906805,0.7054737796710642,1.1385278812912218,0.6639052581867854,1.497390691450371,0.5071031337640219,1.0178224270736016,0.9203186672385119,1.4181005956339778
DIEGO,3453,DIEGO,EUROPE,596,diego__diego_596,diego,Survey_September2023_cleaned,Survey_September2023_cleaned.xlsx,diego_596,NA,NA,ES,ES,southern_europe,25_34,male,employed,usable_complete,TRUE,TRUE,32,1.1091951799295836,0.8451691719954375,0.6846296700755953,0.6807133518643759,1.0795691722330467,0.9303929474639974,0.8537994114149358,0.3331456879045101,0.8099318570110676
DIEGO,3454,DIEGO,EUROPE,597,diego__diego_597,diego,Survey_September2023_cleaned,Survey_September2023_cleaned.xlsx,diego_597,NA,NA,IT,IT,southern_europe,18_24,male,employed,usable_complete,TRUE,TRUE,32,1.2048558883355978,0.5178333788743716,1.2260618318230871,1.7602293860085576,1.9142752614823877,0.7824083582694796,0.54146317766869545,1.3121000149755677,1.4083717572693417
DIEGO,3455,DIEGO,EUROPE,598,diego__diego_598,diego,Survey_September2023_cleaned,Survey_September2023_cleaned.xlsx,diego_598,NA,NA,IT,IT,southern_europe,18_24,female,employed,usable_complete,TRUE,TRUE,32,0.9791463208005585,1.0323979797208769,1.0207064856541792,0.5621746532935662,0.34432627303734875,1.1644714597513632,0.6083801768504938,0.4909862817455895,0.5900946402126439
DIEGO,3456,DIEGO,EUROPE,599,diego__diego_599,diego,Survey_September2023_cleaned,Survey_September2023_cleaned.xlsx,diego_599,NA,NA,IT,IT,southern_europe,45_54,female,employed,usable_complete,TRUE,TRUE,32,0.6248985341650889,0.609763789266733,1.098868335531531,0.36781824017351167,1.4062659534947421,0.9724645740786568,0.876772970492936,0.8878653630776636,0.45964938898645114
DIEGO,3457,DIEGO,EUROPE,600,diego__diego_600,diego,Survey_September2023_cleaned,Survey_September2023_cleaned.xlsx,diego_600,NA,NA,IT,IT,southern_europe,45_54,male,employed,usable_complete,TRUE,TRUE,32,1.0737460773084775,0.9479182557532027,0.7884909445714705,1.1038250376817251,0.8743927009028856,0.9174166746092365,0.9013968033136799,0.9657909734539674,0.7426214667803497
DIEGO,3458,DIEGO,EUROPE,601,diego__diego_601,diego,Survey_September2023_cleaned,Survey_September2023_cleaned.xlsx,diego_601,NA,NA,ES,ES,southern_europe,45_54,male,employed,usable_complete,TRUE,TRUE,32,0.8532992168651015,0.8814461150568453,0.6717509693837392,0.8111645323573272,0.5831589589969257,0.42067026695827986,0.8583676502750762,0.38281684724908294,0.8597183946536295
DIEGO,3459,DIEGO,EUROPE,602,diego__diego_602,diego,Survey_September2023_cleaned,Survey_September2023_cleaned.xlsx,diego_602,NA,NA,ES,ES,southern_europe,45_54,female,self_employed,usable_complete,TRUE,TRUE,32,0.7533811995807862,0.9647717020315512,1.090776961718245,0.2289423270548657,0.2792380377045603,0.7827879368145565,0.9141388517321296,0.8048062349551275,1.5970742624222258
DIEGO,3460,DIEGO,EUROPE,603,diego__diego_603,diego,Survey_September2023_cleaned,Survey_September2023_cleaned.xlsx,diego_603,NA,NA,ES,ES,southern_europe,45_54,male,employed,usable_complete,TRUE,TRUE,32,0.8736628671659192,1.0924424748176205,0.8784931936294871,0.677676611686791,1.0507134904002646,0.6993780365141565,0.3936283511609133,1.2789057958777053,0.6649746213697568
DIEGO,3461,DIEGO,EUROPE,604,diego__diego_604,diego,Survey_September2023_cleaned,Survey_September2023_cleaned.xlsx,diego_604,NA,NA,ES,ES,southern_europe,18_24,male,unemployed,usable_complete,TRUE,TRUE,32,0.6346939413061157,1.29155017583968,1.18821734299352,0.6273134376550155,0.6736139778258249,1.0972275372576212,0.9181320518582249,0.4909607933642757,1.3584181323282167
DIEGO,3462,DIEGO,EUROPE,605,diego__diego_605,diego,Survey_September2023_cleaned,Survey_September2023_cleaned.xlsx,diego_605,NA,NA,ES,ES,southern_europe,18_24,female,employed,usable_complete,TRUE,TRUE,32,1.0201714605740424,0.6307262026759619,0.6872921646128123,1.2040860919075824,0.6784853928375576,1.0896724263807291,0.8828119590327763,0.6049892915817484,1.0327536679863845
DIEGO,3463,DIEGO,EUROPE,606,diego__diego_606,diego,Survey_September2023_cleaned,Survey_September2023_cleaned.xlsx,diego_606,NA,NA,IT,IT,southern_europe,45_54,female,employed,usable_complete,TRUE,TRUE,32,0.3924794808888735,0.8411811377770084,1.0123138520526416,0.6150849000450024,0.8524268180113815,0.9992237723052098,0.6189875239795632,0.7781932460846178,1.28879227857453
DIEGO,3464,DIEGO,EUROPE,607,diego__diego_607,diego,Survey_September2023_cleaned,Survey_September2023_cleaned.xlsx,diego_607,NA,NA,GR,GR,southern_europe,45_54,female,retired,usable_complete,TRUE,TRUE,32,1.0529566889426667,1.3882207958150063,0.6620313389240177,0.5636631501737476,1.292616667896307,1.1046232463123662,0.6492136791600327,1.21132731119192,0.871707279072158
DIEGO,3465,DIEGO,EUROPE,608,diego__diego_608,diego,Survey_September2023_cleaned,Survey_September2023_cleaned.xlsx,diego_608,NA,NA,ES,ES,southern_europe,18_24,female,self_employed,usable_complete,TRUE,TRUE,32,0.7492940629446078,0.757334979545172,0.7762992185751854,1.0965845877321236,1.0649287617640752,1.2269358744921375,0.900880642391431,1.4377067119029725,1.720814501143086
DIEGO,3466,DIEGO,EUROPE,609,diego__diego_609,diego,Survey_September2023_cleaned,Survey_September2023_cleaned.xlsx,diego_609,NA,NA,ES,ES,southern_europe,45_54,female,employed,usable_complete,TRUE,TRUE,32,0.8012110931497931,1.037142859236559,0.7944106355820352,0.9561247813752657,0.9349747826441539,1.5661545374451284,0.6285015701515262,0.4004985291433047,0.9056717053202099
DIEGO,3467,DIEGO,EUROPE,610,diego__diego_610,diego,Survey_September2023_cleaned,Survey_September2023_cleaned.xlsx,diego_610,NA,NA,IT,IT,southern_europe,18_24,female,employed,usable_complete,TRUE,TRUE,32,0.6461562228484038,1.2905897037939997,0.9247963795827238,0.9235906263296383,1.4047416879909749,0.7182046139327862,0.9672057192322449,0.38107549254476947,0.5804332803610892
DIEGO,3468,DIEGO,EUROPE,611,diego__diego_611,diego,Survey_September2023_cleaned,Survey_September2023_cleaned.xlsx,diego_611,NA,NA,IT,IT,southern_europe,25_34,female,employed,usable_complete,TRUE,TRUE,32,0.9509347688649393,0.7038387218080107,1.209505102871947,0.5618538562160548,0.6582101757567868,0.49097613359697617,0.6255075542950116,0.9260605908085245,0.5549894790907469
DIEGO,3469,DIEGO,EUROPE,612,diego__diego_612,diego,Survey_September2023_cleaned,Survey_September2023_cleaned.xlsx,diego_612,NA,NA,GR,GR,southern_europe,45_54,male,self_employed,usable_complete,TRUE,TRUE,32,0.807864139315033,0.7366571278117892,0.6829519532174007,0.9307030417273023,0.10843522823362167,1.525104089661883,1.0595331382982405,0.7122719115354461,0.4626598009077639
DIEGO,3470,DIEGO,EUROPE,613,diego__diego_613,diego,Survey_September2023_cleaned,Survey_September2023_cleaned.xlsx,diego_613,NA,NA,IT,IT,southern_europe,45_54,male,self_employed,usable_complete,TRUE,TRUE,32,0.734021293839077,0.8455943986176546,1.2650787702434818,0.7553295933664224,0.7850435436160603,1.109425055529339,1.1463542289727315,0.5040627387882318,1.201313137949204
DIEGO,3471,DIEGO,EUROPE,614,diego__diego_614,diego,Survey_September2023_cleaned,Survey_September2023_cleaned.xlsx,diego_614,NA,NA,IT,IT,southern_europe,18_24,male,student,usable_complete,TRUE,TRUE,32,0.5239635612281384,0.6951755069679235,0.902740965053239,0.9482172963889544,0.48261571675519754,1.2482921362888564,0.8209885664644995,0.4110006426398734,0.5891719876078254
DIEGO,3472,DIEGO,EUROPE,615,diego__diego_615,diego,Survey_September2023_cleaned,Survey_September2023_cleaned.xlsx,diego_615,NA,NA,ES,ES,southern_europe,18_24,male,employed,usable_complete,TRUE,TRUE,32,0.4004948994793941,1.230991711947111,0.7622292563108807,0.643031189447696,0.7151357672334056,1.5984354810236017,0.9864214543384996,1.2908964800285394,0.7230896507192572
DIEGO,3473,DIEGO,EUROPE,616,diego__diego_616,diego,Survey_September2023_cleaned,Survey_September2023_cleaned.xlsx,diego_616,NA,NA,ES,ES,southern_europe,45_54,female,retired,usable_complete,TRUE,TRUE,32,0.7751271463267704,1.2861733137019182,0.6242187686085054,0.7024124356969287,0.535773692131841,1.158370631768745,0.9038986084501595,1.363346683291353,0.7182436911394184
DIEGO,3474,DIEGO,EUROPE,617,diego__diego_617,diego,Survey_September2023_cleaned,Survey_September2023_cleaned.xlsx,diego_617,NA,NA,GR,GR,southern_europe,25_34,female,employed,usable_complete,TRUE,TRUE,32,1.0530981553963898,0.35980810496226573,1.0130270567499582,0.6124275238046383,1.158314188977172,0.8492305514039626,0.41348119928086735,0.10842869802689521,0.6316818563086053
DIEGO,3475,DIEGO,EUROPE,618,diego__diego_618,diego,Survey_September2023_cleaned,Survey_September2023_cleaned.xlsx,diego_618,NA,NA,GR,GR,southern_europe,25_34,female,employed,usable_complete,TRUE,TRUE,32,0.618887676441179,0.8534974221736501,0.9061317040251676,0.523620147646485,1.6142753784253465,0.4328913280579974,0.7411016441936141,1.2375610214913821,1.3174447763531059
DIEGO,3476,DIEGO,EUROPE,619,diego__diego_619,diego,Survey_September2023_cleaned,Survey_September2023_cleaned.xlsx,diego_619,NA,NA,GR,GR,southern_europe,18_24,female,employed,usable_complete,TRUE,TRUE,32,0.6407618138809394,0.7452380148719859,0.9361808667208071,0.8504755215796985,0.5316519046675171,1.4068201515107717,0.776019005754973,1.0855826717039723,0.9641528385256115
DIEGO,3477,DIEGO,EUROPE,620,diego__diego_620,diego,Survey_September2023_cleaned,Survey_September2023_cleaned.xlsx,diego_620,NA,NA,IT,IT,southern_europe,18_24,female,student,usable_complete,TRUE,TRUE,32,0.7784720802595226,0.7972899221162284,1.262565981134168,0.8534022031721683,0.5275517089098768,1.1096438313884043,1.0146352265907952,0.8070610705458803,0.9560956261823891
DIEGO,3478,DIEGO,EUROPE,621,diego__diego_621,diego,Survey_September2023_cleaned,Survey_September2023_cleaned.xlsx,diego_621,NA,NA,ES,ES,southern_europe,45_54,male,employed,usable_complete,TRUE,TRUE,32,0.6886721545060521,0.9755033877238884,0.43312905298392135,0.7777552268502866,1.2804776720506972,0.7307678254014304,0.6387211556493844,0.575317246905526,0.6323418315715756
DIEGO,3479,DIEGO,EUROPE,622,diego__diego_622,diego,Survey_September2023_cleaned,Survey_September2023_cleaned.xlsx,diego_622,NA,NA,IT,IT,southern_europe,18_24,male,self_employed,usable_complete,TRUE,TRUE,32,0.920200579220584,0.690910459011225,1.191104817509016,0.7909498884056599,0.7092612785580055,1.3171335460412508,0.8851886111547314,1.3477409172889894,0.8993261025343182
DIEGO,3480,DIEGO,EUROPE,623,diego__diego_623,diego,Survey_September2023_cleaned,Survey_September2023_cleaned.xlsx,diego_623,NA,NA,IT,IT,southern_europe,18_24,female,self_employed,usable_complete,TRUE,TRUE,32,0.5562191796303493,0.7370817493138209,0.9680861179645636,0.8895884759191484,1.2176915937574997,0.8483032042160139,0.3994443358705437,0.8677292557827142,0.9056316419190156
DIEGO,3481,DIEGO,EUROPE,624,diego__diego_624,diego,Survey_September2023_cleaned,Survey_September2023_cleaned.xlsx,diego_624,NA,NA,ES,ES,southern_europe,25_34,male,employed,usable_complete,TRUE,TRUE,32,0.5583994950251964,0.6487673065458321,0.9379462435423115,0.6757360427272813,0.5520660561642288,1.1312641523663307,0.9601968970142625,0.16082488212307605,1.0204352300867046
DIEGO,3482,DIEGO,EUROPE,625,diego__diego_625,diego,Survey_September2023_cleaned,Survey_September2023_cleaned.xlsx,diego_625,NA,NA,IT,IT,southern_europe,18_24,female,student,usable_complete,TRUE,TRUE,32,0.9960723914116969,1.1656190820677308,1.33715497490867,0.7027318638348979,0.6783551832426451,0.37399145544268964,0.8043576927575227,0.872905026335551,1.3005405776925305
DIEGO,3483,DIEGO,EUROPE,626,diego__diego_626,diego,Survey_September2023_cleaned,Survey_September2023_cleaned.xlsx,diego_626,NA,NA,ES,ES,southern_europe,45_54,female,employed,usable_complete,TRUE,TRUE,32,0.5945197559234066,0.715425756547873,0.9507971094364225,0.7236759031865513,1.0846548498475128,0.9115411416921106,1.0897568134210984,0.5860391166811555,0.7315505068463952
DIEGO,3484,DIEGO,EUROPE,627,diego__diego_627,diego,Survey_September2023_cleaned,Survey_September2023_cleaned.xlsx,diego_627,NA,NA,ES,ES,southern_europe,45_54,female,employed,usable_complete,TRUE,TRUE,32,1.5420341013268972,1.0363302486679016,0.8538093685412594,0.33022984257550503,0.9876673587833344,0.5202155598809272,0.6647408674233434,0.17392134898494915,1.1364985995236516
DIEGO,3485,DIEGO,EUROPE,628,diego__diego_628,diego,Survey_September2023_cleaned,Survey_September2023_cleaned.xlsx,diego_628,NA,NA,ES,ES,southern_europe,45_54,male,self_employed,usable_complete,TRUE,TRUE,32,0.7013963561079953,0.9480029312010543,0.6948093102527699,0.9289292582317662,1.2744856750125284,1.2254628326022763,1.163188311848726,0.860120315040879,0.9455708033995428
DIEGO,3486,DIEGO,EUROPE,629,diego__diego_629,diego,Survey_September2023_cleaned,Survey_September2023_cleaned.xlsx,diego_629,NA,NA,ES,ES,southern_europe,25_34,female,employed,usable_complete,TRUE,TRUE,32,0.7735121056748809,0.8277335816961683,0.41585013517935643,1.0262278303665608,0.40289968222457107,1.2165298577872998,0.5699313170736049,1.3727854297987143,0.5444329866057183
DIEGO,3487,DIEGO,EUROPE,630,diego__diego_630,diego,Survey_September2023_cleaned,Survey_September2023_cleaned.xlsx,diego_630,NA,NA,ES,ES,southern_europe,25_34,female,employed,usable_complete,TRUE,TRUE,32,0.9527642759573134,0.937703968391685,1.4784787999977551,1.1740727935536512,1.4517936727513057,0.9405087356811079,1.0086872347452127,1.1121792718434371,1.4907083984966283
DIEGO,3488,DIEGO,EUROPE,631,diego__diego_631,diego,Survey_September2023_cleaned,Survey_September2023_cleaned.xlsx,diego_631,NA,NA,IT,IT,southern_europe,45_54,female,unemployed,usable_complete,TRUE,TRUE,32,0.613360197225397,0.4881025436811487,0.4722003347092925,0.3636807060022285,0.5423656143604931,0.24232195158846692,0.5416819636765002,0.7397345035523898,1.0886892597480744
DIEGO,3489,DIEGO,EUROPE,632,diego__diego_632,diego,Survey_September2023_cleaned,Survey_September2023_cleaned.xlsx,diego_632,NA,NA,ES,ES,southern_europe,45_54,female,employed,usable_complete,TRUE,TRUE,32,0.6880303266161997,0.7231731757411536,1.3075244354995326,0.2681804477079785,1.1725749847432125,0.33973445175319944,0.9963690453785942,1.3156309874977354,1.2184478957656637
DIEGO,3490,DIEGO,EUROPE,633,diego__diego_633,diego,Survey_September2023_cleaned,Survey_September2023_cleaned.xlsx,diego_633,NA,NA,IT,IT,southern_europe,18_24,female,student,usable_complete,TRUE,TRUE,32,0.7778917278401671,0.6402001605583538,1.3673075038301061,1.0498559304337176,0.3611532688031503,0.5821391443560668,0.8071932337528063,0.5828867456589988,0.46502745306705046
DIEGO,3491,DIEGO,EUROPE,634,diego__diego_634,diego,Survey_September2023_cleaned,Survey_September2023_cleaned.xlsx,diego_634,NA,NA,ES,ES,southern_europe,25_34,female,employed,usable_complete,TRUE,TRUE,32,0.6999561682569254,1.094658867761183,1.1043098299343481,0.8398661809100324,1.1975453435200754,0.9203205222919711,1.1362463349015155,1.029222758049293,0.37487459373267484
DIEGO,3492,DIEGO,EUROPE,635,diego__diego_635,diego,Survey_September2023_cleaned,Survey_September2023_cleaned.xlsx,diego_635,NA,NA,GR,GR,southern_europe,45_54,male,employed,usable_complete,TRUE,TRUE,32,0.7013810273334996,0.9765129215178501,0.4024096483064613,0.34467031138336796,0.2387828017181902,0.6390618489755928,0.6904715718192986,0.6800548736656479,0.548369929542818
DIEGO,3493,DIEGO,EUROPE,636,diego__diego_636,diego,Survey_September2023_cleaned,Survey_September2023_cleaned.xlsx,diego_636,NA,NA,IT,IT,southern_europe,45_54,male,employed,usable_complete,TRUE,TRUE,32,1.0670371922604471,0.830370431739496,0.7412675609092669,0.9545491304353995,0.8655228005046074,0.4405237616623712,0.6188485608427743,0.9778955229233572,0.3221510832249631
DIEGO,3494,DIEGO,EUROPE,637,diego__diego_637,diego,Survey_September2023_cleaned,Survey_September2023_cleaned.xlsx,diego_637,NA,NA,IT,IT,southern_europe,25_34,male,self_employed,usable_complete,TRUE,TRUE,32,0.9671591975896712,0.6585127955572707,0.7020398092692635,0.6729485549377717,0.4174731988577599,0.35506557589865906,0.5142718316968888,0.9669163317448507,0.3577982176615452
DIEGO,3495,DIEGO,EUROPE,638,diego__diego_638,diego,Survey_September2023_cleaned,Survey_September2023_cleaned.xlsx,diego_638,NA,NA,GR,GR,southern_europe,45_54,male,employed,usable_complete,TRUE,TRUE,32,0.7535771519892682,0.7588073118979117,0.6278504161603505,1.0890541699786467,1.0566326736577256,0.21524099679395595,1.2284965589567411,0.35384489049393814,0.4589811943793302
DIEGO,3496,DIEGO,EUROPE,639,diego__diego_639,diego,Survey_September2023_cleaned,Survey_September2023_cleaned.xlsx,diego_639,NA,NA,ES,ES,southern_europe,45_54,male,employed,usable_complete,TRUE,TRUE,32,0.22812556106114432,0.8282992863909799,1.1527792185100423,0.5437589123115979,1.0044471420471177,0.638048331036994,0.5738815789935916,0.9661707318125511,0.7169732307006875
DIEGO,3497,DIEGO,EUROPE,640,diego__diego_640,diego,Survey_September2023_cleaned,Survey_September2023_cleaned.xlsx,diego_640,NA,NA,ES,ES,southern_europe,25_34,female,employed,usable_complete,TRUE,TRUE,32,0.8788371725516505,0.5284045151905669,1.5362827139796107,1.6283260818645464,1.0899165014095629,1.135955215626207,1.1065500599939826,0.8338774629569247,1.4240932951852618
DIEGO,3498,DIEGO,EUROPE,641,diego__diego_641,diego,Survey_September2023_cleaned,Survey_September2023_cleaned.xlsx,diego_641,NA,NA,IT,IT,southern_europe,18_24,female,student,usable_complete,TRUE,TRUE,32,1.1775182799056734,0.49937929005320414,1.0551641952109752,0.4240283420154471,0.5642525534809233,0.9156907810144278,1.1734957854499612,0.8246731884019353,1.1738706228348206
DIEGO,3499,DIEGO,EUROPE,642,diego__diego_642,diego,Survey_September2023_cleaned,Survey_September2023_cleaned.xlsx,diego_642,NA,NA,IT,IT,southern_europe,18_24,male,student,usable_complete,TRUE,TRUE,32,0.7409616412351572,0.6990767759682095,0.7985861357459265,0.7472513037132309,1.6635287076889762,0.7380630539195838,1.0653764385462947,0.9638189255236611,0.46899267456380933
DIEGO,3500,DIEGO,EUROPE,643,diego__diego_643,diego,Survey_September2023_cleaned,Survey_September2023_cleaned.xlsx,diego_643,NA,NA,IT,IT,southern_europe,18_24,male,employed,usable_complete,TRUE,TRUE,32,0.6097890210344481,0.859035110595591,0.2889570722684765,0.23950996731269783,1.8725148888655783,1.047148282738352,0.46599318582061605,0.6836327578886027,0.990245484253355
DIEGO,3501,DIEGO,EUROPE,644,diego__diego_644,diego,Survey_September2023_cleaned,Survey_September2023_cleaned.xlsx,diego_644,NA,NA,ES,ES,southern_europe,45_54,male,employed,usable_complete,TRUE,TRUE,32,0.7438602802447547,0.9473856989754129,0.5357922033638913,0.9672772705052529,0.6393807612140332,0.4692543631941789,1.1211073444141282,1.615186585164726,0.5719992751086681
DIEGO,3502,DIEGO,EUROPE,645,diego__diego_645,diego,Survey_September2023_cleaned,Survey_September2023_cleaned.xlsx,diego_645,NA,NA,IT,IT,southern_europe,18_24,male,employed,usable_complete,TRUE,TRUE,32,0.7207205183403428,0.7528397051148326,1.0913364390893723,1.0630795873818897,0.41911154912788307,0.7032113934337765,0.37786648420425156,0.6548232392436583,1.2664118086499427
DIEGO,3503,DIEGO,EUROPE,646,diego__diego_646,diego,Survey_September2023_cleaned,Survey_September2023_cleaned.xlsx,diego_646,NA,NA,IT,IT,southern_europe,18_24,female,student,usable_complete,TRUE,TRUE,32,0.2328586852258327,1.3012226655613284,0.5635095022342108,0.9222580737552359,1.6504924004099104,0.42655576654900706,0.7537687432800653,0.7958337523724096,1.120911740115631
DIEGO,3504,DIEGO,EUROPE,647,diego__diego_647,diego,Survey_September2023_cleaned,Survey_September2023_cleaned.xlsx,diego_647,NA,NA,ES,ES,southern_europe,45_54,male,employed,usable_complete,TRUE,TRUE,32,0.26765241630652525,1.0672762438897516,1.051817176910485,1.2159383838957252,0.9129236816116868,0.6929278050635979,1.2237971447396512,0.6586859528976542,1.507621177413479
DIEGO,3505,DIEGO,EUROPE,648,diego__diego_648,diego,Survey_September2023_cleaned,Survey_September2023_cleaned.xlsx,diego_648,NA,NA,ES,ES,southern_europe,45_54,male,employed,usable_complete,TRUE,TRUE,32,0.55802644303735,0.8905884450935314,1.0246937472591318,0.7299737287064202,0.313314717170244,0.6822361431073067,0.9514295562954439,0.7287765555487568,0.09417886849358129
DIEGO,3506,DIEGO,EUROPE,649,diego__diego_649,diego,Survey_September2023_cleaned,Survey_September2023_cleaned.xlsx,diego_649,NA,NA,IT,IT,southern_europe,45_54,male,self_employed,usable_complete,TRUE,TRUE,32,1.2689675036101504,1.072218193908544,0.7438641947045382,0.4010641115877836,0.8047860609140276,0.6494212635521153,1.068692347416237,0.9108591102687589,1.3313608699609358
DIEGO,3507,DIEGO,EUROPE,650,diego__diego_650,diego,Survey_September2023_cleaned,Survey_September2023_cleaned.xlsx,diego_650,NA,NA,IT,IT,southern_europe,18_24,female,student,usable_complete,TRUE,TRUE,32,0.5831820819483465,1.1153427282585322,0.9038959444855739,0.6759769818372812,0.27815759697608355,0.6457233719008113,0.7306044331167861,0.5703184601904967,1.1672844750492337
DIEGO,3508,DIEGO,EUROPE,651,diego__diego_651,diego,Survey_September2023_cleaned,Survey_September2023_cleaned.xlsx,diego_651,NA,NA,ES,ES,southern_europe,45_54,female,employed,usable_complete,TRUE,TRUE,32,0.4750123272255602,0.3726123240311404,0.9871013403258713,0.9307483842346845,1.4554090451828028,0.46918553417635656,0.7487256968728594,1.0919422135550667,0.43016124377458664
DIEGO,3509,DIEGO,EUROPE,652,diego__diego_652,diego,Survey_September2023_cleaned,Survey_September2023_cleaned.xlsx,diego_652,NA,NA,ES,ES,southern_europe,18_24,male,student,usable_complete,TRUE,TRUE,32,0.6776284126316358,0.8108638756304358,0.8475537129426449,0.8471575788606646,0.4938053254584563,0.5212501114584628,1.1066801476249597,0.5622780605024897,0.9858696772942048
DIEGO,3510,DIEGO,EUROPE,653,diego__diego_653,diego,Survey_September2023_cleaned,Survey_September2023_cleaned.xlsx,diego_653,NA,NA,GR,GR,southern_europe,25_34,male,employed,usable_complete,TRUE,TRUE,32,0.23146933628933122,0.539673266802183,0.6423555435251971,0.309850818682847,0.5714114675434794,0.5950214346216991,0.7823585864411962,1.5190627259565226,0.7125014224588451
DIEGO,3511,DIEGO,EUROPE,654,diego__diego_654,diego,Survey_September2023_cleaned,Survey_September2023_cleaned.xlsx,diego_654,NA,NA,IT,IT,southern_europe,18_24,male,employed,usable_complete,TRUE,TRUE,32,0.38759856296820516,0.48172538595638537,0.33622205648473524,1.077976215180198,0.7156834652339819,0.923166762735928,0.3984417518081451,0.9696370748538299,0.9690026598241559
DIEGO,3512,DIEGO,EUROPE,655,diego__diego_655,diego,Survey_September2023_cleaned,Survey_September2023_cleaned.xlsx,diego_655,NA,NA,ES,ES,southern_europe,45_54,male,employed,usable_complete,TRUE,TRUE,32,0.9307250399378129,0.8315833679864817,0.8566956956055602,1.0617330992306713,0.4120781947132711,1.0522944972878627,0.4876894021256078,0.5775386044563381,0.6207940208168925
DIEGO,3513,DIEGO,EUROPE,656,diego__diego_656,diego,Survey_September2023_cleaned,Survey_September2023_cleaned.xlsx,diego_656,NA,NA,IT,IT,southern_europe,25_34,male,unemployed,usable_complete,TRUE,TRUE,32,0.8431179990281801,0.4753025601925881,0.6221628522289979,0.9847106021525233,0.7958792312279553,0.7025527902686352,0.7994060907173622,1.3272952710669383,0.8699147824424659
DIEGO,3514,DIEGO,EUROPE,657,diego__diego_657,diego,Survey_September2023_cleaned,Survey_September2023_cleaned.xlsx,diego_657,NA,NA,IT,IT,southern_europe,45_54,female,employed,usable_complete,TRUE,TRUE,32,0.7339135650074359,0.4313307631818399,0.9181484916331091,0.3307809090596712,0.5633103039949844,1.9956242242944766,0.19732333917731198,1.1631267392374065,0.5711519559177598
DIEGO,3515,DIEGO,EUROPE,658,diego__diego_658,diego,Survey_September2023_cleaned,Survey_September2023_cleaned.xlsx,diego_658,NA,NA,ES,ES,southern_europe,45_54,female,self_employed,usable_complete,TRUE,TRUE,32,1.9951447475191606,1.0864196397375692,0.7435973087986275,0.6705316525561873,1.0616404175346024,1.09583506293596,0.7704623108290732,0.8865649887299897,1.2285938935051828
DIEGO,3516,DIEGO,EUROPE,659,diego__diego_659,diego,Survey_September2023_cleaned,Survey_September2023_cleaned.xlsx,diego_659,NA,NA,IT,IT,southern_europe,25_34,male,employed,usable_complete,TRUE,TRUE,32,1.398308357495566,0.8923719558671934,1.1873723305772705,1.1898013409975787,0.6370978124514367,0.7988140370588153,0.9243120358044816,0.16346220808635573,0.3808640598416343
DIEGO,3517,DIEGO,EUROPE,660,diego__diego_660,diego,Survey_September2023_cleaned,Survey_September2023_cleaned.xlsx,diego_660,NA,NA,IT,IT,southern_europe,18_24,female,other,usable_complete,TRUE,TRUE,32,0.6824851601732557,0.8922555287384746,0.7030579004092236,1.200478992591413,1.6069684401326993,0.7370130850691925,0.8520758032509488,0.5578982340768118,1.3234498438046236
DIEGO,3518,DIEGO,EUROPE,661,diego__diego_661,diego,Survey_September2023_cleaned,Survey_September2023_cleaned.xlsx,diego_661,NA,NA,IT,IT,southern_europe,45_54,male,self_employed,usable_complete,TRUE,TRUE,32,1.142987709447695,1.7001363087409924,1.0646924296084461,0.9727448204050987,1.0119944206471414,0.3892189958001326,0.9028334135160732,1.4544515242587923,1.1766444379320884
DIEGO,3519,DIEGO,EUROPE,662,diego__diego_662,diego,Survey_September2023_cleaned,Survey_September2023_cleaned.xlsx,diego_662,NA,NA,IT,IT,southern_europe,18_24,female,student,usable_complete,TRUE,TRUE,32,0.6923875321028478,1.0091786659940218,0.9952049599710995,1.069871701816784,1.43102970542659,1.2347637804298714,0.8346496656686455,0.33877657457528504,0.6088010091968548
DIEGO,3520,DIEGO,EUROPE,663,diego__diego_663,diego,Survey_September2023_cleaned,Survey_September2023_cleaned.xlsx,diego_663,NA,NA,IT,IT,southern_europe,45_54,female,employed,usable_complete,TRUE,TRUE,32,0.46743310251515696,0.9971632162349297,1.0551853390217398,0.5207817498391502,0.8812309256240265,0.8461112498742407,0.9129475307701528,0.6012787481352843,1.273369372339776
DIEGO,3521,DIEGO,EUROPE,664,diego__diego_664,diego,Survey_September2023_cleaned,Survey_September2023_cleaned.xlsx,diego_664,NA,NA,GR,GR,southern_europe,45_54,male,employed,usable_complete,TRUE,TRUE,32,0.8439649442420963,0.8139167702666359,0.9347768264960294,0.8489892998868357,0.8848066278235966,1.030612991214951,0.968938372137956,0.5977424547341599,0.6434591910304085
DIEGO,3522,DIEGO,EUROPE,665,diego__diego_665,diego,Survey_September2023_cleaned,Survey_September2023_cleaned.xlsx,diego_665,NA,NA,ES,ES,southern_europe,25_34,male,employed,usable_complete,TRUE,TRUE,32,0.5138534601534831,0.7168113162480326,1.107442862870575,1.3723269161352454,0.7188383958601084,1.0020956629301268,0.8658502057394823,0.6701687963175992,1.4861501770921999
DIEGO,3523,DIEGO,EUROPE,666,diego__diego_666,diego,Survey_September2023_cleaned,Survey_September2023_cleaned.xlsx,diego_666,NA,NA,ES,ES,southern_europe,45_54,male,unemployed,usable_complete,TRUE,TRUE,32,0.6988220100811119,0.47550481468211975,0.8801904538777257,1.2851555658829552,0.9677328563178708,0.951432716672863,1.6389323194910432,0.8313784979690327,0.3305934991022437
DIEGO,3524,DIEGO,EUROPE,667,diego__diego_667,diego,Survey_September2023_cleaned,Survey_September2023_cleaned.xlsx,diego_667,NA,NA,GR,GR,southern_europe,18_24,female,student,usable_complete,TRUE,TRUE,32,0.5497355196916767,0.4953416920594739,1.1394510169867833,0.902760529406856,0.7720329128356811,0.966192089571625,0.7320855638218184,0.8925861379768047,0.6198598757139517
DIEGO,3525,DIEGO,EUROPE,668,diego__diego_668,diego,Survey_September2023_cleaned,Survey_September2023_cleaned.xlsx,diego_668,NA,NA,IT,IT,southern_europe,18_24,other,employed,usable_complete_limited_metadata,TRUE,TRUE,32,0.6833688324689943,0.29400117927939773,0.7139080903803352,0.6950800008766174,0.051951552748496437,0.9506221109993259,0.6330216115385763,0.5807951337084555,1.1611997712844853
DIEGO,3526,DIEGO,EUROPE,669,diego__diego_669,diego,Survey_September2023_cleaned,Survey_September2023_cleaned.xlsx,diego_669,NA,NA,ES,ES,southern_europe,18_24,female,student,usable_complete,TRUE,TRUE,32,0.5793608545433757,0.9757867985805043,0.823480458971168,0.7261757971810581,1.4156339614630569,0.8729235365747883,0.6296819770485419,0.29757026869596576,1.1968661674791257
DIEGO,3527,DIEGO,EUROPE,670,diego__diego_670,diego,Survey_September2023_cleaned,Survey_September2023_cleaned.xlsx,diego_670,NA,NA,IT,IT,southern_europe,45_54,male,employed,usable_complete,TRUE,TRUE,32,1.057978827704792,1.1890286699304706,0.5562487284243001,0.7022712713884224,0.45633213521882887,0.4435961553025664,0.9195651705682636,0.7020268854548598,0.9331823398669625
DIEGO,3528,DIEGO,EUROPE,671,diego__diego_671,diego,Survey_September2023_cleaned,Survey_September2023_cleaned.xlsx,diego_671,NA,NA,ES,ES,southern_europe,25_34,female,employed,usable_complete,TRUE,TRUE,32,0.600782761948478,1.3324591812244002,0.7849572750498884,0.5889996402941536,0.19210984142820992,0.8688125606637583,0.9076369199175789,1.1483581295154923,1.3134460088657005
DIEGO,3529,DIEGO,EUROPE,672,diego__diego_672,diego,Survey_September2023_cleaned,Survey_September2023_cleaned.xlsx,diego_672,NA,NA,IT,IT,southern_europe,45_54,male,employed,usable_complete,TRUE,TRUE,32,1.3909358510659156,0.45954298008644856,0.8937811166863352,0.7291292972671424,0.8356036781494468,0.45618520778629834,0.5397652440892008,0.5896667430805728,0.9923553337927056
DIEGO,3530,DIEGO,EUROPE,673,diego__diego_673,diego,Survey_September2023_cleaned,Survey_September2023_cleaned.xlsx,diego_673,NA,NA,IT,IT,southern_europe,45_54,male,employed,usable_complete,TRUE,TRUE,32,1.1339752306519633,0.5172365881787663,1.5424714838042006,0.691566198129656,1.1564397880279322,1.325509488367456,0.5876429771108939,0.9653822624292502,1.1497694386623485
DIEGO,3531,DIEGO,EUROPE,674,diego__diego_674,diego,Survey_September2023_cleaned,Survey_September2023_cleaned.xlsx,diego_674,NA,NA,ES,ES,southern_europe,18_24,male,student,usable_complete,TRUE,TRUE,32,1.0856282252622027,1.1572108091753193,0.5915664227373376,0.6727019991740012,0.8043240664778571,0.9304159795600908,1.340456928662381,0.49996462329071284,1.1537719145777032
DIEGO,3532,DIEGO,EUROPE,675,diego__diego_675,diego,Survey_September2023_cleaned,Survey_September2023_cleaned.xlsx,diego_675,NA,NA,IT,IT,southern_europe,18_24,male,student,usable_complete,TRUE,TRUE,32,0.9787046934911117,0.7713235667890732,0.557218244166138,0.6275782778740179,0.7176746079327117,0.8613431502137641,0.9818660160171463,0.6042934242192998,1.2231952231139671
DIEGO,3533,DIEGO,EUROPE,676,diego__diego_676,diego,Survey_September2023_cleaned,Survey_September2023_cleaned.xlsx,diego_676,NA,NA,ES,ES,southern_europe,45_54,female,self_employed,usable_complete,TRUE,TRUE,32,0.9650391978867361,0.7476046433878831,1.039150011156109,0.8195688458178022,1.1070370363798445,0.7316201657253608,1.119420945446447,0.6644630730784314,1.9326043626594887
DIEGO,3534,DIEGO,EUROPE,677,diego__diego_677,diego,Survey_September2023_cleaned,Survey_September2023_cleaned.xlsx,diego_677,NA,NA,IT,IT,southern_europe,45_54,male,self_employed,usable_complete,TRUE,TRUE,32,0.7782619645593761,0.9478586534868748,0.58744732074901,0.8932612713778741,1.893700383944001,0.678822192381337,0.8990639929518011,0.782051354947182,0.642480147860525
DIEGO,3535,DIEGO,EUROPE,678,diego__diego_678,diego,Survey_September2023_cleaned,Survey_September2023_cleaned.xlsx,diego_678,NA,NA,ES,ES,southern_europe,18_24,male,employed,usable_complete,TRUE,TRUE,32,0.9124024390608428,0.9358666725856347,1.2284386686217137,0.5234638676749279,1.0096330900212764,1.6071707932505173,1.1318716984867263,1.4795830468156652,1.1779597478782056
DIEGO,3536,DIEGO,EUROPE,679,diego__diego_679,diego,Survey_September2023_cleaned,Survey_September2023_cleaned.xlsx,diego_679,NA,NA,IT,IT,southern_europe,18_24,female,student,usable_complete,TRUE,TRUE,32,0.7855428579539079,0.4326206579640374,1.1514476639786841,0.3275393398112763,0.2779041930361976,0.6481884070083238,0.7450758731644281,0.8670748118934389,0.7873677547961575
DIEGO,3537,DIEGO,EUROPE,680,diego__diego_680,diego,Survey_September2023_cleaned,Survey_September2023_cleaned.xlsx,diego_680,NA,NA,ES,ES,southern_europe,18_24,male,student,usable_complete,TRUE,TRUE,32,1.4110223399126158,1.1023569384997036,0.8943375926564204,0.9815212535280672,1.19764995418405,0.8294939160442327,0.7296473617622159,0.4081650859787227,0.6791102836950702
DIEGO,3538,DIEGO,EUROPE,681,diego__diego_681,diego,Survey_September2023_cleaned,Survey_September2023_cleaned.xlsx,diego_681,NA,NA,IT,IT,southern_europe,18_24,male,employed,usable_complete,TRUE,TRUE,32,0.848875763834536,0.7283201017933354,0.3314882774743455,1.6650270510319707,0.9671962173471766,1.0626404923120112,1.1747767025670985,0.4655836055923366,1.0246734082982574
DIEGO,3539,DIEGO,EUROPE,682,diego__diego_682,diego,Survey_September2023_cleaned,Survey_September2023_cleaned.xlsx,diego_682,NA,NA,IT,IT,southern_europe,18_24,male,student,usable_complete,TRUE,TRUE,32,1.056282197010479,0.8495617954240211,0.6118067194327808,0.7707150836629584,0.27829091768094893,1.2433550869251233,0.7992181641475541,0.4475593753013119,0.6834676632881002
DIEGO,3540,DIEGO,EUROPE,683,diego__diego_683,diego,Survey_September2023_cleaned,Survey_September2023_cleaned.xlsx,diego_683,NA,NA,IT,IT,southern_europe,18_24,female,employed,usable_complete,TRUE,TRUE,32,0.8769098807255459,0.5914843640330549,0.5905111825717453,1.213012691710966,0.35232731803905515,0.6762006891066495,1.021637444319328,1.0893045073760688,1.5109379853288556
DIEGO,3541,DIEGO,EUROPE,684,diego__diego_684,diego,Survey_September2023_cleaned,Survey_September2023_cleaned.xlsx,diego_684,NA,NA,ES,ES,southern_europe,45_54,female,self_employed,usable_complete,TRUE,TRUE,32,1.116133181518173,1.0706248420681,0.7289050799075024,0.6306435513262106,0.5729873253776812,0.2882605091732356,1.238800538013094,0.968660923485456,1.47871880927039
DIEGO,3542,DIEGO,EUROPE,685,diego__diego_685,diego,Survey_September2023_cleaned,Survey_September2023_cleaned.xlsx,diego_685,NA,NA,ES,ES,southern_europe,25_34,male,employed,usable_complete,TRUE,TRUE,32,0.7387770582797754,1.3075603155887578,0.7066631045047664,1.1201255868932731,0.9236198426089058,0.7471186548026478,0.31600364622780525,0.7248397738755848,0.8132716912816437
DIEGO,3543,DIEGO,EUROPE,686,diego__diego_686,diego,Survey_September2023_cleaned,Survey_September2023_cleaned.xlsx,diego_686,NA,NA,ES,ES,southern_europe,18_24,female,employed,usable_complete,TRUE,TRUE,32,0.5830162168515931,0.865770375408125,1.0872740328480552,0.5733673573203183,1.4132955774503424,1.1205881480902018,0.8594568484729003,0.5247585897114494,1.3936320004736997
DIEGO,3544,DIEGO,EUROPE,687,diego__diego_687,diego,Survey_September2023_cleaned,Survey_September2023_cleaned.xlsx,diego_687,NA,NA,IT,IT,southern_europe,45_54,female,self_employed,usable_complete,TRUE,TRUE,32,0.8340142009012352,1.0365558417539833,0.8942751906151951,0.8610716634351139,0.5504045961628058,1.0299756466911667,1.0302703282193597,0.7035631295636454,0.3227297201924202
DIEGO,3545,DIEGO,EUROPE,688,diego__diego_688,diego,Survey_September2023_cleaned,Survey_September2023_cleaned.xlsx,diego_688,NA,NA,ES,ES,southern_europe,25_34,female,employed,usable_complete,TRUE,TRUE,32,1.1252897691806067,0.7227707205316989,1.1124739586175234,0.694360811258837,0.03388956793841123,0.7043579441481822,0.930221150389443,1.1210804608470495,1.1062299947914787
DIEGO,3546,DIEGO,EUROPE,689,diego__diego_689,diego,Survey_September2023_cleaned,Survey_September2023_cleaned.xlsx,diego_689,NA,NA,IT,IT,southern_europe,18_24,female,student,usable_complete,TRUE,TRUE,32,0.8403493307793509,0.6747937333089911,0.6023348621076562,1.0987533340036808,1.0028520992625638,0.7505152135195114,0.7975142353624083,0.9768580473819801,0.7329192913019382
DIEGO,3547,DIEGO,EUROPE,690,diego__diego_690,diego,Survey_September2023_cleaned,Survey_September2023_cleaned.xlsx,diego_690,NA,NA,IT,IT,southern_europe,25_34,female,employed,usable_complete,TRUE,TRUE,32,0.61528199234152825,0.4953148943538582,0.9095907092775617,0.5355447325573189,0.7574849515629385,0.8449196108767878,1.2316664992577564,0.8952782933427121,0.13601760786234385
DIEGO,3548,DIEGO,EUROPE,691,diego__diego_691,diego,Survey_September2023_cleaned,Survey_September2023_cleaned.xlsx,diego_691,NA,NA,ES,ES,southern_europe,18_24,male,employed,usable_complete,TRUE,TRUE,32,0.71671800476548,0.31976271108167675,1.0893589110172104,0.9440292581686669,0.3139164156342308,1.2455139206270727,0.5888721730932086,0.7320605381477052,0.8939330489514433
DIEGO,3549,DIEGO,EUROPE,692,diego__diego_692,diego,Survey_September2023_cleaned,Survey_September2023_cleaned.xlsx,diego_692,NA,NA,IT,IT,southern_europe,18_24,male,student,usable_complete,TRUE,TRUE,32,0.8631140461465867,0.9679504139165638,0.7984227527432792,0.803823074393561,1.3448208396933903,0.6867471814437873,0.5948752533756028,0.0768893715506755,1.302130360403257
DIEGO,3550,DIEGO,EUROPE,693,diego__diego_693,diego,Survey_September2023_cleaned,Survey_September2023_cleaned.xlsx,diego_693,NA,NA,IT,IT,southern_europe,45_54,female,employed,usable_complete,TRUE,TRUE,32,0.7049921490132047,0.8245006237029214,0.9384768414142712,0.9395486038556742,0.8645481521986221,0.8312513314320622,1.0493920076086112,0.7992720232301034,0.8681036168161657
DIEGO,3551,DIEGO,EUROPE,694,diego__diego_694,diego,Survey_September2023_cleaned,Survey_September2023_cleaned.xlsx,diego_694,NA,NA,IT,IT,southern_europe,18_24,female,student,usable_complete,TRUE,TRUE,32,0.9575788336578245,0.9682703685706244,0.8500775673611649,1.207293556992737,0.4452293374225572,1.0748190623528704,0.6439625355113391,0.6954951486867236,0.9721777513847223
DIEGO,3552,DIEGO,EUROPE,695,diego__diego_695,diego,Survey_September2023_cleaned,Survey_September2023_cleaned.xlsx,diego_695,NA,NA,IT,IT,southern_europe,18_24,male,student,usable_complete,TRUE,TRUE,32,0.8208800341157867,1.015260388616169,0.8368897386009791,0.6166467774752297,0.20936693583810975,1.3463866065455987,0.5249856464190856,0.7920766209913732,0.4850965519903347
DIEGO,3553,DIEGO,EUROPE,696,diego__diego_696,diego,Survey_September2023_cleaned,Survey_September2023_cleaned.xlsx,diego_696,NA,NA,IT,IT,southern_europe,45_54,female,employed,usable_complete,TRUE,TRUE,32,0.6874300022821606,0.8587996711360506,0.5725719424447068,1.0795967419306516,1.3068600636925847,0.47817591237210144,0.6065789596696378,1.1317095808303994,0.7384833914037623
DIEGO,3554,DIEGO,EUROPE,697,diego__diego_697,diego,Survey_September2023_cleaned,Survey_September2023_cleaned.xlsx,diego_697,NA,NA,ES,ES,southern_europe,18_24,female,employed,usable_complete,TRUE,TRUE,32,0.5620603200512748,0.9058967754592762,0.8992141003567611,1.1092990787318793,0.9122007008789919,1.0625129827568485,0.9879888094525746,1.2016292607344865,0.9846116140102616
DIEGO,3555,DIEGO,EUROPE,698,diego__diego_698,diego,Survey_September2023_cleaned,Survey_September2023_cleaned.xlsx,diego_698,NA,NA,ES,ES,southern_europe,45_54,male,employed,usable_complete,TRUE,TRUE,32,0.27942603068005956,0.8360978689833923,0.6796298227317007,1.182815361129312,1.4060432715673044,1.17259982050284,0.7607205313418264,0.5321933784103894,1.109389555518412
DIEGO,3556,DIEGO,EUROPE,699,diego__diego_699,diego,Survey_September2023_cleaned,Survey_September2023_cleaned.xlsx,diego_699,NA,NA,IT,IT,southern_europe,45_54,female,other,usable_complete,TRUE,TRUE,32,0.6509590617926098,0.8939245678456957,0.82122517820769525,0.4360564102155268,0.974262292076163,0.9878229159660503,0.6097116403838189,0.915020593796004,1.0298657510003446
DIEGO,3557,DIEGO,EUROPE,700,diego__diego_700,diego,Survey_September2023_cleaned,Survey_September2023_cleaned.xlsx,diego_700,NA,NA,IT,IT,southern_europe,25_34,male,student,usable_complete,TRUE,TRUE,32,0.7435879811310663,0.23424114169545815,0.7407273098496515,0.7096821977396447,0.8844109083001377,1.0516707317675487,0.5920497779546695,1.2565550051553513,0.29950601685426964
DIEGO,3558,DIEGO,EUROPE,701,diego__diego_701,diego,Survey_September2023_cleaned,Survey_September2023_cleaned.xlsx,diego_701,NA,NA,IT,IT,southern_europe,18_24,male,unemployed,usable_complete,TRUE,TRUE,32,0.7129193661161829,1.077367917650386,0.9659705795679872,1.2834351837915965,0.7255932647969972,0.601617238801281,1.103204726999021,0.9674182484818981,1.1031303472300973
DIEGO,3559,DIEGO,EUROPE,702,diego__diego_702,diego,Survey_September2023_cleaned,Survey_September2023_cleaned.xlsx,diego_702,NA,NA,IT,IT,southern_europe,18_24,other,student,usable_complete_limited_metadata,TRUE,TRUE,32,0.4294410976388465,0.6299126122041436,0.4689848016764889,0.703588379679867,1.2641977062952585,0.7356012770438736,1.002850111060372,0.3050734459984053,1.7737057277443173
DIEGO,3560,DIEGO,EUROPE,703,diego__diego_703,diego,Survey_September2023_cleaned,Survey_September2023_cleaned.xlsx,diego_703,NA,NA,ES,ES,southern_europe,45_54,female,employed,usable_complete,TRUE,TRUE,32,0.7263142568448682,0.5637722802002987,0.9039676470221856,1.2301459187239632,0.5470775199477299,0.6123382949313935,0.7245525848575924,0.6645563843801345,0.39307699539146296
DIEGO,3561,DIEGO,EUROPE,704,diego__diego_704,diego,Survey_September2023_cleaned,Survey_September2023_cleaned.xlsx,diego_704,NA,NA,ES,ES,southern_europe,45_54,male,employed,usable_complete,TRUE,TRUE,32,0.9187772503338046,0.9732131302534449,1.2476576211382344,0.9372200441361689,1.2230864678779318,0.6350086100351694,0.961313443622809,1.3111087443789937,1.2505376773462258
DIEGO,3562,DIEGO,EUROPE,705,diego__diego_705,diego,Survey_September2023_cleaned,Survey_September2023_cleaned.xlsx,diego_705,NA,NA,IT,IT,southern_europe,18_24,female,student,usable_complete,TRUE,TRUE,32,0.6950258482250233,0.8920022851186942,0.6724293895734451,0.5537119711498882,0.9937522826304441,0.831180816480883,0.7847031434020776,0.692664333031901,1.6007149695208
DIEGO,3563,DIEGO,EUROPE,706,diego__diego_706,diego,Survey_September2023_cleaned,Survey_September2023_cleaned.xlsx,diego_706,NA,NA,ES,ES,southern_europe,18_24,female,employed,usable_complete,TRUE,TRUE,32,0.5172085703476296,0.7955767253427312,0.9330125073323,0.5193749944969324,1.3663504973468927,0.562982807317213,1.2016461877888296,1.4305855356540864,1.0463885851722898
DIEGO,3564,DIEGO,EUROPE,707,diego__diego_707,diego,Survey_September2023_cleaned,Survey_September2023_cleaned.xlsx,diego_707,NA,NA,IT,IT,southern_europe,18_24,female,student,usable_complete,TRUE,TRUE,32,1.5113618482780462,0.8720324654849027,0.6204004907582825,1.0141980669738795,0.9804133458462182,0.349240631474741,0.8698497780650347,1.3268611782608806,0.7804693450357183
DIEGO,3565,DIEGO,EUROPE,708,diego__diego_708,diego,Survey_September2023_cleaned,Survey_September2023_cleaned.xlsx,diego_708,NA,NA,ES,ES,southern_europe,18_24,male,employed,usable_complete,TRUE,TRUE,32,1.040401355378859,0.7414929724327731,0.7949908766165364,1.946104677256808,1.24940035924448,0.6843588296068045,0.5468416579275266,1.3313560639448818,0.5532287705765223
DIEGO,3566,DIEGO,EUROPE,709,diego__diego_709,diego,Survey_September2023_cleaned,Survey_September2023_cleaned.xlsx,diego_709,NA,NA,IT,IT,southern_europe,18_24,female,student,usable_complete,TRUE,TRUE,32,0.8853721894391895,0.5086063822278398,0.9186055277263071,0.4980092483224919,0.7050615820778103,1.1671005395426772,0.8160145849211327,0.6297846769816605,1.0832577429982564
DIEGO,3567,DIEGO,EUROPE,710,diego__diego_710,diego,Survey_September2023_cleaned,Survey_September2023_cleaned.xlsx,diego_710,NA,NA,IT,IT,southern_europe,18_24,male,student,usable_complete,TRUE,TRUE,32,0.8346338241396671,0.6753965425041198,0.9024764324453056,1.725595592782392,0.8141462742659218,1.1910094474198807,0.46715029033082917,1.2093681774868654,0.4996371320822226
DIEGO,3568,DIEGO,EUROPE,711,diego__diego_711,diego,Survey_September2023_cleaned,Survey_September2023_cleaned.xlsx,diego_711,NA,NA,GR,GR,southern_europe,45_54,female,employed,usable_complete,TRUE,TRUE,32,0.6105080483964893,0.5639061844732397,0.49171115890411954,0.8908201305363375,0.21952031607148437,0.4624283419627435,1.0703980631903485,0.7114091386235094,0.4242989203948196
DIEGO,3569,DIEGO,EUROPE,712,diego__diego_712,diego,Survey_September2023_cleaned,Survey_September2023_cleaned.xlsx,diego_712,NA,NA,IT,IT,southern_europe,18_24,male,employed,usable_complete,TRUE,TRUE,32,1.6831078337527399,0.5848195043900322,0.7073386989214422,0.8300523539539472,1.549648227214174,1.806372108519512,0.6783443169211859,0.5699215753773191,1.135774003049336
DIEGO,3570,DIEGO,EUROPE,713,diego__diego_713,diego,Survey_September2023_cleaned,Survey_September2023_cleaned.xlsx,diego_713,NA,NA,ES,ES,southern_europe,45_54,male,employed,usable_complete,TRUE,TRUE,32,0.6704869170095675,1.0177954577181598,0.31428614639417024,0.9342316096427371,1.0859164699268635,0.8677336902951552,0.97591488744111,0.2828000556763886,0.6441548327258981
DIEGO,3571,DIEGO,EUROPE,714,diego__diego_714,diego,Survey_September2023_cleaned,Survey_September2023_cleaned.xlsx,diego_714,NA,NA,ES,ES,southern_europe,25_34,female,employed,usable_complete,TRUE,TRUE,32,0.9232504003140914,1.229205148962667,0.9061733016153838,0.6985752449952454,0.709004523122577,0.4995597910345721,0.8822764627886895,0.6744648178413334,0.9068830292102652
DIEGO,3572,DIEGO,EUROPE,715,diego__diego_715,diego,Survey_September2023_cleaned,Survey_September2023_cleaned.xlsx,diego_715,NA,NA,IT,IT,southern_europe,18_24,male,student,usable_complete,TRUE,TRUE,32,0.3765898677222264,1.1319138211992121,0.93538292304015,0.13973698260201553,0.7543500238125107,0.6030565977734667,0.4905072096263484,0.1476222294496975,0.17507290319812152
DIEGO,3573,DIEGO,EUROPE,716,diego__diego_716,diego,Survey_September2023_cleaned,Survey_September2023_cleaned.xlsx,diego_716,NA,NA,ES,ES,southern_europe,18_24,male,student,usable_complete,TRUE,TRUE,32,1.2413695855021902,0.8143643734082985,1.2116782336620617,0.8484695845542677,0.6375179177390384,1.0961654667732197,0.6264248154520259,1.3217369400870391,1.198098734180173
DIEGO,3574,DIEGO,EUROPE,717,diego__diego_717,diego,Survey_September2023_cleaned,Survey_September2023_cleaned.xlsx,diego_717,NA,NA,IT,IT,southern_europe,45_54,male,self_employed,usable_complete,TRUE,TRUE,32,0.34217684981872487,0.7768640750652238,1.3210908334359974,0.7343451831458562,1.1496823457483853,0.904323696549816,0.9959506847690485,0.6120165748279448,0.43633356072042057
DIEGO,3575,DIEGO,EUROPE,718,diego__diego_718,diego,Survey_September2023_cleaned,Survey_September2023_cleaned.xlsx,diego_718,NA,NA,IT,IT,southern_europe,45_54,male,employed,usable_complete,TRUE,TRUE,32,1.4621858768535563,0.9067505820785573,0.6103375225055284,1.0659941697197948,0.536738672965494,0.5414239837739301,0.9021820338156601,0.35661250008443396,0.6016595154552732
DIEGO,3576,DIEGO,EUROPE,719,diego__diego_719,diego,Survey_September2023_cleaned,Survey_September2023_cleaned.xlsx,diego_719,NA,NA,IT,IT,southern_europe,45_54,male,employed,usable_complete,TRUE,TRUE,32,0.9968296211808546,0.7393178789251992,0.5208479101501233,0.5699059275277983,0.5096185690747043,0.6399727185790193,1.1161774621846807,0.8903459708860613,0.2634281827679085
DIEGO,3577,DIEGO,EUROPE,720,diego__diego_720,diego,Survey_September2023_cleaned,Survey_September2023_cleaned.xlsx,diego_720,NA,NA,GR,GR,southern_europe,18_24,female,student,usable_complete,TRUE,TRUE,32,1.3786325353449989,0.6861911191410712,0.698414708199579,1.2026116241310452,0.764000796705735,0.5517449135366499,1.2094971198468594,0.549282263030947,0.558032044372191
DIEGO,3578,DIEGO,EUROPE,721,diego__diego_721,diego,Survey_September2023_cleaned,Survey_September2023_cleaned.xlsx,diego_721,NA,NA,IT,IT,southern_europe,18_24,female,unemployed,usable_complete,TRUE,TRUE,32,0.781419620110292,0.4803207263443897,0.7710687938067109,0.9465314147775555,1.1560504786754335,0.964260948649015,0.5452849845758122,0.5533504473162663,0.6906862300042871
DIEGO,3579,DIEGO,EUROPE,722,diego__diego_722,diego,Survey_September2023_cleaned,Survey_September2023_cleaned.xlsx,diego_722,NA,NA,ES,ES,southern_europe,65_plus,female,retired,usable_complete,TRUE,TRUE,32,0.8803193274699025,0.873879661491495,0.9484980382955618,0.7114454169808893,0.5408694475533016,0.501845332843583,0.6277460085030533,0.8699236348085186,0.8901159066142137
DIEGO,3580,DIEGO,EUROPE,723,diego__diego_723,diego,Survey_September2023_cleaned,Survey_September2023_cleaned.xlsx,diego_723,NA,NA,IT,IT,southern_europe,18_24,female,student,usable_complete,TRUE,TRUE,32,1.006185656583759,1.3153979021335613,0.9808316082086858,0.4564489304743018,0.6346583597063096,0.5371274230131581,0.6917744968713504,0.9464602170436892,1.3138277657160295
DIEGO,3581,DIEGO,EUROPE,724,diego__diego_724,diego,Survey_September2023_cleaned,Survey_September2023_cleaned.xlsx,diego_724,NA,NA,ES,ES,southern_europe,18_24,male,student,usable_complete,TRUE,TRUE,32,0.693101449166905,0.8269985932954825,0.5873926050138993,0.309666060976799,0.40563700084238974,1.042722002288872,1.0647656831000663,0.3329986069088078,0.9585957270851649
DIEGO,3582,DIEGO,EUROPE,725,diego__diego_725,diego,Survey_September2023_cleaned,Survey_September2023_cleaned.xlsx,diego_725,NA,NA,IT,IT,southern_europe,45_54,male,employed,usable_complete,TRUE,TRUE,32,0.5967695340242403,0.9602923376374259,0.4462202222200773,0.9104066760006821,0.6037196601024242,1.1001309636323173,0.6215016869561507,0.6599726461912301,0.3385026609664683
DIEGO,3583,DIEGO,EUROPE,726,diego__diego_726,diego,Survey_September2023_cleaned,Survey_September2023_cleaned.xlsx,diego_726,NA,NA,ES,ES,southern_europe,25_34,male,employed,usable_complete,TRUE,TRUE,32,0.7170065251120055,0.8516594642122157,0.6253471827739407,0.9817727899970708,0.45679820837246504,1.0529147242924095,0.8190358903996581,0.8756603415935514,1.068854347186445
DIEGO,3584,DIEGO,EUROPE,727,diego__diego_727,diego,Survey_September2023_cleaned,Survey_September2023_cleaned.xlsx,diego_727,NA,NA,IT,IT,southern_europe,45_54,male,employed,usable_complete,TRUE,TRUE,32,0.6845190414856879,0.8790665518815002,0.6774275653622308,1.157179519198673,1.2555416976031677,0.2245713775806766,0.30044759889794614,0.4158378380854497,0.09692473505822351
DIEGO,3585,DIEGO,EUROPE,728,diego__diego_728,diego,Survey_September2023_cleaned,Survey_September2023_cleaned.xlsx,diego_728,NA,NA,ES,ES,southern_europe,18_24,female,student,usable_complete,TRUE,TRUE,32,0.6635917681483912,0.7944882342101658,0.5582903272454185,1.9236226346827525,1.4489095708081918,0.40614006387795243,1.1862285868141977,1.1400680478390448,1.2702401933584504
DIEGO,3586,DIEGO,EUROPE,729,diego__diego_729,diego,Survey_September2023_cleaned,Survey_September2023_cleaned.xlsx,diego_729,NA,NA,ES,ES,southern_europe,25_34,male,self_employed,usable_complete,TRUE,TRUE,32,1.1433489088557003,1.0010363984880855,0.7183342318535576,1.395411585736083,0.84688929926648,0.7809729073794194,0.34827188104231865,0.6887985961019373,0.8136203494800326
DIEGO,3587,DIEGO,EUROPE,730,diego__diego_730,diego,Survey_September2023_cleaned,Survey_September2023_cleaned.xlsx,diego_730,NA,NA,IT,IT,southern_europe,45_54,female,self_employed,usable_complete,TRUE,TRUE,32,0.4271859624127474,0.675746754939822,1.156886054394859,0.7344975241621875,1.0678989833307575,0.8929950324005027,0.5778120389398227,0.7975016423659153,0.39362155980288915
DIEGO,3588,DIEGO,EUROPE,731,diego__diego_731,diego,Survey_September2023_cleaned,Survey_September2023_cleaned.xlsx,diego_731,NA,NA,IT,IT,southern_europe,45_54,female,employed,usable_complete,TRUE,TRUE,32,0.6993743960279026,0.7792040300344146,0.5384912557023146,1.1615232982689216,1.1889919557747757,0.828814907223739,0.9358179890117964,0.48804799009226096,0.7082835712874445
DIEGO,3589,DIEGO,EUROPE,732,diego__diego_732,diego,Survey_September2023_cleaned,Survey_September2023_cleaned.xlsx,diego_732,NA,NA,GR,GR,southern_europe,65_plus,female,retired,usable_complete,TRUE,TRUE,32,0.7286572316762162,1.1896278647874539,0.6701813568514389,0.4162408222647361,1.2399408390941984,0.6140322986194615,1.0958435710428043,1.1690086281233654,0.23782712534990436
DIEGO,3590,DIEGO,EUROPE,733,diego__diego_733,diego,Survey_September2023_cleaned,Survey_September2023_cleaned.xlsx,diego_733,NA,NA,IT,IT,southern_europe,45_54,female,employed,usable_complete,TRUE,TRUE,32,0.9514511166144466,0.4762522243991587,0.49992507278616233,0.32954781574535413,0.8572411071900818,1.088497616614147,1.2449574622896438,1.309012620299885,0.5454816045280758
DIEGO,3591,DIEGO,EUROPE,734,diego__diego_734,diego,Survey_September2023_cleaned,Survey_September2023_cleaned.xlsx,diego_734,NA,NA,IT,IT,southern_europe,18_24,male,student,usable_complete,TRUE,TRUE,32,1.1898815014369477,0.41417665547469606,0.4743839592838864,1.1336247263508312,1.1889563456997858,1.5524368786757559,1.233372247825374,0.5903900324860907,0.673277739670301
DIEGO,3592,DIEGO,EUROPE,735,diego__diego_735,diego,Survey_September2023_cleaned,Survey_September2023_cleaned.xlsx,diego_735,NA,NA,IT,IT,southern_europe,18_24,female,student,usable_complete,TRUE,TRUE,32,1.0512313942324782,0.8033701096990407,0.7416671364481202,1.415523886713431,0.7598362540576215,1.0636280331873103,0.7880775216943089,0.5290325394804247,0.2781023961798687
DIEGO,3593,DIEGO,EUROPE,736,diego__diego_736,diego,Survey_September2023_cleaned,Survey_September2023_cleaned.xlsx,diego_736,NA,NA,GR,GR,southern_europe,18_24,female,student,usable_complete,TRUE,TRUE,32,0.5546913476005563,0.6788657721476473,1.3319113930056807,0.809726943740638,1.314466052511293,1.0527288987365828,0.7930168896484643,1.2021291966191041,0.6282355821960419
DIEGO,3594,DIEGO,EUROPE,737,diego__diego_737,diego,Survey_September2023_cleaned,Survey_September2023_cleaned.xlsx,diego_737,NA,NA,IT,IT,southern_europe,18_24,male,employed,usable_complete,TRUE,TRUE,32,1.072970927021543,0.5130817884553219,1.2723182717485149,1.4563757731754527,1.9601837656531327,1.2419368140124332,1.0423554825414114,1.0277509685037405,0.989592663169837
DIEGO,3595,DIEGO,EUROPE,738,diego__diego_738,diego,Survey_September2023_cleaned,Survey_September2023_cleaned.xlsx,diego_738,NA,NA,IT,IT,southern_europe,45_54,female,employed,usable_complete,TRUE,TRUE,32,0.731462645588646,0.6698436020357417,1.1876112779351375,1.239994932117831,0.47937365992013864,0.6596779501689193,1.2658171948706476,0.9751203381547461,1.1421540063376412
DIEGO,3596,DIEGO,EUROPE,739,diego__diego_739,diego,Survey_September2023_cleaned,Survey_September2023_cleaned.xlsx,diego_739,NA,NA,IT,IT,southern_europe,18_24,male,student,usable_complete,TRUE,TRUE,32,1.0476373304393856,0.9713075806773414,0.7738981554568561,0.38171706937686545,1.0667142916820218,0.64373205258158,0.5647509093364625,1.4167017932137276,0.2797052826809744
DIEGO,3597,DIEGO,EUROPE,740,diego__diego_740,diego,Survey_September2023_cleaned,Survey_September2023_cleaned.xlsx,diego_740,NA,NA,IT,IT,southern_europe,45_54,male,employed,usable_complete,TRUE,TRUE,32,1.6417946827785848,1.2397572270466073,0.720693658761352,0.8612795995683187,1.0602191875211715,0.9126047422948124,1.0648180538719967,1.1823778717067206,0.5227512846133721
DIEGO,3598,DIEGO,EUROPE,741,diego__diego_741,diego,Survey_September2023_cleaned,Survey_September2023_cleaned.xlsx,diego_741,NA,NA,IT,IT,southern_europe,18_24,male,employed,usable_complete,TRUE,TRUE,32,1.0127978125063926,0.6984877217092152,0.8040102875487036,0.8429643011809246,0.7860083125261542,0.9590021740374804,0.7715039062068257,1.2291264230202164,1.092711653391381
DIEGO,3599,DIEGO,EUROPE,742,diego__diego_742,diego,Survey_September2023_cleaned,Survey_September2023_cleaned.xlsx,diego_742,NA,NA,ES,ES,southern_europe,45_54,female,unemployed,usable_complete,TRUE,TRUE,32,0.6640260592877543,0.8098864668227741,0.36251455663052484,1.3325728393279617,1.0288200818931172,0.596249570170214,0.6677550846021152,1.4278788477149515,0.6995864463172166
DIEGO,3600,DIEGO,EUROPE,743,diego__diego_743,diego,Survey_September2023_cleaned,Survey_September2023_cleaned.xlsx,diego_743,NA,NA,GR,GR,southern_europe,45_54,female,employed,usable_complete,TRUE,TRUE,32,0.8431181842180889,0.7163946115504435,1.3369775679909204,1.2568241551391264,1.813648155144061,0.9569181488176639,0.4718971427748708,1.0259687628124474,0.4178191084998568
DIEGO,3601,DIEGO,EUROPE,744,diego__diego_744,diego,Survey_September2023_cleaned,Survey_September2023_cleaned.xlsx,diego_744,NA,NA,ES,ES,southern_europe,18_24,female,employed,usable_complete,TRUE,TRUE,32,0.7049817884393834,1.0406621105818483,0.6360341876600843,0.6084846138954839,1.0002171150208383,0.49614825458039724,0.6847847169786526,0.596302890381137,0.47398879261656557
DIEGO,3602,DIEGO,EUROPE,745,diego__diego_745,diego,Survey_September2023_cleaned,Survey_September2023_cleaned.xlsx,diego_745,NA,NA,ES,ES,southern_europe,18_24,male,unemployed,usable_complete,TRUE,TRUE,32,0.48763463883466834,0.9072270649516112,0.8633508638107379,0.693477726265037,0.49124579975851534,1.224545714060515,0.5246784956840157,1.0484069908670728,0.4464548387763323
DIEGO,3603,DIEGO,EUROPE,746,diego__diego_746,diego,Survey_September2023_cleaned,Survey_September2023_cleaned.xlsx,diego_746,NA,NA,IT,IT,southern_europe,18_24,female,employed,usable_complete,TRUE,TRUE,32,0.9665586326541241,1.1029379665601224,0.42402389321161066,0.6545591452107646,0.7316385909406107,0.9772216230273394,0.633125966950582,0.5292023272986597,0.9947316481848952
DIEGO,3604,DIEGO,EUROPE,747,diego__diego_747,diego,Survey_September2023_cleaned,Survey_September2023_cleaned.xlsx,diego_747,NA,NA,GR,GR,southern_europe,18_24,female,employed,usable_complete,TRUE,TRUE,32,0.7585186991018431,0.7392197766547364,0.8592677046925609,1.1805847175220345,0.9637528358931444,1.3241166279266081,0.9100510189868547,0.8332388165133581,0.8838542212610694
DIEGO,3605,DIEGO,EUROPE,748,diego__diego_748,diego,Survey_September2023_cleaned,Survey_September2023_cleaned.xlsx,diego_748,NA,NA,ES,ES,southern_europe,18_24,female,student,usable_complete,TRUE,TRUE,32,0.627778788668645,0.6801756116080188,0.661800697958059,1.1853399716089055,0.3205464592736774,1.0106877659332278,0.8688745195826773,1.2853540061703497,0.5189901870397412
DIEGO,3606,DIEGO,EUROPE,749,diego__diego_749,diego,Survey_September2023_cleaned,Survey_September2023_cleaned.xlsx,diego_749,NA,NA,IT,IT,southern_europe,18_24,male,employed,usable_complete,TRUE,TRUE,32,0.5525881467363822,1.1393307122263505,1.008728928848028,0.6580974776582763,0.8757755931578057,1.0246145381967324,0.9692351443800717,1.0982583350419064,0.1863188381690256
DIEGO,3607,DIEGO,EUROPE,750,diego__diego_750,diego,Survey_September2023_cleaned,Survey_September2023_cleaned.xlsx,diego_750,NA,NA,GR,GR,southern_europe,18_24,male,student,usable_complete,TRUE,TRUE,32,0.86171295879072,0.7996240868186107,0.7628078575171425,0.8230017384145866,1.4003604176499724,0.8476741945313325,0.8315063360760544,0.5676570762707654,0.6542947222236639
DIEGO,3608,DIEGO,EUROPE,751,diego__diego_751,diego,Survey_September2023_cleaned,Survey_September2023_cleaned.xlsx,diego_751,NA,NA,IT,IT,southern_europe,18_24,female,student,usable_complete,TRUE,TRUE,32,0.6564790584557915,0.52494076101127,1.1081209337878526,0.6695689070691472,0.7030649639059897,0.9397810644941947,1.5104637608723348,0.5914556194689774,0.8775009341409467
DIEGO,3609,DIEGO,EUROPE,752,diego__diego_752,diego,Survey_September2023_cleaned,Survey_September2023_cleaned.xlsx,diego_752,NA,NA,GR,GR,southern_europe,45_54,male,employed,usable_complete,TRUE,TRUE,32,0.5431339210017121,0.4930871374489509,0.27511562175084137,0.869096570514162,0.575350802442358,0.8623635196240242,0.9168399154691599,0.3904300027680066,0.5030100594328586
DIEGO,3610,DIEGO,EUROPE,753,diego__diego_753,diego,Survey_September2023_cleaned,Survey_September2023_cleaned.xlsx,diego_753,NA,NA,IT,IT,southern_europe,25_34,male,employed,usable_complete,TRUE,TRUE,32,1.1299662183305317,0.5534418992711507,0.5388851244786906,1.0386042025653641,0.7539125981188429,0.588236257814136,1.0441655289099132,0.6883805824422171,0.8262084515541908
DIEGO,3611,DIEGO,EUROPE,754,diego__diego_754,diego,Survey_September2023_cleaned,Survey_September2023_cleaned.xlsx,diego_754,NA,NA,GR,GR,southern_europe,45_54,female,employed,usable_complete,TRUE,TRUE,32,0.6947382895150163,0.382523551498707,1.0726281290374058,1.1096034774045311,1.2650621288583934,0.48626188747469545,1.108350515360232,1.0357056834190888,0.23458881637222484
DIEGO,3612,DIEGO,EUROPE,755,diego__diego_755,diego,Survey_September2023_cleaned,Survey_September2023_cleaned.xlsx,diego_755,NA,NA,ES,ES,southern_europe,45_54,female,self_employed,usable_complete,TRUE,TRUE,32,1.0142089863404602,0.5941219851313215,0.9117648986648355,1.189343775839541,1.061059062320993,0.51347081439109,0.721666624068338,0.902959719900465,0.8692741363269341
DIEGO,3613,DIEGO,EUROPE,756,diego__diego_756,diego,Survey_September2023_cleaned,Survey_September2023_cleaned.xlsx,diego_756,NA,NA,IT,IT,southern_europe,45_54,female,employed,usable_complete,TRUE,TRUE,32,1.395913812047133,0.3302292343488554,0.8814459025057657,0.913462586635569,0.11129385915057356,0.6806487556354603,0.43787703337307227,1.0069402856256595,0.3363224893064347
DIEGO,3614,DIEGO,EUROPE,757,diego__diego_757,diego,Survey_September2023_cleaned,Survey_September2023_cleaned.xlsx,diego_757,NA,NA,IT,IT,southern_europe,25_34,male,employed,usable_complete,TRUE,TRUE,32,1.0521525337154176,0.6054395690989057,0.9621436233305248,0.8530624605750056,1.2198209487230525,0.828956100713115,1.1397015302444526,0.7918424005919625,1.3889818209438567
DIEGO,3615,DIEGO,EUROPE,758,diego__diego_758,diego,Survey_September2023_cleaned,Survey_September2023_cleaned.xlsx,diego_758,NA,NA,IT,IT,southern_europe,45_54,male,employed,usable_complete,TRUE,TRUE,32,0.7712752697253781,1.0175909412424138,0.7966782258137439,0.5557017639069647,0.7784124533373367,0.6223984670121665,0.8045098580425044,1.0427198116246252,1.0804953146780858
DIEGO,3616,DIEGO,EUROPE,759,diego__diego_759,diego,Survey_September2023_cleaned,Survey_September2023_cleaned.xlsx,diego_759,NA,NA,ES,ES,southern_europe,45_54,male,employed,usable_complete,TRUE,TRUE,32,0.7985804532949597,0.6109804410855821,0.6296835483048826,0.7066573482728661,0.17828117469024576,1.050642661275983,0.9708657743791864,1.459067849741724,1.4486243090144244
DIEGO,3617,DIEGO,EUROPE,760,diego__diego_760,diego,Survey_September2023_cleaned,Survey_September2023_cleaned.xlsx,diego_760,NA,NA,IT,IT,southern_europe,18_24,male,employed,usable_complete,TRUE,TRUE,32,0.6898665068798834,1.0842139146451557,0.3039558324703968,0.5606790918376585,0.623598738809039,0.3325607704259157,0.42382736388120057,0.16945213748043822,1.1859251221076919
DIEGO,3618,DIEGO,EUROPE,761,diego__diego_761,diego,Survey_September2023_cleaned,Survey_September2023_cleaned.xlsx,diego_761,NA,NA,IT,IT,southern_europe,18_24,male,student,usable_complete,TRUE,TRUE,32,0.5697134833709363,0.7601030676466933,1.0545651861650032,0.5802392240880488,0.7724347016208537,0.8907049562040134,1.0245227141326136,0.4476706772195114,0.5817490076192199
DIEGO,3619,DIEGO,EUROPE,762,diego__diego_762,diego,Survey_September2023_cleaned,Survey_September2023_cleaned.xlsx,diego_762,NA,NA,IT,IT,southern_europe,18_24,female,employed,usable_complete,TRUE,TRUE,32,0.6540964435268029,1.1236447066357438,1.0292544155564491,0.4882179054554265,0.7108116410183971,0.8363248110753034,0.5035592082276751,1.1171116534549095,0.4756154866104071
DIEGO,3620,DIEGO,EUROPE,763,diego__diego_763,diego,Survey_September2023_cleaned,Survey_September2023_cleaned.xlsx,diego_763,NA,NA,IT,IT,southern_europe,18_24,male,employed,usable_complete,TRUE,TRUE,32,1.1544117902833277,1.2164897474092307,0.8209059417431526,1.3595635791927423,0.8659329171246228,0.56089328969366,0.7849396745688304,0.7740928188641529,1.2499894364767674
DIEGO,3621,DIEGO,EUROPE,764,diego__diego_764,diego,Survey_September2023_cleaned,Survey_September2023_cleaned.xlsx,diego_764,NA,NA,IT,IT,southern_europe,18_24,female,employed,usable_complete,TRUE,TRUE,32,0.7931629760319798,0.8858644347023156,0.9642531890064607,0.8222340065805964,1.0982011020981126,0.6278785061342964,0.8076836722876735,1.0196259573173412,1.726555804613073
DIEGO,3622,DIEGO,EUROPE,765,diego__diego_765,diego,Survey_September2023_cleaned,Survey_September2023_cleaned.xlsx,diego_765,NA,NA,GR,GR,southern_europe,18_24,female,employed,usable_complete,TRUE,TRUE,32,0.7073019388319108,0.7790073917145031,1.007445487967143,0.23297722240770014,0.9187591252252258,0.5331126495448503,0.9649017287786984,0.8660459175087425,0.9950373144871869
DIEGO,3623,DIEGO,EUROPE,766,diego__diego_766,diego,Survey_September2023_cleaned,Survey_September2023_cleaned.xlsx,diego_766,NA,NA,ES,ES,southern_europe,45_54,female,employed,usable_complete,TRUE,TRUE,32,0.6671871080258583,0.6809290721884007,0.968775241642328,0.9835326958739579,0.5258859182479436,1.2464081694218543,0.6962522421526227,0.4936925500428502,1.1424411271296184
DIEGO,3624,DIEGO,EUROPE,767,diego__diego_767,diego,Survey_September2023_cleaned,Survey_September2023_cleaned.xlsx,diego_767,NA,NA,IT,IT,southern_europe,45_54,female,self_employed,usable_complete,TRUE,TRUE,32,0.4719387126293996,0.9426861657891741,0.8971367444475409,0.7819744337288487,0.8441031974900267,0.9561902434703522,1.0774016534141855,0.6394770459956991,0.319772233125815
DIEGO,3625,DIEGO,EUROPE,768,diego__diego_768,diego,Survey_September2023_cleaned,Survey_September2023_cleaned.xlsx,diego_768,NA,NA,IT,IT,southern_europe,18_24,male,unemployed,usable_complete,TRUE,TRUE,32,0.6469858432184639,0.6807961015174298,0.9942000878915145,0.9915568610318427,1.531363258936598,0.90978789562367,0.6789505358397694,0.7596872844552852,0.2287604904308837
DIEGO,3626,DIEGO,EUROPE,769,diego__diego_769,diego,Survey_September2023_cleaned,Survey_September2023_cleaned.xlsx,diego_769,NA,NA,ES,ES,southern_europe,45_54,male,other,usable_complete,TRUE,TRUE,32,0.7965409613380492,0.45624187351407475,0.7339539741311983,1.1948488967038653,0.25856710893798035,0.4613487396022954,0.5104092168731881,0.5164512990684421,0.49230022910947024
DIEGO,3627,DIEGO,EUROPE,770,diego__diego_770,diego,Survey_September2023_cleaned,Survey_September2023_cleaned.xlsx,diego_770,NA,NA,IT,IT,southern_europe,18_24,female,employed,usable_complete,TRUE,TRUE,32,0.7293663858710583,0.9746225070559851,1.1653241196735356,1.0952767885695083,1.4295542877781289,0.7459924616418419,0.8993374083612006,0.9910922020266243,0.09495018456765153
DIEGO,3628,DIEGO,EUROPE,771,diego__diego_771,diego,Survey_September2023_cleaned,Survey_September2023_cleaned.xlsx,diego_771,NA,NA,ES,ES,southern_europe,45_54,female,employed,usable_complete,TRUE,TRUE,32,0.649215036505336,0.765049636587541,0.6762884027548888,0.47901743080275216,1.0606058301468493,1.517190302067946,1.269890105018915,0.8721312934672946,0.29847839362475936
DIEGO,3629,DIEGO,EUROPE,772,diego__diego_772,diego,Survey_September2023_cleaned,Survey_September2023_cleaned.xlsx,diego_772,NA,NA,GR,GR,southern_europe,25_34,female,employed,usable_complete,TRUE,TRUE,32,0.6325858809497451,0.22266592723848064,0.5524387374882075,0.41604184672678596,0.47478749960074207,0.21315680417615593,0.6635359330724233,0.8475662170905105,0.965252220016555
DIEGO,3630,DIEGO,EUROPE,773,diego__diego_773,diego,Survey_September2023_cleaned,Survey_September2023_cleaned.xlsx,diego_773,NA,NA,IT,IT,southern_europe,45_54,female,self_employed,usable_complete,TRUE,TRUE,32,1.0038217337324424,0.6514884519094511,1.1048569972774138,0.986054247032912,0.5249849779213772,0.8240697291447987,1.0995515780740026,0.5511572727150462,1.419218998682487
DIEGO,3631,DIEGO,EUROPE,774,diego__diego_774,diego,Survey_September2023_cleaned,Survey_September2023_cleaned.xlsx,diego_774,NA,NA,GR,GR,southern_europe,45_54,male,unemployed,usable_complete,TRUE,TRUE,32,0.9487382375971898,1.762106877262871,0.9397462574532023,0.7822985655582757,0.7550943561409881,0.622042201312029,1.0239835426492143,1.0121824432952842,1.1365969399014317
DIEGO,3632,DIEGO,EUROPE,775,diego__diego_775,diego,Survey_September2023_cleaned,Survey_September2023_cleaned.xlsx,diego_775,NA,NA,ES,ES,southern_europe,25_34,female,employed,usable_complete,TRUE,TRUE,32,1.2718658494291926,0.830882129112676,0.7812542289025359,0.3119007587922799,0.601867619903561,0.954975579817079,0.600206335450851,0.6685926686168715,1.008655536562642
DIEGO,3633,DIEGO,EUROPE,776,diego__diego_776,diego,Survey_September2023_cleaned,Survey_September2023_cleaned.xlsx,diego_776,NA,NA,IT,IT,southern_europe,18_24,male,student,usable_complete,TRUE,TRUE,32,0.3988364573134105,0.6333768987426801,0.8220287769246843,0.555040490033308,0.7507850595484267,0.6309928462184178,0.7095563751140322,0.8841449311873572,0.3161564899145677
DIEGO,3634,DIEGO,EUROPE,777,diego__diego_777,diego,Survey_September2023_cleaned,Survey_September2023_cleaned.xlsx,diego_777,NA,NA,IT,IT,southern_europe,18_24,male,student,usable_complete,TRUE,TRUE,32,0.46556866979575895,0.7651038624299809,0.40955258974510145,1.3945076993089183,0.38340893838794166,0.5238745605790068,0.8734454011437387,0.7411386138291958,0.4357613333009544
DIEGO,3635,DIEGO,EUROPE,778,diego__diego_778,diego,Survey_September2023_cleaned,Survey_September2023_cleaned.xlsx,diego_778,NA,NA,GR,GR,southern_europe,45_54,female,employed,usable_complete,TRUE,TRUE,32,1.0207513858045685,1.0984168772656213,0.8836592004651322,0.9128927521304356,0.7395094055072028,0.8532080089600418,0.7364718237721248,0.9995339765390256,0.7769190222501865
DIEGO,3636,DIEGO,EUROPE,779,diego__diego_779,diego,Survey_September2023_cleaned,Survey_September2023_cleaned.xlsx,diego_779,NA,NA,ES,ES,southern_europe,18_24,male,employed,usable_complete,TRUE,TRUE,32,0.6986481972351917,0.8380423942749771,0.7553614550032481,0.6520116287046474,0.3699932069773767,0.9855867854183358,0.5809298770252952,1.0605147920157247,0.7749987924155728
DIEGO,3637,DIEGO,EUROPE,780,diego__diego_780,diego,Survey_September2023_cleaned,Survey_September2023_cleaned.xlsx,diego_780,NA,NA,ES,ES,southern_europe,45_54,male,employed,usable_complete,TRUE,TRUE,32,0.8605524399481863,0.7868066758564327,0.42675012841597537,0.543354586208706,1.0070192192785274,0.6303609248530669,1.171802331825293,0.41512979317209675,0.7332841714346767
DIEGO,3638,DIEGO,EUROPE,781,diego__diego_781,diego,Survey_September2023_cleaned,Survey_September2023_cleaned.xlsx,diego_781,NA,NA,IT,IT,southern_europe,18_24,male,student,usable_complete,TRUE,TRUE,32,0.9356874459791402,1.2217982880465865,1.0051982728581277,1.1482340664636277,1.4450820332079477,0.9138835635447633,1.0332332354210763,0.5067857160067349,0.700204976301211
DIEGO,3639,DIEGO,EUROPE,782,diego__diego_782,diego,Survey_September2023_cleaned,Survey_September2023_cleaned.xlsx,diego_782,NA,NA,ES,ES,southern_europe,18_24,male,unemployed,usable_complete,TRUE,TRUE,32,1.015008034241996,0.9554297550096243,0.7843600230928667,0.9135905296449701,1.5451344630065,0.7438877535611339,0.5496580879318429,0.5178049707424487,1.5865605107980771
DIEGO,3640,DIEGO,EUROPE,783,diego__diego_783,diego,Survey_September2023_cleaned,Survey_September2023_cleaned.xlsx,diego_783,NA,NA,IT,IT,southern_europe,18_24,male,employed,usable_complete,TRUE,TRUE,32,1.6394444471934215,0.9064845882962784,0.9121620929287684,0.2901413849147943,0.31936917691446376,0.8778330686763918,1.0727742522908912,0.9016964029696299,0.06761851435658872
DIEGO,3641,DIEGO,EUROPE,784,diego__diego_784,diego,Survey_September2023_cleaned,Survey_September2023_cleaned.xlsx,diego_784,NA,NA,IT,IT,southern_europe,25_34,male,employed,usable_complete,TRUE,TRUE,32,1.11093211154141,0.6270717626130192,0.818111694756154,0.5141030889761412,1.0569941946620924,0.8807068190106844,0.8663399488664256,0.36300929482212635,0.8592192986695459
DIEGO,3642,DIEGO,EUROPE,785,diego__diego_785,diego,Survey_September2023_cleaned,Survey_September2023_cleaned.xlsx,diego_785,NA,NA,IT,IT,southern_europe,45_54,male,self_employed,usable_complete,TRUE,TRUE,32,0.778802764277302,1.156183398522024,0.847906443788329,0.539852388316763,1.756074190316597,0.9913802440053878,0.8453421906534221,0.7912676190781927,0.16593546829961245
DIEGO,3643,DIEGO,EUROPE,786,diego__diego_786,diego,Survey_September2023_cleaned,Survey_September2023_cleaned.xlsx,diego_786,NA,NA,IT,IT,southern_europe,45_54,female,employed,usable_complete,TRUE,TRUE,32,0.9897051589089245,1.0212325657193477,1.019227590218799,0.34595672584480536,0.9996103788337862,0.7713687298624845,1.004416801737825,0.3033418286335529,1.184640513300637
DIEGO,3644,DIEGO,EUROPE,787,diego__diego_787,diego,Survey_September2023_cleaned,Survey_September2023_cleaned.xlsx,diego_787,NA,NA,ES,ES,southern_europe,45_54,male,employed,usable_complete,TRUE,TRUE,32,0.9570649660947617,0.7466084222826299,0.9638791440389479,0.46188103180746937,0.954699330333793,1.8406584916463058,1.0681771248022316,0.5201997337759613,0.9024693542848246
DIEGO,3645,DIEGO,EUROPE,788,diego__diego_788,diego,Survey_September2023_cleaned,Survey_September2023_cleaned.xlsx,diego_788,NA,NA,ES,ES,southern_europe,45_54,female,employed,usable_complete,TRUE,TRUE,32,0.686947891084605,0.55688846802188,0.9501018522399228,1.1619433200957896,1.4557574261793513,0.8342580566356672,0.8151885509151503,1.1331820318570227,0.4401585001523725
DIEGO,3646,DIEGO,EUROPE,789,diego__diego_789,diego,Survey_September2023_cleaned,Survey_September2023_cleaned.xlsx,diego_789,NA,NA,ES,ES,southern_europe,45_54,female,employed,usable_complete,TRUE,TRUE,32,1.0951787878509052,0.6170075452541719,0.7415535416684629,1.3101666764145923,0.8851168615840839,0.7603418315122725,0.31653106883969667,0.7257697066711238,0.3873989979695871
DIEGO,3647,DIEGO,EUROPE,790,diego__diego_790,diego,Survey_September2023_cleaned,Survey_September2023_cleaned.xlsx,diego_790,NA,NA,GR,GR,southern_europe,45_54,female,employed,usable_complete,TRUE,TRUE,32,0.9561060025718837,0.971645548232407,0.6460577291687559,0.8201338986285535,0.7183321820778251,0.7341677157209694,0.903022310766923,0.6687769141536735,1.3634229773107673
DIEGO,3648,DIEGO,EUROPE,791,diego__diego_791,diego,Survey_September2023_cleaned,Survey_September2023_cleaned.xlsx,diego_791,NA,NA,GR,GR,southern_europe,18_24,male,student,usable_complete,TRUE,TRUE,32,1.1683516104857157,0.49287027749290657,1.2091389076885672,0.3863682485773066,0.4815190878062273,0.4993817152905283,0.8468767695406495,0.7088360363374383,0.6482106351247483
DIEGO,3649,DIEGO,EUROPE,792,diego__diego_792,diego,Survey_September2023_cleaned,Survey_September2023_cleaned.xlsx,diego_792,NA,NA,ES,ES,southern_europe,45_54,male,self_employed,usable_complete,TRUE,TRUE,32,1.1218130975436058,1.1277013951429065,0.9170798017411583,0.6475745571393101,0.7060285982613591,1.3297644051543358,0.9909738592250891,0.7605101267770036,0.34631326073222496
DIEGO,3650,DIEGO,EUROPE,793,diego__diego_793,diego,Survey_September2023_cleaned,Survey_September2023_cleaned.xlsx,diego_793,NA,NA,ES,ES,southern_europe,45_54,female,employed,usable_complete,TRUE,TRUE,32,0.6524369302291871,1.1461206870328335,1.16204532411169,0.6754709804189453,0.796896300723426,1.2591606661990178,1.0407581902463527,1.3679448012044542,0.7630467529690228
DIEGO,3651,DIEGO,EUROPE,794,diego__diego_794,diego,Survey_September2023_cleaned,Survey_September2023_cleaned.xlsx,diego_794,NA,NA,ES,ES,southern_europe,45_54,female,employed,usable_complete,TRUE,TRUE,32,1.0238632222988868,0.737255590864433,0.5894559396420869,1.426468658907681,0.6019506453502297,0.4248627782135453,0.7669737903177329,0.6829635506514022,1.413780438787228
DIEGO,3652,DIEGO,EUROPE,795,diego__diego_795,diego,Survey_September2023_cleaned,Survey_September2023_cleaned.xlsx,diego_795,NA,NA,IT,IT,southern_europe,18_24,male,student,usable_complete,TRUE,TRUE,32,0.7648775137890971,0.5173390347547927,0.9148900225876219,1.2685311363896714,0.9319944643245623,1.154652544255914,0.8916103615412035,0.7411968280530843,0.6671013327565152
DIEGO,3653,DIEGO,EUROPE,796,diego__diego_796,diego,Survey_September2023_cleaned,Survey_September2023_cleaned.xlsx,diego_796,NA,NA,ES,ES,southern_europe,45_54,female,employed,usable_complete,TRUE,TRUE,32,0.7374407859520742,0.5692671558801045,0.9681839780457832,0.7848315747017801,0.7953570705343946,1.4328770788656942,0.7558548645271116,0.3112717052948623,0.7601216560580202
DIEGO,3654,DIEGO,EUROPE,797,diego__diego_797,diego,Survey_September2023_cleaned,Survey_September2023_cleaned.xlsx,diego_797,NA,NA,ES,ES,southern_europe,45_54,female,employed,usable_complete,TRUE,TRUE,32,1.1695394898152869,0.5817743386538234,1.1834729939396391,1.3685604157069402,1.305824079338116,0.6879091314856896,1.0957688580141074,0.6139096838399781,1.6919148547850846
DIEGO,3655,DIEGO,EUROPE,798,diego__diego_798,diego,Survey_September2023_cleaned,Survey_September2023_cleaned.xlsx,diego_798,NA,NA,GR,GR,southern_europe,45_54,male,employed,usable_complete,TRUE,TRUE,32,1.0241808503980847,1.0108483783949953,0.7402053722963803,0.6471037737822878,1.0871346713501309,1.0292894864086939,0.449649829406696,0.8010908374410416,0.38305825557631823
DIEGO,3656,DIEGO,EUROPE,799,diego__diego_799,diego,Survey_September2023_cleaned,Survey_September2023_cleaned.xlsx,diego_799,NA,NA,IT,IT,southern_europe,18_24,male,student,usable_complete,TRUE,TRUE,32,0.9689841150322461,0.6792974787864132,0.7105096914745259,0.9290781719444318,0.7129893327211534,0.86237049395281,0.8776749759191205,0.6573927215565023,0.5133485648325138
DIEGO,3657,DIEGO,EUROPE,800,diego__diego_800,diego,Survey_September2023_cleaned,Survey_September2023_cleaned.xlsx,diego_800,NA,NA,IT,IT,southern_europe,18_24,male,unemployed,usable_complete,TRUE,TRUE,32,0.9054131348176574,1.246042725254255,0.8748887424722891,0.907455629840066,1.256656146787675,1.74809668380925,1.0463808872095766,0.5552835378878309,1.3486091174305215
DIEGO,3658,DIEGO,EUROPE,801,diego__diego_801,diego,Survey_September2023_cleaned,Survey_September2023_cleaned.xlsx,diego_801,NA,NA,IT,IT,southern_europe,18_24,male,employed,usable_complete,TRUE,TRUE,32,1.4173540110431961,0.5526579841344806,0.876929972406586,0.9247687397108598,1.0375370507561095,0.8427389141526787,1.1754163811617073,1.1618428651197639,0.5618432727195092
DIEGO,3659,DIEGO,EUROPE,802,diego__diego_802,diego,Survey_September2023_cleaned,Survey_September2023_cleaned.xlsx,diego_802,NA,NA,ES,ES,southern_europe,25_34,male,employed,usable_complete,TRUE,TRUE,32,1.0327018567194348,0.9087144062395194,0.8205386461801913,1.1880277196692133,0.8145211581010281,0.7637500736918423,0.9372778339662649,0.8284298805224242,0.9403746614498301
DIEGO,3660,DIEGO,EUROPE,803,diego__diego_803,diego,Survey_September2023_cleaned,Survey_September2023_cleaned.xlsx,diego_803,NA,NA,IT,IT,southern_europe,45_54,female,self_employed,usable_complete,TRUE,TRUE,32,1.1504382830250517,0.7606259074827425,0.667900267634755,1.011797833721247,0.8404775373998282,0.3662372900039371,0.7134295675546631,0.8222547470926699,1.3371903822031384
DIEGO,3661,DIEGO,EUROPE,804,diego__diego_804,diego,Survey_September2023_cleaned,Survey_September2023_cleaned.xlsx,diego_804,NA,NA,GR,GR,southern_europe,18_24,male,employed,usable_complete,TRUE,TRUE,32,0.6464233846081568,0.5350551726124261,0.7951145749374846,1.2997794243253702,1.6890567159188432,0.490748258532876,1.0522597177718274,0.7676111452729762,0.9407106599955145
DIEGO,3662,DIEGO,EUROPE,805,diego__diego_805,diego,Survey_September2023_cleaned,Survey_September2023_cleaned.xlsx,diego_805,NA,NA,IT,IT,southern_europe,18_24,male,student,usable_complete,TRUE,TRUE,32,0.5321867245806947,0.8620496745446578,0.893058369690587,0.24586728241282962,0.995321719591193,0.9410366784537176,0.8583741885099239,0.6400334734161311,1.3190864523352368
DIEGO,3663,DIEGO,EUROPE,806,diego__diego_806,diego,Survey_September2023_cleaned,Survey_September2023_cleaned.xlsx,diego_806,NA,NA,ES,ES,southern_europe,45_54,female,employed,usable_complete,TRUE,TRUE,32,0.5657678723170195,0.7332942683246707,0.6315953647693567,0.47198658841952207,0.8143489640681352,0.6960509945103712,1.5288633565891474,0.7288325884045092,1.0596532318141307
DIEGO,3664,DIEGO,EUROPE,807,diego__diego_807,diego,Survey_September2023_cleaned,Survey_September2023_cleaned.xlsx,diego_807,NA,NA,GR,GR,southern_europe,45_54,female,employed,usable_complete,TRUE,TRUE,32,0.9083886227824152,1.0204915496871216,0.8649736666387033,1.0624205439956087,0.9855652484209002,0.7283352874112453,0.47015276074940965,1.138008014335748,1.193709450236365
DIEGO,3665,DIEGO,EUROPE,808,diego__diego_808,diego,Survey_September2023_cleaned,Survey_September2023_cleaned.xlsx,diego_808,NA,NA,IT,IT,southern_europe,45_54,female,self_employed,usable_complete,TRUE,TRUE,32,0.43823579032506976,0.40592650659995666,0.5935638324048572,0.19642470872798823,0.2537717885215167,0.2270083458760612,0.7349268707500768,0.08043019585961998,1.0086220093480314
DIEGO,3666,DIEGO,EUROPE,809,diego__diego_809,diego,Survey_September2023_cleaned,Survey_September2023_cleaned.xlsx,diego_809,NA,NA,ES,ES,southern_europe,45_54,male,employed,usable_complete,TRUE,TRUE,32,0.8038082854430246,0.5937601683824228,0.9727220587166479,0.3028513195107037,0.39327066799071825,0.3585611867659726,0.7605029240556078,0.9537767511653348,1.010543020342711
DIEGO,3667,DIEGO,EUROPE,810,diego__diego_810,diego,Survey_September2023_cleaned,Survey_September2023_cleaned.xlsx,diego_810,NA,NA,IT,IT,southern_europe,25_34,female,employed,usable_complete,TRUE,TRUE,32,0.8958279291194557,1.1869779214248848,0.9030291377226778,1.672143817552901,0.4636084166440457,1.3667111882148901,1.1063005895887001,0.8669399196900932,1.1421677706781574
DIEGO,3668,DIEGO,EUROPE,811,diego__diego_811,diego,Survey_September2023_cleaned,Survey_September2023_cleaned.xlsx,diego_811,NA,NA,GR,GR,southern_europe,25_34,male,self_employed,usable_complete,TRUE,TRUE,32,1.6036372127369836,1.1031823319289444,1.307518984336183,0.8451155193873822,1.3304214225217579,1.1535428437877762,1.4298230630306976,0.5735855971021292,0.768142123962775
DIEGO,3669,DIEGO,EUROPE,812,diego__diego_812,diego,Survey_September2023_cleaned,Survey_September2023_cleaned.xlsx,diego_812,NA,NA,ES,ES,southern_europe,45_54,male,self_employed,usable_complete,TRUE,TRUE,32,0.4761777066416082,0.6906574140545131,0.6189006499310798,0.7870547570742777,0.7746557439517701,0.7580454143526654,0.7817142748465871,0.4274209555886772,0.7661077319564262
DIEGO,3670,DIEGO,EUROPE,813,diego__diego_813,diego,Survey_September2023_cleaned,Survey_September2023_cleaned.xlsx,diego_813,NA,NA,ES,ES,southern_europe,45_54,female,employed,usable_complete,TRUE,TRUE,32,0.490276820289767,1.1905613819081786,0.7901102805459652,1.273861808757473,1.2198335160797258,0.980224776435427,1.1292688627603553,0.9392581092614147,1.3521931972216608
DIEGO,3671,DIEGO,EUROPE,814,diego__diego_814,diego,Survey_September2023_cleaned,Survey_September2023_cleaned.xlsx,diego_814,NA,NA,ES,ES,southern_europe,25_34,male,self_employed,usable_complete,TRUE,TRUE,32,0.7239679207177746,0.6839600122503298,0.9939083219420443,0.9796715609323545,0.9885063029498893,0.6186566020676114,0.8240325809646911,0.8851785543026246,0.43059710608925084
DIEGO,3672,DIEGO,EUROPE,815,diego__diego_815,diego,Survey_September2023_cleaned,Survey_September2023_cleaned.xlsx,diego_815,NA,NA,GR,GR,southern_europe,45_54,male,employed,usable_complete,TRUE,TRUE,32,0.6016188867920957,0.8155682520557879,1.1290949268382238,1.3026972384610456,0.8337858302894816,0.8403933728136328,0.7607262569890355,0.7763219778658438,0.5845927985287018
DIEGO,3673,DIEGO,EUROPE,816,diego__diego_816,diego,Survey_September2023_cleaned,Survey_September2023_cleaned.xlsx,diego_816,NA,NA,IT,IT,southern_europe,45_54,female,employed,usable_complete,TRUE,TRUE,32,0.7544961399529841,0.9798382702220566,1.0042482185165187,1.0995101993327119,0.9205729492480732,0.6204749151259584,0.5182179400211384,0.8316612271783335,0.38414438983823446
DIEGO,3674,DIEGO,EUROPE,817,diego__diego_817,diego,Survey_September2023_cleaned,Survey_September2023_cleaned.xlsx,diego_817,NA,NA,ES,ES,southern_europe,45_54,male,employed,usable_complete,TRUE,TRUE,32,0.6530940428003886,0.9368492849507015,0.6802922309205673,1.0404982218892664,0.7213474918753303,0.8404306649211326,1.2589422072547833,0.4781604852169426,0.8179814871748394
DIEGO,3675,DIEGO,EUROPE,818,diego__diego_818,diego,Survey_September2023_cleaned,Survey_September2023_cleaned.xlsx,diego_818,NA,NA,ES,ES,southern_europe,25_34,female,student,usable_complete,TRUE,TRUE,32,1.1801222836719498,0.7707982226277554,0.9764086824292756,1.2374056831140552,0.8839948186355323,1.074835290842909,0.5491744106455523,0.6132149351364397,0.7424628189958499
DIEGO,3676,DIEGO,EUROPE,819,diego__diego_819,diego,Survey_September2023_cleaned,Survey_September2023_cleaned.xlsx,diego_819,NA,NA,ES,ES,southern_europe,45_54,male,employed,usable_complete,TRUE,TRUE,32,0.46148053915753273,1.0963607010747711,1.4294129232713142,1.477253546441644,0.9936622815820382,0.5090202370243245,0.8363839858678626,0.8112261434129237,1.1545187652924462
DIEGO,3677,DIEGO,EUROPE,820,diego__diego_820,diego,Survey_September2023_cleaned,Survey_September2023_cleaned.xlsx,diego_820,NA,NA,ES,ES,southern_europe,45_54,female,employed,usable_complete,TRUE,TRUE,32,0.5305438782153652,0.5954993275535134,0.3160401332271732,0.4803721161860907,1.354006012120177,0.7524424889597838,0.7183369398114786,0.8763938450227954,1.3839739018294366
DIEGO,3678,DIEGO,EUROPE,821,diego__diego_821,diego,Survey_September2023_cleaned,Survey_September2023_cleaned.xlsx,diego_821,NA,NA,ES,ES,southern_europe,25_34,male,employed,usable_complete,TRUE,TRUE,32,0.6817191381657551,0.8089324506557639,1.0829184662737776,1.5137338756755518,0.7762433442035114,1.3571006433146844,0.6822120417475623,0.8751993387992304,0.8898051253532693
DIEGO,3679,DIEGO,EUROPE,822,diego__diego_822,diego,Survey_September2023_cleaned,Survey_September2023_cleaned.xlsx,diego_822,NA,NA,ES,ES,southern_europe,45_54,male,employed,usable_complete,TRUE,TRUE,32,0.9036348094099111,0.86764017193155,1.2185151785132582,0.5275825810908391,1.0455893585002656,1.4954607321686364,0.7534124544374696,1.3901780223022149,1.40874311673508
DIEGO,3680,DIEGO,EUROPE,823,diego__diego_823,diego,Survey_September2023_cleaned,Survey_September2023_cleaned.xlsx,diego_823,NA,NA,ES,ES,southern_europe,25_34,male,employed,usable_complete,TRUE,TRUE,32,0.5854541275497028,1.0558726311002853,0.5775775869843511,1.0714322829538812,1.5344115940387462,0.7199543755233517,1.202129070301852,0.547916423286787,0.6043524619460992
DIEGO,3681,DIEGO,EUROPE,824,diego__diego_824,diego,Survey_September2023_cleaned,Survey_September2023_cleaned.xlsx,diego_824,NA,NA,GR,GR,southern_europe,45_54,male,self_employed,usable_complete,TRUE,TRUE,32,1.0029797202650597,1.1862721826552922,0.8009075630235326,1.0577530464483516,0.30585881199113846,0.8418905469746987,0.8868131157223438,0.23920087935559597,0.4350608572181246
DIEGO,3682,DIEGO,EUROPE,825,diego__diego_825,diego,Survey_September2023_cleaned,Survey_September2023_cleaned.xlsx,diego_825,NA,NA,IT,IT,southern_europe,45_54,female,employed,usable_complete,TRUE,TRUE,32,1.2627935609822585,1.3472724522325246,0.7169311861640187,1.265073521466443,0.5834474495809616,1.7078195540802747,0.6203150760193672,0.5987555271115221,0.24340973332208649
DIEGO,3683,DIEGO,EUROPE,826,diego__diego_826,diego,Survey_September2023_cleaned,Survey_September2023_cleaned.xlsx,diego_826,NA,NA,IT,IT,southern_europe,45_54,male,employed,usable_complete,TRUE,TRUE,32,1.127747520229644,0.855240963530343,0.9441436392039361,0.48912268836219974,1.2131435603986467,1.4961669869674932,1.1406150117202731,1.1766449878703282,0.37064230798927256
DIEGO,3684,DIEGO,EUROPE,827,diego__diego_827,diego,Survey_September2023_cleaned,Survey_September2023_cleaned.xlsx,diego_827,NA,NA,IT,IT,southern_europe,25_34,female,employed,usable_complete,TRUE,TRUE,32,1.0819040231071202,1.0184467664470067,1.0131913932504144,0.26741471222983804,0.39794844871490376,1.551386117190014,0.5951217770323173,0.9319565623521835,0.4028916717686834
DIEGO,3685,DIEGO,EUROPE,828,diego__diego_828,diego,Survey_September2023_cleaned,Survey_September2023_cleaned.xlsx,diego_828,NA,NA,ES,ES,southern_europe,45_54,female,employed,usable_complete,TRUE,TRUE,32,0.8745704056515806,0.7101947852508816,1.049869414902935,0.4158921843600257,0.8524253400482882,0.4969055117352704,0.9111978309815392,0.6423330920496775,1.3228588236934584
DIEGO,3686,DIEGO,EUROPE,829,diego__diego_829,diego,Survey_September2023_cleaned,Survey_September2023_cleaned.xlsx,diego_829,NA,NA,ES,ES,southern_europe,18_24,female,student,usable_complete,TRUE,TRUE,32,0.9295134675406918,0.5751034420428428,0.7787066998218382,0.6503304832787197,0.5295306507456519,0.5205785607375101,0.9986532589943753,0.6816151973966648,1.5217103894794972
DIEGO,3687,DIEGO,EUROPE,830,diego__diego_830,diego,Survey_September2023_cleaned,Survey_September2023_cleaned.xlsx,diego_830,NA,NA,IT,IT,southern_europe,45_54,female,employed,usable_complete,TRUE,TRUE,32,0.3378111118899894,1.2762277616929705,1.235883678059317,0.8770125770478933,1.1291604074258246,0.9348562587591107,1.034189519782416,0.6608852534630778,0.42477472697541535
DIEGO,3688,DIEGO,EUROPE,831,diego__diego_831,diego,Survey_September2023_cleaned,Survey_September2023_cleaned.xlsx,diego_831,NA,NA,IT,IT,southern_europe,45_54,female,self_employed,usable_complete,TRUE,TRUE,32,0.8770105174653127,0.9931189980678318,0.9312772662411936,0.6858509812015097,0.5684807041591049,1.0373789125631645,0.9782751660915865,1.053106438863814,0.47112091949026247
DIEGO,3689,DIEGO,EUROPE,832,diego__diego_832,diego,Survey_September2023_cleaned,Survey_September2023_cleaned.xlsx,diego_832,NA,NA,IT,IT,southern_europe,25_34,male,employed,usable_complete,TRUE,TRUE,32,0.5479478978750494,0.8704733135808995,0.5937761866020937,1.0275922577597345,0.13805509012101785,0.5074937535838822,0.653180845739455,0.6723390954704094,0.19698190261538226
DIEGO,3690,DIEGO,EUROPE,833,diego__diego_833,diego,Survey_September2023_cleaned,Survey_September2023_cleaned.xlsx,diego_833,NA,NA,ES,ES,southern_europe,45_54,female,employed,usable_complete,TRUE,TRUE,32,0.8967308941194496,0.6022031705651124,0.5142197010120448,0.3963590127743461,0.47305076673499474,0.5351950526598926,0.6338898038119135,0.8147810433267412,1.1446081024928598
DIEGO,3691,DIEGO,EUROPE,834,diego__diego_834,diego,Survey_September2023_cleaned,Survey_September2023_cleaned.xlsx,diego_834,NA,NA,GR,GR,southern_europe,25_34,male,unemployed,usable_complete,TRUE,TRUE,32,1.129183575760768,1.1201651529801078,0.8921721345132457,0.9744636370922543,0.30452663824920834,1.030993321301638,1.0546013350385333,0.8477185643278643,1.298673398273228
DIEGO,3692,DIEGO,EUROPE,835,diego__diego_835,diego,Survey_September2023_cleaned,Survey_September2023_cleaned.xlsx,diego_835,NA,NA,ES,ES,southern_europe,25_34,male,employed,usable_complete,TRUE,TRUE,32,1.1939205773580392,0.8818339810621765,0.37627511972760436,0.8828084669571824,0.7126577497714403,1.287877811089123,0.17861100622657894,1.3210081390069193,0.5102028864545625
DIEGO,3693,DIEGO,EUROPE,836,diego__diego_836,diego,Survey_September2023_cleaned,Survey_September2023_cleaned.xlsx,diego_836,NA,NA,ES,ES,southern_europe,45_54,male,employed,usable_complete,TRUE,TRUE,32,1.2651486663536708,0.7775839633962076,0.9009912512021263,0.3163633521942156,0.20270104231150038,0.44788305001060347,0.6070850521683457,0.7134345935808987,0.5118956222153339
DIEGO,3694,DIEGO,EUROPE,837,diego__diego_837,diego,Survey_September2023_cleaned,Survey_September2023_cleaned.xlsx,diego_837,NA,NA,IT,IT,southern_europe,25_34,male,student,usable_complete,TRUE,TRUE,32,0.8228278237477114,0.2774311657148355,0.8370862390726721,0.6303310790102151,1.5613136868559725,0.80535572453317,0.7179230544914271,0.8469440080380606,0.43994563947956083
DIEGO,3695,DIEGO,EUROPE,838,diego__diego_838,diego,Survey_September2023_cleaned,Survey_September2023_cleaned.xlsx,diego_838,NA,NA,ES,ES,southern_europe,45_54,male,employed,usable_complete,TRUE,TRUE,32,1.186327217113362,1.121114202256828,0.7305728158073899,0.17772795299107455,1.3864919609861155,0.9581003813073545,1.0063691406015698,0.7254138190416467,0.879806505422607
DIEGO,3696,DIEGO,EUROPE,839,diego__diego_839,diego,Survey_September2023_cleaned,Survey_September2023_cleaned.xlsx,diego_839,NA,NA,IT,IT,southern_europe,45_54,male,self_employed,usable_complete,TRUE,TRUE,32,1.075500482913143,1.1653710619334356,1.0773254733060174,1.1049324013208437,1.109578852031187,0.83218042555861,0.9656642763628158,0.7975268752530221,0.8528076981534509
DIEGO,3697,DIEGO,EUROPE,840,diego__diego_840,diego,Survey_September2023_cleaned,Survey_September2023_cleaned.xlsx,diego_840,NA,NA,IT,IT,southern_europe,45_54,female,self_employed,usable_complete,TRUE,TRUE,32,0.9036596132759367,0.5135464262526142,0.8450471060640068,0.7324238577725808,0.5235544858816068,0.8918118485289316,0.6771250851758999,1.5394304011753956,1.0804042249373649
DIEGO,3698,DIEGO,EUROPE,841,diego__diego_841,diego,Survey_September2023_cleaned,Survey_September2023_cleaned.xlsx,diego_841,NA,NA,IT,IT,southern_europe,45_54,female,self_employed,usable_complete,TRUE,TRUE,32,1.4608260871762293,0.8119013023812526,1.3720519337941532,0.6831041212123322,0.6012062105666219,0.7702286080238948,0.6188918156760457,1.269457593865244,0.6906721991343722
DIEGO,3699,DIEGO,EUROPE,842,diego__diego_842,diego,Survey_September2023_cleaned,Survey_September2023_cleaned.xlsx,diego_842,NA,NA,ES,ES,southern_europe,25_34,other,unemployed,usable_complete_limited_metadata,TRUE,TRUE,32,1.3277505356204808,0.422654620643409,0.9070758140877306,0.4789045130585043,0.62151993427073,0.759273945755528,0.44997433015602484,0.4795800687157554,1.0832325953848234
DIEGO,3700,DIEGO,EUROPE,843,diego__diego_843,diego,Survey_September2023_cleaned,Survey_September2023_cleaned.xlsx,diego_843,NA,NA,IT,IT,southern_europe,25_34,male,employed,usable_complete,TRUE,TRUE,32,1.1352574533350503,1.3554650471468082,0.7930184216454725,0.5908381023448112,1.3942332910297033,0.5858585545521388,0.6885031014875815,0.6450110858790353,0.8304435515261362
DIEGO,3701,DIEGO,EUROPE,844,diego__diego_844,diego,Survey_September2023_cleaned,Survey_September2023_cleaned.xlsx,diego_844,NA,NA,IT,IT,southern_europe,25_34,other,employed,usable_complete_limited_metadata,TRUE,TRUE,32,0.9785161521837054,0.9000598134209893,0.8615102611299594,0.06915627526884173,1.3261344598760791,0.7325622331237841,1.199903061672502,0.6481671315265244,1.0071355046472559
DIEGO,3702,DIEGO,EUROPE,845,diego__diego_845,diego,Survey_September2023_cleaned,Survey_September2023_cleaned.xlsx,diego_845,NA,NA,GR,GR,southern_europe,25_34,male,employed,usable_complete,TRUE,TRUE,32,0.9485501815012514,1.163895657694702,1.3230811023955404,0.8770281862954098,0.9874384695523629,1.2008340271395173,1.2877527496161425,0.2197395139180401,0.5940752370836083
DIEGO,3703,DIEGO,EUROPE,846,diego__diego_846,diego,Survey_September2023_cleaned,Survey_September2023_cleaned.xlsx,diego_846,NA,NA,ES,ES,southern_europe,45_54,male,self_employed,usable_complete,TRUE,TRUE,32,0.7344475413236355,0.9898301437685209,0.8536142483587323,1.375234811955055,0.42361195861236667,0.7976241144435553,0.24891182075035193,0.9022459421269957,0.3833022979338315
DIEGO,3704,DIEGO,EUROPE,847,diego__diego_847,diego,Survey_September2023_cleaned,Survey_September2023_cleaned.xlsx,diego_847,NA,NA,ES,ES,southern_europe,45_54,male,employed,usable_complete,TRUE,TRUE,32,1.3779572573346732,1.1049233993445446,1.0140274885370164,1.1366102374599538,1.474139428329842,0.48271595980456183,0.7553385864108423,0.5543391186904894,1.0209078471379036
DIEGO,3705,DIEGO,EUROPE,848,diego__diego_848,diego,Survey_September2023_cleaned,Survey_September2023_cleaned.xlsx,diego_848,NA,NA,GR,GR,southern_europe,18_24,male,student,usable_complete,TRUE,TRUE,32,0.9166219155224447,1.0197988548842976,1.0197900040137533,0.9797246217077552,0.18291446133844538,1.4098446708338375,0.9358905231844593,0.32980634192030706,0.7420017566887316
DIEGO,3706,DIEGO,EUROPE,849,diego__diego_849,diego,Survey_September2023_cleaned,Survey_September2023_cleaned.xlsx,diego_849,NA,NA,GR,GR,southern_europe,25_34,female,unemployed,usable_complete,TRUE,TRUE,32,1.1568014780378937,0.6008866992113809,1.097865689212373,0.45111165523625685,0.2538794530227079,0.7471930538252484,0.6668146252427916,1.0376123811966025,1.2189555236395913
DIEGO,3707,DIEGO,EUROPE,850,diego__diego_850,diego,Survey_September2023_cleaned,Survey_September2023_cleaned.xlsx,diego_850,NA,NA,ES,ES,southern_europe,25_34,female,student,usable_complete,TRUE,TRUE,32,1.1198035612048125,0.9225317639973889,0.9677708962417146,0.5668700604503824,1.2675258716665323,1.0904634449815644,0.6957893484214525,0.2961068846998287,0.090863409851794
DIEGO,3708,DIEGO,EUROPE,851,diego__diego_851,diego,Survey_September2023_cleaned,Survey_September2023_cleaned.xlsx,diego_851,NA,NA,GR,GR,southern_europe,45_54,male,unemployed,usable_complete,TRUE,TRUE,32,0.4535469621788235,1.2755993605303189,0.9968652746593456,1.0361585192052043,0.9371733656976385,0.5504000182126135,0.9303990712806243,1.320317609049027,0.5426334112366168
DIEGO,3709,DIEGO,EUROPE,852,diego__diego_852,diego,Survey_September2023_cleaned,Survey_September2023_cleaned.xlsx,diego_852,NA,NA,GR,GR,southern_europe,18_24,male,employed,usable_complete,TRUE,TRUE,32,0.6571068675353834,0.9413727823796693,0.8543642162049062,0.54512949944194,0.3257914110108634,1.0317616831054048,1.1248185369847161,0.8742243966067359,0.5100238122298489
DIEGO,3710,DIEGO,EUROPE,853,diego__diego_853,diego,Survey_September2023_cleaned,Survey_September2023_cleaned.xlsx,diego_853,NA,NA,ES,ES,southern_europe,18_24,female,student,usable_complete,TRUE,TRUE,32,0.46689304784653757,0.6700512610967784,0.9435697234589517,0.7356088363714174,1.1342230072616437,0.3536918311613585,0.7071533270445338,0.5945085578465471,1.7381484594664576
DIEGO,3711,DIEGO,EUROPE,854,diego__diego_854,diego,Survey_September2023_cleaned,Survey_September2023_cleaned.xlsx,diego_854,NA,NA,IT,IT,southern_europe,18_24,female,employed,usable_complete,TRUE,TRUE,32,0.68041431799768,0.46359216745899984,0.8812688894015537,1.0452904958686986,1.5682864176305487,0.8705842513345584,0.9559098999206151,1.0190124613511624,0.8320662213312162
DIEGO,3712,DIEGO,EUROPE,855,diego__diego_855,diego,Survey_September2023_cleaned,Survey_September2023_cleaned.xlsx,diego_855,NA,NA,ES,ES,southern_europe,45_54,male,employed,usable_complete,TRUE,TRUE,32,0.3651564069093606,0.6249180541589793,0.6415709297276224,0.7395344206943079,0.6586482287563774,0.7563704742483502,0.18446609863309915,0.9478763994607443,0.6900082461585152
DIEGO,3713,DIEGO,EUROPE,856,diego__diego_856,diego,Survey_September2023_cleaned,Survey_September2023_cleaned.xlsx,diego_856,NA,NA,GR,GR,southern_europe,18_24,female,employed,usable_complete,TRUE,TRUE,32,0.796774452452661,0.5231860247851571,0.5540783879541833,1.011751103701733,0.8512235280706109,1.0549096669081708,1.1037023230320453,0.8276413943087904,0.590389553804
DIEGO,3714,DIEGO,EUROPE,857,diego__diego_857,diego,Survey_September2023_cleaned,Survey_September2023_cleaned.xlsx,diego_857,NA,NA,GR,GR,southern_europe,25_34,male,student,usable_complete,TRUE,TRUE,32,0.663383937892605,0.7586826613006404,1.1392351649891426,0.6438826839101189,0.9720884338920208,0.42094562421297943,0.7833735798510147,0.8371862770462185,0.9438777575916946
DIEGO,3715,DIEGO,EUROPE,858,diego__diego_858,diego,Survey_September2023_cleaned,Survey_September2023_cleaned.xlsx,diego_858,NA,NA,GR,GR,southern_europe,18_24,male,student,usable_complete,TRUE,TRUE,32,1.079653352170212,0.5696999057216824,1.0781107315645466,0.19718553054065155,0.9617437235631443,0.2954471392507368,0.8498976732120168,0.5872229285635162,0.5993827717844805
DIEGO,3716,DIEGO,EUROPE,859,diego__diego_859,diego,Survey_September2023_cleaned,Survey_September2023_cleaned.xlsx,diego_859,NA,NA,IT,IT,southern_europe,18_24,male,student,usable_complete,TRUE,TRUE,32,0.485330687754703,0.712791885280951,0.6562041108533927,0.650368128744495,0.9439433054365756,1.2438256259012646,0.7028878397181252,0.6186033275624855,1.00038236466599
DIEGO,3717,DIEGO,EUROPE,860,diego__diego_860,diego,Survey_September2023_cleaned,Survey_September2023_cleaned.xlsx,diego_860,NA,NA,IT,IT,southern_europe,18_24,female,student,usable_complete,TRUE,TRUE,32,0.930051881975096,0.8291094755947979,0.8024660686204479,0.4501604916517105,0.4802550114967417,0.906666970896066,0.6352117137886539,1.40955686992265,0.6700517689373977
DIEGO,3718,DIEGO,EUROPE,861,diego__diego_861,diego,Survey_September2023_cleaned,Survey_September2023_cleaned.xlsx,diego_861,NA,NA,GR,GR,southern_europe,18_24,female,student,usable_complete,TRUE,TRUE,32,0.7378082718812513,0.5972704076272,0.8596865099030229,0.48549929167817213,1.0173599574708092,0.11337526982154966,0.5800314494542691,1.083753978854177,1.4023243158092016
DIEGO,3719,DIEGO,EUROPE,862,diego__diego_862,diego,Survey_September2023_cleaned,Survey_September2023_cleaned.xlsx,diego_862,NA,NA,ES,ES,southern_europe,45_54,female,unemployed,usable_complete,TRUE,TRUE,32,0.5461193096025114,0.7209213709079034,0.8964957521018038,0.15958598998574852,1.2341484590869114,0.6797860633277404,0.7283229613674888,0.2115862896188718,1.034471837339815
DIEGO,3720,DIEGO,EUROPE,863,diego__diego_863,diego,Survey_September2023_cleaned,Survey_September2023_cleaned.xlsx,diego_863,NA,NA,GR,GR,southern_europe,45_54,male,self_employed,usable_complete,TRUE,TRUE,32,0.9201452726769557,0.7043676791390366,1.217700930220754,0.581721461429309,0.6387458272614742,0.7065577846678839,1.0982817346347946,0.8185709456864602,0.6622407654820972
DIEGO,3721,DIEGO,EUROPE,864,diego__diego_864,diego,Survey_September2023_cleaned,Survey_September2023_cleaned.xlsx,diego_864,NA,NA,IT,IT,southern_europe,45_54,male,employed,usable_complete,TRUE,TRUE,32,0.977392031398954,0.8331474591593292,0.6395225504865338,0.8663317265248068,0.8538791953501934,0.5942061189838564,0.9267943230149948,0.9950158156238315,1.3077141570382014
DIEGO,3722,DIEGO,EUROPE,865,diego__diego_865,diego,Survey_September2023_cleaned,Survey_September2023_cleaned.xlsx,diego_865,NA,NA,IT,IT,southern_europe,18_24,female,employed,usable_complete,TRUE,TRUE,32,0.81328370817904,0.5288178723935182,1.253145337254146,0.6014406078730169,0.11646864106998629,0.35255839207372025,1.044695749569402,0.72191595409141,1.1409045559027087
DIEGO,3723,DIEGO,EUROPE,866,diego__diego_866,diego,Survey_September2023_cleaned,Survey_September2023_cleaned.xlsx,diego_866,NA,NA,IT,IT,southern_europe,18_24,other,unemployed,usable_complete_limited_metadata,TRUE,TRUE,32,0.558409388940756,1.1270593481724926,0.983260553019155,0.8575952203665524,1.0290320039350336,1.1916232966751048,0.6536873601022,0.7756970070874513,1.4489238665917328
DIEGO,3724,DIEGO,EUROPE,867,diego__diego_867,diego,Survey_September2023_cleaned,Survey_September2023_cleaned.xlsx,diego_867,NA,NA,IT,IT,southern_europe,18_24,male,student,usable_complete,TRUE,TRUE,32,0.89671246388155,0.7862849270919375,0.6431762589763375,1.0591464004467626,0.7611604722222532,0.7677893448639278,0.8340511106698498,1.4478492046538418,1.5694721954563162
DIEGO,3725,DIEGO,EUROPE,868,diego__diego_868,diego,Survey_September2023_cleaned,Survey_September2023_cleaned.xlsx,diego_868,NA,NA,IT,IT,southern_europe,18_24,male,employed,usable_complete,TRUE,TRUE,32,0.8367761090177104,0.7309636113157727,0.842037208238809,0.8006412690356846,1.1501549076026714,0.5824537303272703,0.5386291427208445,0.5590762430239714,1.1344944291996562
DIEGO,3726,DIEGO,EUROPE,869,diego__diego_869,diego,Survey_September2023_cleaned,Survey_September2023_cleaned.xlsx,diego_869,NA,NA,ES,ES,southern_europe,45_54,female,employed,usable_complete,TRUE,TRUE,32,1.160070454004471,1.1206051036147413,0.8074489447016715,0.5001386153699282,0.82104736552979,1.3345224403466271,0.6271551432920889,0.47171500636795555,0.6471414875773349
DIEGO,3727,DIEGO,EUROPE,870,diego__diego_870,diego,Survey_September2023_cleaned,Survey_September2023_cleaned.xlsx,diego_870,NA,NA,ES,ES,southern_europe,45_54,male,employed,usable_complete,TRUE,TRUE,32,0.6710180385769497,0.6700088445254115,0.5814279196889053,1.358729599310258,0.30064230276173054,0.7279710165978949,0.7020205747263459,0.43553521262582495,1.2844969280315985
DIEGO,3728,DIEGO,EUROPE,871,diego__diego_871,diego,Survey_September2023_cleaned,Survey_September2023_cleaned.xlsx,diego_871,NA,NA,IT,IT,southern_europe,18_24,male,student,usable_complete,TRUE,TRUE,32,0.3991301348652077,0.4843432885796746,1.0540092598201627,0.9845226928956746,1.2023332406824934,0.6808462524590768,0.6774574362393582,0.9702240244237365,0.3982903929400755
DIEGO,3729,DIEGO,EUROPE,872,diego__diego_872,diego,Survey_September2023_cleaned,Survey_September2023_cleaned.xlsx,diego_872,NA,NA,IT,IT,southern_europe,18_24,male,student,usable_complete,TRUE,TRUE,32,0.7993921292081045,1.0488723936056181,0.8086203463444512,1.0510281827511225,1.1178564600415672,0.7905717942828042,0.6082519563294266,0.46299308563207614,0.5218206410871672
DIEGO,3730,DIEGO,EUROPE,873,diego__diego_873,diego,Survey_September2023_cleaned,Survey_September2023_cleaned.xlsx,diego_873,NA,NA,IT,IT,southern_europe,45_54,male,employed,usable_complete,TRUE,TRUE,32,0.7049395391348696,1.0346909633506103,0.9266883726951253,0.5364550367301257,1.1751866916577525,0.7980530831838755,0.8575481294940419,0.7412300325490616,0.7838388330346426
DIEGO,3731,DIEGO,EUROPE,874,diego__diego_874,diego,Survey_September2023_cleaned,Survey_September2023_cleaned.xlsx,diego_874,NA,NA,ES,ES,southern_europe,65_plus,male,employed,usable_complete,TRUE,TRUE,32,0.39902494390833376,0.6888118579965158,0.6379489701805477,0.6097925750905518,1.1420354414705303,0.9057822118474154,1.0639290018509022,1.141135465764334,1.1478955347353148
DIEGO,3732,DIEGO,EUROPE,875,diego__diego_875,diego,Survey_September2023_cleaned,Survey_September2023_cleaned.xlsx,diego_875,NA,NA,ES,ES,southern_europe,25_34,female,employed,usable_complete,TRUE,TRUE,32,0.44302704805869575,0.7729339182962991,1.0241817037605503,1.0628278187436848,0.7316757232538402,0.9392264985426289,1.2751547032633714,0.6204172271296621,0.4110013112684765
DIEGO,3733,DIEGO,EUROPE,876,diego__diego_876,diego,Survey_September2023_cleaned,Survey_September2023_cleaned.xlsx,diego_876,NA,NA,IT,IT,southern_europe,45_54,female,employed,usable_complete,TRUE,TRUE,32,1.397239533207339,0.8285655214790091,1.0182605953831227,0.20015110890451546,1.2459025001187296,0.6792525088148624,0.7846773576958135,0.7711309132730791,0.5807540465241929
DIEGO,3734,DIEGO,EUROPE,877,diego__diego_877,diego,Survey_September2023_cleaned,Survey_September2023_cleaned.xlsx,diego_877,NA,NA,IT,IT,southern_europe,45_54,female,employed,usable_complete,TRUE,TRUE,32,0.8433810707085714,0.8089066269080765,0.5199174130979237,0.6195477579822956,0.45818774914888294,0.6985088182340453,0.7182925383630316,0.7023719538349308,0.8673204050093494
DIEGO,3735,DIEGO,EUROPE,878,diego__diego_878,diego,Survey_September2023_cleaned,Survey_September2023_cleaned.xlsx,diego_878,NA,NA,IT,IT,southern_europe,45_54,female,employed,usable_complete,TRUE,TRUE,32,0.8539481444622996,0.7593537195116729,0.9198919079960813,1.1018690700181817,1.054663234931028,0.7441897969028033,0.7654433284372796,0.7897700869620823,1.0437399071352602
DIEGO,3736,DIEGO,EUROPE,879,diego__diego_879,diego,Survey_September2023_cleaned,Survey_September2023_cleaned.xlsx,diego_879,NA,NA,IT,IT,southern_europe,45_54,male,employed,usable_complete,TRUE,TRUE,32,1.0423083533150554,0.8926343901519523,0.9550610799068486,0.6615482406397818,0.2162531744669582,0.6843745249533986,0.8848312385933754,0.37150275926984727,1.185957452576597
DIEGO,3737,DIEGO,EUROPE,880,diego__diego_880,diego,Survey_September2023_cleaned,Survey_September2023_cleaned.xlsx,diego_880,NA,NA,ES,ES,southern_europe,65_plus,male,self_employed,usable_complete,TRUE,TRUE,32,0.810396459731651,1.4920339903614703,0.9214254265935752,1.185480871037704,0.4450116180056629,0.9528238444842259,0.7716244268041554,0.5260116186212159,1.0886232307499337
DIEGO,3738,DIEGO,EUROPE,881,diego__diego_881,diego,Survey_September2023_cleaned,Survey_September2023_cleaned.xlsx,diego_881,NA,NA,IT,IT,southern_europe,45_54,male,self_employed,usable_complete,TRUE,TRUE,32,0.8113885640676763,0.6749009655181191,1.0685326769399544,1.1760297019082817,0.5489269521051791,1.084619966432367,0.5078773398635092,0.7812094000147973,0.9811281081747476
DIEGO,3739,DIEGO,EUROPE,882,diego__diego_882,diego,Survey_September2023_cleaned,Survey_September2023_cleaned.xlsx,diego_882,NA,NA,GR,GR,southern_europe,45_54,male,employed,usable_complete,TRUE,TRUE,32,0.8872070700712449,0.5944580389459133,1.1260430250171525,1.2322379440266324,1.5291575867650393,0.7453802794899177,0.6810548076012619,0.6539297280623585,0.43396351874005396
DIEGO,3740,DIEGO,EUROPE,883,diego__diego_883,diego,Survey_September2023_cleaned,Survey_September2023_cleaned.xlsx,diego_883,NA,NA,IT,IT,southern_europe,25_34,male,employed,usable_complete,TRUE,TRUE,32,1.189248820137758,0.620696149620968,0.751893584309188,0.43297301309009467,0.9580696803489143,0.7823864120733013,0.8923515088779217,1.223901999535798,0.44425552067363083
DIEGO,3741,DIEGO,EUROPE,884,diego__diego_884,diego,Survey_September2023_cleaned,Survey_September2023_cleaned.xlsx,diego_884,NA,NA,IT,IT,southern_europe,45_54,female,employed,usable_complete,TRUE,TRUE,32,0.5848268644619644,0.9929295574981892,0.5869716419943038,1.0003084843858827,1.4696762860101356,0.7595281130998244,1.0417384859391903,0.6085816613375742,1.0504279584387568
DIEGO,3742,DIEGO,EUROPE,885,diego__diego_885,diego,Survey_September2023_cleaned,Survey_September2023_cleaned.xlsx,diego_885,NA,NA,IT,IT,southern_europe,45_54,female,employed,usable_complete,TRUE,TRUE,32,0.7687348095003504,0.8842539327077058,1.0963050686224924,0.7440264679072959,1.2218137519541155,0.930056794949999,1.129419453662368,1.3440618109584541,0.4514557717518791
DIEGO,3743,DIEGO,EUROPE,886,diego__diego_886,diego,Survey_September2023_cleaned,Survey_September2023_cleaned.xlsx,diego_886,NA,NA,IT,IT,southern_europe,65_plus,female,self_employed,usable_complete,TRUE,TRUE,32,0.5937586346983339,1.0121041777623476,0.7957170486910883,1.2548118050370447,0.2899406318422043,1.075250015364408,0.9545431180319419,0.9219653839283167,0.5221223745775491
DIEGO,3744,DIEGO,EUROPE,887,diego__diego_887,diego,Survey_September2023_cleaned,Survey_September2023_cleaned.xlsx,diego_887,NA,NA,IT,IT,southern_europe,45_54,female,self_employed,usable_complete,TRUE,TRUE,32,1.074757768645826,0.316738061375853,0.6559715253524094,0.3654137813289046,1.048141187331657,0.6505826618999939,0.7746007161534997,0.8124834239372939,0.27174813019812505
DIEGO,3745,DIEGO,EUROPE,888,diego__diego_888,diego,Survey_September2023_cleaned,Survey_September2023_cleaned.xlsx,diego_888,NA,NA,ES,ES,southern_europe,45_54,female,employed,usable_complete,TRUE,TRUE,32,1.325857998586399,0.7226561099005602,1.0177745845486714,0.8513775839656365,1.0895554905774167,1.1324346810884092,1.0570069337431398,0.5731551559990345,0.2918792504208835
DIEGO,3746,DIEGO,EUROPE,889,diego__diego_889,diego,Survey_September2023_cleaned,Survey_September2023_cleaned.xlsx,diego_889,NA,NA,IT,IT,southern_europe,65_plus,female,self_employed,usable_complete,TRUE,TRUE,32,0.4378015010632663,0.6479358130977402,1.1103575698713724,0.3946693937640318,1.2144367396210196,1.1130204130960382,0.6157362484934105,0.49578441610616286,0.47755091715649395
DIEGO,3747,DIEGO,EUROPE,890,diego__diego_890,diego,Survey_September2023_cleaned,Survey_September2023_cleaned.xlsx,diego_890,NA,NA,ES,ES,southern_europe,45_54,female,employed,usable_complete,TRUE,TRUE,32,0.662718362788093,0.7855831816632668,0.6280095703109387,0.49827635121219105,0.4531564223443487,1.347284609210602,1.2564752254797433,0.606976763815254,0.9534780257401241
DIEGO,3748,DIEGO,EUROPE,891,diego__diego_891,diego,Survey_September2023_cleaned,Survey_September2023_cleaned.xlsx,diego_891,NA,NA,ES,ES,southern_europe,18_24,male,self_employed,usable_complete,TRUE,TRUE,32,0.650813614679035,0.775916014991626,0.614955416061409,1.2019570105930528,0.9935529573515942,0.9612614189424726,1.116432925465564,0.5287859997738678,0.25856156276218567
DIEGO,3749,DIEGO,EUROPE,892,diego__diego_892,diego,Survey_September2023_cleaned,Survey_September2023_cleaned.xlsx,diego_892,NA,NA,ES,ES,southern_europe,45_54,female,employed,usable_complete,TRUE,TRUE,32,0.619379882781835,1.1697134785814767,0.9225660773476246,1.1931224103677536,0.9380506865076275,1.3477293809952422,0.6467655976994161,1.047798930047042,1.0078831178164285
DIEGO,3750,DIEGO,EUROPE,893,diego__diego_893,diego,Survey_September2023_cleaned,Survey_September2023_cleaned.xlsx,diego_893,NA,NA,ES,ES,southern_europe,45_54,male,self_employed,usable_complete,TRUE,TRUE,32,0.6185954186471581,0.3812012748506983,0.7963017943077557,0.4450960649331259,0.3386958416882766,0.6513256578973834,0.7754009940953586,1.8878623209838803,0.7054172236637933
DIEGO,3751,DIEGO,EUROPE,894,diego__diego_894,diego,Survey_September2023_cleaned,Survey_September2023_cleaned.xlsx,diego_894,NA,NA,ES,ES,southern_europe,45_54,female,employed,usable_complete,TRUE,TRUE,32,0.8789633585121724,1.2915062141946914,1.439196283719281,0.44563919540630575,1.1934106208013493,1.0810515662688465,1.3252478394494678,0.936219003817582,0.9547047080607325
DIEGO,3752,DIEGO,EUROPE,895,diego__diego_895,diego,Survey_September2023_cleaned,Survey_September2023_cleaned.xlsx,diego_895,NA,NA,GR,GR,southern_europe,25_34,female,employed,usable_complete,TRUE,TRUE,32,1.064680703988265,1.0238719479183784,0.7612530918045722,0.2302040475385807,1.5848645577243985,0.7133101056249705,0.6950193748258572,0.9064845322254668,1.0691610405562935
DIEGO,3753,DIEGO,EUROPE,896,diego__diego_896,diego,Survey_September2023_cleaned,Survey_September2023_cleaned.xlsx,diego_896,NA,NA,IT,IT,southern_europe,45_54,male,self_employed,usable_complete,TRUE,TRUE,32,0.7347858515877057,0.7421776275239018,0.6730757128804497,0.9264423993621541,0.47348609467464225,0.9933054357299438,0.8488656563006505,0.35319850218259646,0.6952770483080877
DIEGO,3754,DIEGO,EUROPE,897,diego__diego_897,diego,Survey_September2023_cleaned,Survey_September2023_cleaned.xlsx,diego_897,NA,NA,ES,ES,southern_europe,45_54,female,employed,usable_complete,TRUE,TRUE,32,0.5462051780781716,0.4333757957633968,1.1232789668913064,1.5466704372772042,1.809783106339347,0.5409755297479706,0.7116623130606763,1.3454921899001373,0.7402279054659341
DIEGO,3755,DIEGO,EUROPE,898,diego__diego_898,diego,Survey_September2023_cleaned,Survey_September2023_cleaned.xlsx,diego_898,NA,NA,IT,IT,southern_europe,65_plus,male,self_employed,usable_complete,TRUE,TRUE,32,0.4380952664849395,0.7825737069626117,0.8218621298639779,0.887360261141656,0.704846150658913,1.3869989028915053,0.9952027629761272,0.4970647265947486,0.6818929757293998
DIEGO,3756,DIEGO,EUROPE,899,diego__diego_899,diego,Survey_September2023_cleaned,Survey_September2023_cleaned.xlsx,diego_899,NA,NA,ES,ES,southern_europe,65_plus,female,retired,usable_complete,TRUE,TRUE,32,0.9820332135564908,1.1788175023492076,0.7351761479471352,0.669686712973179,0.9664296007721405,0.8546042343948503,0.5015259136448292,0.5118887472321524,1.2770158813900305
DIEGO,3757,DIEGO,EUROPE,900,diego__diego_900,diego,Survey_September2023_cleaned,Survey_September2023_cleaned.xlsx,diego_900,NA,NA,ES,ES,southern_europe,45_54,male,employed,usable_complete,TRUE,TRUE,32,0.771440212796714,0.7859819557386476,0.664349174909437,0.29652277721784476,0.611292194228528,0.36092192738611434,0.23941458846461355,0.7894757226953436,0.7307976561745182
DIEGO,3758,DIEGO,EUROPE,901,diego__diego_901,diego,Survey_September2023_cleaned,Survey_September2023_cleaned.xlsx,diego_901,NA,NA,IT,IT,southern_europe,45_54,female,employed,usable_complete,TRUE,TRUE,32,0.47470287154071594,0.7565439790023615,0.6507396153386349,0.6769420104639688,0.8679019691029214,0.5227080328943066,0.6995780267440641,0.7515815937870899,0.8343168459077863
DIEGO,3759,DIEGO,EUROPE,902,diego__diego_902,diego,Survey_September2023_cleaned,Survey_September2023_cleaned.xlsx,diego_902,NA,NA,GR,GR,southern_europe,45_54,female,employed,usable_complete,TRUE,TRUE,32,0.8719267769941598,0.9147429077875957,1.2129389983288614,0.37608311188563287,0.27718151444243166,0.6891592194365206,0.8160203535059611,0.7643432776086841,0.8003780824846124
DIEGO,3760,DIEGO,EUROPE,903,diego__diego_903,diego,Survey_September2023_cleaned,Survey_September2023_cleaned.xlsx,diego_903,NA,NA,ES,ES,southern_europe,45_54,female,employed,usable_complete,TRUE,TRUE,32,0.8160379231854895,0.38908344795277483,1.0756016838004636,0.5590813975255814,0.6061936949388045,1.1430298120671636,0.5842721907305768,0.8217047131630545,0.6532409873575433
DIEGO,3761,DIEGO,EUROPE,904,diego__diego_904,diego,Survey_September2023_cleaned,Survey_September2023_cleaned.xlsx,diego_904,NA,NA,GR,GR,southern_europe,45_54,male,self_employed,usable_complete,TRUE,TRUE,32,1.0780402139747087,1.0000512340467123,0.5905584090211681,0.9156352091333017,0.9613818187073272,0.4867398763881635,0.7857725779490563,0.8439993149240652,0.5244986673023592
DIEGO,3762,DIEGO,EUROPE,905,diego__diego_905,diego,Survey_September2023_cleaned,Survey_September2023_cleaned.xlsx,diego_905,NA,NA,ES,ES,southern_europe,25_34,female,self_employed,usable_complete,TRUE,TRUE,32,0.5373622873750876,1.229196176346762,0.4600436724354795,0.8767708349248888,0.7403190237842663,0.9067917189852541,0.6314773166349522,0.6062846377629243,0.5448227359216251
DIEGO,3763,DIEGO,EUROPE,906,diego__diego_906,diego,Survey_September2023_cleaned,Survey_September2023_cleaned.xlsx,diego_906,NA,NA,GR,GR,southern_europe,45_54,female,employed,usable_complete,TRUE,TRUE,32,0.9468453132215787,0.4886574554359434,0.9691711184712528,0.8025319656802301,0.3121752176505912,0.912205081212224,0.7194014942548888,0.30557969395741935,1.2122250936340035
DIEGO,3764,DIEGO,EUROPE,907,diego__diego_907,diego,Survey_September2023_cleaned,Survey_September2023_cleaned.xlsx,diego_907,NA,NA,IT,IT,southern_europe,65_plus,male,self_employed,usable_complete,TRUE,TRUE,32,0.7099469544733426,0.8307658572968316,0.8488479220483983,0.929192894721843,1.0076214867283335,0.69666044960636,0.91405572594812,0.7343497188551905,0.6564049087013988
DIEGO,3765,DIEGO,EUROPE,908,diego__diego_908,diego,Survey_September2023_cleaned,Survey_September2023_cleaned.xlsx,diego_908,NA,NA,IT,IT,southern_europe,45_54,female,employed,usable_complete,TRUE,TRUE,32,0.7031399101670784,1.02878981900607,1.6522427914481894,0.7023355398236485,0.9353334337217842,1.237791277967549,1.152651847741757,1.0293273860714012,1.0305766909406322
DIEGO,3766,DIEGO,EUROPE,909,diego__diego_909,diego,Survey_September2023_cleaned,Survey_September2023_cleaned.xlsx,diego_909,NA,NA,IT,IT,southern_europe,25_34,female,other,usable_complete,TRUE,TRUE,32,0.4872867343395142,0.7176284607766761,0.641677648376124,0.1809643407232686,1.2883423174479787,0.9442079261555273,0.6169283684414871,0.2586008539218405,0.9985004800111457
DIEGO,3767,DIEGO,EUROPE,910,diego__diego_910,diego,Survey_September2023_cleaned,Survey_September2023_cleaned.xlsx,diego_910,NA,NA,IT,IT,southern_europe,25_34,female,employed,usable_complete,TRUE,TRUE,32,0.7083494151724936,0.7823097787432931,0.8198252005760818,0.9412871821921401,0.3031471687589861,1.4595726183038464,0.7822004559232718,0.18113096100742018,0.7094080749623809
DIEGO,3768,DIEGO,EUROPE,911,diego__diego_911,diego,Survey_September2023_cleaned,Survey_September2023_cleaned.xlsx,diego_911,NA,NA,IT,IT,southern_europe,65_plus,male,employed,usable_complete,TRUE,TRUE,32,0.950770522549464,0.9624918551735719,0.6600339828738978,1.313959777844793,1.24446676688933,0.44778351315607984,0.7537885797777479,0.7367882785577792,0.7124261400045276
DIEGO,3769,DIEGO,EUROPE,912,diego__diego_912,diego,Survey_September2023_cleaned,Survey_September2023_cleaned.xlsx,diego_912,NA,NA,IT,IT,southern_europe,45_54,female,employed,usable_complete,TRUE,TRUE,32,0.9768480875101213,0.6507856383222841,0.6873261469110108,0.8324788897940311,0.5741492637095622,0.5661344129577753,0.4598253788553044,1.0235665861704348,0.17320443347716596
DIEGO,3770,DIEGO,EUROPE,913,diego__diego_913,diego,Survey_September2023_cleaned,Survey_September2023_cleaned.xlsx,diego_913,NA,NA,ES,ES,southern_europe,25_34,female,unemployed,usable_complete,TRUE,TRUE,32,0.9444821907303916,0.6932932130055722,1.3242325406574764,1.0149344146862036,0.8827570039061644,0.5578101280377099,1.0506609498782784,0.49301122181309126,0.1786283171661056
DIEGO,3771,DIEGO,EUROPE,914,diego__diego_914,diego,Survey_September2023_cleaned,Survey_September2023_cleaned.xlsx,diego_914,NA,NA,GR,GR,southern_europe,45_54,male,employed,usable_complete,TRUE,TRUE,32,0.754145346753168,0.33566628613996824,0.9155945683039638,0.6610583101647356,1.1404697638188324,0.7184203166710764,1.1808660069730963,0.6248490034189563,0.8594991547857029
DIEGO,3772,DIEGO,EUROPE,915,diego__diego_915,diego,Survey_September2023_cleaned,Survey_September2023_cleaned.xlsx,diego_915,NA,NA,GR,GR,southern_europe,45_54,male,employed,usable_complete,TRUE,TRUE,32,0.48494875894415046,0.645611969307616,0.8044443555929369,0.719828036202543,0.5138529915510114,1.4955720335331746,0.8394517362550508,0.7848506424773919,1.3310206834181222
DIEGO,3773,DIEGO,EUROPE,916,diego__diego_916,diego,Survey_September2023_cleaned,Survey_September2023_cleaned.xlsx,diego_916,NA,NA,ES,ES,southern_europe,45_54,male,employed,usable_complete,TRUE,TRUE,32,0.7803707120410087,1.470248049935431,0.7800736611314155,0.9913363217098815,1.3722748669027023,0.5866842749255068,0.809419453754235,1.0775071054389054,1.0744065636242994
DIEGO,3774,DIEGO,EUROPE,917,diego__diego_917,diego,Survey_September2023_cleaned,Survey_September2023_cleaned.xlsx,diego_917,NA,NA,ES,ES,southern_europe,45_54,female,employed,usable_complete,TRUE,TRUE,32,0.7729446441692831,0.7357548009725141,1.042522803287445,0.8383291090393888,1.188268023232697,0.8421560893049436,0.5352314414002123,0.7641893274329447,0.8670058563127645
DIEGO,3775,DIEGO,EUROPE,918,diego__diego_918,diego,Survey_September2023_cleaned,Survey_September2023_cleaned.xlsx,diego_918,NA,NA,ES,ES,southern_europe,45_54,male,employed,usable_complete,TRUE,TRUE,32,0.3630380449119565,1.4725437586878998,0.7385262673212225,1.13941261247228,1.1305240769667222,0.2757181657522398,1.2604601242275437,1.1114647942598486,0.4567285647722104
DIEGO,3776,DIEGO,EUROPE,919,diego__diego_919,diego,Survey_September2023_cleaned,Survey_September2023_cleaned.xlsx,diego_919,NA,NA,IT,IT,southern_europe,25_34,male,employed,usable_complete,TRUE,TRUE,32,0.5023957438889451,0.7443611890032141,1.1777038284274828,0.7517947527351444,1.506785769448178,0.9183485653737746,0.8709326555438371,1.4615348242071804,0.6287500928933785
DIEGO,3777,DIEGO,EUROPE,920,diego__diego_920,diego,Survey_September2023_cleaned,Survey_September2023_cleaned.xlsx,diego_920,NA,NA,ES,ES,southern_europe,25_34,female,employed,usable_complete,TRUE,TRUE,32,0.9082047336278114,0.5813211134049558,0.863944047646541,1.0002705741842355,0.5473435980885331,0.9422983575253481,0.8718840005238423,0.6380521256260226,0.7977131553578102
DIEGO,3778,DIEGO,EUROPE,921,diego__diego_921,diego,Survey_September2023_cleaned,Survey_September2023_cleaned.xlsx,diego_921,NA,NA,IT,IT,southern_europe,45_54,female,self_employed,usable_complete,TRUE,TRUE,32,0.8102396374393217,0.6876305752995309,0.5102911938901533,0.5560561828081769,0.6897361806840139,0.8684667845966733,0.5680812138750804,0.6249938368320977,0.6143501988225645
DIEGO,3779,DIEGO,EUROPE,922,diego__diego_922,diego,Survey_September2023_cleaned,Survey_September2023_cleaned.xlsx,diego_922,NA,NA,ES,ES,southern_europe,45_54,female,employed,usable_complete,TRUE,TRUE,32,1.2597230341009105,1.039740968284952,0.9216664033238168,0.8545638260844456,1.1130045113277305,1.1796936250330683,0.9328329878731225,1.3272640209834927,1.3460601125322889
DIEGO,3780,DIEGO,EUROPE,923,diego__diego_923,diego,Survey_September2023_cleaned,Survey_September2023_cleaned.xlsx,diego_923,NA,NA,ES,ES,southern_europe,25_34,female,employed,usable_complete,TRUE,TRUE,32,0.8954456868134041,0.8315830222869864,0.3809943276914217,0.9810936957472004,0.2614467617410742,1.1745662440818827,0.9699718374199234,0.6979738407727067,1.0881075841420933
DIEGO,3781,DIEGO,EUROPE,924,diego__diego_924,diego,Survey_September2023_cleaned,Survey_September2023_cleaned.xlsx,diego_924,NA,NA,IT,IT,southern_europe,45_54,female,self_employed,usable_complete,TRUE,TRUE,32,0.9360497359028368,1.0526369952404842,1.0293961858130802,0.36147271771489287,1.0713930943248116,0.9318279378146288,0.8334554026785955,0.6327018152776224,0.6653735082903387
DIEGO,3782,DIEGO,EUROPE,925,diego__diego_925,diego,Survey_September2023_cleaned,Survey_September2023_cleaned.xlsx,diego_925,NA,NA,ES,ES,southern_europe,45_54,female,employed,usable_complete,TRUE,TRUE,32,0.6378551092724709,0.8742383438598993,1.2947981508950246,0.9527015290287411,0.6652245380436331,0.695153563639831,1.4288070107447373,0.4277704459395311,0.7597183211660746
DIEGO,3783,DIEGO,EUROPE,926,diego__diego_926,diego,Survey_September2023_cleaned,Survey_September2023_cleaned.xlsx,diego_926,NA,NA,ES,ES,southern_europe,25_34,female,employed,usable_complete,TRUE,TRUE,32,0.7830756748871281,0.9173549643326706,0.9015717744456679,0.8630760391790768,0.9079985571640428,0.8343436549073359,0.9104101130463453,0.9383822067073041,1.0468335119982428
DIEGO,3784,DIEGO,EUROPE,927,diego__diego_927,diego,Survey_September2023_cleaned,Survey_September2023_cleaned.xlsx,diego_927,NA,NA,GR,GR,southern_europe,25_34,male,employed,usable_complete,TRUE,TRUE,32,1.089020297971028,0.8639715642938866,0.6893436724028408,0.7290946495115622,0.5240222055329752,1.0367392756093945,1.2695788184666605,1.0988224689011024,0.4353819713446017
DIEGO,3785,DIEGO,EUROPE,928,diego__diego_928,diego,Survey_September2023_cleaned,Survey_September2023_cleaned.xlsx,diego_928,NA,NA,GR,GR,southern_europe,25_34,male,employed,usable_complete,TRUE,TRUE,32,0.9225259436087592,0.6376615154270168,1.0277493579432033,0.8229970872277566,1.3802185045853044,0.6023951354329331,0.8441142337079185,0.8504987455017373,0.7588795150047006
DIEGO,3786,DIEGO,EUROPE,929,diego__diego_929,diego,Survey_September2023_cleaned,Survey_September2023_cleaned.xlsx,diego_929,NA,NA,IT,IT,southern_europe,65_plus,female,retired,usable_complete,TRUE,TRUE,32,1.183117449185076,0.6863186870681914,0.8833957048130449,0.7502452262500082,1.1321119609783505,0.519150635485425,0.6249043723862996,1.136294783229265,0.5712450251129557
DIEGO,3787,DIEGO,EUROPE,930,diego__diego_930,diego,Survey_September2023_cleaned,Survey_September2023_cleaned.xlsx,diego_930,NA,NA,IT,IT,southern_europe,18_24,male,student,usable_complete,TRUE,TRUE,32,0.5574214733229095,0.593828202061246,1.2621356975389777,0.21220713239653796,0.5553040494784082,0.7971144427366772,1.0896265023070726,0.6012529467278439,0.8180276175332921
DIEGO,3788,DIEGO,EUROPE,931,diego__diego_931,diego,Survey_September2023_cleaned,Survey_September2023_cleaned.xlsx,diego_931,NA,NA,GR,GR,southern_europe,45_54,female,employed,usable_complete,TRUE,TRUE,32,1.2508569102915965,0.9193409688958555,1.2139590389482695,0.6774504124739037,1.2180543980862175,0.27516662417029136,0.5360750321761245,1.0396578023187752,0.8934095083956765
DIEGO,3789,DIEGO,EUROPE,932,diego__diego_932,diego,Survey_September2023_cleaned,Survey_September2023_cleaned.xlsx,diego_932,NA,NA,ES,ES,southern_europe,45_54,male,employed,usable_complete,TRUE,TRUE,32,0.6860718293139443,0.9303185177161682,1.0187306634772484,0.24802945250851938,1.0044346273478872,0.7651958936222786,1.5334211629967929,0.819261057076918,1.1049869580050866
DIEGO,3790,DIEGO,EUROPE,933,diego__diego_933,diego,Survey_September2023_cleaned,Survey_September2023_cleaned.xlsx,diego_933,NA,NA,IT,IT,southern_europe,65_plus,male,retired,usable_complete,TRUE,TRUE,32,0.5594793490423021,0.9549339442311466,0.530530769529938,0.7725042509731243,0.6171367457814488,0.8402379307828866,0.6008556502443694,0.27495716330182934,1.0573910222429204
DIEGO,3791,DIEGO,EUROPE,934,diego__diego_934,diego,Survey_September2023_cleaned,Survey_September2023_cleaned.xlsx,diego_934,NA,NA,IT,IT,southern_europe,65_plus,male,retired,usable_complete,TRUE,TRUE,32,0.44354705326226257,0.8259150835308046,0.8712343751339702,0.9352631248520256,0.3197859397342552,0.7056186892434777,0.5471389855274751,0.8055453709729988,0.6048829236352629
DIEGO,3792,DIEGO,EUROPE,935,diego__diego_935,diego,Survey_September2023_cleaned,Survey_September2023_cleaned.xlsx,diego_935,NA,NA,IT,IT,southern_europe,25_34,female,employed,usable_complete,TRUE,TRUE,32,0.6961645157690087,0.7018940256891393,0.9919968886025489,0.8673795336747303,0.6186864055094243,0.24213614832038305,0.5547217683384287,0.36724695059893026,1.0712757266828827
DIEGO,3793,DIEGO,EUROPE,936,diego__diego_936,diego,Survey_September2023_cleaned,Survey_September2023_cleaned.xlsx,diego_936,NA,NA,ES,ES,southern_europe,45_54,female,self_employed,usable_complete,TRUE,TRUE,32,0.6326776367563243,0.5154813831558882,1.0476249632938928,0.9496860488414058,0.6018709231571403,0.5816679996610585,1.0927157118482007,0.40873445389551416,0.3294338724531186
DIEGO,3794,DIEGO,EUROPE,937,diego__diego_937,diego,Survey_September2023_cleaned,Survey_September2023_cleaned.xlsx,diego_937,NA,NA,ES,ES,southern_europe,45_54,female,self_employed,usable_complete,TRUE,TRUE,32,1.7473417334212464,0.7824419221079519,1.1677466336202094,1.50459738962864,0.5738933481979513,0.7608404345573725,0.7033815347628973,1.020085356790671,0.9963452137832477
DIEGO,3795,DIEGO,EUROPE,938,diego__diego_938,diego,Survey_September2023_cleaned,Survey_September2023_cleaned.xlsx,diego_938,NA,NA,ES,ES,southern_europe,45_54,female,employed,usable_complete,TRUE,TRUE,32,0.42570179395361935,0.7778573983708807,0.9264032480851135,1.0533478855667295,0.4709246026034739,1.060523843903899,1.439648875468979,1.058403662898338,0.45068516701136
DIEGO,3796,DIEGO,EUROPE,939,diego__diego_939,diego,Survey_September2023_cleaned,Survey_September2023_cleaned.xlsx,diego_939,NA,NA,IT,IT,southern_europe,45_54,female,employed,usable_complete,TRUE,TRUE,32,0.8416369492130641,0.5712886261270728,0.8973562006441302,0.7865761092139817,0.3431331179696773,0.8002578894316885,0.8991920947401297,0.43980036686018376,1.179074297195902
DIEGO,3797,DIEGO,EUROPE,940,diego__diego_940,diego,Survey_September2023_cleaned,Survey_September2023_cleaned.xlsx,diego_940,NA,NA,ES,ES,southern_europe,18_24,male,employed,usable_complete,TRUE,TRUE,32,1.3987748161185032,0.6152035393027283,0.5884664663557448,0.7353431182964104,0.09163471890135937,1.8298985582198524,0.6625366296975563,0.29383138870521625,0.7027426331077977
DIEGO,3798,DIEGO,EUROPE,941,diego__diego_941,diego,Survey_September2023_cleaned,Survey_September2023_cleaned.xlsx,diego_941,NA,NA,GR,GR,southern_europe,65_plus,female,retired,usable_complete,TRUE,TRUE,32,0.9217328108950357,1.0719737297114724,0.7579525099927703,1.1275456868226592,0.9344190106335168,0.5368055256618108,0.8438786689484633,0.7365315399745239,0.524716396946955
DIEGO,3799,DIEGO,EUROPE,942,diego__diego_942,diego,Survey_September2023_cleaned,Survey_September2023_cleaned.xlsx,diego_942,NA,NA,GR,GR,southern_europe,45_54,female,self_employed,usable_complete,TRUE,TRUE,32,0.9017758477951049,0.5920937547303502,0.48059064093721415,0.8800162766872751,1.128406576300185,0.8371826794107844,0.8914951406272109,0.6474437910460229,0.5856746105880779
DIEGO,3800,DIEGO,EUROPE,943,diego__diego_943,diego,Survey_September2023_cleaned,Survey_September2023_cleaned.xlsx,diego_943,NA,NA,IT,IT,southern_europe,25_34,female,employed,usable_complete,TRUE,TRUE,32,0.6513288990794699,1.0020646842392473,0.6115002433722768,0.6124411766284016,0.707483505982461,0.5424727747970779,0.4172256600587869,1.0896825266960446,0.6361429541889447
DIEGO,3801,DIEGO,EUROPE,944,diego__diego_944,diego,Survey_September2023_cleaned,Survey_September2023_cleaned.xlsx,diego_944,NA,NA,IT,IT,southern_europe,45_54,female,unemployed,usable_complete,TRUE,TRUE,32,0.487537975834022,1.037873142823092,0.8564667939091206,0.5556581436381024,0.3584948795605329,0.37248178269087584,0.7641952980436109,0.1310627863887124,1.949102491707102
DIEGO,3802,DIEGO,EUROPE,945,diego__diego_945,diego,Survey_September2023_cleaned,Survey_September2023_cleaned.xlsx,diego_945,NA,NA,ES,ES,southern_europe,25_34,female,employed,usable_complete,TRUE,TRUE,32,0.8052948842771466,0.9285579226096466,0.4924573237181228,0.4519700573438064,0.8242813106330058,0.8017487507715678,1.1202149941175708,0.43755320014899035,1.027151507687661
DIEGO,3803,DIEGO,EUROPE,946,diego__diego_946,diego,Survey_September2023_cleaned,Survey_September2023_cleaned.xlsx,diego_946,NA,NA,IT,IT,southern_europe,45_54,female,unemployed,usable_complete,TRUE,TRUE,32,0.6940989875135585,0.9707203649148437,1.257046798196742,0.6208967712166024,1.7473764664258065,0.6349621539705254,0.8896102042487829,0.5476261281665302,1.092558179114341
DIEGO,3804,DIEGO,EUROPE,947,diego__diego_947,diego,Survey_September2023_cleaned,Survey_September2023_cleaned.xlsx,diego_947,NA,NA,ES,ES,southern_europe,45_54,male,employed,usable_complete,TRUE,TRUE,32,0.7424524336860713,1.208709209775904,0.48885520406222654,0.9372163030329729,1.4596965205798988,0.8730341849585371,1.2108677352869006,1.1451547140517557,1.0071707495099251
DIEGO,3805,DIEGO,EUROPE,948,diego__diego_948,diego,Survey_September2023_cleaned,Survey_September2023_cleaned.xlsx,diego_948,NA,NA,ES,ES,southern_europe,45_54,male,employed,usable_complete,TRUE,TRUE,32,0.6196891046930273,0.36713156893968407,0.616737499432159,0.9203708048797159,0.9412201587800001,0.6958812249279642,1.2611662125888927,0.6565577644700107,0.6634956493341083
DIEGO,3806,DIEGO,EUROPE,949,diego__diego_949,diego,Survey_September2023_cleaned,Survey_September2023_cleaned.xlsx,diego_949,NA,NA,IT,IT,southern_europe,25_34,male,employed,usable_complete,TRUE,TRUE,32,0.8066979316346884,1.0590895367725564,0.5028175180878326,1.0574138224806477,0.8074817164020999,0.6640332267811346,0.8770090879046488,1.1673650803114697,0.4756081931398571
DIEGO,3807,DIEGO,EUROPE,950,diego__diego_950,diego,Survey_September2023_cleaned,Survey_September2023_cleaned.xlsx,diego_950,NA,NA,ES,ES,southern_europe,25_34,female,employed,usable_complete,TRUE,TRUE,32,1.585769570673457,0.5468501849704691,0.7811981203202298,1.6480939267673531,0.4432777457840801,0.9874987302716831,1.2106117623701784,1.2474798802517244,0.7456767659819366
DIEGO,3808,DIEGO,EUROPE,951,diego__diego_951,diego,Survey_September2023_cleaned,Survey_September2023_cleaned.xlsx,diego_951,NA,NA,GR,GR,southern_europe,45_54,male,employed,usable_complete,TRUE,TRUE,32,0.5622029377635774,0.11443791873497548,0.4785543638869827,0.5696688204217961,0.6922316522927341,1.2873785535266231,1.6561717430828504,0.8194750063500735,0.2627859095859972
DIEGO,3809,DIEGO,EUROPE,952,diego__diego_952,diego,Survey_September2023_cleaned,Survey_September2023_cleaned.xlsx,diego_952,NA,NA,IT,IT,southern_europe,45_54,male,employed,usable_complete,TRUE,TRUE,32,0.6947640664955541,0.7541901773777067,1.082859141116703,0.29585017601454183,1.0811769582921444,1.1436811736323578,0.8007772388612613,1.1658521683643548,0.5797082727477212
DIEGO,3810,DIEGO,EUROPE,953,diego__diego_953,diego,Survey_September2023_cleaned,Survey_September2023_cleaned.xlsx,diego_953,NA,NA,GR,GR,southern_europe,45_54,male,employed,usable_complete,TRUE,TRUE,32,0.7476140055509224,0.7566244187994915,0.48772123561239117,0.9084832993146366,0.5242892649583877,0.3054433789819655,1.494882066434293,0.9618989681943928,0.3682262343435338
DIEGO,3811,DIEGO,EUROPE,954,diego__diego_954,diego,Survey_September2023_cleaned,Survey_September2023_cleaned.xlsx,diego_954,NA,NA,IT,IT,southern_europe,45_54,female,employed,usable_complete,TRUE,TRUE,32,0.818683194537944,0.7000648578526727,0.8052445788626267,0.7534655982826727,0.6493125615513197,0.727892303892222,0.8529064663801137,0.506455925045263,0.9653833328670404
DIEGO,3812,DIEGO,EUROPE,955,diego__diego_955,diego,Survey_September2023_cleaned,Survey_September2023_cleaned.xlsx,diego_955,NA,NA,GR,GR,southern_europe,25_34,male,employed,usable_complete,TRUE,TRUE,32,0.6734008330225554,0.9342773317746818,1.1597149230544077,0.4653072914627241,0.8428242282584397,1.2671165884709594,0.5889750677529502,1.146154807179055,1.2219314029550512
DIEGO,3813,DIEGO,EUROPE,956,diego__diego_956,diego,Survey_September2023_cleaned,Survey_September2023_cleaned.xlsx,diego_956,NA,NA,ES,ES,southern_europe,65_plus,female,employed,usable_complete,TRUE,TRUE,32,1.0433978707047176,1.0990263173951702,1.0288260455269544,0.8405116282098071,0.9962916669436452,1.5981310720770907,1.2284232781351923,1.1619776933093362,0.6344495102557517
DIEGO,3814,DIEGO,EUROPE,957,diego__diego_957,diego,Survey_September2023_cleaned,Survey_September2023_cleaned.xlsx,diego_957,NA,NA,ES,ES,southern_europe,25_34,female,unemployed,usable_complete,TRUE,TRUE,32,0.3870198853697613,0.6094437668998863,0.8456025848165734,1.081059887595459,0.3976504133727523,1.2386538260791686,1.1208078492169917,1.2665579791589991,1.0794016990039517
DIEGO,3815,DIEGO,EUROPE,958,diego__diego_958,diego,Survey_September2023_cleaned,Survey_September2023_cleaned.xlsx,diego_958,NA,NA,ES,ES,southern_europe,65_plus,female,employed,usable_complete,TRUE,TRUE,32,0.7907345351915043,0.3423141113057932,0.8073321065491982,1.202623683674797,0.5072733866723145,1.7115706367189882,1.372820760328627,0.8236945023263315,0.5225705034710493
DIEGO,3816,DIEGO,EUROPE,959,diego__diego_959,diego,Survey_September2023_cleaned,Survey_September2023_cleaned.xlsx,diego_959,NA,NA,IT,IT,southern_europe,25_34,male,employed,usable_complete,TRUE,TRUE,32,0.8857378980751484,0.667689733949544,0.6205291867530194,0.3385574919263005,0.2859117074545654,0.7573173184121353,0.8150062443525273,0.5715498064398309,1.3832350340935635
DIEGO,3817,DIEGO,EUROPE,960,diego__diego_960,diego,Survey_September2023_cleaned,Survey_September2023_cleaned.xlsx,diego_960,NA,NA,ES,ES,southern_europe,18_24,male,employed,usable_complete,TRUE,TRUE,32,0.7566312259279976,1.425817034288297,1.2178457196227483,1.4258738287513413,0.6332524104335303,0.6939885426930816,1.5353158088805523,0.8091033144528867,1.398282872013831
DIEGO,3818,DIEGO,EUROPE,961,diego__diego_961,diego,Survey_September2023_cleaned,Survey_September2023_cleaned.xlsx,diego_961,NA,NA,ES,ES,southern_europe,65_plus,female,retired,usable_complete,TRUE,TRUE,32,0.4993858232301349,0.8953530002239828,0.7877281648157991,0.705848073551561,1.292993369356247,0.6200589809765726,0.9632685499283273,0.35779603717333547,1.3118513516028134
DIEGO,3819,DIEGO,EUROPE,962,diego__diego_962,diego,Survey_September2023_cleaned,Survey_September2023_cleaned.xlsx,diego_962,NA,NA,ES,ES,southern_europe,45_54,female,employed,usable_complete,TRUE,TRUE,32,0.9805754338901091,0.9299187860690068,0.9475986581933269,0.9267688558011313,0.2259120133123806,0.7230210006683387,0.7212609320907409,0.6845195928428475,0.8485065105224574
DIEGO,3820,DIEGO,EUROPE,963,diego__diego_963,diego,Survey_September2023_cleaned,Survey_September2023_cleaned.xlsx,diego_963,NA,NA,GR,GR,southern_europe,45_54,female,self_employed,usable_complete,TRUE,TRUE,32,1.232823535181784,0.8477967285660155,0.5850648601706092,0.739299211753036,1.5732843537429277,1.5227162998741137,0.5853594504341741,0.7223100427539588,0.37873598584760576
DIEGO,3821,DIEGO,EUROPE,964,diego__diego_964,diego,Survey_September2023_cleaned,Survey_September2023_cleaned.xlsx,diego_964,NA,NA,IT,IT,southern_europe,45_54,male,employed,usable_complete,TRUE,TRUE,32,0.8270326035495796,1.209017955976466,0.35294762302884114,1.1057041763069335,0.4665615457528422,0.7443130396223013,0.7442563928258661,1.4690451089620968,0.6431594540104418
DIEGO,3822,DIEGO,EUROPE,965,diego__diego_965,diego,Survey_September2023_cleaned,Survey_September2023_cleaned.xlsx,diego_965,NA,NA,ES,ES,southern_europe,18_24,female,student,usable_complete,TRUE,TRUE,32,0.6876761344579604,0.8755141466749152,1.3631400878384048,0.34047641125108746,0.43307487968653163,1.136731384861577,0.9003821767165684,1.3822766174704875,1.5745225506480853
DIEGO,3823,DIEGO,EUROPE,966,diego__diego_966,diego,Survey_September2023_cleaned,Survey_September2023_cleaned.xlsx,diego_966,NA,NA,GR,GR,southern_europe,45_54,female,employed,usable_complete,TRUE,TRUE,32,0.15447625705653728,0.6597622035253485,0.7956651224116638,0.6281570682375687,0.4228041698001559,0.9807675931307962,1.061204850395384,1.5054862234438395,0.3785331718919348
DIEGO,3824,DIEGO,EUROPE,967,diego__diego_967,diego,Survey_September2023_cleaned,Survey_September2023_cleaned.xlsx,diego_967,NA,NA,ES,ES,southern_europe,45_54,female,self_employed,usable_complete,TRUE,TRUE,32,1.1812297079665446,1.3634721890482977,1.399397490637805,0.8933469571542596,1.0250670983123316,0.5583237966139512,0.6496911639702907,1.2338749116583374,1.4795791108002492
DIEGO,3825,DIEGO,EUROPE,968,diego__diego_968,diego,Survey_September2023_cleaned,Survey_September2023_cleaned.xlsx,diego_968,NA,NA,ES,ES,southern_europe,18_24,female,employed,usable_complete,TRUE,TRUE,32,0.5072334030900344,1.001017054990519,0.3936827692312238,1.0001657855452846,0.7275610312774463,0.9567891648178612,1.1953121021263997,0.9393186877409788,1.4038698192478005
DIEGO,3826,DIEGO,EUROPE,969,diego__diego_969,diego,Survey_September2023_cleaned,Survey_September2023_cleaned.xlsx,diego_969,NA,NA,GR,GR,southern_europe,18_24,female,student,usable_complete,TRUE,TRUE,32,0.7910278846014417,0.6817134045982443,0.7326298956952104,0.4903783909154995,0.4422482168873635,1.1476462346760066,0.8344217223314185,0.9188568397529026,0.6943680770650945
DIEGO,3827,DIEGO,EUROPE,970,diego__diego_970,diego,Survey_September2023_cleaned,Survey_September2023_cleaned.xlsx,diego_970,NA,NA,ES,ES,southern_europe,25_34,male,employed,usable_complete,TRUE,TRUE,32,0.815480897790195,0.665549622404557,0.725662558767654,0.8785946369972494,0.7493950538777856,1.3052784379078823,0.6830279693381158,0.5366448641620134,0.5613026329328027
DIEGO,3828,DIEGO,EUROPE,971,diego__diego_971,diego,Survey_September2023_cleaned,Survey_September2023_cleaned.xlsx,diego_971,NA,NA,ES,ES,southern_europe,18_24,male,student,usable_complete,TRUE,TRUE,32,0.29141944954833043,0.538754843828956,0.6816439249602585,1.2175133948027708,0.19907743439119843,1.3915668522447353,1.0549656574477626,1.1289459185294546,0.4743560851318809
DIEGO,3829,DIEGO,EUROPE,972,diego__diego_972,diego,Survey_September2023_cleaned,Survey_September2023_cleaned.xlsx,diego_972,NA,NA,GR,GR,southern_europe,45_54,female,self_employed,usable_complete,TRUE,TRUE,32,0.7035417418566318,0.9757418627494459,0.6744147289592631,0.8062125412441882,1.618778081035998,0.9723006665138381,0.992842737609368,0.9445594590281695,1.4522034459559965
DIEGO,3830,DIEGO,EUROPE,973,diego__diego_973,diego,Survey_September2023_cleaned,Survey_September2023_cleaned.xlsx,diego_973,NA,NA,GR,GR,southern_europe,18_24,female,employed,usable_complete,TRUE,TRUE,32,0.6846176251530296,1.3267439111599322,0.9567479360239414,0.7692781311885065,1.0977361063905644,0.5746065881966466,0.8078997540404484,1.437232371271315,0.857826650242052
DIEGO,3831,DIEGO,EUROPE,974,diego__diego_974,diego,Survey_September2023_cleaned,Survey_September2023_cleaned.xlsx,diego_974,NA,NA,IT,IT,southern_europe,25_34,female,employed,usable_complete,TRUE,TRUE,32,1.0201183905406115,0.8117276728056629,0.5984963354423064,0.6861079282652431,0.5782137138790326,0.7612698584075519,0.8526794893415891,0.34263114252283167,1.1753016241086869
DIEGO,3832,DIEGO,EUROPE,975,diego__diego_975,diego,Survey_September2023_cleaned,Survey_September2023_cleaned.xlsx,diego_975,NA,NA,GR,GR,southern_europe,18_24,male,other,usable_complete,TRUE,TRUE,32,1.0558028338166785,1.3194447174902395,0.6822386727923473,1.008448560017608,0.9835888039130675,0.21549304426600083,0.9752867401592218,0.8050477111308597,1.4701932599514955
DIEGO,3833,DIEGO,EUROPE,976,diego__diego_976,diego,Survey_September2023_cleaned,Survey_September2023_cleaned.xlsx,diego_976,NA,NA,IT,IT,southern_europe,25_34,female,employed,usable_complete,TRUE,TRUE,32,0.5573553397765999,0.7447321095083805,1.3334792504796067,0.21501371367453395,0.9534178686125294,0.4162991814874113,0.9938718091406571,0.7828591900837184,0.339452215269501
DIEGO,3834,DIEGO,EUROPE,977,diego__diego_977,diego,Survey_September2023_cleaned,Survey_September2023_cleaned.xlsx,diego_977,NA,NA,ES,ES,southern_europe,18_24,female,student,usable_complete,TRUE,TRUE,32,1.0539655668092491,0.5782902597032229,0.6996459120686725,0.586037538612239,1.5104221952815753,0.6481175366437968,1.202974076086744,1.148452055043318,0.20637109934070416
DIEGO,3835,DIEGO,EUROPE,978,diego__diego_978,diego,Survey_September2023_cleaned,Survey_September2023_cleaned.xlsx,diego_978,NA,NA,IT,IT,southern_europe,45_54,male,unemployed,usable_complete,TRUE,TRUE,32,1.208947998256697,0.743893180104928,0.30846780556913517,1.0284183675265786,0.8391610673353611,0.7653007184603555,0.9063517289411681,1.2056157555855305,1.277094932227762
DIEGO,3836,DIEGO,EUROPE,979,diego__diego_979,diego,Survey_September2023_cleaned,Survey_September2023_cleaned.xlsx,diego_979,NA,NA,GR,GR,southern_europe,45_54,male,employed,usable_complete,TRUE,TRUE,32,0.6310828887545735,0.9147763071205413,1.2177614105487085,1.3888406016418517,1.5312006750825233,0.6707650995409092,0.5549762302838267,1.3149831359753634,1.5607710708087774
DIEGO,3837,DIEGO,EUROPE,980,diego__diego_980,diego,Survey_September2023_cleaned,Survey_September2023_cleaned.xlsx,diego_980,NA,NA,ES,ES,southern_europe,45_54,male,employed,usable_complete,TRUE,TRUE,32,0.6555561610722687,0.7581538960179894,0.8377891631208894,0.6817750176868137,0.6866520758610563,0.45528945847021185,1.4324269082092815,0.7260854198418807,0.45221330050080677
DIEGO,3838,DIEGO,EUROPE,981,diego__diego_981,diego,Survey_September2023_cleaned,Survey_September2023_cleaned.xlsx,diego_981,NA,NA,GR,GR,southern_europe,25_34,female,employed,usable_complete,TRUE,TRUE,32,1.2717399146110884,0.9841500256641253,1.0606184732087682,0.3705143831575839,1.743091726432711,0.8657115401298747,0.79702908374909065,0.5276732939467246,0.457917228942801
DIEGO,3839,DIEGO,EUROPE,982,diego__diego_982,diego,Survey_September2023_cleaned,Survey_September2023_cleaned.xlsx,diego_982,NA,NA,GR,GR,southern_europe,45_54,male,unemployed,usable_complete,TRUE,TRUE,32,0.5497645066958742,0.4047847258781696,1.0119761036964472,0.9619004239890528,0.9536315699315989,0.8703824458552573,0.3772655870909264,1.2637550927599368,0.8092028596889218
DIEGO,3840,DIEGO,EUROPE,983,diego__diego_983,diego,Survey_September2023_cleaned,Survey_September2023_cleaned.xlsx,diego_983,NA,NA,IT,IT,southern_europe,25_34,male,employed,usable_complete,TRUE,TRUE,32,0.8030059026518612,0.7404855526316995,0.8822890592198693,0.6094063815158821,0.2997229575707068,0.586162492770053,0.9335907131470418,1.0598000404260774,0.8473177361405223
DIEGO,3841,DIEGO,EUROPE,984,diego__diego_984,diego,Survey_September2023_cleaned,Survey_September2023_cleaned.xlsx,diego_984,NA,NA,IT,IT,southern_europe,45_54,male,employed,usable_complete,TRUE,TRUE,32,0.7964173888066045,1.04774110267457,1.2377609799054035,0.7033476756720448,0.16379086351768615,1.5032793228772816,0.7661736593783319,0.7257171866138404,0.5562854097044562
DIEGO,3842,DIEGO,EUROPE,985,diego__diego_985,diego,Survey_September2023_cleaned,Survey_September2023_cleaned.xlsx,diego_985,NA,NA,ES,ES,southern_europe,65_plus,female,self_employed,usable_complete,TRUE,TRUE,32,1.3256479125248197,1.039654268723057,1.096962110505078,0.4069939105248104,1.0221004304056391,0.2406850816156898,0.8507454475974241,1.1174386114693635,1.2683386287374503
DIEGO,3843,DIEGO,EUROPE,986,diego__diego_986,diego,Survey_September2023_cleaned,Survey_September2023_cleaned.xlsx,diego_986,NA,NA,GR,GR,southern_europe,25_34,male,self_employed,usable_complete,TRUE,TRUE,32,0.8879705487717381,0.32465630705842524,1.0571743547585346,1.0889615266652408,0.5537515407104372,0.8967729463013989,0.5921943584109732,0.9779515747014771,1.1284631555889264
DIEGO,3844,DIEGO,EUROPE,987,diego__diego_987,diego,Survey_September2023_cleaned,Survey_September2023_cleaned.xlsx,diego_987,NA,NA,ES,ES,southern_europe,65_plus,male,retired,usable_complete,TRUE,TRUE,32,0.9333642668093083,0.6041112810577899,0.8300342973718877,0.7992631430924407,1.0405532366697918,0.6399018716077357,0.7051301545712154,0.6707937821318235,1.6067105561311337
DIEGO,3845,DIEGO,EUROPE,988,diego__diego_988,diego,Survey_September2023_cleaned,Survey_September2023_cleaned.xlsx,diego_988,NA,NA,GR,GR,southern_europe,45_54,male,employed,usable_complete,TRUE,TRUE,32,0.30802419223348043,1.0019171129231208,0.7790890487010551,0.5003036139700238,0.38254984541175796,0.8165800626535008,1.164063970335468,0.9404864451165788,1.3001939189558311
DIEGO,3846,DIEGO,EUROPE,989,diego__diego_989,diego,Survey_September2023_cleaned,Survey_September2023_cleaned.xlsx,diego_989,NA,NA,ES,ES,southern_europe,65_plus,female,self_employed,usable_complete,TRUE,TRUE,32,0.6568265775386759,1.6575415940849045,1.0878948221183677,1.0561486331313172,0.5885708468456696,0.526939409817566,1.3399871693634597,1.3366606145674578,1.6363061017401335
DIEGO,3847,DIEGO,EUROPE,990,diego__diego_990,diego,Survey_September2023_cleaned,Survey_September2023_cleaned.xlsx,diego_990,NA,NA,ES,ES,southern_europe,45_54,male,employed,usable_complete,TRUE,TRUE,32,0.7822959453394104,0.558619055362208,1.1545405481746627,0.5672765220275118,1.109087802096556,0.6442653070146387,0.5750229238128901,1.282779268531231,0.6112438352574869
DIEGO,3848,DIEGO,EUROPE,991,diego__diego_991,diego,Survey_September2023_cleaned,Survey_September2023_cleaned.xlsx,diego_991,NA,NA,ES,ES,southern_europe,25_34,female,employed,usable_complete,TRUE,TRUE,32,0.7717093226426552,0.5938747910003526,1.1088089757736626,0.6905747780932053,1.407824119244581,0.9497580319791376,0.5891656616510433,0.9546601932260307,1.0837902428650332
DIEGO,3849,DIEGO,EUROPE,992,diego__diego_992,diego,Survey_September2023_cleaned,Survey_September2023_cleaned.xlsx,diego_992,NA,NA,ES,ES,southern_europe,18_24,female,employed,usable_complete,TRUE,TRUE,32,0.905298188025598,1.054644793745513,0.5446838395783671,0.7931352875128549,1.1289853930730058,0.8525849792881234,0.3758209187575351,1.2355464237916356,0.6749912420630069
DIEGO,3850,DIEGO,EUROPE,993,diego__diego_993,diego,Survey_September2023_cleaned,Survey_September2023_cleaned.xlsx,diego_993,NA,NA,ES,ES,southern_europe,45_54,male,employed,usable_complete,TRUE,TRUE,32,0.5459906955377212,1.2403594509454745,0.6062405406726776,0.3951147143514376,0.5936173420892658,0.8447318796662171,0.6072902075182325,0.661580612753496,0.9832481655008681
DIEGO,3851,DIEGO,EUROPE,994,diego__diego_994,diego,Survey_September2023_cleaned,Survey_September2023_cleaned.xlsx,diego_994,NA,NA,ES,ES,southern_europe,45_54,female,other,usable_complete,TRUE,TRUE,32,0.43822457147159083,1.1948946938545113,0.39307906239029344,0.6413040146017752,0.6883258397567376,0.4496494207827929,0.9445287129271775,0.35606399252688203,1.4021428575246975
DIEGO,3852,DIEGO,EUROPE,995,diego__diego_995,diego,Survey_September2023_cleaned,Survey_September2023_cleaned.xlsx,diego_995,NA,NA,IT,IT,southern_europe,25_34,female,unemployed,usable_complete,TRUE,TRUE,32,1.0143922359206758,0.5584915667331016,0.7266199939581128,1.0047224395207712,0.8944488260134278,0.8145926934008769,0.7761843244815427,0.44056916990494566,1.1256842570207968
DIEGO,3853,DIEGO,EUROPE,996,diego__diego_996,diego,Survey_September2023_cleaned,Survey_September2023_cleaned.xlsx,diego_996,NA,NA,IT,IT,southern_europe,65_plus,male,retired,usable_complete,TRUE,TRUE,32,0.5030529619480604,0.6366488864999345,0.6737157882808967,0.6355859407992713,1.094861120792464,0.5782444796824567,0.6652158652024316,0.5010311802458581,0.7832943542772207
DIEGO,3854,DIEGO,EUROPE,997,diego__diego_997,diego,Survey_September2023_cleaned,Survey_September2023_cleaned.xlsx,diego_997,NA,NA,ES,ES,southern_europe,45_54,female,employed,usable_complete,TRUE,TRUE,32,0.4070046940161378,1.1130703498686065,0.8354442789035549,1.1443581580192768,1.8442415386894435,0.5820376156833229,1.0225590212470206,0.8520926919540542,0.7456053598885519
DIEGO,3855,DIEGO,EUROPE,998,diego__diego_998,diego,Survey_September2023_cleaned,Survey_September2023_cleaned.xlsx,diego_998,NA,NA,IT,IT,southern_europe,18_24,female,employed,usable_complete,TRUE,TRUE,32,0.44951874661749003,0.942549165593505,0.534900274276198,0.9766006527540917,1.2564951986219808,1.01449039642559,0.9283569040277915,0.583959207658897,1.265542174598302
DIEGO,3856,DIEGO,EUROPE,999,diego__diego_999,diego,Survey_September2023_cleaned,Survey_September2023_cleaned.xlsx,diego_999,NA,NA,ES,ES,southern_europe,45_54,male,employed,usable_complete,TRUE,TRUE,32,0.8475910208285393,0.6426018102349953,0.7730544354018732,0.6416463169171606,0.7006745660921642,0.7327157617539439,0.9445606316961385,1.1327786367477801,0.6814471065966105
DIEGO,3857,DIEGO,EUROPE,1000,diego__diego_1000,diego,Survey_September2023_cleaned,Survey_September2023_cleaned.xlsx,diego_1000,NA,NA,IT,IT,southern_europe,65_plus,male,retired,usable_complete,TRUE,TRUE,32,1.135739462417832,0.6865072209766161,0.8347730486900581,0.4607793825517861,0.7419554514862069,0.979889873860525,0.8060838373540218,0.8607844488437527,0.2656670756258044
DIEGO,3858,DIEGO,EUROPE,1001,diego__diego_1001,diego,Survey_September2023_cleaned,Survey_September2023_cleaned.xlsx,diego_1001,NA,NA,IT,IT,southern_europe,25_34,female,employed,usable_complete,TRUE,TRUE,32,0.9423687657869141,0.9611639487431245,1.1749020620416235,1.2871598877786334,1.5625764293690838,0.24846620288485224,0.7911180997245444,0.8701442922834003,0.594288584742303
DIEGO,3859,DIEGO,EUROPE,1002,diego__diego_1002,diego,Survey_September2023_cleaned,Survey_September2023_cleaned.xlsx,diego_1002,NA,NA,ES,ES,southern_europe,18_24,female,employed,usable_complete,TRUE,TRUE,32,0.46110307177000814,0.6191585291868426,0.9260799098365865,0.6371108745997208,0.8972877741262255,0.9578491661306088,0.8497510766356047,0.22500692309167025,0.9967060910920038
DIEGO,3860,DIEGO,EUROPE,1003,diego__diego_1003,diego,Survey_September2023_cleaned,Survey_September2023_cleaned.xlsx,diego_1003,NA,NA,IT,IT,southern_europe,18_24,female,student,usable_complete,TRUE,TRUE,32,0.9868459163259352,0.29527465654402874,0.8127789195277814,0.7309193350497528,0.8069207721476097,0.7060817441118302,0.6077047085333065,0.6545375071029945,1.075036814099491
DIEGO,3861,DIEGO,EUROPE,1004,diego__diego_1004,diego,Survey_September2023_cleaned,Survey_September2023_cleaned.xlsx,diego_1004,NA,NA,ES,ES,southern_europe,25_34,male,employed,usable_complete,TRUE,TRUE,32,0.7886922560074234,0.8309660135426014,0.8254989855805428,1.2140402134863197,1.1436647279476866,0.9114149021342814,0.5365834728131291,0.5703276938665115,0.25450086991316556
DIEGO,3862,DIEGO,EUROPE,1005,diego__diego_1005,diego,Survey_September2023_cleaned,Survey_September2023_cleaned.xlsx,diego_1005,NA,NA,IT,IT,southern_europe,25_34,female,employed,usable_complete,TRUE,TRUE,32,1.0350534463491736,1.3138129792402853,0.45994296636571413,0.5665665440521245,0.31852994053732897,0.08447921338447927,0.6284034864153776,1.1024248189637433,0.6103780254432742
DIEGO,3863,DIEGO,EUROPE,1006,diego__diego_1006,diego,Survey_September2023_cleaned,Survey_September2023_cleaned.xlsx,diego_1006,NA,NA,IT,IT,southern_europe,25_34,female,employed,usable_complete,TRUE,TRUE,32,1.0328352168992363,0.7645472204674982,0.4403269468836119,1.2116790295298276,0.7272964652609842,0.8958958374983674,0.8290232181090518,1.1373189872826857,1.3911516117517233
DIEGO,3864,DIEGO,EUROPE,1007,diego__diego_1007,diego,Survey_September2023_cleaned,Survey_September2023_cleaned.xlsx,diego_1007,NA,NA,IT,IT,southern_europe,18_24,female,employed,usable_complete,TRUE,TRUE,32,0.6147982919242918,0.6611521980085893,0.976686283007308,1.2778987964731876,1.0277637237147483,0.6505075702135751,0.5220565587978737,0.833228822116966,0.38294154621215304
DIEGO,3865,DIEGO,EUROPE,1008,diego__diego_1008,diego,Survey_September2023_cleaned,Survey_September2023_cleaned.xlsx,diego_1008,NA,NA,GR,GR,southern_europe,45_54,male,self_employed,usable_complete,TRUE,TRUE,32,0.4523793040755676,0.9048445128088575,0.7384803831472306,1.078380382930187,0.9846297957523802,0.984805376863998,0.6341205174913036,1.2753155738382382,1.1197376651733582
DIEGO,3866,DIEGO,EUROPE,1009,diego__diego_1009,diego,Survey_September2023_cleaned,Survey_September2023_cleaned.xlsx,diego_1009,NA,NA,IT,IT,southern_europe,45_54,male,employed,usable_complete,TRUE,TRUE,32,0.8923775811165358,0.7430985649662275,0.9103077034711353,0.8537844273277496,0.9124375650784444,0.4632458347062052,0.5536239329436625,1.297328399030785,1.2043533209773614
DIEGO,3867,DIEGO,EUROPE,1010,diego__diego_1010,diego,Survey_September2023_cleaned,Survey_September2023_cleaned.xlsx,diego_1010,NA,NA,GR,GR,southern_europe,45_54,male,employed,usable_complete,TRUE,TRUE,32,0.9314514156764163,1.0918801413278667,0.7517098852635976,1.265332797066358,0.5990171054316165,1.0140748374050184,0.7514903761939393,0.9226602901574816,0.6109761450183828
DIEGO,3868,DIEGO,EUROPE,1011,diego__diego_1011,diego,Survey_September2023_cleaned,Survey_September2023_cleaned.xlsx,diego_1011,NA,NA,ES,ES,southern_europe,18_24,female,employed,usable_complete,TRUE,TRUE,32,1.1954769173611883,1.0036395415808543,1.344983810404502,1.0961608897804644,0.31640512804356247,0.6721121211138151,1.134669306343526,1.341950928965587,0.8961088246917017
DIEGO,3869,DIEGO,EUROPE,1012,diego__diego_1012,diego,Survey_September2023_cleaned,Survey_September2023_cleaned.xlsx,diego_1012,NA,NA,GR,GR,southern_europe,45_54,male,employed,usable_complete,TRUE,TRUE,32,1.0404678816181374,0.8166802970464477,1.2695560648569273,0.9878810594118108,0.9565968446626854,0.5505837661804742,1.005529130565216,0.9828261279758582,0.5209076819284434
DIEGO,3870,DIEGO,EUROPE,1013,diego__diego_1013,diego,Survey_September2023_cleaned,Survey_September2023_cleaned.xlsx,diego_1013,NA,NA,IT,IT,southern_europe,18_24,female,student,usable_complete,TRUE,TRUE,32,0.7966639891031375,0.6804691184458811,1.1109916686982415,0.9001104028324272,1.206957584852112,0.7392788153456427,0.7509467052722723,0.9228581076817419,0.9945141016751458
DIEGO,3871,DIEGO,EUROPE,1014,diego__diego_1014,diego,Survey_September2023_cleaned,Survey_September2023_cleaned.xlsx,diego_1014,NA,NA,GR,GR,southern_europe,45_54,male,employed,usable_complete,TRUE,TRUE,32,0.7663584986465677,0.6370210428751161,0.44986208901967306,0.5436410571448818,0.8270391501420551,0.9296945029782897,1.0593735132815447,0.6082238277588944,0.452789222329478
DIEGO,3872,DIEGO,EUROPE,1015,diego__diego_1015,diego,Survey_September2023_cleaned,Survey_September2023_cleaned.xlsx,diego_1015,NA,NA,IT,IT,southern_europe,45_54,female,employed,usable_complete,TRUE,TRUE,32,0.7614501592550014,0.829950051587074,0.7574990078012382,0.7833413047472989,0.9196650890812103,0.8656703725615068,0.7488856029350485,1.2893113699792962,0.4079221820792682
DIEGO,3873,DIEGO,EUROPE,1016,diego__diego_1016,diego,Survey_September2023_cleaned,Survey_September2023_cleaned.xlsx,diego_1016,NA,NA,ES,ES,southern_europe,45_54,female,employed,usable_complete,TRUE,TRUE,32,0.5761313447351688,0.8989129115924366,0.32762391229754934,0.5954268085241841,1.2465077320059146,0.6791822819066906,0.9705891541752953,1.3451722553055128,0.9067933880335582
DIEGO,3874,DIEGO,EUROPE,1017,diego__diego_1017,diego,Survey_September2023_cleaned,Survey_September2023_cleaned.xlsx,diego_1017,NA,NA,ES,ES,southern_europe,25_34,female,unemployed,usable_complete,TRUE,TRUE,32,1.74899273779367,0.19958051110213243,0.6820461253350351,0.2804329645165516,0.9662863123636414,0.9681140588502711,0.7241252536544837,0.5539021693218247,0.5564838616721098
DIEGO,3875,DIEGO,EUROPE,1018,diego__diego_1018,diego,Survey_September2023_cleaned,Survey_September2023_cleaned.xlsx,diego_1018,NA,NA,IT,IT,southern_europe,65_plus,male,self_employed,usable_complete,TRUE,TRUE,32,1.024075756759723,0.8725591185201091,1.166825592688451,1.000899025860955,0.10826116645015153,0.7657643342647356,0.9751925394343213,0.3128921302589174,0.7504852631284944
DIEGO,3876,DIEGO,EUROPE,1019,diego__diego_1019,diego,Survey_September2023_cleaned,Survey_September2023_cleaned.xlsx,diego_1019,NA,NA,IT,IT,southern_europe,45_54,female,retired,usable_complete,TRUE,TRUE,32,1.0544559469754289,0.4370528086756175,0.8649084536481266,0.6441922495081354,1.5831671337562292,0.7441295191945052,1.4395442391519313,0.7625907680612577,0.8813144622718363
DIEGO,3877,DIEGO,EUROPE,1020,diego__diego_1020,diego,Survey_September2023_cleaned,Survey_September2023_cleaned.xlsx,diego_1020,NA,NA,GR,GR,southern_europe,18_24,female,student,usable_complete,TRUE,TRUE,32,0.38861175221768796,1.274328610104669,0.4827025585231343,0.42039830730643457,0.5468722875175128,1.1286574808034437,0.6102793662857727,0.876854161318585,0.1265881360912524
DIEGO,3878,DIEGO,EUROPE,1021,diego__diego_1021,diego,Survey_September2023_cleaned,Survey_September2023_cleaned.xlsx,diego_1021,NA,NA,IT,IT,southern_europe,45_54,male,self_employed,usable_complete,TRUE,TRUE,32,0.626265554604763,0.8334494087210099,1.0145181559919587,0.9738907470919939,1.0733492353495775,0.352410774729854,0.8103536301913815,1.2340944277874497,0.6661382895362449
DIEGO,3879,DIEGO,EUROPE,1022,diego__diego_1022,diego,Survey_September2023_cleaned,Survey_September2023_cleaned.xlsx,diego_1022,NA,NA,IT,IT,southern_europe,18_24,female,student,usable_complete,TRUE,TRUE,32,0.5994683634894654,1.0683204738509058,0.9715597947510972,0.25050066176510843,0.5135763681057911,0.3165487692153856,0.7205117517326542,0.7391141780109297,1.7223756085436537
DIEGO,3880,DIEGO,EUROPE,1023,diego__diego_1023,diego,Survey_September2023_cleaned,Survey_September2023_cleaned.xlsx,diego_1023,NA,NA,GR,GR,southern_europe,45_54,female,employed,usable_complete,TRUE,TRUE,32,0.9055465901563368,0.4179512847269978,1.0691183174365044,0.6494174153856934,1.3938529129681179,0.3981851356108287,0.3544967665691754,1.280864723909993,0.485244380394616
DIEGO,3881,DIEGO,EUROPE,1024,diego__diego_1024,diego,Survey_September2023_cleaned,Survey_September2023_cleaned.xlsx,diego_1024,NA,NA,ES,ES,southern_europe,18_24,male,student,usable_complete,TRUE,TRUE,32,0.9730944577118656,0.7758651469964912,0.657241486290539,0.5566176548879674,1.1435598995302096,1.2342854133074985,0.6967961264160938,0.8735376138298347,1.3446683886181052
DIEGO,3882,DIEGO,EUROPE,1025,diego__diego_1025,diego,Survey_September2023_cleaned,Survey_September2023_cleaned.xlsx,diego_1025,NA,NA,ES,ES,southern_europe,45_54,male,unemployed,usable_complete,TRUE,TRUE,32,0.9029997877191894,0.669944660669789,0.938731571285049,0.7011198059300413,0.6869797565095581,0.6241899069602581,0.6462356967193198,0.45184244792580347,0.3376104536578623
DIEGO,3883,DIEGO,EUROPE,1026,diego__diego_1026,diego,Survey_September2023_cleaned,Survey_September2023_cleaned.xlsx,diego_1026,NA,NA,GR,GR,southern_europe,18_24,male,unemployed,usable_complete,TRUE,TRUE,32,0.5627347141089909,0.8094293519151673,0.6221781190809839,0.7696246234257457,0.420867356543497,1.0477900020076272,0.4533622430740184,1.1511724898822215,0.6387812663942277
DIEGO,3884,DIEGO,EUROPE,1027,diego__diego_1027,diego,Survey_September2023_cleaned,Survey_September2023_cleaned.xlsx,diego_1027,NA,NA,IT,IT,southern_europe,18_24,male,self_employed,usable_complete,TRUE,TRUE,32,1.058634640496885,0.9826453280655987,1.079118348718098,1.051798531092069,0.6751238544785426,0.9288493146415482,1.117602814536331,0.4941179573029894,0.6486989330953363
DIEGO,3885,DIEGO,EUROPE,1028,diego__diego_1028,diego,Survey_September2023_cleaned,Survey_September2023_cleaned.xlsx,diego_1028,NA,NA,GR,GR,southern_europe,45_54,male,self_employed,usable_complete,TRUE,TRUE,32,1.0801433849645883,0.25436971348552395,0.8303449235542754,0.8359602244627594,0.8039266042075344,0.47690891004212455,1.003523356730558,0.8222631502282051,1.4872355038407976
DIEGO,3886,DIEGO,EUROPE,1029,diego__diego_1029,diego,Survey_September2023_cleaned,Survey_September2023_cleaned.xlsx,diego_1029,NA,NA,ES,ES,southern_europe,45_54,male,unemployed,usable_complete,TRUE,TRUE,32,0.9396146956908493,1.4454808274043904,0.6711373792734043,0.599510981076402,0.8822830553634333,1.1117051997097012,0.720880390594805,0.34744610464924186,1.270795729959637
DIEGO,3887,DIEGO,EUROPE,1030,diego__diego_1030,diego,Survey_September2023_cleaned,Survey_September2023_cleaned.xlsx,diego_1030,NA,NA,IT,IT,southern_europe,25_34,male,employed,usable_complete,TRUE,TRUE,32,1.1043550652792187,1.1781469838794663,0.7123906806327938,0.6099859625711556,0.37491708125928375,1.0694491150255176,0.9643065958877483,0.6876045944825497,1.1381395618082841
DIEGO,3888,DIEGO,EUROPE,1031,diego__diego_1031,diego,Survey_September2023_cleaned,Survey_September2023_cleaned.xlsx,diego_1031,NA,NA,IT,IT,southern_europe,25_34,male,employed,usable_complete,TRUE,TRUE,32,0.6506286321506294,1.710294295277829,0.6669237339554476,0.9986776197720394,0.38977464231648534,0.6720128708388853,0.3812793700617419,0.8184949130543892,0.4965849809554207
DIEGO,3889,DIEGO,EUROPE,1032,diego__diego_1032,diego,Survey_September2023_cleaned,Survey_September2023_cleaned.xlsx,diego_1032,NA,NA,ES,ES,southern_europe,25_34,male,employed,usable_complete,TRUE,TRUE,32,0.5614901836882731,0.42749166531633526,0.5840222900204586,1.1072801739482951,1.8891325851241658,0.6623188172059771,0.9783805798389771,0.8920281130467295,0.4866817057622375
DIEGO,3890,DIEGO,EUROPE,1033,diego__diego_1033,diego,Survey_September2023_cleaned,Survey_September2023_cleaned.xlsx,diego_1033,NA,NA,ES,ES,southern_europe,18_24,female,student,usable_complete,TRUE,TRUE,32,0.8245401228215004,0.8375259993672771,0.9187272837858362,1.0703975201377658,0.5315734499050035,0.816998199904484,0.7509898019269323,0.654164539323543,0.798029583748508
DIEGO,3891,DIEGO,EUROPE,1034,diego__diego_1034,diego,Survey_September2023_cleaned,Survey_September2023_cleaned.xlsx,diego_1034,NA,NA,ES,ES,southern_europe,18_24,female,student,usable_complete,TRUE,TRUE,32,0.7943457771871396,0.7629187668741101,0.9856052836276741,0.6079838718617552,0.32294402844985326,0.7149557304641914,0.9749963628064835,1.1593700751743945,1.111231684859748
DIEGO,3892,DIEGO,EUROPE,1035,diego__diego_1035,diego,Survey_September2023_cleaned,Survey_September2023_cleaned.xlsx,diego_1035,NA,NA,ES,ES,southern_europe,18_24,female,student,usable_complete,TRUE,TRUE,32,0.7760822496858643,0.6607033216510596,0.4307928786157347,0.7160631405606486,0.9522299151244673,0.8148256973128911,0.6338545819975662,0.7657565371439764,1.4748795201875886
DIEGO,3893,DIEGO,EUROPE,1036,diego__diego_1036,diego,Survey_September2023_cleaned,Survey_September2023_cleaned.xlsx,diego_1036,NA,NA,IT,IT,southern_europe,45_54,male,employed,usable_complete,TRUE,TRUE,32,0.6472832302120244,1.0286091400304624,0.6478702136232327,0.8732245904749343,0.7808785174598358,0.4259827833719102,1.026047719635189,0.9093015712946598,0.868959150539666
DIEGO,3894,DIEGO,EUROPE,1037,diego__diego_1037,diego,Survey_September2023_cleaned,Survey_September2023_cleaned.xlsx,diego_1037,NA,NA,IT,IT,southern_europe,45_54,female,unemployed,usable_complete,TRUE,TRUE,32,1.0465378031977486,0.3340547851910265,1.0203484353816337,1.0497249530188013,1.407417669371651,1.0314757480925492,0.7398586929206548,0.5752660295188899,1.3908290230979208
DIEGO,3895,DIEGO,EUROPE,1038,diego__diego_1038,diego,Survey_September2023_cleaned,Survey_September2023_cleaned.xlsx,diego_1038,NA,NA,ES,ES,southern_europe,45_54,female,unemployed,usable_complete,TRUE,TRUE,32,0.4271061309633477,0.9740327715720726,0.87015281145149,1.4077371178043785,1.2480177104901502,0.5433010646711935,0.9809972493750451,0.9591038400523072,0.3225763327623139
DIEGO,3896,DIEGO,EUROPE,1039,diego__diego_1039,diego,Survey_September2023_cleaned,Survey_September2023_cleaned.xlsx,diego_1039,NA,NA,IT,IT,southern_europe,18_24,male,student,usable_complete,TRUE,TRUE,32,0.6585245351099014,1.0890118356812328,1.0140008944548822,0.9859744860985741,1.4444145476725163,0.376601867323336,1.298375407240856,0.6528518626982042,0.3805203903695191
DIEGO,3897,DIEGO,EUROPE,1040,diego__diego_1040,diego,Survey_September2023_cleaned,Survey_September2023_cleaned.xlsx,diego_1040,NA,NA,IT,IT,southern_europe,45_54,female,employed,usable_complete,TRUE,TRUE,32,0.88424442708402,0.9386536444211533,0.5638173697346748,1.058659334932284,0.3718717334103633,1.0336361739060425,0.7780087006351627,0.623930032188933,0.37384688095102264
DIEGO,3898,DIEGO,EUROPE,1041,diego__diego_1041,diego,Survey_September2023_cleaned,Survey_September2023_cleaned.xlsx,diego_1041,NA,NA,ES,ES,southern_europe,25_34,male,employed,usable_complete,TRUE,TRUE,32,0.981581676290789,0.9098236930707999,0.7118759101902469,0.4963341402054562,1.2272690277337497,1.2130638145354955,1.134076337208415,0.9627813210766941,0.5577692369070156
DIEGO,3899,DIEGO,EUROPE,1042,diego__diego_1042,diego,Survey_September2023_cleaned,Survey_September2023_cleaned.xlsx,diego_1042,NA,NA,ES,ES,southern_europe,45_54,male,employed,usable_complete,TRUE,TRUE,32,0.7803916092619734,1.024446808154558,0.809336473312553,0.9382748401881532,0.16373000021148632,0.5554615595582483,0.5679065048553207,0.6748540169375589,1.346088305465252
DIEGO,3900,DIEGO,EUROPE,1043,diego__diego_1043,diego,Survey_September2023_cleaned,Survey_September2023_cleaned.xlsx,diego_1043,NA,NA,IT,IT,southern_europe,45_54,female,self_employed,usable_complete,TRUE,TRUE,32,0.5273836084992845,1.2368055327145573,0.7894885517078571,0.4136120113953698,0.7179014824880444,1.2233182177085282,0.9360833528686433,0.6261455460303934,0.6224990767882341
DIEGO,3901,DIEGO,EUROPE,1044,diego__diego_1044,diego,Survey_September2023_cleaned,Survey_September2023_cleaned.xlsx,diego_1044,NA,NA,IT,IT,southern_europe,45_54,female,self_employed,usable_complete,TRUE,TRUE,32,1.1491035330911927,0.8355198298599473,0.5049990892214756,0.9568682213965117,1.1172281418379066,0.4872944401232494,0.8529882392913262,0.925662983510351,0.6879291630409484
DIEGO,3902,DIEGO,EUROPE,1045,diego__diego_1045,diego,Survey_September2023_cleaned,Survey_September2023_cleaned.xlsx,diego_1045,NA,NA,IT,IT,southern_europe,45_54,female,employed,usable_complete,TRUE,TRUE,32,1.5763917329659753,1.7155112048081522,1.374030360398247,1.147809301130717,0.7843697843128404,0.9284279774697596,0.8088661196809831,1.124855282838183,1.3763984770282573
DIEGO,3903,DIEGO,EUROPE,1046,diego__diego_1046,diego,Survey_September2023_cleaned,Survey_September2023_cleaned.xlsx,diego_1046,NA,NA,IT,IT,southern_europe,18_24,male,employed,usable_complete,TRUE,TRUE,32,0.8493016978420161,0.8334608047254474,0.7724211040133,0.6285801373327894,1.1061272399923863,0.941065312898528,0.5529817678345844,0.7592324617454445,1.2044176989804414
DIEGO,3904,DIEGO,EUROPE,1047,diego__diego_1047,diego,Survey_September2023_cleaned,Survey_September2023_cleaned.xlsx,diego_1047,NA,NA,IT,IT,southern_europe,18_24,female,student,usable_complete,TRUE,TRUE,32,1.2246878396670209,0.8025634262383465,0.7407334073572999,1.2192118329339088,1.1376613227249643,0.8094195443597951,1.1469043489546882,0.40659610812197394,0.7816067946930599
DIEGO,3905,DIEGO,EUROPE,1048,diego__diego_1048,diego,Survey_September2023_cleaned,Survey_September2023_cleaned.xlsx,diego_1048,NA,NA,GR,GR,southern_europe,45_54,male,employed,usable_complete,TRUE,TRUE,32,0.3218682780083237,0.6720325549725206,0.413161208712824,1.0579439552102385,0.5782077437363486,0.625322155788736,0.5954921830975956,0.7644858335084358,0.7872503287202347
DIEGO,3906,DIEGO,EUROPE,1049,diego__diego_1049,diego,Survey_September2023_cleaned,Survey_September2023_cleaned.xlsx,diego_1049,NA,NA,IT,IT,southern_europe,18_24,female,employed,usable_complete,TRUE,TRUE,32,0.8757465789672878,0.8977859974138265,0.8443243668532793,0.8801841395546531,0.5857018518299663,0.8805338486431533,1.0807636031976067,0.8834339139312682,0.6345373809725073
DIEGO,3907,DIEGO,EUROPE,1050,diego__diego_1050,diego,Survey_September2023_cleaned,Survey_September2023_cleaned.xlsx,diego_1050,NA,NA,ES,ES,southern_europe,45_54,female,self_employed,usable_complete,TRUE,TRUE,32,1.3341374357690199,0.8234398686078219,1.1156830727597853,1.3764865883017008,1.061976192094841,0.502568791831941,0.6793095576084569,1.4305483862521509,1.4819767205023577
DIEGO,3908,DIEGO,EUROPE,1051,diego__diego_1051,diego,Survey_September2023_cleaned,Survey_September2023_cleaned.xlsx,diego_1051,NA,NA,ES,ES,southern_europe,45_54,female,employed,usable_complete,TRUE,TRUE,32,0.8427840830205042,0.7590299792474813,0.7710943176293624,0.8318326583914812,0.3251507699025201,0.8465455467549008,0.9340674372835339,0.34022524579438124,0.9368562476521045
DIEGO,3909,DIEGO,EUROPE,1052,diego__diego_1052,diego,Survey_September2023_cleaned,Survey_September2023_cleaned.xlsx,diego_1052,NA,NA,IT,IT,southern_europe,45_54,female,employed,usable_complete,TRUE,TRUE,32,0.8812951473377937,0.80067828808571,0.8548685750251686,0.880826807048975,0.2654932195104517,0.6670748079692943,0.7228379227262365,0.6690232908051886,0.7401032762609725
DIEGO,3910,DIEGO,EUROPE,1053,diego__diego_1053,diego,Survey_September2023_cleaned,Survey_September2023_cleaned.xlsx,diego_1053,NA,NA,IT,IT,southern_europe,45_54,male,employed,usable_complete,TRUE,TRUE,32,0.6345215240092039,0.8305978281899414,1.1372541317465727,1.0394470991025173,0.9060796329667749,0.8612060456667403,0.8042196220418262,1.4848396760423261,0.6345022118442514
DIEGO,3911,DIEGO,EUROPE,1054,diego__diego_1054,diego,Survey_September2023_cleaned,Survey_September2023_cleaned.xlsx,diego_1054,NA,NA,ES,ES,southern_europe,45_54,female,employed,usable_complete,TRUE,TRUE,32,1.386022630024358,0.9448505541160266,1.0196984578796964,0.6839588887493623,0.9343920338837572,0.6869195617126135,0.6599243403802655,0.5488872245632684,0.5246384156322204
DIEGO,3912,DIEGO,EUROPE,1055,diego__diego_1055,diego,Survey_September2023_cleaned,Survey_September2023_cleaned.xlsx,diego_1055,NA,NA,ES,ES,southern_europe,45_54,male,employed,usable_complete,TRUE,TRUE,32,1.0011130568787296,1.3299324887623716,0.8002308599385441,1.4071316375221368,0.31625536855459463,1.3631230935616785,1.0942326250721433,1.5505431595585115,0.8503581436094885
DIEGO,3913,DIEGO,EUROPE,1056,diego__diego_1056,diego,Survey_September2023_cleaned,Survey_September2023_cleaned.xlsx,diego_1056,NA,NA,IT,IT,southern_europe,45_54,female,self_employed,usable_complete,TRUE,TRUE,32,0.9575596587653505,0.8976985745229058,0.8568742636036909,0.2329239814768699,0.9940918794667395,0.4471824553270267,1.2406402693352119,1.155111412887634,0.7908922729614478
DIEGO,3914,DIEGO,EUROPE,1057,diego__diego_1057,diego,Survey_September2023_cleaned,Survey_September2023_cleaned.xlsx,diego_1057,NA,NA,ES,ES,southern_europe,25_34,female,employed,usable_complete,TRUE,TRUE,32,1.4034734833118292,1.3871372042224015,1.2606746177262937,0.9815457173598509,0.6721305437757568,1.4217616569502578,1.0218538801441541,0.3301465188767198,1.6292755261411156
DIEGO,3915,DIEGO,EUROPE,1058,diego__diego_1058,diego,Survey_September2023_cleaned,Survey_September2023_cleaned.xlsx,diego_1058,NA,NA,ES,ES,southern_europe,65_plus,female,employed,usable_complete,TRUE,TRUE,32,0.8044168297310426,0.7259109263868926,0.8281635491293718,1.2224442781972142,0.6519625919752363,0.6545503178138995,0.6114520348884126,1.5187108381615964,1.046585456588424
DIEGO,3916,DIEGO,EUROPE,1059,diego__diego_1059,diego,Survey_September2023_cleaned,Survey_September2023_cleaned.xlsx,diego_1059,NA,NA,IT,IT,southern_europe,45_54,male,employed,usable_complete,TRUE,TRUE,32,0.7778574363159899,0.8510978627661109,1.0882631343302331,0.7168589716819375,1.054865560224356,0.721471187092093,1.2233175039328605,0.8786413523196567,1.5129056677862733
DIEGO,3917,DIEGO,EUROPE,1060,diego__diego_1060,diego,Survey_September2023_cleaned,Survey_September2023_cleaned.xlsx,diego_1060,NA,NA,IT,IT,southern_europe,45_54,male,employed,usable_complete,TRUE,TRUE,32,0.4641332390046634,0.5480988102879191,0.5041269035862085,0.9276954017383318,0.29196550601207183,0.9435854007303847,0.5517307720049691,0.41622489435080556,0.9487092597015447
DIEGO,3918,DIEGO,EUROPE,1061,diego__diego_1061,diego,Survey_September2023_cleaned,Survey_September2023_cleaned.xlsx,diego_1061,NA,NA,ES,ES,southern_europe,65_plus,female,retired,usable_complete,TRUE,TRUE,32,0.826346425116885,0.7972409182412143,0.8265614880910608,1.2167308154033816,0.23753522772576105,0.6703625846633678,0.6779123987897286,0.6900480926461086,1.7504151209510206
DIEGO,3919,DIEGO,EUROPE,1062,diego__diego_1062,diego,Survey_September2023_cleaned,Survey_September2023_cleaned.xlsx,diego_1062,NA,NA,GR,GR,southern_europe,25_34,female,employed,usable_complete,TRUE,TRUE,32,1.0607708363742139,0.7694285198878063,1.022462841861289,0.9774024876167037,0.7357016649343048,1.0995423829194593,0.8007039744508029,0.26884575193222987,0.4830417660579642
DIEGO,3920,DIEGO,EUROPE,1063,diego__diego_1063,diego,Survey_September2023_cleaned,Survey_September2023_cleaned.xlsx,diego_1063,NA,NA,NL,NL,western_europe,65_plus,male,retired,usable_complete,TRUE,TRUE,32,0.7056364017411089,0.7267383119784593,0.8574964912030835,1.2045751186273812,1.7638362629285207,1.6882673677965387,1.2165724940783378,0.9069596973982819,0.49003843797340607
DIEGO,3921,DIEGO,EUROPE,1064,diego__diego_1064,diego,Survey_September2023_cleaned,Survey_September2023_cleaned.xlsx,diego_1064,NA,NA,NL,NL,western_europe,45_54,female,unemployed,usable_complete,TRUE,TRUE,32,0.6702111425508459,0.7376525939182647,0.7367555946727953,0.9033278056821845,0.6542122345030135,0.697191662612658,0.8226010510423283,1.326375206557042,0.6304409119074521
DIEGO,3922,DIEGO,EUROPE,1065,diego__diego_1065,diego,Survey_September2023_cleaned,Survey_September2023_cleaned.xlsx,diego_1065,NA,NA,BE,BE,western_europe,45_54,male,employed,usable_complete,TRUE,TRUE,32,0.9981239376105457,0.3149858279281183,0.647877068725111,0.4741678857175928,1.0507906983422715,1.656593856764799,0.9227776291208862,0.864971637104234,0.9789720294033203
DIEGO,3923,DIEGO,EUROPE,1066,diego__diego_1066,diego,Survey_September2023_cleaned,Survey_September2023_cleaned.xlsx,diego_1066,NA,NA,DE,DE,western_europe,45_54,female,employed,usable_complete,TRUE,TRUE,32,0.2875418533792631,1.0431231906677945,0.4861325437003428,0.37185108874915834,0.3698299727836355,0.5069894200563947,0.8363904332730986,0.8389808767576241,0.2610983474575489
DIEGO,3924,DIEGO,EUROPE,1067,diego__diego_1067,diego,Survey_September2023_cleaned,Survey_September2023_cleaned.xlsx,diego_1067,NA,NA,NL,NL,western_europe,18_24,male,student,usable_complete,TRUE,TRUE,32,1.0433854081533616,1.3103038521183483,1.1243788026471306,1.1481243005789832,0.8173301885037496,1.3609508222401332,0.6854120106728107,1.4816443088309263,1.0816352204804627
DIEGO,3925,DIEGO,EUROPE,1068,diego__diego_1068,diego,Survey_September2023_cleaned,Survey_September2023_cleaned.xlsx,diego_1068,NA,NA,NL,NL,western_europe,18_24,male,student,usable_complete,TRUE,TRUE,32,1.2655619264443365,1.2924932213855553,0.5430513128190249,1.1340811300977298,0.10263192160713328,0.6490367452709493,0.6091159519154795,1.5916334161872927,0.5298254895561172
DIEGO,3926,DIEGO,EUROPE,1069,diego__diego_1069,diego,Survey_September2023_cleaned,Survey_September2023_cleaned.xlsx,diego_1069,NA,NA,NL,NL,western_europe,18_24,male,employed,usable_complete,TRUE,TRUE,32,0.8325006790620744,0.8813288903757797,0.7317094780182897,0.18877988357825046,0.8501391936587896,0.547937555915537,1.1301997982881171,0.5374223257329476,0.7315109882841301
DIEGO,3927,DIEGO,EUROPE,1070,diego__diego_1070,diego,Survey_September2023_cleaned,Survey_September2023_cleaned.xlsx,diego_1070,NA,NA,NL,NL,western_europe,45_54,male,employed,usable_complete,TRUE,TRUE,32,0.6036835784283666,0.8739127916950085,0.5225285115985333,1.2837446635067689,0.6325179550462299,0.7131116448471849,0.9174153138682521,0.8066825138058399,0.8640033912039224
DIEGO,3928,DIEGO,EUROPE,1071,diego__diego_1071,diego,Survey_September2023_cleaned,Survey_September2023_cleaned.xlsx,diego_1071,NA,NA,DE,DE,western_europe,45_54,male,self_employed,usable_complete,TRUE,TRUE,32,0.6974627191489067,1.061337407088838,0.4431111421485722,1.5903096435174706,1.860831358870299,0.9420567107124423,0.8666582470726002,0.31814659377372095,1.4029915799712702
DIEGO,3929,DIEGO,EUROPE,1072,diego__diego_1072,diego,Survey_September2023_cleaned,Survey_September2023_cleaned.xlsx,diego_1072,NA,NA,NL,NL,western_europe,25_34,male,employed,usable_complete,TRUE,TRUE,32,1.3747627775069688,0.8308455314660865,1.2493054675305633,0.6649865808432179,0.4814010237125139,0.8291265677376285,1.3603112788827278,0.8346859967717227,1.5357930614170092
DIEGO,3930,DIEGO,EUROPE,1073,diego__diego_1073,diego,Survey_September2023_cleaned,Survey_September2023_cleaned.xlsx,diego_1073,NA,NA,NL,NL,western_europe,45_54,female,self_employed,usable_complete,TRUE,TRUE,32,0.5508762589145519,0.780679885923454,0.8497238360567598,1.48041199078756,0.6387477509707803,0.8220251732629862,1.1325314551076726,1.2934539108213816,1.3038252517019624
DIEGO,3931,DIEGO,EUROPE,1074,diego__diego_1074,diego,Survey_September2023_cleaned,Survey_September2023_cleaned.xlsx,diego_1074,NA,NA,NL,NL,western_europe,45_54,female,unemployed,usable_complete,TRUE,TRUE,32,0.5460043007487212,0.7272371681113676,0.8407774109077941,0.7493477289700275,1.321165040549429,0.82468235900099,0.7664482708461935,1.3297515879241784,1.2601989307211978
DIEGO,3932,DIEGO,EUROPE,1075,diego__diego_1075,diego,Survey_September2023_cleaned,Survey_September2023_cleaned.xlsx,diego_1075,NA,NA,NL,NL,western_europe,25_34,male,employed,usable_complete,TRUE,TRUE,32,0.6669897752347635,1.170983352741995,0.8215359198752725,1.1490601413165022,0.9602358441007683,1.5862445478160245,0.7183324071310452,0.743928186308422,0.716385293359721
DIEGO,3933,DIEGO,EUROPE,1076,diego__diego_1076,diego,Survey_September2023_cleaned,Survey_September2023_cleaned.xlsx,diego_1076,NA,NA,DE,DE,western_europe,45_54,male,employed,usable_complete,TRUE,TRUE,32,1.0120069338180449,0.4880113013325904,0.577557764993603,0.5090590756302004,0.485788295542639,1.2252070069745775,0.7956784984120903,0.2810305009737101,0.8409242558486663
DIEGO,3934,DIEGO,EUROPE,1077,diego__diego_1077,diego,Survey_September2023_cleaned,Survey_September2023_cleaned.xlsx,diego_1077,NA,NA,NL,NL,western_europe,65_plus,male,retired,usable_complete,TRUE,TRUE,32,0.9817229912512788,1.0472901263821786,0.8252643398335427,1.425805808909028,0.9029141059368515,0.47562668942176034,0.3997400185618202,0.8873478497582973,0.6387025684385359
DIEGO,3935,DIEGO,EUROPE,1078,diego__diego_1078,diego,Survey_September2023_cleaned,Survey_September2023_cleaned.xlsx,diego_1078,NA,NA,DE,DE,western_europe,25_34,female,employed,usable_complete,TRUE,TRUE,32,0.3148988997416245,0.5274201484425404,0.8250738871232152,0.6928905731010039,1.7331665329384847,1.1258217270136635,0.9525937728984564,0.31710730940423926,1.1679254037119653
DIEGO,3936,DIEGO,EUROPE,1079,diego__diego_1079,diego,Survey_September2023_cleaned,Survey_September2023_cleaned.xlsx,diego_1079,NA,NA,DE,DE,western_europe,25_34,female,other,usable_complete,TRUE,TRUE,32,1.3548175652691148,0.6163533475440857,0.961568713292993,0.9495826207544829,0.9709954548219113,0.2366146297491039,0.7120685714468877,1.0271496279620214,1.0945482155378068
DIEGO,3937,DIEGO,EUROPE,1080,diego__diego_1080,diego,Survey_September2023_cleaned,Survey_September2023_cleaned.xlsx,diego_1080,NA,NA,NL,NL,western_europe,45_54,male,employed,usable_complete,TRUE,TRUE,32,0.41581545218404803,0.6980063678483239,0.6267456111303802,0.4728062164784031,0.5020633697001367,0.7539073434582346,0.6745712184913294,1.6237507790851395,1.466962196007199
DIEGO,3938,DIEGO,EUROPE,1081,diego__diego_1081,diego,Survey_September2023_cleaned,Survey_September2023_cleaned.xlsx,diego_1081,NA,NA,DE,DE,western_europe,45_54,other,retired,usable_complete_limited_metadata,TRUE,TRUE,32,1.689065454010006,1.0104055419901687,1.2251459330947037,0.9351964415114024,0.7163881515947867,0.5814171838504644,1.2388438483453432,0.7391357403161237,1.0672111619005562
DIEGO,3939,DIEGO,EUROPE,1082,diego__diego_1082,diego,Survey_September2023_cleaned,Survey_September2023_cleaned.xlsx,diego_1082,NA,NA,DE,DE,western_europe,65_plus,female,unemployed,usable_complete,TRUE,TRUE,32,0.3891555683054839,1.1202419084149655,1.2347938263941958,0.5170259410614824,0.5808451917629568,0.2983844846293642,0.5567398276402203,1.0712910701671463,0.09375088996037208
DIEGO,3940,DIEGO,EUROPE,1083,diego__diego_1083,diego,Survey_September2023_cleaned,Survey_September2023_cleaned.xlsx,diego_1083,NA,NA,DE,DE,western_europe,25_34,male,employed,usable_complete,TRUE,TRUE,32,0.8113462646329362,0.9864489013799844,0.9800532840202116,0.37754461869438294,0.32413019551164945,0.9863454175585137,0.7986970125032862,0.23018592590360618,0.5008213585988134
DIEGO,3941,DIEGO,EUROPE,1084,diego__diego_1084,diego,Survey_September2023_cleaned,Survey_September2023_cleaned.xlsx,diego_1084,NA,NA,NL,NL,western_europe,18_24,male,employed,usable_complete,TRUE,TRUE,32,0.9479731157743356,0.673524136986508,0.8575037510029675,1.454098350109059,0.6584786900140489,0.47679780661252724,0.8840579577669248,1.0611263444121488,0.5959843914664675
DIEGO,3942,DIEGO,EUROPE,1085,diego__diego_1085,diego,Survey_September2023_cleaned,Survey_September2023_cleaned.xlsx,diego_1085,NA,NA,NL,NL,western_europe,25_34,male,employed,usable_complete,TRUE,TRUE,32,0.8159828799289407,1.0761552790324012,0.5426025952429292,0.9225658423242553,0.9273406561116071,0.6538747040082252,0.648267952304068,1.0207002943086059,1.0066073228898706
DIEGO,3943,DIEGO,EUROPE,1086,diego__diego_1086,diego,Survey_September2023_cleaned,Survey_September2023_cleaned.xlsx,diego_1086,NA,NA,NL,NL,western_europe,18_24,male,student,usable_complete,TRUE,TRUE,32,0.5082682787523713,1.0562389450609875,0.6871943879049305,0.21518104319912376,0.7411314323094307,0.520227591166452,0.9175840958717696,0.26290825850566973,1.2307817055338308
DIEGO,3944,DIEGO,EUROPE,1087,diego__diego_1087,diego,Survey_September2023_cleaned,Survey_September2023_cleaned.xlsx,diego_1087,NA,NA,DE,DE,western_europe,45_54,other,unemployed,usable_complete_limited_metadata,TRUE,TRUE,32,0.8578474827675078,0.8470963463996455,0.5844867498827581,0.9966875289430052,1.1280130161432518,0.8836421401980652,1.2816938781832632,0.9889476631706957,1.239734816036012
DIEGO,3945,DIEGO,EUROPE,1088,diego__diego_1088,diego,Survey_September2023_cleaned,Survey_September2023_cleaned.xlsx,diego_1088,NA,NA,BE,BE,western_europe,45_54,male,employed,usable_complete,TRUE,TRUE,32,1.6057386255772972,0.9032145268961584,0.6339849379450303,1.6381991530405304,0.963334609083052,0.9709086672895157,1.1701862242912633,1.0672514026575743,0.9463189020413209
DIEGO,3946,DIEGO,EUROPE,1089,diego__diego_1089,diego,Survey_September2023_cleaned,Survey_September2023_cleaned.xlsx,diego_1089,NA,NA,NL,NL,western_europe,25_34,male,employed,usable_complete,TRUE,TRUE,32,0.644613191064896,1.0638672528469248,0.6611535984759864,1.1595179381470417,0.9405822506335579,1.0254271727904707,0.6877574590720682,1.3900257708496744,0.40562011416049504
DIEGO,3947,DIEGO,EUROPE,1090,diego__diego_1090,diego,Survey_September2023_cleaned,Survey_September2023_cleaned.xlsx,diego_1090,NA,NA,DE,DE,western_europe,45_54,male,employed,usable_complete,TRUE,TRUE,32,1.19792723615143,0.4320803688364006,1.4224346498733804,1.539150438473303,1.0344568552476012,0.882408040381927,1.1246396275060664,1.636031744295438,1.0057023726185654
DIEGO,3948,DIEGO,EUROPE,1091,diego__diego_1091,diego,Survey_September2023_cleaned,Survey_September2023_cleaned.xlsx,diego_1091,NA,NA,DE,DE,western_europe,25_34,male,employed,usable_complete,TRUE,TRUE,32,0.6634644430021267,1.2120636642648224,1.3661189953753985,0.6627708913002673,0.9490248099397804,0.8380453374260827,0.6188573428082217,0.7398276755837467,0.5851750948485996
DIEGO,3949,DIEGO,EUROPE,1092,diego__diego_1092,diego,Survey_September2023_cleaned,Survey_September2023_cleaned.xlsx,diego_1092,NA,NA,DE,DE,western_europe,45_54,female,employed,usable_complete,TRUE,TRUE,32,0.8787610178336966,0.6803001796580267,1.2812930744887878,0.4558274144397876,0.16255384080549556,0.9753961883051528,0.633405278128467,0.47016219710424223,0.28531763219478445
DIEGO,3950,DIEGO,EUROPE,1093,diego__diego_1093,diego,Survey_September2023_cleaned,Survey_September2023_cleaned.xlsx,diego_1093,NA,NA,DE,DE,western_europe,25_34,male,employed,usable_complete,TRUE,TRUE,32,0.9940458316445946,0.3480188565283102,0.6169638972344355,0.871092868409406,0.6043479304595789,0.7169600240061098,0.7113444224262321,0.8157990164006815,1.339210071946967
DIEGO,3951,DIEGO,EUROPE,1094,diego__diego_1094,diego,Survey_September2023_cleaned,Survey_September2023_cleaned.xlsx,diego_1094,NA,NA,DE,DE,western_europe,18_24,female,self_employed,usable_complete,TRUE,TRUE,32,0.8493148672992055,0.6229855145554714,0.7134126071470009,1.300233280008469,0.9093852628745259,0.9463202672643757,0.6971470185073063,1.0881324616224222,0.3172171703466177
DIEGO,3952,DIEGO,EUROPE,1095,diego__diego_1095,diego,Survey_September2023_cleaned,Survey_September2023_cleaned.xlsx,diego_1095,NA,NA,NL,NL,western_europe,18_24,female,student,usable_complete,TRUE,TRUE,32,1.2306633491385826,0.9303324144296435,0.7724357697483197,0.5769397882462886,0.39001298210709057,0.9610255525121709,0.821918570381834,1.2292820785456622,0.29098072772932865
DIEGO,3953,DIEGO,EUROPE,1096,diego__diego_1096,diego,Survey_September2023_cleaned,Survey_September2023_cleaned.xlsx,diego_1096,NA,NA,DE,DE,western_europe,18_24,male,employed,usable_complete,TRUE,TRUE,32,0.9589266104772531,1.4358799048393485,0.9863957836655903,0.8207938942162695,0.851209134271655,1.2188534066455134,0.6381933674479174,0.8435999389940448,1.1474434571930068
DIEGO,3954,DIEGO,EUROPE,1097,diego__diego_1097,diego,Survey_September2023_cleaned,Survey_September2023_cleaned.xlsx,diego_1097,NA,NA,DE,DE,western_europe,25_34,male,employed,usable_complete,TRUE,TRUE,32,0.7620298096139067,0.8515781097062396,0.8373651419094985,1.1129358005252072,1.5018004820817588,0.8952209865434557,1.2327838919917098,0.9497112173374491,0.5732789902156593
DIEGO,3955,DIEGO,EUROPE,1098,diego__diego_1098,diego,Survey_September2023_cleaned,Survey_September2023_cleaned.xlsx,diego_1098,NA,NA,BE,BE,western_europe,25_34,male,employed,usable_complete,TRUE,TRUE,32,0.5027149352636666,0.8371047950127698,1.309897591225792,0.8249080622146766,1.3488446996301922,1.1037473072012274,0.8564583075355277,0.8786084160723776,0.8183340039842308
DIEGO,3956,DIEGO,EUROPE,1099,diego__diego_1099,diego,Survey_September2023_cleaned,Survey_September2023_cleaned.xlsx,diego_1099,NA,NA,DE,DE,western_europe,25_34,female,self_employed,usable_complete,TRUE,TRUE,32,0.5054476229985119,0.9445613652100326,1.0958427127368235,0.9689161488373236,0.39128855644148774,1.4203498986813767,0.9079574347892052,0.9290618137298484,1.014786908392102
DIEGO,3957,DIEGO,EUROPE,1100,diego__diego_1100,diego,Survey_September2023_cleaned,Survey_September2023_cleaned.xlsx,diego_1100,NA,NA,NL,NL,western_europe,25_34,male,employed,usable_complete,TRUE,TRUE,32,0.30663306940617174,1.2013529863621033,0.37838074824448553,0.9710310787450217,0.9367093601396195,1.1287719769975477,0.49283939445413455,1.0149358339223227,0.09917330157454347
DIEGO,3958,DIEGO,EUROPE,1101,diego__diego_1101,diego,Survey_September2023_cleaned,Survey_September2023_cleaned.xlsx,diego_1101,NA,NA,DE,DE,western_europe,25_34,female,employed,usable_complete,TRUE,TRUE,32,0.7812229524868389,1.4675180286307472,0.8688825157404818,0.7680404208959323,0.4587578776673495,1.205846230189065,0.6270055617177407,0.39356135373570034,1.6940870591233215
DIEGO,3959,DIEGO,EUROPE,1102,diego__diego_1102,diego,Survey_September2023_cleaned,Survey_September2023_cleaned.xlsx,diego_1102,NA,NA,BE,BE,western_europe,25_34,male,employed,usable_complete,TRUE,TRUE,32,1.0780165858675999,1.0695012006403015,0.9601287373266072,0.852936934812705,1.669427640839717,0.7423727847923497,0.7388659999734242,0.6955528006449542,0.5541779864362778
DIEGO,3960,DIEGO,EUROPE,1103,diego__diego_1103,diego,Survey_September2023_cleaned,Survey_September2023_cleaned.xlsx,diego_1103,NA,NA,DE,DE,western_europe,25_34,male,employed,usable_complete,TRUE,TRUE,32,0.38524334672893523,0.5776042973222908,1.130955506966849,1.3933137953835886,0.9513615871908732,0.8612362281948011,1.0715679022263005,0.567283197375883,0.5904252739083543
DIEGO,3961,DIEGO,EUROPE,1104,diego__diego_1104,diego,Survey_September2023_cleaned,Survey_September2023_cleaned.xlsx,diego_1104,NA,NA,DE,DE,western_europe,25_34,male,employed,usable_complete,TRUE,TRUE,32,0.733261975316597,1.0471913209413968,0.5778438710620069,0.6380230744012705,1.1644702910154727,0.8662374616089887,1.194663712937694,0.9288395314431502,0.711691349535301
DIEGO,3962,DIEGO,EUROPE,1105,diego__diego_1105,diego,Survey_September2023_cleaned,Survey_September2023_cleaned.xlsx,diego_1105,NA,NA,DE,DE,western_europe,18_24,other,student,usable_complete_limited_metadata,TRUE,TRUE,32,1.2767462268084442,0.6885278949559633,1.0994158018962967,0.8393893469111339,0.43580273328881236,0.7955651128750035,0.8138916247558539,0.9538950012784998,0.148923097524958
DIEGO,3963,DIEGO,EUROPE,1106,diego__diego_1106,diego,Survey_September2023_cleaned,Survey_September2023_cleaned.xlsx,diego_1106,NA,NA,NL,NL,western_europe,25_34,male,employed,usable_complete,TRUE,TRUE,32,0.4557785057623168,0.9978291411777696,0.6629073040948447,0.4907686244083745,0.6323146219431212,0.23688847770367985,0.42258380696144504,1.0268114525786165,0.4525036720214753
DIEGO,3964,DIEGO,EUROPE,1107,diego__diego_1107,diego,Survey_September2023_cleaned,Survey_September2023_cleaned.xlsx,diego_1107,NA,NA,DE,DE,western_europe,25_34,male,employed,usable_complete,TRUE,TRUE,32,0.6770083554114312,0.4645928671503801,0.8623625122175669,0.634630564809128,1.1049640681375783,0.9931448255595122,1.0242940685298312,0.6787149415901749,0.30233667101725636
DIEGO,3965,DIEGO,EUROPE,1108,diego__diego_1108,diego,Survey_September2023_cleaned,Survey_September2023_cleaned.xlsx,diego_1108,NA,NA,DE,DE,western_europe,25_34,male,employed,usable_complete,TRUE,TRUE,32,1.144949980541769,0.7867229993266099,1.1126903498126997,1.01226480178895,0.5852258649741268,1.1940992166701367,0.5576905084740011,0.9101705749623336,0.44786769630709733
DIEGO,3966,DIEGO,EUROPE,1109,diego__diego_1109,diego,Survey_September2023_cleaned,Survey_September2023_cleaned.xlsx,diego_1109,NA,NA,DE,DE,western_europe,45_54,male,employed,usable_complete,TRUE,TRUE,32,0.799653955035158,1.3629888446259673,0.6081726261501096,0.7052629108808715,0.5451895420336207,0.7119329457413728,0.7499241855368906,0.5976942636511585,0.053694162828826233
DIEGO,3967,DIEGO,EUROPE,1110,diego__diego_1110,diego,Survey_September2023_cleaned,Survey_September2023_cleaned.xlsx,diego_1110,NA,NA,BE,BE,western_europe,25_34,male,employed,usable_complete,TRUE,TRUE,32,0.5952176516014576,0.7218986090634741,0.48951709276581445,0.5543937637946837,0.8632160442498368,0.8634160933908784,0.8252514712525215,0.5312108822002054,0.6676916162413784
DIEGO,3968,DIEGO,EUROPE,1111,diego__diego_1111,diego,Survey_September2023_cleaned,Survey_September2023_cleaned.xlsx,diego_1111,NA,NA,DE,DE,western_europe,45_54,female,employed,usable_complete,TRUE,TRUE,32,0.688625540862625,0.6415055062214373,0.7196104085096052,1.1450360778526611,0.7442999530204257,0.7779636734231561,0.8068202045937254,0.7183167185932028,0.7659070692974328
DIEGO,3969,DIEGO,EUROPE,1112,diego__diego_1112,diego,Survey_September2023_cleaned,Survey_September2023_cleaned.xlsx,diego_1112,NA,NA,DE,DE,western_europe,25_34,female,self_employed,usable_complete,TRUE,TRUE,32,0.3651781762014355,0.5103416610468148,0.3883390347555421,0.9503977962985514,0.48667925292023695,0.9611043804894771,0.49763049329426856,1.554351978357909,0.3775706702004425
DIEGO,3970,DIEGO,EUROPE,1113,diego__diego_1113,diego,Survey_September2023_cleaned,Survey_September2023_cleaned.xlsx,diego_1113,NA,NA,BE,BE,western_europe,25_34,female,employed,usable_complete,TRUE,TRUE,32,0.5896677353716723,0.7422660842612476,0.686412309551954,0.8596482954742412,1.3008429635543441,0.5021027012980965,0.5194829791078897,1.3179886148593116,0.9793679782158786
DIEGO,3971,DIEGO,EUROPE,1114,diego__diego_1114,diego,Survey_September2023_cleaned,Survey_September2023_cleaned.xlsx,diego_1114,NA,NA,NL,NL,western_europe,18_24,female,self_employed,usable_complete,TRUE,TRUE,32,0.6107167647504038,0.20821094699696507,1.0586204548280915,1.2349442883549149,1.5820875247245068,0.9756427374890786,0.6985979048851073,1.4578306349634438,0.8482304945997886
DIEGO,3972,DIEGO,EUROPE,1115,diego__diego_1115,diego,Survey_September2023_cleaned,Survey_September2023_cleaned.xlsx,diego_1115,NA,NA,DE,DE,western_europe,45_54,other,retired,usable_complete_limited_metadata,TRUE,TRUE,32,1.6800711417237184,1.1146636875742426,1.005303108118236,1.1613493714075978,1.088819494807152,0.5306209026951647,0.8118551059216378,1.5496060361612318,1.2614263716029919
DIEGO,3973,DIEGO,EUROPE,1116,diego__diego_1116,diego,Survey_September2023_cleaned,Survey_September2023_cleaned.xlsx,diego_1116,NA,NA,NL,NL,western_europe,18_24,male,student,usable_complete,TRUE,TRUE,32,0.992628822898426,0.6299633062606964,1.33329210749573,0.8414692578467609,0.8227516353281856,1.359015683416124,1.2998238802446382,1.069802368273434,0.643939090132144
DIEGO,3974,DIEGO,EUROPE,1117,diego__diego_1117,diego,Survey_September2023_cleaned,Survey_September2023_cleaned.xlsx,diego_1117,NA,NA,DE,DE,western_europe,45_54,male,employed,usable_complete,TRUE,TRUE,32,0.5303131494878841,0.6981086056719239,1.1915391070972656,1.181044232481103,0.6949485372061932,0.6214935699620605,1.3504474850652206,1.116174932143051,0.36922081315369076
DIEGO,3975,DIEGO,EUROPE,1118,diego__diego_1118,diego,Survey_September2023_cleaned,Survey_September2023_cleaned.xlsx,diego_1118,NA,NA,NL,NL,western_europe,45_54,female,other,usable_complete,TRUE,TRUE,32,0.8366186398030987,0.46300018939151205,0.644080257301894,1.1778975942258614,1.7698798598243768,1.1902596230615277,0.7944214971062069,1.0668541466053967,1.2375072255397344
DIEGO,3976,DIEGO,EUROPE,1119,diego__diego_1119,diego,Survey_September2023_cleaned,Survey_September2023_cleaned.xlsx,diego_1119,NA,NA,NL,NL,western_europe,25_34,male,employed,usable_complete,TRUE,TRUE,32,1.091021700878619,0.9170812386639484,0.6395451963128383,0.7786984451436316,0.9533788762065887,1.1027344499436535,1.071711213254196,1.2445458824327804,0.6643680111774084
DIEGO,3977,DIEGO,EUROPE,1120,diego__diego_1120,diego,Survey_September2023_cleaned,Survey_September2023_cleaned.xlsx,diego_1120,NA,NA,DE,DE,western_europe,45_54,female,employed,usable_complete,TRUE,TRUE,32,1.102918073322976,0.6323148215295729,0.9933291445833232,0.4939523821901033,0.5968937686903113,1.2379821431151907,0.7776184820400756,1.1367040877172279,1.2911052904982208
DIEGO,3978,DIEGO,EUROPE,1121,diego__diego_1121,diego,Survey_September2023_cleaned,Survey_September2023_cleaned.xlsx,diego_1121,NA,NA,NL,NL,western_europe,18_24,male,student,usable_complete,TRUE,TRUE,32,0.6964790279959734,0.8158155984728159,0.7085819206548727,0.6510312164102657,0.6269333582704503,0.7529228763258283,0.6949923140464593,0.3231793150857913,1.0107611151680662
DIEGO,3979,DIEGO,EUROPE,1122,diego__diego_1122,diego,Survey_September2023_cleaned,Survey_September2023_cleaned.xlsx,diego_1122,NA,NA,BE,BE,western_europe,25_34,male,employed,usable_complete,TRUE,TRUE,32,1.163377711731607,0.6458152657604017,0.7134649533590892,1.3593766233540805,0.7352223046840693,0.4926870292961413,0.8344333407580843,0.6587427805492395,1.227832904458417
DIEGO,3980,DIEGO,EUROPE,1123,diego__diego_1123,diego,Survey_September2023_cleaned,Survey_September2023_cleaned.xlsx,diego_1123,NA,NA,DE,DE,western_europe,25_34,male,employed,usable_complete,TRUE,TRUE,32,1.0860186729129264,0.7402230280431452,0.8557729087385326,1.175260457621693,0.280818248481809,1.017921337097689,0.7100071045423327,0.6883911933685053,1.1634140102035788
DIEGO,3981,DIEGO,EUROPE,1124,diego__diego_1124,diego,Survey_September2023_cleaned,Survey_September2023_cleaned.xlsx,diego_1124,NA,NA,DE,DE,western_europe,25_34,male,employed,usable_complete,TRUE,TRUE,32,0.9060993348221387,0.7588708063414152,0.7825264793386975,1.1794780399561886,0.20671214154138928,1.1315495312257204,0.7304750583597935,0.8257836752582491,0.9413503065819805
DIEGO,3982,DIEGO,EUROPE,1125,diego__diego_1125,diego,Survey_September2023_cleaned,Survey_September2023_cleaned.xlsx,diego_1125,NA,NA,DE,DE,western_europe,25_34,male,employed,usable_complete,TRUE,TRUE,32,0.558961099469856,0.5752134490828852,0.5391493693931783,1.2429763580958986,0.547206837171466,1.230458221107071,0.7466484120475606,0.47511289493560893,0.9384339206159167
DIEGO,3983,DIEGO,EUROPE,1126,diego__diego_1126,diego,Survey_September2023_cleaned,Survey_September2023_cleaned.xlsx,diego_1126,NA,NA,DE,DE,western_europe,25_34,female,self_employed,usable_complete,TRUE,TRUE,32,1.1921603408362533,0.8982796603886123,0.99209886348854,0.6779782956616541,0.7723465488992188,0.9390447269914877,0.6722771903763353,0.7061941221590455,0.7931154439716361
DIEGO,3984,DIEGO,EUROPE,1127,diego__diego_1127,diego,Survey_September2023_cleaned,Survey_September2023_cleaned.xlsx,diego_1127,NA,NA,NL,NL,western_europe,45_54,male,employed,usable_complete,TRUE,TRUE,32,0.9084031385676326,0.7895610629099136,0.758444745041228,1.0022922736013875,0.652318589482278,0.6043346244230975,0.7907555139708401,0.5366624726279497,1.4161502799054304
DIEGO,3985,DIEGO,EUROPE,1128,diego__diego_1128,diego,Survey_September2023_cleaned,Survey_September2023_cleaned.xlsx,diego_1128,NA,NA,DE,DE,western_europe,25_34,male,employed,usable_complete,TRUE,TRUE,32,1.2122536393343957,1.0785712362445619,0.6248307814115004,0.571549475973764,0.8945178603171213,1.1658991950426962,1.4125375137240983,0.5591524685682684,1.1781593654784988
DIEGO,3986,DIEGO,EUROPE,1129,diego__diego_1129,diego,Survey_September2023_cleaned,Survey_September2023_cleaned.xlsx,diego_1129,NA,NA,DE,DE,western_europe,45_54,female,self_employed,usable_complete,TRUE,TRUE,32,0.7293791897540126,0.4295134844858872,0.7044423140711046,0.7271528272922708,0.884041856942763,0.9680917586162802,1.0394515155438682,1.3348558409470879,0.5617866100390466
DIEGO,3987,DIEGO,EUROPE,1130,diego__diego_1130,diego,Survey_September2023_cleaned,Survey_September2023_cleaned.xlsx,diego_1130,NA,NA,BE,BE,western_europe,25_34,male,employed,usable_complete,TRUE,TRUE,32,0.8648203545082496,0.6713182332937002,0.9190555921958385,1.185565609532475,0.4572498891671367,0.5710880021597559,0.623897855328406,0.8993256689323251,0.5736898790438577
DIEGO,3988,DIEGO,EUROPE,1131,diego__diego_1131,diego,Survey_September2023_cleaned,Survey_September2023_cleaned.xlsx,diego_1131,NA,NA,DE,DE,western_europe,18_24,male,student,usable_complete,TRUE,TRUE,32,0.6101109443395689,1.0015085542793716,0.4097670285227508,1.0358087866555952,1.5425991184144263,0.9722605643624976,0.8228589999854599,0.8886669263641442,1.4144902231914043
DIEGO,3989,DIEGO,EUROPE,1132,diego__diego_1132,diego,Survey_September2023_cleaned,Survey_September2023_cleaned.xlsx,diego_1132,NA,NA,NL,NL,western_europe,45_54,female,employed,usable_complete,TRUE,TRUE,32,0.9632468531421061,1.3364155005852656,0.8115819683840948,1.0592341815071518,0.8404099981468731,0.6501000946970514,1.2804898143694186,1.2364635567598732,0.746834727933967
DIEGO,3990,DIEGO,EUROPE,1133,diego__diego_1133,diego,Survey_September2023_cleaned,Survey_September2023_cleaned.xlsx,diego_1133,NA,NA,NL,NL,western_europe,25_34,female,employed,usable_complete,TRUE,TRUE,32,0.8137172204216157,0.6431401688600923,1.0793726966171309,1.2347307896061437,0.3337888401356477,0.524955980167174,0.6934405631209803,1.2970699568840613,0.9214974190196616
DIEGO,3991,DIEGO,EUROPE,1134,diego__diego_1134,diego,Survey_September2023_cleaned,Survey_September2023_cleaned.xlsx,diego_1134,NA,NA,NL,NL,western_europe,25_34,male,employed,usable_complete,TRUE,TRUE,32,0.5951467697530277,0.8103660149309317,0.7828246329825285,0.7838135494583369,1.0465539914158564,0.7100190766124631,0.5624922084047228,1.3244974634727222,1.1598187242945202
DIEGO,3992,DIEGO,EUROPE,1135,diego__diego_1135,diego,Survey_September2023_cleaned,Survey_September2023_cleaned.xlsx,diego_1135,NA,NA,DE,DE,western_europe,18_24,female,student,usable_complete,TRUE,TRUE,32,1.0350873770208684,1.0006754848637671,1.019585128957778,1.1288111687906701,1.5331363897377641,0.5619790957807743,1.0607582873834545,0.9912151435145259,1.4581386564155179
DIEGO,3993,DIEGO,EUROPE,1136,diego__diego_1136,diego,Survey_September2023_cleaned,Survey_September2023_cleaned.xlsx,diego_1136,NA,NA,BE,BE,western_europe,25_34,male,employed,usable_complete,TRUE,TRUE,32,0.8632730932309827,0.7780830825109017,0.8743825150662179,1.2415063898469165,1.687515309389076,0.7158239101635137,0.8465340189289767,0.39222426557077955,0.8934443617611334
DIEGO,3994,DIEGO,EUROPE,1137,diego__diego_1137,diego,Survey_September2023_cleaned,Survey_September2023_cleaned.xlsx,diego_1137,NA,NA,DE,DE,western_europe,25_34,male,employed,usable_complete,TRUE,TRUE,32,0.7124419107884645,0.7759638741611143,0.5674282181810296,0.826105887361639,1.22215406531962,0.7891909522516094,0.9473049436631749,0.8823002768142242,1.24413072522817
DIEGO,3995,DIEGO,EUROPE,1138,diego__diego_1138,diego,Survey_September2023_cleaned,Survey_September2023_cleaned.xlsx,diego_1138,NA,NA,DE,DE,western_europe,18_24,female,student,usable_complete,TRUE,TRUE,32,0.5097066500297697,0.5711766364611188,0.7831951901505414,0.797705372095654,1.4344965542918457,0.5918139990849787,0.8427362862294053,1.2472282928524996,0.8897197892935376
DIEGO,3996,DIEGO,EUROPE,1139,diego__diego_1139,diego,Survey_September2023_cleaned,Survey_September2023_cleaned.xlsx,diego_1139,NA,NA,BE,BE,western_europe,18_24,female,employed,usable_complete,TRUE,TRUE,32,0.6716976638340825,0.6507389893963081,1.0797293988361096,1.0891223081598085,0.9423578752192727,1.0877312864582993,0.8324317126417196,0.7702780857247947,0.25212329995519567
DIEGO,3997,DIEGO,EUROPE,1140,diego__diego_1140,diego,Survey_September2023_cleaned,Survey_September2023_cleaned.xlsx,diego_1140,NA,NA,DE,DE,western_europe,45_54,male,employed,usable_complete,TRUE,TRUE,32,0.3210212076804788,1.2500613106852028,1.189144779209562,1.249029970822743,0.032112107933827516,0.8287707199988833,1.2124149095178363,1.1151425692688042,0.572617061837031
DIEGO,3998,DIEGO,EUROPE,1141,diego__diego_1141,diego,Survey_September2023_cleaned,Survey_September2023_cleaned.xlsx,diego_1141,NA,NA,BE,BE,western_europe,25_34,male,employed,usable_complete,TRUE,TRUE,32,0.7660396399933905,1.0753835648797236,0.6926965733929644,0.8167566640056109,1.41010464541026,0.7811555658051876,0.8367710909321169,1.43997998070585,0.8058643025654927
DIEGO,3999,DIEGO,EUROPE,1142,diego__diego_1142,diego,Survey_September2023_cleaned,Survey_September2023_cleaned.xlsx,diego_1142,NA,NA,DE,DE,western_europe,18_24,other,employed,usable_complete_limited_metadata,TRUE,TRUE,32,0.7206913290249499,0.7599623960900381,0.986707572601142,0.887499803200322,1.5158554950806735,0.4986909863065393,0.5409918666641003,0.7900137089274905,1.593630874220698
DIEGO,4000,DIEGO,EUROPE,1143,diego__diego_1143,diego,Survey_September2023_cleaned,Survey_September2023_cleaned.xlsx,diego_1143,NA,NA,DE,DE,western_europe,25_34,female,employed,usable_complete,TRUE,TRUE,32,0.5704267177224063,1.0166943600626899,0.2889215162100631,0.7826240955320407,0.8388518697676707,1.3809967303637223,0.4943127419369425,0.7941445211484943,0.31263263047749296
DIEGO,4001,DIEGO,EUROPE,1144,diego__diego_1144,diego,Survey_September2023_cleaned,Survey_September2023_cleaned.xlsx,diego_1144,NA,NA,DE,DE,western_europe,25_34,male,unemployed,usable_complete,TRUE,TRUE,32,0.49472513763944514,0.69278965795939,0.9705259114947988,0.8736879080910104,1.1487205937237923,0.4740059612462262,0.4876301487006628,0.9322454058406614,1.3899581504629028
DIEGO,4002,DIEGO,EUROPE,1145,diego__diego_1145,diego,Survey_September2023_cleaned,Survey_September2023_cleaned.xlsx,diego_1145,NA,NA,NL,NL,western_europe,25_34,male,employed,usable_complete,TRUE,TRUE,32,0.7565973903694848,0.691634828128314,0.7027153624829923,0.6863121258921963,1.077137692851751,1.1553457107176182,0.9437236759131427,0.6552593733432852,0.8141614826684185
DIEGO,4003,DIEGO,EUROPE,1146,diego__diego_1146,diego,Survey_September2023_cleaned,Survey_September2023_cleaned.xlsx,diego_1146,NA,NA,NL,NL,western_europe,25_34,female,employed,usable_complete,TRUE,TRUE,32,1.1728661874734048,0.6531119024000093,0.7870666787691707,1.727358080364695,0.4483537003467065,1.0051361452453482,1.2640300959786146,1.487565513895735,0.1407023041615429
DIEGO,4004,DIEGO,EUROPE,1147,diego__diego_1147,diego,Survey_September2023_cleaned,Survey_September2023_cleaned.xlsx,diego_1147,NA,NA,DE,DE,western_europe,25_34,male,student,usable_complete,TRUE,TRUE,32,0.45237638592335,0.9618189553611356,0.6897272738773629,1.1270703397546475,0.47434072703405894,0.7204909279524134,0.532373071649043,0.7122258643015321,0.721062528234494
DIEGO,4005,DIEGO,EUROPE,1148,diego__diego_1148,diego,Survey_September2023_cleaned,Survey_September2023_cleaned.xlsx,diego_1148,NA,NA,DE,DE,western_europe,25_34,male,unemployed,usable_complete,TRUE,TRUE,32,0.5977644268239152,0.90543758712777,0.6931900043962167,1.1724427041234595,1.2551774772399922,0.6392193280589442,1.2783896003099204,0.7629088354328687,1.2459817591639717
DIEGO,4006,DIEGO,EUROPE,1149,diego__diego_1149,diego,Survey_September2023_cleaned,Survey_September2023_cleaned.xlsx,diego_1149,NA,NA,DE,DE,western_europe,18_24,female,student,usable_complete,TRUE,TRUE,32,0.8524327060448336,0.7013339226639509,0.9461799209010456,1.0341407401352811,0.41306552618797576,1.2292118404459054,0.8096474595728733,0.25663466386627176,1.1257189595706258
DIEGO,4007,DIEGO,EUROPE,1150,diego__diego_1150,diego,Survey_September2023_cleaned,Survey_September2023_cleaned.xlsx,diego_1150,NA,NA,DE,DE,western_europe,25_34,male,employed,usable_complete,TRUE,TRUE,32,0.22686605958231362,0.7510558403398373,1.3044192452232402,1.065847036791549,1.1374958771294015,0.7722977957979054,0.5602657974062598,1.1448745558818034,0.13561099570286514
DIEGO,4008,DIEGO,EUROPE,1151,diego__diego_1151,diego,Survey_September2023_cleaned,Survey_September2023_cleaned.xlsx,diego_1151,NA,NA,BE,BE,western_europe,25_34,female,employed,usable_complete,TRUE,TRUE,32,0.42884332287141264,0.9943679583403195,0.631610640419451,0.9403491388397347,0.7136635154224006,0.8498948302419576,0.7714040677833331,0.7835386715321091,0.49540400216439284
DIEGO,4009,DIEGO,EUROPE,1152,diego__diego_1152,diego,Survey_September2023_cleaned,Survey_September2023_cleaned.xlsx,diego_1152,NA,NA,DE,DE,western_europe,25_34,male,employed,usable_complete,TRUE,TRUE,32,1.254572754394601,0.7588451567954655,0.9147044139336948,0.7397139101635467,0.28089626572955684,1.3746221419713924,0.6945269038185385,0.9493293817716381,0.8327648240963411
DIEGO,4010,DIEGO,EUROPE,1153,diego__diego_1153,diego,Survey_September2023_cleaned,Survey_September2023_cleaned.xlsx,diego_1153,NA,NA,NL,NL,western_europe,18_24,female,student,usable_complete,TRUE,TRUE,32,1.016319470937641,1.0082797606682514,0.6663497627884349,0.6747029007558547,1.0487261193817736,0.6449304168668346,0.8390970101437645,0.8241830963968622,0.738271597409764
DIEGO,4011,DIEGO,EUROPE,1154,diego__diego_1154,diego,Survey_September2023_cleaned,Survey_September2023_cleaned.xlsx,diego_1154,NA,NA,NL,NL,western_europe,18_24,female,unemployed,usable_complete,TRUE,TRUE,32,0.629076309385615,0.525644104483192,0.4529431655738545,1.0289537869043648,0.47003325212721275,1.2786401154228817,0.6765144736206545,0.7015478361195479,0.6543041163095967
DIEGO,4012,DIEGO,EUROPE,1155,diego__diego_1155,diego,Survey_September2023_cleaned,Survey_September2023_cleaned.xlsx,diego_1155,NA,NA,DE,DE,western_europe,25_34,female,employed,usable_complete,TRUE,TRUE,32,0.6637168916080858,1.3613292021697352,0.7593046076659518,1.2471730283822209,0.5496356750702286,1.1444454779083086,0.9978367085113184,1.2061538608713174,0.9874026198677792
DIEGO,4013,DIEGO,EUROPE,1156,diego__diego_1156,diego,Survey_September2023_cleaned,Survey_September2023_cleaned.xlsx,diego_1156,NA,NA,DE,DE,western_europe,25_34,male,employed,usable_complete,TRUE,TRUE,32,0.33751868607888,1.2259983947468127,0.7638736890993783,1.3415067113263313,0.5119827725993461,1.1647176999210007,1.147005782694535,1.9735629313758658,1.0823130192601773
DIEGO,4014,DIEGO,EUROPE,1157,diego__diego_1157,diego,Survey_September2023_cleaned,Survey_September2023_cleaned.xlsx,diego_1157,NA,NA,NL,NL,western_europe,18_24,male,student,usable_complete,TRUE,TRUE,32,1.0665895502856921,0.6712092742622797,0.8064615683754848,0.8098508113709281,0.8926913497459714,0.24984553989802807,0.5211077208124675,0.9331290407662829,0.6401087678786217
DIEGO,4015,DIEGO,EUROPE,1158,diego__diego_1158,diego,Survey_September2023_cleaned,Survey_September2023_cleaned.xlsx,diego_1158,NA,NA,DE,DE,western_europe,25_34,male,student,usable_complete,TRUE,TRUE,32,0.6600691032346376,0.841776177422303,0.5815215619407887,0.8951370619771469,0.3883792039194961,0.6070697557248637,1.0963973625746015,0.9275425234227835,0.8325405705665725
DIEGO,4016,DIEGO,EUROPE,1159,diego__diego_1159,diego,Survey_September2023_cleaned,Survey_September2023_cleaned.xlsx,diego_1159,NA,NA,DE,DE,western_europe,45_54,female,self_employed,usable_complete,TRUE,TRUE,32,1.3227812502741005,0.9213995137663085,0.9733379793282575,0.7296552932893675,1.0454980745632731,1.3722466396264308,0.4598192112494332,0.4270928985277433,0.5528672721601537
DIEGO,4017,DIEGO,EUROPE,1160,diego__diego_1160,diego,Survey_September2023_cleaned,Survey_September2023_cleaned.xlsx,diego_1160,NA,NA,DE,DE,western_europe,25_34,male,employed,usable_complete,TRUE,TRUE,32,0.352387786656236,1.2532108177741657,0.9117203748291397,0.978783624883615,1.087075735361554,0.7745175657836408,1.013002529439805,0.9361945906269113,0.4934125472800595
DIEGO,4018,DIEGO,EUROPE,1161,diego__diego_1161,diego,Survey_September2023_cleaned,Survey_September2023_cleaned.xlsx,diego_1161,NA,NA,NL,NL,western_europe,18_24,male,employed,usable_complete,TRUE,TRUE,32,0.5710829058839688,0.9048439049846857,0.5585535034068191,1.3305158054168464,0.7150600815994077,0.7154224727152539,0.7991601342965312,0.6573225915945227,0.8767118243210807
DIEGO,4019,DIEGO,EUROPE,1162,diego__diego_1162,diego,Survey_September2023_cleaned,Survey_September2023_cleaned.xlsx,diego_1162,NA,NA,DE,DE,western_europe,25_34,female,employed,usable_complete,TRUE,TRUE,32,0.5384237993532509,0.9760190595056729,0.7333448478308572,1.239620588054338,0.2744815470288988,0.6186608794398434,1.1876144876974748,0.784792749075702,0.8777069956629913
DIEGO,4020,DIEGO,EUROPE,1163,diego__diego_1163,diego,Survey_September2023_cleaned,Survey_September2023_cleaned.xlsx,diego_1163,NA,NA,NL,NL,western_europe,65_plus,female,employed,usable_complete,TRUE,TRUE,32,0.508635049149037,0.8821235836217403,0.7472727247784795,0.7179552432099084,0.5302072198417014,0.7355328735525365,1.2028369995065478,1.1246127620677928,1.061442934996961
DIEGO,4021,DIEGO,EUROPE,1164,diego__diego_1164,diego,Survey_September2023_cleaned,Survey_September2023_cleaned.xlsx,diego_1164,NA,NA,BE,BE,western_europe,25_34,female,employed,usable_complete,TRUE,TRUE,32,0.9429895140986241,0.9660591027256611,0.9468931701310371,0.7736115808898149,0.9765942315529517,0.97578600459078,0.5961530933978672,1.3973371027714772,0.9537214394533156
DIEGO,4022,DIEGO,EUROPE,1165,diego__diego_1165,diego,Survey_September2023_cleaned,Survey_September2023_cleaned.xlsx,diego_1165,NA,NA,DE,DE,western_europe,25_34,female,employed,usable_complete,TRUE,TRUE,32,0.8126106921124677,1.2874133069336766,0.8700269791334412,0.7165705122793818,1.2119551545530056,1.1081060709623178,0.7653466802344588,0.6305996602890711,0.15389214861179057
DIEGO,4023,DIEGO,EUROPE,1166,diego__diego_1166,diego,Survey_September2023_cleaned,Survey_September2023_cleaned.xlsx,diego_1166,NA,NA,NL,NL,western_europe,25_34,male,employed,usable_complete,TRUE,TRUE,32,0.7779852446089652,0.6812255967865599,1.05357714889314,0.10413001950538514,1.0675932991743518,1.3515638975328117,1.4712782063845824,0.8857034609319715,0.086216699914328
DIEGO,4024,DIEGO,EUROPE,1167,diego__diego_1167,diego,Survey_September2023_cleaned,Survey_September2023_cleaned.xlsx,diego_1167,NA,NA,DE,DE,western_europe,25_34,male,employed,usable_complete,TRUE,TRUE,32,0.7966362248499946,0.9139293192443576,0.9490524131821205,0.9511294219616481,1.5252965550229824,0.5283933787965589,0.5033261025956727,0.49315948739787324,1.2919967890642572
DIEGO,4025,DIEGO,EUROPE,1168,diego__diego_1168,diego,Survey_September2023_cleaned,Survey_September2023_cleaned.xlsx,diego_1168,NA,NA,NL,NL,western_europe,25_34,female,employed,usable_complete,TRUE,TRUE,32,0.7996043969863633,1.3354212727120527,0.9132871180637736,1.421484357519657,1.05760530014034,1.011247599891711,1.1794749866485628,1.1506630404701843,1.4172854261725334
DIEGO,4026,DIEGO,EUROPE,1169,diego__diego_1169,diego,Survey_September2023_cleaned,Survey_September2023_cleaned.xlsx,diego_1169,NA,NA,DE,DE,western_europe,25_34,male,employed,usable_complete,TRUE,TRUE,32,1.2599216533763617,1.2140446984240787,1.1875592098840233,0.9740951712995466,0.1622635047803376,0.8936846175431393,1.16409826926184,1.4250639042521192,0.9005643071203363
DIEGO,4027,DIEGO,EUROPE,1170,diego__diego_1170,diego,Survey_September2023_cleaned,Survey_September2023_cleaned.xlsx,diego_1170,NA,NA,DE,DE,western_europe,18_24,male,student,usable_complete,TRUE,TRUE,32,0.5670484843527559,0.965307347165367,0.9932308544977906,0.9731358786693048,1.4403971762657988,0.7604376075932844,1.1326863413288213,1.6438052019434057,0.5856890398962831
DIEGO,4028,DIEGO,EUROPE,1171,diego__diego_1171,diego,Survey_September2023_cleaned,Survey_September2023_cleaned.xlsx,diego_1171,NA,NA,DE,DE,western_europe,25_34,male,employed,usable_complete,TRUE,TRUE,32,1.3596657741274245,0.746043812347017,1.2051222284537826,0.9038970301064286,0.2718179361885722,0.6881899624945063,0.7050142988563786,0.6751441108826497,0.7873235927833978
DIEGO,4029,DIEGO,EUROPE,1172,diego__diego_1172,diego,Survey_September2023_cleaned,Survey_September2023_cleaned.xlsx,diego_1172,NA,NA,NL,NL,western_europe,25_34,male,self_employed,usable_complete,TRUE,TRUE,32,0.8845181717831274,0.8619178108524372,0.556616073973468,1.4329319258043485,1.3891092531186238,0.7096024273208796,0.9238160150159492,0.6037977862440344,1.3240210207623333
DIEGO,4030,DIEGO,EUROPE,1173,diego__diego_1173,diego,Survey_September2023_cleaned,Survey_September2023_cleaned.xlsx,diego_1173,NA,NA,DE,DE,western_europe,25_34,female,employed,usable_complete,TRUE,TRUE,32,1.1029409713626976,0.6086866655712391,1.0557942571560646,0.46783355522014175,1.0601346044084257,0.6225101775230041,0.6795214111504282,1.1420200758032897,1.046927711060903
DIEGO,4031,DIEGO,EUROPE,1174,diego__diego_1174,diego,Survey_September2023_cleaned,Survey_September2023_cleaned.xlsx,diego_1174,NA,NA,DE,DE,western_europe,25_34,male,unemployed,usable_complete,TRUE,TRUE,32,0.5840540346964485,0.7481491768192463,1.083577443515776,1.2252971027312882,1.121631741371309,0.8120953903680648,0.9111851013408787,0.9475249058761525,1.1121187029196882
DIEGO,4032,DIEGO,EUROPE,1175,diego__diego_1175,diego,Survey_September2023_cleaned,Survey_September2023_cleaned.xlsx,diego_1175,NA,NA,DE,DE,western_europe,18_24,female,student,usable_complete,TRUE,TRUE,32,0.5328727369406139,1.2013249974909965,0.5757519501035812,0.7492149737856927,1.650393334153039,0.458678272633367,0.9456223903609395,0.6174493242160263,1.02937678893374
DIEGO,4033,DIEGO,EUROPE,1176,diego__diego_1176,diego,Survey_September2023_cleaned,Survey_September2023_cleaned.xlsx,diego_1176,NA,NA,DE,DE,western_europe,25_34,male,employed,usable_complete,TRUE,TRUE,32,0.7527012384701806,0.6792228386331389,0.5720493948557193,0.4174114614753126,0.22031138634995018,1.3130183854312147,0.9844837771400765,0.5686138057172306,0.5985936045894167
DIEGO,4034,DIEGO,EUROPE,1177,diego__diego_1177,diego,Survey_September2023_cleaned,Survey_September2023_cleaned.xlsx,diego_1177,NA,NA,DE,DE,western_europe,25_34,female,employed,usable_complete,TRUE,TRUE,32,0.9971759720279945,0.7456391622958257,1.1644848592288475,0.751380136029954,0.7356929412265962,1.314098342567961,0.568967714477248,0.6644476384703732,0.8997725325724463
DIEGO,4035,DIEGO,EUROPE,1178,diego__diego_1178,diego,Survey_September2023_cleaned,Survey_September2023_cleaned.xlsx,diego_1178,NA,NA,NL,NL,western_europe,25_34,male,employed,usable_complete,TRUE,TRUE,32,0.7552263687567856,0.5217129138373366,1.056982255670015,0.5482544455650001,1.08838699606031,1.3121382207618013,0.6043412834485437,0.7373838787761758,0.8934501132969317
DIEGO,4036,DIEGO,EUROPE,1179,diego__diego_1179,diego,Survey_September2023_cleaned,Survey_September2023_cleaned.xlsx,diego_1179,NA,NA,NL,NL,western_europe,18_24,female,employed,usable_complete,TRUE,TRUE,32,0.905437696625352,0.8849659305737434,0.6837493527597587,0.7576633003423412,0.5334876843012382,1.2555796851399255,0.8747923093960445,0.5444654011389357,0.5883812287493706
DIEGO,4037,DIEGO,EUROPE,1180,diego__diego_1180,diego,Survey_September2023_cleaned,Survey_September2023_cleaned.xlsx,diego_1180,NA,NA,DE,DE,western_europe,25_34,female,student,usable_complete,TRUE,TRUE,32,0.727808027675182,0.7299039489517395,0.5314198907470438,0.8020624785638805,1.3366777284951508,0.568911597866515,0.9882095989409801,0.8485134228340515,1.4458182262963348
DIEGO,4038,DIEGO,EUROPE,1181,diego__diego_1181,diego,Survey_September2023_cleaned,Survey_September2023_cleaned.xlsx,diego_1181,NA,NA,BE,BE,western_europe,18_24,female,employed,usable_complete,TRUE,TRUE,32,0.7008782710461037,0.9499137711016221,0.8093572505071938,1.5673160376242077,0.35918128311876457,0.9196303711484958,1.2362320236828097,1.3799760954589753,1.5510887847086545
DIEGO,4039,DIEGO,EUROPE,1182,diego__diego_1182,diego,Survey_September2023_cleaned,Survey_September2023_cleaned.xlsx,diego_1182,NA,NA,NL,NL,western_europe,65_plus,male,retired,usable_complete,TRUE,TRUE,32,0.943589874794416,0.7171438604193118,0.739083204378324,1.4098446865310539,0.9726540129856597,0.8984431564474709,1.236582559892629,0.5001286902487824,1.9982783256537786
DIEGO,4040,DIEGO,EUROPE,1183,diego__diego_1183,diego,Survey_September2023_cleaned,Survey_September2023_cleaned.xlsx,diego_1183,NA,NA,DE,DE,western_europe,18_24,male,employed,usable_complete,TRUE,TRUE,32,1.01687830603561,1.0732606804447693,0.5147104407576588,0.6013795479167652,0.5525461032299586,0.4310584845639915,0.6599807609560782,1.35394143941921,0.7307959813391989
DIEGO,4041,DIEGO,EUROPE,1184,diego__diego_1184,diego,Survey_September2023_cleaned,Survey_September2023_cleaned.xlsx,diego_1184,NA,NA,DE,DE,western_europe,45_54,female,employed,usable_complete,TRUE,TRUE,32,0.30850455407186694,0.37869460260977383,0.5191912874559598,1.0908894706113716,0.7249506059749425,0.5202825914249158,1.108109393147593,0.8787150128044866,0.5095142095513924
DIEGO,4042,DIEGO,EUROPE,1185,diego__diego_1185,diego,Survey_September2023_cleaned,Survey_September2023_cleaned.xlsx,diego_1185,NA,NA,DE,DE,western_europe,18_24,male,student,usable_complete,TRUE,TRUE,32,0.6643801486291662,0.6004754568744222,0.4155389658264334,0.5554405094555593,1.2906407765079968,0.8542027139357611,0.8753874270324321,1.0422947802358469,0.5299113213979187
DIEGO,4043,DIEGO,EUROPE,1186,diego__diego_1186,diego,Survey_September2023_cleaned,Survey_September2023_cleaned.xlsx,diego_1186,NA,NA,DE,DE,western_europe,25_34,male,employed,usable_complete,TRUE,TRUE,32,0.5318194056617489,0.5788680053121729,0.7074557386023915,0.41918185936741176,1.602050951966865,0.7862851640063724,1.0662004939692125,0.8912212716220781,0.47823572872209413
DIEGO,4044,DIEGO,EUROPE,1187,diego__diego_1187,diego,Survey_September2023_cleaned,Survey_September2023_cleaned.xlsx,diego_1187,NA,NA,NL,NL,western_europe,18_24,male,student,usable_complete,TRUE,TRUE,32,0.6294950058091459,1.4321665331530637,0.9436221300538188,1.024836687852069,0.8214237678866958,1.0269298991514992,0.7992249806205077,0.8662350658712094,0.8606112755842558
DIEGO,4045,DIEGO,EUROPE,1188,diego__diego_1188,diego,Survey_September2023_cleaned,Survey_September2023_cleaned.xlsx,diego_1188,NA,NA,DE,DE,western_europe,25_34,male,employed,usable_complete,TRUE,TRUE,32,1.2028458098739203,0.4826661761350666,0.9832422473073784,1.17593892406991,1.3877986716392063,0.425817781645926,0.9523257907093174,1.0121936266076397,0.8373683346456726
DIEGO,4046,DIEGO,EUROPE,1189,diego__diego_1189,diego,Survey_September2023_cleaned,Survey_September2023_cleaned.xlsx,diego_1189,NA,NA,DE,DE,western_europe,25_34,male,employed,usable_complete,TRUE,TRUE,32,0.99876453241373,0.27289873888244265,1.036842371645614,1.3260412537390482,0.20546649326378924,0.35166217136150857,1.0152269773115485,0.6964554055069773,0.8128758532669608
DIEGO,4047,DIEGO,EUROPE,1190,diego__diego_1190,diego,Survey_September2023_cleaned,Survey_September2023_cleaned.xlsx,diego_1190,NA,NA,DE,DE,western_europe,25_34,other,employed,usable_complete_limited_metadata,TRUE,TRUE,32,0.5920436618312751,0.5940181348012427,1.4522038018805485,1.273278749516817,1.5542707848090012,0.8371653880128462,0.39497571284280913,1.1078709689273507,1.570906380514761
DIEGO,4048,DIEGO,EUROPE,1191,diego__diego_1191,diego,Survey_September2023_cleaned,Survey_September2023_cleaned.xlsx,diego_1191,NA,NA,DE,DE,western_europe,25_34,female,student,usable_complete,TRUE,TRUE,32,0.8900979460304,0.4481879551766773,0.5986219108864989,1.1143232543319523,0.7600136880219428,0.6961023609461621,1.2582716199696529,0.4456590529021542,1.2401154739578617
DIEGO,4049,DIEGO,EUROPE,1192,diego__diego_1192,diego,Survey_September2023_cleaned,Survey_September2023_cleaned.xlsx,diego_1192,NA,NA,DE,DE,western_europe,25_34,male,employed,usable_complete,TRUE,TRUE,32,0.8558988053023492,1.052490584900132,0.9710175137802552,0.9294954576654563,0.21042242784583515,0.8870788364702468,0.750898820024759,0.4601112309106714,1.2473883487322035
DIEGO,4050,DIEGO,EUROPE,1193,diego__diego_1193,diego,Survey_September2023_cleaned,Survey_September2023_cleaned.xlsx,diego_1193,NA,NA,NL,NL,western_europe,25_34,male,employed,usable_complete,TRUE,TRUE,32,0.7513223539467796,1.3132131153121394,0.9061654059737222,0.8707211375931969,0.3528861654439705,0.1645781734148138,0.36993110985422417,0.6558794598053593,0.6794190810680858
DIEGO,4051,DIEGO,EUROPE,1194,diego__diego_1194,diego,Survey_September2023_cleaned,Survey_September2023_cleaned.xlsx,diego_1194,NA,NA,DE,DE,western_europe,25_34,male,employed,usable_complete,TRUE,TRUE,32,0.34845853820687256,0.9314374285670023,0.7336699369123283,0.3624409350536231,0.9280385564946697,0.6592023467793335,0.6180213897331116,0.8453946328505908,0.3114047334899753
DIEGO,4052,DIEGO,EUROPE,1195,diego__diego_1195,diego,Survey_September2023_cleaned,Survey_September2023_cleaned.xlsx,diego_1195,NA,NA,DE,DE,western_europe,25_34,male,employed,usable_complete,TRUE,TRUE,32,0.9203560644216731,1.0956573343554448,0.780450927976254,0.8777958046574588,0.7849466213174026,0.585416940557522,0.6322217231941252,0.6108036011306396,1.09731834567522
DIEGO,4053,DIEGO,EUROPE,1196,diego__diego_1196,diego,Survey_September2023_cleaned,Survey_September2023_cleaned.xlsx,diego_1196,NA,NA,DE,DE,western_europe,25_34,male,employed,usable_complete,TRUE,TRUE,32,0.9794501397906761,0.7680140912901996,0.9614110415964566,1.0267737069822465,1.136740755303646,1.0863534105615404,0.9053910283095412,0.5672106512926874,0.7271536985228026
DIEGO,4054,DIEGO,EUROPE,1197,diego__diego_1197,diego,Survey_September2023_cleaned,Survey_September2023_cleaned.xlsx,diego_1197,NA,NA,NL,NL,western_europe,25_34,male,self_employed,usable_complete,TRUE,TRUE,32,0.427002768238128,0.7168955012867249,1.0005070327650432,0.7101862291313052,0.6733963965093188,0.9192990843085579,0.8389981761550352,0.7135446911449893,0.4296344941375828
DIEGO,4055,DIEGO,EUROPE,1198,diego__diego_1198,diego,Survey_September2023_cleaned,Survey_September2023_cleaned.xlsx,diego_1198,NA,NA,NL,NL,western_europe,25_34,male,employed,usable_complete,TRUE,TRUE,32,0.642956311548085,0.8420273503808484,0.8343293132820871,1.2872775420475104,0.20165438235689062,0.6555626436139237,0.41129376067209655,0.7997923911934407,0.8865785659356155
DIEGO,4056,DIEGO,EUROPE,1199,diego__diego_1199,diego,Survey_September2023_cleaned,Survey_September2023_cleaned.xlsx,diego_1199,NA,NA,DE,DE,western_europe,45_54,male,employed,usable_complete,TRUE,TRUE,32,0.47044784056535593,1.5414571633870187,1.0810838922723662,1.0216606804354325,1.0776744738692028,0.4885064030266735,0.8715934477908679,1.0060313917231358,0.7479580380153382
DIEGO,4057,DIEGO,EUROPE,1200,diego__diego_1200,diego,Survey_September2023_cleaned,Survey_September2023_cleaned.xlsx,diego_1200,NA,NA,DE,DE,western_europe,25_34,male,employed,usable_complete,TRUE,TRUE,32,1.0296773924313767,0.5325089196268686,0.9389682686818412,1.0267954259086254,1.0069127408461496,0.45063214770739407,1.1072672309965903,0.6287081666140514,0.8648475125544862
DIEGO,4058,DIEGO,EUROPE,1201,diego__diego_1201,diego,Survey_September2023_cleaned,Survey_September2023_cleaned.xlsx,diego_1201,NA,NA,DE,DE,western_europe,18_24,female,employed,usable_complete,TRUE,TRUE,32,0.7123959980975952,0.6063706326721655,1.1062097815276402,0.5041559845305356,0.8271494697979724,1.374461692110075,1.3953945218222834,1.526078916860844,1.2056722143372127
DIEGO,4059,DIEGO,EUROPE,1202,diego__diego_1202,diego,Survey_September2023_cleaned,Survey_September2023_cleaned.xlsx,diego_1202,NA,NA,DE,DE,western_europe,25_34,male,employed,usable_complete,TRUE,TRUE,32,0.7583895917344781,0.9064310752260619,0.7103228841630367,0.9759679716779665,1.3429699137020306,0.8504108968917001,1.201580012357972,1.1272524975433382,0.3300465159682872
DIEGO,4060,DIEGO,EUROPE,1203,diego__diego_1203,diego,Survey_September2023_cleaned,Survey_September2023_cleaned.xlsx,diego_1203,NA,NA,NL,NL,western_europe,25_34,male,employed,usable_complete,TRUE,TRUE,32,0.8594329807229377,0.6376924253713813,1.1236733376025296,0.7214563088306173,0.9666622323533389,0.329401261267124,1.0509103418760886,0.7838218740530326,1.190264545015834
DIEGO,4061,DIEGO,EUROPE,1204,diego__diego_1204,diego,Survey_September2023_cleaned,Survey_September2023_cleaned.xlsx,diego_1204,NA,NA,DE,DE,western_europe,18_24,male,student,usable_complete,TRUE,TRUE,32,0.7963256410815494,1.2484887530175224,0.9073123969135185,0.9798041640279074,1.1659214796681545,0.6941835343067085,1.0010368893623853,1.0944070880528576,0.8326987772116687
DIEGO,4062,DIEGO,EUROPE,1205,diego__diego_1205,diego,Survey_September2023_cleaned,Survey_September2023_cleaned.xlsx,diego_1205,NA,NA,DE,DE,western_europe,18_24,male,student,usable_complete,TRUE,TRUE,32,0.51302193474623,0.8594946390302899,0.9770250313708898,1.069229711626733,0.17891922587151396,0.6580528917898134,1.2694501347677156,0.5429647552301367,1.0662787195404426
DIEGO,4063,DIEGO,EUROPE,1206,diego__diego_1206,diego,Survey_September2023_cleaned,Survey_September2023_cleaned.xlsx,diego_1206,NA,NA,DE,DE,western_europe,25_34,male,unemployed,usable_complete,TRUE,TRUE,32,0.8906643733948605,0.28225980604126605,1.0185052527290197,0.9212699390514465,0.8471682781331553,0.9815161048451231,0.8030635614326214,0.465301895687597,1.457709046052173
DIEGO,4064,DIEGO,EUROPE,1207,diego__diego_1207,diego,Survey_September2023_cleaned,Survey_September2023_cleaned.xlsx,diego_1207,NA,NA,NL,NL,western_europe,18_24,other,unemployed,usable_complete_limited_metadata,TRUE,TRUE,32,0.9666274337250205,0.5506314907141199,0.7835004532031521,1.1282706245981082,1.8104582900267099,0.4675360043756994,0.7423582391329193,0.8548788645569178,0.5647680640067274
DIEGO,4065,DIEGO,EUROPE,1208,diego__diego_1208,diego,Survey_September2023_cleaned,Survey_September2023_cleaned.xlsx,diego_1208,NA,NA,DE,DE,western_europe,25_34,male,employed,usable_complete,TRUE,TRUE,32,0.6140811467030193,0.6900422366279418,0.5992777279942991,1.1319805802052685,0.20735071429533825,0.7690220844117905,0.8321819037514426,0.7741720473845229,0.7136243963027703
DIEGO,4066,DIEGO,EUROPE,1209,diego__diego_1209,diego,Survey_September2023_cleaned,Survey_September2023_cleaned.xlsx,diego_1209,NA,NA,DE,DE,western_europe,25_34,male,employed,usable_complete,TRUE,TRUE,32,1.1335651927191643,0.9690278020465273,1.3395054327031546,0.9996311764350111,1.4924480079943407,0.9268332305185076,1.2062024143401464,0.9370149966242088,1.0972500405317123
DIEGO,4067,DIEGO,EUROPE,1210,diego__diego_1210,diego,Survey_September2023_cleaned,Survey_September2023_cleaned.xlsx,diego_1210,NA,NA,DE,DE,western_europe,25_34,female,student,usable_complete,TRUE,TRUE,32,0.9990591766372574,0.6525680890967935,1.3987161312665917,0.7286906248350203,0.7474423445845368,1.5554874847216602,0.7929064258384931,0.9108050197233154,0.809016598709781
DIEGO,4068,DIEGO,EUROPE,1211,diego__diego_1211,diego,Survey_September2023_cleaned,Survey_September2023_cleaned.xlsx,diego_1211,NA,NA,DE,DE,western_europe,25_34,male,employed,usable_complete,TRUE,TRUE,32,1.030229897874976,0.5353201707255679,0.6820037404425985,0.44891867092016957,0.822374069216826,1.2298078533176304,0.5227233116463134,0.380307404554489,0.9668862143273158
DIEGO,4069,DIEGO,EUROPE,1212,diego__diego_1212,diego,Survey_September2023_cleaned,Survey_September2023_cleaned.xlsx,diego_1212,NA,NA,DE,DE,western_europe,25_34,female,employed,usable_complete,TRUE,TRUE,32,0.39068655533459073,0.7626364089483545,0.7804191223334482,0.9190320447181105,0.5305347712817549,0.8866004067063882,1.1779348035009392,0.9190720747719653,0.7437889986661281
DIEGO,4070,DIEGO,EUROPE,1213,diego__diego_1213,diego,Survey_September2023_cleaned,Survey_September2023_cleaned.xlsx,diego_1213,NA,NA,DE,DE,western_europe,25_34,male,self_employed,usable_complete,TRUE,TRUE,32,0.7480614901584342,0.8865683466118012,1.1332713890230688,0.9815160343213236,1.0578929674278335,1.304503817430958,1.3088831740839835,0.42301962441070845,0.73220616674071
DIEGO,4071,DIEGO,EUROPE,1214,diego__diego_1214,diego,Survey_September2023_cleaned,Survey_September2023_cleaned.xlsx,diego_1214,NA,NA,NL,NL,western_europe,25_34,male,employed,usable_complete,TRUE,TRUE,32,0.9793449574159079,1.3025545369327054,1.0810314031812454,1.430180124395611,0.541169716954403,0.720249017805053,0.8215866799623825,0.8643256251736121,0.943851916623569
DIEGO,4072,DIEGO,EUROPE,1215,diego__diego_1215,diego,Survey_September2023_cleaned,Survey_September2023_cleaned.xlsx,diego_1215,NA,NA,DE,DE,western_europe,25_34,male,other,usable_complete,TRUE,TRUE,32,1.1503915904582298,0.5640615530979738,0.6927765297042224,0.6701165510433356,1.0016428671954043,0.34693862639788275,0.8548946793766996,0.99127399967599,0.1980668936035448
DIEGO,4073,DIEGO,EUROPE,1216,diego__diego_1216,diego,Survey_September2023_cleaned,Survey_September2023_cleaned.xlsx,diego_1216,NA,NA,DE,DE,western_europe,18_24,male,employed,usable_complete,TRUE,TRUE,32,0.5942704858273743,0.7580219661210242,0.6699034151104247,0.9654526900174482,0.12206302211275329,1.1667068077927358,0.8536300269582859,0.8178639092423388,0.8592944276355912
DIEGO,4074,DIEGO,EUROPE,1217,diego__diego_1217,diego,Survey_September2023_cleaned,Survey_September2023_cleaned.xlsx,diego_1217,NA,NA,BE,BE,western_europe,45_54,male,employed,usable_complete,TRUE,TRUE,32,0.679359280452569,0.8880876071290215,0.851651153834295,0.4074238049613119,0.8490220112284543,0.7618890542758594,1.3148515676130992,1.1522588403821075,1.1539058288674386
DIEGO,4075,DIEGO,EUROPE,1218,diego__diego_1218,diego,Survey_September2023_cleaned,Survey_September2023_cleaned.xlsx,diego_1218,NA,NA,DE,DE,western_europe,25_34,female,employed,usable_complete,TRUE,TRUE,32,0.8311536611502118,1.108826065409403,0.6747306830774743,1.1022574434111059,1.0526100197738448,1.7468397975622703,1.1531689566305658,0.5483347265885873,0.5467964969563801
DIEGO,4076,DIEGO,EUROPE,1219,diego__diego_1219,diego,Survey_September2023_cleaned,Survey_September2023_cleaned.xlsx,diego_1219,NA,NA,DE,DE,western_europe,25_34,male,employed,usable_complete,TRUE,TRUE,32,1.1176508597735517,1.0313634970024874,0.6620987625244864,0.7221894877914439,0.800047596529275,0.7885749211246151,0.6800022455324044,0.7942460782358055,1.3519434631146168
DIEGO,4077,DIEGO,EUROPE,1220,diego__diego_1220,diego,Survey_September2023_cleaned,Survey_September2023_cleaned.xlsx,diego_1220,NA,NA,NL,NL,western_europe,25_34,male,employed,usable_complete,TRUE,TRUE,32,1.0621922675469515,0.7030754749152756,0.9290469890737265,1.7296604287505435,0.8955260882255797,0.5655011439888832,0.785866792931811,1.260385229474131,1.3280814820936184
DIEGO,4078,DIEGO,EUROPE,1221,diego__diego_1221,diego,Survey_September2023_cleaned,Survey_September2023_cleaned.xlsx,diego_1221,NA,NA,BE,BE,western_europe,18_24,female,unemployed,usable_complete,TRUE,TRUE,32,1.0735343208610981,0.6871431273433499,0.5693205196764586,0.42245865848083436,0.9584406884494251,0.6577743682487698,1.3212827959905549,0.7969293255756581,1.130024564767813
DIEGO,4079,DIEGO,EUROPE,1222,diego__diego_1222,diego,Survey_September2023_cleaned,Survey_September2023_cleaned.xlsx,diego_1222,NA,NA,NL,NL,western_europe,25_34,male,student,usable_complete,TRUE,TRUE,32,0.2195444703369573,0.7095423794841922,0.5392397466447749,0.5358738012626879,0.7544195931606832,0.6407371925557579,0.743940528765762,0.7375346525315396,0.19664833660634046
DIEGO,4080,DIEGO,EUROPE,1223,diego__diego_1223,diego,Survey_September2023_cleaned,Survey_September2023_cleaned.xlsx,diego_1223,NA,NA,DE,DE,western_europe,25_34,male,employed,usable_complete,TRUE,TRUE,32,1.1084317631265483,0.9292671153725948,0.7481620846557544,0.8590556114009796,0.7805104612415193,0.9397061505075414,0.7195077361027193,0.7297082214960731,1.1792130242862329
DIEGO,4081,DIEGO,EUROPE,1224,diego__diego_1224,diego,Survey_September2023_cleaned,Survey_September2023_cleaned.xlsx,diego_1224,NA,NA,DE,DE,western_europe,25_34,male,employed,usable_complete,TRUE,TRUE,32,0.8303540718966843,0.4939953427729445,1.0367641047956648,0.8723373315737843,1.0804928171360444,1.6101829462388455,0.9208603236757714,0.5189991660242576,1.4723442660587984
DIEGO,4082,DIEGO,EUROPE,1225,diego__diego_1225,diego,Survey_September2023_cleaned,Survey_September2023_cleaned.xlsx,diego_1225,NA,NA,NL,NL,western_europe,18_24,male,student,usable_complete,TRUE,TRUE,32,0.5584596434116723,1.0574169237383741,0.49304058891809427,0.6741252366870109,1.0176566426217681,0.5242016830428262,0.8274323223611182,0.40926451624623744,0.4612581548345622
DIEGO,4083,DIEGO,EUROPE,1226,diego__diego_1226,diego,Survey_September2023_cleaned,Survey_September2023_cleaned.xlsx,diego_1226,NA,NA,DE,DE,western_europe,18_24,male,unemployed,usable_complete,TRUE,TRUE,32,0.7256712490037097,0.9216930628220439,1.4079074521209096,1.4544879541824944,0.9934050181871761,0.7063123119284337,0.8677077196349513,0.7807827857824382,0.5795733437000229
DIEGO,4084,DIEGO,EUROPE,1227,diego__diego_1227,diego,Survey_September2023_cleaned,Survey_September2023_cleaned.xlsx,diego_1227,NA,NA,BE,BE,western_europe,25_34,male,employed,usable_complete,TRUE,TRUE,32,1.5099259720283893,0.5590975792269095,1.2121995899436426,0.9714774223320045,0.49907296356410763,0.48159251059089336,0.9188730751640172,0.8495131205070607,0.9657314354769383
DIEGO,4085,DIEGO,EUROPE,1228,diego__diego_1228,diego,Survey_September2023_cleaned,Survey_September2023_cleaned.xlsx,diego_1228,NA,NA,DE,DE,western_europe,25_34,male,unemployed,usable_complete,TRUE,TRUE,32,0.6260218302796965,0.7703310803843947,1.1702015649194841,1.46857318923486,0.39693885559244274,0.8944375338482308,0.9800453598548116,0.7708199676983422,0.591831771716933
DIEGO,4086,DIEGO,EUROPE,1229,diego__diego_1229,diego,Survey_September2023_cleaned,Survey_September2023_cleaned.xlsx,diego_1229,NA,NA,NL,NL,western_europe,45_54,female,employed,usable_complete,TRUE,TRUE,32,0.7554960154354198,1.0533343548090357,0.92605050704082,1.2785839280039448,0.9721233509346425,0.6288525055882718,1.0917183845481335,0.5337531424079309,0.6729544972902346
DIEGO,4087,DIEGO,EUROPE,1230,diego__diego_1230,diego,Survey_September2023_cleaned,Survey_September2023_cleaned.xlsx,diego_1230,NA,NA,DE,DE,western_europe,25_34,female,employed,usable_complete,TRUE,TRUE,32,0.6316978898263628,0.5742235694260399,1.2907421220460369,1.1239388647998567,0.7040860746204244,0.8706301576540796,0.7642634667811791,1.1933288235807518,1.4200281048240462
DIEGO,4088,DIEGO,EUROPE,1231,diego__diego_1231,diego,Survey_September2023_cleaned,Survey_September2023_cleaned.xlsx,diego_1231,NA,NA,DE,DE,western_europe,25_34,female,employed,usable_complete,TRUE,TRUE,32,1.1000515174703782,0.8889662905185169,1.490975206356996,0.8474413592395246,0.4151752900004392,1.126288532258502,1.19424197441358,1.8293732795367748,0.7054151887377698
DIEGO,4089,DIEGO,EUROPE,1232,diego__diego_1232,diego,Survey_September2023_cleaned,Survey_September2023_cleaned.xlsx,diego_1232,NA,NA,DE,DE,western_europe,25_34,male,employed,usable_complete,TRUE,TRUE,32,1.0536389242887099,0.8723672867660295,1.0769428778263215,0.9800102569478302,1.560996403061952,0.6855530329984193,0.7581876550240506,0.8420566784284581,0.7081358949290164
DIEGO,4090,DIEGO,EUROPE,1233,diego__diego_1233,diego,Survey_September2023_cleaned,Survey_September2023_cleaned.xlsx,diego_1233,NA,NA,NL,NL,western_europe,18_24,male,employed,usable_complete,TRUE,TRUE,32,0.7073672526380465,1.2871533725920028,0.474131009870303,0.5763614895598391,0.9038182891972389,0.6206000918749862,0.7288419896817245,1.1722619058500312,0.4840416762995847
DIEGO,4091,DIEGO,EUROPE,1234,diego__diego_1234,diego,Survey_September2023_cleaned,Survey_September2023_cleaned.xlsx,diego_1234,NA,NA,NL,NL,western_europe,18_24,male,student,usable_complete,TRUE,TRUE,32,0.43829184804350807,0.7145898693131274,0.7780293917724828,0.8709299157604707,0.8092334799525065,0.37201087320187626,0.36499093129210225,0.6659381078123967,0.43070584629899517
DIEGO,4092,DIEGO,EUROPE,1235,diego__diego_1235,diego,Survey_September2023_cleaned,Survey_September2023_cleaned.xlsx,diego_1235,NA,NA,DE,DE,western_europe,25_34,male,employed,usable_complete,TRUE,TRUE,32,1.173029968927547,0.5901968564151051,0.6476666146642678,1.1109118612273365,1.0048499649286557,0.5155665699768175,1.0181962389955457,0.5881052030731159,0.8275962681354225
DIEGO,4093,DIEGO,EUROPE,1236,diego__diego_1236,diego,Survey_September2023_cleaned,Survey_September2023_cleaned.xlsx,diego_1236,NA,NA,NL,NL,western_europe,18_24,female,unemployed,usable_complete,TRUE,TRUE,32,0.19966934319843077,0.34920625575582154,0.6510036615585423,0.5204229877859118,0.7008975861125181,0.8484822655652045,0.8896043872285038,0.8945561373627386,1.046451669252456
DIEGO,4094,DIEGO,EUROPE,1237,diego__diego_1237,diego,Survey_September2023_cleaned,Survey_September2023_cleaned.xlsx,diego_1237,NA,NA,DE,DE,western_europe,18_24,male,student,usable_complete,TRUE,TRUE,32,0.7047204341592114,0.524465168728413,0.9309272291657175,0.7254818327472035,1.035256715129957,0.6992239082425533,0.6401777638220169,1.1818225826457993,0.8438342985721149
DIEGO,4095,DIEGO,EUROPE,1238,diego__diego_1238,diego,Survey_September2023_cleaned,Survey_September2023_cleaned.xlsx,diego_1238,NA,NA,NL,NL,western_europe,18_24,male,student,usable_complete,TRUE,TRUE,32,0.9280877606951634,0.24714691221289628,1.0144743099743188,0.954010782616277,1.1291336005376424,0.7822421442233831,1.0531256763880124,1.3222068578831367,0.5246126651238686
DIEGO,4096,DIEGO,EUROPE,1239,diego__diego_1239,diego,Survey_September2023_cleaned,Survey_September2023_cleaned.xlsx,diego_1239,NA,NA,DE,DE,western_europe,18_24,male,student,usable_complete,TRUE,TRUE,32,1.4121938099046565,1.0325045737168361,0.8629536517171872,0.5280236776580611,0.6737473454901279,1.1877975336124904,0.41682341629501396,1.0604838057482588,1.0746293816591097
DIEGO,4097,DIEGO,EUROPE,1240,diego__diego_1240,diego,Survey_September2023_cleaned,Survey_September2023_cleaned.xlsx,diego_1240,NA,NA,DE,DE,western_europe,25_34,male,employed,usable_complete,TRUE,TRUE,32,0.4662544793509654,0.502600623270936,1.0131916328000343,1.101721722193807,0.6942444820867562,0.6278123836217419,0.7998846613938023,0.8593622893310163,1.3596857814059886
DIEGO,4098,DIEGO,EUROPE,1241,diego__diego_1241,diego,Survey_September2023_cleaned,Survey_September2023_cleaned.xlsx,diego_1241,NA,NA,BE,BE,western_europe,18_24,other,other,usable_complete_limited_metadata,TRUE,TRUE,32,0.5336498679409796,0.7196549400625493,1.1097737701555952,0.8136917258006666,0.6581851406705248,0.6946736011701834,0.7759411042110306,0.8423419593107043,1.2347999966286118
DIEGO,4099,DIEGO,EUROPE,1242,diego__diego_1242,diego,Survey_September2023_cleaned,Survey_September2023_cleaned.xlsx,diego_1242,NA,NA,DE,DE,western_europe,45_54,male,employed,usable_complete,TRUE,TRUE,32,0.6685850556617146,0.6585837560709746,0.675876953270404,0.36151264588171017,0.6367583931139109,1.2411458636720145,1.0628292132236064,0.501657898914031,0.5680681401326878
DIEGO,4100,DIEGO,EUROPE,1243,diego__diego_1243,diego,Survey_September2023_cleaned,Survey_September2023_cleaned.xlsx,diego_1243,NA,NA,NL,NL,western_europe,25_34,male,employed,usable_complete,TRUE,TRUE,32,1.0892488194753702,0.5427663150067423,0.7407393650909494,1.1455604073348302,0.831571404938982,0.72306259720244,0.7598775655222768,0.7632869667183794,0.4124715267607348
DIEGO,4101,DIEGO,EUROPE,1244,diego__diego_1244,diego,Survey_September2023_cleaned,Survey_September2023_cleaned.xlsx,diego_1244,NA,NA,DE,DE,western_europe,25_34,male,employed,usable_complete,TRUE,TRUE,32,1.0896655711657082,0.21944882011666955,0.74898786944473,0.64185586805473,0.14411345074011989,0.4923217075864167,0.7986897875583525,0.9386888046021004,0.7227525638087101
DIEGO,4102,DIEGO,EUROPE,1245,diego__diego_1245,diego,Survey_September2023_cleaned,Survey_September2023_cleaned.xlsx,diego_1245,NA,NA,DE,DE,western_europe,25_34,male,employed,usable_complete,TRUE,TRUE,32,0.48071211252445983,0.5961926328616797,0.9100570936403765,1.304321648583265,0.5597512949979526,0.8951333670805572,0.5952339463773499,1.1250600307820273,0.41637284506878103
DIEGO,4103,DIEGO,EUROPE,1246,diego__diego_1246,diego,Survey_September2023_cleaned,Survey_September2023_cleaned.xlsx,diego_1246,NA,NA,DE,DE,western_europe,45_54,male,employed,usable_complete,TRUE,TRUE,32,0.6914422416845334,0.8784528367604213,0.6835854328788533,0.7935139476415872,0.7535558569076293,0.8177952020040669,1.294153647853648,0.35388935471065963,0.45763915049917553
DIEGO,4104,DIEGO,EUROPE,1247,diego__diego_1247,diego,Survey_September2023_cleaned,Survey_September2023_cleaned.xlsx,diego_1247,NA,NA,NL,NL,western_europe,25_34,female,employed,usable_complete,TRUE,TRUE,32,0.3558997844179955,1.195497320854574,1.0553590681386211,1.1628461313345684,0.17967000620038276,0.718605656103023,1.0787143281836884,0.9441251317233377,1.4110761450365237
DIEGO,4105,DIEGO,EUROPE,1248,diego__diego_1248,diego,Survey_September2023_cleaned,Survey_September2023_cleaned.xlsx,diego_1248,NA,NA,DE,DE,western_europe,18_24,female,student,usable_complete,TRUE,TRUE,32,0.20207871794502527,1.6817697096728197,0.21991018165421786,0.3011273266912446,0.9026344048434009,0.9892537863936992,0.7390383093213911,1.0051021801776077,0.24561479656380897
DIEGO,4106,DIEGO,EUROPE,1249,diego__diego_1249,diego,Survey_September2023_cleaned,Survey_September2023_cleaned.xlsx,diego_1249,NA,NA,DE,DE,western_europe,25_34,male,employed,usable_complete,TRUE,TRUE,32,1.4526419052744648,1.3303674985608034,1.0154707880518044,1.464755633685007,0.5835305395807722,0.4496223735798324,0.8816420754586908,0.9083454836180079,1.0915293411572857
DIEGO,4107,DIEGO,EUROPE,1250,diego__diego_1250,diego,Survey_September2023_cleaned,Survey_September2023_cleaned.xlsx,diego_1250,NA,NA,DE,DE,western_europe,25_34,female,employed,usable_complete,TRUE,TRUE,32,0.5261644162733107,0.24191288226109922,0.9655741597951512,0.47507218077538643,0.4048479549116004,0.6428859131966073,0.8191214129692247,1.2050602607567065,1.3847698515740223
DIEGO,4108,DIEGO,EUROPE,1251,diego__diego_1251,diego,Survey_September2023_cleaned,Survey_September2023_cleaned.xlsx,diego_1251,NA,NA,NL,NL,western_europe,25_34,female,student,usable_complete,TRUE,TRUE,32,1.5588053665150128,0.9151446856518619,1.0768569861065092,1.112762198199878,0.9552745422506288,0.939111484138064,0.7182946888520019,0.7447469223191456,0.5413412999224004
DIEGO,4109,DIEGO,EUROPE,1252,diego__diego_1252,diego,Survey_September2023_cleaned,Survey_September2023_cleaned.xlsx,diego_1252,NA,NA,NL,NL,western_europe,25_34,male,employed,usable_complete,TRUE,TRUE,32,1.3279061069184992,1.3681630692643607,1.0091728767295325,1.1469597992805067,0.03654394020105388,0.9587239823022123,0.600071520898888,0.7096062464137934,1.461619215154367
DIEGO,4110,DIEGO,EUROPE,1253,diego__diego_1253,diego,Survey_September2023_cleaned,Survey_September2023_cleaned.xlsx,diego_1253,NA,NA,NL,NL,western_europe,25_34,male,employed,usable_complete,TRUE,TRUE,32,0.5242242174358558,0.6127076303981726,0.6232725708781011,1.2090093972198315,1.0160086278313907,0.49042149175547567,0.5489746574458442,1.0759948929370449,0.2941231718912286
DIEGO,4111,DIEGO,EUROPE,1254,diego__diego_1254,diego,Survey_September2023_cleaned,Survey_September2023_cleaned.xlsx,diego_1254,NA,NA,DE,DE,western_europe,25_34,male,employed,usable_complete,TRUE,TRUE,32,1.1523817453232796,0.7598190951159189,0.9150782027382374,0.8679530676273709,0.8978458669181963,0.6052954871039644,0.5108225225251986,1.0445202338829314,1.0760697260293774
DIEGO,4112,DIEGO,EUROPE,1255,diego__diego_1255,diego,Survey_September2023_cleaned,Survey_September2023_cleaned.xlsx,diego_1255,NA,NA,DE,DE,western_europe,25_34,male,employed,usable_complete,TRUE,TRUE,32,0.5231138713736827,1.0481216162032247,0.754549159270989,0.14934852104641116,0.5386055622279105,0.2655697370475089,1.0196241807350739,0.2534967863188409,1.0273148707882815
DIEGO,4113,DIEGO,EUROPE,1256,diego__diego_1256,diego,Survey_September2023_cleaned,Survey_September2023_cleaned.xlsx,diego_1256,NA,NA,DE,DE,western_europe,25_34,male,employed,usable_complete,TRUE,TRUE,32,1.0097064709179118,1.1726571677765345,0.8005611827112808,0.8638170472364607,1.3715025361857365,0.733451664624713,0.6527299898948824,0.9345845879659658,1.0434790699917778
DIEGO,4114,DIEGO,EUROPE,1257,diego__diego_1257,diego,Survey_September2023_cleaned,Survey_September2023_cleaned.xlsx,diego_1257,NA,NA,DE,DE,western_europe,25_34,male,employed,usable_complete,TRUE,TRUE,32,1.0115263855987995,0.70971949679735,0.7254760437622337,0.5725672712361817,0.5083350782101542,0.608181654798286,0.5960113860697793,0.7857032007848027,1.445116881256128
DIEGO,4115,DIEGO,EUROPE,1258,diego__diego_1258,diego,Survey_September2023_cleaned,Survey_September2023_cleaned.xlsx,diego_1258,NA,NA,DE,DE,western_europe,45_54,male,self_employed,usable_complete,TRUE,TRUE,32,0.8646194960545396,0.34295411570614004,0.8514864264215776,0.695701424759665,0.9059318780689598,0.7903886430611375,1.008738366303773,0.5555283264744182,0.8235310240743723
DIEGO,4116,DIEGO,EUROPE,1259,diego__diego_1259,diego,Survey_September2023_cleaned,Survey_September2023_cleaned.xlsx,diego_1259,NA,NA,DE,DE,western_europe,25_34,male,employed,usable_complete,TRUE,TRUE,32,0.3853607271065185,0.925843491724443,1.0365543089573395,1.0001884344975116,0.4849094595789854,0.6683857302304403,0.8167247117132129,0.6123379681893136,1.050052542191731
DIEGO,4117,DIEGO,EUROPE,1260,diego__diego_1260,diego,Survey_September2023_cleaned,Survey_September2023_cleaned.xlsx,diego_1260,NA,NA,BE,BE,western_europe,25_34,female,employed,usable_complete,TRUE,TRUE,32,1.8738603703246441,1.362131028103315,0.7358542232525044,1.0845477776659642,0.7323211856180591,0.9208301519626523,0.6189952627005859,1.0801503786509044,1.135879443402811
DIEGO,4118,DIEGO,EUROPE,1261,diego__diego_1261,diego,Survey_September2023_cleaned,Survey_September2023_cleaned.xlsx,diego_1261,NA,NA,NL,NL,western_europe,25_34,female,self_employed,usable_complete,TRUE,TRUE,32,0.5467814658886034,0.9119842588505369,0.45536684825252766,1.6604028181031232,0.7560341777250501,0.9984462989079737,0.6956082305099403,0.6673934418225448,0.11120130669550846
DIEGO,4119,DIEGO,EUROPE,1262,diego__diego_1262,diego,Survey_September2023_cleaned,Survey_September2023_cleaned.xlsx,diego_1262,NA,NA,NL,NL,western_europe,45_54,female,self_employed,usable_complete,TRUE,TRUE,32,0.9834669064192575,0.7088876382169381,0.6019357300474669,0.8705771321286077,0.1676406507583352,0.8366334329953868,0.7469166036449721,0.5815458908543548,0.6820002172161612
DIEGO,4120,DIEGO,EUROPE,1263,diego__diego_1263,diego,Survey_September2023_cleaned,Survey_September2023_cleaned.xlsx,diego_1263,NA,NA,DE,DE,western_europe,25_34,male,employed,usable_complete,TRUE,TRUE,32,0.6577249531701922,0.9178458522175141,0.9553977527371419,0.5965442430860358,0.44403153682704166,0.8449303996973817,1.0647554019762902,0.4905924433922282,1.0856376827778491
DIEGO,4121,DIEGO,EUROPE,1264,diego__diego_1264,diego,Survey_September2023_cleaned,Survey_September2023_cleaned.xlsx,diego_1264,NA,NA,DE,DE,western_europe,25_34,female,self_employed,usable_complete,TRUE,TRUE,32,1.2486307772279497,0.5167753265253457,1.0398394112973055,0.7793641951326188,0.8100765790580594,1.054475443795135,0.7801722940654785,0.7949469937030457,1.1531006136513708
DIEGO,4122,DIEGO,EUROPE,1265,diego__diego_1265,diego,Survey_September2023_cleaned,Survey_September2023_cleaned.xlsx,diego_1265,NA,NA,DE,DE,western_europe,25_34,male,student,usable_complete,TRUE,TRUE,32,0.09582829439652232,0.5217183209517677,0.6378059965476406,0.5157972101728543,0.3089747068906062,0.5535004636403991,0.8932229811420165,0.28561657293838255,1.0694529589315847
DIEGO,4123,DIEGO,EUROPE,1266,diego__diego_1266,diego,Survey_September2023_cleaned,Survey_September2023_cleaned.xlsx,diego_1266,NA,NA,NL,NL,western_europe,25_34,female,employed,usable_complete,TRUE,TRUE,32,0.4883187587802309,0.8945465768282537,0.9793694212324343,0.5694672911507577,1.7638697610079412,0.3791444515521991,0.7798710156341029,0.755214215639335,1.7828994570352052
DIEGO,4124,DIEGO,EUROPE,1267,diego__diego_1267,diego,Survey_September2023_cleaned,Survey_September2023_cleaned.xlsx,diego_1267,NA,NA,DE,DE,western_europe,25_34,male,employed,usable_complete,TRUE,TRUE,32,1.4752498112974644,0.7454580233158677,1.1099261898592983,0.508893133785003,0.8510128879673549,0.9058800652939303,0.9518105917244876,1.0626502580232666,0.49752227426453427
DIEGO,4125,DIEGO,EUROPE,1268,diego__diego_1268,diego,Survey_September2023_cleaned,Survey_September2023_cleaned.xlsx,diego_1268,NA,NA,NL,NL,western_europe,25_34,other,employed,usable_complete_limited_metadata,TRUE,TRUE,32,0.7262213564924723,0.6664695970645822,0.9523656311305052,0.9811071293633303,0.7307269983821352,0.5619629887424494,1.0594947295736785,0.4425197433833137,1.2799802628553858
DIEGO,4126,DIEGO,EUROPE,1269,diego__diego_1269,diego,Survey_September2023_cleaned,Survey_September2023_cleaned.xlsx,diego_1269,NA,NA,DE,DE,western_europe,45_54,male,employed,usable_complete,TRUE,TRUE,32,0.38710703738873586,0.7259010768765745,0.7158335793981846,0.9153965753407247,0.5896242283100026,0.6631509695588291,0.47887122715468367,0.30537770959549676,0.8064673285956856
DIEGO,4127,DIEGO,EUROPE,1270,diego__diego_1270,diego,Survey_September2023_cleaned,Survey_September2023_cleaned.xlsx,diego_1270,NA,NA,DE,DE,western_europe,25_34,male,employed,usable_complete,TRUE,TRUE,32,0.8432424107485255,0.9036106517105704,0.6168310866876178,0.8124141667696313,0.3650103311593373,0.8885268447199313,0.9278806773246512,1.1347386992213782,0.68573795926167
DIEGO,4128,DIEGO,EUROPE,1271,diego__diego_1271,diego,Survey_September2023_cleaned,Survey_September2023_cleaned.xlsx,diego_1271,NA,NA,DE,DE,western_europe,25_34,male,employed,usable_complete,TRUE,TRUE,32,0.5174322318212603,0.9076886907283906,0.5104300841179338,0.39907235480309144,0.22502272308682258,1.2962913666987315,0.9330850293274551,0.5530572997936066,1.4758678204218456
DIEGO,4129,DIEGO,EUROPE,1272,diego__diego_1272,diego,Survey_September2023_cleaned,Survey_September2023_cleaned.xlsx,diego_1272,NA,NA,NL,NL,western_europe,45_54,female,employed,usable_complete,TRUE,TRUE,32,0.8459979075776782,1.1698516784146955,1.1640875355384748,0.32536898444202866,0.8036831338220829,0.6713063442997595,0.9357047340980609,0.9253894694707593,0.854175377675273
DIEGO,4130,DIEGO,EUROPE,1273,diego__diego_1273,diego,Survey_September2023_cleaned,Survey_September2023_cleaned.xlsx,diego_1273,NA,NA,DE,DE,western_europe,25_34,male,self_employed,usable_complete,TRUE,TRUE,32,1.5444567911280114,0.23994092628644392,1.2650687718070983,0.26753182055692987,1.041183426148203,1.0294588004916645,0.8003431607888081,0.1672719038688908,1.3570704372727804
DIEGO,4131,DIEGO,EUROPE,1274,diego__diego_1274,diego,Survey_September2023_cleaned,Survey_September2023_cleaned.xlsx,diego_1274,NA,NA,NL,NL,western_europe,18_24,male,unemployed,usable_complete,TRUE,TRUE,32,1.2638423632294697,0.6016958800450235,0.7748904320263889,0.8359818518242509,1.053719110025703,0.5122186241464114,1.0501350222856811,1.2830297695910238,1.3549989114185659
DIEGO,4132,DIEGO,EUROPE,1275,diego__diego_1275,diego,Survey_September2023_cleaned,Survey_September2023_cleaned.xlsx,diego_1275,NA,NA,DE,DE,western_europe,25_34,male,employed,usable_complete,TRUE,TRUE,32,1.0688373104925644,0.7433547552736997,0.5485000497877668,0.5509877058482812,0.6883023071883192,1.0311836788374238,0.952209242863678,0.39392969996352417,0.7253228835496134
DIEGO,4133,DIEGO,EUROPE,1276,diego__diego_1276,diego,Survey_September2023_cleaned,Survey_September2023_cleaned.xlsx,diego_1276,NA,NA,DE,DE,western_europe,25_34,male,employed,usable_complete,TRUE,TRUE,32,0.9927333285833273,0.29194627904754544,1.1549668171969756,1.560967188425839,0.3190615510986081,0.6476979485746897,0.6378302755001681,1.3526966296075102,0.9400297098071203
DIEGO,4134,DIEGO,EUROPE,1277,diego__diego_1277,diego,Survey_September2023_cleaned,Survey_September2023_cleaned.xlsx,diego_1277,NA,NA,NL,NL,western_europe,25_34,male,employed,usable_complete,TRUE,TRUE,32,1.2496080256864417,0.7006205491000523,1.0326090364238483,0.8676894140810227,0.7869576981549526,1.0129784216706486,0.8290168178600327,0.6493743231315552,0.9397785255969444
DIEGO,4135,DIEGO,EUROPE,1278,diego__diego_1278,diego,Survey_September2023_cleaned,Survey_September2023_cleaned.xlsx,diego_1278,NA,NA,DE,DE,western_europe,18_24,male,employed,usable_complete,TRUE,TRUE,32,1.1445490824081936,0.6209827462247205,1.1336604958250203,0.5918590895163437,0.9033528837817223,0.7088496967004821,0.7496495139517123,1.1833521902598068,0.18960986527523505
DIEGO,4136,DIEGO,EUROPE,1279,diego__diego_1279,diego,Survey_September2023_cleaned,Survey_September2023_cleaned.xlsx,diego_1279,NA,NA,DE,DE,western_europe,25_34,male,employed,usable_complete,TRUE,TRUE,32,0.344970773632603,1.3240075290607678,0.645329269962555,0.4901484752114693,0.7042538482810531,1.7240908021634616,0.6597465963178499,0.45503748530074745,0.23057309086966626
DIEGO,4137,DIEGO,EUROPE,1280,diego__diego_1280,diego,Survey_September2023_cleaned,Survey_September2023_cleaned.xlsx,diego_1280,NA,NA,DE,DE,western_europe,18_24,male,employed,usable_complete,TRUE,TRUE,32,1.0221580783254327,1.496078674470294,0.7925516924745601,1.495825138833065,1.4381598590693383,1.0571544911688613,1.1065628976198936,1.5123636603380257,0.8443635800692177
DIEGO,4138,DIEGO,EUROPE,1281,diego__diego_1281,diego,Survey_September2023_cleaned,Survey_September2023_cleaned.xlsx,diego_1281,NA,NA,DE,DE,western_europe,18_24,male,student,usable_complete,TRUE,TRUE,32,1.2762890675926228,0.8747622068143717,0.5073371927160352,1.3818403593338193,0.8156495590991892,0.8312468340671312,0.8674170854972785,0.5445138216612103,0.8592905650613584
DIEGO,4139,DIEGO,EUROPE,1282,diego__diego_1282,diego,Survey_September2023_cleaned,Survey_September2023_cleaned.xlsx,diego_1282,NA,NA,DE,DE,western_europe,18_24,female,student,usable_complete,TRUE,TRUE,32,0.7110220900570944,0.7325979192216863,0.6513738069541188,1.2207720705115985,1.130960950382891,0.5214197388875872,0.8610544914723054,0.72535087356016,1.4694926867215827
DIEGO,4140,DIEGO,EUROPE,1283,diego__diego_1283,diego,Survey_September2023_cleaned,Survey_September2023_cleaned.xlsx,diego_1283,NA,NA,DE,DE,western_europe,25_34,male,student,usable_complete,TRUE,TRUE,32,1.1790416914485342,0.8200936092339343,0.33039782276321983,1.1959446965484002,0.813400376906424,0.4686465024492518,1.1233063875388551,1.5111835831260805,0.4869990809089113
DIEGO,4141,DIEGO,EUROPE,1284,diego__diego_1284,diego,Survey_September2023_cleaned,Survey_September2023_cleaned.xlsx,diego_1284,NA,NA,DE,DE,western_europe,18_24,female,student,usable_complete,TRUE,TRUE,32,0.6118416873146042,0.5529750180290607,1.0311855321116368,1.042178318147948,0.8726288603859115,0.6665001281463576,1.0875730431840787,1.6713777990510996,0.9721492101492335
DIEGO,4142,DIEGO,EUROPE,1285,diego__diego_1285,diego,Survey_September2023_cleaned,Survey_September2023_cleaned.xlsx,diego_1285,NA,NA,DE,DE,western_europe,18_24,male,unemployed,usable_complete,TRUE,TRUE,32,0.8031802075300196,0.7836452522081929,1.23724253378883,0.8257156342242359,1.0048005018647268,0.4393286572302445,1.0280767107508324,0.7318674417553267,1.268510734830987
DIEGO,4143,DIEGO,EUROPE,1286,diego__diego_1286,diego,Survey_September2023_cleaned,Survey_September2023_cleaned.xlsx,diego_1286,NA,NA,DE,DE,western_europe,18_24,male,employed,usable_complete,TRUE,TRUE,32,0.9781495640868112,0.6242865491307718,0.4562613118255653,0.8589230933148583,0.33280560144319765,1.1795886822184378,0.8475705318739593,0.9725118792914452,1.3235311825474603
DIEGO,4144,DIEGO,EUROPE,1287,diego__diego_1287,diego,Survey_September2023_cleaned,Survey_September2023_cleaned.xlsx,diego_1287,NA,NA,DE,DE,western_europe,25_34,male,student,usable_complete,TRUE,TRUE,32,0.5455763717334399,1.2878679451825281,0.5046875646869761,0.8262195451409292,0.7488875350528243,1.0020526575347595,0.7812148853323618,0.40299647648735365,0.686171841677303
DIEGO,4145,DIEGO,EUROPE,1288,diego__diego_1288,diego,Survey_September2023_cleaned,Survey_September2023_cleaned.xlsx,diego_1288,NA,NA,DE,DE,western_europe,18_24,female,employed,usable_complete,TRUE,TRUE,32,0.8481117829657376,0.21732180119735028,0.9655327973437966,1.1072811860316663,0.8382465577108423,1.152045982025234,1.1127319030864695,1.4173479030116747,1.042267235536978
DIEGO,4146,DIEGO,EUROPE,1289,diego__diego_1289,diego,Survey_September2023_cleaned,Survey_September2023_cleaned.xlsx,diego_1289,NA,NA,NL,NL,western_europe,25_34,female,employed,usable_complete,TRUE,TRUE,32,0.5633048689873147,0.986431388137379,1.2035929297387,1.616803652858093,1.3039146851149703,0.7866587952329938,1.0822548414438464,0.8266454328621111,0.28650819402883054
DIEGO,4147,DIEGO,EUROPE,1290,diego__diego_1290,diego,Survey_September2023_cleaned,Survey_September2023_cleaned.xlsx,diego_1290,NA,NA,DE,DE,western_europe,65_plus,female,other,usable_complete,TRUE,TRUE,32,0.9446159395158515,1.1523340796463877,0.7277925852126488,1.2830013166599015,0.8801999850665588,0.5958382992515434,0.8276436823911549,1.031480083989625,1.9234414672108984
DIEGO,4148,DIEGO,EUROPE,1291,diego__diego_1291,diego,Survey_September2023_cleaned,Survey_September2023_cleaned.xlsx,diego_1291,NA,NA,NL,NL,western_europe,18_24,male,employed,usable_complete,TRUE,TRUE,32,0.9052987056120569,0.7838165984746048,1.1676318805276666,0.706739573876264,0.5590580984478614,0.5570543847971525,0.500218791909997,0.6212226347705094,0.2649305540047719
DIEGO,4149,DIEGO,EUROPE,1292,diego__diego_1292,diego,Survey_September2023_cleaned,Survey_September2023_cleaned.xlsx,diego_1292,NA,NA,DE,DE,western_europe,25_34,male,employed,usable_complete,TRUE,TRUE,32,0.3466902056785181,0.8154257030174491,0.9434503677000359,0.36668094106960397,1.0306821802859814,0.7898795406693236,0.5288268560672449,0.448338978897842,0.08836870954656553
DIEGO,4150,DIEGO,EUROPE,1293,diego__diego_1293,diego,Survey_September2023_cleaned,Survey_September2023_cleaned.xlsx,diego_1293,NA,NA,NL,NL,western_europe,18_24,male,employed,usable_complete,TRUE,TRUE,32,1.1502203900875336,0.5608654540491418,0.7466495982265745,0.6864697691727414,0.8429760337466081,0.5749198603893476,0.7176494978129042,0.5434441573955215,0.8434912887341407
DIEGO,4151,DIEGO,EUROPE,1294,diego__diego_1294,diego,Survey_September2023_cleaned,Survey_September2023_cleaned.xlsx,diego_1294,NA,NA,NL,NL,western_europe,25_34,male,unemployed,usable_complete,TRUE,TRUE,32,0.5291302926704384,0.7523701605306301,1.8483595411393554,0.542193938312947,0.8425641942932822,0.5779452935508127,0.6798134631404024,0.7904377760017706,0.7454758330708352
DIEGO,4152,DIEGO,EUROPE,1295,diego__diego_1295,diego,Survey_September2023_cleaned,Survey_September2023_cleaned.xlsx,diego_1295,NA,NA,DE,DE,western_europe,25_34,male,employed,usable_complete,TRUE,TRUE,32,0.5639642418084538,0.7091510085792321,1.0607180153330784,0.8121443146007269,0.4331859312629993,1.071465608667501,1.101247822830569,0.5016208507118581,1.1738097181796294
DIEGO,4153,DIEGO,EUROPE,1296,diego__diego_1296,diego,Survey_September2023_cleaned,Survey_September2023_cleaned.xlsx,diego_1296,NA,NA,BE,BE,western_europe,18_24,female,unemployed,usable_complete,TRUE,TRUE,32,0.6361371055224774,0.804328963814849,0.4461466321939409,0.42828757163614445,0.5729411347427384,0.7864983611363253,0.6840821642231624,1.259991403553286,0.526014187215924
DIEGO,4154,DIEGO,EUROPE,1297,diego__diego_1297,diego,Survey_September2023_cleaned,Survey_September2023_cleaned.xlsx,diego_1297,NA,NA,DE,DE,western_europe,18_24,male,student,usable_complete,TRUE,TRUE,32,0.8853465888376397,0.472134204773375,0.8035154818857808,1.1076158637214013,1.1881259934219548,0.5128282104956876,0.7703023891038859,0.8969956172865282,0.5454802272661924
DIEGO,4155,DIEGO,EUROPE,1298,diego__diego_1298,diego,Survey_September2023_cleaned,Survey_September2023_cleaned.xlsx,diego_1298,NA,NA,DE,DE,western_europe,18_24,female,student,usable_complete,TRUE,TRUE,32,0.7602826684796871,0.7998369933507544,0.6637500096169521,0.5661613265487314,0.5928070120534373,1.4150550913549491,1.1041189321318492,0.7599632489274342,0.736328929144016
DIEGO,4156,DIEGO,EUROPE,1299,diego__diego_1299,diego,Survey_September2023_cleaned,Survey_September2023_cleaned.xlsx,diego_1299,NA,NA,BE,BE,western_europe,25_34,male,employed,usable_complete,TRUE,TRUE,32,0.7090487404279185,1.1180788175288563,0.8560317089069688,0.9791728569044856,0.7508865455877078,1.4770061970403958,0.577323376891407,0.7715830266295162,0.6652040711446978
DIEGO,4157,DIEGO,EUROPE,1300,diego__diego_1300,diego,Survey_September2023_cleaned,Survey_September2023_cleaned.xlsx,diego_1300,NA,NA,NL,NL,western_europe,18_24,other,student,usable_complete_limited_metadata,TRUE,TRUE,32,0.5131906226664893,0.43067946466205376,0.9999255545578951,0.6867703555612263,0.36354359398623987,0.8393224275805723,0.8288423733750356,0.2006953434260629,0.2843082274703673
DIEGO,4158,DIEGO,EUROPE,1301,diego__diego_1301,diego,Survey_September2023_cleaned,Survey_September2023_cleaned.xlsx,diego_1301,NA,NA,DE,DE,western_europe,18_24,male,unemployed,usable_complete,TRUE,TRUE,32,0.7329407401386383,0.8550543735600067,1.11995392841742,0.9584987539900153,0.3920682285049199,1.0319539175958858,0.9498336233793279,0.8387645609481643,0.9909391515704182
DIEGO,4159,DIEGO,EUROPE,1302,diego__diego_1302,diego,Survey_September2023_cleaned,Survey_September2023_cleaned.xlsx,diego_1302,NA,NA,DE,DE,western_europe,45_54,male,employed,usable_complete,TRUE,TRUE,32,0.560915798486826,1.0612792681141592,0.8172679556134763,0.9203773491621919,1.0247511724666005,0.8767889252286499,1.1172464325024813,0.7184857481768016,0.8895960466859938
DIEGO,4160,DIEGO,EUROPE,1303,diego__diego_1303,diego,Survey_September2023_cleaned,Survey_September2023_cleaned.xlsx,diego_1303,NA,NA,NL,NL,western_europe,65_plus,female,employed,usable_complete,TRUE,TRUE,32,0.9381754867858605,0.814363183981011,0.8291556755743418,0.9260625335188367,0.968941080820091,0.5649945547356101,0.42175803850683574,0.497167020002234,0.8487142555141732
DIEGO,4161,DIEGO,EUROPE,1304,diego__diego_1304,diego,Survey_September2023_cleaned,Survey_September2023_cleaned.xlsx,diego_1304,NA,NA,NL,NL,western_europe,25_34,male,employed,usable_complete,TRUE,TRUE,32,0.7292775236192647,0.9179064962428127,1.1983320489181815,0.5956990623795496,0.7480917650971779,0.7156116104110416,0.7799462716021851,0.7184304508048155,0.4680776869150497
DIEGO,4162,DIEGO,EUROPE,1305,diego__diego_1305,diego,Survey_September2023_cleaned,Survey_September2023_cleaned.xlsx,diego_1305,NA,NA,DE,DE,western_europe,25_34,male,employed,usable_complete,TRUE,TRUE,32,0.6849337005150593,0.9749634340984319,1.0367090642665413,1.0496977468500874,0.174080813407162,0.9832792507499806,0.8623987502772603,0.6906301606772818,1.001298594138838
DIEGO,4163,DIEGO,EUROPE,1306,diego__diego_1306,diego,Survey_September2023_cleaned,Survey_September2023_cleaned.xlsx,diego_1306,NA,NA,DE,DE,western_europe,25_34,male,self_employed,usable_complete,TRUE,TRUE,32,0.7221610011897532,1.5504524874449181,0.9953713285934377,0.7252480572628999,1.1818490600044735,0.5552462745320493,1.2257323229672994,0.5916040487126671,0.5831863948067502
DIEGO,4164,DIEGO,EUROPE,1307,diego__diego_1307,diego,Survey_September2023_cleaned,Survey_September2023_cleaned.xlsx,diego_1307,NA,NA,BE,BE,western_europe,25_34,male,employed,usable_complete,TRUE,TRUE,32,1.3438489363250485,0.8506987786283507,1.1567717396443946,0.6223441898037981,0.9164531586419222,0.8912055516283333,0.5214960054190628,0.4223623785931299,0.7135154293729464
DIEGO,4165,DIEGO,EUROPE,1308,diego__diego_1308,diego,Survey_September2023_cleaned,Survey_September2023_cleaned.xlsx,diego_1308,NA,NA,OTHER_EU,OTHER_COUNTRIES,other_region,25_34,female,employed,usable_complete,TRUE,TRUE,32,0.9617678456917522,0.642891153802808,0.5977561852832691,0.5022026192135909,0.05560254751835378,0.6873703585937689,0.6814433085301669,0.7981253064935677,0.9159321327979436
DIEGO,4166,DIEGO,EUROPE,1309,diego__diego_1309,diego,Survey_September2023_cleaned,Survey_September2023_cleaned.xlsx,diego_1309,NA,NA,NL,NL,western_europe,25_34,male,employed,usable_complete,TRUE,TRUE,32,1.1180503164712234,0.8759447262653244,0.8933558078250396,0.6432116717148425,0.5045506846426093,0.6344964387541109,0.6863988966901096,1.1131496374087386,1.3558918974241858
DIEGO,4167,DIEGO,EUROPE,1310,diego__diego_1310,diego,Survey_September2023_cleaned,Survey_September2023_cleaned.xlsx,diego_1310,NA,NA,NL,NL,western_europe,18_24,male,student,usable_complete,TRUE,TRUE,32,0.8755548647166873,0.6155270696718188,0.8693115806041846,0.6786851510858499,0.7535952146278955,0.8553614688603481,0.9243201241549783,0.4790748380158849,0.9256932217083484
DIEGO,4168,DIEGO,EUROPE,1311,diego__diego_1311,diego,Survey_September2023_cleaned,Survey_September2023_cleaned.xlsx,diego_1311,NA,NA,DE,DE,western_europe,25_34,female,employed,usable_complete,TRUE,TRUE,32,0.9110722844521627,0.54634616496537,1.0760493158976223,0.6012479394467672,0.692574122098109,0.4028822905192253,0.6441031369776556,0.5777147597423623,1.3296563149161624
DIEGO,4169,DIEGO,EUROPE,1312,diego__diego_1312,diego,Survey_September2023_cleaned,Survey_September2023_cleaned.xlsx,diego_1312,NA,NA,DE,DE,western_europe,25_34,male,employed,usable_complete,TRUE,TRUE,32,0.5586366299785385,0.9814241115329349,0.8456859798330434,1.011268381710566,0.7025868560927682,0.44721371671153043,0.8381062303964469,1.708990929411492,0.8926129071508306
DIEGO,4170,DIEGO,EUROPE,1313,diego__diego_1313,diego,Survey_September2023_cleaned,Survey_September2023_cleaned.xlsx,diego_1313,NA,NA,NL,NL,western_europe,25_34,female,employed,usable_complete,TRUE,TRUE,32,0.7440643095090814,1.3738596190174457,0.37962718574248244,1.0048404437548375,0.31317771180086773,0.5833037522062308,0.3809184031410737,1.171024049222716,0.8188171856340198
DIEGO,4171,DIEGO,EUROPE,1314,diego__diego_1314,diego,Survey_September2023_cleaned,Survey_September2023_cleaned.xlsx,diego_1314,NA,NA,DE,DE,western_europe,18_24,male,unemployed,usable_complete,TRUE,TRUE,32,1.7327261818008393,0.7910466419457819,1.304830482371894,1.1559595450130888,0.593343824047074,1.5776363952180268,0.8773108021043485,0.6577784887323807,1.926432950472411
DIEGO,4172,DIEGO,EUROPE,1315,diego__diego_1315,diego,Survey_September2023_cleaned,Survey_September2023_cleaned.xlsx,diego_1315,NA,NA,DE,DE,western_europe,25_34,male,employed,usable_complete,TRUE,TRUE,32,1.4601236470803753,1.1604135515120855,0.4985635819514256,0.7273510537361836,0.989114721758419,1.2418027506942897,0.947066969895522,1.6715871831166036,1.620584954127473
DIEGO,4173,DIEGO,EUROPE,1316,diego__diego_1316,diego,Survey_September2023_cleaned,Survey_September2023_cleaned.xlsx,diego_1316,NA,NA,DE,DE,western_europe,18_24,male,student,usable_complete,TRUE,TRUE,32,1.0295559048611211,0.8167966497827044,0.8777462255588032,1.0999075925994382,1.035945103604473,0.8901281071008689,0.7909294459740703,0.8496823843170892,1.7222970781558122
DIEGO,4174,DIEGO,EUROPE,1317,diego__diego_1317,diego,Survey_September2023_cleaned,Survey_September2023_cleaned.xlsx,diego_1317,NA,NA,DE,DE,western_europe,18_24,male,student,usable_complete,TRUE,TRUE,32,0.7031282453632239,0.47286798001214225,1.2783885227593532,0.9037409731586695,0.7775126064820908,0.9251782320934326,1.098700097320449,1.3543730065466997,0.8548917331705083
DIEGO,4175,DIEGO,EUROPE,1318,diego__diego_1318,diego,Survey_September2023_cleaned,Survey_September2023_cleaned.xlsx,diego_1318,NA,NA,DE,DE,western_europe,25_34,male,self_employed,usable_complete,TRUE,TRUE,32,1.3758489092407609,0.5293683050855912,0.436243206546469,1.3463845931356389,1.0595658720344976,1.290202321733204,1.0641619561517661,0.796565145296991,1.2038015722573736
DIEGO,4176,DIEGO,EUROPE,1319,diego__diego_1319,diego,Survey_September2023_cleaned,Survey_September2023_cleaned.xlsx,diego_1319,NA,NA,NL,NL,western_europe,18_24,male,student,usable_complete,TRUE,TRUE,32,0.6763205563078358,0.5867633183923919,0.4726220458330695,0.5359591779467616,0.5345867995433982,0.9280838705559593,1.6169251068224515,0.8367745571033532,0.9307223489920308
DIEGO,4177,DIEGO,EUROPE,1320,diego__diego_1320,diego,Survey_September2023_cleaned,Survey_September2023_cleaned.xlsx,diego_1320,NA,NA,DE,DE,western_europe,25_34,male,employed,usable_complete,TRUE,TRUE,32,1.1130181542299926,1.1427030963173959,1.0591942763230524,1.2881115063937172,0.37754859034732907,0.9371205996557351,0.5808349420470057,1.0376647159340266,0.6541022541739603
DIEGO,4178,DIEGO,EUROPE,1321,diego__diego_1321,diego,Survey_September2023_cleaned,Survey_September2023_cleaned.xlsx,diego_1321,NA,NA,DE,DE,western_europe,25_34,male,employed,usable_complete,TRUE,TRUE,32,0.6938083943765503,0.8424663847012949,1.3124339797804605,0.9689163412093792,0.4900548075952726,0.9790970463177573,0.5430194966303037,0.8813364631471904,0.8996517217888418
DIEGO,4179,DIEGO,EUROPE,1322,diego__diego_1322,diego,Survey_September2023_cleaned,Survey_September2023_cleaned.xlsx,diego_1322,NA,NA,DE,DE,western_europe,25_34,male,student,usable_complete,TRUE,TRUE,32,0.8407734284089077,0.7223859669421235,0.8361295305562522,0.6662010667258127,1.3927587478791663,0.6514082038082118,0.5522284256053722,0.47909190383665384,0.7780755327174106
DIEGO,4180,DIEGO,EUROPE,1323,diego__diego_1323,diego,Survey_September2023_cleaned,Survey_September2023_cleaned.xlsx,diego_1323,NA,NA,NL,NL,western_europe,18_24,female,employed,usable_complete,TRUE,TRUE,32,0.7998236801388965,0.7851410492234348,0.7014571665179863,1.1631345254373067,0.6178825783874419,0.6237376233014713,1.2441452238166448,0.9506217167186138,1.8258987349050724
DIEGO,4181,DIEGO,EUROPE,1324,diego__diego_1324,diego,Survey_September2023_cleaned,Survey_September2023_cleaned.xlsx,diego_1324,NA,NA,DE,DE,western_europe,18_24,male,student,usable_complete,TRUE,TRUE,32,1.1532366102864593,0.6217670891370805,1.643661656120146,0.6659531451608248,0.3023382956266162,0.7159490552988083,1.1076958669870076,0.7570648438492834,1.0618929351870283
DIEGO,4182,DIEGO,EUROPE,1325,diego__diego_1325,diego,Survey_September2023_cleaned,Survey_September2023_cleaned.xlsx,diego_1325,NA,NA,DE,DE,western_europe,25_34,male,employed,usable_complete,TRUE,TRUE,32,0.8123833002053407,0.7472198756646331,1.2154002519165832,0.5660751763001762,1.157016930724041,0.5813512419433516,0.8729460487638112,0.5380154089513838,1.0714845596188258
DIEGO,4183,DIEGO,EUROPE,1326,diego__diego_1326,diego,Survey_September2023_cleaned,Survey_September2023_cleaned.xlsx,diego_1326,NA,NA,DE,DE,western_europe,25_34,male,student,usable_complete,TRUE,TRUE,32,1.5400699684599193,0.5461025873512925,1.2767166099885565,0.21246469363330278,0.6111999138937381,0.7257867549268572,0.8787286548760889,0.8768053671119534,1.0229058504441766
DIEGO,4184,DIEGO,EUROPE,1327,diego__diego_1327,diego,Survey_September2023_cleaned,Survey_September2023_cleaned.xlsx,diego_1327,NA,NA,NL,NL,western_europe,18_24,male,employed,usable_complete,TRUE,TRUE,32,0.4168040122165685,0.37298107968230826,1.0573158436533892,0.6435737177993679,0.24647071090720887,0.8562900363656171,0.5286134887466284,0.1529476255539305,0.08540482341507907
DIEGO,4185,DIEGO,EUROPE,1328,diego__diego_1328,diego,Survey_September2023_cleaned,Survey_September2023_cleaned.xlsx,diego_1328,NA,NA,NL,NL,western_europe,25_34,male,employed,usable_complete,TRUE,TRUE,32,0.944012084713409,1.2715787401619951,0.9369599630126562,0.951023647586369,0.9134764148882573,0.5495767335174759,0.6536940456400926,1.2225930571725774,0.8713376652993
DIEGO,4186,DIEGO,EUROPE,1329,diego__diego_1329,diego,Survey_September2023_cleaned,Survey_September2023_cleaned.xlsx,diego_1329,NA,NA,NL,NL,western_europe,18_24,female,employed,usable_complete,TRUE,TRUE,32,0.493514258620415,0.7357745018641575,0.5625840918847518,1.0506808972489747,0.6650533317687337,1.1104722259180908,0.7527075356996726,0.42727559283611005,0.09549031432025953
DIEGO,4187,DIEGO,EUROPE,1330,diego__diego_1330,diego,Survey_September2023_cleaned,Survey_September2023_cleaned.xlsx,diego_1330,NA,NA,BE,BE,western_europe,25_34,female,student,usable_complete,TRUE,TRUE,32,0.6578144924632746,0.8679524393662136,0.4281325190393465,0.2541300982004273,1.0458740561415956,0.9668583643825877,0.7602954709884184,0.587376352542913,0.7172441474673459
DIEGO,4188,DIEGO,EUROPE,1331,diego__diego_1331,diego,Survey_September2023_cleaned,Survey_September2023_cleaned.xlsx,diego_1331,NA,NA,DE,DE,western_europe,18_24,male,student,usable_complete,TRUE,TRUE,32,0.6674311566922375,0.3784206668500157,0.8289294264097616,1.4453827864823288,0.7312240237507668,1.2162319355965523,1.5002134591809653,0.7547388315596762,1.3545888782120392
DIEGO,4189,DIEGO,EUROPE,1332,diego__diego_1332,diego,Survey_September2023_cleaned,Survey_September2023_cleaned.xlsx,diego_1332,NA,NA,DE,DE,western_europe,18_24,other,student,usable_complete_limited_metadata,TRUE,TRUE,32,1.1022339262590801,1.3117278117807365,0.7050963813454477,0.21759960706803017,0.5898338976677906,0.724185076652907,1.0461211349318307,1.3500531307806132,0.44042991376760043
DIEGO,4190,DIEGO,EUROPE,1333,diego__diego_1333,diego,Survey_September2023_cleaned,Survey_September2023_cleaned.xlsx,diego_1333,NA,NA,NL,NL,western_europe,18_24,female,employed,usable_complete,TRUE,TRUE,32,0.7430138902696187,0.8823528669641572,0.6779269156377825,1.2418397751178654,0.9305468985686235,0.6946716536312578,1.195768129865169,1.0598090192708596,0.8594501504932087
DIEGO,4191,DIEGO,EUROPE,1334,diego__diego_1334,diego,Survey_September2023_cleaned,Survey_September2023_cleaned.xlsx,diego_1334,NA,NA,DE,DE,western_europe,25_34,male,employed,usable_complete,TRUE,TRUE,32,0.9567819172886889,0.5067167251521753,0.4941302091774588,1.2446215967728416,0.8430296437070159,1.048275997462676,0.9869929607111976,1.0168010489429704,1.1174850955845168
DIEGO,4192,DIEGO,EUROPE,1335,diego__diego_1335,diego,Survey_September2023_cleaned,Survey_September2023_cleaned.xlsx,diego_1335,NA,NA,DE,DE,western_europe,25_34,male,employed,usable_complete,TRUE,TRUE,32,0.9560871978445799,0.7845731418331344,0.919783477308747,0.7463809888462504,0.44492823022450584,1.0405947203083235,1.234781344804808,1.0799207555021242,1.3692463538931423
DIEGO,4193,DIEGO,EUROPE,1336,diego__diego_1336,diego,Survey_September2023_cleaned,Survey_September2023_cleaned.xlsx,diego_1336,NA,NA,DE,DE,western_europe,65_plus,female,retired,usable_complete,TRUE,TRUE,32,0.4186713358045844,0.7076911132973197,0.9498774362974558,1.082813288338856,1.457878812538271,0.2818617172447631,0.87213410959382,0.6981881119425223,0.33671314272792247
DIEGO,4194,DIEGO,EUROPE,1337,diego__diego_1337,diego,Survey_September2023_cleaned,Survey_September2023_cleaned.xlsx,diego_1337,NA,NA,BE,BE,western_europe,18_24,female,unemployed,usable_complete,TRUE,TRUE,32,0.7194545153139948,0.7541370003867849,0.6669348109610456,0.9470938918730845,0.5805648157509544,0.7144359333649931,1.0746151633783492,1.318015718331931,0.3262813058190395
DIEGO,4195,DIEGO,EUROPE,1338,diego__diego_1338,diego,Survey_September2023_cleaned,Survey_September2023_cleaned.xlsx,diego_1338,NA,NA,NL,NL,western_europe,18_24,male,student,usable_complete,TRUE,TRUE,32,0.49013397717750073,0.8982478196125292,1.011394920312632,0.643959395987775,0.9001017494312576,0.48512897282896017,0.4536960539696465,0.8763801675264692,1.125991119188658
DIEGO,4196,DIEGO,EUROPE,1339,diego__diego_1339,diego,Survey_September2023_cleaned,Survey_September2023_cleaned.xlsx,diego_1339,NA,NA,DE,DE,western_europe,25_34,female,employed,usable_complete,TRUE,TRUE,32,0.9944689559170922,1.1912172072248115,0.7741750045489282,0.1385523828606911,0.17959171744998892,0.8310102341431779,1.0143366880861708,0.5040162626373144,0.4165851684264029
DIEGO,4197,DIEGO,EUROPE,1340,diego__diego_1340,diego,Survey_September2023_cleaned,Survey_September2023_cleaned.xlsx,diego_1340,NA,NA,DE,DE,western_europe,18_24,male,student,usable_complete,TRUE,TRUE,32,0.4967909329824307,1.3211507224963341,0.5564653792432164,1.032234885187002,1.1166988217659273,0.8840417278439097,1.148497998589224,0.5338380832424746,0.2356441946447303
DIEGO,4198,DIEGO,EUROPE,1341,diego__diego_1341,diego,Survey_September2023_cleaned,Survey_September2023_cleaned.xlsx,diego_1341,NA,NA,DE,DE,western_europe,45_54,male,employed,usable_complete,TRUE,TRUE,32,1.1179836100234897,0.5746336838981696,1.0646274380277394,1.3248843112354771,0.8470736586025127,0.43384874777600574,0.8524209612167708,1.032342688558188,1.2159794371601775
DIEGO,4199,DIEGO,EUROPE,1342,diego__diego_1342,diego,Survey_September2023_cleaned,Survey_September2023_cleaned.xlsx,diego_1342,NA,NA,DE,DE,western_europe,18_24,male,employed,usable_complete,TRUE,TRUE,32,0.8937980691571372,0.7924610040439697,1.0375643094977334,1.2302667868057242,0.4203292308216775,0.9212737761423657,0.8896590064275018,0.5655285557865085,0.964149880463486
DIEGO,4200,DIEGO,EUROPE,1343,diego__diego_1343,diego,Survey_September2023_cleaned,Survey_September2023_cleaned.xlsx,diego_1343,NA,NA,DE,DE,western_europe,25_34,male,employed,usable_complete,TRUE,TRUE,32,0.7490202000228737,1.4748887516838867,0.92769914849429,0.8607799993407422,1.2065665758901767,1.144883752554791,0.7203597520420483,0.5474797126092145,1.0138520184240853
DIEGO,4201,DIEGO,EUROPE,1344,diego__diego_1344,diego,Survey_September2023_cleaned,Survey_September2023_cleaned.xlsx,diego_1344,NA,NA,DE,DE,western_europe,25_34,male,employed,usable_complete,TRUE,TRUE,32,1.341751940759575,0.7633427780349625,0.6139529611102874,0.5256790998627747,1.015460878073629,0.48814746884271754,1.0333494535295573,0.7063187079059429,0.9502367218584284
DIEGO,4202,DIEGO,EUROPE,1345,diego__diego_1345,diego,Survey_September2023_cleaned,Survey_September2023_cleaned.xlsx,diego_1345,NA,NA,DE,DE,western_europe,65_plus,male,retired,usable_complete,TRUE,TRUE,32,0.39297364028289167,0.6631392905079565,0.836115884514425,0.5477903361440967,1.717074081080881,1.3501758241739512,0.322237230139652,1.3207366223077743,0.09597688553908508
DIEGO,4203,DIEGO,EUROPE,1346,diego__diego_1346,diego,Survey_September2023_cleaned,Survey_September2023_cleaned.xlsx,diego_1346,NA,NA,BE,BE,western_europe,25_34,male,employed,usable_complete,TRUE,TRUE,32,1.2172461749005052,0.2355344989998714,0.6707162936124843,0.6018454971250766,0.39839618116060765,0.5822399320483631,0.4679121477745178,0.4921627649217653,0.23046841680236493
DIEGO,4204,DIEGO,EUROPE,1347,diego__diego_1347,diego,Survey_September2023_cleaned,Survey_September2023_cleaned.xlsx,diego_1347,NA,NA,NL,NL,western_europe,18_24,female,employed,usable_complete,TRUE,TRUE,32,0.7918603039125734,0.5081609245180385,0.482953602059556,0.871284439234065,0.5652229695908304,0.7788377259448245,1.0010696534210755,0.9646677602806918,1.5410765355540637
DIEGO,4205,DIEGO,EUROPE,1348,diego__diego_1348,diego,Survey_September2023_cleaned,Survey_September2023_cleaned.xlsx,diego_1348,NA,NA,DE,DE,western_europe,25_34,female,self_employed,usable_complete,TRUE,TRUE,32,0.7556703755678968,0.8527933860900151,0.517037708050381,0.49215440362042645,0.4109566487777935,0.9300760180826353,0.6409297120978921,0.6965266950540491,0.45646896570947587
DIEGO,4206,DIEGO,EUROPE,1349,diego__diego_1349,diego,Survey_September2023_cleaned,Survey_September2023_cleaned.xlsx,diego_1349,NA,NA,DE,DE,western_europe,25_34,female,employed,usable_complete,TRUE,TRUE,32,0.6661397380059113,0.9291456309218189,1.0396362747654575,0.9613132302857311,0.4196823790517287,0.814386059207048,0.9630072649703447,0.9607050553888321,0.5188970949313709
DIEGO,4207,DIEGO,EUROPE,1350,diego__diego_1350,diego,Survey_September2023_cleaned,Survey_September2023_cleaned.xlsx,diego_1350,NA,NA,DE,DE,western_europe,18_24,male,employed,usable_complete,TRUE,TRUE,32,1.3141683618723023,0.9769933787295795,0.4824172238958977,1.1582493952040178,0.7966255875356947,0.86630575083594,0.6283891024102071,0.642669377093624,0.9776915968414157
DIEGO,4208,DIEGO,EUROPE,1351,diego__diego_1351,diego,Survey_September2023_cleaned,Survey_September2023_cleaned.xlsx,diego_1351,NA,NA,DE,DE,western_europe,25_34,male,other,usable_complete,TRUE,TRUE,32,0.3541951099711516,0.41032508108505233,0.7025005628239753,0.3853889301069735,0.5453618628392859,0.7269387335294926,0.7093227769589652,0.7465996064934188,0.6467415625774838
DIEGO,4209,DIEGO,EUROPE,1352,diego__diego_1352,diego,Survey_September2023_cleaned,Survey_September2023_cleaned.xlsx,diego_1352,NA,NA,DE,DE,western_europe,18_24,female,student,usable_complete,TRUE,TRUE,32,0.3904201738066851,0.9074408647001166,0.4865559774026991,0.8274370972331199,1.4682740620821972,0.7415147134571645,1.0448628174132706,1.2992044267346126,0.8139898699290155
DIEGO,4210,DIEGO,EUROPE,1353,diego__diego_1353,diego,Survey_September2023_cleaned,Survey_September2023_cleaned.xlsx,diego_1353,NA,NA,NL,NL,western_europe,25_34,male,self_employed,usable_complete,TRUE,TRUE,32,0.6362752348717228,1.1388597660643638,0.9428592919856961,0.9198572321345168,0.25948813303545926,0.4624825602714754,0.5781060444021254,0.6253489619075243,0.20623394537458675
DIEGO,4211,DIEGO,EUROPE,1354,diego__diego_1354,diego,Survey_September2023_cleaned,Survey_September2023_cleaned.xlsx,diego_1354,NA,NA,NL,NL,western_europe,25_34,male,employed,usable_complete,TRUE,TRUE,32,1.0229953481251652,0.779447208715273,1.2712294565598745,1.3030197882102474,0.5236191296169068,0.2747578191280357,0.966051605245186,0.8923756977077004,0.28905252682217386
DIEGO,4212,DIEGO,EUROPE,1355,diego__diego_1355,diego,Survey_September2023_cleaned,Survey_September2023_cleaned.xlsx,diego_1355,NA,NA,NL,NL,western_europe,25_34,male,employed,usable_complete,TRUE,TRUE,32,0.657651057384855,1.5432116377370153,0.9182631514829239,1.0504904293373378,0.4461777243702153,0.5688315199857631,1.1002862225428718,0.7787337218306157,1.0687795821833572
DIEGO,4213,DIEGO,EUROPE,1356,diego__diego_1356,diego,Survey_September2023_cleaned,Survey_September2023_cleaned.xlsx,diego_1356,NA,NA,DE,DE,western_europe,18_24,female,student,usable_complete,TRUE,TRUE,32,0.7923424723149886,0.5248855417046424,0.9990814241003825,0.9672383354825138,0.5980366957087782,0.6327311700526048,0.9205566175030759,1.068984523004328,0.6382032773516747
DIEGO,4214,DIEGO,EUROPE,1357,diego__diego_1357,diego,Survey_September2023_cleaned,Survey_September2023_cleaned.xlsx,diego_1357,NA,NA,NL,NL,western_europe,25_34,female,employed,usable_complete,TRUE,TRUE,32,0.5348886898274531,0.8284806939479084,1.042990109852154,0.4214553739777694,1.0373673082020929,0.947404163386305,0.8421240494612137,0.9109344241299174,0.5221427019427788
DIEGO,4215,DIEGO,EUROPE,1358,diego__diego_1358,diego,Survey_September2023_cleaned,Survey_September2023_cleaned.xlsx,diego_1358,NA,NA,NL,NL,western_europe,25_34,male,unemployed,usable_complete,TRUE,TRUE,32,1.1142559748022052,0.9627254734374363,0.428333939392317,0.373427965252225,1.1027856944625598,1.249919239366605,1.0206111988384179,0.7125916430605482,0.49880166548049565
DIEGO,4216,DIEGO,EUROPE,1359,diego__diego_1359,diego,Survey_September2023_cleaned,Survey_September2023_cleaned.xlsx,diego_1359,NA,NA,DE,DE,western_europe,18_24,male,student,usable_complete,TRUE,TRUE,32,0.7028619785776473,1.4692838390461505,0.8531063163890261,0.8143034771661343,0.43895971833764724,0.8622849322439597,0.8129607681081884,0.41688915600694326,0.9922059643898324
DIEGO,4217,DIEGO,EUROPE,1360,diego__diego_1360,diego,Survey_September2023_cleaned,Survey_September2023_cleaned.xlsx,diego_1360,NA,NA,DE,DE,western_europe,18_24,female,student,usable_complete,TRUE,TRUE,32,0.6454126384517482,0.49194050241461224,0.5157249908447743,0.472607161212031,0.2163406300628105,0.3267745726023891,1.0655668989795923,0.6723121198399958,0.5486230631677711
DIEGO,4218,DIEGO,EUROPE,1361,diego__diego_1361,diego,Survey_September2023_cleaned,Survey_September2023_cleaned.xlsx,diego_1361,NA,NA,NL,NL,western_europe,18_24,female,other,usable_complete,TRUE,TRUE,32,0.6444487461323172,0.3749820573657892,1.118896247363408,1.0794239284763885,0.9098818253920948,0.5922504322555916,0.8105871278850134,0.6419654711134443,0.2804897922186604
DIEGO,4219,DIEGO,EUROPE,1362,diego__diego_1362,diego,Survey_September2023_cleaned,Survey_September2023_cleaned.xlsx,diego_1362,NA,NA,DE,DE,western_europe,18_24,male,student,usable_complete,TRUE,TRUE,32,1.1577454088512633,0.6758403778425235,0.9820475892258024,0.7916593878039097,1.1997594718115479,1.920331215707666,0.6336124741889886,0.5426790144648432,0.783950318690786
DIEGO,4220,DIEGO,EUROPE,1363,diego__diego_1363,diego,Survey_September2023_cleaned,Survey_September2023_cleaned.xlsx,diego_1363,NA,NA,DE,DE,western_europe,25_34,male,employed,usable_complete,TRUE,TRUE,32,0.7782721308671247,1.2498819931092706,0.5341112754262738,0.7369243997442677,1.3933306975353017,0.8213784461866112,0.7479861054512911,1.296244726711102,0.7218145720932958
DIEGO,4221,DIEGO,EUROPE,1364,diego__diego_1364,diego,Survey_September2023_cleaned,Survey_September2023_cleaned.xlsx,diego_1364,NA,NA,DE,DE,western_europe,25_34,male,employed,usable_complete,TRUE,TRUE,32,0.9150126551376326,0.8194036718932337,1.2118153646371213,0.9339797268932329,1.1264114288321267,1.0674639847994016,0.43893010257838483,0.7838376504397621,1.169731254136722
DIEGO,4222,DIEGO,EUROPE,1365,diego__diego_1365,diego,Survey_September2023_cleaned,Survey_September2023_cleaned.xlsx,diego_1365,NA,NA,NL,NL,western_europe,25_34,female,employed,usable_complete,TRUE,TRUE,32,0.8482718852682282,0.5890775040266575,0.37225982120581774,0.6783327441584142,0.9910672054117919,0.6172328918094983,0.41992662954508775,1.028876266827478,0.3698120010791129
DIEGO,4223,DIEGO,EUROPE,1366,diego__diego_1366,diego,Survey_September2023_cleaned,Survey_September2023_cleaned.xlsx,diego_1366,NA,NA,NL,NL,western_europe,25_34,female,self_employed,usable_complete,TRUE,TRUE,32,1.0879073676064834,0.7928160216348752,1.1111639133433433,0.6495659494383619,0.35745718307577345,1.262735487438039,0.7919364376304034,0.540985592559207,0.8390772197666285
DIEGO,4224,DIEGO,EUROPE,1367,diego__diego_1367,diego,Survey_September2023_cleaned,Survey_September2023_cleaned.xlsx,diego_1367,NA,NA,DE,DE,western_europe,25_34,male,employed,usable_complete,TRUE,TRUE,32,0.5803647810041825,0.9364810426319505,1.4719259436358303,0.8509231135129292,0.29353862035729605,1.382272182966649,0.8329507584385144,1.124760648201739,1.2541298013270865
DIEGO,4225,DIEGO,EUROPE,1368,diego__diego_1368,diego,Survey_September2023_cleaned,Survey_September2023_cleaned.xlsx,diego_1368,NA,NA,DE,DE,western_europe,25_34,male,employed,usable_complete,TRUE,TRUE,32,0.7387188399589084,0.991261755716039,0.6968756814185386,0.40603750746794964,0.5975957529064032,0.52617485635905,1.0764205657769381,0.647502171629743,0.6720195836350245
DIEGO,4226,DIEGO,EUROPE,1369,diego__diego_1369,diego,Survey_September2023_cleaned,Survey_September2023_cleaned.xlsx,diego_1369,NA,NA,BE,BE,western_europe,45_54,male,employed,usable_complete,TRUE,TRUE,32,0.44698391985842845,0.9820419312689352,0.625995514837023,0.3896176058578455,1.6667847193268774,0.8118319779557701,1.030799812835662,1.231868570342838,0.7343005277563135
DIEGO,4227,DIEGO,EUROPE,1370,diego__diego_1370,diego,Survey_September2023_cleaned,Survey_September2023_cleaned.xlsx,diego_1370,NA,NA,DE,DE,western_europe,25_34,male,employed,usable_complete,TRUE,TRUE,32,0.9693338307448838,1.0452006834308472,0.5855777541288507,1.1341411778794166,1.4743859570120827,0.5459389653572102,0.7460679394709364,0.7510385707007426,0.5293478035166423
DIEGO,4228,DIEGO,EUROPE,1371,diego__diego_1371,diego,Survey_September2023_cleaned,Survey_September2023_cleaned.xlsx,diego_1371,NA,NA,DE,DE,western_europe,18_24,female,student,usable_complete,TRUE,TRUE,32,1.0779641510737634,0.44673480009127065,1.0891898852930735,0.7399436206065243,1.0433858252526305,1.0059402563461,1.1787171885373906,0.7357811767252874,1.14165368940154
DIEGO,4229,DIEGO,EUROPE,1372,diego__diego_1372,diego,Survey_September2023_cleaned,Survey_September2023_cleaned.xlsx,diego_1372,NA,NA,DE,DE,western_europe,18_24,male,student,usable_complete,TRUE,TRUE,32,0.6930348473789123,0.8042074861224091,0.8866704171483608,1.0908228298150966,1.2658208027458002,0.48009955765694895,1.0677944893393652,0.7197655372540924,0.7128254963911977
DIEGO,4230,DIEGO,EUROPE,1373,diego__diego_1373,diego,Survey_September2023_cleaned,Survey_September2023_cleaned.xlsx,diego_1373,NA,NA,DE,DE,western_europe,45_54,male,employed,usable_complete,TRUE,TRUE,32,0.707663558349588,0.8358559166241392,0.7365727113077487,1.0781089094789407,0.3276365006567422,1.3488254021420818,0.7130532983932106,0.45302990427905043,0.9881187145746253
DIEGO,4231,DIEGO,EUROPE,1374,diego__diego_1374,diego,Survey_September2023_cleaned,Survey_September2023_cleaned.xlsx,diego_1374,NA,NA,DE,DE,western_europe,18_24,male,student,usable_complete,TRUE,TRUE,32,0.2311663229097114,0.3622596295062047,1.1087020467061497,0.6963458435221094,0.7040370559819905,0.42880959163290266,1.2058555370796376,1.1147632576389797,0.7474884653924465
DIEGO,4232,DIEGO,EUROPE,1375,diego__diego_1375,diego,Survey_September2023_cleaned,Survey_September2023_cleaned.xlsx,diego_1375,NA,NA,NL,NL,western_europe,25_34,male,other,usable_complete,TRUE,TRUE,32,0.9009394585437469,0.8031586089868205,0.8231470224944989,0.19214931258729126,0.46920236003274884,0.7638305003104942,1.160802889749503,1.2554737376927425,0.7436971682207153
DIEGO,4233,DIEGO,EUROPE,1376,diego__diego_1376,diego,Survey_September2023_cleaned,Survey_September2023_cleaned.xlsx,diego_1376,NA,NA,DE,DE,western_europe,18_24,male,unemployed,usable_complete,TRUE,TRUE,32,1.2055468462847472,0.5144710960446247,0.8153224588957173,0.8326184917600649,1.0349621839319414,1.1446482226742818,0.8703215161785443,0.981468052868009,0.25582564069900793
DIEGO,4234,DIEGO,EUROPE,1377,diego__diego_1377,diego,Survey_September2023_cleaned,Survey_September2023_cleaned.xlsx,diego_1377,NA,NA,NL,NL,western_europe,18_24,female,student,usable_complete,TRUE,TRUE,32,0.7880012940351356,0.3973812536137107,0.4093248136847116,0.4196841499952209,0.28412304535621924,0.9512055873017996,0.7800081102031882,0.30741486037421467,0.23950186120168135
DIEGO,4235,DIEGO,EUROPE,1378,diego__diego_1378,diego,Survey_September2023_cleaned,Survey_September2023_cleaned.xlsx,diego_1378,NA,NA,DE,DE,western_europe,45_54,male,employed,usable_complete,TRUE,TRUE,32,1.1110342764106167,1.0180259011379187,0.8766021828687055,0.819050319288114,0.7944863763658508,1.0117695899289796,1.443432031157338,1.0327723996827742,0.6210695640097398
DIEGO,4236,DIEGO,EUROPE,1379,diego__diego_1379,diego,Survey_September2023_cleaned,Survey_September2023_cleaned.xlsx,diego_1379,NA,NA,DE,DE,western_europe,25_34,female,employed,usable_complete,TRUE,TRUE,32,0.4289694827768511,1.1587042369224392,0.7904785217996247,0.9467061758878065,0.7956584408925667,0.8556540650223073,0.5429562197895164,0.24284603157161444,0.5500284942244239
DIEGO,4237,DIEGO,EUROPE,1380,diego__diego_1380,diego,Survey_September2023_cleaned,Survey_September2023_cleaned.xlsx,diego_1380,NA,NA,DE,DE,western_europe,18_24,female,student,usable_complete,TRUE,TRUE,32,0.3370724311408941,1.114127185977648,0.7300699969351,0.8265995762256514,0.7381213509163576,0.74657962138866,0.5953092010536944,1.0959687655574868,1.3705869642205504
DIEGO,4238,DIEGO,EUROPE,1381,diego__diego_1381,diego,Survey_September2023_cleaned,Survey_September2023_cleaned.xlsx,diego_1381,NA,NA,DE,DE,western_europe,25_34,male,employed,usable_complete,TRUE,TRUE,32,0.5629717945371042,1.2490258786833248,0.6455223983047198,1.1385536990941625,0.7345589592482851,0.9506602461530123,1.047963121048047,0.6956708264386576,0.29910885376004603
DIEGO,4239,DIEGO,EUROPE,1382,diego__diego_1382,diego,Survey_September2023_cleaned,Survey_September2023_cleaned.xlsx,diego_1382,NA,NA,NL,NL,western_europe,45_54,female,employed,usable_complete,TRUE,TRUE,32,1.5217202429958383,0.9481541298825942,0.763317758414545,0.7383807706069296,0.2231776100456671,0.7753222586190632,0.44484654071948465,1.1861377484373163,0.3380115421839281
DIEGO,4240,DIEGO,EUROPE,1383,diego__diego_1383,diego,Survey_September2023_cleaned,Survey_September2023_cleaned.xlsx,diego_1383,NA,NA,DE,DE,western_europe,25_34,male,employed,usable_complete,TRUE,TRUE,32,0.9243069255304397,1.012549192696464,0.7838776744764083,0.36278452894139884,0.5284834491651006,0.7321161144341626,1.4548997027809074,1.3561384858271435,0.9397689800300126
DIEGO,4241,DIEGO,EUROPE,1384,diego__diego_1384,diego,Survey_September2023_cleaned,Survey_September2023_cleaned.xlsx,diego_1384,NA,NA,DE,DE,western_europe,25_34,female,employed,usable_complete,TRUE,TRUE,32,0.8441806756000824,0.8835305686691534,0.7883974842547,0.6008899975453343,0.38283220215038927,0.8630225384249497,0.6689335346107982,0.3041724465296207,0.7358766769253752
DIEGO,4242,DIEGO,EUROPE,1385,diego__diego_1385,diego,Survey_September2023_cleaned,Survey_September2023_cleaned.xlsx,diego_1385,NA,NA,DE,DE,western_europe,18_24,male,employed,usable_complete,TRUE,TRUE,32,1.0934997456739763,0.7707770555087383,0.4611521725154602,0.4740684959319963,0.9638248352083153,0.4400056876792845,0.635128498504545,0.8961830947583129,0.7579820075217013
DIEGO,4243,DIEGO,EUROPE,1386,diego__diego_1386,diego,Survey_September2023_cleaned,Survey_September2023_cleaned.xlsx,diego_1386,NA,NA,DE,DE,western_europe,18_24,female,student,usable_complete,TRUE,TRUE,32,0.7678822878204835,0.3118400506351203,1.000728644088831,1.4335093955213207,0.5529898075881474,0.8888904402573186,0.9159437896241693,0.4195317476847533,0.3062675929103733
DIEGO,4244,DIEGO,EUROPE,1387,diego__diego_1387,diego,Survey_September2023_cleaned,Survey_September2023_cleaned.xlsx,diego_1387,NA,NA,BE,BE,western_europe,18_24,female,employed,usable_complete,TRUE,TRUE,32,0.8923473053379654,0.9677678753213406,0.9291229504800604,0.9966875367448637,0.9650681996904266,0.7859121704442289,0.8735379109053113,0.9283396477794802,1.0050088842434342
DIEGO,4245,DIEGO,EUROPE,1388,diego__diego_1388,diego,Survey_September2023_cleaned,Survey_September2023_cleaned.xlsx,diego_1388,NA,NA,DE,DE,western_europe,25_34,male,employed,usable_complete,TRUE,TRUE,32,1.3607448113049423,0.9299662317847079,0.9908041954883802,0.980627419674072,0.16252937883574592,0.7956766034437852,1.4219605043512702,1.234962955754509,0.8132787370343744
DIEGO,4246,DIEGO,EUROPE,1389,diego__diego_1389,diego,Survey_September2023_cleaned,Survey_September2023_cleaned.xlsx,diego_1389,NA,NA,NL,NL,western_europe,18_24,male,student,usable_complete,TRUE,TRUE,32,0.4984711558016189,0.9757121954664707,0.77926140805281,0.5878503945096814,0.7447610632309951,0.5416172591008699,1.2771608456802628,0.9894225625815466,0.7375451531521039
DIEGO,4247,DIEGO,EUROPE,1390,diego__diego_1390,diego,Survey_September2023_cleaned,Survey_September2023_cleaned.xlsx,diego_1390,NA,NA,DE,DE,western_europe,18_24,male,student,usable_complete,TRUE,TRUE,32,0.4852489123709236,0.5872756792362546,0.8155675292324156,1.245903414787395,0.9453164755968604,0.8997941888173744,0.9331477609933978,0.745551503069918,0.7229809579743827
DIEGO,4248,DIEGO,EUROPE,1391,diego__diego_1391,diego,Survey_September2023_cleaned,Survey_September2023_cleaned.xlsx,diego_1391,NA,NA,DE,DE,western_europe,25_34,female,employed,usable_complete,TRUE,TRUE,32,0.3558618940904519,0.5911178763477889,0.7617306748869608,0.5776502781140574,1.1848989968329926,1.3722884457785092,0.3434963258461977,0.7092055072643907,0.6842503519496663
DIEGO,4249,DIEGO,EUROPE,1392,diego__diego_1392,diego,Survey_September2023_cleaned,Survey_September2023_cleaned.xlsx,diego_1392,NA,NA,NL,NL,western_europe,18_24,female,employed,usable_complete,TRUE,TRUE,32,0.4649609555989892,0.44995958827838367,0.7706650811682096,0.8922135468623239,1.1378159353918418,0.7183492567215044,1.0680650518378783,1.0390112377149474,1.1785939786241268
DIEGO,4250,DIEGO,EUROPE,1393,diego__diego_1393,diego,Survey_September2023_cleaned,Survey_September2023_cleaned.xlsx,diego_1393,NA,NA,NL,NL,western_europe,45_54,male,employed,usable_complete,TRUE,TRUE,32,1.107511632471843,0.48788662408077976,0.9667722179236524,0.5992035520435054,0.8827505148727066,1.179659576189576,0.9485626204763509,0.7272895277859238,1.3913223730422861
DIEGO,4251,DIEGO,EUROPE,1394,diego__diego_1394,diego,Survey_September2023_cleaned,Survey_September2023_cleaned.xlsx,diego_1394,NA,NA,NL,NL,western_europe,25_34,male,employed,usable_complete,TRUE,TRUE,32,0.5653905413332487,0.8649868304605668,0.9587490056178399,0.7850424652114043,1.0867434716406772,1.123537962146756,0.8041934182712625,1.0847838612922744,0.699410271907758
DIEGO,4252,DIEGO,EUROPE,1395,diego__diego_1395,diego,Survey_September2023_cleaned,Survey_September2023_cleaned.xlsx,diego_1395,NA,NA,NL,NL,western_europe,45_54,male,employed,usable_complete,TRUE,TRUE,32,0.897349341442069,0.8760460330130585,0.6045045127001291,1.4730836707250095,0.43271163048227756,0.8337058417371634,0.5433932307157896,0.8681531218730388,1.2633546831861573
DIEGO,4253,DIEGO,EUROPE,1396,diego__diego_1396,diego,Survey_September2023_cleaned,Survey_September2023_cleaned.xlsx,diego_1396,NA,NA,DE,DE,western_europe,18_24,male,employed,usable_complete,TRUE,TRUE,32,0.6052592591348289,0.7852484449897777,0.5350482577988159,1.1316216981010472,0.6963420314211024,0.9261779355089012,0.9487046046891099,0.6186919539501342,0.6712229312644505
DIEGO,4254,DIEGO,EUROPE,1397,diego__diego_1397,diego,Survey_September2023_cleaned,Survey_September2023_cleaned.xlsx,diego_1397,NA,NA,NL,NL,western_europe,18_24,male,self_employed,usable_complete,TRUE,TRUE,32,1.1830407003491956,0.9854249051232192,0.9978581355621475,1.1171728430462713,0.22026900041193392,0.9009480162641161,0.46552762400808534,0.884820031487186,0.8276099417427616
DIEGO,4255,DIEGO,EUROPE,1398,diego__diego_1398,diego,Survey_September2023_cleaned,Survey_September2023_cleaned.xlsx,diego_1398,NA,NA,DE,DE,western_europe,18_24,male,student,usable_complete,TRUE,TRUE,32,0.5475206151609855,0.8196065753765276,0.7659514007565205,0.5816527838998728,0.7055325190918956,0.8005079499127978,1.2372027721849705,0.813458500203636,0.805938725720427
DIEGO,4256,DIEGO,EUROPE,1399,diego__diego_1399,diego,Survey_September2023_cleaned,Survey_September2023_cleaned.xlsx,diego_1399,NA,NA,DE,DE,western_europe,25_34,female,employed,usable_complete,TRUE,TRUE,32,0.8046028014177733,0.3431235687066996,0.8855988408343727,0.6383305502315425,0.7657747196894842,1.1297572043006225,1.1041116619902172,0.3555201768708187,0.2509088208664315
DIEGO,4257,DIEGO,EUROPE,1400,diego__diego_1400,diego,Survey_September2023_cleaned,Survey_September2023_cleaned.xlsx,diego_1400,NA,NA,DE,DE,western_europe,25_34,female,employed,usable_complete,TRUE,TRUE,32,0.7132468757120073,1.0220691621524882,1.2759902935101193,0.8939409815938685,1.5002791976339487,0.8862566849473201,0.7535020438741191,0.7394406524217215,0.8427394813950879
DIEGO,4258,DIEGO,EUROPE,1401,diego__diego_1401,diego,Survey_September2023_cleaned,Survey_September2023_cleaned.xlsx,diego_1401,NA,NA,BE,BE,western_europe,45_54,female,employed,usable_complete,TRUE,TRUE,32,0.46106111396489424,0.6400283779795417,0.8512125233274388,0.6194711112640816,0.9285716669851466,0.8428047412860826,0.52960739549168,0.8634302245693991,0.78407602726916
DIEGO,4259,DIEGO,EUROPE,1402,diego__diego_1402,diego,Survey_September2023_cleaned,Survey_September2023_cleaned.xlsx,diego_1402,NA,NA,DE,DE,western_europe,45_54,male,employed,usable_complete,TRUE,TRUE,32,1.0274212902870583,0.5653537550059147,0.8932176846581429,0.5205873586747641,0.6971540308523302,1.42146737146712,1.0680741174868338,1.2208487414314708,0.12156178284781377
DIEGO,4260,DIEGO,EUROPE,1403,diego__diego_1403,diego,Survey_September2023_cleaned,Survey_September2023_cleaned.xlsx,diego_1403,NA,NA,DE,DE,western_europe,25_34,male,employed,usable_complete,TRUE,TRUE,32,0.7870771160112395,0.9093300813511072,0.9266981302854009,0.9816031369636943,1.1639882769349692,0.8943479453394192,0.6014860130509518,1.275635024209657,1.6494034890989733
DIEGO,4261,DIEGO,EUROPE,1404,diego__diego_1404,diego,Survey_September2023_cleaned,Survey_September2023_cleaned.xlsx,diego_1404,NA,NA,NL,NL,western_europe,18_24,male,employed,usable_complete,TRUE,TRUE,32,0.6783979367929875,0.6123329528400596,0.7045080742929045,0.29079945736859036,0.8456520668309947,0.7230758099288416,0.8109351098802083,0.8179307997419104,0.18263394701261346
DIEGO,4262,DIEGO,EUROPE,1405,diego__diego_1405,diego,Survey_September2023_cleaned,Survey_September2023_cleaned.xlsx,diego_1405,NA,NA,DE,DE,western_europe,25_34,male,employed,usable_complete,TRUE,TRUE,32,0.39375051908889036,0.8384962071003387,0.669864752605626,0.8340869653388481,1.140889853410106,0.6900081327449193,0.763089869455575,0.9590618028972505,1.1543088508459844
DIEGO,4263,DIEGO,EUROPE,1406,diego__diego_1406,diego,Survey_September2023_cleaned,Survey_September2023_cleaned.xlsx,diego_1406,NA,NA,DE,DE,western_europe,25_34,female,employed,usable_complete,TRUE,TRUE,32,1.1313154777769299,0.3794477822361805,0.7591188738563354,1.9383927569677741,0.5441990632086016,0.4502484433945089,0.8605201907489392,0.8206916417064353,0.6964715904133585
DIEGO,4264,DIEGO,EUROPE,1407,diego__diego_1407,diego,Survey_September2023_cleaned,Survey_September2023_cleaned.xlsx,diego_1407,NA,NA,BE,BE,western_europe,25_34,female,employed,usable_complete,TRUE,TRUE,32,0.3845915299309798,1.0237432549168353,0.7316203714042823,0.6276530922901523,0.7739444046348425,0.7735737517852657,0.9725781767643286,0.8654999110189623,1.0452651412756013
DIEGO,4265,DIEGO,EUROPE,1408,diego__diego_1408,diego,Survey_September2023_cleaned,Survey_September2023_cleaned.xlsx,diego_1408,NA,NA,NL,NL,western_europe,45_54,male,employed,usable_complete,TRUE,TRUE,32,0.8325769451540481,1.1765085853298263,0.7482311517526852,0.6285541455604405,0.5177117126433972,1.0366268803222742,1.1573142164195922,0.5265080167621755,1.1654129345911788
DIEGO,4266,DIEGO,EUROPE,1409,diego__diego_1409,diego,Survey_September2023_cleaned,Survey_September2023_cleaned.xlsx,diego_1409,NA,NA,DE,DE,western_europe,25_34,female,employed,usable_complete,TRUE,TRUE,32,1.1576498910866317,0.6545442559352718,0.6909131034449647,0.6196535667540987,0.2965918336799819,0.9272202822069985,1.2357204120758787,1.2506139069302156,1.1465259752235186
DIEGO,4267,DIEGO,EUROPE,1410,diego__diego_1410,diego,Survey_September2023_cleaned,Survey_September2023_cleaned.xlsx,diego_1410,NA,NA,DE,DE,western_europe,18_24,male,student,usable_complete,TRUE,TRUE,32,0.4790629908118633,0.5636441851354614,0.6397944334120282,0.8261061872034864,0.6331779239357486,1.1713734072914557,0.90941470965843,0.5346008866776094,1.0383701772306329
DIEGO,4268,DIEGO,EUROPE,1411,diego__diego_1411,diego,Survey_September2023_cleaned,Survey_September2023_cleaned.xlsx,diego_1411,NA,NA,DE,DE,western_europe,25_34,male,student,usable_complete,TRUE,TRUE,32,1.5823474969883982,0.463983649383337,0.8239204214438235,0.9256322625112278,0.8863136439970081,0.9207190373629398,0.811098319727361,0.48735870639646217,1.5704759021866268
DIEGO,4269,DIEGO,EUROPE,1412,diego__diego_1412,diego,Survey_September2023_cleaned,Survey_September2023_cleaned.xlsx,diego_1412,NA,NA,DE,DE,western_europe,25_34,female,self_employed,usable_complete,TRUE,TRUE,32,1.1255831870885291,0.926981403568844,0.9084300773041777,0.903829566783242,1.0049776511416169,0.32533497891227553,0.6734675611035834,1.0470736688567517,1.5461938653315839
DIEGO,4270,DIEGO,EUROPE,1413,diego__diego_1413,diego,Survey_September2023_cleaned,Survey_September2023_cleaned.xlsx,diego_1413,NA,NA,NL,NL,western_europe,25_34,male,employed,usable_complete,TRUE,TRUE,32,1.7858162727610392,0.5006469662199964,0.9142670062344752,1.3651483760095158,0.47395579356495454,0.4204044782655276,0.41144883139389155,0.9710721558460232,1.130799869293614
DIEGO,4271,DIEGO,EUROPE,1414,diego__diego_1414,diego,Survey_September2023_cleaned,Survey_September2023_cleaned.xlsx,diego_1414,NA,NA,NL,NL,western_europe,18_24,male,student,usable_complete,TRUE,TRUE,32,1.5737835279026902,0.7730681264947628,0.7470938817129641,0.5529108900085907,0.4387236399631019,0.7845655038468341,0.3571045923296283,0.7393245227731096,0.5772191162949633
DIEGO,4272,DIEGO,EUROPE,1415,diego__diego_1415,diego,Survey_September2023_cleaned,Survey_September2023_cleaned.xlsx,diego_1415,NA,NA,NL,NL,western_europe,25_34,female,student,usable_complete,TRUE,TRUE,32,0.8549492593742765,0.5424135066568799,1.241637609327391,0.9535729533186724,1.3040049540909051,0.7295637103980941,0.6912296316743197,1.331063695756306,0.7407022908570398
DIEGO,4273,DIEGO,EUROPE,1416,diego__diego_1416,diego,Survey_September2023_cleaned,Survey_September2023_cleaned.xlsx,diego_1416,NA,NA,DE,DE,western_europe,25_34,male,employed,usable_complete,TRUE,TRUE,32,0.6924038626850777,0.7177091161495615,0.6067430096546454,0.6609356628417143,0.35360944577379455,0.6377746832365085,0.8827208218079798,0.9070686345278505,0.7406027501789261
DIEGO,4274,DIEGO,EUROPE,1417,diego__diego_1417,diego,Survey_September2023_cleaned,Survey_September2023_cleaned.xlsx,diego_1417,NA,NA,NL,NL,western_europe,25_34,male,employed,usable_complete,TRUE,TRUE,32,0.37556722327094705,0.695816362211566,1.2452262673393855,0.5313199244963909,0.9012619526690937,0.7321134318517036,1.03220262603087,0.3581015742141142,0.6345355638967451
DIEGO,4275,DIEGO,EUROPE,1418,diego__diego_1418,diego,Survey_September2023_cleaned,Survey_September2023_cleaned.xlsx,diego_1418,NA,NA,DE,DE,western_europe,18_24,female,student,usable_complete,TRUE,TRUE,32,0.6981550148815037,0.3117389194853146,0.8243561694034088,0.41100027827415975,0.966652031323896,0.565705002816605,0.7251249169891975,0.9159969765397054,0.7286086233903409
DIEGO,4276,DIEGO,EUROPE,1419,diego__diego_1419,diego,Survey_September2023_cleaned,Survey_September2023_cleaned.xlsx,diego_1419,NA,NA,NL,NL,western_europe,45_54,male,employed,usable_complete,TRUE,TRUE,32,0.7154105692661689,1.0868122744640676,1.039898887141907,0.45153923954504877,0.8107619507927951,0.8918731354425311,1.102321273605677,1.1622153844911243,1.1146394361714487
DIEGO,4277,DIEGO,EUROPE,1420,diego__diego_1420,diego,Survey_September2023_cleaned,Survey_September2023_cleaned.xlsx,diego_1420,NA,NA,DE,DE,western_europe,18_24,female,employed,usable_complete,TRUE,TRUE,32,1.2621747135560757,0.7503241815313662,0.5925913607688514,0.810011709822732,1.5548018723403936,1.5758599280087733,1.0540243201530575,0.9028883983746917,0.7296688451011416
DIEGO,4278,DIEGO,EUROPE,1421,diego__diego_1421,diego,Survey_September2023_cleaned,Survey_September2023_cleaned.xlsx,diego_1421,NA,NA,NL,NL,western_europe,25_34,female,employed,usable_complete,TRUE,TRUE,32,0.8154669562320382,0.6654256175490532,0.5150394501336204,0.8245080191030539,1.006790717316934,0.7085952217288143,1.2065516464959543,0.543050391568212,0.9693264871745981
DIEGO,4279,DIEGO,EUROPE,1422,diego__diego_1422,diego,Survey_September2023_cleaned,Survey_September2023_cleaned.xlsx,diego_1422,NA,NA,DE,DE,western_europe,18_24,male,employed,usable_complete,TRUE,TRUE,32,0.7930288749367409,0.5608565272117905,0.5164601104131877,0.8856379867361038,0.7100886396483614,0.9548526174748488,0.7278100395898262,0.8714494644375611,0.07238894605738638
DIEGO,4280,DIEGO,EUROPE,1423,diego__diego_1423,diego,Survey_September2023_cleaned,Survey_September2023_cleaned.xlsx,diego_1423,NA,NA,DE,DE,western_europe,45_54,female,self_employed,usable_complete,TRUE,TRUE,32,0.7891295172907072,0.7348091228315423,0.5923159989650297,0.9866060116460589,0.9707651875684196,0.4934605154725643,1.0311023643786297,0.8019493753523438,0.32344552243834046
DIEGO,4281,DIEGO,EUROPE,1424,diego__diego_1424,diego,Survey_September2023_cleaned,Survey_September2023_cleaned.xlsx,diego_1424,NA,NA,DE,DE,western_europe,18_24,male,student,usable_complete,TRUE,TRUE,32,0.952727283113237,1.1672866257363363,1.0005274295282973,0.7003251847156192,1.066885659600868,0.5107820466362656,0.7538215849303349,0.9354824201438041,0.6202627927543143
DIEGO,4282,DIEGO,EUROPE,1425,diego__diego_1425,diego,Survey_September2023_cleaned,Survey_September2023_cleaned.xlsx,diego_1425,NA,NA,DE,DE,western_europe,18_24,male,student,usable_complete,TRUE,TRUE,32,0.7719625150173501,0.9603611228707387,0.707429487307379,1.1659582932966168,0.16513117623162116,0.7785301872610247,0.6236349066259919,1.0532674842087542,1.41690797375216
DIEGO,4283,DIEGO,EUROPE,1426,diego__diego_1426,diego,Survey_September2023_cleaned,Survey_September2023_cleaned.xlsx,diego_1426,NA,NA,NL,NL,western_europe,18_24,male,student,usable_complete,TRUE,TRUE,32,1.1913113632634558,0.7997766418929367,1.0487761752302691,0.9490889473204493,0.973653353345636,1.0946666769855609,0.9102006806356873,0.798831832742484,1.606465207776059
DIEGO,4284,DIEGO,EUROPE,1427,diego__diego_1427,diego,Survey_September2023_cleaned,Survey_September2023_cleaned.xlsx,diego_1427,NA,NA,NL,NL,western_europe,18_24,male,employed,usable_complete,TRUE,TRUE,32,0.6003198444665401,1.228047253796512,1.1224394793838681,1.0171328695125672,0.8286506500035516,0.796360262330245,0.818259891959927,0.9644130685171367,0.6691869424478999
DIEGO,4285,DIEGO,EUROPE,1428,diego__diego_1428,diego,Survey_September2023_cleaned,Survey_September2023_cleaned.xlsx,diego_1428,NA,NA,NL,NL,western_europe,25_34,female,unemployed,usable_complete,TRUE,TRUE,32,0.6951089101192829,1.4350406879446385,1.0857046801745345,0.796969280082291,1.2118460548787615,1.3274441517624536,1.0079749960235542,0.8636206241860176,0.7695417664894038
DIEGO,4286,DIEGO,EUROPE,1429,diego__diego_1429,diego,Survey_September2023_cleaned,Survey_September2023_cleaned.xlsx,diego_1429,NA,NA,NL,NL,western_europe,18_24,female,student,usable_complete,TRUE,TRUE,32,0.8050062410767103,0.2613427246793143,1.1243134755588768,0.43889448098066336,1.0024665165402933,0.7350686934383845,1.0802349182688193,0.8938187470302615,1.2490720180335773
DIEGO,4287,DIEGO,EUROPE,1430,diego__diego_1430,diego,Survey_September2023_cleaned,Survey_September2023_cleaned.xlsx,diego_1430,NA,NA,NL,NL,western_europe,18_24,male,student,usable_complete,TRUE,TRUE,32,0.6461345390357517,0.62974036441984,1.0204269632116927,0.7816302309243128,1.677905369925511,0.4628748202665564,0.7009214571241956,0.8088527976381141,0.97519449313896
DIEGO,4288,DIEGO,EUROPE,1431,diego__diego_1431,diego,Survey_September2023_cleaned,Survey_September2023_cleaned.xlsx,diego_1431,NA,NA,DE,DE,western_europe,45_54,female,employed,usable_complete,TRUE,TRUE,32,0.9975320737340398,1.2471693701021855,1.1182534482814053,1.2851493806368568,0.37920334981927506,0.7908496988756099,1.067765936212075,1.0445113508852908,1.1782839315730502
DIEGO,4289,DIEGO,EUROPE,1432,diego__diego_1432,diego,Survey_September2023_cleaned,Survey_September2023_cleaned.xlsx,diego_1432,NA,NA,NL,NL,western_europe,45_54,male,self_employed,usable_complete,TRUE,TRUE,32,0.6953370224329934,0.5150161812380702,0.8415339090630372,0.6658998897907824,0.3921328766248662,1.0224290424765916,0.4494451974164769,0.9389072000450233,0.5062217839865424
DIEGO,4290,DIEGO,EUROPE,1433,diego__diego_1433,diego,Survey_September2023_cleaned,Survey_September2023_cleaned.xlsx,diego_1433,NA,NA,NL,NL,western_europe,25_34,female,employed,usable_complete,TRUE,TRUE,32,0.8706924837974424,1.3180349240122144,1.1706833699939014,1.1381967814766127,1.187607525234598,1.0301758964124221,0.9180632575290847,0.37534637589381187,0.927665616595581
DIEGO,4291,DIEGO,EUROPE,1434,diego__diego_1434,diego,Survey_September2023_cleaned,Survey_September2023_cleaned.xlsx,diego_1434,NA,NA,DE,DE,western_europe,45_54,female,self_employed,usable_complete,TRUE,TRUE,32,0.6454256794065865,0.7786172892998355,1.0377582749177083,1.1111895581834867,0.4935614075000586,0.9776136954394399,0.9622200696523014,0.40770004336064675,0.2848813636164593
DIEGO,4292,DIEGO,EUROPE,1435,diego__diego_1435,diego,Survey_September2023_cleaned,Survey_September2023_cleaned.xlsx,diego_1435,NA,NA,DE,DE,western_europe,25_34,female,employed,usable_complete,TRUE,TRUE,32,1.2755032789238734,0.24340013812394373,0.807890682224157,1.383248070271759,0.9500000954716451,0.4917284034557763,0.9108596110041614,1.06752233387626,0.34541666186605136
DIEGO,4293,DIEGO,EUROPE,1436,diego__diego_1436,diego,Survey_September2023_cleaned,Survey_September2023_cleaned.xlsx,diego_1436,NA,NA,NL,NL,western_europe,18_24,male,self_employed,usable_complete,TRUE,TRUE,32,0.8735957419289965,0.6809505682430734,1.1539441778052208,1.0240348547536666,0.5445674456362753,0.948518861444799,1.0975903195819137,0.849229542983247,0.9743292736608509
DIEGO,4294,DIEGO,EUROPE,1437,diego__diego_1437,diego,Survey_September2023_cleaned,Survey_September2023_cleaned.xlsx,diego_1437,NA,NA,DE,DE,western_europe,18_24,male,student,usable_complete,TRUE,TRUE,32,0.8307406759715432,0.6994696322163115,0.681377170825649,0.6618533725731658,0.7770255346591213,0.7588372351797517,0.8070677192002419,0.07863474375954059,0.4374376700548406
DIEGO,4295,DIEGO,EUROPE,1438,diego__diego_1438,diego,Survey_September2023_cleaned,Survey_September2023_cleaned.xlsx,diego_1438,NA,NA,DE,DE,western_europe,18_24,unknown,employed,usable_complete_limited_metadata,TRUE,TRUE,32,1.7356840393742639,0.5707211802036845,1.035829196185426,1.304731746233965,1.028036171380538,1.461982689773433,0.7694140961284475,1.291993163458515,1.026665643999943
DIEGO,4296,DIEGO,EUROPE,1439,diego__diego_1439,diego,Survey_September2023_cleaned,Survey_September2023_cleaned.xlsx,diego_1439,NA,NA,NL,NL,western_europe,45_54,female,employed,usable_complete,TRUE,TRUE,32,0.7320352089609274,0.9355884382637196,0.3601822859652606,0.7756800220982973,1.2214706137047269,0.8529181864791489,0.8418621732080055,0.7808479715028657,0.5361658840625514
DIEGO,4297,DIEGO,EUROPE,1440,diego__diego_1440,diego,Survey_September2023_cleaned,Survey_September2023_cleaned.xlsx,diego_1440,NA,NA,DE,DE,western_europe,25_34,male,employed,usable_complete,TRUE,TRUE,32,0.9442842851171889,0.48512231450615284,0.4801663165276705,0.3265994820448666,0.410270167626543,0.6613852774005096,0.6913829426444731,0.6208193809619263,0.8324109751595032
DIEGO,4298,DIEGO,EUROPE,1441,diego__diego_1441,diego,Survey_September2023_cleaned,Survey_September2023_cleaned.xlsx,diego_1441,NA,NA,DE,DE,western_europe,18_24,female,student,usable_complete,TRUE,TRUE,32,0.9353210632495019,0.6596868913231126,0.38647123105018955,1.029009043006244,0.7286068357988529,0.4849389438647873,0.9063352510516601,0.46085075128937403,1.4185095851008938
DIEGO,4299,DIEGO,EUROPE,1442,diego__diego_1442,diego,Survey_September2023_cleaned,Survey_September2023_cleaned.xlsx,diego_1442,NA,NA,NL,NL,western_europe,18_24,male,other,usable_complete,TRUE,TRUE,32,0.8595168835166508,0.9461397084610682,1.2683955817203687,1.2213184785492441,0.07858806248903094,0.6112265718081072,0.7782680800154285,1.0476590810279915,0.3288131883683609
DIEGO,4300,DIEGO,EUROPE,1443,diego__diego_1443,diego,Survey_September2023_cleaned,Survey_September2023_cleaned.xlsx,diego_1443,NA,NA,BE,BE,western_europe,25_34,female,employed,usable_complete,TRUE,TRUE,32,0.6123703481258453,0.6787284612712774,0.6306769903055003,0.5014649633569973,0.9461515560774238,0.9987365495459468,0.3511988090475026,1.2005972676175356,0.817395922278337
DIEGO,4301,DIEGO,EUROPE,1444,diego__diego_1444,diego,Survey_September2023_cleaned,Survey_September2023_cleaned.xlsx,diego_1444,NA,NA,BE,BE,western_europe,18_24,male,employed,usable_complete,TRUE,TRUE,32,0.7602020681260734,1.2179379559055064,1.3143567146040867,0.8032402953268832,1.3331754707422405,0.9595920388045249,1.3716044650213457,0.6811495044336126,0.8335291263091819
DIEGO,4302,DIEGO,EUROPE,1445,diego__diego_1445,diego,Survey_September2023_cleaned,Survey_September2023_cleaned.xlsx,diego_1445,NA,NA,DE,DE,western_europe,18_24,female,employed,usable_complete,TRUE,TRUE,32,0.7730291454532217,0.5748952721443124,0.733800813550998,0.9978999140255501,0.7872205378389423,0.2986996621879632,0.47151797094938364,1.3962899903449468,1.836271937700528
DIEGO,4303,DIEGO,EUROPE,1446,diego__diego_1446,diego,Survey_September2023_cleaned,Survey_September2023_cleaned.xlsx,diego_1446,NA,NA,NL,NL,western_europe,45_54,female,self_employed,usable_complete,TRUE,TRUE,32,1.1232432184467274,1.0470996683513132,0.43448642653159597,0.558714298444788,0.6737707038708709,0.8532036988893605,0.5948045248829917,0.413474441241902,0.7838528672864025
DIEGO,4304,DIEGO,EUROPE,1447,diego__diego_1447,diego,Survey_September2023_cleaned,Survey_September2023_cleaned.xlsx,diego_1447,NA,NA,NL,NL,western_europe,45_54,male,self_employed,usable_complete,TRUE,TRUE,32,0.3101647616120028,0.49243545269774136,1.114182153810615,0.8690733656809538,1.2521348540576522,0.6410841053343093,1.0837177688506288,0.727758085992872,1.006633217832773
DIEGO,4305,DIEGO,EUROPE,1448,diego__diego_1448,diego,Survey_September2023_cleaned,Survey_September2023_cleaned.xlsx,diego_1448,NA,NA,DE,DE,western_europe,18_24,female,student,usable_complete,TRUE,TRUE,32,0.9810018301320906,1.485233918988804,0.6519792321060154,0.6372697437816431,0.6462540756682977,0.6549943198070746,1.0074291382894425,0.73929252648366806,1.0053801888737175
DIEGO,4306,DIEGO,EUROPE,1449,diego__diego_1449,diego,Survey_September2023_cleaned,Survey_September2023_cleaned.xlsx,diego_1449,NA,NA,DE,DE,western_europe,25_34,male,employed,usable_complete,TRUE,TRUE,32,0.998582363550111,0.5933624645348565,1.0391583174375294,1.3798241902104642,1.370771726023641,0.4787685306646131,0.5874170714992504,1.0362945631984524,1.0842468744906064
DIEGO,4307,DIEGO,EUROPE,1450,diego__diego_1450,diego,Survey_September2023_cleaned,Survey_September2023_cleaned.xlsx,diego_1450,NA,NA,DE,DE,western_europe,18_24,female,employed,usable_complete,TRUE,TRUE,32,0.34473140607690295,0.8852529192284293,1.0301606127086624,0.652166125176561,0.3275745605089342,0.6123090865641244,1.1036439622361478,0.48328881511300575,0.6877769760355572
DIEGO,4308,DIEGO,EUROPE,1451,diego__diego_1451,diego,Survey_September2023_cleaned,Survey_September2023_cleaned.xlsx,diego_1451,NA,NA,DE,DE,western_europe,18_24,female,student,usable_complete,TRUE,TRUE,32,0.6200345807001398,1.2200806585543287,1.0893019149614753,1.426788587006121,1.0181930952027676,1.367174073038419,1.1940422948759701,0.9583475761939081,0.6521435998249456
DIEGO,4309,DIEGO,EUROPE,1452,diego__diego_1452,diego,Survey_September2023_cleaned,Survey_September2023_cleaned.xlsx,diego_1452,NA,NA,BE,BE,western_europe,25_34,other,employed,usable_complete_limited_metadata,TRUE,TRUE,32,1.4013346394831583,0.624310878282265,0.9037419768746666,1.1367532224211419,0.8871784618309706,0.7474299595915375,0.6564312674789949,0.6504733091901046,1.1380649800346796
DIEGO,4310,DIEGO,EUROPE,1453,diego__diego_1453,diego,Survey_September2023_cleaned,Survey_September2023_cleaned.xlsx,diego_1453,NA,NA,DE,DE,western_europe,25_34,male,employed,usable_complete,TRUE,TRUE,32,0.9755838117026787,1.2289715454211962,1.1021226773635457,1.29889784119306,0.5604020950576252,0.6977614839456046,0.7670794125304612,0.4698875881509739,0.4108673816792992
DIEGO,4311,DIEGO,EUROPE,1454,diego__diego_1454,diego,Survey_September2023_cleaned,Survey_September2023_cleaned.xlsx,diego_1454,NA,NA,NL,NL,western_europe,25_34,male,employed,usable_complete,TRUE,TRUE,32,0.5107103149939587,0.8740272648051749,0.6239662355291886,1.357529913129605,0.304073852641552,0.8907539993450101,0.7717814014295581,0.8289939424604963,1.0144796911968312
DIEGO,4312,DIEGO,EUROPE,1455,diego__diego_1455,diego,Survey_September2023_cleaned,Survey_September2023_cleaned.xlsx,diego_1455,NA,NA,DE,DE,western_europe,18_24,female,student,usable_complete,TRUE,TRUE,32,0.2825715242674476,0.4321878939596141,0.5717432920473164,0.8503075104506831,1.4234789348099457,0.866504634477535,0.48274642346888375,0.4089723135291268,0.32812819401374216
DIEGO,4313,DIEGO,EUROPE,1456,diego__diego_1456,diego,Survey_September2023_cleaned,Survey_September2023_cleaned.xlsx,diego_1456,NA,NA,NL,NL,western_europe,25_34,male,employed,usable_complete,TRUE,TRUE,32,0.5088562109752205,0.9837930334566413,1.2341681564255453,0.8019351050352309,0.770067995250945,0.43788747551543383,1.0052022539687415,0.8055031128398049,1.1650782762318341
DIEGO,4314,DIEGO,EUROPE,1457,diego__diego_1457,diego,Survey_September2023_cleaned,Survey_September2023_cleaned.xlsx,diego_1457,NA,NA,BE,BE,western_europe,45_54,male,employed,usable_complete,TRUE,TRUE,32,0.5419995289618054,1.0223345538091848,0.8129489091504587,0.3837164358830889,0.9291096050179072,0.8886481028093219,0.3597308657916171,0.4258061031284895,1.0938016507351864
DIEGO,4315,DIEGO,EUROPE,1458,diego__diego_1458,diego,Survey_September2023_cleaned,Survey_September2023_cleaned.xlsx,diego_1458,NA,NA,DE,DE,western_europe,45_54,male,employed,usable_complete,TRUE,TRUE,32,0.8404902860947678,0.49474443305162774,0.9455735807569517,0.9981971686701164,1.0487758369834181,0.7622450974438306,1.0714533615850694,1.8825190919363524,0.5827770964527524
DIEGO,4316,DIEGO,EUROPE,1459,diego__diego_1459,diego,Survey_September2023_cleaned,Survey_September2023_cleaned.xlsx,diego_1459,NA,NA,BE,BE,western_europe,25_34,other,employed,usable_complete_limited_metadata,TRUE,TRUE,32,1.5910126681910848,0.38433465891344115,0.7327717924171078,0.9909723698275709,1.1398555230670182,0.6885409321522316,0.7694992631922956,1.0832270430670148,0.7600178925350483
DIEGO,4317,DIEGO,EUROPE,1460,diego__diego_1460,diego,Survey_September2023_cleaned,Survey_September2023_cleaned.xlsx,diego_1460,NA,NA,DE,DE,western_europe,45_54,male,employed,usable_complete,TRUE,TRUE,32,0.43217902619742005,0.44943267172745305,0.7105706907017407,1.672056126880788,0.7463941990521332,1.136613417226093,0.6280900425403984,0.8535968546743052,0.8596182492823901
DIEGO,4318,DIEGO,EUROPE,1461,diego__diego_1461,diego,Survey_September2023_cleaned,Survey_September2023_cleaned.xlsx,diego_1461,NA,NA,DE,DE,western_europe,25_34,male,employed,usable_complete,TRUE,TRUE,32,1.0641931254859167,1.026213141088105,1.043215709179698,0.09135498755134176,0.9164521922795918,1.3125172746069937,1.1941334589368071,1.2901568350108914,1.5106169233831688
DIEGO,4319,DIEGO,EUROPE,1462,diego__diego_1462,diego,Survey_September2023_cleaned,Survey_September2023_cleaned.xlsx,diego_1462,NA,NA,DE,DE,western_europe,25_34,female,student,usable_complete,TRUE,TRUE,32,0.9428291594281035,0.8455088153681536,1.10372490630644,0.6070654177569343,1.0432747795563615,0.5193880110864809,1.055989060781955,0.8268945167308445,0.7892961846629969
DIEGO,4320,DIEGO,EUROPE,1463,diego__diego_1463,diego,Survey_September2023_cleaned,Survey_September2023_cleaned.xlsx,diego_1463,NA,NA,NL,NL,western_europe,45_54,female,employed,usable_complete,TRUE,TRUE,32,1.207024701322536,0.9039735754813665,1.1200203796376864,0.7591987006034335,0.646499130780853,0.47297386526067686,0.47785958024356523,1.3167341138513653,0.4049847929355592
DIEGO,4321,DIEGO,EUROPE,1464,diego__diego_1464,diego,Survey_September2023_cleaned,Survey_September2023_cleaned.xlsx,diego_1464,NA,NA,DE,DE,western_europe,25_34,male,employed,usable_complete,TRUE,TRUE,32,0.44275243453088053,0.6822787023866799,0.7562371308987339,0.4067764193465289,0.10077929322715272,1.194917539527514,0.7115124235128758,0.45569706150845257,1.104499079627048
DIEGO,4322,DIEGO,EUROPE,1465,diego__diego_1465,diego,Survey_September2023_cleaned,Survey_September2023_cleaned.xlsx,diego_1465,NA,NA,NL,NL,western_europe,18_24,female,employed,usable_complete,TRUE,TRUE,32,1.1742998060280951,0.5667949032711886,0.6074216372513269,1.3223656873390754,0.6424232861325866,0.7872877162671251,0.6590011428662301,0.6500868732478756,0.454827373980213
DIEGO,4323,DIEGO,EUROPE,1466,diego__diego_1466,diego,Survey_September2023_cleaned,Survey_September2023_cleaned.xlsx,diego_1466,NA,NA,DE,DE,western_europe,18_24,male,student,usable_complete,TRUE,TRUE,32,1.1563230015887065,1.1800568431111333,0.8958757564491492,0.6278051152768128,0.9505629530364547,1.2747287243683334,1.0038600591307705,0.3286976014267983,0.49914856126003043
DIEGO,4324,DIEGO,EUROPE,1467,diego__diego_1467,diego,Survey_September2023_cleaned,Survey_September2023_cleaned.xlsx,diego_1467,NA,NA,DE,DE,western_europe,45_54,female,employed,usable_complete,TRUE,TRUE,32,1.0518753037635657,0.3850901470663368,0.675380094326471,0.9855341645911825,0.3073320132627618,0.9962979493126642,0.6801353737764838,0.3950374727091477,1.2064692910897326
DIEGO,4325,DIEGO,EUROPE,1468,diego__diego_1468,diego,Survey_September2023_cleaned,Survey_September2023_cleaned.xlsx,diego_1468,NA,NA,DE,DE,western_europe,18_24,male,student,usable_complete,TRUE,TRUE,32,0.5538575568891,0.870516785222218,1.4071916976124297,0.9107219099919205,0.9761997173566751,0.5080406004032127,1.000134970930745,0.7540470278015025,1.1929782148057977
DIEGO,4326,DIEGO,EUROPE,1469,diego__diego_1469,diego,Survey_September2023_cleaned,Survey_September2023_cleaned.xlsx,diego_1469,NA,NA,DE,DE,western_europe,18_24,male,unemployed,usable_complete,TRUE,TRUE,32,1.0457687697064322,0.7039420526142515,0.6489887163314174,0.8100134525292791,0.5240743240792403,0.6214569977568954,0.805057203228244,0.8443830825589153,0.9800147062174224
DIEGO,4327,DIEGO,EUROPE,1470,diego__diego_1470,diego,Survey_September2023_cleaned,Survey_September2023_cleaned.xlsx,diego_1470,NA,NA,DE,DE,western_europe,18_24,female,student,usable_complete,TRUE,TRUE,32,0.8280740089392157,0.6635055569605354,1.274371835260789,0.4551821356700852,0.9919568895514844,0.828457541023768,0.9320392745446515,0.6797946880784003,0.7231781534018633
DIEGO,4328,DIEGO,EUROPE,1471,diego__diego_1471,diego,Survey_September2023_cleaned,Survey_September2023_cleaned.xlsx,diego_1471,NA,NA,DE,DE,western_europe,18_24,female,employed,usable_complete,TRUE,TRUE,32,1.0051800548618433,0.3972320968804611,0.7188199093610953,0.4420273797478386,0.862321312715379,0.3236048043167122,0.7975544968946134,0.6837095594132802,0.1446169350963776
DIEGO,4329,DIEGO,EUROPE,1472,diego__diego_1472,diego,Survey_September2023_cleaned,Survey_September2023_cleaned.xlsx,diego_1472,NA,NA,NL,NL,western_europe,45_54,male,self_employed,usable_complete,TRUE,TRUE,32,0.7452723631004226,0.7207273624514278,0.7312556941568478,0.966767860870389,1.2505394168074275,0.7562600530016339,0.7483395219636932,0.7217809496683502,1.3049676207754475
DIEGO,4330,DIEGO,EUROPE,1473,diego__diego_1473,diego,Survey_September2023_cleaned,Survey_September2023_cleaned.xlsx,diego_1473,NA,NA,NL,NL,western_europe,25_34,female,employed,usable_complete,TRUE,TRUE,32,0.5262817740382075,0.7465459991858855,0.9304341720755696,0.48950502948197805,0.513364646814569,0.7924423480053047,0.8695250587997851,1.2775111727652624,0.5201980632966585
DIEGO,4331,DIEGO,EUROPE,1474,diego__diego_1474,diego,Survey_September2023_cleaned,Survey_September2023_cleaned.xlsx,diego_1474,NA,NA,NL,NL,western_europe,25_34,female,employed,usable_complete,TRUE,TRUE,32,0.9222617124362643,0.31140166434438876,0.5662359958698477,0.710715838588238,0.8880889847725721,1.0747870936819237,0.6867126568710992,0.7849868521342159,0.5419257641668098
DIEGO,4332,DIEGO,EUROPE,1475,diego__diego_1475,diego,Survey_September2023_cleaned,Survey_September2023_cleaned.xlsx,diego_1475,NA,NA,NL,NL,western_europe,25_34,female,employed,usable_complete,TRUE,TRUE,32,1.220645013628644,0.3745482702553927,0.9475095198265382,0.49620292094642887,0.6452498172338987,2.041394573470296,0.9094891784345134,1.5802759901838435,1.2139613286513993
DIEGO,4333,DIEGO,EUROPE,1476,diego__diego_1476,diego,Survey_September2023_cleaned,Survey_September2023_cleaned.xlsx,diego_1476,NA,NA,DE,DE,western_europe,25_34,female,student,usable_complete,TRUE,TRUE,32,0.6294056891239725,0.5602842235580566,0.9874757819870018,0.6748416739693351,0.8740020940693582,0.4316451977698151,0.6923248841932109,0.7311865891127526,0.9001398723172739
DIEGO,4334,DIEGO,EUROPE,1477,diego__diego_1477,diego,Survey_September2023_cleaned,Survey_September2023_cleaned.xlsx,diego_1477,NA,NA,DE,DE,western_europe,18_24,female,unemployed,usable_complete,TRUE,TRUE,32,1.0529806626274125,1.190224338813842,1.09614245426982,0.7756029920961341,1.2801866670029136,0.6791421881735268,0.8001612348159821,0.7298950999279329,0.6948811963668599
DIEGO,4335,DIEGO,EUROPE,1478,diego__diego_1478,diego,Survey_September2023_cleaned,Survey_September2023_cleaned.xlsx,diego_1478,NA,NA,BE,BE,western_europe,25_34,other,employed,usable_complete_limited_metadata,TRUE,TRUE,32,0.9145138232281407,0.7315401209248547,0.4356599847109333,0.47756447139868147,0.7117673956299426,0.5013654802576022,0.8267556615388342,1.0416949205596386,1.416567915582121
DIEGO,4336,DIEGO,EUROPE,1479,diego__diego_1479,diego,Survey_September2023_cleaned,Survey_September2023_cleaned.xlsx,diego_1479,NA,NA,BE,BE,western_europe,25_34,female,employed,usable_complete,TRUE,TRUE,32,1.2520525690857776,0.7283676846764475,0.6658842448698893,0.23005640390645465,1.4993568603722258,0.7815742769243366,0.787294401853034,0.3786107663099239,1.5513660318379174
DIEGO,4337,DIEGO,EUROPE,1480,diego__diego_1480,diego,Survey_September2023_cleaned,Survey_September2023_cleaned.xlsx,diego_1480,NA,NA,DE,DE,western_europe,65_plus,female,employed,usable_complete,TRUE,TRUE,32,0.7124567128610145,1.183080018992722,0.49678049377113237,1.3250648619726972,0.5739123871000892,0.8858918328339418,0.9415956779510808,0.89292948687474,0.9168596266949912
DIEGO,4338,DIEGO,EUROPE,1481,diego__diego_1481,diego,Survey_September2023_cleaned,Survey_September2023_cleaned.xlsx,diego_1481,NA,NA,NL,NL,western_europe,25_34,female,employed,usable_complete,TRUE,TRUE,32,0.48777828740466406,0.5469262613706551,0.7918215372384848,0.703186524265607,0.9380731630485599,0.9862164660734012,0.9176945984032268,0.7943946244654428,1.6467753504986806
DIEGO,4339,DIEGO,EUROPE,1482,diego__diego_1482,diego,Survey_September2023_cleaned,Survey_September2023_cleaned.xlsx,diego_1482,NA,NA,BE,BE,western_europe,18_24,female,employed,usable_complete,TRUE,TRUE,32,0.594601743542631,0.7871341248246017,0.8511438229825916,0.5669246120581339,1.2434907656283722,1.0558229444434901,0.8345385373591527,0.4790773808229262,0.9655603902077788
DIEGO,4340,DIEGO,EUROPE,1483,diego__diego_1483,diego,Survey_September2023_cleaned,Survey_September2023_cleaned.xlsx,diego_1483,NA,NA,NL,NL,western_europe,25_34,female,employed,usable_complete,TRUE,TRUE,32,0.6832460938819755,0.46999954523771426,0.9757192129313464,1.2269631636408587,0.6504973664315679,0.9000426982600409,0.7130588489548384,0.5186370544890813,1.2242304830170345
DIEGO,4341,DIEGO,EUROPE,1484,diego__diego_1484,diego,Survey_September2023_cleaned,Survey_September2023_cleaned.xlsx,diego_1484,NA,NA,NL,NL,western_europe,18_24,male,student,usable_complete,TRUE,TRUE,32,0.8451586020165893,1.064220768124229,1.0091622316873345,0.8422260744135542,1.4915250104998128,0.7053183060717227,1.1030470930254128,0.8957228256915232,1.7381503820836244
DIEGO,4342,DIEGO,EUROPE,1485,diego__diego_1485,diego,Survey_September2023_cleaned,Survey_September2023_cleaned.xlsx,diego_1485,NA,NA,DE,DE,western_europe,25_34,female,employed,usable_complete,TRUE,TRUE,32,1.0646755978054552,0.4240481345405332,0.6690793019224861,1.1445903118827279,1.1962869969335435,1.31241197844055,1.1461508841594976,0.7389618940905075,0.7548897136732899
DIEGO,4343,DIEGO,EUROPE,1486,diego__diego_1486,diego,Survey_September2023_cleaned,Survey_September2023_cleaned.xlsx,diego_1486,NA,NA,NL,NL,western_europe,18_24,female,student,usable_complete,TRUE,TRUE,32,0.7866966370307966,0.9990527147637965,0.5997486532904046,1.089744679471974,1.130319490833346,0.6761464321035826,0.6091104236287839,0.9437012296764445,0.461645618296051
DIEGO,4344,DIEGO,EUROPE,1487,diego__diego_1487,diego,Survey_September2023_cleaned,Survey_September2023_cleaned.xlsx,diego_1487,NA,NA,DE,DE,western_europe,18_24,male,employed,usable_complete,TRUE,TRUE,32,1.0485419575681443,0.7587115329414369,1.0349877238106822,0.6312681912432141,0.9987580400365121,0.5487587254801825,0.9768378384005875,0.6965780477693443,1.011009492279696
DIEGO,4345,DIEGO,EUROPE,1488,diego__diego_1488,diego,Survey_September2023_cleaned,Survey_September2023_cleaned.xlsx,diego_1488,NA,NA,NL,NL,western_europe,45_54,female,employed,usable_complete,TRUE,TRUE,32,0.3373280232145036,1.089769309423478,0.4099927452044879,1.0941128717291955,1.1777400097671697,1.7009259716808374,1.186812058364717,0.4095043228110471,0.35824797062063474
DIEGO,4346,DIEGO,EUROPE,1489,diego__diego_1489,diego,Survey_September2023_cleaned,Survey_September2023_cleaned.xlsx,diego_1489,NA,NA,BE,BE,western_europe,25_34,female,employed,usable_complete,TRUE,TRUE,32,0.7948930763470479,1.0413187391986298,0.8768761307938935,0.4768460672530826,0.5732946213463923,0.624199902343179,0.8736398530963871,0.519933035914783,1.3865256511882595
DIEGO,4347,DIEGO,EUROPE,1490,diego__diego_1490,diego,Survey_September2023_cleaned,Survey_September2023_cleaned.xlsx,diego_1490,NA,NA,DE,DE,western_europe,45_54,female,employed,usable_complete,TRUE,TRUE,32,0.6310767014694456,1.1980974603056065,1.3429586197470753,0.22154734700945175,2.067230604717465,1.006714746943497,0.3625823659179015,0.703385702742572,0.8805303417279267
DIEGO,4348,DIEGO,EUROPE,1491,diego__diego_1491,diego,Survey_September2023_cleaned,Survey_September2023_cleaned.xlsx,diego_1491,NA,NA,DE,DE,western_europe,18_24,male,student,usable_complete,TRUE,TRUE,32,0.9371407827094643,0.5652660329464229,0.7711468257964509,0.387112466625777,0.5199173108710664,0.5073585392791655,0.9420845486709973,0.69032063156332,1.2385323535946469
DIEGO,4349,DIEGO,EUROPE,1492,diego__diego_1492,diego,Survey_September2023_cleaned,Survey_September2023_cleaned.xlsx,diego_1492,NA,NA,NL,NL,western_europe,45_54,female,employed,usable_complete,TRUE,TRUE,32,1.5366111557544864,0.7633951118296807,1.0398402841059355,1.324628289084513,0.2612783950716523,1.436815307912998,0.718060136566646,0.57638991500463,1.2780531805613338
DIEGO,4350,DIEGO,EUROPE,1493,diego__diego_1493,diego,Survey_September2023_cleaned,Survey_September2023_cleaned.xlsx,diego_1493,NA,NA,DE,DE,western_europe,18_24,female,employed,usable_complete,TRUE,TRUE,32,0.6458992029833815,0.48633840487808233,0.6041384048793131,0.5776543209805737,0.9411467691056223,1.6136916567220836,1.4545473627353256,0.7650494794721299,1.326970511953703
DIEGO,4351,DIEGO,EUROPE,1494,diego__diego_1494,diego,Survey_September2023_cleaned,Survey_September2023_cleaned.xlsx,diego_1494,NA,NA,DE,DE,western_europe,25_34,male,employed,usable_complete,TRUE,TRUE,32,1.1076752331761859,1.1293907058029795,0.8752767654222747,0.6139143949811792,0.21745903954409002,0.861315895786972,0.9024380421536881,0.30104661896274687,1.1731866550627421
DIEGO,4352,DIEGO,EUROPE,1495,diego__diego_1495,diego,Survey_September2023_cleaned,Survey_September2023_cleaned.xlsx,diego_1495,NA,NA,DE,DE,western_europe,18_24,male,student,usable_complete,TRUE,TRUE,32,1.0927597701691527,0.5934568785001316,0.8489931844948184,0.7075654791036451,0.5037583296289787,0.7140003315394721,0.8849124467233851,0.8412377702695375,1.09243060861179
DIEGO,4353,DIEGO,EUROPE,1496,diego__diego_1496,diego,Survey_September2023_cleaned,Survey_September2023_cleaned.xlsx,diego_1496,NA,NA,NL,NL,western_europe,25_34,female,employed,usable_complete,TRUE,TRUE,32,0.9082698781067625,0.8918549912784806,0.7047677548727389,0.45164574398830243,0.6324992757049659,1.3161704164823074,0.9799229505942844,1.018683352285013,1.583566252856036
DIEGO,4354,DIEGO,EUROPE,1497,diego__diego_1497,diego,Survey_September2023_cleaned,Survey_September2023_cleaned.xlsx,diego_1497,NA,NA,DE,DE,western_europe,25_34,female,self_employed,usable_complete,TRUE,TRUE,32,1.2780757624449053,1.0713777113194247,1.1457680542412239,0.6216655510306093,0.3001577396374178,0.901135621454857,0.9554430978962756,1.0963142758997655,0.4164088983982287
DIEGO,4355,DIEGO,EUROPE,1498,diego__diego_1498,diego,Survey_September2023_cleaned,Survey_September2023_cleaned.xlsx,diego_1498,NA,NA,BE,BE,western_europe,45_54,male,employed,usable_complete,TRUE,TRUE,32,0.5239852134116971,0.5348538563539861,1.0037374629957847,0.9082618557493086,0.4882378960351095,0.8135293232765125,0.7554470601139799,1.2437531644828297,1.2300463790900897
DIEGO,4356,DIEGO,EUROPE,1499,diego__diego_1499,diego,Survey_September2023_cleaned,Survey_September2023_cleaned.xlsx,diego_1499,NA,NA,NL,NL,western_europe,25_34,female,employed,usable_complete,TRUE,TRUE,32,0.8137610465624266,0.986068627669215,0.9198745077584911,1.0418260416712293,1.3228353885757858,1.056042059308436,1.0424293050018338,0.4160611904420681,1.2251303782549121
DIEGO,4357,DIEGO,EUROPE,1500,diego__diego_1500,diego,Survey_September2023_cleaned,Survey_September2023_cleaned.xlsx,diego_1500,NA,NA,DE,DE,western_europe,18_24,other,employed,usable_complete_limited_metadata,TRUE,TRUE,32,0.3437693042058689,1.000925830499181,0.7056616689000986,0.09121560051534754,0.85606046543851,0.8671940848238544,0.9834081175421318,0.6356542978692735,1.1141538861051141
DIEGO,4358,DIEGO,EUROPE,1501,diego__diego_1501,diego,Survey_September2023_cleaned,Survey_September2023_cleaned.xlsx,diego_1501,NA,NA,DE,DE,western_europe,18_24,male,student,usable_complete,TRUE,TRUE,32,0.8341179944710679,0.6646084193821902,0.7860151628987948,0.9574378590687468,0.5557277360690368,0.6917376961847201,0.6254470944491974,1.0326712803430131,1.3198917696392736
DIEGO,4359,DIEGO,EUROPE,1502,diego__diego_1502,diego,Survey_September2023_cleaned,Survey_September2023_cleaned.xlsx,diego_1502,NA,NA,DE,DE,western_europe,18_24,male,student,usable_complete,TRUE,TRUE,32,1.196923285418325,0.3735016028734722,0.6984968956186299,0.4545023931705085,0.2699583103365248,0.36126994985641525,0.7826673783855977,0.722737078111765,0.5569077275510135
DIEGO,4360,DIEGO,EUROPE,1503,diego__diego_1503,diego,Survey_September2023_cleaned,Survey_September2023_cleaned.xlsx,diego_1503,NA,NA,DE,DE,western_europe,18_24,male,student,usable_complete,TRUE,TRUE,32,1.0690971774853157,0.7640164032180593,1.0775844067952338,1.170615725862996,1.0665833316583284,1.8237512338865922,1.0307692810821794,0.5703909500793637,1.3295845569810827
DIEGO,4361,DIEGO,EUROPE,1504,diego__diego_1504,diego,Survey_September2023_cleaned,Survey_September2023_cleaned.xlsx,diego_1504,NA,NA,NL,NL,western_europe,18_24,male,student,usable_complete,TRUE,TRUE,32,0.7592738597569333,0.4593128976936349,0.7545879538479339,1.1195259599206213,0.28346997643501115,0.7160131137793522,0.7033442657219687,0.4152108879273428,1.0748612776950348
DIEGO,4362,DIEGO,EUROPE,1505,diego__diego_1505,diego,Survey_September2023_cleaned,Survey_September2023_cleaned.xlsx,diego_1505,NA,NA,DE,DE,western_europe,18_24,male,student,usable_complete,TRUE,TRUE,32,0.782481713887738,1.03784980675415,0.2818059047877165,0.5358046631496799,0.41117263762471024,0.18868427830163853,1.1584174109247471,1.1433721686572103,1.4728447121530368
DIEGO,4363,DIEGO,EUROPE,1506,diego__diego_1506,diego,Survey_September2023_cleaned,Survey_September2023_cleaned.xlsx,diego_1506,NA,NA,DE,DE,western_europe,25_34,female,employed,usable_complete,TRUE,TRUE,32,0.3301717354020653,0.717024552840246,0.8490189462506006,0.6058595364763341,0.7703876084582104,1.1462832113905175,0.7122616766373745,1.040655323258559,0.9762194489233614
DIEGO,4364,DIEGO,EUROPE,1507,diego__diego_1507,diego,Survey_September2023_cleaned,Survey_September2023_cleaned.xlsx,diego_1507,NA,NA,BE,BE,western_europe,18_24,male,employed,usable_complete,TRUE,TRUE,32,1.082210366218022,0.6695649029595916,0.813631852405409,0.8710151782863201,0.9339185439174077,1.355585042702764,0.7798103530703121,1.4038064931508725,0.8253794498221497
DIEGO,4365,DIEGO,EUROPE,1508,diego__diego_1508,diego,Survey_September2023_cleaned,Survey_September2023_cleaned.xlsx,diego_1508,NA,NA,DE,DE,western_europe,18_24,male,student,usable_complete,TRUE,TRUE,32,0.538661006864348,0.5909789689557599,0.81633420751578,1.126708755564333,0.4460633263453704,0.8904069172431969,0.8276708622429012,0.48056665502000473,0.7178586865138455
DIEGO,4366,DIEGO,EUROPE,1509,diego__diego_1509,diego,Survey_September2023_cleaned,Survey_September2023_cleaned.xlsx,diego_1509,NA,NA,DE,DE,western_europe,25_34,male,employed,usable_complete,TRUE,TRUE,32,0.8449612986970334,0.6328209756832296,0.4181651603588297,0.2597831920335045,1.3344002725898236,0.5095737233101817,1.031169887107979,0.17804934625531388,0.8496146140369637
DIEGO,4367,DIEGO,EUROPE,1510,diego__diego_1510,diego,Survey_September2023_cleaned,Survey_September2023_cleaned.xlsx,diego_1510,NA,NA,DE,DE,western_europe,18_24,male,student,usable_complete,TRUE,TRUE,32,1.0080139807394715,0.7028782507799205,0.962010216011086,1.2963106164079752,0.8380343592016264,0.6603565319688324,1.2680881690457109,1.4044502786816517,1.0475782912976035
DIEGO,4368,DIEGO,EUROPE,1511,diego__diego_1511,diego,Survey_September2023_cleaned,Survey_September2023_cleaned.xlsx,diego_1511,NA,NA,NL,NL,western_europe,45_54,male,employed,usable_complete,TRUE,TRUE,32,1.2992031902779615,0.8682402424837483,0.5451007108481858,0.8396963884301395,0.549700214562124,0.8756591296748399,0.3983991952505714,0.8933549799643726,0.8030112493833198
DIEGO,4369,DIEGO,EUROPE,1512,diego__diego_1512,diego,Survey_September2023_cleaned,Survey_September2023_cleaned.xlsx,diego_1512,NA,NA,NL,NL,western_europe,25_34,female,employed,usable_complete,TRUE,TRUE,32,1.914697512663485,0.8229512764958873,0.6965955963681139,0.8074022220884339,0.6087183868617128,0.4897809575903705,0.9000287842745605,0.6235069028029535,0.7848373123649214
DIEGO,4370,DIEGO,EUROPE,1513,diego__diego_1513,diego,Survey_September2023_cleaned,Survey_September2023_cleaned.xlsx,diego_1513,NA,NA,NL,NL,western_europe,18_24,male,student,usable_complete,TRUE,TRUE,32,0.9351596926619605,0.6094504857053709,0.8994029023661291,0.3892329236592184,1.3527959420611388,0.6967499350480106,0.9440229905261361,0.42422004267204944,0.46574881134516855
DIEGO,4371,DIEGO,EUROPE,1514,diego__diego_1514,diego,Survey_September2023_cleaned,Survey_September2023_cleaned.xlsx,diego_1514,NA,NA,NL,NL,western_europe,25_34,female,employed,usable_complete,TRUE,TRUE,32,0.7297915634842042,0.5703589915715216,0.7624072158073713,0.2983809003264561,0.5607120105282216,0.4984322561418715,0.6046562558962221,0.5402806300588792,0.7318981376503397
DIEGO,4372,DIEGO,EUROPE,1515,diego__diego_1515,diego,Survey_September2023_cleaned,Survey_September2023_cleaned.xlsx,diego_1515,NA,NA,BE,BE,western_europe,18_24,male,unemployed,usable_complete,TRUE,TRUE,32,0.3641785405776746,1.5635655385620473,1.4325280251637047,1.0788848511213665,0.9167154805208426,0.7719636822370622,0.7698446290501356,0.6012874396103547,0.6021730602814296
DIEGO,4373,DIEGO,EUROPE,1516,diego__diego_1516,diego,Survey_September2023_cleaned,Survey_September2023_cleaned.xlsx,diego_1516,NA,NA,NL,NL,western_europe,45_54,male,employed,usable_complete,TRUE,TRUE,32,0.5485349226362418,0.5380940541294598,0.9423224995769715,0.9730925194922975,1.0354867393264844,0.9388210714507191,0.8191614417663942,0.9933696202587731,0.23099006791537519
DIEGO,4374,DIEGO,EUROPE,1517,diego__diego_1517,diego,Survey_September2023_cleaned,Survey_September2023_cleaned.xlsx,diego_1517,NA,NA,DE,DE,western_europe,45_54,female,employed,usable_complete,TRUE,TRUE,32,0.8721189530783481,0.8005892854798483,0.8296727183867626,0.9770761350699351,0.8035904832675598,0.771437603354764,0.7065854381575833,0.8424229496647916,0.5535116418486037
DIEGO,4375,DIEGO,EUROPE,1518,diego__diego_1518,diego,Survey_September2023_cleaned,Survey_September2023_cleaned.xlsx,diego_1518,NA,NA,BE,BE,western_europe,25_34,female,employed,usable_complete,TRUE,TRUE,32,0.9699572299246002,1.0811095033818088,0.9545805464946419,0.13292017663621106,0.8915916276720065,0.9102885722308234,0.5500491805216549,0.5882356956646416,0.4681682958833555
DIEGO,4376,DIEGO,EUROPE,1519,diego__diego_1519,diego,Survey_September2023_cleaned,Survey_September2023_cleaned.xlsx,diego_1519,NA,NA,DE,DE,western_europe,18_24,male,student,usable_complete,TRUE,TRUE,32,0.966885000499426,0.5619156925731317,1.443927161597124,1.1623585995890882,0.20035705195721631,0.4122102609146345,1.0416486505997709,1.2833531253811825,0.9291632760903707
DIEGO,4377,DIEGO,EUROPE,1520,diego__diego_1520,diego,Survey_September2023_cleaned,Survey_September2023_cleaned.xlsx,diego_1520,NA,NA,NL,NL,western_europe,25_34,male,self_employed,usable_complete,TRUE,TRUE,32,1.1988465287868375,0.99072486777858,0.727900718717175,0.8478921359824395,0.6260977876102704,0.6919068238207025,0.7380531324108831,1.289050880175414,0.6308247538986089
DIEGO,4378,DIEGO,EUROPE,1521,diego__diego_1521,diego,Survey_September2023_cleaned,Survey_September2023_cleaned.xlsx,diego_1521,NA,NA,DE,DE,western_europe,45_54,female,employed,usable_complete,TRUE,TRUE,32,0.8363626159253995,0.7841703347482933,0.8239930118647217,0.4709753912641306,0.8999265377359167,0.4054265759882762,0.6034961767618836,0.49471176521308574,0.3060866368395691
DIEGO,4379,DIEGO,EUROPE,1522,diego__diego_1522,diego,Survey_September2023_cleaned,Survey_September2023_cleaned.xlsx,diego_1522,NA,NA,BE,BE,western_europe,45_54,male,self_employed,usable_complete,TRUE,TRUE,32,0.44830049682176615,0.9301560611231728,0.8662933429568274,0.8789752009850339,0.567029180677092,0.6311025550083577,0.5375720446869072,1.0898651718803036,0.9039408444594521
DIEGO,4380,DIEGO,EUROPE,1523,diego__diego_1523,diego,Survey_September2023_cleaned,Survey_September2023_cleaned.xlsx,diego_1523,NA,NA,DE,DE,western_europe,18_24,male,student,usable_complete,TRUE,TRUE,32,0.9665036893808018,0.8367461193314043,0.5479143141712569,1.061595082347547,0.5546678330612463,1.2185209930535041,0.8584643354097423,0.7348280477788439,1.0264069607896107
DIEGO,4381,DIEGO,EUROPE,1524,diego__diego_1524,diego,Survey_September2023_cleaned,Survey_September2023_cleaned.xlsx,diego_1524,NA,NA,DE,DE,western_europe,25_34,female,employed,usable_complete,TRUE,TRUE,32,0.27808474018535284,0.8851871913631713,0.5785644358274101,0.9333022520716981,0.8261950049448581,0.6424150984898491,0.36025364731898696,0.47820615418908563,0.793414101836996
DIEGO,4382,DIEGO,EUROPE,1525,diego__diego_1525,diego,Survey_September2023_cleaned,Survey_September2023_cleaned.xlsx,diego_1525,NA,NA,DE,DE,western_europe,25_34,male,employed,usable_complete,TRUE,TRUE,32,0.5859866911077944,0.5988866713524927,0.4326065407690952,1.1983732224907422,0.8929239240008792,0.7951394930675942,0.7792367562418472,1.2309133761268638,0.584299136461351
DIEGO,4383,DIEGO,EUROPE,1526,diego__diego_1526,diego,Survey_September2023_cleaned,Survey_September2023_cleaned.xlsx,diego_1526,NA,NA,NL,NL,western_europe,18_24,male,student,usable_complete,TRUE,TRUE,32,1.0709960641196195,0.805584012998266,0.8635255086923426,0.2768301361736078,1.376548972111439,1.0033029728682448,1.0455572263226878,0.19475732922041808,0.6246563141864696
DIEGO,4384,DIEGO,EUROPE,1527,diego__diego_1527,diego,Survey_September2023_cleaned,Survey_September2023_cleaned.xlsx,diego_1527,NA,NA,NL,NL,western_europe,25_34,male,employed,usable_complete,TRUE,TRUE,32,0.971202058774453,0.5784333924609851,0.7947242882218891,0.9936709122780822,0.8152405133975358,1.0748522678813464,0.49487778012280603,0.7830421191330869,0.3675408661790326
DIEGO,4385,DIEGO,EUROPE,1528,diego__diego_1528,diego,Survey_September2023_cleaned,Survey_September2023_cleaned.xlsx,diego_1528,NA,NA,DE,DE,western_europe,25_34,female,student,usable_complete,TRUE,TRUE,32,0.6439572725981526,0.8258046707420015,1.0887997245507441,1.0792168920238456,1.7012877796275125,0.8289830054464394,1.0869785036210247,0.5790326001084128,1.853178111875283
DIEGO,4386,DIEGO,EUROPE,1529,diego__diego_1529,diego,Survey_September2023_cleaned,Survey_September2023_cleaned.xlsx,diego_1529,NA,NA,NL,NL,western_europe,18_24,male,employed,usable_complete,TRUE,TRUE,32,0.7368512414974506,0.7856487891442355,0.5909553791230036,0.6358001960871461,0.8507315743184277,0.8803748882936986,1.321572091774575,1.2518909999079961,0.8923752207826978
DIEGO,4387,DIEGO,EUROPE,1530,diego__diego_1530,diego,Survey_September2023_cleaned,Survey_September2023_cleaned.xlsx,diego_1530,NA,NA,NL,NL,western_europe,45_54,female,unemployed,usable_complete,TRUE,TRUE,32,0.8137619041091074,0.7064401193227474,0.6099223002065994,0.4761899125315501,1.0180640519539517,0.5571178396849998,0.5427921455310794,0.7627841435346552,1.248345533393101
DIEGO,4388,DIEGO,EUROPE,1531,diego__diego_1531,diego,Survey_September2023_cleaned,Survey_September2023_cleaned.xlsx,diego_1531,NA,NA,DE,DE,western_europe,18_24,male,employed,usable_complete,TRUE,TRUE,32,0.9307923681042842,1.2095091992894846,0.9203446830320571,0.9341459204230936,1.3463104754082154,0.44068787848255186,1.2903282125752937,0.9036876978501885,0.798994960334671
DIEGO,4389,DIEGO,EUROPE,1532,diego__diego_1532,diego,Survey_September2023_cleaned,Survey_September2023_cleaned.xlsx,diego_1532,NA,NA,DE,DE,western_europe,65_plus,male,retired,usable_complete,TRUE,TRUE,32,1.470092693565553,1.3436730642434405,1.0766335260639295,1.2114199909314867,0.08760467215460346,0.6307600773949136,0.7379122253403076,0.925443829322299,0.5048546784102131
DIEGO,4390,DIEGO,EUROPE,1533,diego__diego_1533,diego,Survey_September2023_cleaned,Survey_September2023_cleaned.xlsx,diego_1533,NA,NA,DE,DE,western_europe,18_24,male,other,usable_complete,TRUE,TRUE,32,0.5286955895896754,0.9621920125937612,0.8370345646809181,1.717759191333304,0.7525160357161289,0.599370495625833,0.9541566306456714,0.8131521087243683,1.0993447467653494
DIEGO,4391,DIEGO,EUROPE,1534,diego__diego_1534,diego,Survey_September2023_cleaned,Survey_September2023_cleaned.xlsx,diego_1534,NA,NA,DE,DE,western_europe,25_34,female,student,usable_complete,TRUE,TRUE,32,0.9856463044025924,0.6299692828597974,0.7499436401404266,0.8069078975831547,1.1658089445211088,0.6097070573681008,0.41118517988997727,0.5774762455986141,1.1196709137212435
DIEGO,4392,DIEGO,EUROPE,1535,diego__diego_1535,diego,Survey_September2023_cleaned,Survey_September2023_cleaned.xlsx,diego_1535,NA,NA,BE,BE,western_europe,18_24,female,student,usable_complete,TRUE,TRUE,32,1.3902742545323505,1.0221520913874422,0.6238285081832119,0.6015448459208835,0.506229823210848,1.043999759432799,0.7374395384271587,0.9965996181959739,0.4013175759418239
DIEGO,4393,DIEGO,EUROPE,1536,diego__diego_1536,diego,Survey_September2023_cleaned,Survey_September2023_cleaned.xlsx,diego_1536,NA,NA,DE,DE,western_europe,18_24,male,employed,usable_complete,TRUE,TRUE,32,1.0769340877319569,1.0514255177332121,1.1492332210887284,1.1183513488007264,1.638723646140734,1.0530471810734534,0.7684378272922543,0.9934661015653035,0.44794337462471046
DIEGO,4394,DIEGO,EUROPE,1537,diego__diego_1537,diego,Survey_September2023_cleaned,Survey_September2023_cleaned.xlsx,diego_1537,NA,NA,NL,NL,western_europe,25_34,female,employed,usable_complete,TRUE,TRUE,32,1.1569258745187538,0.5719596862771333,0.9205802533845047,0.6079018381615051,1.0010100349651532,0.6523677961631492,0.7059175816118816,0.7985346929008629,1.097509851154924
DIEGO,4395,DIEGO,EUROPE,1538,diego__diego_1538,diego,Survey_September2023_cleaned,Survey_September2023_cleaned.xlsx,diego_1538,NA,NA,DE,DE,western_europe,45_54,male,employed,usable_complete,TRUE,TRUE,32,0.6562546464777842,0.9632820417407815,1.2905870650366211,0.9038800948344471,1.8251177223743165,0.9609041325821187,0.41471462410652393,0.87518757266204406,0.7089165471300121
DIEGO,4396,DIEGO,EUROPE,1539,diego__diego_1539,diego,Survey_September2023_cleaned,Survey_September2023_cleaned.xlsx,diego_1539,NA,NA,DE,DE,western_europe,25_34,female,self_employed,usable_complete,TRUE,TRUE,32,0.906596722738234,1.1227136214262459,0.7424215509288891,0.9607554335309096,0.5378097146214504,0.7985203022387029,0.8900282764103651,0.5207289603327895,0.11936519860877474
DIEGO,4397,DIEGO,EUROPE,1540,diego__diego_1540,diego,Survey_September2023_cleaned,Survey_September2023_cleaned.xlsx,diego_1540,NA,NA,DE,DE,western_europe,25_34,female,student,usable_complete,TRUE,TRUE,32,0.6753961466665296,0.906915655236289,1.0380879791820168,0.603272748168603,0.8110619018279008,1.1986559492504065,0.9623264207548132,1.2749666863700773,0.5551901926401871
DIEGO,4398,DIEGO,EUROPE,1541,diego__diego_1541,diego,Survey_September2023_cleaned,Survey_September2023_cleaned.xlsx,diego_1541,NA,NA,BE,BE,western_europe,45_54,female,employed,usable_complete,TRUE,TRUE,32,0.6531143168450381,0.09677350285381464,0.590897516896713,0.7506030600919814,0.837982205299923,1.0355198275957396,0.6591918258760586,0.35806098305406814,1.7451962817724471
DIEGO,4399,DIEGO,EUROPE,1542,diego__diego_1542,diego,Survey_September2023_cleaned,Survey_September2023_cleaned.xlsx,diego_1542,NA,NA,BE,BE,western_europe,18_24,female,student,usable_complete,TRUE,TRUE,32,0.8015278992814268,0.4676579510524511,0.9097103253856952,0.953537202558107,1.0434537036543938,0.6430816989496432,0.9210068806478949,0.9093302391094195,0.2103078287843707
DIEGO,4400,DIEGO,EUROPE,1543,diego__diego_1543,diego,Survey_September2023_cleaned,Survey_September2023_cleaned.xlsx,diego_1543,NA,NA,NL,NL,western_europe,25_34,male,employed,usable_complete,TRUE,TRUE,32,0.8346079262016379,0.661648613934483,1.0379474954339538,0.879366030574893,1.3309928803434083,0.7440332649204274,0.8764495393498878,1.318530210625136,0.931307521715887
DIEGO,4401,DIEGO,EUROPE,1544,diego__diego_1544,diego,Survey_September2023_cleaned,Survey_September2023_cleaned.xlsx,diego_1544,NA,NA,DE,DE,western_europe,25_34,female,employed,usable_complete,TRUE,TRUE,32,0.6840751365658972,1.1936351222224248,0.8262738455028465,0.5240122934541116,0.2686536206561776,0.9599341396226695,0.7007694996804336,1.6580978864495488,0.5718672429835201
DIEGO,4402,DIEGO,EUROPE,1545,diego__diego_1545,diego,Survey_September2023_cleaned,Survey_September2023_cleaned.xlsx,diego_1545,NA,NA,DE,DE,western_europe,25_34,female,student,usable_complete,TRUE,TRUE,32,1.108727965531864,1.1425010473731911,1.1002456008466552,0.5629255251283228,0.8657308208434612,0.298413114424355,0.47553187799126817,0.6386972117052814,0.38988623277749423
DIEGO,4403,DIEGO,EUROPE,1546,diego__diego_1546,diego,Survey_September2023_cleaned,Survey_September2023_cleaned.xlsx,diego_1546,NA,NA,BE,BE,western_europe,45_54,male,employed,usable_complete,TRUE,TRUE,32,0.5145740680252358,0.8338836718151852,1.0055897992654137,0.16972987687620789,0.7305900783833149,1.0990805817952571,0.508937340825006,1.332167217074408,0.4968992451898029
DIEGO,4404,DIEGO,EUROPE,1547,diego__diego_1547,diego,Survey_September2023_cleaned,Survey_September2023_cleaned.xlsx,diego_1547,NA,NA,NL,NL,western_europe,18_24,male,student,usable_complete,TRUE,TRUE,32,0.9022329134003051,0.8988750700194306,0.4722582273161118,1.3805809813745447,0.8888286016847937,0.8295504369534799,0.8072471704154696,0.9300351989889194,0.689272675074787
DIEGO,4405,DIEGO,EUROPE,1548,diego__diego_1548,diego,Survey_September2023_cleaned,Survey_September2023_cleaned.xlsx,diego_1548,NA,NA,BE,BE,western_europe,25_34,female,employed,usable_complete,TRUE,TRUE,32,0.5524863093508458,0.44285132054911064,0.5931685769571097,1.2513693034687725,0.49200609776964843,0.2867423379454467,0.9911792239846747,0.5691988296905127,0.8242008376598225
DIEGO,4406,DIEGO,EUROPE,1549,diego__diego_1549,diego,Survey_September2023_cleaned,Survey_September2023_cleaned.xlsx,diego_1549,NA,NA,DE,DE,western_europe,25_34,female,employed,usable_complete,TRUE,TRUE,32,0.7252731758000485,1.240577656904841,0.8134446617345301,0.3384959417546532,0.3779619193965484,1.597866895579514,0.5220874710335562,0.7532284426947182,0.2116202531401257
DIEGO,4407,DIEGO,EUROPE,1550,diego__diego_1550,diego,Survey_September2023_cleaned,Survey_September2023_cleaned.xlsx,diego_1550,NA,NA,DE,DE,western_europe,25_34,female,employed,usable_complete,TRUE,TRUE,32,0.6634694953127294,0.7451522455302018,1.4960323801141182,1.0250549367515995,0.4803003230075828,0.8027361227027955,0.8696595781962042,0.5200526199622878,0.6996062619061283
DIEGO,4408,DIEGO,EUROPE,1551,diego__diego_1551,diego,Survey_September2023_cleaned,Survey_September2023_cleaned.xlsx,diego_1551,NA,NA,NL,NL,western_europe,25_34,female,student,usable_complete,TRUE,TRUE,32,1.1004246468932488,0.6867936343228325,1.1169675285125975,0.8154875644079816,1.3466611630550316,0.5978415932729209,0.7294372365470718,0.6412629537554101,0.9879392993553177
DIEGO,4409,DIEGO,EUROPE,1552,diego__diego_1552,diego,Survey_September2023_cleaned,Survey_September2023_cleaned.xlsx,diego_1552,NA,NA,NL,NL,western_europe,18_24,female,unemployed,usable_complete,TRUE,TRUE,32,0.8668104607095417,1.144102480037671,0.8499600972018468,0.7220735317055476,0.6027330589516335,0.9773979972789804,0.7953627305116292,0.687880682626488,0.7533162746391289
DIEGO,4410,DIEGO,EUROPE,1553,diego__diego_1553,diego,Survey_September2023_cleaned,Survey_September2023_cleaned.xlsx,diego_1553,NA,NA,NL,NL,western_europe,18_24,female,employed,usable_complete,TRUE,TRUE,32,0.6474330936520933,0.7408758768798698,0.7973284914552419,1.0507376454635804,0.9955295829877665,0.8561625238284212,0.9176231540530857,0.6600044568771612,1.6637402055373471
DIEGO,4411,DIEGO,EUROPE,1554,diego__diego_1554,diego,Survey_September2023_cleaned,Survey_September2023_cleaned.xlsx,diego_1554,NA,NA,DE,DE,western_europe,25_34,female,student,usable_complete,TRUE,TRUE,32,0.6283584768781896,0.5715330294507978,0.9997359797273664,1.286846089653818,1.192226602163093,0.4808002070386025,0.691563519329372,0.5550107684150426,1.2232119245670423
DIEGO,4412,DIEGO,EUROPE,1555,diego__diego_1555,diego,Survey_September2023_cleaned,Survey_September2023_cleaned.xlsx,diego_1555,NA,NA,DE,DE,western_europe,18_24,male,student,usable_complete,TRUE,TRUE,32,0.6705368150382751,1.0101198617651355,0.8212378877703994,0.8410276717701891,1.2377096224076372,0.8854155760552811,0.9540520862744284,1.149714499297427,0.927909077673428
DIEGO,4413,DIEGO,EUROPE,1556,diego__diego_1556,diego,Survey_September2023_cleaned,Survey_September2023_cleaned.xlsx,diego_1556,NA,NA,DE,DE,western_europe,18_24,female,student,usable_complete,TRUE,TRUE,32,0.6694368412692757,1.2023952018596138,0.6779099279227877,0.6760364453906912,1.4108268965658015,1.0576417857016311,1.070140378730649,0.8824628970822079,1.156579268747659
DIEGO,4414,DIEGO,EUROPE,1557,diego__diego_1557,diego,Survey_September2023_cleaned,Survey_September2023_cleaned.xlsx,diego_1557,NA,NA,NL,NL,western_europe,25_34,female,student,usable_complete,TRUE,TRUE,32,0.48739780162322155,0.7691273314286782,0.653769606255207,0.7525877525270245,0.990025904065243,0.32735011097045763,1.0817687262279856,0.8494489100438928,1.0583181677137792
DIEGO,4415,DIEGO,EUROPE,1558,diego__diego_1558,diego,Survey_September2023_cleaned,Survey_September2023_cleaned.xlsx,diego_1558,NA,NA,DE,DE,western_europe,25_34,female,self_employed,usable_complete,TRUE,TRUE,32,0.9694833465879075,0.902284330045525,0.8215333421276213,1.0314731110804807,1.0179958551341923,0.5685415671350285,1.3379356259260726,1.5116459537667464,0.42944808866070805
DIEGO,4416,DIEGO,EUROPE,1559,diego__diego_1559,diego,Survey_September2023_cleaned,Survey_September2023_cleaned.xlsx,diego_1559,NA,NA,NL,NL,western_europe,18_24,male,student,usable_complete,TRUE,TRUE,32,0.547446526125905,1.4099967305465277,0.7586426333690407,1.281020562787152,0.957704793246993,0.7813799605135221,0.918108572809065,1.0967121428772635,1.270511726651776
DIEGO,4417,DIEGO,EUROPE,1560,diego__diego_1560,diego,Survey_September2023_cleaned,Survey_September2023_cleaned.xlsx,diego_1560,NA,NA,DE,DE,western_europe,25_34,female,student,usable_complete,TRUE,TRUE,32,0.7301166937934961,0.8511862178609497,0.8222286232391282,0.48553384398103433,1.3300253597985943,1.2047876440760275,1.0127827499876134,0.5561601968847297,0.20300151733614252
DIEGO,4418,DIEGO,EUROPE,1561,diego__diego_1561,diego,Survey_September2023_cleaned,Survey_September2023_cleaned.xlsx,diego_1561,NA,NA,NL,NL,western_europe,65_plus,male,self_employed,usable_complete,TRUE,TRUE,32,1.2545873711616236,0.878167743994738,1.093674491446296,1.0818274815008841,0.52585615305629,0.8438531271392611,0.8324750971653787,0.6193504273298805,0.3204305646750967
DIEGO,4419,DIEGO,EUROPE,1562,diego__diego_1562,diego,Survey_September2023_cleaned,Survey_September2023_cleaned.xlsx,diego_1562,NA,NA,NL,NL,western_europe,25_34,female,employed,usable_complete,TRUE,TRUE,32,1.2423559392835486,0.7148463311901924,0.6607820718076993,0.44754325639094433,1.9799143736596687,0.47307478473106235,0.9495799073313173,0.4528418081800553,0.7842209667718496
DIEGO,4420,DIEGO,EUROPE,1563,diego__diego_1563,diego,Survey_September2023_cleaned,Survey_September2023_cleaned.xlsx,diego_1563,NA,NA,DE,DE,western_europe,18_24,female,student,usable_complete,TRUE,TRUE,32,1.3526262952517867,1.4654883855719936,0.5318215451422417,1.0032574251216544,1.1088875573758457,1.0632710947672477,0.9214924852697057,0.4966339098867794,1.3479285402255199
DIEGO,4421,DIEGO,EUROPE,1564,diego__diego_1564,diego,Survey_September2023_cleaned,Survey_September2023_cleaned.xlsx,diego_1564,NA,NA,BE,BE,western_europe,18_24,female,student,usable_complete,TRUE,TRUE,32,0.6119632250696831,0.9553717126313324,0.7495074158757875,0.7215779170313129,0.9569219594051257,0.608971375797371,1.0261140630862446,1.102311934449219,1.2638526672347918
DIEGO,4422,DIEGO,EUROPE,1565,diego__diego_1565,diego,Survey_September2023_cleaned,Survey_September2023_cleaned.xlsx,diego_1565,NA,NA,NL,NL,western_europe,25_34,female,employed,usable_complete,TRUE,TRUE,32,0.8482974209926176,0.6415716010591626,0.9649227718456395,0.7107396194282157,0.8636547013966778,0.3478798564761388,0.7214018267798281,0.8826991565161881,0.9215129227044692
DIEGO,4423,DIEGO,EUROPE,1566,diego__diego_1566,diego,Survey_September2023_cleaned,Survey_September2023_cleaned.xlsx,diego_1566,NA,NA,DE,DE,western_europe,18_24,female,student,usable_complete,TRUE,TRUE,32,0.774913816788358,0.3741089425148011,0.9492832584929538,0.12891266877343519,0.26083671816325027,0.8808797750768134,0.7962750982962098,1.2360735135376553,0.843530511528259
DIEGO,4424,DIEGO,EUROPE,1567,diego__diego_1567,diego,Survey_September2023_cleaned,Survey_September2023_cleaned.xlsx,diego_1567,NA,NA,NL,NL,western_europe,25_34,female,employed,usable_complete,TRUE,TRUE,32,1.1557493570753494,1.1528344183194075,0.6731803395842781,0.682368173429121,0.9871101560386577,0.6439712942728282,0.3706588007143452,1.1304307118536838,0.39742022900396656
DIEGO,4425,DIEGO,EUROPE,1568,diego__diego_1568,diego,Survey_September2023_cleaned,Survey_September2023_cleaned.xlsx,diego_1568,NA,NA,DE,DE,western_europe,25_34,female,unemployed,usable_complete,TRUE,TRUE,32,1.2027128291341072,0.49272739390760534,1.024727610406544,0.6855916528268692,0.8854936564736953,0.9777802371430679,0.8088805207623675,1.057167524477239,1.5264060757891074
DIEGO,4426,DIEGO,EUROPE,1569,diego__diego_1569,diego,Survey_September2023_cleaned,Survey_September2023_cleaned.xlsx,diego_1569,NA,NA,BE,BE,western_europe,18_24,female,student,usable_complete,TRUE,TRUE,32,0.777767368140768,0.5252125759845083,0.550640198739697,1.0770373496256855,0.6132201803715992,0.8156155834424835,0.7278363233149546,0.7618342894919,0.8183632617186388
DIEGO,4427,DIEGO,EUROPE,1570,diego__diego_1570,diego,Survey_September2023_cleaned,Survey_September2023_cleaned.xlsx,diego_1570,NA,NA,DE,DE,western_europe,18_24,male,student,usable_complete,TRUE,TRUE,32,0.5039817199364827,0.8512011531759214,0.7470977240562451,0.7124660641026912,0.4875134226593613,0.4966239254291323,0.530234466362314,0.8932368228308816,0.3576514278767006
DIEGO,4428,DIEGO,EUROPE,1571,diego__diego_1571,diego,Survey_September2023_cleaned,Survey_September2023_cleaned.xlsx,diego_1571,NA,NA,DE,DE,western_europe,45_54,male,self_employed,usable_complete,TRUE,TRUE,32,0.6057463951081672,1.1965489909846898,1.001513845322299,1.6198538017676547,1.0587519910711989,0.48837407077588013,1.1147675227462481,0.6822227360783512,1.3857403705341178
DIEGO,4429,DIEGO,EUROPE,1572,diego__diego_1572,diego,Survey_September2023_cleaned,Survey_September2023_cleaned.xlsx,diego_1572,NA,NA,DE,DE,western_europe,18_24,male,student,usable_complete,TRUE,TRUE,32,0.5217693591377643,1.0585600566389544,0.521557189958021,0.7576765651357641,1.0150066786305127,1.0944320728415913,1.1074624123375174,0.8067226591963695,0.5485811560708921
DIEGO,4430,DIEGO,EUROPE,1573,diego__diego_1573,diego,Survey_September2023_cleaned,Survey_September2023_cleaned.xlsx,diego_1573,NA,NA,DE,DE,western_europe,18_24,female,student,usable_complete,TRUE,TRUE,32,0.6884012873217487,0.5245582517551832,0.7292051138223428,0.7366476774274436,1.5186064242059008,1.360419919835806,0.6072106569773542,0.44031774837156257,1.012061811784892
DIEGO,4431,DIEGO,EUROPE,1574,diego__diego_1574,diego,Survey_September2023_cleaned,Survey_September2023_cleaned.xlsx,diego_1574,NA,NA,DE,DE,western_europe,25_34,female,employed,usable_complete,TRUE,TRUE,32,0.7684694888328792,0.8911301392382862,1.0381821429579543,1.3568917951896096,1.2706890055750641,0.710131243897377,0.6997812331000424,1.4559544457854923,0.18367750650034048
DIEGO,4432,DIEGO,EUROPE,1575,diego__diego_1575,diego,Survey_September2023_cleaned,Survey_September2023_cleaned.xlsx,diego_1575,NA,NA,DE,DE,western_europe,18_24,male,student,usable_complete,TRUE,TRUE,32,0.41622258845782395,1.4326023674182327,0.5802754848058745,0.4948042461785372,0.6204180122461642,0.676920891355328,0.5447502107798572,0.8576380142150333,0.46648377834791876
DIEGO,4433,DIEGO,EUROPE,1576,diego__diego_1576,diego,Survey_September2023_cleaned,Survey_September2023_cleaned.xlsx,diego_1576,NA,NA,DE,DE,western_europe,25_34,female,employed,usable_complete,TRUE,TRUE,32,0.6167817621999208,0.902911945427611,0.8882050807873201,0.6999038295178571,1.5642141278335564,0.6064772666308277,1.1851639575557988,0.5766328331785331,1.2552862276140946
DIEGO,4434,DIEGO,EUROPE,1577,diego__diego_1577,diego,Survey_September2023_cleaned,Survey_September2023_cleaned.xlsx,diego_1577,NA,NA,DE,DE,western_europe,25_34,female,student,usable_complete,TRUE,TRUE,32,0.7916329517508713,0.39641761500325534,0.6806509595998345,0.322464711440068,1.061375919933895,0.6847928853618137,0.8813234920856742,0.9455628034743659,1.4463726746394379
DIEGO,4435,DIEGO,EUROPE,1578,diego__diego_1578,diego,Survey_September2023_cleaned,Survey_September2023_cleaned.xlsx,diego_1578,NA,NA,NL,NL,western_europe,25_34,female,employed,usable_complete,TRUE,TRUE,32,0.8295290808382955,0.686006507803988,1.1825890314942158,1.4167070178748924,0.7959195231733643,0.833416983997372,0.9030776365921428,0.5728378070745822,1.4117922241138687
DIEGO,4436,DIEGO,EUROPE,1579,diego__diego_1579,diego,Survey_September2023_cleaned,Survey_September2023_cleaned.xlsx,diego_1579,NA,NA,DE,DE,western_europe,25_34,male,employed,usable_complete,TRUE,TRUE,32,0.7836140486144337,1.7678414528394766,0.847467476732698,1.0164901282551373,1.411006224423799,1.0090874484089674,1.196949218640366,1.2509170189592227,1.0859816757858516
DIEGO,4437,DIEGO,EUROPE,1580,diego__diego_1580,diego,Survey_September2023_cleaned,Survey_September2023_cleaned.xlsx,diego_1580,NA,NA,DE,DE,western_europe,45_54,male,employed,usable_complete,TRUE,TRUE,32,0.9331976525355837,1.0921312688691578,1.31923472606839,0.2208793583593359,0.6999202136230468,1.148031531883345,0.49133098257259433,0.6781787031150862,0.705262816633766
DIEGO,4438,DIEGO,EUROPE,1581,diego__diego_1581,diego,Survey_September2023_cleaned,Survey_September2023_cleaned.xlsx,diego_1581,NA,NA,DE,DE,western_europe,18_24,male,employed,usable_complete,TRUE,TRUE,32,0.6370022391789594,0.7013674907405575,1.2488424478723565,0.5276419851634129,0.7735432210374423,1.0316346918580737,0.27965721849910896,0.45373186471445565,0.23077283390568118
DIEGO,4439,DIEGO,EUROPE,1582,diego__diego_1582,diego,Survey_September2023_cleaned,Survey_September2023_cleaned.xlsx,diego_1582,NA,NA,DE,DE,western_europe,25_34,female,student,usable_complete,TRUE,TRUE,32,1.2975647984062608,0.8660670985721836,1.1276179192029012,0.5947459646878278,0.32526478789020236,1.1358030193696318,1.083181643686287,0.3697718853565886,0.5656081088153478
DIEGO,4440,DIEGO,EUROPE,1583,diego__diego_1583,diego,Survey_September2023_cleaned,Survey_September2023_cleaned.xlsx,diego_1583,NA,NA,BE,BE,western_europe,18_24,male,employed,usable_complete,TRUE,TRUE,32,0.264297000381172,0.703970841774441,1.0188400198844907,0.7390278370469705,0.31804756181607824,0.8817592743606081,1.1881544974207159,0.6096337923221021,0.5754082431027159
DIEGO,4441,DIEGO,EUROPE,1584,diego__diego_1584,diego,Survey_September2023_cleaned,Survey_September2023_cleaned.xlsx,diego_1584,NA,NA,NL,NL,western_europe,25_34,female,employed,usable_complete,TRUE,TRUE,32,0.3483310367818123,0.18118552691227136,0.9678884001688296,0.7473506246868462,0.6898069963111478,0.4379795096980002,0.7342193809082672,0.6910512858217718,0.47021079730667503
DIEGO,4442,DIEGO,EUROPE,1585,diego__diego_1585,diego,Survey_September2023_cleaned,Survey_September2023_cleaned.xlsx,diego_1585,NA,NA,DE,DE,western_europe,18_24,male,employed,usable_complete,TRUE,TRUE,32,1.1308964112051545,1.7058252566088326,1.028598977427323,0.6275704521963076,0.9052986239796759,1.8005662346346067,0.9799365925762912,0.5294209644868091,1.0519418501777449
DIEGO,4443,DIEGO,EUROPE,1586,diego__diego_1586,diego,Survey_September2023_cleaned,Survey_September2023_cleaned.xlsx,diego_1586,NA,NA,DE,DE,western_europe,18_24,male,student,usable_complete,TRUE,TRUE,32,0.9442880865815843,0.7846692679689942,1.2826368008776479,0.7632946391671407,1.345362393857132,0.6882968751920995,0.4223457726983457,0.634975522896143,0.629661126148193
DIEGO,4444,DIEGO,EUROPE,1587,diego__diego_1587,diego,Survey_September2023_cleaned,Survey_September2023_cleaned.xlsx,diego_1587,NA,NA,NL,NL,western_europe,25_34,other,employed,usable_complete_limited_metadata,TRUE,TRUE,32,1.2747782646407555,0.7597343819672762,0.79907245964781,0.9358009954206876,0.40091576792866623,0.8629890271975645,0.7343970444118418,0.7312258080167439,1.3553138439229175
DIEGO,4445,DIEGO,EUROPE,1588,diego__diego_1588,diego,Survey_September2023_cleaned,Survey_September2023_cleaned.xlsx,diego_1588,NA,NA,NL,NL,western_europe,18_24,male,unemployed,usable_complete,TRUE,TRUE,32,0.46880549388530185,0.7488872729102509,0.6803526248083681,1.148852892220744,0.3611539875973505,0.5481333984443122,0.5245193796637752,0.6765175189098448,0.8415573663641412
DIEGO,4446,DIEGO,EUROPE,1589,diego__diego_1589,diego,Survey_September2023_cleaned,Survey_September2023_cleaned.xlsx,diego_1589,NA,NA,DE,DE,western_europe,25_34,male,employed,usable_complete,TRUE,TRUE,32,0.41180387054336864,0.2780922767429752,1.2765638524627196,0.37486212648651857,0.2708330256413209,0.7406663988029871,0.4833343087237436,0.644903289722942,1.4486672807128922
DIEGO,4447,DIEGO,EUROPE,1590,diego__diego_1590,diego,Survey_September2023_cleaned,Survey_September2023_cleaned.xlsx,diego_1590,NA,NA,NL,NL,western_europe,25_34,female,employed,usable_complete,TRUE,TRUE,32,1.167997680796882,0.8945750667930719,0.6833672590851243,0.7100336881750348,0.7721656854538057,1.0177991269523425,0.7294699895250705,0.5054082862522029,1.026026478814577
DIEGO,4448,DIEGO,EUROPE,1591,diego__diego_1591,diego,Survey_September2023_cleaned,Survey_September2023_cleaned.xlsx,diego_1591,NA,NA,NL,NL,western_europe,45_54,male,employed,usable_complete,TRUE,TRUE,32,0.4067697658493338,0.802549550138985,0.4321071106719378,1.1294875269961835,1.5433270969193282,1.5910700922470487,1.006589937552816,0.8951318644463231,0.7689330908623271
DIEGO,4449,DIEGO,EUROPE,1592,diego__diego_1592,diego,Survey_September2023_cleaned,Survey_September2023_cleaned.xlsx,diego_1592,NA,NA,DE,DE,western_europe,45_54,male,employed,usable_complete,TRUE,TRUE,32,0.8780254096411231,0.4060932843724159,1.0577505525062676,0.6506805745398401,1.0662751727789204,0.6078094312712041,1.0501208786958371,1.6129180446435916,0.9918028577306577
DIEGO,4450,DIEGO,EUROPE,1593,diego__diego_1593,diego,Survey_September2023_cleaned,Survey_September2023_cleaned.xlsx,diego_1593,NA,NA,NL,NL,western_europe,18_24,other,employed,usable_complete_limited_metadata,TRUE,TRUE,32,1.128577358361589,0.7281678240988814,0.7119267742625571,0.9981889983880522,1.4129067133662436,0.6504793438426574,0.9257996807545343,0.8318769338745677,0.7337168226570546
DIEGO,4451,DIEGO,EUROPE,1594,diego__diego_1594,diego,Survey_September2023_cleaned,Survey_September2023_cleaned.xlsx,diego_1594,NA,NA,DE,DE,western_europe,45_54,male,employed,usable_complete,TRUE,TRUE,32,0.7897444908607422,1.3370000380257618,1.0201434842828963,0.5909273253087957,0.40794755863851095,0.7293685878784288,0.990468040368247,0.69323415636588,0.8649524271040062
DIEGO,4452,DIEGO,EUROPE,1595,diego__diego_1595,diego,Survey_September2023_cleaned,Survey_September2023_cleaned.xlsx,diego_1595,NA,NA,NL,NL,western_europe,25_34,female,employed,usable_complete,TRUE,TRUE,32,0.9380059091117605,0.9695930021310035,0.90099877026751,0.9787609083503637,0.3563025435445293,0.7053930661380392,1.0089313646509541,1.1889914985204562,0.9944225012133863
DIEGO,4453,DIEGO,EUROPE,1596,diego__diego_1596,diego,Survey_September2023_cleaned,Survey_September2023_cleaned.xlsx,diego_1596,NA,NA,DE,DE,western_europe,25_34,female,student,usable_complete,TRUE,TRUE,32,0.8021475879882893,0.6599197837690418,0.5881967302248838,1.1172889088640257,0.6863855261964006,0.7158956877854428,0.6424555911935876,0.7248975232545275,0.7195325243574868
DIEGO,4454,DIEGO,EUROPE,1597,diego__diego_1597,diego,Survey_September2023_cleaned,Survey_September2023_cleaned.xlsx,diego_1597,NA,NA,BE,BE,western_europe,25_34,female,employed,usable_complete,TRUE,TRUE,32,0.724759387718739,0.8410121596790197,0.5107815991864106,0.28457315100932984,1.053843704683834,0.7310302906063325,0.4723067692106658,0.5856242743832372,0.7600493998534679
DIEGO,4455,DIEGO,EUROPE,1598,diego__diego_1598,diego,Survey_September2023_cleaned,Survey_September2023_cleaned.xlsx,diego_1598,NA,NA,DE,DE,western_europe,25_34,female,self_employed,usable_complete,TRUE,TRUE,32,0.23490058996251484,0.9557623221001046,0.7271612649766153,0.8472405592931777,0.8105355929714247,0.8186145517243261,0.5540175090713505,0.7447914542579465,1.0831811670989135
DIEGO,4456,DIEGO,EUROPE,1599,diego__diego_1599,diego,Survey_September2023_cleaned,Survey_September2023_cleaned.xlsx,diego_1599,NA,NA,NL,NL,western_europe,18_24,female,student,usable_complete,TRUE,TRUE,32,1.0342993402505964,0.9425992294106231,0.9752037538904496,1.2801873540611057,0.7821589026297924,1.023217134089486,1.1499373716958181,1.0513530355347573,1.4545571613873687
DIEGO,4457,DIEGO,EUROPE,1600,diego__diego_1600,diego,Survey_September2023_cleaned,Survey_September2023_cleaned.xlsx,diego_1600,NA,NA,NL,NL,western_europe,18_24,female,employed,usable_complete,TRUE,TRUE,32,1.1615693954761035,0.5900947076869718,1.4069036547510376,0.7391286439921255,0.7665094289505088,1.1135451559904845,1.1717190105709059,1.1467134803082057,1.1649421355898792
DIEGO,4458,DIEGO,EUROPE,1601,diego__diego_1601,diego,Survey_September2023_cleaned,Survey_September2023_cleaned.xlsx,diego_1601,NA,NA,DE,DE,western_europe,18_24,female,student,usable_complete,TRUE,TRUE,32,0.5531032490945091,0.833178098730601,0.985457090394992,0.3804585813991796,1.0505439123203923,0.5816595543823662,0.7447104154677586,0.869684028868679,0.7555336532486527
DIEGO,4459,DIEGO,EUROPE,1602,diego__diego_1602,diego,Survey_September2023_cleaned,Survey_September2023_cleaned.xlsx,diego_1602,NA,NA,BE,BE,western_europe,25_34,female,employed,usable_complete,TRUE,TRUE,32,0.7610809281329179,1.4056080228166523,0.7230903440399554,0.8393942052253927,0.2385749737723927,0.5875260572927401,1.221125234637206,0.7874595452018972,0.7947015618957702
DIEGO,4460,DIEGO,EUROPE,1603,diego__diego_1603,diego,Survey_September2023_cleaned,Survey_September2023_cleaned.xlsx,diego_1603,NA,NA,DE,DE,western_europe,18_24,male,student,usable_complete,TRUE,TRUE,32,1.312487755512387,0.6451169787328288,0.9730063551536474,1.8632454869217856,0.8519997570568918,0.6906701422735744,1.086548377173926,1.153572465790725,0.8306269326836982
DIEGO,4461,DIEGO,EUROPE,1604,diego__diego_1604,diego,Survey_September2023_cleaned,Survey_September2023_cleaned.xlsx,diego_1604,NA,NA,BE,BE,western_europe,25_34,female,employed,usable_complete,TRUE,TRUE,32,1.369023774309532,0.9786373120837302,0.9204551086094093,0.9628079678254607,0.9293932614907829,0.3893299354851767,1.0192186078064,0.7026351716829885,1.781899925834382
DIEGO,4462,DIEGO,EUROPE,1605,diego__diego_1605,diego,Survey_September2023_cleaned,Survey_September2023_cleaned.xlsx,diego_1605,NA,NA,BE,BE,western_europe,65_plus,male,unemployed,usable_complete,TRUE,TRUE,32,0.959762346449178,1.1859069571518686,0.6525490550379672,0.7465171731133187,0.5446904833731424,0.7232635285881781,0.9917186813655215,1.3970092998475956,1.1652992834226488
DIEGO,4463,DIEGO,EUROPE,1606,diego__diego_1606,diego,Survey_September2023_cleaned,Survey_September2023_cleaned.xlsx,diego_1606,NA,NA,NL,NL,western_europe,25_34,female,employed,usable_complete,TRUE,TRUE,32,0.6915890023893183,0.8243266131877076,1.041068737893025,1.0751484814283736,0.7196404434766903,0.7989263631973543,0.6374319171421509,0.42291622610304613,1.2980474030106581
DIEGO,4464,DIEGO,EUROPE,1607,diego__diego_1607,diego,Survey_September2023_cleaned,Survey_September2023_cleaned.xlsx,diego_1607,NA,NA,DE,DE,western_europe,25_34,male,employed,usable_complete,TRUE,TRUE,32,0.745600352286218,1.0834360104100096,0.9878593391024794,0.7593212574891012,0.4962474557002152,0.4913623634139892,0.5870846846651144,1.2045883724828208,0.22040831514472123
DIEGO,4465,DIEGO,EUROPE,1608,diego__diego_1608,diego,Survey_September2023_cleaned,Survey_September2023_cleaned.xlsx,diego_1608,NA,NA,NL,NL,western_europe,25_34,female,employed,usable_complete,TRUE,TRUE,32,1.0822044969903044,0.3497776682156305,0.8851991141810686,0.9621630591497764,1.1782820556537286,0.88333090593261,0.9989638467124372,0.7431781017549128,0.6069517931256886
DIEGO,4466,DIEGO,EUROPE,1609,diego__diego_1609,diego,Survey_September2023_cleaned,Survey_September2023_cleaned.xlsx,diego_1609,NA,NA,DE,DE,western_europe,25_34,male,employed,usable_complete,TRUE,TRUE,32,0.847587066535223,0.8052639509346435,0.8793433353608716,0.4786436993259226,0.7847932412992731,0.9880485961886887,0.4082504918211283,1.1442616104954615,0.5047916939078338
DIEGO,4467,DIEGO,EUROPE,1610,diego__diego_1610,diego,Survey_September2023_cleaned,Survey_September2023_cleaned.xlsx,diego_1610,NA,NA,NL,NL,western_europe,25_34,female,self_employed,usable_complete,TRUE,TRUE,32,0.5034827413927456,0.8834725985037917,0.4557090055573763,1.0557624604761229,0.41990443229969054,0.9712680497409583,0.6615829037319515,0.32031941322400315,1.425102636854032
DIEGO,4468,DIEGO,EUROPE,1611,diego__diego_1611,diego,Survey_September2023_cleaned,Survey_September2023_cleaned.xlsx,diego_1611,NA,NA,DE,DE,western_europe,25_34,female,student,usable_complete,TRUE,TRUE,32,0.8393465221005674,0.6023818047112948,0.5290519525744602,0.7256559083220065,0.46390608144682266,0.8062640497894223,0.8512652499804606,0.6383315186314087,0.31858400493451033
DIEGO,4469,DIEGO,EUROPE,1612,diego__diego_1612,diego,Survey_September2023_cleaned,Survey_September2023_cleaned.xlsx,diego_1612,NA,NA,NL,NL,western_europe,25_34,female,employed,usable_complete,TRUE,TRUE,32,0.4728517344638072,0.47989891106797533,0.7377213949999447,1.5300857838437203,0.7596103001162642,0.7580272452461707,1.0015329448057584,0.8998734471369554,1.2680708894442372
DIEGO,4470,DIEGO,EUROPE,1613,diego__diego_1613,diego,Survey_September2023_cleaned,Survey_September2023_cleaned.xlsx,diego_1613,NA,NA,DE,DE,western_europe,25_34,female,self_employed,usable_complete,TRUE,TRUE,32,0.8206566253655192,0.5574071896036843,0.5814437984051551,0.6337785489823912,0.6858397849035944,0.47794138016368337,0.7603926866430732,1.0679922984597388,0.40670437864292636
DIEGO,4471,DIEGO,EUROPE,1614,diego__diego_1614,diego,Survey_September2023_cleaned,Survey_September2023_cleaned.xlsx,diego_1614,NA,NA,DE,DE,western_europe,18_24,male,student,usable_complete,TRUE,TRUE,32,1.3158060566646417,0.7176066876735929,0.7157657408925526,0.6130238881500668,0.6937653433923878,0.8252871426010899,0.7003669638012061,0.44149892013037634,1.2868216934316015
DIEGO,4472,DIEGO,EUROPE,1615,diego__diego_1615,diego,Survey_September2023_cleaned,Survey_September2023_cleaned.xlsx,diego_1615,NA,NA,DE,DE,western_europe,18_24,male,student,usable_complete,TRUE,TRUE,32,1.047550368871137,0.9622758353332199,1.0220434677751888,0.7311950746431748,1.1177893494480018,0.7902108554008361,0.7892310560983556,0.8115011173511562,1.4387000388051323
DIEGO,4473,DIEGO,EUROPE,1616,diego__diego_1616,diego,Survey_September2023_cleaned,Survey_September2023_cleaned.xlsx,diego_1616,NA,NA,DE,DE,western_europe,25_34,female,student,usable_complete,TRUE,TRUE,32,0.9251569903700104,0.7871510178530053,0.6660553614231866,0.843703381593197,1.1307919195021807,1.4237662273775173,0.883973034936363,1.4685768392014416,0.493948485101672
DIEGO,4474,DIEGO,EUROPE,1617,diego__diego_1617,diego,Survey_September2023_cleaned,Survey_September2023_cleaned.xlsx,diego_1617,NA,NA,NL,NL,western_europe,25_34,female,unemployed,usable_complete,TRUE,TRUE,32,0.8484235044545965,0.565629510441017,0.5803027879878805,1.1065048167395632,0.3838331981745345,0.9803415932295654,0.5108852644112599,0.3415977997291355,1.1782953313454563
DIEGO,4475,DIEGO,EUROPE,1618,diego__diego_1618,diego,Survey_September2023_cleaned,Survey_September2023_cleaned.xlsx,diego_1618,NA,NA,DE,DE,western_europe,18_24,male,employed,usable_complete,TRUE,TRUE,32,0.8881948946197645,0.8257499977375401,0.823147731029801,0.4783654737540597,0.6028901358743238,0.6148253735465417,1.3304335575111121,0.5536979015573651,1.0051350937261285
DIEGO,4476,DIEGO,EUROPE,1619,diego__diego_1619,diego,Survey_September2023_cleaned,Survey_September2023_cleaned.xlsx,diego_1619,NA,NA,NL,NL,western_europe,18_24,female,employed,usable_complete,TRUE,TRUE,32,1.0223000153610307,0.6614206370335596,0.5911368508058991,0.5486467148245497,1.1979706599034219,0.5025372267434736,0.7552523581332017,0.6289017371940158,0.8412716002545786
DIEGO,4477,DIEGO,EUROPE,1620,diego__diego_1620,diego,Survey_September2023_cleaned,Survey_September2023_cleaned.xlsx,diego_1620,NA,NA,NL,NL,western_europe,25_34,female,employed,usable_complete,TRUE,TRUE,32,1.0363504168277093,0.8483427288042333,1.0120848731373115,0.8776995316801015,0.4190841461431794,0.7145205937694852,0.8803902512607742,0.933309554796233,0.860603984399878
DIEGO,4478,DIEGO,EUROPE,1621,diego__diego_1621,diego,Survey_September2023_cleaned,Survey_September2023_cleaned.xlsx,diego_1621,NA,NA,NL,NL,western_europe,18_24,female,employed,usable_complete,TRUE,TRUE,32,0.5795192483026079,0.7772052103832778,0.7096269729139946,0.5695282790850509,0.33292284295116875,0.40331306345336376,0.48868797044425183,0.7736451037248964,0.7045595889803047
DIEGO,4479,DIEGO,EUROPE,1622,diego__diego_1622,diego,Survey_September2023_cleaned,Survey_September2023_cleaned.xlsx,diego_1622,NA,NA,NL,NL,western_europe,25_34,male,self_employed,usable_complete,TRUE,TRUE,32,0.7254844194579975,1.383822246177491,0.4110889672589456,1.0206879895344783,1.2072532380431467,0.5269256903275629,1.0366142787073642,0.3814722154823765,0.812483057942869
DIEGO,4480,DIEGO,EUROPE,1623,diego__diego_1623,diego,Survey_September2023_cleaned,Survey_September2023_cleaned.xlsx,diego_1623,NA,NA,DE,DE,western_europe,18_24,male,employed,usable_complete,TRUE,TRUE,32,1.502507452631808,0.6871040560631562,1.227666479025856,0.2929587340493389,1.2617474218807025,0.521255390671713,0.6046419730190433,0.9539799446028451,1.1483186429951315
DIEGO,4481,DIEGO,EUROPE,1624,diego__diego_1624,diego,Survey_September2023_cleaned,Survey_September2023_cleaned.xlsx,diego_1624,NA,NA,NL,NL,western_europe,18_24,male,student,usable_complete,TRUE,TRUE,32,0.6701462882569331,1.3006183356597276,0.5570567778812293,1.0287067091773645,1.5248592390473468,0.8112685650004463,0.7961835118060316,0.8485014442325195,0.6679380300637501
DIEGO,4482,DIEGO,EUROPE,1625,diego__diego_1625,diego,Survey_September2023_cleaned,Survey_September2023_cleaned.xlsx,diego_1625,NA,NA,NL,NL,western_europe,18_24,female,student,usable_complete,TRUE,TRUE,32,1.0444352033294024,0.8516749286087237,0.9091292829785127,0.7276672846816815,0.21687998038734566,1.363711238471637,0.44435159670730906,0.9347742663859426,0.9072840184206499
DIEGO,4483,DIEGO,EUROPE,1626,diego__diego_1626,diego,Survey_September2023_cleaned,Survey_September2023_cleaned.xlsx,diego_1626,NA,NA,DE,DE,western_europe,45_54,male,unemployed,usable_complete,TRUE,TRUE,32,1.080873460001448,1.0918166979356076,1.1312215103554044,0.932672817326068,0.6520271185862285,1.0793500608265783,1.189914319735344,0.94193283020974,1.1943878210582721
DIEGO,4484,DIEGO,EUROPE,1627,diego__diego_1627,diego,Survey_September2023_cleaned,Survey_September2023_cleaned.xlsx,diego_1627,NA,NA,BE,BE,western_europe,18_24,male,student,usable_complete,TRUE,TRUE,32,0.55165698462139,1.5407638960605095,0.9653292614400488,1.1762990468151608,0.935511887561979,0.35456294695949686,0.5589094585013552,0.6700382141304423,0.45247717895969974
DIEGO,4485,DIEGO,EUROPE,1628,diego__diego_1628,diego,Survey_September2023_cleaned,Survey_September2023_cleaned.xlsx,diego_1628,NA,NA,NL,NL,western_europe,18_24,female,employed,usable_complete,TRUE,TRUE,32,0.9815855034301548,0.492656552423288,1.1311818657600576,0.5819425218081552,0.5217500065116125,0.9737377343292282,0.8356297133571097,1.0763716824026694,1.3710914653972548
DIEGO,4486,DIEGO,EUROPE,1629,diego__diego_1629,diego,Survey_September2023_cleaned,Survey_September2023_cleaned.xlsx,diego_1629,NA,NA,NL,NL,western_europe,25_34,female,employed,usable_complete,TRUE,TRUE,32,0.5656472730882276,0.45007695256831637,0.7873124288666217,0.8612933871823026,0.6708859362713857,1.6622898025212445,1.0341353480214464,1.075471693049448,0.7824398940437668
DIEGO,4487,DIEGO,EUROPE,1630,diego__diego_1630,diego,Survey_September2023_cleaned,Survey_September2023_cleaned.xlsx,diego_1630,NA,NA,DE,DE,western_europe,18_24,male,employed,usable_complete,TRUE,TRUE,32,0.7146574739927011,0.9761561872448776,1.3660219461277692,1.0255011224619033,0.8772885897167036,0.8747374095255968,0.7269589122759613,0.6678245424507003,1.0986816966760737
DIEGO,4488,DIEGO,EUROPE,1631,diego__diego_1631,diego,Survey_September2023_cleaned,Survey_September2023_cleaned.xlsx,diego_1631,NA,NA,DE,DE,western_europe,25_34,male,employed,usable_complete,TRUE,TRUE,32,0.7616548699149978,0.7071103668690553,0.9855171241115807,0.8429160152951943,0.8326865676483225,0.6263240353277982,1.010462049096496,0.1905169853253613,0.22475991509038223
DIEGO,4489,DIEGO,EUROPE,1632,diego__diego_1632,diego,Survey_September2023_cleaned,Survey_September2023_cleaned.xlsx,diego_1632,NA,NA,NL,NL,western_europe,25_34,female,unemployed,usable_complete,TRUE,TRUE,32,1.0267054470869146,1.155311484988506,0.9013622354690851,0.9728629512091261,1.1269691682815113,0.5949189256944976,1.042012084162686,0.3699208209742058,1.4888474115924601
DIEGO,4490,DIEGO,EUROPE,1633,diego__diego_1633,diego,Survey_September2023_cleaned,Survey_September2023_cleaned.xlsx,diego_1633,NA,NA,NL,NL,western_europe,18_24,female,student,usable_complete,TRUE,TRUE,32,0.894841502541384,0.6141024079121795,0.9521649816834067,1.502969178425676,0.568337574195668,0.6317374769845309,0.8636307204218834,1.0641054043834515,0.46478654348325066
DIEGO,4491,DIEGO,EUROPE,1634,diego__diego_1634,diego,Survey_September2023_cleaned,Survey_September2023_cleaned.xlsx,diego_1634,NA,NA,DE,DE,western_europe,18_24,female,student,usable_complete,TRUE,TRUE,32,1.0127270600494822,0.9578662199594521,0.8471905658267602,0.3538289721059272,1.6764696405736146,0.635734376747791,1.0855213716128707,1.1853504079251385,0.4938366292516792
DIEGO,4492,DIEGO,EUROPE,1635,diego__diego_1635,diego,Survey_September2023_cleaned,Survey_September2023_cleaned.xlsx,diego_1635,NA,NA,NL,NL,western_europe,45_54,female,employed,usable_complete,TRUE,TRUE,32,0.744573934546815,0.6152343384708521,1.022069664865859,1.354130370678418,0.5652499421051855,0.4766538911068363,0.7539803078300957,0.3807106083496577,0.5512426740700187
DIEGO,4493,DIEGO,EUROPE,1636,diego__diego_1636,diego,Survey_September2023_cleaned,Survey_September2023_cleaned.xlsx,diego_1636,NA,NA,DE,DE,western_europe,18_24,female,student,usable_complete,TRUE,TRUE,32,0.8480029012580999,0.9556067661171718,0.8498554655929226,0.7472965177325442,1.5110071714402777,0.8463078601259976,0.8882102229405122,1.011489668908539,0.47832224206935653
DIEGO,4494,DIEGO,EUROPE,1637,diego__diego_1637,diego,Survey_September2023_cleaned,Survey_September2023_cleaned.xlsx,diego_1637,NA,NA,NL,NL,western_europe,25_34,male,employed,usable_complete,TRUE,TRUE,32,0.9999114726687568,0.9413722184631751,0.9168104961949108,0.23720962413121957,0.600865743683422,1.0580121403087375,0.6878849498815419,0.7962030323180502,0.66570688470413375
DIEGO,4495,DIEGO,EUROPE,1638,diego__diego_1638,diego,Survey_September2023_cleaned,Survey_September2023_cleaned.xlsx,diego_1638,NA,NA,DE,DE,western_europe,18_24,female,student,usable_complete,TRUE,TRUE,32,0.6683049372852362,0.859654840930628,0.9532384369955997,1.115814174412098,0.29914499150234547,0.9987904415448755,0.6831715782391595,0.6407991563399112,0.9574722609900567
DIEGO,4496,DIEGO,EUROPE,1639,diego__diego_1639,diego,Survey_September2023_cleaned,Survey_September2023_cleaned.xlsx,diego_1639,NA,NA,DE,DE,western_europe,45_54,male,employed,usable_complete,TRUE,TRUE,32,0.8803684184103898,0.8632740877847997,0.90498516258824,0.5765197374017977,0.8081725275240829,1.2164610402134726,0.8053536409955093,0.6484978923552566,1.0053107259729588
DIEGO,4497,DIEGO,EUROPE,1640,diego__diego_1640,diego,Survey_September2023_cleaned,Survey_September2023_cleaned.xlsx,diego_1640,NA,NA,NL,NL,western_europe,18_24,female,employed,usable_complete,TRUE,TRUE,32,0.7577326369738744,1.0400368522084342,1.043564215264433,0.720351486240833,0.5568641537480685,0.8161219145011438,0.8824639585156373,0.71584334553084,0.39222713161539047
DIEGO,4498,DIEGO,EUROPE,1641,diego__diego_1641,diego,Survey_September2023_cleaned,Survey_September2023_cleaned.xlsx,diego_1641,NA,NA,NL,NL,western_europe,18_24,female,student,usable_complete,TRUE,TRUE,32,0.9192437837164265,0.5084904264955395,0.8301191916757542,0.9287884112194513,0.5671500888633747,0.7486282444171569,1.0871080200186307,0.9098903247907776,0.6372110886537352
DIEGO,4499,DIEGO,EUROPE,1642,diego__diego_1642,diego,Survey_September2023_cleaned,Survey_September2023_cleaned.xlsx,diego_1642,NA,NA,DE,DE,western_europe,18_24,female,employed,usable_complete,TRUE,TRUE,32,0.8125692704587615,0.6514796303874721,1.0401635246268734,1.574069230518589,0.7527099474034645,1.0016781836994206,0.8034473606941235,1.0593552914530493,1.4472482072548147
DIEGO,4500,DIEGO,EUROPE,1643,diego__diego_1643,diego,Survey_September2023_cleaned,Survey_September2023_cleaned.xlsx,diego_1643,NA,NA,DE,DE,western_europe,25_34,female,employed,usable_complete,TRUE,TRUE,32,0.9319246586341504,1.4937267373628156,1.0276194480920764,0.8349671895896358,1.0927305668931433,0.7941647252157416,1.02824137816385,0.8051714601498001,0.4510987579069909
DIEGO,4501,DIEGO,EUROPE,1644,diego__diego_1644,diego,Survey_September2023_cleaned,Survey_September2023_cleaned.xlsx,diego_1644,NA,NA,NL,NL,western_europe,18_24,female,unemployed,usable_complete,TRUE,TRUE,32,0.38925771745309445,0.8002573600085561,1.1416250702763926,0.4347808122040398,0.14750758823910323,0.6103085755075718,0.5685411263896334,0.9768463774841719,0.8721001019624438
DIEGO,4502,DIEGO,EUROPE,1645,diego__diego_1645,diego,Survey_September2023_cleaned,Survey_September2023_cleaned.xlsx,diego_1645,NA,NA,DE,DE,western_europe,25_34,male,employed,usable_complete,TRUE,TRUE,32,0.7650589958048313,0.5999829307965723,0.8008173285336507,0.9353664979905791,0.22413573873677187,0.6902414464031305,1.0997214748682789,0.18504449837736092,0.6222714012113113
DIEGO,4503,DIEGO,EUROPE,1646,diego__diego_1646,diego,Survey_September2023_cleaned,Survey_September2023_cleaned.xlsx,diego_1646,NA,NA,NL,NL,western_europe,18_24,female,employed,usable_complete,TRUE,TRUE,32,1.0128196225447983,0.6585164071846227,0.8602225343129064,0.9848132098784669,1.1453185862267048,1.0066570589482386,1.0619034523261757,0.7534326172485083,0.9701399040467208
DIEGO,4504,DIEGO,EUROPE,1647,diego__diego_1647,diego,Survey_September2023_cleaned,Survey_September2023_cleaned.xlsx,diego_1647,NA,NA,NL,NL,western_europe,18_24,female,student,usable_complete,TRUE,TRUE,32,0.962983774230801,0.6947236445163654,0.9246872496635999,0.613499876435776,0.9759700816387171,0.8983040981302555,0.3187290384054719,0.6311907122286692,1.1485769905615324
DIEGO,4505,DIEGO,EUROPE,1648,diego__diego_1648,diego,Survey_September2023_cleaned,Survey_September2023_cleaned.xlsx,diego_1648,NA,NA,DE,DE,western_europe,18_24,female,student,usable_complete,TRUE,TRUE,32,0.6975126091760739,1.0325493522301181,0.9906800119238497,0.6446258558412671,1.8343500376755884,0.7342279952053261,0.7913241915816471,0.88799554030844,0.8482596590926169
DIEGO,4506,DIEGO,EUROPE,1649,diego__diego_1649,diego,Survey_September2023_cleaned,Survey_September2023_cleaned.xlsx,diego_1649,NA,NA,DE,DE,western_europe,45_54,male,employed,usable_complete,TRUE,TRUE,32,0.6104150968498279,0.7256024963422987,0.8999028960718567,0.3405285205940601,1.1858992042491563,0.9125186897968394,0.6397102698829065,1.393922896036181,1.3254422264930694
DIEGO,4507,DIEGO,EUROPE,1650,diego__diego_1650,diego,Survey_September2023_cleaned,Survey_September2023_cleaned.xlsx,diego_1650,NA,NA,NL,NL,western_europe,45_54,male,employed,usable_complete,TRUE,TRUE,32,0.4396260715573866,0.7430494498563116,0.6200386533584638,1.3345979664265222,0.7467850999893488,1.037575657047136,0.6678377611415545,0.917508239484443,0.2071633027346565
DIEGO,4508,DIEGO,EUROPE,1651,diego__diego_1651,diego,Survey_September2023_cleaned,Survey_September2023_cleaned.xlsx,diego_1651,NA,NA,DE,DE,western_europe,45_54,male,employed,usable_complete,TRUE,TRUE,32,1.1816960928617464,0.5786226942202128,0.7789483316234822,0.6558405950275891,0.38620361683732424,0.763949656232021,0.47951386104811133,0.9330876566760442,0.43203911312773713
DIEGO,4509,DIEGO,EUROPE,1652,diego__diego_1652,diego,Survey_September2023_cleaned,Survey_September2023_cleaned.xlsx,diego_1652,NA,NA,DE,DE,western_europe,18_24,female,employed,usable_complete,TRUE,TRUE,32,0.7070140612967447,0.9221605925016962,0.6899713452631014,1.199911182477088,1.2936857118614027,1.0949587916840424,0.7924073414855931,0.4205846925501635,1.3438601752594548
DIEGO,4510,DIEGO,EUROPE,1653,diego__diego_1653,diego,Survey_September2023_cleaned,Survey_September2023_cleaned.xlsx,diego_1653,NA,NA,DE,DE,western_europe,18_24,female,student,usable_complete,TRUE,TRUE,32,0.8066599724382472,0.9320142135567749,0.32710939260848304,0.5899188310265354,1.0403073066619188,1.0915852143715785,0.9171912969270846,1.144189377950125,0.7059129508411726
DIEGO,4511,DIEGO,EUROPE,1654,diego__diego_1654,diego,Survey_September2023_cleaned,Survey_September2023_cleaned.xlsx,diego_1654,NA,NA,NL,NL,western_europe,18_24,female,student,usable_complete,TRUE,TRUE,32,0.8025388701081559,0.5087984331693151,0.6677607434051125,0.6813408365810725,0.734236495013187,0.3228163657736234,0.9514141005005647,0.594475011730026,0.76082681916976
DIEGO,4512,DIEGO,EUROPE,1655,diego__diego_1655,diego,Survey_September2023_cleaned,Survey_September2023_cleaned.xlsx,diego_1655,NA,NA,DE,DE,western_europe,18_24,male,employed,usable_complete,TRUE,TRUE,32,0.6920164410834271,1.0419149685778604,0.8113851079850984,0.9418737057744012,0.3873665836911331,1.3912933958948879,0.8734117385430469,1.1017054844298013,0.45238229288209675
DIEGO,4513,DIEGO,EUROPE,1656,diego__diego_1656,diego,Survey_September2023_cleaned,Survey_September2023_cleaned.xlsx,diego_1656,NA,NA,NL,NL,western_europe,45_54,male,employed,usable_complete,TRUE,TRUE,32,1.1020418730424255,1.071166723388463,1.3767366164199153,0.7496001323739586,1.4168038203633182,1.0217083382538312,0.6281981101512776,1.1165168399700087,0.3768133197993737
DIEGO,4514,DIEGO,EUROPE,1657,diego__diego_1657,diego,Survey_September2023_cleaned,Survey_September2023_cleaned.xlsx,diego_1657,NA,NA,NL,NL,western_europe,45_54,male,employed,usable_complete,TRUE,TRUE,32,0.82171964107484885,1.4142826510862303,1.1040850889490958,1.2521005300397854,0.8883589028609093,0.8636295136337988,0.9754444900361902,1.5519658031744532,0.5442025476191169
DIEGO,4515,DIEGO,EUROPE,1658,diego__diego_1658,diego,Survey_September2023_cleaned,Survey_September2023_cleaned.xlsx,diego_1658,NA,NA,DE,DE,western_europe,45_54,female,employed,usable_complete,TRUE,TRUE,32,0.6721770892935892,0.8629912773546337,1.1663424205416366,1.307334024520009,0.5195326040739855,0.8876380497411296,0.766266269039066,0.489425536667875,1.1530294378652077
DIEGO,4516,DIEGO,EUROPE,1659,diego__diego_1659,diego,Survey_September2023_cleaned,Survey_September2023_cleaned.xlsx,diego_1659,NA,NA,DE,DE,western_europe,45_54,male,employed,usable_complete,TRUE,TRUE,32,0.648198298301478,0.7051236236888261,0.48091193996996945,1.0134971511643398,0.9228455440851846,1.0192508927988118,1.2906485709209112,0.9336831701642088,1.324913808507881
DIEGO,4517,DIEGO,EUROPE,1660,diego__diego_1660,diego,Survey_September2023_cleaned,Survey_September2023_cleaned.xlsx,diego_1660,NA,NA,NL,NL,western_europe,18_24,female,student,usable_complete,TRUE,TRUE,32,0.9921232710550666,0.692895744803666,0.6784509036981327,1.1092314271006989,1.4078973045712966,0.937213080581232,0.9027293136017246,1.0346893158669852,0.9045996895482681
DIEGO,4518,DIEGO,EUROPE,1661,diego__diego_1661,diego,Survey_September2023_cleaned,Survey_September2023_cleaned.xlsx,diego_1661,NA,NA,DE,DE,western_europe,18_24,female,student,usable_complete,TRUE,TRUE,32,0.748250599578858,1.0646223646591504,0.9839682324509692,1.0046673503973302,1.0477740677817957,0.809201117416558,0.9382086148459173,0.876997397742799,1.2852132530029299
DIEGO,4519,DIEGO,EUROPE,1662,diego__diego_1662,diego,Survey_September2023_cleaned,Survey_September2023_cleaned.xlsx,diego_1662,NA,NA,NL,NL,western_europe,45_54,male,employed,usable_complete,TRUE,TRUE,32,0.5786428324976725,0.4424698992234025,0.7902110580396512,1.1916038001198632,0.9108277126002765,1.0121510331413628,0.7386359866802858,0.9517187592195097,0.5294800618902586
DIEGO,4520,DIEGO,EUROPE,1663,diego__diego_1663,diego,Survey_September2023_cleaned,Survey_September2023_cleaned.xlsx,diego_1663,NA,NA,NL,NL,western_europe,25_34,male,employed,usable_complete,TRUE,TRUE,32,0.7884150684135096,0.46815083737073576,0.695076306395499,0.8033720876245215,0.9000055515448616,0.5188994295334085,0.777283307064596,0.6806421564616206,0.217363784991185
DIEGO,4521,DIEGO,EUROPE,1664,diego__diego_1664,diego,Survey_September2023_cleaned,Survey_September2023_cleaned.xlsx,diego_1664,NA,NA,NL,NL,western_europe,25_34,male,employed,usable_complete,TRUE,TRUE,32,0.933267478163139,0.7086113826882111,0.8295585966580997,0.6061163153780913,1.1372762803648229,0.9355275256421367,1.1308548070749391,0.7468278863318975,0.6805775374399876
DIEGO,4522,DIEGO,EUROPE,1665,diego__diego_1665,diego,Survey_September2023_cleaned,Survey_September2023_cleaned.xlsx,diego_1665,NA,NA,BE,BE,western_europe,45_54,male,employed,usable_complete,TRUE,TRUE,32,0.7365508427505079,1.1488949320297088,1.2180007757179099,1.3080648634048446,1.0030795144926008,1.4820993464936876,1.0833412933623026,1.1267410709637355,0.7918817441647221
DIEGO,4523,DIEGO,EUROPE,1666,diego__diego_1666,diego,Survey_September2023_cleaned,Survey_September2023_cleaned.xlsx,diego_1666,NA,NA,DE,DE,western_europe,18_24,female,student,usable_complete,TRUE,TRUE,32,0.531865984647869,0.9328615523055017,0.731077182638406,0.7937441125861331,0.869767596858277,0.629667188335379,0.7796343076127134,0.671828124363862,0.5544644764159536
DIEGO,4524,DIEGO,EUROPE,1667,diego__diego_1667,diego,Survey_September2023_cleaned,Survey_September2023_cleaned.xlsx,diego_1667,NA,NA,DE,DE,western_europe,18_24,female,student,usable_complete,TRUE,TRUE,32,0.4889542750308554,0.4732699073350773,0.5021980003419728,1.0438039512278516,0.45607598143031536,0.7636741392122737,0.8146127738121013,0.9867107260964318,0.9740152844230539
DIEGO,4525,DIEGO,EUROPE,1668,diego__diego_1668,diego,Survey_September2023_cleaned,Survey_September2023_cleaned.xlsx,diego_1668,NA,NA,NL,NL,western_europe,18_24,female,student,usable_complete,TRUE,TRUE,32,0.9177758203972325,0.976819549791294,0.5418043696913457,0.966962388192119,1.657729656160745,0.667196747010069,0.731055863916156,1.1127673832970377,0.710689041238852
DIEGO,4526,DIEGO,EUROPE,1669,diego__diego_1669,diego,Survey_September2023_cleaned,Survey_September2023_cleaned.xlsx,diego_1669,NA,NA,DE,DE,western_europe,45_54,female,employed,usable_complete,TRUE,TRUE,32,0.48048763205900236,1.0853509185321455,1.0165272532134848,1.0055593081240846,1.219106190874041,0.43797864684317184,1.1778357623576492,1.2564319717897001,0.5508666673600836
DIEGO,4527,DIEGO,EUROPE,1670,diego__diego_1670,diego,Survey_September2023_cleaned,Survey_September2023_cleaned.xlsx,diego_1670,NA,NA,NL,NL,western_europe,18_24,female,student,usable_complete,TRUE,TRUE,32,0.965876070727103,0.5657361151785674,1.194422961312358,0.8448924843008242,0.42830751756648594,0.39373715982655955,0.8409221279675657,1.1040209755527284,0.5107589101142047
DIEGO,4528,DIEGO,EUROPE,1671,diego__diego_1671,diego,Survey_September2023_cleaned,Survey_September2023_cleaned.xlsx,diego_1671,NA,NA,DE,DE,western_europe,18_24,female,student,usable_complete,TRUE,TRUE,32,0.6427612899923572,0.9043443053033572,0.9239288821537386,1.0588757841930112,0.06783973777008359,0.7579514796607985,1.509346140746521,0.695977489451325,1.0673634538790349
DIEGO,4529,DIEGO,EUROPE,1672,diego__diego_1672,diego,Survey_September2023_cleaned,Survey_September2023_cleaned.xlsx,diego_1672,NA,NA,DE,DE,western_europe,25_34,male,employed,usable_complete,TRUE,TRUE,32,0.5340950620701275,0.6323747710424905,1.062008907763651,0.9107143400738577,1.7051604788707873,1.770019137659083,1.0929569688676932,1.2576666258543712,0.6129329341122399
DIEGO,4530,DIEGO,EUROPE,1673,diego__diego_1673,diego,Survey_September2023_cleaned,Survey_September2023_cleaned.xlsx,diego_1673,NA,NA,DE,DE,western_europe,65_plus,male,self_employed,usable_complete,TRUE,TRUE,32,0.6867005652238765,1.0350656542086214,0.35115323889344224,0.9235763983671218,0.6688546732570074,0.5806413401214241,0.625000402616996,0.27854216361120093,1.3977185892660615
DIEGO,4531,DIEGO,EUROPE,1674,diego__diego_1674,diego,Survey_September2023_cleaned,Survey_September2023_cleaned.xlsx,diego_1674,NA,NA,BE,BE,western_europe,45_54,male,self_employed,usable_complete,TRUE,TRUE,32,0.5687759819639128,0.7553110896917328,0.6989625715310106,0.7390905700210312,0.737221210658906,0.6587557512303741,0.6894530319311345,0.5667325214075508,0.3889870428623988
DIEGO,4532,DIEGO,EUROPE,1675,diego__diego_1675,diego,Survey_September2023_cleaned,Survey_September2023_cleaned.xlsx,diego_1675,NA,NA,NL,NL,western_europe,18_24,female,student,usable_complete,TRUE,TRUE,32,0.5063556335239564,1.7602324899687078,1.0842122141623978,0.8635789672302686,0.8786327090907411,0.7745885214515457,0.955704760859002,1.566561247901096,1.5699695003266334
DIEGO,4533,DIEGO,EUROPE,1676,diego__diego_1676,diego,Survey_September2023_cleaned,Survey_September2023_cleaned.xlsx,diego_1676,NA,NA,BE,BE,western_europe,18_24,female,student,usable_complete,TRUE,TRUE,32,0.8442791805142827,1.0592349291790695,0.6268612266462393,1.330183822252282,1.174211355519767,0.7825857770025175,0.546195376891323,0.8894390267446753,1.7848214842553947
DIEGO,4534,DIEGO,EUROPE,1677,diego__diego_1677,diego,Survey_September2023_cleaned,Survey_September2023_cleaned.xlsx,diego_1677,NA,NA,BE,BE,western_europe,45_54,male,unemployed,usable_complete,TRUE,TRUE,32,0.781047537238254,1.1806037073190572,0.5273600234227575,0.8249749392004011,0.6032307034204332,0.8326918011917226,1.0515386109879916,1.195911267604627,1.2318354317474514
DIEGO,4535,DIEGO,EUROPE,1678,diego__diego_1678,diego,Survey_September2023_cleaned,Survey_September2023_cleaned.xlsx,diego_1678,NA,NA,DE,DE,western_europe,18_24,female,student,usable_complete,TRUE,TRUE,32,0.7812555285784918,0.680085070798945,0.9197702962566204,1.0241042778037102,0.6144391689976402,0.7841962634680644,1.1624672114450918,1.2178136850785142,0.9465853975257787
DIEGO,4536,DIEGO,EUROPE,1679,diego__diego_1679,diego,Survey_September2023_cleaned,Survey_September2023_cleaned.xlsx,diego_1679,NA,NA,BE,BE,western_europe,18_24,female,student,usable_complete,TRUE,TRUE,32,1.0045903657757527,1.5095253215943913,0.7223876117945431,1.5903481209983215,1.0005545129963045,1.0139490061388172,0.8564108550418865,0.8727256506895179,0.9384939636082508
DIEGO,4537,DIEGO,EUROPE,1680,diego__diego_1680,diego,Survey_September2023_cleaned,Survey_September2023_cleaned.xlsx,diego_1680,NA,NA,NL,NL,western_europe,65_plus,male,employed,usable_complete,TRUE,TRUE,32,0.3722336417121954,0.903443408462177,0.7386830610629488,0.7215170092013015,0.6179518829118771,0.6857841133010841,0.9193506781888547,0.3321829231801621,0.4237644183665004
DIEGO,4538,DIEGO,EUROPE,1681,diego__diego_1681,diego,Survey_September2023_cleaned,Survey_September2023_cleaned.xlsx,diego_1681,NA,NA,DE,DE,western_europe,25_34,male,employed,usable_complete,TRUE,TRUE,32,0.9449355030078357,1.0714489505443408,0.6093254366722904,0.9595101013297662,0.2186474693691592,1.2615335434967454,0.8357024827881835,0.2858448255540725,1.336043823551072
DIEGO,4539,DIEGO,EUROPE,1682,diego__diego_1682,diego,Survey_September2023_cleaned,Survey_September2023_cleaned.xlsx,diego_1682,NA,NA,BE,BE,western_europe,45_54,female,employed,usable_complete,TRUE,TRUE,32,1.5645382846852736,0.8426235849031452,0.6148079892772128,0.47654267670328476,1.0362658728308858,0.5749706604423332,0.9601788632742976,1.3367758394369276,1.2432860360816498
DIEGO,4540,DIEGO,EUROPE,1683,diego__diego_1683,diego,Survey_September2023_cleaned,Survey_September2023_cleaned.xlsx,diego_1683,NA,NA,DE,DE,western_europe,18_24,female,employed,usable_complete,TRUE,TRUE,32,0.658782932808887,0.9070521020082472,0.618831282393916,0.8745825175312375,0.861031921183376,0.7913576809353219,0.8368936051920942,0.510136406162979,0.6158656952332141
DIEGO,4541,DIEGO,EUROPE,1684,diego__diego_1684,diego,Survey_September2023_cleaned,Survey_September2023_cleaned.xlsx,diego_1684,NA,NA,NL,NL,western_europe,45_54,male,self_employed,usable_complete,TRUE,TRUE,32,0.6952475963555278,0.3705387143906976,0.9595897414711569,1.1985134697034985,0.7116762540401326,0.6945056137875223,0.6790840054768388,1.1802476453943322,0.20874205176045788
DIEGO,4542,DIEGO,EUROPE,1685,diego__diego_1685,diego,Survey_September2023_cleaned,Survey_September2023_cleaned.xlsx,diego_1685,NA,NA,NL,NL,western_europe,18_24,other,student,usable_complete_limited_metadata,TRUE,TRUE,32,1.243043364999629,0.4220705216716175,1.229118102633414,1.4306148053686911,0.3021788390204179,0.5074915075975528,0.9021982965221689,0.7077389396997361,0.6403051859220323
DIEGO,4543,DIEGO,EUROPE,1686,diego__diego_1686,diego,Survey_September2023_cleaned,Survey_September2023_cleaned.xlsx,diego_1686,NA,NA,DE,DE,western_europe,45_54,male,employed,usable_complete,TRUE,TRUE,32,0.9469342858838541,0.5464893928357624,0.9772853627808745,0.7620015435375849,0.9577282468462758,0.9995394065224973,0.5018393125397312,0.4295057354704013,1.0553653984150693
DIEGO,4544,DIEGO,EUROPE,1687,diego__diego_1687,diego,Survey_September2023_cleaned,Survey_September2023_cleaned.xlsx,diego_1687,NA,NA,DE,DE,western_europe,18_24,female,student,usable_complete,TRUE,TRUE,32,0.6655700090976207,0.40515730724522836,0.6553801666001029,0.9363728989089234,0.9140573920376809,0.4689526500896675,1.037099877819519,0.7241078554975163,1.6141104434040576
DIEGO,4545,DIEGO,EUROPE,1688,diego__diego_1688,diego,Survey_September2023_cleaned,Survey_September2023_cleaned.xlsx,diego_1688,NA,NA,BE,BE,western_europe,18_24,female,employed,usable_complete,TRUE,TRUE,32,1.0354128433138006,0.4958962399116554,0.4829458395783143,0.6739249522263427,0.831500289350724,0.6576531755611897,0.5245085035589596,0.6182059296160451,1.0683073269880818
DIEGO,4546,DIEGO,EUROPE,1689,diego__diego_1689,diego,Survey_September2023_cleaned,Survey_September2023_cleaned.xlsx,diego_1689,NA,NA,DE,DE,western_europe,25_34,male,employed,usable_complete,TRUE,TRUE,32,0.6936679992477731,0.8567864887907604,0.8415115392931046,0.5409381115638581,0.9611487867751515,0.9044048118377352,0.7054136072831771,1.1933384467076251,0.859439251708544
DIEGO,4547,DIEGO,EUROPE,1690,diego__diego_1690,diego,Survey_September2023_cleaned,Survey_September2023_cleaned.xlsx,diego_1690,NA,NA,DE,DE,western_europe,18_24,female,employed,usable_complete,TRUE,TRUE,32,0.665429668406071,1.012720506931533,0.9870486057344163,0.6842939042176243,1.4410362327274735,0.620702098332957,0.9384891222895166,0.576103887168742,0.8510341969368296
DIEGO,4548,DIEGO,EUROPE,1691,diego__diego_1691,diego,Survey_September2023_cleaned,Survey_September2023_cleaned.xlsx,diego_1691,NA,NA,NL,NL,western_europe,18_24,female,employed,usable_complete,TRUE,TRUE,32,0.574771090142153,1.2589029598568526,0.8763669617942418,1.206871195285244,0.24478567945054777,1.2159547380613691,0.8504655564868718,0.6353700256400321,0.11939962405971721
DIEGO,4549,DIEGO,EUROPE,1692,diego__diego_1692,diego,Survey_September2023_cleaned,Survey_September2023_cleaned.xlsx,diego_1692,NA,NA,NL,NL,western_europe,18_24,other,student,usable_complete_limited_metadata,TRUE,TRUE,32,0.4976860933031839,0.8385017728576023,0.6708797780256777,0.3662091586407888,1.5124828385194693,0.7224434705441067,0.9908997876520795,0.908907647019977,0.8767960161160122
DIEGO,4550,DIEGO,EUROPE,1693,diego__diego_1693,diego,Survey_September2023_cleaned,Survey_September2023_cleaned.xlsx,diego_1693,NA,NA,DE,DE,western_europe,45_54,female,employed,usable_complete,TRUE,TRUE,32,0.3466251381234354,0.784605969022481,0.7935413738458615,0.9867331492824839,0.5623278476219671,1.1318472082323592,0.7713035783472414,0.4139960691086748,0.6109821757037278
DIEGO,4551,DIEGO,EUROPE,1694,diego__diego_1694,diego,Survey_September2023_cleaned,Survey_September2023_cleaned.xlsx,diego_1694,NA,NA,DE,DE,western_europe,25_34,female,self_employed,usable_complete,TRUE,TRUE,32,0.8764695084168616,0.8974914665923724,0.8387871669769449,0.8161573306378328,0.4091163354900894,1.1083171466047739,0.7197937063830159,0.7732244986991993,1.0825144161395182
DIEGO,4552,DIEGO,EUROPE,1695,diego__diego_1695,diego,Survey_September2023_cleaned,Survey_September2023_cleaned.xlsx,diego_1695,NA,NA,DE,DE,western_europe,45_54,female,employed,usable_complete,TRUE,TRUE,32,0.7061113984345038,0.7675876350598937,0.5647955847499132,0.579617126175714,0.5971582422512016,1.2798793428938626,0.9207021223537696,0.6820568253647191,1.1576552662056412
DIEGO,4553,DIEGO,EUROPE,1696,diego__diego_1696,diego,Survey_September2023_cleaned,Survey_September2023_cleaned.xlsx,diego_1696,NA,NA,NL,NL,western_europe,18_24,female,student,usable_complete,TRUE,TRUE,32,0.6462136153374052,0.7556356905644691,0.8089509435210364,0.8771123953337169,0.36926536724545583,1.001719056903872,1.1091313098709183,0.9951800928855805,0.08769634933689019
DIEGO,4554,DIEGO,EUROPE,1697,diego__diego_1697,diego,Survey_September2023_cleaned,Survey_September2023_cleaned.xlsx,diego_1697,NA,NA,DE,DE,western_europe,45_54,male,employed,usable_complete,TRUE,TRUE,32,1.0027331438463443,1.0395938604874875,1.1278196594725318,0.5097985699686471,0.7897261802219095,0.9581736655906685,1.100116053175811,0.4569743346118882,0.9841627368209406
DIEGO,4555,DIEGO,EUROPE,1698,diego__diego_1698,diego,Survey_September2023_cleaned,Survey_September2023_cleaned.xlsx,diego_1698,NA,NA,DE,DE,western_europe,45_54,female,employed,usable_complete,TRUE,TRUE,32,0.9677782868493627,1.339427808583884,1.0381791191351593,0.5929624441076763,1.0559826577319118,0.7503441613376963,0.7910745784327793,0.4853415273896026,1.2549583371480244
DIEGO,4556,DIEGO,EUROPE,1699,diego__diego_1699,diego,Survey_September2023_cleaned,Survey_September2023_cleaned.xlsx,diego_1699,NA,NA,DE,DE,western_europe,25_34,female,employed,usable_complete,TRUE,TRUE,32,0.8899376616854442,1.00769018998232,1.1640906485457632,0.41355344475856337,0.24484383895561973,0.5560534374498916,1.0630565467100161,0.665682392306042,1.4842305806791032
DIEGO,4557,DIEGO,EUROPE,1700,diego__diego_1700,diego,Survey_September2023_cleaned,Survey_September2023_cleaned.xlsx,diego_1700,NA,NA,NL,NL,western_europe,25_34,female,employed,usable_complete,TRUE,TRUE,32,0.36451876319312826,1.0991521202409322,1.0202965744177155,0.8964415106807279,1.0406782110645385,1.027465199463851,0.9197731775240318,0.836254258729082,1.009573390773643
DIEGO,4558,DIEGO,EUROPE,1701,diego__diego_1701,diego,Survey_September2023_cleaned,Survey_September2023_cleaned.xlsx,diego_1701,NA,NA,DE,DE,western_europe,45_54,male,employed,usable_complete,TRUE,TRUE,32,0.629180484716618,0.6168475437769462,0.6763996003138409,0.7867519605145268,0.20851100493773833,0.6470287054495023,0.7884322627961196,0.46314925774014987,0.4110926899032753
DIEGO,4559,DIEGO,EUROPE,1702,diego__diego_1702,diego,Survey_September2023_cleaned,Survey_September2023_cleaned.xlsx,diego_1702,NA,NA,DE,DE,western_europe,25_34,male,employed,usable_complete,TRUE,TRUE,32,0.44250528774328224,1.3925570577657673,1.131639756377123,0.8839224258385182,0.7626530683954817,0.46936268907980416,0.8148020202655,0.9633036647898735,0.6576225262523733
DIEGO,4560,DIEGO,EUROPE,1703,diego__diego_1703,diego,Survey_September2023_cleaned,Survey_September2023_cleaned.xlsx,diego_1703,NA,NA,DE,DE,western_europe,25_34,male,student,usable_complete,TRUE,TRUE,32,0.6936275980313539,0.7944929033851887,0.5199548227612,0.6792397815302058,1.1090794256127654,0.7542945412173587,0.3768285938916314,0.6205710800169489,0.9122440270005161
DIEGO,4561,DIEGO,EUROPE,1704,diego__diego_1704,diego,Survey_September2023_cleaned,Survey_September2023_cleaned.xlsx,diego_1704,NA,NA,DE,DE,western_europe,25_34,female,employed,usable_complete,TRUE,TRUE,32,0.9024213049112277,0.33415862032421007,1.0544916422117006,0.9232453404975108,0.6466150010297099,0.6217284966092212,0.8700865648258491,0.6943546851550959,1.62849813197032
DIEGO,4562,DIEGO,EUROPE,1705,diego__diego_1705,diego,Survey_September2023_cleaned,Survey_September2023_cleaned.xlsx,diego_1705,NA,NA,NL,NL,western_europe,45_54,male,employed,usable_complete,TRUE,TRUE,32,1.3001199380859816,0.6513392031741598,0.9351244478383786,0.5861382922017179,1.600526938056443,0.6120848431657712,0.6837348788562468,1.0467712057050036,0.922899391298938
DIEGO,4563,DIEGO,EUROPE,1706,diego__diego_1706,diego,Survey_September2023_cleaned,Survey_September2023_cleaned.xlsx,diego_1706,NA,NA,NL,NL,western_europe,45_54,male,employed,usable_complete,TRUE,TRUE,32,0.5641393354006848,0.7426730630716123,1.1179016949467615,0.6357175479078951,1.7201139324054378,1.0729094232163894,1.1845288012069848,0.878225253503414,0.3925780056301356
DIEGO,4564,DIEGO,EUROPE,1707,diego__diego_1707,diego,Survey_September2023_cleaned,Survey_September2023_cleaned.xlsx,diego_1707,NA,NA,DE,DE,western_europe,25_34,male,employed,usable_complete,TRUE,TRUE,32,0.42977162465604307,0.907685369160098,0.9988503639534396,0.326485601002588,1.2770691940335928,0.9371952097649154,0.716359586281354,0.8632526065616496,1.1810042221593107
DIEGO,4565,DIEGO,EUROPE,1708,diego__diego_1708,diego,Survey_September2023_cleaned,Survey_September2023_cleaned.xlsx,diego_1708,NA,NA,DE,DE,western_europe,45_54,male,employed,usable_complete,TRUE,TRUE,32,0.847712543833202,0.5690416750327396,0.6481460095196471,0.6954247212118819,1.3276076863962687,0.696939010692343,0.43890406654527425,0.7809279110075821,0.6664225682421206
DIEGO,4566,DIEGO,EUROPE,1709,diego__diego_1709,diego,Survey_September2023_cleaned,Survey_September2023_cleaned.xlsx,diego_1709,NA,NA,DE,DE,western_europe,25_34,male,self_employed,usable_complete,TRUE,TRUE,32,0.43078188216885066,0.9304231511906655,0.9266287113701134,0.5161222623139996,0.9975602971854785,0.4529027087306715,0.9913477374777753,1.0992902271489593,0.921141726589795
DIEGO,4567,DIEGO,EUROPE,1710,diego__diego_1710,diego,Survey_September2023_cleaned,Survey_September2023_cleaned.xlsx,diego_1710,NA,NA,BE,BE,western_europe,45_54,female,employed,usable_complete,TRUE,TRUE,32,0.34401732251657124,1.0913811099196329,0.873190627298681,1.0225110255040197,0.11354159793993333,0.634785887243247,0.8758327009867424,0.4423498850619703,1.0134152933879843
DIEGO,4568,DIEGO,EUROPE,1711,diego__diego_1711,diego,Survey_September2023_cleaned,Survey_September2023_cleaned.xlsx,diego_1711,NA,NA,NL,NL,western_europe,45_54,male,employed,usable_complete,TRUE,TRUE,32,0.5924414207065305,0.5652287582618666,0.47980724472835395,0.6518050255028308,1.1560542689751605,1.321094092636403,0.9037942213012808,0.7551570808947311,1.2769302367755722
DIEGO,4569,DIEGO,EUROPE,1712,diego__diego_1712,diego,Survey_September2023_cleaned,Survey_September2023_cleaned.xlsx,diego_1712,NA,NA,DE,DE,western_europe,25_34,male,employed,usable_complete,TRUE,TRUE,32,0.9503619519684035,1.3085563175971489,0.9511600095896234,0.6610425275145402,1.1460165135943443,0.9189132385437803,0.7927365397572219,1.150488502554572,1.1156781300585825
DIEGO,4570,DIEGO,EUROPE,1713,diego__diego_1713,diego,Survey_September2023_cleaned,Survey_September2023_cleaned.xlsx,diego_1713,NA,NA,NL,NL,western_europe,65_plus,female,employed,usable_complete,TRUE,TRUE,32,1.1539902264292565,1.4475245277387125,1.1587926498644507,0.32936344119936317,1.217654797333524,1.0036919136121432,0.8174592581455518,0.9842746487277934,0.4761073336791213
DIEGO,4571,DIEGO,EUROPE,1714,diego__diego_1714,diego,Survey_September2023_cleaned,Survey_September2023_cleaned.xlsx,diego_1714,NA,NA,DE,DE,western_europe,45_54,male,self_employed,usable_complete,TRUE,TRUE,32,0.48620033492219894,1.6712629870830398,0.9442123736587547,0.733467995865384,1.344987403482434,0.9780559106466313,0.9586282627252569,1.4008350815740398,0.1878290711250124
DIEGO,4572,DIEGO,EUROPE,1715,diego__diego_1715,diego,Survey_September2023_cleaned,Survey_September2023_cleaned.xlsx,diego_1715,NA,NA,DE,DE,western_europe,45_54,female,employed,usable_complete,TRUE,TRUE,32,0.21643872013488036,0.48382806542423396,0.6200502830127574,0.5791062254111737,0.17183341795920815,0.6230211239052066,0.9878719980753168,0.6730353513318327,0.1084106120219247
DIEGO,4573,DIEGO,EUROPE,1716,diego__diego_1716,diego,Survey_September2023_cleaned,Survey_September2023_cleaned.xlsx,diego_1716,NA,NA,DE,DE,western_europe,45_54,female,self_employed,usable_complete,TRUE,TRUE,32,0.7401837175614667,0.7062352696685973,1.1794721046128813,0.731835552839231,0.5825517389271105,1.0439539545758498,0.7997750890038162,0.9922809540429939,0.6788511498590788
DIEGO,4574,DIEGO,EUROPE,1717,diego__diego_1717,diego,Survey_September2023_cleaned,Survey_September2023_cleaned.xlsx,diego_1717,NA,NA,NL,NL,western_europe,65_plus,female,employed,usable_complete,TRUE,TRUE,32,0.2713652748644308,1.0273766266866702,0.8988106660458033,0.5150984715256229,0.48533130493628274,0.41132703194245485,0.7953106879331678,0.9125788982255955,1.5141634006176603
DIEGO,4575,DIEGO,EUROPE,1718,diego__diego_1718,diego,Survey_September2023_cleaned,Survey_September2023_cleaned.xlsx,diego_1718,NA,NA,BE,BE,western_europe,25_34,female,student,usable_complete,TRUE,TRUE,32,0.6251576936447243,0.7892389914378375,0.826167354932843,1.2887922963635876,1.2901499047660496,1.0624871685298398,1.2190859309755362,0.9226076079388577,1.0674900742331284
DIEGO,4576,DIEGO,EUROPE,1719,diego__diego_1719,diego,Survey_September2023_cleaned,Survey_September2023_cleaned.xlsx,diego_1719,NA,NA,NL,NL,western_europe,45_54,male,employed,usable_complete,TRUE,TRUE,32,0.9957701585310095,0.5013911176776467,0.2745193596562503,1.3914051002891046,0.3390935586673363,1.0980417691057727,0.7936263447034213,1.1918192366258629,0.888756756891978
DIEGO,4577,DIEGO,EUROPE,1720,diego__diego_1720,diego,Survey_September2023_cleaned,Survey_September2023_cleaned.xlsx,diego_1720,NA,NA,NL,NL,western_europe,25_34,female,employed,usable_complete,TRUE,TRUE,32,0.4896756857813096,0.5772786781038384,1.0089111512133335,1.024822902584961,1.029303730428889,1.2194778849538392,0.8217604629370265,0.8019023327831225,0.4397334377746777
DIEGO,4578,DIEGO,EUROPE,1721,diego__diego_1721,diego,Survey_September2023_cleaned,Survey_September2023_cleaned.xlsx,diego_1721,NA,NA,NL,NL,western_europe,25_34,female,employed,usable_complete,TRUE,TRUE,32,0.4705306531386611,0.5913496935250417,0.6792033793426897,0.4591139632952435,1.2861070231610403,0.2890115720751894,0.7083872523118426,1.2851001321565938,0.37817579445787974
DIEGO,4579,DIEGO,EUROPE,1722,diego__diego_1722,diego,Survey_September2023_cleaned,Survey_September2023_cleaned.xlsx,diego_1722,NA,NA,BE,BE,western_europe,45_54,male,employed,usable_complete,TRUE,TRUE,32,0.9679155867875788,1.1045331459001808,0.9752919130545118,1.1855251979343044,1.740645404700735,0.5589351639015153,1.0505572701303898,1.2326588893245547,0.8490729106844997
DIEGO,4580,DIEGO,EUROPE,1723,diego__diego_1723,diego,Survey_September2023_cleaned,Survey_September2023_cleaned.xlsx,diego_1723,NA,NA,DE,DE,western_europe,45_54,male,employed,usable_complete,TRUE,TRUE,32,1.2028641977799457,1.1344794850015854,0.40236981767382024,0.4629974665950558,1.0167559035556817,1.145224493115989,0.940952711033815,0.9459190966773346,0.7066899091636341
DIEGO,4581,DIEGO,EUROPE,1724,diego__diego_1724,diego,Survey_September2023_cleaned,Survey_September2023_cleaned.xlsx,diego_1724,NA,NA,DE,DE,western_europe,45_54,female,employed,usable_complete,TRUE,TRUE,32,0.9279819177869102,1.5484751850624208,0.7243206025811291,0.6883638301240699,0.4789597095903098,0.5392024676416661,0.6097762842653858,0.5686316746413466,0.4923977801124047
DIEGO,4582,DIEGO,EUROPE,1725,diego__diego_1725,diego,Survey_September2023_cleaned,Survey_September2023_cleaned.xlsx,diego_1725,NA,NA,DE,DE,western_europe,25_34,male,employed,usable_complete,TRUE,TRUE,32,0.5121159358703952,1.07814149424408,1.0208522514966587,0.6639509138715396,0.6004280924352672,0.5653986066191228,0.7554852027960459,1.2343076742822132,0.8165837868325478
DIEGO,4583,DIEGO,EUROPE,1726,diego__diego_1726,diego,Survey_September2023_cleaned,Survey_September2023_cleaned.xlsx,diego_1726,NA,NA,DE,DE,western_europe,45_54,male,employed,usable_complete,TRUE,TRUE,32,0.8090720392562731,0.5517968221631989,0.5752469046638155,0.9360453810037251,0.4158084320011226,0.6977499810278364,0.6521394670231019,0.6730473741061761,0.5386764989948489
DIEGO,4584,DIEGO,EUROPE,1727,diego__diego_1727,diego,Survey_September2023_cleaned,Survey_September2023_cleaned.xlsx,diego_1727,NA,NA,NL,NL,western_europe,45_54,female,employed,usable_complete,TRUE,TRUE,32,1.108101831932642,1.1727278870213103,1.2669953723255947,1.020409525286275,1.2074697204485307,1.008806680799739,0.48603601572645444,0.7070851523254253,0.7658533569589179
DIEGO,4585,DIEGO,EUROPE,1728,diego__diego_1728,diego,Survey_September2023_cleaned,Survey_September2023_cleaned.xlsx,diego_1728,NA,NA,BE,BE,western_europe,45_54,female,employed,usable_complete,TRUE,TRUE,32,0.4946020593291432,0.9659934873494207,0.9466646451743962,0.578766214935202,0.49186908563493215,0.730504946275006,0.7189918367189854,1.0571060426279575,0.45740294052242403
DIEGO,4586,DIEGO,EUROPE,1729,diego__diego_1729,diego,Survey_September2023_cleaned,Survey_September2023_cleaned.xlsx,diego_1729,NA,NA,DE,DE,western_europe,25_34,male,employed,usable_complete,TRUE,TRUE,32,0.884307943917817,1.0524324269960788,1.2178244945126733,0.8078877704827648,0.7553714640563653,0.5132329590659079,0.5824968250535191,1.3479648593150806,0.2502302392392523
DIEGO,4587,DIEGO,EUROPE,1730,diego__diego_1730,diego,Survey_September2023_cleaned,Survey_September2023_cleaned.xlsx,diego_1730,NA,NA,DE,DE,western_europe,45_54,female,employed,usable_complete,TRUE,TRUE,32,1.3814834311998174,1.0000114611029849,0.7860562342917472,0.8545204134641639,1.512936796868419,0.99184989349919,0.5963082261221113,0.6642330636985462,0.9551883679411824
DIEGO,4588,DIEGO,EUROPE,1731,diego__diego_1731,diego,Survey_September2023_cleaned,Survey_September2023_cleaned.xlsx,diego_1731,NA,NA,DE,DE,western_europe,45_54,male,employed,usable_complete,TRUE,TRUE,32,0.8426275121930025,0.4944975327608529,1.0884006787847822,0.663031711066321,1.1977717540679333,0.6475136680146949,0.9516184054147198,1.1901375766835045,0.8231430214170916
DIEGO,4589,DIEGO,EUROPE,1732,diego__diego_1732,diego,Survey_September2023_cleaned,Survey_September2023_cleaned.xlsx,diego_1732,NA,NA,DE,DE,western_europe,45_54,male,self_employed,usable_complete,TRUE,TRUE,32,0.33549180711635324,0.8410755665721341,0.9353036678930083,1.0829014436677582,0.5542779379811861,0.7668892932367906,0.6445887454449726,0.3428758673560859,0.38548408487197566
DIEGO,4590,DIEGO,EUROPE,1733,diego__diego_1733,diego,Survey_September2023_cleaned,Survey_September2023_cleaned.xlsx,diego_1733,NA,NA,DE,DE,western_europe,45_54,female,employed,usable_complete,TRUE,TRUE,32,0.5036119179751466,0.9726911736370726,0.9534305996744543,0.702004020787555,0.789892571542675,0.9638411757686982,0.8657436507334563,1.1868226269930398,0.9943390529657226
DIEGO,4591,DIEGO,EUROPE,1734,diego__diego_1734,diego,Survey_September2023_cleaned,Survey_September2023_cleaned.xlsx,diego_1734,NA,NA,DE,DE,western_europe,18_24,female,employed,usable_complete,TRUE,TRUE,32,0.8379243400833489,0.4528515167741749,0.7948498170884621,0.8808229430159292,0.9933875796875503,1.7650182951477353,0.9083665053714833,0.3686090673553409,1.2079085902026272
DIEGO,4592,DIEGO,EUROPE,1735,diego__diego_1735,diego,Survey_September2023_cleaned,Survey_September2023_cleaned.xlsx,diego_1735,NA,NA,DE,DE,western_europe,25_34,female,other,usable_complete,TRUE,TRUE,32,0.2758685276219675,0.7014663892377888,1.045107116004365,1.1220370370382855,0.4958844956704515,0.44489217716627183,0.6170281995203053,0.50246908508906,0.2662951091661161
DIEGO,4593,DIEGO,EUROPE,1736,diego__diego_1736,diego,Survey_September2023_cleaned,Survey_September2023_cleaned.xlsx,diego_1736,NA,NA,DE,DE,western_europe,45_54,male,employed,usable_complete,TRUE,TRUE,32,0.5031339308503093,0.7264412448967226,0.8769877946160584,1.1003906061630506,0.4851534036671801,0.9973089625439882,0.781202448203063,0.8828091137662638,0.8291059628201318
DIEGO,4594,DIEGO,EUROPE,1737,diego__diego_1737,diego,Survey_September2023_cleaned,Survey_September2023_cleaned.xlsx,diego_1737,NA,NA,DE,DE,western_europe,45_54,male,employed,usable_complete,TRUE,TRUE,32,1.1823337044154387,0.8582191443889879,0.43318739516693877,0.9431881650535131,0.42806075975927804,0.8302038122242621,0.7049044310487431,0.45742976044090344,1.6933378421872467
DIEGO,4595,DIEGO,EUROPE,1738,diego__diego_1738,diego,Survey_September2023_cleaned,Survey_September2023_cleaned.xlsx,diego_1738,NA,NA,DE,DE,western_europe,25_34,male,employed,usable_complete,TRUE,TRUE,32,1.2569974813043954,0.6321438852922197,0.8271390065786506,0.3131648842099317,1.1571217112625016,0.9126518635122435,1.3115526678675435,1.3441611643745972,1.7978613699828982
DIEGO,4596,DIEGO,EUROPE,1739,diego__diego_1739,diego,Survey_September2023_cleaned,Survey_September2023_cleaned.xlsx,diego_1739,NA,NA,NL,NL,western_europe,45_54,male,employed,usable_complete,TRUE,TRUE,32,0.7226014474899537,0.1184413996540169,0.7385993963865337,1.2477744638802886,0.9870141646400616,0.307179609032514,0.7543451733374565,0.6072932040914699,0.4014074085785255
DIEGO,4597,DIEGO,EUROPE,1740,diego__diego_1740,diego,Survey_September2023_cleaned,Survey_September2023_cleaned.xlsx,diego_1740,NA,NA,NL,NL,western_europe,65_plus,male,employed,usable_complete,TRUE,TRUE,32,0.8472991525336668,0.8113560561361938,0.5034516313730288,1.1061200030694966,0.8859187137316004,1.051010082627786,0.8403287353331089,0.556431149960139,0.45376528921502124
DIEGO,4598,DIEGO,EUROPE,1741,diego__diego_1741,diego,Survey_September2023_cleaned,Survey_September2023_cleaned.xlsx,diego_1741,NA,NA,DE,DE,western_europe,65_plus,female,employed,usable_complete,TRUE,TRUE,32,0.7481090644742165,1.3498605568840014,1.2532878046001912,0.7507444360357067,1.3136437812971384,0.7048157510512645,0.6518336521250537,0.6592628124479412,1.1317790565922519
DIEGO,4599,DIEGO,EUROPE,1742,diego__diego_1742,diego,Survey_September2023_cleaned,Survey_September2023_cleaned.xlsx,diego_1742,NA,NA,NL,NL,western_europe,45_54,male,employed,usable_complete,TRUE,TRUE,32,0.9232698420626964,1.1297137491118285,0.5234055804720728,1.1083158088178175,0.8942225816411156,0.49519138250599365,0.6714124349123936,0.7309499253925615,0.9644758502354418
DIEGO,4600,DIEGO,EUROPE,1743,diego__diego_1743,diego,Survey_September2023_cleaned,Survey_September2023_cleaned.xlsx,diego_1743,NA,NA,BE,BE,western_europe,18_24,male,employed,usable_complete,TRUE,TRUE,32,1.0377161985930576,0.5913903162816616,1.1077792655238328,0.8525996621482964,0.4695495849050021,0.5491396029215442,0.9236446277736295,0.944865693507528,0.9658179895882846
DIEGO,4601,DIEGO,EUROPE,1744,diego__diego_1744,diego,Survey_September2023_cleaned,Survey_September2023_cleaned.xlsx,diego_1744,NA,NA,BE,BE,western_europe,18_24,male,employed,usable_complete,TRUE,TRUE,32,0.5771934911383785,0.7600652366241771,0.669823791224742,0.7766142583036012,0.3774778006436892,0.31121962712191487,0.9969105306719644,0.7778098277310012,0.6885393679117834
DIEGO,4602,DIEGO,EUROPE,1745,diego__diego_1745,diego,Survey_September2023_cleaned,Survey_September2023_cleaned.xlsx,diego_1745,NA,NA,DE,DE,western_europe,25_34,female,employed,usable_complete,TRUE,TRUE,32,0.4070761769383552,1.1575816077927608,0.6900792784253558,1.2071837756326904,0.6052840552825508,0.7388074377958995,0.692999423750862,1.1165750838408852,1.4627724694330573
DIEGO,4603,DIEGO,EUROPE,1746,diego__diego_1746,diego,Survey_September2023_cleaned,Survey_September2023_cleaned.xlsx,diego_1746,NA,NA,DE,DE,western_europe,25_34,female,employed,usable_complete,TRUE,TRUE,32,0.49432199217676615,1.392382509751812,0.9198485758716742,0.6233122745765044,0.8416898295887928,0.7656151955919781,0.7901842698165731,0.7914993337715034,0.8407167590196344
DIEGO,4604,DIEGO,EUROPE,1747,diego__diego_1747,diego,Survey_September2023_cleaned,Survey_September2023_cleaned.xlsx,diego_1747,NA,NA,DE,DE,western_europe,25_34,female,student,usable_complete,TRUE,TRUE,32,0.788510150525298,0.5554265704258315,0.44867212747862906,0.9637048421122874,1.0873391095792466,0.6422112095864584,0.8050648800954241,0.5144062260056591,0.407316795766211
DIEGO,4605,DIEGO,EUROPE,1748,diego__diego_1748,diego,Survey_September2023_cleaned,Survey_September2023_cleaned.xlsx,diego_1748,NA,NA,DE,DE,western_europe,25_34,male,employed,usable_complete,TRUE,TRUE,32,1.2634276484557547,1.3865009968258155,0.8494932125368198,0.42819721406771843,0.9101581802372346,0.848233940847332,1.1670445073795777,0.5671006535646274,0.9029822152546447
DIEGO,4606,DIEGO,EUROPE,1749,diego__diego_1749,diego,Survey_September2023_cleaned,Survey_September2023_cleaned.xlsx,diego_1749,NA,NA,NL,NL,western_europe,25_34,male,employed,usable_complete,TRUE,TRUE,32,0.4308008156077674,0.9004241008578531,0.7369564607018019,0.6991373278225929,0.49617788297421883,0.6870896582457784,1.16769366193676,1.3151435070868636,0.2320159615504903
DIEGO,4607,DIEGO,EUROPE,1750,diego__diego_1750,diego,Survey_September2023_cleaned,Survey_September2023_cleaned.xlsx,diego_1750,NA,NA,NL,NL,western_europe,25_34,male,employed,usable_complete,TRUE,TRUE,32,0.9823656496002846,0.7841464489230918,1.0830869571185722,1.1307497811366218,0.8458575004685827,0.816440918267684,1.1732862748005306,0.6932440208571791,1.0387363989445448
DIEGO,4608,DIEGO,EUROPE,1751,diego__diego_1751,diego,Survey_September2023_cleaned,Survey_September2023_cleaned.xlsx,diego_1751,NA,NA,NL,NL,western_europe,25_34,male,employed,usable_complete,TRUE,TRUE,32,0.8201820713936823,0.9879218780135559,0.6883240194755585,0.7419909420133219,1.007671853718888,0.6894132621416911,0.9052503975455938,0.298658555415032,1.2373594969821502
DIEGO,4609,DIEGO,EUROPE,1752,diego__diego_1752,diego,Survey_September2023_cleaned,Survey_September2023_cleaned.xlsx,diego_1752,NA,NA,DE,DE,western_europe,45_54,female,employed,usable_complete,TRUE,TRUE,32,0.8104724100927105,1.481356953982175,0.3141843717781239,1.1770421653263978,0.8361143747202187,0.3918563206467961,0.9755441810344763,0.6254672383987568,1.2267196600442767
DIEGO,4610,DIEGO,EUROPE,1753,diego__diego_1753,diego,Survey_September2023_cleaned,Survey_September2023_cleaned.xlsx,diego_1753,NA,NA,DE,DE,western_europe,18_24,female,employed,usable_complete,TRUE,TRUE,32,0.7655280015354653,0.8874449450724552,1.0335170468669332,0.09911368851268366,0.8266765260796425,0.9866644702778167,1.2492850570553988,1.3144966966267095,0.5563301050486708
DIEGO,4611,DIEGO,EUROPE,1754,diego__diego_1754,diego,Survey_September2023_cleaned,Survey_September2023_cleaned.xlsx,diego_1754,NA,NA,NL,NL,western_europe,45_54,female,employed,usable_complete,TRUE,TRUE,32,0.8651801730563359,0.8299710947975847,1.100921625775989,0.8818280692758714,1.2196196485441575,0.622094322457345,0.6792807206882332,0.5698397797483737,1.091432937258626
DIEGO,4612,DIEGO,EUROPE,1755,diego__diego_1755,diego,Survey_September2023_cleaned,Survey_September2023_cleaned.xlsx,diego_1755,NA,NA,NL,NL,western_europe,25_34,female,employed,usable_complete,TRUE,TRUE,32,1.0178036754211282,0.8160496345103188,1.0300120607514458,1.3579612666762486,1.9108003175034156,0.7141233135811755,0.88020015598198,0.9738679179240325,0.734522936682601
DIEGO,4613,DIEGO,EUROPE,1756,diego__diego_1756,diego,Survey_September2023_cleaned,Survey_September2023_cleaned.xlsx,diego_1756,NA,NA,NL,NL,western_europe,18_24,male,employed,usable_complete,TRUE,TRUE,32,1.1485629546455742,1.066833487292652,0.9357956196713545,0.7187437311617169,1.3194093066690498,1.3610376759677254,1.043293763058183,0.8350779872421742,0.6158407743803672
DIEGO,4614,DIEGO,EUROPE,1757,diego__diego_1757,diego,Survey_September2023_cleaned,Survey_September2023_cleaned.xlsx,diego_1757,NA,NA,NL,NL,western_europe,25_34,male,employed,usable_complete,TRUE,TRUE,32,1.3709762191979613,1.4154215079951764,0.8114415710260054,0.19671131750487417,1.7210481804208908,0.7796202493814668,0.6678662650989768,1.0346045852554568,0.7721348015572415
DIEGO,4615,DIEGO,EUROPE,1758,diego__diego_1758,diego,Survey_September2023_cleaned,Survey_September2023_cleaned.xlsx,diego_1758,NA,NA,DE,DE,western_europe,45_54,male,employed,usable_complete,TRUE,TRUE,32,0.8872888688396103,1.074009959586692,0.6005282699143438,0.9895987275991519,0.742766697408686,0.586307725074559,0.9022523786264042,0.6766164912757229,0.7098517222700007
DIEGO,4616,DIEGO,EUROPE,1759,diego__diego_1759,diego,Survey_September2023_cleaned,Survey_September2023_cleaned.xlsx,diego_1759,NA,NA,DE,DE,western_europe,45_54,female,employed,usable_complete,TRUE,TRUE,32,0.6667061025629404,1.0196603683865566,0.670232090258791,0.638170793715363,0.5630972989000722,0.447952291237687,0.8781293732799524,0.6876677614495295,0.8767166639421384
DIEGO,4617,DIEGO,EUROPE,1760,diego__diego_1760,diego,Survey_September2023_cleaned,Survey_September2023_cleaned.xlsx,diego_1760,NA,NA,DE,DE,western_europe,45_54,male,employed,usable_complete,TRUE,TRUE,32,0.5640108216526935,0.5801028869346831,1.1075554774486998,1.0198563756959529,1.0845618748919832,0.8883304474088018,1.2781485253978668,0.4528478140840045,0.7761949675561735
DIEGO,4618,DIEGO,EUROPE,1761,diego__diego_1761,diego,Survey_September2023_cleaned,Survey_September2023_cleaned.xlsx,diego_1761,NA,NA,NL,NL,western_europe,18_24,female,employed,usable_complete,TRUE,TRUE,32,0.8522723026417455,0.529443461981121,0.9921439029424004,0.28737859006520133,0.46766756337556387,1.6060073458405815,0.944354451519243,0.5041614980723118,0.7315831207892277
DIEGO,4619,DIEGO,EUROPE,1762,diego__diego_1762,diego,Survey_September2023_cleaned,Survey_September2023_cleaned.xlsx,diego_1762,NA,NA,NL,NL,western_europe,25_34,male,self_employed,usable_complete,TRUE,TRUE,32,1.2522805362330072,0.972706082306843,0.7898725325960709,0.990691392835139,1.055213067627868,1.0182841704737,0.709624692381628,0.9688874358689331,0.6849881529191116
DIEGO,4620,DIEGO,EUROPE,1763,diego__diego_1763,diego,Survey_September2023_cleaned,Survey_September2023_cleaned.xlsx,diego_1763,NA,NA,DE,DE,western_europe,45_54,male,employed,usable_complete,TRUE,TRUE,32,1.5620572906791361,0.6509169074962168,1.7671299347088307,0.7359404103272827,0.3117580407090327,0.6841505261305351,1.1879708908063562,1.131065871506589,0.24665646040522854
DIEGO,4621,DIEGO,EUROPE,1764,diego__diego_1764,diego,Survey_September2023_cleaned,Survey_September2023_cleaned.xlsx,diego_1764,NA,NA,BE,BE,western_europe,45_54,male,employed,usable_complete,TRUE,TRUE,32,0.974545208976644,0.686906700951679,0.6605019671039014,0.9323218616644394,0.7989195366461146,0.6860339167489502,0.8286034071926871,1.3505653855291302,1.0104025078057934
DIEGO,4622,DIEGO,EUROPE,1765,diego__diego_1765,diego,Survey_September2023_cleaned,Survey_September2023_cleaned.xlsx,diego_1765,NA,NA,DE,DE,western_europe,45_54,male,employed,usable_complete,TRUE,TRUE,32,0.4733951163700235,0.2260820923929367,1.3903097757685938,0.3833030144644334,0.7679399484857226,0.7962177548150379,0.6882969089883243,0.29483625871420577,0.9057161955803965
DIEGO,4623,DIEGO,EUROPE,1766,diego__diego_1766,diego,Survey_September2023_cleaned,Survey_September2023_cleaned.xlsx,diego_1766,NA,NA,DE,DE,western_europe,45_54,female,employed,usable_complete,TRUE,TRUE,32,0.6101677097240389,1.003858894402153,0.3592298973411436,0.785277079154771,0.49602354474712207,0.4768595019719438,0.8885269349466391,0.7034785911616498,0.53343143333351
DIEGO,4624,DIEGO,EUROPE,1767,diego__diego_1767,diego,Survey_September2023_cleaned,Survey_September2023_cleaned.xlsx,diego_1767,NA,NA,NL,NL,western_europe,25_34,female,employed,usable_complete,TRUE,TRUE,32,1.0291377262308157,0.7738060463279004,0.698691519690717,0.6460022910373909,1.2391934715829875,1.4445168012349812,1.0580860344430207,1.456261883314598,1.886823942841604
DIEGO,4625,DIEGO,EUROPE,1768,diego__diego_1768,diego,Survey_September2023_cleaned,Survey_September2023_cleaned.xlsx,diego_1768,NA,NA,NL,NL,western_europe,45_54,male,self_employed,usable_complete,TRUE,TRUE,32,0.673113418338676,0.4737069926624976,0.2984280496451165,0.9204326320597181,1.222437703880894,0.6272825558031612,1.0561613839068207,1.415043365032476,0.47659831316542195
DIEGO,4626,DIEGO,EUROPE,1769,diego__diego_1769,diego,Survey_September2023_cleaned,Survey_September2023_cleaned.xlsx,diego_1769,NA,NA,NL,NL,western_europe,25_34,male,employed,usable_complete,TRUE,TRUE,32,1.069906972939995,0.6387397353985262,0.7710772687450528,1.0667626333871267,0.6166507839775917,0.8796887353430143,0.9023233636810757,0.3560728019102856,0.4698027867302043
DIEGO,4627,DIEGO,EUROPE,1770,diego__diego_1770,diego,Survey_September2023_cleaned,Survey_September2023_cleaned.xlsx,diego_1770,NA,NA,DE,DE,western_europe,25_34,female,student,usable_complete,TRUE,TRUE,32,0.8504164053354591,1.1500704409438496,1.0564148829365656,0.2054997809255266,0.9303351780400997,0.8681297165001545,0.948929866633477,1.0852637334318165,1.065961255498692
DIEGO,4628,DIEGO,EUROPE,1771,diego__diego_1771,diego,Survey_September2023_cleaned,Survey_September2023_cleaned.xlsx,diego_1771,NA,NA,DE,DE,western_europe,45_54,male,employed,usable_complete,TRUE,TRUE,32,1.251323093263189,0.6346178178228763,0.615784090969365,0.914205018788914,0.5878139383107449,0.8712171086395639,0.7131524927313169,1.2455130225796556,0.45842093016120317
DIEGO,4629,DIEGO,EUROPE,1772,diego__diego_1772,diego,Survey_September2023_cleaned,Survey_September2023_cleaned.xlsx,diego_1772,NA,NA,NL,NL,western_europe,25_34,male,employed,usable_complete,TRUE,TRUE,32,1.3769017044706446,0.77904440115334,0.8675344121505543,0.5824017006685511,0.7524696152174626,0.360257798028968,1.1920556957986908,0.586127691467985,0.20185596437055128
DIEGO,4630,DIEGO,EUROPE,1773,diego__diego_1773,diego,Survey_September2023_cleaned,Survey_September2023_cleaned.xlsx,diego_1773,NA,NA,NL,NL,western_europe,45_54,male,employed,usable_complete,TRUE,TRUE,32,1.1558378094361554,0.5437331927149462,1.00301332712518,0.5229598083574037,1.0909306965230645,0.9259141274057054,0.8679239648231778,0.9822816454218352,0.9358893593619685
DIEGO,4631,DIEGO,EUROPE,1774,diego__diego_1774,diego,Survey_September2023_cleaned,Survey_September2023_cleaned.xlsx,diego_1774,NA,NA,DE,DE,western_europe,65_plus,female,employed,usable_complete,TRUE,TRUE,32,0.8225995811792275,1.0855204395497031,1.1403123079715773,0.6168667488232887,1.3028553144980666,0.9479366328131249,0.6644605657895438,0.7567037865674239,1.2988977286636454
DIEGO,4632,DIEGO,EUROPE,1775,diego__diego_1775,diego,Survey_September2023_cleaned,Survey_September2023_cleaned.xlsx,diego_1775,NA,NA,DE,DE,western_europe,45_54,male,employed,usable_complete,TRUE,TRUE,32,0.39830529162437,0.828582205334207,1.0629579005898153,0.17944959228095847,1.0227166252075723,0.7332148318450646,0.8033398055703861,1.1336014593418686,1.198785990480586
DIEGO,4633,DIEGO,EUROPE,1776,diego__diego_1776,diego,Survey_September2023_cleaned,Survey_September2023_cleaned.xlsx,diego_1776,NA,NA,BE,BE,western_europe,45_54,female,employed,usable_complete,TRUE,TRUE,32,0.8500663400752346,1.0199543922162366,1.0255478476212327,0.6459219849385202,1.031800165618543,1.1348878932320374,0.7113388642392484,0.9393694008716077,0.6870759797508974
DIEGO,4634,DIEGO,EUROPE,1777,diego__diego_1777,diego,Survey_September2023_cleaned,Survey_September2023_cleaned.xlsx,diego_1777,NA,NA,DE,DE,western_europe,25_34,male,employed,usable_complete,TRUE,TRUE,32,1.489873817880396,1.689528324534726,0.5726295234005871,0.7920559170591975,0.11327454177129759,0.91549828296787,0.8501510029905098,0.97198097080875,0.6645472270665699
DIEGO,4635,DIEGO,EUROPE,1778,diego__diego_1778,diego,Survey_September2023_cleaned,Survey_September2023_cleaned.xlsx,diego_1778,NA,NA,NL,NL,western_europe,25_34,male,employed,usable_complete,TRUE,TRUE,32,0.2564118467999844,0.946991491624242,0.9270895954511872,1.0681196455571274,1.4782258484941657,0.7741653037127962,0.6524679897884496,0.7400402240927649,0.86681062160850475
DIEGO,4636,DIEGO,EUROPE,1779,diego__diego_1779,diego,Survey_September2023_cleaned,Survey_September2023_cleaned.xlsx,diego_1779,NA,NA,NL,NL,western_europe,45_54,female,self_employed,usable_complete,TRUE,TRUE,32,0.5490283976458169,0.8522691493275105,1.218766794059633,0.7537546172296729,1.0573182609571625,0.7298245422324539,0.8552067990156381,1.0561413409655833,1.3622913306475182
DIEGO,4637,DIEGO,EUROPE,1780,diego__diego_1780,diego,Survey_September2023_cleaned,Survey_September2023_cleaned.xlsx,diego_1780,NA,NA,DE,DE,western_europe,45_54,male,employed,usable_complete,TRUE,TRUE,32,0.8420233954640779,1.1665164617170278,1.0558988631500212,0.5209173630276144,1.4642981441914165,0.8979132925302556,0.742796703966671,0.22881465295566492,0.8234199336339569
DIEGO,4638,DIEGO,EUROPE,1781,diego__diego_1781,diego,Survey_September2023_cleaned,Survey_September2023_cleaned.xlsx,diego_1781,NA,NA,NL,NL,western_europe,45_54,male,employed,usable_complete,TRUE,TRUE,32,0.682871433872683,0.6332109973974558,0.7204804265671303,1.271488865640071,0.12222710089747527,0.6461191175378835,0.5680431890521653,0.7440836389360418,1.0746666166715704
DIEGO,4639,DIEGO,EUROPE,1782,diego__diego_1782,diego,Survey_September2023_cleaned,Survey_September2023_cleaned.xlsx,diego_1782,NA,NA,DE,DE,western_europe,25_34,female,employed,usable_complete,TRUE,TRUE,32,0.8358024640611466,1.020254384671683,0.6430780842686981,0.7729474747349068,0.9235200556882375,0.7150740908826245,0.6132193126512014,0.4982150178258124,0.14260686549140092
DIEGO,4640,DIEGO,EUROPE,1783,diego__diego_1783,diego,Survey_September2023_cleaned,Survey_September2023_cleaned.xlsx,diego_1783,NA,NA,NL,NL,western_europe,45_54,male,employed,usable_complete,TRUE,TRUE,32,1.2693230485182005,0.7648928404006546,0.5657649558695688,0.5909154751084297,1.2989586079219646,0.4526380588839094,1.1126479938181457,0.6157344886175601,0.5757426295149528
DIEGO,4641,DIEGO,EUROPE,1784,diego__diego_1784,diego,Survey_September2023_cleaned,Survey_September2023_cleaned.xlsx,diego_1784,NA,NA,DE,DE,western_europe,18_24,female,student,usable_complete,TRUE,TRUE,32,0.62732289963838,0.7066271993385362,0.5931874345496966,1.1148598034408943,0.9409726340515419,1.3333092214921631,0.8268920515679767,0.7705865625881527,0.9461096402626827
DIEGO,4642,DIEGO,EUROPE,1785,diego__diego_1785,diego,Survey_September2023_cleaned,Survey_September2023_cleaned.xlsx,diego_1785,NA,NA,BE,BE,western_europe,65_plus,male,other,usable_complete,TRUE,TRUE,32,0.9504629722171363,0.741633164348363,0.7743976731466066,0.29692495884522446,0.4271169785579656,1.5232021507747406,1.5830835706595647,0.5108072682271844,1.5139323224473218
DIEGO,4643,DIEGO,EUROPE,1786,diego__diego_1786,diego,Survey_September2023_cleaned,Survey_September2023_cleaned.xlsx,diego_1786,NA,NA,BE,BE,western_europe,45_54,male,employed,usable_complete,TRUE,TRUE,32,1.1773538350201491,1.6966385681010383,0.509123390074895,0.6942127310448806,0.8723387936144872,0.9130466425970868,0.683072825607205,1.1529291618505983,1.07134567759228
DIEGO,4644,DIEGO,EUROPE,1787,diego__diego_1787,diego,Survey_September2023_cleaned,Survey_September2023_cleaned.xlsx,diego_1787,NA,NA,DE,DE,western_europe,45_54,female,retired,usable_complete,TRUE,TRUE,32,1.1190550583886338,0.8862589064313479,1.0196039518711557,0.9848823460756223,1.0321066069135216,0.2597517397160013,0.7436697681792575,0.50632273897549,1.0047972266942076
DIEGO,4645,DIEGO,EUROPE,1788,diego__diego_1788,diego,Survey_September2023_cleaned,Survey_September2023_cleaned.xlsx,diego_1788,NA,NA,DE,DE,western_europe,45_54,female,retired,usable_complete,TRUE,TRUE,32,0.42867350374158164,0.8658164806645557,1.0649313022180653,1.5738825989188578,1.3452349765037819,0.5842294276206228,0.5715768395067339,1.1610540018196123,0.8969776778073233
DIEGO,4646,DIEGO,EUROPE,1789,diego__diego_1789,diego,Survey_September2023_cleaned,Survey_September2023_cleaned.xlsx,diego_1789,NA,NA,DE,DE,western_europe,45_54,male,employed,usable_complete,TRUE,TRUE,32,1.0923750630910456,0.6447605001411917,1.0311604697595882,1.4228758240943786,1.1158803175101801,0.4974384085924552,0.9503750283007838,0.7881681936870306,0.5524464578470727
DIEGO,4647,DIEGO,EUROPE,1790,diego__diego_1790,diego,Survey_September2023_cleaned,Survey_September2023_cleaned.xlsx,diego_1790,NA,NA,DE,DE,western_europe,25_34,female,student,usable_complete,TRUE,TRUE,32,0.2951956612581483,0.6434810488548917,0.680920082956663,1.246418362595518,0.8453535441466639,0.7105010063795411,0.9399262509697094,0.6846951827359294,1.3308896276598179
DIEGO,4648,DIEGO,EUROPE,1791,diego__diego_1791,diego,Survey_September2023_cleaned,Survey_September2023_cleaned.xlsx,diego_1791,NA,NA,DE,DE,western_europe,45_54,male,employed,usable_complete,TRUE,TRUE,32,1.0420258706301748,1.2128305268558583,0.9860558970081081,0.7998705931481759,0.6554541994897473,0.6557928460961825,0.7712879567930127,0.8572097732658696,0.6332174787360826
DIEGO,4649,DIEGO,EUROPE,1792,diego__diego_1792,diego,Survey_September2023_cleaned,Survey_September2023_cleaned.xlsx,diego_1792,NA,NA,DE,DE,western_europe,45_54,male,employed,usable_complete,TRUE,TRUE,32,1.234256012779995,1.0402696678765433,0.8901036609352815,0.4578107881523244,0.17183718658040845,0.44959016417376774,0.7773714521072952,0.1569248771812011,0.07940727441863782
DIEGO,4650,DIEGO,EUROPE,1793,diego__diego_1793,diego,Survey_September2023_cleaned,Survey_September2023_cleaned.xlsx,diego_1793,NA,NA,NL,NL,western_europe,45_54,female,employed,usable_complete,TRUE,TRUE,32,1.0811981327261484,0.4239301119968364,0.7497682338350676,0.7879844536530539,1.315889969259597,0.905762802385435,0.592862294462806,0.4262908454029853,0.30680862578534934
DIEGO,4651,DIEGO,EUROPE,1794,diego__diego_1794,diego,Survey_September2023_cleaned,Survey_September2023_cleaned.xlsx,diego_1794,NA,NA,BE,BE,western_europe,45_54,female,employed,usable_complete,TRUE,TRUE,32,1.0878951166091302,0.7045887240691038,0.6399070788799837,0.9240139298147744,0.9977625987966011,0.7251117431598312,1.3663458329197338,0.8899641003202815,0.8556432400812213
DIEGO,4652,DIEGO,EUROPE,1795,diego__diego_1795,diego,Survey_September2023_cleaned,Survey_September2023_cleaned.xlsx,diego_1795,NA,NA,NL,NL,western_europe,45_54,male,employed,usable_complete,TRUE,TRUE,32,0.5627776889509819,1.636783891137216,0.5760122382483763,0.31690030676551606,0.28448123962575983,0.9219679776593035,0.8613353160605877,1.1051135958775122,1.143915171238364
DIEGO,4653,DIEGO,EUROPE,1796,diego__diego_1796,diego,Survey_September2023_cleaned,Survey_September2023_cleaned.xlsx,diego_1796,NA,NA,DE,DE,western_europe,25_34,male,employed,usable_complete,TRUE,TRUE,32,1.0022840041701557,0.9186662411109431,0.7539950218127636,1.4015112159584884,1.0057351371640608,0.6536107672195559,0.7468918293037947,0.8092196611340268,0.6165448981840789
DIEGO,4654,DIEGO,EUROPE,1797,diego__diego_1797,diego,Survey_September2023_cleaned,Survey_September2023_cleaned.xlsx,diego_1797,NA,NA,NL,NL,western_europe,45_54,male,employed,usable_complete,TRUE,TRUE,32,1.9047381291500507,1.0307859124392267,0.8226299454019561,1.9472664368604242,0.8086375945993093,1.2145282281593788,1.1620620580787746,1.8124556614017664,1.1706068465238533
DIEGO,4655,DIEGO,EUROPE,1798,diego__diego_1798,diego,Survey_September2023_cleaned,Survey_September2023_cleaned.xlsx,diego_1798,NA,NA,BE,BE,western_europe,45_54,female,student,usable_complete,TRUE,TRUE,32,1.185318004455043,0.6290413573789101,0.8413512152481907,0.8010211114826791,1.8485147614033401,0.6623442633498141,0.942014435792047,1.461991768284962,0.618126490318948
DIEGO,4656,DIEGO,EUROPE,1799,diego__diego_1799,diego,Survey_September2023_cleaned,Survey_September2023_cleaned.xlsx,diego_1799,NA,NA,BE,BE,western_europe,45_54,female,employed,usable_complete,TRUE,TRUE,32,0.5498148588013658,1.104907174135073,0.5825423541385663,1.1350547031203952,1.4774545729393624,1.778378850517308,1.1415146651936394,0.9017694989070156,0.5670645723657772
DIEGO,4657,DIEGO,EUROPE,1800,diego__diego_1800,diego,Survey_September2023_cleaned,Survey_September2023_cleaned.xlsx,diego_1800,NA,NA,DE,DE,western_europe,45_54,male,self_employed,usable_complete,TRUE,TRUE,32,0.64117566667002035,0.6644690018222161,0.8399333749551307,0.880979207520333,0.846508810796059,0.9431432351647286,1.4375505186074289,0.5790755384620577,0.567645792583898
DIEGO,4658,DIEGO,EUROPE,1801,diego__diego_1801,diego,Survey_September2023_cleaned,Survey_September2023_cleaned.xlsx,diego_1801,NA,NA,DE,DE,western_europe,45_54,male,employed,usable_complete,TRUE,TRUE,32,0.25707669227422414,0.4968682348866881,0.8391127937566523,0.16678024004958925,0.763301533583876,1.0263663484130807,1.2780211268958794,0.9196901245255008,0.434775287681903
DIEGO,4659,DIEGO,EUROPE,1802,diego__diego_1802,diego,Survey_September2023_cleaned,Survey_September2023_cleaned.xlsx,diego_1802,NA,NA,DE,DE,western_europe,45_54,male,employed,usable_complete,TRUE,TRUE,32,1.1110803214081733,0.48383366767126434,0.5187156811461262,0.8479850269682466,1.6100480639568162,0.9660002035548111,0.673691850049418,0.22543223542630156,1.0052878087514885
DIEGO,4660,DIEGO,EUROPE,1803,diego__diego_1803,diego,Survey_September2023_cleaned,Survey_September2023_cleaned.xlsx,diego_1803,NA,NA,NL,NL,western_europe,45_54,female,employed,usable_complete,TRUE,TRUE,32,0.9427327331288063,0.8736777410795614,1.0090980696531735,0.952342881906357,0.3944882578170813,0.8642918465242693,0.7762083504599496,0.31971835007592747,0.14836595452216372
DIEGO,4661,DIEGO,EUROPE,1804,diego__diego_1804,diego,Survey_September2023_cleaned,Survey_September2023_cleaned.xlsx,diego_1804,NA,NA,DE,DE,western_europe,45_54,male,employed,usable_complete,TRUE,TRUE,32,1.0377211475773507,0.7627293669246948,0.854683253788623,0.4539340799641847,1.236595665854106,0.8342310368554194,0.691523783589788,1.183342856695308,0.7913307378340607
DIEGO,4662,DIEGO,EUROPE,1805,diego__diego_1805,diego,Survey_September2023_cleaned,Survey_September2023_cleaned.xlsx,diego_1805,NA,NA,NL,NL,western_europe,45_54,female,employed,usable_complete,TRUE,TRUE,32,0.8943289102115285,1.1462835917150271,0.34817161176480027,1.449023569831714,0.7713577584713865,0.6646250499214399,1.2452056516924368,0.6164656064487822,0.7582526394256086
DIEGO,4663,DIEGO,EUROPE,1806,diego__diego_1806,diego,Survey_September2023_cleaned,Survey_September2023_cleaned.xlsx,diego_1806,NA,NA,DE,DE,western_europe,25_34,female,employed,usable_complete,TRUE,TRUE,32,1.2142744798843426,1.105294232742408,0.6604253535167024,0.5311773366679096,0.7703457698124092,0.7924809875270465,0.5897249731529799,0.8527336103376572,0.46342664682969137
DIEGO,4664,DIEGO,EUROPE,1807,diego__diego_1807,diego,Survey_September2023_cleaned,Survey_September2023_cleaned.xlsx,diego_1807,NA,NA,DE,DE,western_europe,45_54,female,self_employed,usable_complete,TRUE,TRUE,32,0.9812433943588748,1.2163899347694125,1.3688071455979354,0.7848331190112915,1.633659823056545,0.4971755573440792,0.9971948321882899,1.0588055206945075,0.76158333173681525
DIEGO,4665,DIEGO,EUROPE,1808,diego__diego_1808,diego,Survey_September2023_cleaned,Survey_September2023_cleaned.xlsx,diego_1808,NA,NA,DE,DE,western_europe,45_54,female,self_employed,usable_complete,TRUE,TRUE,32,1.2150310224451193,0.7201277380980537,1.317771473689849,0.49070231209153325,1.4302846552794386,0.6207359850342005,0.9012344325866117,1.1723286277238205,0.8879981957421397
DIEGO,4666,DIEGO,EUROPE,1809,diego__diego_1809,diego,Survey_September2023_cleaned,Survey_September2023_cleaned.xlsx,diego_1809,NA,NA,NL,NL,western_europe,45_54,female,employed,usable_complete,TRUE,TRUE,32,0.3963387654052374,0.7841852584192779,0.37685062682031395,0.7749611593029876,0.588125939676532,0.7220532388290657,0.5248879484813964,0.5596795961142457,0.6396026654532639
DIEGO,4667,DIEGO,EUROPE,1810,diego__diego_1810,diego,Survey_September2023_cleaned,Survey_September2023_cleaned.xlsx,diego_1810,NA,NA,DE,DE,western_europe,25_34,female,employed,usable_complete,TRUE,TRUE,32,0.719578849975227,0.8221345895386094,0.4070020409314292,0.8547145997333058,0.9506959987423751,0.733095432246469,0.5846842469675841,0.6825641149665107,0.7076949018075477
DIEGO,4668,DIEGO,EUROPE,1811,diego__diego_1811,diego,Survey_September2023_cleaned,Survey_September2023_cleaned.xlsx,diego_1811,NA,NA,NL,NL,western_europe,45_54,female,self_employed,usable_complete,TRUE,TRUE,32,0.9663474414503084,1.0801788695974344,0.7464399753787785,1.3741665045445408,1.3884032615330102,1.1023311737171773,0.7246479482009672,1.3967376881419946,1.560693619525032
DIEGO,4669,DIEGO,EUROPE,1812,diego__diego_1812,diego,Survey_September2023_cleaned,Survey_September2023_cleaned.xlsx,diego_1812,NA,NA,DE,DE,western_europe,45_54,male,employed,usable_complete,TRUE,TRUE,32,1.0749044328978656,1.649247159014712,1.023512025139557,0.8508645983616164,0.6180629859327201,0.5753456097498808,0.90609621576848,1.0313574107483687,1.5698524715561057
DIEGO,4670,DIEGO,EUROPE,1813,diego__diego_1813,diego,Survey_September2023_cleaned,Survey_September2023_cleaned.xlsx,diego_1813,NA,NA,NL,NL,western_europe,18_24,female,student,usable_complete,TRUE,TRUE,32,0.7522434560105922,0.9442094613886083,0.7546345776021661,1.1758564982010145,0.5951431158229945,0.8238391629096791,0.7085675436035631,1.4256068716560018,1.3316508620554095
DIEGO,4671,DIEGO,EUROPE,1814,diego__diego_1814,diego,Survey_September2023_cleaned,Survey_September2023_cleaned.xlsx,diego_1814,NA,NA,NL,NL,western_europe,25_34,female,employed,usable_complete,TRUE,TRUE,32,0.7556697356875368,0.9879230526233028,0.5088490450122747,0.46192930057518605,1.0261660126033738,0.29242171764195735,0.5565372665358101,0.25383775102221295,0.23373352693504107
DIEGO,4672,DIEGO,EUROPE,1815,diego__diego_1815,diego,Survey_September2023_cleaned,Survey_September2023_cleaned.xlsx,diego_1815,NA,NA,NL,NL,western_europe,45_54,male,self_employed,usable_complete,TRUE,TRUE,32,0.7477033359563742,0.8236056692940527,0.870718077373124,0.8345875367742063,1.727740700664551,1.1692016813267685,0.9786553193046184,0.7600493117117278,0.21491074481418224
DIEGO,4673,DIEGO,EUROPE,1816,diego__diego_1816,diego,Survey_September2023_cleaned,Survey_September2023_cleaned.xlsx,diego_1816,NA,NA,BE,BE,western_europe,65_plus,male,employed,usable_complete,TRUE,TRUE,32,0.6140970721071968,1.1626175824488425,0.7985390025891389,1.5054130002515638,0.8018569644029844,0.8914759144557769,1.1960341448417295,1.4525544775022265,0.5680638312821491
DIEGO,4674,DIEGO,EUROPE,1817,diego__diego_1817,diego,Survey_September2023_cleaned,Survey_September2023_cleaned.xlsx,diego_1817,NA,NA,NL,NL,western_europe,25_34,male,employed,usable_complete,TRUE,TRUE,32,1.2310672916645111,0.9889773315531143,0.9146741535197871,1.0586390132809287,0.44199597532305956,1.1184249851280927,0.4878074056533003,0.8403787470099542,0.9212708528360367
DIEGO,4675,DIEGO,EUROPE,1818,diego__diego_1818,diego,Survey_September2023_cleaned,Survey_September2023_cleaned.xlsx,diego_1818,NA,NA,NL,NL,western_europe,45_54,male,self_employed,usable_complete,TRUE,TRUE,32,0.9529019212365374,0.6950969751290772,0.8151520999025894,1.223027449109061,0.8595211379919295,0.5446200411699587,1.0057973967504164,0.9975113087687908,0.5863649801227362
DIEGO,4676,DIEGO,EUROPE,1819,diego__diego_1819,diego,Survey_September2023_cleaned,Survey_September2023_cleaned.xlsx,diego_1819,NA,NA,BE,BE,western_europe,65_plus,male,employed,usable_complete,TRUE,TRUE,32,0.9204766392540789,1.542834972494513,0.6169790484651758,0.9375681794616623,1.2318688149373362,0.3908087461593063,1.0160007900324883,0.7554367819282047,0.9702421456971273
DIEGO,4677,DIEGO,EUROPE,1820,diego__diego_1820,diego,Survey_September2023_cleaned,Survey_September2023_cleaned.xlsx,diego_1820,NA,NA,DE,DE,western_europe,25_34,female,employed,usable_complete,TRUE,TRUE,32,1.0324240577996888,0.9666713642626353,0.442366630283332,0.8408727183497456,1.068365237918118,0.269552127827045,0.41399760975923394,1.0753548993562125,0.27748389944821905
DIEGO,4678,DIEGO,EUROPE,1821,diego__diego_1821,diego,Survey_September2023_cleaned,Survey_September2023_cleaned.xlsx,diego_1821,NA,NA,DE,DE,western_europe,45_54,male,employed,usable_complete,TRUE,TRUE,32,0.9692110794787672,0.9996959169345053,0.9485983321518761,0.41752272127765117,0.7092054640543153,1.0499027219403172,0.9197157729237064,1.0297036505065764,1.0527638655923974
DIEGO,4679,DIEGO,EUROPE,1822,diego__diego_1822,diego,Survey_September2023_cleaned,Survey_September2023_cleaned.xlsx,diego_1822,NA,NA,DE,DE,western_europe,25_34,female,unemployed,usable_complete,TRUE,TRUE,32,1.1551657298648534,0.7104430505175844,1.0680521755034744,0.5530911446776091,0.7099380517066015,0.8423776436103224,0.9622819136954895,0.9508759216505595,1.2621573177594876
DIEGO,4680,DIEGO,EUROPE,1823,diego__diego_1823,diego,Survey_September2023_cleaned,Survey_September2023_cleaned.xlsx,diego_1823,NA,NA,DE,DE,western_europe,25_34,male,employed,usable_complete,TRUE,TRUE,32,0.46170418886288483,0.6634856296448833,0.3313322254344772,0.7504274634685594,1.0596008462008588,0.7530807805730422,0.6784839921501378,1.4465522875081291,1.596893841630445
DIEGO,4681,DIEGO,EUROPE,1824,diego__diego_1824,diego,Survey_September2023_cleaned,Survey_September2023_cleaned.xlsx,diego_1824,NA,NA,DE,DE,western_europe,25_34,male,employed,usable_complete,TRUE,TRUE,32,0.97214223917643094,0.623419785965751,0.40860180841595817,0.6989533271710102,1.15546086886151,0.32248933103897953,0.665957516556591,1.3466796020895029,0.6723770528448234
DIEGO,4682,DIEGO,EUROPE,1825,diego__diego_1825,diego,Survey_September2023_cleaned,Survey_September2023_cleaned.xlsx,diego_1825,NA,NA,NL,NL,western_europe,25_34,other,employed,usable_complete_limited_metadata,TRUE,TRUE,32,1.5283792851623867,1.1937050251578705,0.7508846212881147,1.8287961901116905,0.9708809112557324,0.7868269989643715,1.028494609194835,1.2543224430214748,0.7552634676939536
DIEGO,4683,DIEGO,EUROPE,1826,diego__diego_1826,diego,Survey_September2023_cleaned,Survey_September2023_cleaned.xlsx,diego_1826,NA,NA,DE,DE,western_europe,25_34,female,employed,usable_complete,TRUE,TRUE,32,1.0637792619436242,0.7937817430733353,0.7919378774168322,0.9515805230720046,0.7356795001133012,1.6376247587151238,1.2358666764673951,0.8877314856720969,0.4353128691606794
DIEGO,4684,DIEGO,EUROPE,1827,diego__diego_1827,diego,Survey_September2023_cleaned,Survey_September2023_cleaned.xlsx,diego_1827,NA,NA,DE,DE,western_europe,25_34,female,self_employed,usable_complete,TRUE,TRUE,32,0.6827373439469783,0.5468069843037607,0.667284876869387,1.0118678280499946,1.0301204248579512,0.9769995187788175,0.8779215809517943,1.075964654163684,0.5327286230607511
DIEGO,4685,DIEGO,EUROPE,1828,diego__diego_1828,diego,Survey_September2023_cleaned,Survey_September2023_cleaned.xlsx,diego_1828,NA,NA,DE,DE,western_europe,25_34,female,self_employed,usable_complete,TRUE,TRUE,32,0.645725901104147,0.8589430181327687,1.180076705151815,0.8689551375065557,0.9395494020941308,1.1153796804716043,0.5781773161918692,0.5262836511246182,0.9541631086601842
DIEGO,4686,DIEGO,EUROPE,1829,diego__diego_1829,diego,Survey_September2023_cleaned,Survey_September2023_cleaned.xlsx,diego_1829,NA,NA,DE,DE,western_europe,25_34,male,employed,usable_complete,TRUE,TRUE,32,0.6471870621091769,1.0023763324130752,1.0261041766829606,0.8942733422158771,0.8185814141561584,0.8024382077988133,1.0158395321555251,0.25627273008234736,1.8458237804850501
DIEGO,4687,DIEGO,EUROPE,1830,diego__diego_1830,diego,Survey_September2023_cleaned,Survey_September2023_cleaned.xlsx,diego_1830,NA,NA,NL,NL,western_europe,25_34,unknown,unemployed,usable_complete_limited_metadata,TRUE,TRUE,32,0.5728101850177931,0.578557391001175,1.0135397038861207,0.806934198833433,0.6480364350839972,0.3753634492168194,0.6120165764653118,1.157954330147474,0.254680775864894
DIEGO,4688,DIEGO,EUROPE,1831,diego__diego_1831,diego,Survey_September2023_cleaned,Survey_September2023_cleaned.xlsx,diego_1831,NA,NA,DE,DE,western_europe,25_34,female,student,usable_complete,TRUE,TRUE,32,0.7941347042238216,0.5862589629591672,1.2937933654176743,1.0177290981738976,0.2618912336548333,1.0299250913959785,0.7857973953141781,1.2060466773366052,1.1679389324326082
DIEGO,4689,DIEGO,EUROPE,1832,diego__diego_1832,diego,Survey_September2023_cleaned,Survey_September2023_cleaned.xlsx,diego_1832,NA,NA,DE,DE,western_europe,45_54,female,employed,usable_complete,TRUE,TRUE,32,0.9363075849030261,1.4011576172706166,0.9276678846254601,0.46839638447305926,0.5130536311961685,1.005388104774728,0.8933204746128014,0.7479560412568222,1.1510876192890998
DIEGO,4690,DIEGO,EUROPE,1833,diego__diego_1833,diego,Survey_September2023_cleaned,Survey_September2023_cleaned.xlsx,diego_1833,NA,NA,NL,NL,western_europe,18_24,male,employed,usable_complete,TRUE,TRUE,32,0.9139174230821401,1.4177037726117567,0.8576439156062726,1.4835218355095512,0.25564479607579377,0.6348304510246443,0.8421987171322904,0.623657968074144,1.1508463085573568
DIEGO,4691,DIEGO,EUROPE,1834,diego__diego_1834,diego,Survey_September2023_cleaned,Survey_September2023_cleaned.xlsx,diego_1834,NA,NA,NL,NL,western_europe,18_24,male,employed,usable_complete,TRUE,TRUE,32,0.6302164387555207,0.9103821380855555,0.7785650709324108,0.7966703685756437,0.9731134078761556,0.637592383046773,1.1170020443291584,0.5503020898541874,0.9575846589672794
DIEGO,4692,DIEGO,EUROPE,1835,diego__diego_1835,diego,Survey_September2023_cleaned,Survey_September2023_cleaned.xlsx,diego_1835,NA,NA,NL,NL,western_europe,18_24,female,student,usable_complete,TRUE,TRUE,32,0.8384556951031363,0.9223383922591255,0.9778569222645352,0.5150822530301782,1.1629941624284386,0.7735014688081479,0.8124484359121589,0.7211922618702545,1.0376628182241479
DIEGO,4693,DIEGO,EUROPE,1836,diego__diego_1836,diego,Survey_September2023_cleaned,Survey_September2023_cleaned.xlsx,diego_1836,NA,NA,DE,DE,western_europe,25_34,male,employed,usable_complete,TRUE,TRUE,32,0.5323991097495646,1.2421044999837274,0.8911729129492196,1.1757366249408376,1.5307144875564984,0.8142694824192959,1.203214446303678,0.9146431888939023,0.5072590990224315
DIEGO,4694,DIEGO,EUROPE,1837,diego__diego_1837,diego,Survey_September2023_cleaned,Survey_September2023_cleaned.xlsx,diego_1837,NA,NA,DE,DE,western_europe,18_24,male,employed,usable_complete,TRUE,TRUE,32,0.8356052281356553,0.8343482120443478,0.6993410027721317,0.3411825356203872,1.3350484889389684,0.9266036634903407,0.8731529777645424,0.3263662688790932,0.32612261543943144
DIEGO,4695,DIEGO,EUROPE,1838,diego__diego_1838,diego,Survey_September2023_cleaned,Survey_September2023_cleaned.xlsx,diego_1838,NA,NA,DE,DE,western_europe,18_24,female,employed,usable_complete,TRUE,TRUE,32,0.4592509048792168,0.8717761586506975,0.9084118084460728,0.6083136205070147,1.1960182385246216,0.2444221642766798,1.0283968913837531,0.42024284823082175,0.5310901511086223
DIEGO,4696,DIEGO,EUROPE,1839,diego__diego_1839,diego,Survey_September2023_cleaned,Survey_September2023_cleaned.xlsx,diego_1839,NA,NA,DE,DE,western_europe,25_34,male,employed,usable_complete,TRUE,TRUE,32,1.382713456282771,0.803870132465747,1.225202854571861,1.0556095610353537,0.33013985071929425,0.5677334262905865,0.5519551215500672,1.1882347238848927,0.9269343119262272
DIEGO,4697,DIEGO,EUROPE,1840,diego__diego_1840,diego,Survey_September2023_cleaned,Survey_September2023_cleaned.xlsx,diego_1840,NA,NA,BE,BE,western_europe,25_34,male,student,usable_complete,TRUE,TRUE,32,0.7878222987852697,0.46646171885080623,0.6044140438376058,0.6293458878577273,1.4226301674410387,0.8307413799778206,0.7915619569504295,0.8791123898825033,0.8607703338023953
DIEGO,4698,DIEGO,EUROPE,1841,diego__diego_1841,diego,Survey_September2023_cleaned,Survey_September2023_cleaned.xlsx,diego_1841,NA,NA,DE,DE,western_europe,45_54,male,employed,usable_complete,TRUE,TRUE,32,0.6862946490175215,1.059712065713507,1.0582955550314876,0.6488829499683887,0.7069338476177931,0.8364535616385995,0.6349685385289071,0.757667001526077,0.9330647651623909
DIEGO,4699,DIEGO,EUROPE,1842,diego__diego_1842,diego,Survey_September2023_cleaned,Survey_September2023_cleaned.xlsx,diego_1842,NA,NA,DE,DE,western_europe,18_24,female,student,usable_complete,TRUE,TRUE,32,1.1665747470780097,0.5696137319913618,0.41631973357421864,0.8608042959606795,1.3504178962659026,0.7948505257288345,0.9652231402715881,0.8091220172338552,1.2985029545435403
DIEGO,4700,DIEGO,EUROPE,1843,diego__diego_1843,diego,Survey_September2023_cleaned,Survey_September2023_cleaned.xlsx,diego_1843,NA,NA,DE,DE,western_europe,25_34,male,employed,usable_complete,TRUE,TRUE,32,0.5204281352083152,1.0584031198229082,0.9639858228499417,0.07030703190180783,1.0705671701611732,0.4961289006882079,0.5835369300420019,0.8758219158994883,0.6453931471697696
DIEGO,4701,DIEGO,EUROPE,1844,diego__diego_1844,diego,Survey_September2023_cleaned,Survey_September2023_cleaned.xlsx,diego_1844,NA,NA,BE,BE,western_europe,25_34,male,student,usable_complete,TRUE,TRUE,32,1.1307630021908608,0.8395065259845603,0.8583382090335945,1.0493705286342716,0.6349050526687984,1.5380374336146168,0.5962122617138259,1.1600563693407306,0.677183258110564
DIEGO,4702,DIEGO,EUROPE,1845,diego__diego_1845,diego,Survey_September2023_cleaned,Survey_September2023_cleaned.xlsx,diego_1845,NA,NA,NL,NL,western_europe,18_24,female,employed,usable_complete,TRUE,TRUE,32,0.9957035530207942,1.3008055489718364,0.7989814558086678,0.9698822363968622,1.7287652978287273,0.20475143907485116,1.0941164855127643,0.8266950289267041,0.08925377991631457
DIEGO,4703,DIEGO,EUROPE,1846,diego__diego_1846,diego,Survey_September2023_cleaned,Survey_September2023_cleaned.xlsx,diego_1846,NA,NA,DE,DE,western_europe,45_54,female,employed,usable_complete,TRUE,TRUE,32,0.7867316362376504,0.5837687748620302,0.6989428631819365,1.1921301843972905,0.5455416573622731,1.0263248850499311,1.3269009342232607,0.5603947245101063,0.066861052450391
DIEGO,4704,DIEGO,EUROPE,1847,diego__diego_1847,diego,Survey_September2023_cleaned,Survey_September2023_cleaned.xlsx,diego_1847,NA,NA,DE,DE,western_europe,45_54,male,employed,usable_complete,TRUE,TRUE,32,0.9336382460939441,0.72130741197403,1.0945176032351356,0.8265026595114181,0.5006139952950319,0.9252415881085938,0.6895804734448022,1.1630763097747134,1.042915306271837
DIEGO,4705,DIEGO,EUROPE,1848,diego__diego_1848,diego,Survey_September2023_cleaned,Survey_September2023_cleaned.xlsx,diego_1848,NA,NA,DE,DE,western_europe,18_24,female,student,usable_complete,TRUE,TRUE,32,1.0416482999223813,0.7368727660948816,0.5663839080192143,0.9893540932858533,0.7198772613138678,0.8342835995339047,1.0922982083314585,0.8918278882624825,0.9688610710873677
DIEGO,4706,DIEGO,EUROPE,1849,diego__diego_1849,diego,Survey_September2023_cleaned,Survey_September2023_cleaned.xlsx,diego_1849,NA,NA,NL,NL,western_europe,65_plus,female,employed,usable_complete,TRUE,TRUE,32,0.867820249041778,0.7422793199686064,0.966522126123666,0.9349188994573817,0.9585381619268721,1.220872374551608,1.2933539040506465,1.1603063011479609,0.9349004954404233
DIEGO,4707,DIEGO,EUROPE,1850,diego__diego_1850,diego,Survey_September2023_cleaned,Survey_September2023_cleaned.xlsx,diego_1850,NA,NA,NL,NL,western_europe,45_54,female,employed,usable_complete,TRUE,TRUE,32,0.5958157799898889,1.061124736196069,0.8115921167832129,0.3069258250209805,1.1403774326621359,0.588215366388779,1.025571269468884,0.36760005755672776,0.9024818897302069
DIEGO,4708,DIEGO,EUROPE,1851,diego__diego_1851,diego,Survey_September2023_cleaned,Survey_September2023_cleaned.xlsx,diego_1851,NA,NA,DE,DE,western_europe,25_34,female,employed,usable_complete,TRUE,TRUE,32,0.7421635450133017,0.7808719460302345,0.64556324170473,0.4846438335505569,1.0102912000013466,1.2199434000685936,0.6842715655956264,1.187795674132411,1.1986116374930902
DIEGO,4709,DIEGO,EUROPE,1852,diego__diego_1852,diego,Survey_September2023_cleaned,Survey_September2023_cleaned.xlsx,diego_1852,NA,NA,DE,DE,western_europe,25_34,male,employed,usable_complete,TRUE,TRUE,32,1.0025888471121025,0.7674005010397038,0.9911859600056042,1.3159731084103548,0.6194806347638088,0.5889712837564335,0.6970901383737089,0.473784049833106,1.203401291994802
DIEGO,4710,DIEGO,EUROPE,1853,diego__diego_1853,diego,Survey_September2023_cleaned,Survey_September2023_cleaned.xlsx,diego_1853,NA,NA,DE,DE,western_europe,18_24,male,student,usable_complete,TRUE,TRUE,32,0.4842272329415772,1.1700008522930878,1.2645508089055522,1.3692392066233685,1.0486551558933104,0.7629009312257234,1.0118737002065152,0.8035909231460674,0.6337760170736066
DIEGO,4711,DIEGO,EUROPE,1854,diego__diego_1854,diego,Survey_September2023_cleaned,Survey_September2023_cleaned.xlsx,diego_1854,NA,NA,NL,NL,western_europe,45_54,female,employed,usable_complete,TRUE,TRUE,32,0.6204232020806979,0.9658297716968403,0.5887753566140123,1.1874886630428112,0.7810464666841923,0.7980922021918019,0.8464220395665165,0.5779650798095641,0.17345249095072007
DIEGO,4712,DIEGO,EUROPE,1855,diego__diego_1855,diego,Survey_September2023_cleaned,Survey_September2023_cleaned.xlsx,diego_1855,NA,NA,NL,NL,western_europe,45_54,male,employed,usable_complete,TRUE,TRUE,32,1.079064646050394,1.0200620256923139,0.9843423550243304,1.105428006226742,0.9181264477896423,0.9584101637564435,0.858500930732022,1.4689091103614595,1.343216672712318
DIEGO,4713,DIEGO,EUROPE,1856,diego__diego_1856,diego,Survey_September2023_cleaned,Survey_September2023_cleaned.xlsx,diego_1856,NA,NA,DE,DE,western_europe,25_34,female,unemployed,usable_complete,TRUE,TRUE,32,0.8314924555797419,0.9618095306631649,0.580533839425722,0.5558491797834092,0.08518774733443983,0.8781108086789848,0.5010015733619179,0.899831449967848,0.9760180311082475
DIEGO,4714,DIEGO,EUROPE,1857,diego__diego_1857,diego,Survey_September2023_cleaned,Survey_September2023_cleaned.xlsx,diego_1857,NA,NA,NL,NL,western_europe,45_54,female,unemployed,usable_complete,TRUE,TRUE,32,0.9873738503925726,1.5934177107683634,1.0361330654938066,0.6824091681167772,1.0867168701862286,0.6553330764508012,1.0079939254403967,0.2946527968421691,0.49401756309101336
DIEGO,4715,DIEGO,EUROPE,1858,diego__diego_1858,diego,Survey_September2023_cleaned,Survey_September2023_cleaned.xlsx,diego_1858,NA,NA,DE,DE,western_europe,25_34,female,employed,usable_complete,TRUE,TRUE,32,1.1646591066616065,0.9943670587172686,0.4813658288258898,0.7050201186650376,0.9236050084950016,1.1241435138713318,0.8248278345303095,0.46509055405238414,0.7701291839727659
DIEGO,4716,DIEGO,EUROPE,1859,diego__diego_1859,diego,Survey_September2023_cleaned,Survey_September2023_cleaned.xlsx,diego_1859,NA,NA,DE,DE,western_europe,45_54,male,employed,usable_complete,TRUE,TRUE,32,0.9814849385241817,0.4952751513059592,0.6540728408718902,1.3192865206339748,0.21881591046067808,0.7307027995512849,0.6916317739836717,0.46847811938541745,1.0992655926378916
DIEGO,4717,DIEGO,EUROPE,1860,diego__diego_1860,diego,Survey_September2023_cleaned,Survey_September2023_cleaned.xlsx,diego_1860,NA,NA,DE,DE,western_europe,45_54,female,self_employed,usable_complete,TRUE,TRUE,32,0.9218089321307301,1.1688530299323276,0.8540345138577277,1.0812325841898989,1.1885555789807292,1.097116392476002,0.765034144290863,1.129409936686384,0.4096243291678478
DIEGO,4718,DIEGO,EUROPE,1861,diego__diego_1861,diego,Survey_September2023_cleaned,Survey_September2023_cleaned.xlsx,diego_1861,NA,NA,DE,DE,western_europe,18_24,female,employed,usable_complete,TRUE,TRUE,32,0.7097103168439514,1.066006990502645,1.43309395465008,0.5669216716057756,0.14032924992770562,0.4675985219548823,0.6793045071021048,1.1245733273852363,0.7766874041278558
DIEGO,4719,DIEGO,EUROPE,1862,diego__diego_1862,diego,Survey_September2023_cleaned,Survey_September2023_cleaned.xlsx,diego_1862,NA,NA,DE,DE,western_europe,18_24,male,student,usable_complete,TRUE,TRUE,32,1.3154005610099582,0.5589011908332364,0.9394970306316843,1.7563151365471423,1.5210152096831613,0.8442463319276559,1.4163017922091135,1.4714923387976029,0.4996503324586197
DIEGO,4720,DIEGO,EUROPE,1863,diego__diego_1863,diego,Survey_September2023_cleaned,Survey_September2023_cleaned.xlsx,diego_1863,NA,NA,DE,DE,western_europe,18_24,female,student,usable_complete,TRUE,TRUE,32,0.9703561480241797,0.8528752358992087,0.739235712928002,0.5338884842080497,0.5269701692584845,0.8976050854226328,1.2216697821353562,0.8702550285099004,0.9250036201905187
DIEGO,4721,DIEGO,EUROPE,1864,diego__diego_1864,diego,Survey_September2023_cleaned,Survey_September2023_cleaned.xlsx,diego_1864,NA,NA,DE,DE,western_europe,18_24,male,employed,usable_complete,TRUE,TRUE,32,0.7637182518477413,0.4773639659337796,1.034863167098214,0.5071028043820237,1.4307165118127987,1.5604077682427304,1.050732760805173,0.6228418061157028,1.2948605849412576
DIEGO,4722,DIEGO,EUROPE,1865,diego__diego_1865,diego,Survey_September2023_cleaned,Survey_September2023_cleaned.xlsx,diego_1865,NA,NA,BE,BE,western_europe,25_34,female,unemployed,usable_complete,TRUE,TRUE,32,0.41298910243893433,0.9039356891466128,0.6320502333861395,1.6856233782003385,1.377940030722756,0.7932208137766148,1.0994975464242485,0.5536451502838419,1.0402444211371462
DIEGO,4723,DIEGO,EUROPE,1866,diego__diego_1866,diego,Survey_September2023_cleaned,Survey_September2023_cleaned.xlsx,diego_1866,NA,NA,DE,DE,western_europe,45_54,female,employed,usable_complete,TRUE,TRUE,32,0.8940608144647907,0.9627341772715657,0.8216240421745125,0.15138150287631386,0.6682111849794992,0.7992083640249186,0.577807069952812,0.7554306782132999,0.6438246124386724
DIEGO,4724,DIEGO,EUROPE,1867,diego__diego_1867,diego,Survey_September2023_cleaned,Survey_September2023_cleaned.xlsx,diego_1867,NA,NA,DE,DE,western_europe,25_34,female,employed,usable_complete,TRUE,TRUE,32,0.7574070071982062,1.0509238045721174,0.7990482662887534,0.40912920625485544,1.198974945280908,0.9293881773631667,0.5841641935065279,0.7210499411156258,0.9061339304131453
DIEGO,4725,DIEGO,EUROPE,1868,diego__diego_1868,diego,Survey_September2023_cleaned,Survey_September2023_cleaned.xlsx,diego_1868,NA,NA,DE,DE,western_europe,45_54,male,employed,usable_complete,TRUE,TRUE,32,0.7235608503970999,0.8627388412741742,0.863028363279488,0.7412684323599209,1.3007540150519814,0.9171050557716491,1.0256965298943916,1.1749699959535491,0.8563159669085921
DIEGO,4726,DIEGO,EUROPE,1869,diego__diego_1869,diego,Survey_September2023_cleaned,Survey_September2023_cleaned.xlsx,diego_1869,NA,NA,DE,DE,western_europe,25_34,male,employed,usable_complete,TRUE,TRUE,32,0.9205146201055883,1.094269472965168,1.2445775194466353,0.6318241941571222,1.125934412663661,1.0376615535356057,1.1372690103739242,0.6101267455715558,0.7530799917305264
DIEGO,4727,DIEGO,EUROPE,1870,diego__diego_1870,diego,Survey_September2023_cleaned,Survey_September2023_cleaned.xlsx,diego_1870,NA,NA,NL,NL,western_europe,45_54,male,self_employed,usable_complete,TRUE,TRUE,32,0.5294694241921241,0.8713463207157618,1.1702439005465848,0.9989235507991463,1.2209085814410625,0.8604208984327185,0.49923205464497755,0.44825041008401884,0.8538695221058348
DIEGO,4728,DIEGO,EUROPE,1871,diego__diego_1871,diego,Survey_September2023_cleaned,Survey_September2023_cleaned.xlsx,diego_1871,NA,NA,DE,DE,western_europe,25_34,female,other,usable_complete,TRUE,TRUE,32,0.5652685794885034,0.8546496022396948,0.5977923839377729,0.3891884431081376,0.6278163426602427,0.8528389005207516,0.7466700894913902,1.2652800695374167,0.9386137114646798
DIEGO,4729,DIEGO,EUROPE,1872,diego__diego_1872,diego,Survey_September2023_cleaned,Survey_September2023_cleaned.xlsx,diego_1872,NA,NA,DE,DE,western_europe,45_54,male,employed,usable_complete,TRUE,TRUE,32,1.0109044602191426,1.1624289381835882,0.9104530023192166,0.8476398020512016,0.7273001233016343,0.8713716515088237,0.7280574373439254,0.795667375733379,1.2930684366374172
DIEGO,4730,DIEGO,EUROPE,1873,diego__diego_1873,diego,Survey_September2023_cleaned,Survey_September2023_cleaned.xlsx,diego_1873,NA,NA,DE,DE,western_europe,45_54,male,employed,usable_complete,TRUE,TRUE,32,0.5416419072912817,0.7962650487814181,0.7752132934814036,0.8656844849493841,1.3860519281156591,0.41894627390791384,0.9726399155504157,0.49457981110599736,0.9898475985544021
DIEGO,4731,DIEGO,EUROPE,1874,diego__diego_1874,diego,Survey_September2023_cleaned,Survey_September2023_cleaned.xlsx,diego_1874,NA,NA,BE,BE,western_europe,45_54,male,employed,usable_complete,TRUE,TRUE,32,1.4051985433794458,1.0101336654515773,0.5677880617085977,0.9472195758178242,1.3235403105427201,1.4028985364725106,0.9608429767342089,0.6595756847838284,0.7947681903738184
DIEGO,4732,DIEGO,EUROPE,1875,diego__diego_1875,diego,Survey_September2023_cleaned,Survey_September2023_cleaned.xlsx,diego_1875,NA,NA,DE,DE,western_europe,18_24,female,employed,usable_complete,TRUE,TRUE,32,1.2133208569816618,0.31461819937423,0.5552138636733726,0.8210918538869366,0.8793683532540286,0.8119268692644799,0.6953587185922767,0.23034759401001462,1.0586980785097349
DIEGO,4733,DIEGO,EUROPE,1876,diego__diego_1876,diego,Survey_September2023_cleaned,Survey_September2023_cleaned.xlsx,diego_1876,NA,NA,DE,DE,western_europe,45_54,male,employed,usable_complete,TRUE,TRUE,32,0.84169151216265,0.682317537430188,0.8987594624147937,1.6088431234200866,0.552167820579568,1.0073370771711743,1.1670623018684698,0.5604842826774162,0.8806344234538352
DIEGO,4734,DIEGO,EUROPE,1877,diego__diego_1877,diego,Survey_September2023_cleaned,Survey_September2023_cleaned.xlsx,diego_1877,NA,NA,BE,BE,western_europe,45_54,female,employed,usable_complete,TRUE,TRUE,32,0.8444435551320181,1.0806407542311114,0.7700555099837731,0.8024124588901899,1.4478186852956552,0.801424374472798,0.8272575613039199,0.8794949713252803,1.2269460945143456
DIEGO,4735,DIEGO,EUROPE,1878,diego__diego_1878,diego,Survey_September2023_cleaned,Survey_September2023_cleaned.xlsx,diego_1878,NA,NA,DE,DE,western_europe,45_54,female,self_employed,usable_complete,TRUE,TRUE,32,0.8932307333347815,0.6219472497545141,0.88517533105129,1.4258705514226901,0.6098408727144143,0.46691338269891236,0.6036803922747451,0.8476567642354612,0.7053164103373465
DIEGO,4736,DIEGO,EUROPE,1879,diego__diego_1879,diego,Survey_September2023_cleaned,Survey_September2023_cleaned.xlsx,diego_1879,NA,NA,NL,NL,western_europe,25_34,male,employed,usable_complete,TRUE,TRUE,32,0.5706067588188922,1.2880564721620402,1.2279663567697734,1.2794801865732017,1.0128821193776656,0.9011902269826211,0.5743008248025365,0.715982272742299,1.315139710225785
DIEGO,4737,DIEGO,EUROPE,1880,diego__diego_1880,diego,Survey_September2023_cleaned,Survey_September2023_cleaned.xlsx,diego_1880,NA,NA,BE,BE,western_europe,45_54,female,employed,usable_complete,TRUE,TRUE,32,1.1051447175206661,0.7565402805030297,0.8818121966690162,0.703187516318609,0.3964380736549707,0.6801489189677598,1.0737771006272991,0.8738001027015591,1.1851234896745673
DIEGO,4738,DIEGO,EUROPE,1881,diego__diego_1881,diego,Survey_September2023_cleaned,Survey_September2023_cleaned.xlsx,diego_1881,NA,NA,DE,DE,western_europe,45_54,male,employed,usable_complete,TRUE,TRUE,32,0.8049652963175832,0.8502170172773686,0.5632928350532476,0.6134204241535732,1.0092103015341987,0.6697065884142066,0.9996230618583171,0.862672299857651,0.08871753681612203
DIEGO,4739,DIEGO,EUROPE,1882,diego__diego_1882,diego,Survey_September2023_cleaned,Survey_September2023_cleaned.xlsx,diego_1882,NA,NA,DE,DE,western_europe,45_54,male,employed,usable_complete,TRUE,TRUE,32,1.8217040181958293,0.6263069791340589,0.6034728424475683,0.8753950591792252,1.088752874765358,1.1392270931436093,0.7638290079469028,1.2154731930328342,0.8412240013580117
DIEGO,4740,DIEGO,EUROPE,1883,diego__diego_1883,diego,Survey_September2023_cleaned,Survey_September2023_cleaned.xlsx,diego_1883,NA,NA,BE,BE,western_europe,45_54,female,employed,usable_complete,TRUE,TRUE,32,1.00955010186502,1.2881461860330208,1.0049314227136725,0.7925974091926263,0.7739600233521811,0.5294956291388562,0.9741492726116864,1.5739807548692888,1.168827042819664
DIEGO,4741,DIEGO,EUROPE,1884,diego__diego_1884,diego,Survey_September2023_cleaned,Survey_September2023_cleaned.xlsx,diego_1884,NA,NA,NL,NL,western_europe,45_54,female,employed,usable_complete,TRUE,TRUE,32,1.129896154340475,0.42970540355142733,0.7160806084989723,0.8027980743173196,1.230483469101522,0.8246389302049181,1.1001071801683708,1.028263470347843,1.6313068778907782
DIEGO,4742,DIEGO,EUROPE,1885,diego__diego_1885,diego,Survey_September2023_cleaned,Survey_September2023_cleaned.xlsx,diego_1885,NA,NA,NL,NL,western_europe,45_54,female,other,usable_complete,TRUE,TRUE,32,0.695012297180761,1.5110715420381624,0.7510792985863137,1.5687975477764724,1.0462334888180391,0.7873205800923021,1.03095672071977,0.4474849315314537,0.7098636478354556
DIEGO,4743,DIEGO,EUROPE,1886,diego__diego_1886,diego,Survey_September2023_cleaned,Survey_September2023_cleaned.xlsx,diego_1886,NA,NA,NL,NL,western_europe,25_34,male,employed,usable_complete,TRUE,TRUE,32,0.5494898935121293,0.5020860178475262,0.7528407966617487,0.9317812074835778,1.0181469055367687,0.6546849125429585,0.6975855352227209,1.3310958906800825,0.6872719978564974
DIEGO,4744,DIEGO,EUROPE,1887,diego__diego_1887,diego,Survey_September2023_cleaned,Survey_September2023_cleaned.xlsx,diego_1887,NA,NA,DE,DE,western_europe,25_34,female,unemployed,usable_complete,TRUE,TRUE,32,1.3192321085453695,1.3632364479548862,1.2681669330222256,1.0913766783910521,0.6985074010944579,1.1901455000838566,0.7053518367599415,0.6956921441017635,0.1943359708023655
DIEGO,4745,DIEGO,EUROPE,1888,diego__diego_1888,diego,Survey_September2023_cleaned,Survey_September2023_cleaned.xlsx,diego_1888,NA,NA,NL,NL,western_europe,65_plus,female,retired,usable_complete,TRUE,TRUE,32,0.8976796740369768,0.7017244048261453,0.9873348455803843,0.3977328351478088,1.103305315624487,0.9276140221641944,0.8990218348245154,1.433114036651393,1.869541391259175
DIEGO,4746,DIEGO,EUROPE,1889,diego__diego_1889,diego,Survey_September2023_cleaned,Survey_September2023_cleaned.xlsx,diego_1889,NA,NA,NL,NL,western_europe,25_34,female,unemployed,usable_complete,TRUE,TRUE,32,1.5007184297333134,0.36761149801838094,1.0578552776712955,1.032727681769251,0.4734762844764785,0.8948679420178455,1.1074987886210774,0.5850904313119832,1.1268349277357097
DIEGO,4747,DIEGO,EUROPE,1890,diego__diego_1890,diego,Survey_September2023_cleaned,Survey_September2023_cleaned.xlsx,diego_1890,NA,NA,NL,NL,western_europe,25_34,male,employed,usable_complete,TRUE,TRUE,32,0.9391107157913836,0.9200898269132145,0.9629358386503053,1.2258256144989832,0.15443255723677424,1.2645325019136018,1.1887915816444017,0.7884066362301244,0.8555528182774436
DIEGO,4748,DIEGO,EUROPE,1891,diego__diego_1891,diego,Survey_September2023_cleaned,Survey_September2023_cleaned.xlsx,diego_1891,NA,NA,DE,DE,western_europe,45_54,male,employed,usable_complete,TRUE,TRUE,32,0.7807695118297067,1.2158178438817018,0.896220992754946,0.41024152053099217,1.5365910421174953,0.8434897612156302,0.7793453219860931,0.9895453274820768,0.32311378145067043
DIEGO,4749,DIEGO,EUROPE,1892,diego__diego_1892,diego,Survey_September2023_cleaned,Survey_September2023_cleaned.xlsx,diego_1892,NA,NA,DE,DE,western_europe,25_34,female,student,usable_complete,TRUE,TRUE,32,1.050679479171864,0.9318118450979613,1.0585672765225058,0.6477846935961776,0.7316421525675972,0.7708292652365422,0.6076403744738268,0.9018796748001469,0.4818227291593109
DIEGO,4750,DIEGO,EUROPE,1893,diego__diego_1893,diego,Survey_September2023_cleaned,Survey_September2023_cleaned.xlsx,diego_1893,NA,NA,NL,NL,western_europe,45_54,female,self_employed,usable_complete,TRUE,TRUE,32,1.2970499871781573,0.9276678794559621,1.6057530750019704,1.4580188309923556,1.460674328375976,1.4961879930603694,0.9750736675898445,0.32586386367110726,1.1708360392607506
DIEGO,4751,DIEGO,EUROPE,1894,diego__diego_1894,diego,Survey_September2023_cleaned,Survey_September2023_cleaned.xlsx,diego_1894,NA,NA,NL,NL,western_europe,45_54,female,self_employed,usable_complete,TRUE,TRUE,32,0.45851422093485716,1.3982783978483633,1.0138774559582147,0.6313650156943422,1.0706891746641496,0.8862635583411111,0.5238172760368379,1.1847617535781063,0.9470383332130792
DIEGO,4752,DIEGO,EUROPE,1895,diego__diego_1895,diego,Survey_September2023_cleaned,Survey_September2023_cleaned.xlsx,diego_1895,NA,NA,NL,NL,western_europe,45_54,male,employed,usable_complete,TRUE,TRUE,32,0.5958451801077516,0.4394755146869764,0.7690895417940666,1.3173560531892856,0.5707500571504697,0.46689483510489216,0.7140129000621738,0.6543260026801607,0.7614331244567609
DIEGO,4753,DIEGO,EUROPE,1896,diego__diego_1896,diego,Survey_September2023_cleaned,Survey_September2023_cleaned.xlsx,diego_1896,NA,NA,DE,DE,western_europe,25_34,male,employed,usable_complete,TRUE,TRUE,32,1.386768401260413,1.0394734012691333,0.6438770614646738,0.4236720395769078,0.5505949744123337,0.9963853727351286,0.7326162795250986,1.1912714935369302,1.337668015514514
DIEGO,4754,DIEGO,EUROPE,1897,diego__diego_1897,diego,Survey_September2023_cleaned,Survey_September2023_cleaned.xlsx,diego_1897,NA,NA,DE,DE,western_europe,45_54,male,self_employed,usable_complete,TRUE,TRUE,32,0.9608819332398167,1.5370833689198986,0.9617196087542611,0.8170483807002111,0.7242610505883551,0.7033933327891648,0.791521106392291,1.4446559665925565,0.5937941543749385
DIEGO,4755,DIEGO,EUROPE,1898,diego__diego_1898,diego,Survey_September2023_cleaned,Survey_September2023_cleaned.xlsx,diego_1898,NA,NA,DE,DE,western_europe,45_54,female,self_employed,usable_complete,TRUE,TRUE,32,1.580318384388522,0.7745229023312911,1.0277730772317206,0.5598906255458261,0.8428788743205855,0.8734660159176232,0.9561440033473831,0.7592721503163412,1.762851952817901
DIEGO,4756,DIEGO,EUROPE,1899,diego__diego_1899,diego,Survey_September2023_cleaned,Survey_September2023_cleaned.xlsx,diego_1899,NA,NA,BE,BE,western_europe,45_54,male,employed,usable_complete,TRUE,TRUE,32,1.4646280882967124,0.7621171017521933,0.29499647392900863,0.5137315172394198,0.8213661822497862,0.5628553191717067,0.851434012428711,0.5664000674107802,0.40609101911106676
