"cluster","Early.Adopter","Fearful","Careful","Stubborn","Influencer","Uninterested","Homo.Economicus","X8"
"cluster_1",0,0,0,0,0,0,0,0
"cluster_2",77.7777777777778,88.8888888888889,55.5555555555556,77.7777777777778,77.7777777777778,88.8888888888889,88.8888888888889,77.7777777777778
