"cluster","n_patterns","pct_total_patterns","pct_rest_patterns"
1,66,97.0588235294118,100
2,2,2.94117647058824,2.94117647058823
