"cluster","Early.Adopter","Uninterested","Homo.Economicus","Fearful","Stubborn","Influencer","Careful"
"cluster_1",0,0,0,0,0,0,0
"cluster_2",66.6666666666667,55.5555555555556,33.3333333333333,77.7777777777778,55.5555555555556,55.5555555555556,77.7777777777778
