"D","assigned_pct","unassigned_pct"
0,2.88461538461538,97.1153846153846
2,71.6346153846154,28.3653846153846
4,100,0
6,100,0
8,100,0
10,100,0
