"D","assigned_pct","unassigned_pct"
0,4.34782608695652,95.6521739130435
1,31.8840579710145,68.1159420289855
2,80.4347826086957,19.5652173913043
3,97.8260869565217,2.17391304347826
4,100,0
5,100,0
6,100,0
7,100,0
8,100,0
9,100,0
10,100,0
11,100,0
12,100,0
13,100,0
14,100,0
15,100,0
16,100,0
17,100,0
18,100,0
19,100,0
20,100,0
