"cluster","n_patterns","pct_total_patterns","pct_rest_patterns"
"1",7213,22.4340631998009,100
"2",15596,48.5070913162478,77.565936800199
"Restantes",9343,29.0588454839512,0
