"D","assigned_pct","unassigned_pct"
0,0.00589631333009036,99.9941036866699
2,0.959624994472206,99.0403750055278
4,13.3463052226595,86.6536947773405
6,52.4845590294668,47.5154409705332
8,76.3351464496823,23.6648535503177
10,92.1873848376303,7.81261516236973
