"D","assigned_pct","unassigned_pct"
0,34.50195,65.49805
2,68.1081125,31.8918875
4,99.9640875,0.0359125
6,99.9999625,3.75e-05
8,100,0
10,100,0
