"cluster","n_patterns","pct_total_patterns","pct_rest_patterns"
1,70,78.6516853932584,100
2,18,20.2247191011236,21.3483146067416
3,1,1.12359550561798,1.12359550561797
