"D","assigned_pct","unassigned_pct"
0,22.804375,77.195625
2,47.6190125,52.3809875
4,70.3404,29.6596
6,88.8532875,11.1467125
8,98.421175,1.578825
10,99.6601625,0.3398375
