"D","assigned_pct","unassigned_pct"
0,54.9411125,45.0588875
2,93.7543625,6.2456375
4,100,0
6,100,0
8,100,0
10,100,0
