"D","assigned_pct","unassigned_pct"
0,0.0103185483276581,99.9896814516723
2,1.65244181075782,98.3475581892422
4,18.0132372234261,81.986762776574
6,55.1983372396409,44.8016627603591
8,78.2706113002845,21.7293886997155
10,94.1803387432008,5.81966125679919
