"cluster","n_patterns","pct_total_patterns","pct_rest_patterns"
"1",1,0.00535503909178537,100
"2",1,0.00535503909178537,99.9946449609082
"Restantes",18672,99.9892899218164,0
