"D","assigned_pct","unassigned_pct"
0,87.55925,12.44075
2,99.999825,0.000175
4,100,0
6,100,0
8,100,0
10,100,0
