"D","assigned_pct","unassigned_pct"
0,89.9259125,10.0740875
2,99.9999125,8.75e-05
4,100,0
6,100,0
8,100,0
10,100,0
