"cluster","Early.Adopter","Fearful","Careful","Stubborn","Influencer","Uninterested","Homo.Economicus","X8"
"cluster_1",33.3333333333333,62.5,100,71.4285714285714,33.3333333333333,44.4444444444444,44.4444444444444,33.3333333333333
"cluster_2",77.7777777777778,88.8888888888889,55.5555555555556,77.7777777777778,77.7777777777778,88.8888888888889,88.8888888888889,77.7777777777778
"cluster_3",28.5714285714286,25,40,28.5714285714286,12.5,25,25,28.5714285714286
"cluster_4",62.5,55.5555555555556,57.1428571428571,44.4444444444444,62.5,55.5555555555556,75,62.5
"cluster_5",14.2857142857143,12.5,0,0,14.2857142857143,12.5,12.5,14.2857142857143
"cluster_6",62.5,75,57.1428571428571,85.7142857142857,62.5,55.5555555555556,75,62.5
"cluster_7",62.5,55.5555555555556,22.2222222222222,44.4444444444444,85.7142857142857,55.5555555555556,75,62.5
