"cluster","n_patterns","pct_total_patterns","pct_rest_patterns"
1,123,59.1346153846154,100
2,85,40.8653846153846,40.8653846153846
