"cluster","n_patterns","pct_total_patterns","pct_rest_patterns"
"1",76,0.238745955455031,100
"2",124,0.389532874689787,99.761254044545
"Restantes",31633,99.3717211698552,0
