"cluster","n_patterns","pct_total_patterns","pct_rest_patterns"
"1",171,0.160394702284921,100
"2",197,0.18478220087795,99.8396052977151
"Restantes",106244,99.6548230968371,0
