"cluster","n_patterns","pct_total_patterns","pct_rest_patterns"
"1",2390,12.798543429367,100
"2",1826,9.77830138160009,87.201456570633
"Restantes",14458,77.4231551890329,0
