"D","assigned_pct","unassigned_pct"
0,64.3776625,35.6223375
2,99.62175,0.37825
4,100,0
6,100,0
8,100,0
10,100,0
