"cluster","n_patterns","pct_total_patterns","pct_rest_patterns"
"1",17504,96.9858156028369,100
"2",127,0.703679078014184,3.01418439716312
"Restantes",417,2.31050531914894,0
