"D","assigned_pct","unassigned_pct"
0,86.5203375,13.4796625
2,99.8997375,0.1002625
4,99.999975,2.5e-05
6,100,0
8,100,0
10,100,0
