"D","assigned_pct","unassigned_pct"
0,0.00294815666504518,99.997051843335
2,0.629431447987146,99.3705685520129
4,11.0526393372544,88.9473606627456
6,37.3782042777753,62.6217957222247
8,64.3184598829582,35.6815401170418
10,89.1625760992939,10.8374239007061
