"cluster","n_patterns","pct_total_patterns","pct_rest_patterns"
"1",6825,21.4400150786919,100
"2",15266,47.956523104954,78.5599849213081
"Restantes",9742,30.6034618163541,0
