"D","assigned_pct","unassigned_pct"
0,60.996025,39.003975
2,99.2239125,0.7760875
4,100,0
6,100,0
8,100,0
10,100,0
