"cluster","n_patterns","pct_total_patterns","pct_rest_patterns"
"1",163,0.872871371961015,100
"2",165,0.883581450144586,99.127128628039
"Restantes",18346,98.2435471778944,0
