"cluster","n_patterns","pct_total_patterns","pct_rest_patterns"
"1",17808,98.6702127659574,100
"2",76,0.421099290780142,1.32978723404256
"Restantes",164,0.908687943262411,0
