"cluster","n_patterns","pct_total_patterns","pct_rest_patterns"
"1",17829,98.7865691489362,100
"2",75,0.415558510638298,1.21343085106383
"Restantes",144,0.797872340425532,0
