"cluster","n_patterns","pct_total_patterns","pct_rest_patterns"
"1",1,0.000937980715116497,100
"2",1,0.000937980715116497,99.9990620192849
"Restantes",106610,99.9981240385698,0
