"cluster","n_patterns","pct_total_patterns","pct_rest_patterns"
"1",38,80.8510638297872,100
"2",7,14.8936170212766,19.1489361702128
"Restantes",2,4.25531914893617,0
