bootstrap_id,comparison_region,subsample,n_draws,n_unique_people,unique_share
1,EUROPE,DIEGO,256,237,0.92578125
1,EUROPE,RENOVISOR,612,398,0.6503267973856209
1,EUROPE,WHY_EUROPE,132,120,0.9090909090909091
1,LATAM,WHY_LATAM,608,263,0.43256578947368424
2,EUROPE,DIEGO,257,242,0.9416342412451362
2,EUROPE,RENOVISOR,612,380,0.6209150326797386
2,EUROPE,WHY_EUROPE,131,122,0.9312977099236641
2,LATAM,WHY_LATAM,608,261,0.4292763157894737
3,EUROPE,DIEGO,250,240,0.96
3,EUROPE,RENOVISOR,600,380,0.6333333333333333
3,EUROPE,WHY_EUROPE,150,142,0.9466666666666667
3,LATAM,WHY_LATAM,608,272,0.4473684210526316
4,EUROPE,DIEGO,250,229,0.916
4,EUROPE,RENOVISOR,603,380,0.6301824212271974
4,EUROPE,WHY_EUROPE,147,141,0.9591836734693877
4,LATAM,WHY_LATAM,608,255,0.4194078947368421
5,EUROPE,DIEGO,250,230,0.92
5,EUROPE,RENOVISOR,613,373,0.6084828711256117
5,EUROPE,WHY_EUROPE,137,126,0.9197080291970803
5,LATAM,WHY_LATAM,608,265,0.43585526315789475
6,EUROPE,DIEGO,259,246,0.9498069498069498
6,EUROPE,RENOVISOR,598,396,0.6622073578595318
6,EUROPE,WHY_EUROPE,143,126,0.8811188811188811
6,LATAM,WHY_LATAM,608,268,0.4407894736842105
7,EUROPE,DIEGO,254,229,0.9015748031496063
7,EUROPE,RENOVISOR,607,394,0.6490939044481054
7,EUROPE,WHY_EUROPE,139,131,0.9424460431654677
7,LATAM,WHY_LATAM,608,279,0.4588815789473684
8,EUROPE,DIEGO,247,227,0.9190283400809717
8,EUROPE,RENOVISOR,615,395,0.6422764227642277
8,EUROPE,WHY_EUROPE,138,131,0.9492753623188406
8,LATAM,WHY_LATAM,608,261,0.4292763157894737
9,EUROPE,DIEGO,251,233,0.9282868525896414
9,EUROPE,RENOVISOR,623,407,0.6532905296950241
9,EUROPE,WHY_EUROPE,126,117,0.9285714285714286
9,LATAM,WHY_LATAM,608,272,0.4473684210526316
10,EUROPE,DIEGO,280,243,0.8678571428571429
10,EUROPE,RENOVISOR,602,379,0.6295681063122923
10,EUROPE,WHY_EUROPE,118,108,0.9152542372881356
10,LATAM,WHY_LATAM,608,273,0.44901315789473684
11,EUROPE,DIEGO,227,212,0.933920704845815
11,EUROPE,RENOVISOR,617,389,0.6304700162074555
11,EUROPE,WHY_EUROPE,156,142,0.9102564102564102
11,LATAM,WHY_LATAM,608,271,0.4457236842105263
12,EUROPE,DIEGO,237,224,0.9451476793248945
12,EUROPE,RENOVISOR,624,406,0.6506410256410257
12,EUROPE,WHY_EUROPE,139,124,0.8920863309352518
12,LATAM,WHY_LATAM,608,278,0.45723684210526316
13,EUROPE,DIEGO,232,221,0.9525862068965517
13,EUROPE,RENOVISOR,616,385,0.625
13,EUROPE,WHY_EUROPE,152,139,0.9144736842105263
13,LATAM,WHY_LATAM,608,260,0.4276315789473684
14,EUROPE,DIEGO,260,245,0.9423076923076923
14,EUROPE,RENOVISOR,608,384,0.631578947368421
14,EUROPE,WHY_EUROPE,132,114,0.8636363636363636
14,LATAM,WHY_LATAM,608,259,0.42598684210526316
15,EUROPE,DIEGO,262,242,0.9236641221374046
15,EUROPE,RENOVISOR,621,398,0.6409017713365539
15,EUROPE,WHY_EUROPE,117,109,0.9316239316239316
15,LATAM,WHY_LATAM,608,260,0.4276315789473684
16,EUROPE,DIEGO,250,224,0.896
16,EUROPE,RENOVISOR,605,386,0.6380165289256199
16,EUROPE,WHY_EUROPE,145,136,0.9379310344827586
16,LATAM,WHY_LATAM,608,266,0.4375
17,EUROPE,DIEGO,258,233,0.9031007751937985
17,EUROPE,RENOVISOR,626,383,0.6118210862619808
17,EUROPE,WHY_EUROPE,116,106,0.9137931034482759
17,LATAM,WHY_LATAM,608,252,0.4144736842105263
18,EUROPE,DIEGO,247,230,0.9311740890688259
18,EUROPE,RENOVISOR,618,381,0.616504854368932
18,EUROPE,WHY_EUROPE,135,123,0.9111111111111111
18,LATAM,WHY_LATAM,608,256,0.42105263157894735
19,EUROPE,DIEGO,261,243,0.9310344827586207
19,EUROPE,RENOVISOR,607,387,0.6375617792421746
19,EUROPE,WHY_EUROPE,132,121,0.9166666666666666
19,LATAM,WHY_LATAM,608,269,0.44243421052631576
20,EUROPE,DIEGO,251,230,0.9163346613545816
20,EUROPE,RENOVISOR,619,393,0.6348949919224556
20,EUROPE,WHY_EUROPE,130,121,0.9307692307692308
20,LATAM,WHY_LATAM,608,265,0.43585526315789475
21,EUROPE,DIEGO,233,213,0.9141630901287554
21,EUROPE,RENOVISOR,611,382,0.6252045826513911
21,EUROPE,WHY_EUROPE,156,135,0.8653846153846154
21,LATAM,WHY_LATAM,608,267,0.43914473684210525
22,EUROPE,DIEGO,260,241,0.926923076923077
22,EUROPE,RENOVISOR,611,389,0.6366612111292962
22,EUROPE,WHY_EUROPE,129,123,0.9534883720930233
22,LATAM,WHY_LATAM,608,265,0.43585526315789475
23,EUROPE,DIEGO,258,242,0.937984496124031
23,EUROPE,RENOVISOR,594,376,0.632996632996633
23,EUROPE,WHY_EUROPE,148,138,0.9324324324324325
23,LATAM,WHY_LATAM,608,264,0.4342105263157895
24,EUROPE,DIEGO,229,215,0.9388646288209607
24,EUROPE,RENOVISOR,616,390,0.6331168831168831
24,EUROPE,WHY_EUROPE,155,139,0.896774193548387
24,LATAM,WHY_LATAM,608,260,0.4276315789473684
25,EUROPE,DIEGO,251,226,0.900398406374502
25,EUROPE,RENOVISOR,608,372,0.6118421052631579
25,EUROPE,WHY_EUROPE,141,133,0.9432624113475178
25,LATAM,WHY_LATAM,608,263,0.43256578947368424
26,EUROPE,DIEGO,246,230,0.9349593495934959
26,EUROPE,RENOVISOR,609,376,0.6174055829228243
26,EUROPE,WHY_EUROPE,145,136,0.9379310344827586
26,LATAM,WHY_LATAM,608,261,0.4292763157894737
27,EUROPE,DIEGO,268,248,0.9253731343283582
27,EUROPE,RENOVISOR,619,393,0.6348949919224556
27,EUROPE,WHY_EUROPE,113,107,0.9469026548672567
27,LATAM,WHY_LATAM,608,270,0.4440789473684211
28,EUROPE,DIEGO,261,238,0.9118773946360154
28,EUROPE,RENOVISOR,597,371,0.6214405360134003
28,EUROPE,WHY_EUROPE,142,129,0.9084507042253521
28,LATAM,WHY_LATAM,608,254,0.41776315789473684
29,EUROPE,DIEGO,249,227,0.9116465863453815
29,EUROPE,RENOVISOR,609,378,0.6206896551724138
29,EUROPE,WHY_EUROPE,142,129,0.9084507042253521
29,LATAM,WHY_LATAM,608,258,0.4243421052631579
30,EUROPE,DIEGO,256,240,0.9375
30,EUROPE,RENOVISOR,602,375,0.6229235880398671
30,EUROPE,WHY_EUROPE,142,133,0.9366197183098591
30,LATAM,WHY_LATAM,608,270,0.4440789473684211
31,EUROPE,DIEGO,244,228,0.9344262295081968
31,EUROPE,RENOVISOR,617,390,0.6320907617504052
31,EUROPE,WHY_EUROPE,139,125,0.8992805755395683
31,LATAM,WHY_LATAM,608,264,0.4342105263157895
32,EUROPE,DIEGO,247,231,0.9352226720647774
32,EUROPE,RENOVISOR,622,396,0.6366559485530546
32,EUROPE,WHY_EUROPE,131,118,0.9007633587786259
32,LATAM,WHY_LATAM,608,275,0.45230263157894735
33,EUROPE,DIEGO,251,235,0.9362549800796812
33,EUROPE,RENOVISOR,610,387,0.6344262295081967
33,EUROPE,WHY_EUROPE,139,128,0.920863309352518
33,LATAM,WHY_LATAM,608,264,0.4342105263157895
34,EUROPE,DIEGO,260,243,0.9346153846153846
34,EUROPE,RENOVISOR,607,389,0.6408566721581549
34,EUROPE,WHY_EUROPE,133,128,0.9624060150375939
34,LATAM,WHY_LATAM,608,267,0.43914473684210525
35,EUROPE,DIEGO,247,228,0.9230769230769231
35,EUROPE,RENOVISOR,597,390,0.6532663316582915
35,EUROPE,WHY_EUROPE,156,141,0.9038461538461539
35,LATAM,WHY_LATAM,608,253,0.4161184210526316
36,EUROPE,DIEGO,248,231,0.9314516129032258
36,EUROPE,RENOVISOR,617,389,0.6304700162074555
36,EUROPE,WHY_EUROPE,135,125,0.9259259259259259
36,LATAM,WHY_LATAM,608,274,0.4506578947368421
37,EUROPE,DIEGO,273,251,0.9194139194139194
37,EUROPE,RENOVISOR,609,395,0.6486042692939245
37,EUROPE,WHY_EUROPE,118,108,0.9152542372881356
37,LATAM,WHY_LATAM,608,271,0.4457236842105263
38,EUROPE,DIEGO,254,234,0.9212598425196851
38,EUROPE,RENOVISOR,613,389,0.634584013050571
38,EUROPE,WHY_EUROPE,133,120,0.9022556390977443
38,LATAM,WHY_LATAM,608,259,0.42598684210526316
39,EUROPE,DIEGO,251,231,0.9203187250996016
39,EUROPE,RENOVISOR,606,379,0.6254125412541254
39,EUROPE,WHY_EUROPE,143,125,0.8741258741258742
39,LATAM,WHY_LATAM,608,274,0.4506578947368421
40,EUROPE,DIEGO,252,238,0.9444444444444444
40,EUROPE,RENOVISOR,614,406,0.6612377850162866
40,EUROPE,WHY_EUROPE,134,125,0.9328358208955224
40,LATAM,WHY_LATAM,608,273,0.44901315789473684
41,EUROPE,DIEGO,247,230,0.9311740890688259
41,EUROPE,RENOVISOR,619,384,0.6203554119547657
41,EUROPE,WHY_EUROPE,134,125,0.9328358208955224
41,LATAM,WHY_LATAM,608,261,0.4292763157894737
42,EUROPE,DIEGO,269,249,0.9256505576208178
42,EUROPE,RENOVISOR,606,381,0.6287128712871287
42,EUROPE,WHY_EUROPE,125,119,0.952
42,LATAM,WHY_LATAM,608,266,0.4375
43,EUROPE,DIEGO,267,242,0.9063670411985019
43,EUROPE,RENOVISOR,601,378,0.6289517470881864
43,EUROPE,WHY_EUROPE,132,125,0.946969696969697
43,LATAM,WHY_LATAM,608,281,0.4621710526315789
44,EUROPE,DIEGO,254,239,0.9409448818897638
44,EUROPE,RENOVISOR,603,371,0.615257048092869
44,EUROPE,WHY_EUROPE,143,129,0.9020979020979021
44,LATAM,WHY_LATAM,608,272,0.4473684210526316
45,EUROPE,DIEGO,248,227,0.9153225806451613
45,EUROPE,RENOVISOR,607,383,0.6309719934102141
45,EUROPE,WHY_EUROPE,145,133,0.9172413793103448
45,LATAM,WHY_LATAM,608,272,0.4473684210526316
46,EUROPE,DIEGO,267,246,0.9213483146067416
46,EUROPE,RENOVISOR,607,384,0.6326194398682042
46,EUROPE,WHY_EUROPE,126,118,0.9365079365079365
46,LATAM,WHY_LATAM,608,268,0.4407894736842105
47,EUROPE,DIEGO,255,236,0.9254901960784314
47,EUROPE,RENOVISOR,602,377,0.6262458471760798
47,EUROPE,WHY_EUROPE,143,129,0.9020979020979021
47,LATAM,WHY_LATAM,608,269,0.44243421052631576
48,EUROPE,DIEGO,235,218,0.9276595744680851
48,EUROPE,RENOVISOR,619,392,0.6332794830371568
48,EUROPE,WHY_EUROPE,146,138,0.9452054794520548
48,LATAM,WHY_LATAM,608,256,0.42105263157894735
49,EUROPE,DIEGO,257,232,0.9027237354085603
49,EUROPE,RENOVISOR,615,385,0.6260162601626016
49,EUROPE,WHY_EUROPE,128,116,0.90625
49,LATAM,WHY_LATAM,608,272,0.4473684210526316
50,EUROPE,DIEGO,235,216,0.9191489361702128
50,EUROPE,RENOVISOR,616,388,0.6298701298701299
50,EUROPE,WHY_EUROPE,149,137,0.9194630872483222
50,LATAM,WHY_LATAM,608,269,0.44243421052631576
51,EUROPE,DIEGO,241,218,0.9045643153526971
51,EUROPE,RENOVISOR,613,382,0.6231647634584013
51,EUROPE,WHY_EUROPE,146,140,0.958904109589041
51,LATAM,WHY_LATAM,608,259,0.42598684210526316
52,EUROPE,DIEGO,251,230,0.9163346613545816
52,EUROPE,RENOVISOR,610,392,0.6426229508196721
52,EUROPE,WHY_EUROPE,139,128,0.920863309352518
52,LATAM,WHY_LATAM,608,267,0.43914473684210525
53,EUROPE,DIEGO,251,232,0.9243027888446215
53,EUROPE,RENOVISOR,605,383,0.6330578512396694
53,EUROPE,WHY_EUROPE,144,130,0.9027777777777778
53,LATAM,WHY_LATAM,608,263,0.43256578947368424
54,EUROPE,DIEGO,260,238,0.9153846153846154
54,EUROPE,RENOVISOR,603,372,0.6169154228855721
54,EUROPE,WHY_EUROPE,137,128,0.9343065693430657
54,LATAM,WHY_LATAM,608,262,0.4309210526315789
55,EUROPE,DIEGO,252,234,0.9285714285714286
55,EUROPE,RENOVISOR,612,399,0.6519607843137255
55,EUROPE,WHY_EUROPE,136,128,0.9411764705882353
55,LATAM,WHY_LATAM,608,258,0.4243421052631579
56,EUROPE,DIEGO,249,218,0.8755020080321285
56,EUROPE,RENOVISOR,608,379,0.6233552631578947
56,EUROPE,WHY_EUROPE,143,130,0.9090909090909091
56,LATAM,WHY_LATAM,608,256,0.42105263157894735
57,EUROPE,DIEGO,240,218,0.9083333333333333
57,EUROPE,RENOVISOR,611,386,0.6317512274959084
57,EUROPE,WHY_EUROPE,149,136,0.912751677852349
57,LATAM,WHY_LATAM,608,261,0.4292763157894737
58,EUROPE,DIEGO,247,226,0.9149797570850202
58,EUROPE,RENOVISOR,614,384,0.6254071661237784
58,EUROPE,WHY_EUROPE,139,130,0.935251798561151
58,LATAM,WHY_LATAM,608,273,0.44901315789473684
59,EUROPE,DIEGO,235,214,0.9106382978723404
59,EUROPE,RENOVISOR,620,400,0.6451612903225806
59,EUROPE,WHY_EUROPE,145,133,0.9172413793103448
59,LATAM,WHY_LATAM,608,273,0.44901315789473684
60,EUROPE,DIEGO,248,227,0.9153225806451613
60,EUROPE,RENOVISOR,614,387,0.6302931596091205
60,EUROPE,WHY_EUROPE,138,132,0.9565217391304348
60,LATAM,WHY_LATAM,608,268,0.4407894736842105
61,EUROPE,DIEGO,253,238,0.9407114624505929
61,EUROPE,RENOVISOR,608,386,0.6348684210526315
61,EUROPE,WHY_EUROPE,139,127,0.9136690647482014
61,LATAM,WHY_LATAM,608,271,0.4457236842105263
62,EUROPE,DIEGO,259,239,0.9227799227799228
62,EUROPE,RENOVISOR,615,384,0.624390243902439
62,EUROPE,WHY_EUROPE,126,112,0.8888888888888888
62,LATAM,WHY_LATAM,608,262,0.4309210526315789
63,EUROPE,DIEGO,257,237,0.9221789883268483
63,EUROPE,RENOVISOR,606,372,0.6138613861386139
63,EUROPE,WHY_EUROPE,137,125,0.9124087591240876
63,LATAM,WHY_LATAM,608,267,0.43914473684210525
64,EUROPE,DIEGO,251,230,0.9163346613545816
64,EUROPE,RENOVISOR,612,401,0.6552287581699346
64,EUROPE,WHY_EUROPE,137,125,0.9124087591240876
64,LATAM,WHY_LATAM,608,259,0.42598684210526316
65,EUROPE,DIEGO,250,222,0.888
65,EUROPE,RENOVISOR,603,382,0.6334991708126037
65,EUROPE,WHY_EUROPE,147,136,0.9251700680272109
65,LATAM,WHY_LATAM,608,266,0.4375
66,EUROPE,DIEGO,249,225,0.9036144578313253
66,EUROPE,RENOVISOR,625,402,0.6432
66,EUROPE,WHY_EUROPE,126,118,0.9365079365079365
66,LATAM,WHY_LATAM,608,267,0.43914473684210525
67,EUROPE,DIEGO,252,236,0.9365079365079365
67,EUROPE,RENOVISOR,606,392,0.6468646864686468
67,EUROPE,WHY_EUROPE,142,131,0.9225352112676056
67,LATAM,WHY_LATAM,608,260,0.4276315789473684
68,EUROPE,DIEGO,269,245,0.9107806691449815
68,EUROPE,RENOVISOR,589,376,0.6383701188455009
68,EUROPE,WHY_EUROPE,142,130,0.9154929577464789
68,LATAM,WHY_LATAM,608,263,0.43256578947368424
69,EUROPE,DIEGO,254,238,0.937007874015748
69,EUROPE,RENOVISOR,605,395,0.6528925619834711
69,EUROPE,WHY_EUROPE,141,129,0.9148936170212766
69,LATAM,WHY_LATAM,608,261,0.4292763157894737
70,EUROPE,DIEGO,266,235,0.8834586466165414
70,EUROPE,RENOVISOR,588,376,0.6394557823129252
70,EUROPE,WHY_EUROPE,146,137,0.9383561643835616
70,LATAM,WHY_LATAM,608,276,0.45394736842105265
71,EUROPE,DIEGO,248,227,0.9153225806451613
71,EUROPE,RENOVISOR,618,379,0.6132686084142395
71,EUROPE,WHY_EUROPE,134,121,0.9029850746268657
71,LATAM,WHY_LATAM,608,279,0.4588815789473684
72,EUROPE,DIEGO,230,219,0.9521739130434783
72,EUROPE,RENOVISOR,624,392,0.6282051282051282
72,EUROPE,WHY_EUROPE,146,129,0.8835616438356164
72,LATAM,WHY_LATAM,608,261,0.4292763157894737
73,EUROPE,DIEGO,277,252,0.9097472924187726
73,EUROPE,RENOVISOR,596,386,0.6476510067114094
73,EUROPE,WHY_EUROPE,127,122,0.9606299212598425
73,LATAM,WHY_LATAM,608,263,0.43256578947368424
74,EUROPE,DIEGO,248,240,0.967741935483871
74,EUROPE,RENOVISOR,609,393,0.645320197044335
74,EUROPE,WHY_EUROPE,143,132,0.9230769230769231
74,LATAM,WHY_LATAM,608,274,0.4506578947368421
75,EUROPE,DIEGO,250,234,0.936
75,EUROPE,RENOVISOR,624,402,0.6442307692307693
75,EUROPE,WHY_EUROPE,126,117,0.9285714285714286
75,LATAM,WHY_LATAM,608,277,0.4555921052631579
76,EUROPE,DIEGO,244,228,0.9344262295081968
76,EUROPE,RENOVISOR,628,393,0.6257961783439491
76,EUROPE,WHY_EUROPE,128,122,0.953125
76,LATAM,WHY_LATAM,608,266,0.4375
77,EUROPE,DIEGO,223,212,0.9506726457399103
77,EUROPE,RENOVISOR,610,397,0.6508196721311476
77,EUROPE,WHY_EUROPE,167,151,0.9041916167664671
77,LATAM,WHY_LATAM,608,274,0.4506578947368421
78,EUROPE,DIEGO,251,225,0.896414342629482
78,EUROPE,RENOVISOR,608,388,0.6381578947368421
78,EUROPE,WHY_EUROPE,141,124,0.8794326241134752
78,LATAM,WHY_LATAM,608,266,0.4375
79,EUROPE,DIEGO,242,226,0.9338842975206612
79,EUROPE,RENOVISOR,615,387,0.6292682926829268
79,EUROPE,WHY_EUROPE,143,136,0.951048951048951
79,LATAM,WHY_LATAM,608,263,0.43256578947368424
80,EUROPE,DIEGO,254,236,0.9291338582677166
80,EUROPE,RENOVISOR,603,388,0.6434494195688225
80,EUROPE,WHY_EUROPE,143,131,0.916083916083916
80,LATAM,WHY_LATAM,608,266,0.4375
81,EUROPE,DIEGO,253,235,0.9288537549407114
81,EUROPE,RENOVISOR,610,398,0.6524590163934426
81,EUROPE,WHY_EUROPE,137,128,0.9343065693430657
81,LATAM,WHY_LATAM,608,261,0.4292763157894737
82,EUROPE,DIEGO,266,244,0.9172932330827067
82,EUROPE,RENOVISOR,602,387,0.6428571428571429
82,EUROPE,WHY_EUROPE,132,124,0.9393939393939394
82,LATAM,WHY_LATAM,608,258,0.4243421052631579
83,EUROPE,DIEGO,259,236,0.9111969111969112
83,EUROPE,RENOVISOR,612,390,0.6372549019607843
83,EUROPE,WHY_EUROPE,129,118,0.9147286821705426
83,LATAM,WHY_LATAM,608,269,0.44243421052631576
84,EUROPE,DIEGO,241,217,0.9004149377593361
84,EUROPE,RENOVISOR,610,398,0.6524590163934426
84,EUROPE,WHY_EUROPE,149,138,0.9261744966442953
84,LATAM,WHY_LATAM,608,267,0.43914473684210525
85,EUROPE,DIEGO,253,236,0.932806324110672
85,EUROPE,RENOVISOR,614,406,0.6612377850162866
85,EUROPE,WHY_EUROPE,133,125,0.9398496240601504
85,LATAM,WHY_LATAM,608,275,0.45230263157894735
86,EUROPE,DIEGO,241,222,0.921161825726141
86,EUROPE,RENOVISOR,607,393,0.6474464579901154
86,EUROPE,WHY_EUROPE,152,145,0.9539473684210527
86,LATAM,WHY_LATAM,608,258,0.4243421052631579
87,EUROPE,DIEGO,235,216,0.9191489361702128
87,EUROPE,RENOVISOR,616,390,0.6331168831168831
87,EUROPE,WHY_EUROPE,149,139,0.9328859060402684
87,LATAM,WHY_LATAM,608,260,0.4276315789473684
88,EUROPE,DIEGO,257,240,0.933852140077821
88,EUROPE,RENOVISOR,601,393,0.653910149750416
88,EUROPE,WHY_EUROPE,142,129,0.9084507042253521
88,LATAM,WHY_LATAM,608,266,0.4375
89,EUROPE,DIEGO,233,212,0.9098712446351931
89,EUROPE,RENOVISOR,618,402,0.6504854368932039
89,EUROPE,WHY_EUROPE,149,133,0.8926174496644296
89,LATAM,WHY_LATAM,608,268,0.4407894736842105
90,EUROPE,DIEGO,259,232,0.8957528957528957
90,EUROPE,RENOVISOR,619,384,0.6203554119547657
90,EUROPE,WHY_EUROPE,122,114,0.9344262295081968
90,LATAM,WHY_LATAM,608,258,0.4243421052631579
91,EUROPE,DIEGO,259,240,0.9266409266409267
91,EUROPE,RENOVISOR,620,400,0.6451612903225806
91,EUROPE,WHY_EUROPE,121,111,0.9173553719008265
91,LATAM,WHY_LATAM,608,266,0.4375
92,EUROPE,DIEGO,236,217,0.9194915254237288
92,EUROPE,RENOVISOR,612,389,0.6356209150326797
92,EUROPE,WHY_EUROPE,152,144,0.9473684210526315
92,LATAM,WHY_LATAM,608,263,0.43256578947368424
93,EUROPE,DIEGO,243,222,0.9135802469135802
93,EUROPE,RENOVISOR,614,388,0.6319218241042345
93,EUROPE,WHY_EUROPE,143,135,0.9440559440559441
93,LATAM,WHY_LATAM,608,262,0.4309210526315789
94,EUROPE,DIEGO,255,238,0.9333333333333333
94,EUROPE,RENOVISOR,610,389,0.6377049180327868
94,EUROPE,WHY_EUROPE,135,126,0.9333333333333333
94,LATAM,WHY_LATAM,608,274,0.4506578947368421
95,EUROPE,DIEGO,256,244,0.953125
95,EUROPE,RENOVISOR,609,400,0.6568144499178982
95,EUROPE,WHY_EUROPE,135,127,0.9407407407407408
95,LATAM,WHY_LATAM,608,255,0.4194078947368421
96,EUROPE,DIEGO,263,239,0.908745247148289
96,EUROPE,RENOVISOR,596,384,0.6442953020134228
96,EUROPE,WHY_EUROPE,141,131,0.9290780141843972
96,LATAM,WHY_LATAM,608,259,0.42598684210526316
97,EUROPE,DIEGO,242,225,0.9297520661157025
97,EUROPE,RENOVISOR,622,411,0.6607717041800643
97,EUROPE,WHY_EUROPE,136,127,0.9338235294117647
97,LATAM,WHY_LATAM,608,270,0.4440789473684211
98,EUROPE,DIEGO,253,237,0.9367588932806324
98,EUROPE,RENOVISOR,611,385,0.630114566284779
98,EUROPE,WHY_EUROPE,136,124,0.9117647058823529
98,LATAM,WHY_LATAM,608,274,0.4506578947368421
99,EUROPE,DIEGO,245,228,0.9306122448979591
99,EUROPE,RENOVISOR,613,392,0.6394779771615008
99,EUROPE,WHY_EUROPE,142,131,0.9225352112676056
99,LATAM,WHY_LATAM,608,273,0.44901315789473684
100,EUROPE,DIEGO,261,242,0.9272030651340997
100,EUROPE,RENOVISOR,602,384,0.6378737541528239
100,EUROPE,WHY_EUROPE,137,125,0.9124087591240876
100,LATAM,WHY_LATAM,608,265,0.43585526315789475
101,EUROPE,DIEGO,261,235,0.9003831417624522
101,EUROPE,RENOVISOR,607,380,0.6260296540362438
101,EUROPE,WHY_EUROPE,132,122,0.9242424242424242
101,LATAM,WHY_LATAM,608,256,0.42105263157894735
102,EUROPE,DIEGO,248,226,0.9112903225806451
102,EUROPE,RENOVISOR,611,381,0.6235679214402619
102,EUROPE,WHY_EUROPE,141,129,0.9148936170212766
102,LATAM,WHY_LATAM,608,254,0.41776315789473684
103,EUROPE,DIEGO,252,229,0.9087301587301587
103,EUROPE,RENOVISOR,598,382,0.6387959866220736
103,EUROPE,WHY_EUROPE,150,134,0.8933333333333333
103,LATAM,WHY_LATAM,608,261,0.4292763157894737
104,EUROPE,DIEGO,277,257,0.927797833935018
104,EUROPE,RENOVISOR,596,381,0.639261744966443
104,EUROPE,WHY_EUROPE,127,119,0.937007874015748
104,LATAM,WHY_LATAM,608,276,0.45394736842105265
105,EUROPE,DIEGO,246,227,0.9227642276422764
105,EUROPE,RENOVISOR,604,385,0.6374172185430463
105,EUROPE,WHY_EUROPE,150,138,0.92
105,LATAM,WHY_LATAM,608,267,0.43914473684210525
106,EUROPE,DIEGO,267,245,0.9176029962546817
106,EUROPE,RENOVISOR,606,401,0.6617161716171617
106,EUROPE,WHY_EUROPE,127,120,0.9448818897637795
106,LATAM,WHY_LATAM,608,270,0.4440789473684211
107,EUROPE,DIEGO,225,210,0.9333333333333333
107,EUROPE,RENOVISOR,616,403,0.6542207792207793
107,EUROPE,WHY_EUROPE,159,151,0.949685534591195
107,LATAM,WHY_LATAM,608,278,0.45723684210526316
108,EUROPE,DIEGO,250,223,0.892
108,EUROPE,RENOVISOR,613,396,0.6460032626427407
108,EUROPE,WHY_EUROPE,137,126,0.9197080291970803
108,LATAM,WHY_LATAM,608,258,0.4243421052631579
109,EUROPE,DIEGO,275,252,0.9163636363636364
109,EUROPE,RENOVISOR,604,384,0.6357615894039735
109,EUROPE,WHY_EUROPE,121,113,0.9338842975206612
109,LATAM,WHY_LATAM,608,269,0.44243421052631576
110,EUROPE,DIEGO,222,208,0.9369369369369369
110,EUROPE,RENOVISOR,608,389,0.6398026315789473
110,EUROPE,WHY_EUROPE,170,151,0.888235294117647
110,LATAM,WHY_LATAM,608,261,0.4292763157894737
111,EUROPE,DIEGO,245,226,0.9224489795918367
111,EUROPE,RENOVISOR,625,394,0.6304
111,EUROPE,WHY_EUROPE,130,121,0.9307692307692308
111,LATAM,WHY_LATAM,608,264,0.4342105263157895
112,EUROPE,DIEGO,245,222,0.9061224489795918
112,EUROPE,RENOVISOR,614,390,0.6351791530944625
112,EUROPE,WHY_EUROPE,141,130,0.9219858156028369
112,LATAM,WHY_LATAM,608,270,0.4440789473684211
113,EUROPE,DIEGO,260,233,0.8961538461538462
113,EUROPE,RENOVISOR,611,405,0.662847790507365
113,EUROPE,WHY_EUROPE,129,123,0.9534883720930233
113,LATAM,WHY_LATAM,608,269,0.44243421052631576
114,EUROPE,DIEGO,212,202,0.9528301886792453
114,EUROPE,RENOVISOR,632,406,0.6424050632911392
114,EUROPE,WHY_EUROPE,156,143,0.9166666666666666
114,LATAM,WHY_LATAM,608,275,0.45230263157894735
115,EUROPE,DIEGO,260,236,0.9076923076923077
115,EUROPE,RENOVISOR,611,390,0.6382978723404256
115,EUROPE,WHY_EUROPE,129,117,0.9069767441860465
115,LATAM,WHY_LATAM,608,270,0.4440789473684211
116,EUROPE,DIEGO,246,230,0.9349593495934959
116,EUROPE,RENOVISOR,607,388,0.6392092257001647
116,EUROPE,WHY_EUROPE,147,132,0.8979591836734694
116,LATAM,WHY_LATAM,608,268,0.4407894736842105
117,EUROPE,DIEGO,251,227,0.9043824701195219
117,EUROPE,RENOVISOR,619,408,0.6591276252019386
117,EUROPE,WHY_EUROPE,130,120,0.9230769230769231
117,LATAM,WHY_LATAM,608,272,0.4473684210526316
118,EUROPE,DIEGO,245,234,0.9551020408163265
118,EUROPE,RENOVISOR,625,397,0.6352
118,EUROPE,WHY_EUROPE,130,121,0.9307692307692308
118,LATAM,WHY_LATAM,608,265,0.43585526315789475
119,EUROPE,DIEGO,239,221,0.9246861924686193
119,EUROPE,RENOVISOR,623,389,0.6243980738362761
119,EUROPE,WHY_EUROPE,138,127,0.9202898550724637
119,LATAM,WHY_LATAM,608,260,0.4276315789473684
120,EUROPE,DIEGO,246,231,0.9390243902439024
120,EUROPE,RENOVISOR,603,384,0.6368159203980099
120,EUROPE,WHY_EUROPE,151,140,0.9271523178807947
120,LATAM,WHY_LATAM,608,269,0.44243421052631576
121,EUROPE,DIEGO,271,254,0.9372693726937269
121,EUROPE,RENOVISOR,596,383,0.6426174496644296
121,EUROPE,WHY_EUROPE,133,120,0.9022556390977443
121,LATAM,WHY_LATAM,608,268,0.4407894736842105
122,EUROPE,DIEGO,241,221,0.91701244813278
122,EUROPE,RENOVISOR,616,398,0.6461038961038961
122,EUROPE,WHY_EUROPE,143,130,0.9090909090909091
122,LATAM,WHY_LATAM,608,265,0.43585526315789475
123,EUROPE,DIEGO,238,217,0.9117647058823529
123,EUROPE,RENOVISOR,630,399,0.6333333333333333
123,EUROPE,WHY_EUROPE,132,120,0.9090909090909091
123,LATAM,WHY_LATAM,608,267,0.43914473684210525
124,EUROPE,DIEGO,249,233,0.9357429718875502
124,EUROPE,RENOVISOR,599,367,0.6126878130217028
124,EUROPE,WHY_EUROPE,152,136,0.8947368421052632
124,LATAM,WHY_LATAM,608,282,0.46381578947368424
125,EUROPE,DIEGO,250,231,0.924
125,EUROPE,RENOVISOR,607,385,0.6342668863261944
125,EUROPE,WHY_EUROPE,143,130,0.9090909090909091
125,LATAM,WHY_LATAM,608,261,0.4292763157894737
126,EUROPE,DIEGO,227,211,0.9295154185022027
126,EUROPE,RENOVISOR,623,405,0.6500802568218299
126,EUROPE,WHY_EUROPE,150,142,0.9466666666666667
126,LATAM,WHY_LATAM,608,265,0.43585526315789475
127,EUROPE,DIEGO,244,232,0.9508196721311475
127,EUROPE,RENOVISOR,618,390,0.6310679611650486
127,EUROPE,WHY_EUROPE,138,126,0.9130434782608695
127,LATAM,WHY_LATAM,608,267,0.43914473684210525
128,EUROPE,DIEGO,244,228,0.9344262295081968
128,EUROPE,RENOVISOR,615,392,0.6373983739837399
128,EUROPE,WHY_EUROPE,141,129,0.9148936170212766
128,LATAM,WHY_LATAM,608,271,0.4457236842105263
129,EUROPE,DIEGO,255,229,0.8980392156862745
129,EUROPE,RENOVISOR,598,376,0.6287625418060201
129,EUROPE,WHY_EUROPE,147,134,0.9115646258503401
129,LATAM,WHY_LATAM,608,265,0.43585526315789475
130,EUROPE,DIEGO,262,243,0.9274809160305344
130,EUROPE,RENOVISOR,611,395,0.646481178396072
130,EUROPE,WHY_EUROPE,127,119,0.937007874015748
130,LATAM,WHY_LATAM,608,264,0.4342105263157895
131,EUROPE,DIEGO,238,219,0.9201680672268907
131,EUROPE,RENOVISOR,616,391,0.6347402597402597
131,EUROPE,WHY_EUROPE,146,133,0.910958904109589
131,LATAM,WHY_LATAM,608,253,0.4161184210526316
132,EUROPE,DIEGO,237,226,0.9535864978902954
132,EUROPE,RENOVISOR,618,386,0.6245954692556634
132,EUROPE,WHY_EUROPE,145,139,0.9586206896551724
132,LATAM,WHY_LATAM,608,272,0.4473684210526316
133,EUROPE,DIEGO,243,228,0.9382716049382716
133,EUROPE,RENOVISOR,609,382,0.6272577996715928
133,EUROPE,WHY_EUROPE,148,138,0.9324324324324325
133,LATAM,WHY_LATAM,608,267,0.43914473684210525
134,EUROPE,DIEGO,249,230,0.9236947791164659
134,EUROPE,RENOVISOR,619,387,0.6252019386106623
134,EUROPE,WHY_EUROPE,132,117,0.8863636363636364
134,LATAM,WHY_LATAM,608,274,0.4506578947368421
135,EUROPE,DIEGO,256,239,0.93359375
135,EUROPE,RENOVISOR,605,391,0.6462809917355372
135,EUROPE,WHY_EUROPE,139,123,0.8848920863309353
135,LATAM,WHY_LATAM,608,261,0.4292763157894737
136,EUROPE,DIEGO,249,224,0.8995983935742972
136,EUROPE,RENOVISOR,608,388,0.6381578947368421
136,EUROPE,WHY_EUROPE,143,127,0.8881118881118881
136,LATAM,WHY_LATAM,608,267,0.43914473684210525
137,EUROPE,DIEGO,263,236,0.8973384030418251
137,EUROPE,RENOVISOR,603,374,0.6202321724709784
137,EUROPE,WHY_EUROPE,134,124,0.9253731343283582
137,LATAM,WHY_LATAM,608,268,0.4407894736842105
138,EUROPE,DIEGO,243,226,0.9300411522633745
138,EUROPE,RENOVISOR,609,384,0.6305418719211823
138,EUROPE,WHY_EUROPE,148,131,0.8851351351351351
138,LATAM,WHY_LATAM,608,267,0.43914473684210525
139,EUROPE,DIEGO,257,241,0.9377431906614786
139,EUROPE,RENOVISOR,615,389,0.6325203252032521
139,EUROPE,WHY_EUROPE,128,121,0.9453125
139,LATAM,WHY_LATAM,608,263,0.43256578947368424
140,EUROPE,DIEGO,263,243,0.9239543726235742
140,EUROPE,RENOVISOR,614,389,0.6335504885993485
140,EUROPE,WHY_EUROPE,123,113,0.9186991869918699
140,LATAM,WHY_LATAM,608,265,0.43585526315789475
141,EUROPE,DIEGO,240,218,0.9083333333333333
141,EUROPE,RENOVISOR,615,388,0.6308943089430894
141,EUROPE,WHY_EUROPE,145,135,0.9310344827586207
141,LATAM,WHY_LATAM,608,274,0.4506578947368421
142,EUROPE,DIEGO,246,225,0.9146341463414634
142,EUROPE,RENOVISOR,619,389,0.6284329563812601
142,EUROPE,WHY_EUROPE,135,123,0.9111111111111111
142,LATAM,WHY_LATAM,608,264,0.4342105263157895
143,EUROPE,DIEGO,250,233,0.932
143,EUROPE,RENOVISOR,617,395,0.640194489465154
143,EUROPE,WHY_EUROPE,133,122,0.9172932330827067
143,LATAM,WHY_LATAM,608,270,0.4440789473684211
144,EUROPE,DIEGO,262,236,0.9007633587786259
144,EUROPE,RENOVISOR,607,375,0.6177924217462932
144,EUROPE,WHY_EUROPE,131,126,0.9618320610687023
144,LATAM,WHY_LATAM,608,271,0.4457236842105263
145,EUROPE,DIEGO,235,216,0.9191489361702128
145,EUROPE,RENOVISOR,628,390,0.6210191082802548
145,EUROPE,WHY_EUROPE,137,131,0.9562043795620438
145,LATAM,WHY_LATAM,608,271,0.4457236842105263
146,EUROPE,DIEGO,262,248,0.9465648854961832
146,EUROPE,RENOVISOR,611,393,0.6432078559738135
146,EUROPE,WHY_EUROPE,127,118,0.9291338582677166
146,LATAM,WHY_LATAM,608,274,0.4506578947368421
147,EUROPE,DIEGO,244,223,0.9139344262295082
147,EUROPE,RENOVISOR,626,407,0.6501597444089456
147,EUROPE,WHY_EUROPE,130,120,0.9230769230769231
147,LATAM,WHY_LATAM,608,278,0.45723684210526316
148,EUROPE,DIEGO,246,227,0.9227642276422764
148,EUROPE,RENOVISOR,619,382,0.617124394184168
148,EUROPE,WHY_EUROPE,135,131,0.9703703703703703
148,LATAM,WHY_LATAM,608,258,0.4243421052631579
149,EUROPE,DIEGO,260,242,0.9307692307692308
149,EUROPE,RENOVISOR,609,395,0.6486042692939245
149,EUROPE,WHY_EUROPE,131,123,0.9389312977099237
149,LATAM,WHY_LATAM,608,276,0.45394736842105265
150,EUROPE,DIEGO,245,234,0.9551020408163265
150,EUROPE,RENOVISOR,614,391,0.6368078175895765
150,EUROPE,WHY_EUROPE,141,129,0.9148936170212766
150,LATAM,WHY_LATAM,608,265,0.43585526315789475
151,EUROPE,DIEGO,242,227,0.9380165289256198
151,EUROPE,RENOVISOR,615,402,0.6536585365853659
151,EUROPE,WHY_EUROPE,143,132,0.9230769230769231
151,LATAM,WHY_LATAM,608,269,0.44243421052631576
152,EUROPE,DIEGO,240,227,0.9458333333333333
152,EUROPE,RENOVISOR,598,387,0.6471571906354515
152,EUROPE,WHY_EUROPE,162,149,0.9197530864197531
152,LATAM,WHY_LATAM,608,264,0.4342105263157895
153,EUROPE,DIEGO,256,234,0.9140625
153,EUROPE,RENOVISOR,611,390,0.6382978723404256
153,EUROPE,WHY_EUROPE,133,120,0.9022556390977443
153,LATAM,WHY_LATAM,608,260,0.4276315789473684
154,EUROPE,DIEGO,267,249,0.9325842696629213
154,EUROPE,RENOVISOR,601,385,0.6405990016638935
154,EUROPE,WHY_EUROPE,132,124,0.9393939393939394
154,LATAM,WHY_LATAM,608,271,0.4457236842105263
155,EUROPE,DIEGO,238,219,0.9201680672268907
155,EUROPE,RENOVISOR,621,399,0.642512077294686
155,EUROPE,WHY_EUROPE,141,132,0.9361702127659575
155,LATAM,WHY_LATAM,608,275,0.45230263157894735
156,EUROPE,DIEGO,264,240,0.9090909090909091
156,EUROPE,RENOVISOR,610,390,0.639344262295082
156,EUROPE,WHY_EUROPE,126,120,0.9523809523809523
156,LATAM,WHY_LATAM,608,273,0.44901315789473684
157,EUROPE,DIEGO,247,227,0.9190283400809717
157,EUROPE,RENOVISOR,614,392,0.6384364820846905
157,EUROPE,WHY_EUROPE,139,131,0.9424460431654677
157,LATAM,WHY_LATAM,608,264,0.4342105263157895
158,EUROPE,DIEGO,248,230,0.9274193548387096
158,EUROPE,RENOVISOR,610,387,0.6344262295081967
158,EUROPE,WHY_EUROPE,142,136,0.9577464788732394
158,LATAM,WHY_LATAM,608,268,0.4407894736842105
159,EUROPE,DIEGO,241,226,0.9377593360995851
159,EUROPE,RENOVISOR,609,384,0.6305418719211823
159,EUROPE,WHY_EUROPE,150,135,0.9
159,LATAM,WHY_LATAM,608,265,0.43585526315789475
160,EUROPE,DIEGO,235,218,0.9276595744680851
160,EUROPE,RENOVISOR,629,391,0.6216216216216216
160,EUROPE,WHY_EUROPE,136,118,0.8676470588235294
160,LATAM,WHY_LATAM,608,264,0.4342105263157895
161,EUROPE,DIEGO,261,238,0.9118773946360154
161,EUROPE,RENOVISOR,611,374,0.6121112929623568
161,EUROPE,WHY_EUROPE,128,116,0.90625
161,LATAM,WHY_LATAM,608,251,0.4128289473684211
162,EUROPE,DIEGO,259,241,0.9305019305019305
162,EUROPE,RENOVISOR,599,393,0.656093489148581
162,EUROPE,WHY_EUROPE,142,127,0.8943661971830986
162,LATAM,WHY_LATAM,608,269,0.44243421052631576
163,EUROPE,DIEGO,267,251,0.9400749063670412
163,EUROPE,RENOVISOR,596,378,0.6342281879194631
163,EUROPE,WHY_EUROPE,137,128,0.9343065693430657
163,LATAM,WHY_LATAM,608,278,0.45723684210526316
164,EUROPE,DIEGO,236,215,0.9110169491525424
164,EUROPE,RENOVISOR,615,383,0.6227642276422765
164,EUROPE,WHY_EUROPE,149,139,0.9328859060402684
164,LATAM,WHY_LATAM,608,269,0.44243421052631576
165,EUROPE,DIEGO,265,247,0.9320754716981132
165,EUROPE,RENOVISOR,610,395,0.6475409836065574
165,EUROPE,WHY_EUROPE,125,115,0.92
165,LATAM,WHY_LATAM,608,261,0.4292763157894737
166,EUROPE,DIEGO,241,228,0.946058091286307
166,EUROPE,RENOVISOR,620,393,0.6338709677419355
166,EUROPE,WHY_EUROPE,139,119,0.8561151079136691
166,LATAM,WHY_LATAM,608,276,0.45394736842105265
167,EUROPE,DIEGO,252,232,0.9206349206349206
167,EUROPE,RENOVISOR,605,399,0.6595041322314049
167,EUROPE,WHY_EUROPE,143,129,0.9020979020979021
167,LATAM,WHY_LATAM,608,275,0.45230263157894735
168,EUROPE,DIEGO,243,220,0.9053497942386831
168,EUROPE,RENOVISOR,626,394,0.6293929712460063
168,EUROPE,WHY_EUROPE,131,124,0.9465648854961832
168,LATAM,WHY_LATAM,608,275,0.45230263157894735
169,EUROPE,DIEGO,251,235,0.9362549800796812
169,EUROPE,RENOVISOR,613,388,0.632952691680261
169,EUROPE,WHY_EUROPE,136,129,0.9485294117647058
169,LATAM,WHY_LATAM,608,259,0.42598684210526316
170,EUROPE,DIEGO,264,239,0.9053030303030303
170,EUROPE,RENOVISOR,603,384,0.6368159203980099
170,EUROPE,WHY_EUROPE,133,122,0.9172932330827067
170,LATAM,WHY_LATAM,608,258,0.4243421052631579
171,EUROPE,DIEGO,263,237,0.9011406844106464
171,EUROPE,RENOVISOR,608,382,0.6282894736842105
171,EUROPE,WHY_EUROPE,129,121,0.937984496124031
171,LATAM,WHY_LATAM,608,272,0.4473684210526316
172,EUROPE,DIEGO,259,238,0.918918918918919
172,EUROPE,RENOVISOR,604,380,0.6291390728476821
172,EUROPE,WHY_EUROPE,137,125,0.9124087591240876
172,LATAM,WHY_LATAM,608,270,0.4440789473684211
173,EUROPE,DIEGO,252,235,0.9325396825396826
173,EUROPE,RENOVISOR,612,389,0.6356209150326797
173,EUROPE,WHY_EUROPE,136,122,0.8970588235294118
173,LATAM,WHY_LATAM,608,277,0.4555921052631579
174,EUROPE,DIEGO,259,240,0.9266409266409267
174,EUROPE,RENOVISOR,605,383,0.6330578512396694
174,EUROPE,WHY_EUROPE,136,125,0.9191176470588235
174,LATAM,WHY_LATAM,608,259,0.42598684210526316
175,EUROPE,DIEGO,235,217,0.9234042553191489
175,EUROPE,RENOVISOR,624,390,0.625
175,EUROPE,WHY_EUROPE,141,132,0.9361702127659575
175,LATAM,WHY_LATAM,608,266,0.4375
176,EUROPE,DIEGO,263,239,0.908745247148289
176,EUROPE,RENOVISOR,593,368,0.6205733558178752
176,EUROPE,WHY_EUROPE,144,135,0.9375
176,LATAM,WHY_LATAM,608,276,0.45394736842105265
177,EUROPE,DIEGO,259,241,0.9305019305019305
177,EUROPE,RENOVISOR,617,397,0.6434359805510534
177,EUROPE,WHY_EUROPE,124,116,0.9354838709677419
177,LATAM,WHY_LATAM,608,282,0.46381578947368424
178,EUROPE,DIEGO,251,234,0.9322709163346613
178,EUROPE,RENOVISOR,617,388,0.6288492706645057
178,EUROPE,WHY_EUROPE,132,125,0.946969696969697
178,LATAM,WHY_LATAM,608,260,0.4276315789473684
179,EUROPE,DIEGO,245,224,0.9142857142857143
179,EUROPE,RENOVISOR,618,396,0.6407766990291263
179,EUROPE,WHY_EUROPE,137,125,0.9124087591240876
179,LATAM,WHY_LATAM,608,270,0.4440789473684211
180,EUROPE,DIEGO,251,240,0.9561752988047809
180,EUROPE,RENOVISOR,608,383,0.6299342105263158
180,EUROPE,WHY_EUROPE,141,124,0.8794326241134752
180,LATAM,WHY_LATAM,608,273,0.44901315789473684
181,EUROPE,DIEGO,255,238,0.9333333333333333
181,EUROPE,RENOVISOR,616,387,0.6282467532467533
181,EUROPE,WHY_EUROPE,129,119,0.9224806201550387
181,LATAM,WHY_LATAM,608,273,0.44901315789473684
182,EUROPE,DIEGO,263,241,0.9163498098859315
182,EUROPE,RENOVISOR,600,379,0.6316666666666667
182,EUROPE,WHY_EUROPE,137,120,0.8759124087591241
182,LATAM,WHY_LATAM,608,268,0.4407894736842105
183,EUROPE,DIEGO,250,227,0.908
183,EUROPE,RENOVISOR,609,397,0.6518883415435139
183,EUROPE,WHY_EUROPE,141,131,0.9290780141843972
183,LATAM,WHY_LATAM,608,269,0.44243421052631576
184,EUROPE,DIEGO,235,216,0.9191489361702128
184,EUROPE,RENOVISOR,616,397,0.6444805194805194
184,EUROPE,WHY_EUROPE,149,135,0.9060402684563759
184,LATAM,WHY_LATAM,608,262,0.4309210526315789
185,EUROPE,DIEGO,241,230,0.9543568464730291
185,EUROPE,RENOVISOR,608,378,0.6217105263157895
185,EUROPE,WHY_EUROPE,151,139,0.9205298013245033
185,LATAM,WHY_LATAM,608,267,0.43914473684210525
186,EUROPE,DIEGO,250,230,0.92
186,EUROPE,RENOVISOR,601,374,0.6222961730449251
186,EUROPE,WHY_EUROPE,149,138,0.9261744966442953
186,LATAM,WHY_LATAM,608,285,0.46875
187,EUROPE,DIEGO,237,218,0.919831223628692
187,EUROPE,RENOVISOR,620,385,0.6209677419354839
187,EUROPE,WHY_EUROPE,143,131,0.916083916083916
187,LATAM,WHY_LATAM,608,269,0.44243421052631576
188,EUROPE,DIEGO,264,240,0.9090909090909091
188,EUROPE,RENOVISOR,612,394,0.6437908496732027
188,EUROPE,WHY_EUROPE,124,113,0.9112903225806451
188,LATAM,WHY_LATAM,608,273,0.44901315789473684
189,EUROPE,DIEGO,250,234,0.936
189,EUROPE,RENOVISOR,611,394,0.6448445171849427
189,EUROPE,WHY_EUROPE,139,123,0.8848920863309353
189,LATAM,WHY_LATAM,608,269,0.44243421052631576
190,EUROPE,DIEGO,251,231,0.9203187250996016
190,EUROPE,RENOVISOR,623,391,0.6276083467094703
190,EUROPE,WHY_EUROPE,126,117,0.9285714285714286
190,LATAM,WHY_LATAM,608,262,0.4309210526315789
191,EUROPE,DIEGO,253,238,0.9407114624505929
191,EUROPE,RENOVISOR,598,372,0.6220735785953178
191,EUROPE,WHY_EUROPE,149,140,0.9395973154362416
191,LATAM,WHY_LATAM,608,264,0.4342105263157895
192,EUROPE,DIEGO,244,226,0.9262295081967213
192,EUROPE,RENOVISOR,620,384,0.6193548387096774
192,EUROPE,WHY_EUROPE,136,126,0.9264705882352942
192,LATAM,WHY_LATAM,608,280,0.4605263157894737
193,EUROPE,DIEGO,249,233,0.9357429718875502
193,EUROPE,RENOVISOR,619,388,0.6268174474959612
193,EUROPE,WHY_EUROPE,132,125,0.946969696969697
193,LATAM,WHY_LATAM,608,256,0.42105263157894735
194,EUROPE,DIEGO,268,241,0.8992537313432836
194,EUROPE,RENOVISOR,600,383,0.6383333333333333
194,EUROPE,WHY_EUROPE,132,125,0.946969696969697
194,LATAM,WHY_LATAM,608,269,0.44243421052631576
195,EUROPE,DIEGO,255,233,0.9137254901960784
195,EUROPE,RENOVISOR,595,384,0.6453781512605042
195,EUROPE,WHY_EUROPE,150,131,0.8733333333333333
195,LATAM,WHY_LATAM,608,270,0.4440789473684211
196,EUROPE,DIEGO,253,236,0.932806324110672
196,EUROPE,RENOVISOR,609,380,0.6239737274220033
196,EUROPE,WHY_EUROPE,138,125,0.9057971014492754
196,LATAM,WHY_LATAM,608,261,0.4292763157894737
197,EUROPE,DIEGO,247,228,0.9230769230769231
197,EUROPE,RENOVISOR,614,397,0.6465798045602605
197,EUROPE,WHY_EUROPE,139,129,0.9280575539568345
197,LATAM,WHY_LATAM,608,264,0.4342105263157895
198,EUROPE,DIEGO,254,239,0.9409448818897638
198,EUROPE,RENOVISOR,613,397,0.6476345840130505
198,EUROPE,WHY_EUROPE,133,122,0.9172932330827067
198,LATAM,WHY_LATAM,608,264,0.4342105263157895
199,EUROPE,DIEGO,234,214,0.9145299145299145
199,EUROPE,RENOVISOR,620,390,0.6290322580645161
199,EUROPE,WHY_EUROPE,146,135,0.9246575342465754
199,LATAM,WHY_LATAM,608,264,0.4342105263157895
200,EUROPE,DIEGO,231,215,0.9307359307359307
200,EUROPE,RENOVISOR,611,393,0.6432078559738135
200,EUROPE,WHY_EUROPE,158,148,0.9367088607594937
200,LATAM,WHY_LATAM,608,276,0.45394736842105265
201,EUROPE,DIEGO,256,240,0.9375
201,EUROPE,RENOVISOR,608,387,0.6365131578947368
201,EUROPE,WHY_EUROPE,136,126,0.9264705882352942
201,LATAM,WHY_LATAM,608,270,0.4440789473684211
202,EUROPE,DIEGO,260,239,0.9192307692307692
202,EUROPE,RENOVISOR,587,388,0.6609880749574105
202,EUROPE,WHY_EUROPE,153,140,0.9150326797385621
202,LATAM,WHY_LATAM,608,267,0.43914473684210525
203,EUROPE,DIEGO,269,247,0.9182156133828996
203,EUROPE,RENOVISOR,594,381,0.6414141414141414
203,EUROPE,WHY_EUROPE,137,126,0.9197080291970803
203,LATAM,WHY_LATAM,608,271,0.4457236842105263
204,EUROPE,DIEGO,257,239,0.9299610894941635
204,EUROPE,RENOVISOR,616,386,0.6266233766233766
204,EUROPE,WHY_EUROPE,127,118,0.9291338582677166
204,LATAM,WHY_LATAM,608,262,0.4309210526315789
205,EUROPE,DIEGO,263,235,0.8935361216730038
205,EUROPE,RENOVISOR,601,378,0.6289517470881864
205,EUROPE,WHY_EUROPE,136,127,0.9338235294117647
205,LATAM,WHY_LATAM,608,273,0.44901315789473684
206,EUROPE,DIEGO,266,250,0.9398496240601504
206,EUROPE,RENOVISOR,617,396,0.6418152350081038
206,EUROPE,WHY_EUROPE,117,111,0.9487179487179487
206,LATAM,WHY_LATAM,608,260,0.4276315789473684
207,EUROPE,DIEGO,237,219,0.9240506329113924
207,EUROPE,RENOVISOR,620,392,0.632258064516129
207,EUROPE,WHY_EUROPE,143,132,0.9230769230769231
207,LATAM,WHY_LATAM,608,265,0.43585526315789475
208,EUROPE,DIEGO,259,243,0.9382239382239382
208,EUROPE,RENOVISOR,606,388,0.6402640264026402
208,EUROPE,WHY_EUROPE,135,128,0.9481481481481482
208,LATAM,WHY_LATAM,608,261,0.4292763157894737
209,EUROPE,DIEGO,260,243,0.9346153846153846
209,EUROPE,RENOVISOR,611,391,0.6399345335515548
209,EUROPE,WHY_EUROPE,129,121,0.937984496124031
209,LATAM,WHY_LATAM,608,274,0.4506578947368421
210,EUROPE,DIEGO,274,252,0.9197080291970803
210,EUROPE,RENOVISOR,604,381,0.6307947019867549
210,EUROPE,WHY_EUROPE,122,116,0.9508196721311475
210,LATAM,WHY_LATAM,608,257,0.42269736842105265
211,EUROPE,DIEGO,240,226,0.9416666666666667
211,EUROPE,RENOVISOR,613,387,0.6313213703099511
211,EUROPE,WHY_EUROPE,147,138,0.9387755102040817
211,LATAM,WHY_LATAM,608,268,0.4407894736842105
212,EUROPE,DIEGO,245,227,0.926530612244898
212,EUROPE,RENOVISOR,599,392,0.654424040066778
212,EUROPE,WHY_EUROPE,156,141,0.9038461538461539
212,LATAM,WHY_LATAM,608,279,0.4588815789473684
213,EUROPE,DIEGO,244,225,0.9221311475409836
213,EUROPE,RENOVISOR,630,414,0.6571428571428571
213,EUROPE,WHY_EUROPE,126,117,0.9285714285714286
213,LATAM,WHY_LATAM,608,260,0.4276315789473684
214,EUROPE,DIEGO,252,236,0.9365079365079365
214,EUROPE,RENOVISOR,604,387,0.640728476821192
214,EUROPE,WHY_EUROPE,144,129,0.8958333333333334
214,LATAM,WHY_LATAM,608,259,0.42598684210526316
215,EUROPE,DIEGO,254,226,0.889763779527559
215,EUROPE,RENOVISOR,607,390,0.642504118616145
215,EUROPE,WHY_EUROPE,139,129,0.9280575539568345
215,LATAM,WHY_LATAM,608,278,0.45723684210526316
216,EUROPE,DIEGO,243,230,0.9465020576131687
216,EUROPE,RENOVISOR,636,407,0.639937106918239
216,EUROPE,WHY_EUROPE,121,110,0.9090909090909091
216,LATAM,WHY_LATAM,608,271,0.4457236842105263
217,EUROPE,DIEGO,252,238,0.9444444444444444
217,EUROPE,RENOVISOR,611,400,0.6546644844517185
217,EUROPE,WHY_EUROPE,137,125,0.9124087591240876
217,LATAM,WHY_LATAM,608,268,0.4407894736842105
218,EUROPE,DIEGO,242,227,0.9380165289256198
218,EUROPE,RENOVISOR,627,393,0.6267942583732058
218,EUROPE,WHY_EUROPE,131,125,0.9541984732824428
218,LATAM,WHY_LATAM,608,272,0.4473684210526316
219,EUROPE,DIEGO,254,241,0.9488188976377953
219,EUROPE,RENOVISOR,604,384,0.6357615894039735
219,EUROPE,WHY_EUROPE,142,129,0.9084507042253521
219,LATAM,WHY_LATAM,608,276,0.45394736842105265
220,EUROPE,DIEGO,254,233,0.9173228346456693
220,EUROPE,RENOVISOR,627,403,0.6427432216905901
220,EUROPE,WHY_EUROPE,119,105,0.8823529411764706
220,LATAM,WHY_LATAM,608,264,0.4342105263157895
221,EUROPE,DIEGO,268,247,0.9216417910447762
221,EUROPE,RENOVISOR,621,388,0.6247987117552335
221,EUROPE,WHY_EUROPE,111,104,0.9369369369369369
221,LATAM,WHY_LATAM,608,262,0.4309210526315789
222,EUROPE,DIEGO,255,228,0.8941176470588236
222,EUROPE,RENOVISOR,613,388,0.632952691680261
222,EUROPE,WHY_EUROPE,132,124,0.9393939393939394
222,LATAM,WHY_LATAM,608,265,0.43585526315789475
223,EUROPE,DIEGO,263,240,0.9125475285171103
223,EUROPE,RENOVISOR,593,375,0.6323777403035413
223,EUROPE,WHY_EUROPE,144,133,0.9236111111111112
223,LATAM,WHY_LATAM,608,269,0.44243421052631576
224,EUROPE,DIEGO,249,228,0.9156626506024096
224,EUROPE,RENOVISOR,609,402,0.6600985221674877
224,EUROPE,WHY_EUROPE,142,130,0.9154929577464789
224,LATAM,WHY_LATAM,608,260,0.4276315789473684
225,EUROPE,DIEGO,254,230,0.905511811023622
225,EUROPE,RENOVISOR,599,381,0.6360601001669449
225,EUROPE,WHY_EUROPE,147,131,0.891156462585034
225,LATAM,WHY_LATAM,608,272,0.4473684210526316
226,EUROPE,DIEGO,264,236,0.8939393939393939
226,EUROPE,RENOVISOR,616,386,0.6266233766233766
226,EUROPE,WHY_EUROPE,120,104,0.8666666666666667
226,LATAM,WHY_LATAM,608,273,0.44901315789473684
227,EUROPE,DIEGO,244,225,0.9221311475409836
227,EUROPE,RENOVISOR,612,392,0.6405228758169934
227,EUROPE,WHY_EUROPE,144,137,0.9513888888888888
227,LATAM,WHY_LATAM,608,265,0.43585526315789475
228,EUROPE,DIEGO,257,240,0.933852140077821
228,EUROPE,RENOVISOR,593,389,0.6559865092748736
228,EUROPE,WHY_EUROPE,150,134,0.8933333333333333
228,LATAM,WHY_LATAM,608,260,0.4276315789473684
229,EUROPE,DIEGO,250,238,0.952
229,EUROPE,RENOVISOR,624,393,0.6298076923076923
229,EUROPE,WHY_EUROPE,126,112,0.8888888888888888
229,LATAM,WHY_LATAM,608,267,0.43914473684210525
230,EUROPE,DIEGO,255,236,0.9254901960784314
230,EUROPE,RENOVISOR,615,405,0.6585365853658537
230,EUROPE,WHY_EUROPE,130,124,0.9538461538461539
230,LATAM,WHY_LATAM,608,269,0.44243421052631576
231,EUROPE,DIEGO,261,240,0.9195402298850575
231,EUROPE,RENOVISOR,625,396,0.6336
231,EUROPE,WHY_EUROPE,114,111,0.9736842105263158
231,LATAM,WHY_LATAM,608,263,0.43256578947368424
232,EUROPE,DIEGO,252,235,0.9325396825396826
232,EUROPE,RENOVISOR,618,386,0.6245954692556634
232,EUROPE,WHY_EUROPE,130,118,0.9076923076923077
232,LATAM,WHY_LATAM,608,273,0.44901315789473684
233,EUROPE,DIEGO,238,224,0.9411764705882353
233,EUROPE,RENOVISOR,617,391,0.6337115072933549
233,EUROPE,WHY_EUROPE,145,135,0.9310344827586207
233,LATAM,WHY_LATAM,608,262,0.4309210526315789
234,EUROPE,DIEGO,247,226,0.9149797570850202
234,EUROPE,RENOVISOR,611,401,0.6563011456628478
234,EUROPE,WHY_EUROPE,142,130,0.9154929577464789
234,LATAM,WHY_LATAM,608,263,0.43256578947368424
235,EUROPE,DIEGO,233,218,0.9356223175965666
235,EUROPE,RENOVISOR,611,383,0.6268412438625205
235,EUROPE,WHY_EUROPE,156,140,0.8974358974358975
235,LATAM,WHY_LATAM,608,261,0.4292763157894737
236,EUROPE,DIEGO,262,244,0.9312977099236641
236,EUROPE,RENOVISOR,611,393,0.6432078559738135
236,EUROPE,WHY_EUROPE,127,117,0.9212598425196851
236,LATAM,WHY_LATAM,608,265,0.43585526315789475
237,EUROPE,DIEGO,246,225,0.9146341463414634
237,EUROPE,RENOVISOR,621,398,0.6409017713365539
237,EUROPE,WHY_EUROPE,133,124,0.9323308270676691
237,LATAM,WHY_LATAM,608,269,0.44243421052631576
238,EUROPE,DIEGO,259,244,0.9420849420849421
238,EUROPE,RENOVISOR,598,388,0.6488294314381271
238,EUROPE,WHY_EUROPE,143,133,0.9300699300699301
238,LATAM,WHY_LATAM,608,266,0.4375
239,EUROPE,DIEGO,249,222,0.891566265060241
239,EUROPE,RENOVISOR,612,385,0.6290849673202614
239,EUROPE,WHY_EUROPE,139,130,0.935251798561151
239,LATAM,WHY_LATAM,608,270,0.4440789473684211
240,EUROPE,DIEGO,243,223,0.9176954732510288
240,EUROPE,RENOVISOR,609,388,0.6371100164203612
240,EUROPE,WHY_EUROPE,148,135,0.9121621621621622
240,LATAM,WHY_LATAM,608,278,0.45723684210526316
241,EUROPE,DIEGO,251,235,0.9362549800796812
241,EUROPE,RENOVISOR,597,375,0.628140703517588
241,EUROPE,WHY_EUROPE,152,140,0.9210526315789473
241,LATAM,WHY_LATAM,608,265,0.43585526315789475
242,EUROPE,DIEGO,234,219,0.9358974358974359
242,EUROPE,RENOVISOR,610,396,0.6491803278688525
242,EUROPE,WHY_EUROPE,156,143,0.9166666666666666
242,LATAM,WHY_LATAM,608,258,0.4243421052631579
243,EUROPE,DIEGO,252,230,0.9126984126984127
243,EUROPE,RENOVISOR,622,395,0.635048231511254
243,EUROPE,WHY_EUROPE,126,118,0.9365079365079365
243,LATAM,WHY_LATAM,608,265,0.43585526315789475
244,EUROPE,DIEGO,237,223,0.9409282700421941
244,EUROPE,RENOVISOR,627,390,0.6220095693779905
244,EUROPE,WHY_EUROPE,136,121,0.8897058823529411
244,LATAM,WHY_LATAM,608,262,0.4309210526315789
245,EUROPE,DIEGO,243,228,0.9382716049382716
245,EUROPE,RENOVISOR,619,397,0.6413570274636511
245,EUROPE,WHY_EUROPE,138,123,0.8913043478260869
245,LATAM,WHY_LATAM,608,270,0.4440789473684211
246,EUROPE,DIEGO,245,231,0.9428571428571428
246,EUROPE,RENOVISOR,612,405,0.6617647058823529
246,EUROPE,WHY_EUROPE,143,136,0.951048951048951
246,LATAM,WHY_LATAM,608,270,0.4440789473684211
247,EUROPE,DIEGO,228,219,0.9605263157894737
247,EUROPE,RENOVISOR,632,404,0.6392405063291139
247,EUROPE,WHY_EUROPE,140,133,0.95
247,LATAM,WHY_LATAM,608,253,0.4161184210526316
248,EUROPE,DIEGO,227,211,0.9295154185022027
248,EUROPE,RENOVISOR,602,377,0.6262458471760798
248,EUROPE,WHY_EUROPE,171,151,0.8830409356725146
248,LATAM,WHY_LATAM,608,268,0.4407894736842105
249,EUROPE,DIEGO,254,231,0.9094488188976378
249,EUROPE,RENOVISOR,601,374,0.6222961730449251
249,EUROPE,WHY_EUROPE,145,132,0.9103448275862069
249,LATAM,WHY_LATAM,608,261,0.4292763157894737
250,EUROPE,DIEGO,257,244,0.9494163424124513
250,EUROPE,RENOVISOR,598,379,0.6337792642140468
250,EUROPE,WHY_EUROPE,145,133,0.9172413793103448
250,LATAM,WHY_LATAM,608,262,0.4309210526315789
251,EUROPE,DIEGO,252,232,0.9206349206349206
251,EUROPE,RENOVISOR,597,392,0.6566164154103853
251,EUROPE,WHY_EUROPE,151,135,0.8940397350993378
251,LATAM,WHY_LATAM,608,264,0.4342105263157895
252,EUROPE,DIEGO,258,241,0.9341085271317829
252,EUROPE,RENOVISOR,598,370,0.6187290969899666
252,EUROPE,WHY_EUROPE,144,132,0.9166666666666666
252,LATAM,WHY_LATAM,608,273,0.44901315789473684
253,EUROPE,DIEGO,249,226,0.9076305220883534
253,EUROPE,RENOVISOR,616,395,0.6412337662337663
253,EUROPE,WHY_EUROPE,135,124,0.9185185185185185
253,LATAM,WHY_LATAM,608,265,0.43585526315789475
254,EUROPE,DIEGO,255,234,0.9176470588235294
254,EUROPE,RENOVISOR,612,396,0.6470588235294118
254,EUROPE,WHY_EUROPE,133,124,0.9323308270676691
254,LATAM,WHY_LATAM,608,265,0.43585526315789475
255,EUROPE,DIEGO,243,227,0.934156378600823
255,EUROPE,RENOVISOR,616,382,0.6201298701298701
255,EUROPE,WHY_EUROPE,141,130,0.9219858156028369
255,LATAM,WHY_LATAM,608,259,0.42598684210526316
256,EUROPE,DIEGO,249,226,0.9076305220883534
256,EUROPE,RENOVISOR,615,390,0.6341463414634146
256,EUROPE,WHY_EUROPE,136,123,0.9044117647058824
256,LATAM,WHY_LATAM,608,271,0.4457236842105263
257,EUROPE,DIEGO,244,231,0.9467213114754098
257,EUROPE,RENOVISOR,605,393,0.6495867768595042
257,EUROPE,WHY_EUROPE,151,138,0.9139072847682119
257,LATAM,WHY_LATAM,608,279,0.4588815789473684
258,EUROPE,DIEGO,236,216,0.9152542372881356
258,EUROPE,RENOVISOR,613,399,0.6508972267536705
258,EUROPE,WHY_EUROPE,151,138,0.9139072847682119
258,LATAM,WHY_LATAM,608,266,0.4375
259,EUROPE,DIEGO,252,230,0.9126984126984127
259,EUROPE,RENOVISOR,607,393,0.6474464579901154
259,EUROPE,WHY_EUROPE,141,133,0.9432624113475178
259,LATAM,WHY_LATAM,608,267,0.43914473684210525
260,EUROPE,DIEGO,253,232,0.9169960474308301
260,EUROPE,RENOVISOR,628,392,0.6242038216560509
260,EUROPE,WHY_EUROPE,119,109,0.9159663865546218
260,LATAM,WHY_LATAM,608,259,0.42598684210526316
261,EUROPE,DIEGO,243,226,0.9300411522633745
261,EUROPE,RENOVISOR,631,388,0.6148969889064976
261,EUROPE,WHY_EUROPE,126,113,0.8968253968253969
261,LATAM,WHY_LATAM,608,266,0.4375
262,EUROPE,DIEGO,258,243,0.9418604651162791
262,EUROPE,RENOVISOR,604,380,0.6291390728476821
262,EUROPE,WHY_EUROPE,138,128,0.927536231884058
262,LATAM,WHY_LATAM,608,267,0.43914473684210525
263,EUROPE,DIEGO,279,249,0.8924731182795699
263,EUROPE,RENOVISOR,613,403,0.6574225122349103
263,EUROPE,WHY_EUROPE,108,101,0.9351851851851852
263,LATAM,WHY_LATAM,608,279,0.4588815789473684
264,EUROPE,DIEGO,243,222,0.9135802469135802
264,EUROPE,RENOVISOR,622,381,0.612540192926045
264,EUROPE,WHY_EUROPE,135,123,0.9111111111111111
264,LATAM,WHY_LATAM,608,260,0.4276315789473684
265,EUROPE,DIEGO,275,258,0.9381818181818182
265,EUROPE,RENOVISOR,610,395,0.6475409836065574
265,EUROPE,WHY_EUROPE,115,103,0.8956521739130435
265,LATAM,WHY_LATAM,608,260,0.4276315789473684
266,EUROPE,DIEGO,237,218,0.919831223628692
266,EUROPE,RENOVISOR,616,378,0.6136363636363636
266,EUROPE,WHY_EUROPE,147,134,0.9115646258503401
266,LATAM,WHY_LATAM,608,272,0.4473684210526316
267,EUROPE,DIEGO,236,229,0.9703389830508474
267,EUROPE,RENOVISOR,614,394,0.6416938110749185
267,EUROPE,WHY_EUROPE,150,141,0.94
267,LATAM,WHY_LATAM,608,253,0.4161184210526316
268,EUROPE,DIEGO,262,239,0.9122137404580153
268,EUROPE,RENOVISOR,606,391,0.6452145214521452
268,EUROPE,WHY_EUROPE,132,124,0.9393939393939394
268,LATAM,WHY_LATAM,608,256,0.42105263157894735
269,EUROPE,DIEGO,245,223,0.9102040816326531
269,EUROPE,RENOVISOR,618,382,0.6181229773462783
269,EUROPE,WHY_EUROPE,137,133,0.9708029197080292
269,LATAM,WHY_LATAM,608,270,0.4440789473684211
270,EUROPE,DIEGO,254,236,0.9291338582677166
270,EUROPE,RENOVISOR,610,385,0.6311475409836066
270,EUROPE,WHY_EUROPE,136,125,0.9191176470588235
270,LATAM,WHY_LATAM,608,271,0.4457236842105263
271,EUROPE,DIEGO,263,246,0.935361216730038
271,EUROPE,RENOVISOR,611,392,0.6415711947626841
271,EUROPE,WHY_EUROPE,126,111,0.8809523809523809
271,LATAM,WHY_LATAM,608,273,0.44901315789473684
272,EUROPE,DIEGO,271,245,0.9040590405904059
272,EUROPE,RENOVISOR,599,374,0.6243739565943238
272,EUROPE,WHY_EUROPE,130,121,0.9307692307692308
272,LATAM,WHY_LATAM,608,288,0.47368421052631576
273,EUROPE,DIEGO,259,234,0.9034749034749034
273,EUROPE,RENOVISOR,610,385,0.6311475409836066
273,EUROPE,WHY_EUROPE,131,121,0.9236641221374046
273,LATAM,WHY_LATAM,608,258,0.4243421052631579
274,EUROPE,DIEGO,244,227,0.930327868852459
274,EUROPE,RENOVISOR,606,397,0.6551155115511551
274,EUROPE,WHY_EUROPE,150,143,0.9533333333333334
274,LATAM,WHY_LATAM,608,263,0.43256578947368424
275,EUROPE,DIEGO,253,231,0.9130434782608695
275,EUROPE,RENOVISOR,617,400,0.6482982171799028
275,EUROPE,WHY_EUROPE,130,123,0.9461538461538461
275,LATAM,WHY_LATAM,608,266,0.4375
276,EUROPE,DIEGO,248,229,0.9233870967741935
276,EUROPE,RENOVISOR,616,397,0.6444805194805194
276,EUROPE,WHY_EUROPE,136,124,0.9117647058823529
276,LATAM,WHY_LATAM,608,261,0.4292763157894737
277,EUROPE,DIEGO,260,237,0.9115384615384615
277,EUROPE,RENOVISOR,605,385,0.6363636363636364
277,EUROPE,WHY_EUROPE,135,126,0.9333333333333333
277,LATAM,WHY_LATAM,608,261,0.4292763157894737
278,EUROPE,DIEGO,251,230,0.9163346613545816
278,EUROPE,RENOVISOR,612,395,0.6454248366013072
278,EUROPE,WHY_EUROPE,137,127,0.927007299270073
278,LATAM,WHY_LATAM,608,275,0.45230263157894735
279,EUROPE,DIEGO,245,226,0.9224489795918367
279,EUROPE,RENOVISOR,616,402,0.6525974025974026
279,EUROPE,WHY_EUROPE,139,131,0.9424460431654677
279,LATAM,WHY_LATAM,608,254,0.41776315789473684
280,EUROPE,DIEGO,237,221,0.9324894514767933
280,EUROPE,RENOVISOR,624,392,0.6282051282051282
280,EUROPE,WHY_EUROPE,139,124,0.8920863309352518
280,LATAM,WHY_LATAM,608,271,0.4457236842105263
281,EUROPE,DIEGO,249,232,0.9317269076305221
281,EUROPE,RENOVISOR,629,396,0.629570747217806
281,EUROPE,WHY_EUROPE,122,116,0.9508196721311475
281,LATAM,WHY_LATAM,608,252,0.4144736842105263
282,EUROPE,DIEGO,265,233,0.879245283018868
282,EUROPE,RENOVISOR,604,368,0.609271523178808
282,EUROPE,WHY_EUROPE,131,123,0.9389312977099237
282,LATAM,WHY_LATAM,608,277,0.4555921052631579
283,EUROPE,DIEGO,248,224,0.9032258064516129
283,EUROPE,RENOVISOR,599,396,0.66110183639399
283,EUROPE,WHY_EUROPE,153,144,0.9411764705882353
283,LATAM,WHY_LATAM,608,272,0.4473684210526316
284,EUROPE,DIEGO,241,225,0.9336099585062241
284,EUROPE,RENOVISOR,618,411,0.6650485436893204
284,EUROPE,WHY_EUROPE,141,129,0.9148936170212766
284,LATAM,WHY_LATAM,608,266,0.4375
285,EUROPE,DIEGO,240,217,0.9041666666666667
285,EUROPE,RENOVISOR,616,387,0.6282467532467533
285,EUROPE,WHY_EUROPE,144,134,0.9305555555555556
285,LATAM,WHY_LATAM,608,276,0.45394736842105265
286,EUROPE,DIEGO,265,244,0.9207547169811321
286,EUROPE,RENOVISOR,605,389,0.6429752066115703
286,EUROPE,WHY_EUROPE,130,121,0.9307692307692308
286,LATAM,WHY_LATAM,608,267,0.43914473684210525
287,EUROPE,DIEGO,254,233,0.9173228346456693
287,EUROPE,RENOVISOR,612,389,0.6356209150326797
287,EUROPE,WHY_EUROPE,134,122,0.9104477611940298
287,LATAM,WHY_LATAM,608,271,0.4457236842105263
288,EUROPE,DIEGO,265,245,0.9245283018867925
288,EUROPE,RENOVISOR,613,386,0.6296900489396411
288,EUROPE,WHY_EUROPE,122,112,0.9180327868852459
288,LATAM,WHY_LATAM,608,257,0.42269736842105265
289,EUROPE,DIEGO,265,244,0.9207547169811321
289,EUROPE,RENOVISOR,610,402,0.659016393442623
289,EUROPE,WHY_EUROPE,125,118,0.944
289,LATAM,WHY_LATAM,608,263,0.43256578947368424
290,EUROPE,DIEGO,253,241,0.9525691699604744
290,EUROPE,RENOVISOR,610,399,0.6540983606557377
290,EUROPE,WHY_EUROPE,137,125,0.9124087591240876
290,LATAM,WHY_LATAM,608,254,0.41776315789473684
291,EUROPE,DIEGO,239,223,0.9330543933054394
291,EUROPE,RENOVISOR,616,401,0.650974025974026
291,EUROPE,WHY_EUROPE,145,136,0.9379310344827586
291,LATAM,WHY_LATAM,608,255,0.4194078947368421
292,EUROPE,DIEGO,249,240,0.963855421686747
292,EUROPE,RENOVISOR,621,406,0.6537842190016103
292,EUROPE,WHY_EUROPE,130,122,0.9384615384615385
292,LATAM,WHY_LATAM,608,256,0.42105263157894735
293,EUROPE,DIEGO,280,257,0.9178571428571428
293,EUROPE,RENOVISOR,591,373,0.6311336717428088
293,EUROPE,WHY_EUROPE,129,120,0.9302325581395349
293,LATAM,WHY_LATAM,608,263,0.43256578947368424
294,EUROPE,DIEGO,241,226,0.9377593360995851
294,EUROPE,RENOVISOR,629,404,0.6422893481717011
294,EUROPE,WHY_EUROPE,130,112,0.8615384615384616
294,LATAM,WHY_LATAM,608,263,0.43256578947368424
295,EUROPE,DIEGO,259,244,0.9420849420849421
295,EUROPE,RENOVISOR,619,395,0.6381260096930533
295,EUROPE,WHY_EUROPE,122,108,0.8852459016393442
295,LATAM,WHY_LATAM,608,262,0.4309210526315789
296,EUROPE,DIEGO,252,233,0.9246031746031746
296,EUROPE,RENOVISOR,613,395,0.6443719412724307
296,EUROPE,WHY_EUROPE,135,118,0.8740740740740741
296,LATAM,WHY_LATAM,608,259,0.42598684210526316
297,EUROPE,DIEGO,259,234,0.9034749034749034
297,EUROPE,RENOVISOR,604,364,0.6026490066225165
297,EUROPE,WHY_EUROPE,137,128,0.9343065693430657
297,LATAM,WHY_LATAM,608,275,0.45230263157894735
298,EUROPE,DIEGO,242,226,0.9338842975206612
298,EUROPE,RENOVISOR,613,394,0.6427406199021207
298,EUROPE,WHY_EUROPE,145,129,0.8896551724137931
298,LATAM,WHY_LATAM,608,259,0.42598684210526316
299,EUROPE,DIEGO,251,242,0.9641434262948207
299,EUROPE,RENOVISOR,612,392,0.6405228758169934
299,EUROPE,WHY_EUROPE,137,126,0.9197080291970803
299,LATAM,WHY_LATAM,608,271,0.4457236842105263
300,EUROPE,DIEGO,255,235,0.9215686274509803
300,EUROPE,RENOVISOR,604,374,0.6192052980132451
300,EUROPE,WHY_EUROPE,141,127,0.900709219858156
300,LATAM,WHY_LATAM,608,275,0.45230263157894735
301,EUROPE,DIEGO,247,234,0.9473684210526315
301,EUROPE,RENOVISOR,631,400,0.6339144215530903
301,EUROPE,WHY_EUROPE,122,119,0.9754098360655737
301,LATAM,WHY_LATAM,608,268,0.4407894736842105
302,EUROPE,DIEGO,258,240,0.9302325581395349
302,EUROPE,RENOVISOR,611,388,0.6350245499181669
302,EUROPE,WHY_EUROPE,131,123,0.9389312977099237
302,LATAM,WHY_LATAM,608,270,0.4440789473684211
303,EUROPE,DIEGO,258,243,0.9418604651162791
303,EUROPE,RENOVISOR,594,381,0.6414141414141414
303,EUROPE,WHY_EUROPE,148,137,0.9256756756756757
303,LATAM,WHY_LATAM,608,261,0.4292763157894737
304,EUROPE,DIEGO,227,214,0.9427312775330396
304,EUROPE,RENOVISOR,640,420,0.65625
304,EUROPE,WHY_EUROPE,133,122,0.9172932330827067
304,LATAM,WHY_LATAM,608,273,0.44901315789473684
305,EUROPE,DIEGO,237,217,0.9156118143459916
305,EUROPE,RENOVISOR,612,394,0.6437908496732027
305,EUROPE,WHY_EUROPE,151,134,0.8874172185430463
305,LATAM,WHY_LATAM,608,261,0.4292763157894737
306,EUROPE,DIEGO,245,231,0.9428571428571428
306,EUROPE,RENOVISOR,613,393,0.6411092985318108
306,EUROPE,WHY_EUROPE,142,132,0.9295774647887324
306,LATAM,WHY_LATAM,608,259,0.42598684210526316
307,EUROPE,DIEGO,246,221,0.8983739837398373
307,EUROPE,RENOVISOR,616,397,0.6444805194805194
307,EUROPE,WHY_EUROPE,138,127,0.9202898550724637
307,LATAM,WHY_LATAM,608,270,0.4440789473684211
308,EUROPE,DIEGO,232,215,0.9267241379310345
308,EUROPE,RENOVISOR,626,399,0.6373801916932907
308,EUROPE,WHY_EUROPE,142,134,0.9436619718309859
308,LATAM,WHY_LATAM,608,256,0.42105263157894735
309,EUROPE,DIEGO,239,222,0.9288702928870293
309,EUROPE,RENOVISOR,622,395,0.635048231511254
309,EUROPE,WHY_EUROPE,139,131,0.9424460431654677
309,LATAM,WHY_LATAM,608,276,0.45394736842105265
310,EUROPE,DIEGO,262,243,0.9274809160305344
310,EUROPE,RENOVISOR,606,388,0.6402640264026402
310,EUROPE,WHY_EUROPE,132,119,0.9015151515151515
310,LATAM,WHY_LATAM,608,274,0.4506578947368421
311,EUROPE,DIEGO,250,234,0.936
311,EUROPE,RENOVISOR,597,391,0.6549413735343383
311,EUROPE,WHY_EUROPE,153,141,0.9215686274509803
311,LATAM,WHY_LATAM,608,281,0.4621710526315789
312,EUROPE,DIEGO,248,235,0.9475806451612904
312,EUROPE,RENOVISOR,611,396,0.6481178396072013
312,EUROPE,WHY_EUROPE,141,133,0.9432624113475178
312,LATAM,WHY_LATAM,608,270,0.4440789473684211
313,EUROPE,DIEGO,252,232,0.9206349206349206
313,EUROPE,RENOVISOR,606,384,0.6336633663366337
313,EUROPE,WHY_EUROPE,142,128,0.9014084507042254
313,LATAM,WHY_LATAM,608,277,0.4555921052631579
314,EUROPE,DIEGO,246,217,0.8821138211382114
314,EUROPE,RENOVISOR,608,386,0.6348684210526315
314,EUROPE,WHY_EUROPE,146,130,0.8904109589041096
314,LATAM,WHY_LATAM,608,274,0.4506578947368421
315,EUROPE,DIEGO,237,213,0.8987341772151899
315,EUROPE,RENOVISOR,608,382,0.6282894736842105
315,EUROPE,WHY_EUROPE,155,141,0.9096774193548387
315,LATAM,WHY_LATAM,608,255,0.4194078947368421
316,EUROPE,DIEGO,248,232,0.9354838709677419
316,EUROPE,RENOVISOR,629,403,0.6406995230524642
316,EUROPE,WHY_EUROPE,123,111,0.9024390243902439
316,LATAM,WHY_LATAM,608,274,0.4506578947368421
317,EUROPE,DIEGO,243,229,0.9423868312757202
317,EUROPE,RENOVISOR,625,398,0.6368
317,EUROPE,WHY_EUROPE,132,115,0.8712121212121212
317,LATAM,WHY_LATAM,608,279,0.4588815789473684
318,EUROPE,DIEGO,261,246,0.9425287356321839
318,EUROPE,RENOVISOR,602,390,0.6478405315614618
318,EUROPE,WHY_EUROPE,137,127,0.927007299270073
318,LATAM,WHY_LATAM,608,266,0.4375
319,EUROPE,DIEGO,230,211,0.9173913043478261
319,EUROPE,RENOVISOR,613,387,0.6313213703099511
319,EUROPE,WHY_EUROPE,157,150,0.9554140127388535
319,LATAM,WHY_LATAM,608,269,0.44243421052631576
320,EUROPE,DIEGO,246,226,0.9186991869918699
320,EUROPE,RENOVISOR,623,399,0.6404494382022472
320,EUROPE,WHY_EUROPE,131,122,0.9312977099236641
320,LATAM,WHY_LATAM,608,271,0.4457236842105263
321,EUROPE,DIEGO,269,248,0.9219330855018587
321,EUROPE,RENOVISOR,615,392,0.6373983739837399
321,EUROPE,WHY_EUROPE,116,109,0.9396551724137931
321,LATAM,WHY_LATAM,608,272,0.4473684210526316
322,EUROPE,DIEGO,257,234,0.9105058365758755
322,EUROPE,RENOVISOR,585,373,0.6376068376068376
322,EUROPE,WHY_EUROPE,158,147,0.930379746835443
322,LATAM,WHY_LATAM,608,278,0.45723684210526316
323,EUROPE,DIEGO,228,211,0.9254385964912281
323,EUROPE,RENOVISOR,608,397,0.6529605263157895
323,EUROPE,WHY_EUROPE,164,153,0.9329268292682927
323,LATAM,WHY_LATAM,608,270,0.4440789473684211
324,EUROPE,DIEGO,235,216,0.9191489361702128
324,EUROPE,RENOVISOR,628,411,0.6544585987261147
324,EUROPE,WHY_EUROPE,137,127,0.927007299270073
324,LATAM,WHY_LATAM,608,273,0.44901315789473684
325,EUROPE,DIEGO,259,237,0.915057915057915
325,EUROPE,RENOVISOR,614,406,0.6612377850162866
325,EUROPE,WHY_EUROPE,127,116,0.9133858267716536
325,LATAM,WHY_LATAM,608,267,0.43914473684210525
326,EUROPE,DIEGO,260,242,0.9307692307692308
326,EUROPE,RENOVISOR,599,374,0.6243739565943238
326,EUROPE,WHY_EUROPE,141,129,0.9148936170212766
326,LATAM,WHY_LATAM,608,266,0.4375
327,EUROPE,DIEGO,244,231,0.9467213114754098
327,EUROPE,RENOVISOR,615,397,0.6455284552845528
327,EUROPE,WHY_EUROPE,141,127,0.900709219858156
327,LATAM,WHY_LATAM,608,262,0.4309210526315789
328,EUROPE,DIEGO,254,232,0.9133858267716536
328,EUROPE,RENOVISOR,610,387,0.6344262295081967
328,EUROPE,WHY_EUROPE,136,129,0.9485294117647058
328,LATAM,WHY_LATAM,608,274,0.4506578947368421
329,EUROPE,DIEGO,251,231,0.9203187250996016
329,EUROPE,RENOVISOR,617,388,0.6288492706645057
329,EUROPE,WHY_EUROPE,132,123,0.9318181818181818
329,LATAM,WHY_LATAM,608,260,0.4276315789473684
330,EUROPE,DIEGO,264,242,0.9166666666666666
330,EUROPE,RENOVISOR,603,390,0.6467661691542289
330,EUROPE,WHY_EUROPE,133,127,0.9548872180451128
330,LATAM,WHY_LATAM,608,278,0.45723684210526316
331,EUROPE,DIEGO,244,232,0.9508196721311475
331,EUROPE,RENOVISOR,616,401,0.650974025974026
331,EUROPE,WHY_EUROPE,140,125,0.8928571428571429
331,LATAM,WHY_LATAM,608,270,0.4440789473684211
332,EUROPE,DIEGO,279,251,0.899641577060932
332,EUROPE,RENOVISOR,589,373,0.633276740237691
332,EUROPE,WHY_EUROPE,132,121,0.9166666666666666
332,LATAM,WHY_LATAM,608,268,0.4407894736842105
333,EUROPE,DIEGO,242,225,0.9297520661157025
333,EUROPE,RENOVISOR,623,403,0.6468699839486356
333,EUROPE,WHY_EUROPE,135,123,0.9111111111111111
333,LATAM,WHY_LATAM,608,270,0.4440789473684211
334,EUROPE,DIEGO,252,239,0.9484126984126984
334,EUROPE,RENOVISOR,600,375,0.625
334,EUROPE,WHY_EUROPE,148,128,0.8648648648648649
334,LATAM,WHY_LATAM,608,264,0.4342105263157895
335,EUROPE,DIEGO,238,228,0.957983193277311
335,EUROPE,RENOVISOR,617,381,0.6175040518638574
335,EUROPE,WHY_EUROPE,145,133,0.9172413793103448
335,LATAM,WHY_LATAM,608,264,0.4342105263157895
336,EUROPE,DIEGO,247,228,0.9230769230769231
336,EUROPE,RENOVISOR,624,394,0.6314102564102564
336,EUROPE,WHY_EUROPE,129,113,0.875968992248062
336,LATAM,WHY_LATAM,608,258,0.4243421052631579
337,EUROPE,DIEGO,267,245,0.9176029962546817
337,EUROPE,RENOVISOR,597,386,0.6465661641541038
337,EUROPE,WHY_EUROPE,136,125,0.9191176470588235
337,LATAM,WHY_LATAM,608,263,0.43256578947368424
338,EUROPE,DIEGO,257,239,0.9299610894941635
338,EUROPE,RENOVISOR,596,384,0.6442953020134228
338,EUROPE,WHY_EUROPE,147,138,0.9387755102040817
338,LATAM,WHY_LATAM,608,266,0.4375
339,EUROPE,DIEGO,252,237,0.9404761904761905
339,EUROPE,RENOVISOR,605,380,0.628099173553719
339,EUROPE,WHY_EUROPE,143,129,0.9020979020979021
339,LATAM,WHY_LATAM,608,271,0.4457236842105263
340,EUROPE,DIEGO,253,238,0.9407114624505929
340,EUROPE,RENOVISOR,614,384,0.6254071661237784
340,EUROPE,WHY_EUROPE,133,121,0.9097744360902256
340,LATAM,WHY_LATAM,608,273,0.44901315789473684
341,EUROPE,DIEGO,256,239,0.93359375
341,EUROPE,RENOVISOR,607,386,0.6359143327841845
341,EUROPE,WHY_EUROPE,137,122,0.8905109489051095
341,LATAM,WHY_LATAM,608,258,0.4243421052631579
342,EUROPE,DIEGO,248,227,0.9153225806451613
342,EUROPE,RENOVISOR,613,390,0.636215334420881
342,EUROPE,WHY_EUROPE,139,130,0.935251798561151
342,LATAM,WHY_LATAM,608,259,0.42598684210526316
343,EUROPE,DIEGO,245,218,0.889795918367347
343,EUROPE,RENOVISOR,626,407,0.6501597444089456
343,EUROPE,WHY_EUROPE,129,120,0.9302325581395349
343,LATAM,WHY_LATAM,608,271,0.4457236842105263
344,EUROPE,DIEGO,242,225,0.9297520661157025
344,EUROPE,RENOVISOR,606,379,0.6254125412541254
344,EUROPE,WHY_EUROPE,152,130,0.8552631578947368
344,LATAM,WHY_LATAM,608,267,0.43914473684210525
345,EUROPE,DIEGO,241,225,0.9336099585062241
345,EUROPE,RENOVISOR,613,403,0.6574225122349103
345,EUROPE,WHY_EUROPE,146,129,0.8835616438356164
345,LATAM,WHY_LATAM,608,277,0.4555921052631579
346,EUROPE,DIEGO,248,226,0.9112903225806451
346,EUROPE,RENOVISOR,604,383,0.6341059602649006
346,EUROPE,WHY_EUROPE,148,135,0.9121621621621622
346,LATAM,WHY_LATAM,608,272,0.4473684210526316
347,EUROPE,DIEGO,236,218,0.923728813559322
347,EUROPE,RENOVISOR,608,394,0.6480263157894737
347,EUROPE,WHY_EUROPE,156,137,0.8782051282051282
347,LATAM,WHY_LATAM,608,256,0.42105263157894735
348,EUROPE,DIEGO,247,228,0.9230769230769231
348,EUROPE,RENOVISOR,619,384,0.6203554119547657
348,EUROPE,WHY_EUROPE,134,118,0.8805970149253731
348,LATAM,WHY_LATAM,608,267,0.43914473684210525
349,EUROPE,DIEGO,255,238,0.9333333333333333
349,EUROPE,RENOVISOR,621,397,0.6392914653784219
349,EUROPE,WHY_EUROPE,124,116,0.9354838709677419
349,LATAM,WHY_LATAM,608,250,0.41118421052631576
350,EUROPE,DIEGO,265,242,0.9132075471698113
350,EUROPE,RENOVISOR,612,384,0.6274509803921569
350,EUROPE,WHY_EUROPE,123,118,0.959349593495935
350,LATAM,WHY_LATAM,608,273,0.44901315789473684
351,EUROPE,DIEGO,252,229,0.9087301587301587
351,EUROPE,RENOVISOR,607,383,0.6309719934102141
351,EUROPE,WHY_EUROPE,141,130,0.9219858156028369
351,LATAM,WHY_LATAM,608,285,0.46875
352,EUROPE,DIEGO,237,223,0.9409282700421941
352,EUROPE,RENOVISOR,617,398,0.6450567260940032
352,EUROPE,WHY_EUROPE,146,133,0.910958904109589
352,LATAM,WHY_LATAM,608,257,0.42269736842105265
353,EUROPE,DIEGO,254,232,0.9133858267716536
353,EUROPE,RENOVISOR,610,398,0.6524590163934426
353,EUROPE,WHY_EUROPE,136,124,0.9117647058823529
353,LATAM,WHY_LATAM,608,257,0.42269736842105265
354,EUROPE,DIEGO,258,234,0.9069767441860465
354,EUROPE,RENOVISOR,620,397,0.6403225806451613
354,EUROPE,WHY_EUROPE,122,117,0.9590163934426229
354,LATAM,WHY_LATAM,608,276,0.45394736842105265
355,EUROPE,DIEGO,254,227,0.8937007874015748
355,EUROPE,RENOVISOR,618,399,0.6456310679611651
355,EUROPE,WHY_EUROPE,128,120,0.9375
355,LATAM,WHY_LATAM,608,268,0.4407894736842105
356,EUROPE,DIEGO,248,227,0.9153225806451613
356,EUROPE,RENOVISOR,611,383,0.6268412438625205
356,EUROPE,WHY_EUROPE,141,128,0.9078014184397163
356,LATAM,WHY_LATAM,608,272,0.4473684210526316
357,EUROPE,DIEGO,234,217,0.9273504273504274
357,EUROPE,RENOVISOR,618,385,0.6229773462783171
357,EUROPE,WHY_EUROPE,148,139,0.9391891891891891
357,LATAM,WHY_LATAM,608,267,0.43914473684210525
358,EUROPE,DIEGO,265,252,0.9509433962264151
358,EUROPE,RENOVISOR,608,391,0.6430921052631579
358,EUROPE,WHY_EUROPE,127,115,0.905511811023622
358,LATAM,WHY_LATAM,608,266,0.4375
359,EUROPE,DIEGO,251,235,0.9362549800796812
359,EUROPE,RENOVISOR,612,391,0.6388888888888888
359,EUROPE,WHY_EUROPE,137,127,0.927007299270073
359,LATAM,WHY_LATAM,608,267,0.43914473684210525
360,EUROPE,DIEGO,256,241,0.94140625
360,EUROPE,RENOVISOR,613,405,0.6606851549755302
360,EUROPE,WHY_EUROPE,131,123,0.9389312977099237
360,LATAM,WHY_LATAM,608,274,0.4506578947368421
361,EUROPE,DIEGO,243,231,0.9506172839506173
361,EUROPE,RENOVISOR,609,372,0.6108374384236454
361,EUROPE,WHY_EUROPE,148,132,0.8918918918918919
361,LATAM,WHY_LATAM,608,256,0.42105263157894735
362,EUROPE,DIEGO,243,219,0.9012345679012346
362,EUROPE,RENOVISOR,618,391,0.6326860841423948
362,EUROPE,WHY_EUROPE,139,128,0.920863309352518
362,LATAM,WHY_LATAM,608,271,0.4457236842105263
363,EUROPE,DIEGO,247,235,0.951417004048583
363,EUROPE,RENOVISOR,606,385,0.6353135313531353
363,EUROPE,WHY_EUROPE,147,138,0.9387755102040817
363,LATAM,WHY_LATAM,608,268,0.4407894736842105
364,EUROPE,DIEGO,229,210,0.9170305676855895
364,EUROPE,RENOVISOR,609,386,0.6338259441707718
364,EUROPE,WHY_EUROPE,162,148,0.9135802469135802
364,LATAM,WHY_LATAM,608,264,0.4342105263157895
365,EUROPE,DIEGO,250,229,0.916
365,EUROPE,RENOVISOR,603,366,0.6069651741293532
365,EUROPE,WHY_EUROPE,147,134,0.9115646258503401
365,LATAM,WHY_LATAM,608,278,0.45723684210526316
366,EUROPE,DIEGO,249,227,0.9116465863453815
366,EUROPE,RENOVISOR,621,377,0.607085346215781
366,EUROPE,WHY_EUROPE,130,114,0.8769230769230769
366,LATAM,WHY_LATAM,608,269,0.44243421052631576
367,EUROPE,DIEGO,251,234,0.9322709163346613
367,EUROPE,RENOVISOR,604,396,0.6556291390728477
367,EUROPE,WHY_EUROPE,145,133,0.9172413793103448
367,LATAM,WHY_LATAM,608,269,0.44243421052631576
368,EUROPE,DIEGO,266,251,0.943609022556391
368,EUROPE,RENOVISOR,614,396,0.6449511400651465
368,EUROPE,WHY_EUROPE,120,109,0.9083333333333333
368,LATAM,WHY_LATAM,608,269,0.44243421052631576
369,EUROPE,DIEGO,251,232,0.9243027888446215
369,EUROPE,RENOVISOR,598,382,0.6387959866220736
369,EUROPE,WHY_EUROPE,151,139,0.9205298013245033
369,LATAM,WHY_LATAM,608,267,0.43914473684210525
370,EUROPE,DIEGO,244,227,0.930327868852459
370,EUROPE,RENOVISOR,602,405,0.6727574750830565
370,EUROPE,WHY_EUROPE,154,137,0.8896103896103896
370,LATAM,WHY_LATAM,608,268,0.4407894736842105
371,EUROPE,DIEGO,242,227,0.9380165289256198
371,EUROPE,RENOVISOR,610,390,0.639344262295082
371,EUROPE,WHY_EUROPE,148,144,0.972972972972973
371,LATAM,WHY_LATAM,608,258,0.4243421052631579
372,EUROPE,DIEGO,256,234,0.9140625
372,EUROPE,RENOVISOR,622,395,0.635048231511254
372,EUROPE,WHY_EUROPE,122,116,0.9508196721311475
372,LATAM,WHY_LATAM,608,273,0.44901315789473684
373,EUROPE,DIEGO,253,240,0.9486166007905138
373,EUROPE,RENOVISOR,616,393,0.637987012987013
373,EUROPE,WHY_EUROPE,131,114,0.8702290076335878
373,LATAM,WHY_LATAM,608,276,0.45394736842105265
374,EUROPE,DIEGO,253,237,0.9367588932806324
374,EUROPE,RENOVISOR,618,392,0.6343042071197411
374,EUROPE,WHY_EUROPE,129,118,0.9147286821705426
374,LATAM,WHY_LATAM,608,272,0.4473684210526316
375,EUROPE,DIEGO,259,245,0.9459459459459459
375,EUROPE,RENOVISOR,620,380,0.6129032258064516
375,EUROPE,WHY_EUROPE,121,112,0.9256198347107438
375,LATAM,WHY_LATAM,608,257,0.42269736842105265
376,EUROPE,DIEGO,250,221,0.884
376,EUROPE,RENOVISOR,611,394,0.6448445171849427
376,EUROPE,WHY_EUROPE,139,129,0.9280575539568345
376,LATAM,WHY_LATAM,608,262,0.4309210526315789
377,EUROPE,DIEGO,258,239,0.9263565891472868
377,EUROPE,RENOVISOR,602,394,0.654485049833887
377,EUROPE,WHY_EUROPE,140,132,0.9428571428571428
377,LATAM,WHY_LATAM,608,268,0.4407894736842105
378,EUROPE,DIEGO,257,237,0.9221789883268483
378,EUROPE,RENOVISOR,618,392,0.6343042071197411
378,EUROPE,WHY_EUROPE,125,113,0.904
378,LATAM,WHY_LATAM,608,261,0.4292763157894737
379,EUROPE,DIEGO,245,225,0.9183673469387755
379,EUROPE,RENOVISOR,608,383,0.6299342105263158
379,EUROPE,WHY_EUROPE,147,136,0.9251700680272109
379,LATAM,WHY_LATAM,608,266,0.4375
380,EUROPE,DIEGO,269,242,0.8996282527881041
380,EUROPE,RENOVISOR,603,394,0.6533996683250415
380,EUROPE,WHY_EUROPE,128,119,0.9296875
380,LATAM,WHY_LATAM,608,272,0.4473684210526316
381,EUROPE,DIEGO,238,216,0.907563025210084
381,EUROPE,RENOVISOR,596,373,0.6258389261744967
381,EUROPE,WHY_EUROPE,166,155,0.9337349397590361
381,LATAM,WHY_LATAM,608,272,0.4473684210526316
382,EUROPE,DIEGO,255,237,0.9294117647058824
382,EUROPE,RENOVISOR,617,404,0.6547811993517018
382,EUROPE,WHY_EUROPE,128,119,0.9296875
382,LATAM,WHY_LATAM,608,272,0.4473684210526316
383,EUROPE,DIEGO,254,233,0.9173228346456693
383,EUROPE,RENOVISOR,614,393,0.6400651465798045
383,EUROPE,WHY_EUROPE,132,120,0.9090909090909091
383,LATAM,WHY_LATAM,608,268,0.4407894736842105
384,EUROPE,DIEGO,262,245,0.9351145038167938
384,EUROPE,RENOVISOR,610,382,0.6262295081967213
384,EUROPE,WHY_EUROPE,128,115,0.8984375
384,LATAM,WHY_LATAM,608,270,0.4440789473684211
385,EUROPE,DIEGO,276,252,0.9130434782608695
385,EUROPE,RENOVISOR,606,382,0.6303630363036303
385,EUROPE,WHY_EUROPE,118,108,0.9152542372881356
385,LATAM,WHY_LATAM,608,255,0.4194078947368421
386,EUROPE,DIEGO,242,224,0.9256198347107438
386,EUROPE,RENOVISOR,605,387,0.6396694214876033
386,EUROPE,WHY_EUROPE,153,143,0.934640522875817
386,LATAM,WHY_LATAM,608,277,0.4555921052631579
387,EUROPE,DIEGO,245,227,0.926530612244898
387,EUROPE,RENOVISOR,610,396,0.6491803278688525
387,EUROPE,WHY_EUROPE,145,136,0.9379310344827586
387,LATAM,WHY_LATAM,608,266,0.4375
388,EUROPE,DIEGO,223,212,0.9506726457399103
388,EUROPE,RENOVISOR,621,403,0.6489533011272142
388,EUROPE,WHY_EUROPE,156,147,0.9423076923076923
388,LATAM,WHY_LATAM,608,262,0.4309210526315789
389,EUROPE,DIEGO,259,238,0.918918918918919
389,EUROPE,RENOVISOR,604,377,0.6241721854304636
389,EUROPE,WHY_EUROPE,137,126,0.9197080291970803
389,LATAM,WHY_LATAM,608,262,0.4309210526315789
390,EUROPE,DIEGO,246,227,0.9227642276422764
390,EUROPE,RENOVISOR,608,387,0.6365131578947368
390,EUROPE,WHY_EUROPE,146,133,0.910958904109589
390,LATAM,WHY_LATAM,608,280,0.4605263157894737
391,EUROPE,DIEGO,246,227,0.9227642276422764
391,EUROPE,RENOVISOR,621,415,0.6682769726247987
391,EUROPE,WHY_EUROPE,133,119,0.8947368421052632
391,LATAM,WHY_LATAM,608,267,0.43914473684210525
392,EUROPE,DIEGO,248,229,0.9233870967741935
392,EUROPE,RENOVISOR,604,381,0.6307947019867549
392,EUROPE,WHY_EUROPE,148,138,0.9324324324324325
392,LATAM,WHY_LATAM,608,260,0.4276315789473684
393,EUROPE,DIEGO,245,233,0.9510204081632653
393,EUROPE,RENOVISOR,614,381,0.6205211726384365
393,EUROPE,WHY_EUROPE,141,131,0.9290780141843972
393,LATAM,WHY_LATAM,608,261,0.4292763157894737
394,EUROPE,DIEGO,230,216,0.9391304347826087
394,EUROPE,RENOVISOR,618,394,0.6375404530744336
394,EUROPE,WHY_EUROPE,152,139,0.9144736842105263
394,LATAM,WHY_LATAM,608,271,0.4457236842105263
395,EUROPE,DIEGO,274,259,0.9452554744525548
395,EUROPE,RENOVISOR,594,376,0.632996632996633
395,EUROPE,WHY_EUROPE,132,116,0.8787878787878788
395,LATAM,WHY_LATAM,608,263,0.43256578947368424
396,EUROPE,DIEGO,241,223,0.9253112033195021
396,EUROPE,RENOVISOR,617,390,0.6320907617504052
396,EUROPE,WHY_EUROPE,142,125,0.8802816901408451
396,LATAM,WHY_LATAM,608,261,0.4292763157894737
397,EUROPE,DIEGO,255,228,0.8941176470588236
397,EUROPE,RENOVISOR,616,397,0.6444805194805194
397,EUROPE,WHY_EUROPE,129,121,0.937984496124031
397,LATAM,WHY_LATAM,608,261,0.4292763157894737
398,EUROPE,DIEGO,237,222,0.9367088607594937
398,EUROPE,RENOVISOR,611,382,0.6252045826513911
398,EUROPE,WHY_EUROPE,152,134,0.881578947368421
398,LATAM,WHY_LATAM,608,261,0.4292763157894737
399,EUROPE,DIEGO,248,231,0.9314516129032258
399,EUROPE,RENOVISOR,625,395,0.632
399,EUROPE,WHY_EUROPE,127,118,0.9291338582677166
399,LATAM,WHY_LATAM,608,268,0.4407894736842105
400,EUROPE,DIEGO,249,226,0.9076305220883534
400,EUROPE,RENOVISOR,615,398,0.6471544715447154
400,EUROPE,WHY_EUROPE,136,129,0.9485294117647058
400,LATAM,WHY_LATAM,608,261,0.4292763157894737
401,EUROPE,DIEGO,258,234,0.9069767441860465
401,EUROPE,RENOVISOR,603,378,0.6268656716417911
401,EUROPE,WHY_EUROPE,139,127,0.9136690647482014
401,LATAM,WHY_LATAM,608,275,0.45230263157894735
402,EUROPE,DIEGO,247,228,0.9230769230769231
402,EUROPE,RENOVISOR,606,380,0.6270627062706271
402,EUROPE,WHY_EUROPE,147,137,0.9319727891156463
402,LATAM,WHY_LATAM,608,258,0.4243421052631579
403,EUROPE,DIEGO,258,240,0.9302325581395349
403,EUROPE,RENOVISOR,602,372,0.6179401993355482
403,EUROPE,WHY_EUROPE,140,128,0.9142857142857143
403,LATAM,WHY_LATAM,608,260,0.4276315789473684
404,EUROPE,DIEGO,261,238,0.9118773946360154
404,EUROPE,RENOVISOR,606,384,0.6336633663366337
404,EUROPE,WHY_EUROPE,133,124,0.9323308270676691
404,LATAM,WHY_LATAM,608,268,0.4407894736842105
405,EUROPE,DIEGO,246,231,0.9390243902439024
405,EUROPE,RENOVISOR,628,402,0.6401273885350318
405,EUROPE,WHY_EUROPE,126,123,0.9761904761904762
405,LATAM,WHY_LATAM,608,267,0.43914473684210525
406,EUROPE,DIEGO,235,219,0.9319148936170213
406,EUROPE,RENOVISOR,608,380,0.625
406,EUROPE,WHY_EUROPE,157,145,0.9235668789808917
406,LATAM,WHY_LATAM,608,257,0.42269736842105265
407,EUROPE,DIEGO,246,228,0.926829268292683
407,EUROPE,RENOVISOR,616,390,0.6331168831168831
407,EUROPE,WHY_EUROPE,138,128,0.927536231884058
407,LATAM,WHY_LATAM,608,270,0.4440789473684211
408,EUROPE,DIEGO,239,224,0.9372384937238494
408,EUROPE,RENOVISOR,600,384,0.64
408,EUROPE,WHY_EUROPE,161,148,0.9192546583850931
408,LATAM,WHY_LATAM,608,267,0.43914473684210525
409,EUROPE,DIEGO,263,246,0.935361216730038
409,EUROPE,RENOVISOR,635,410,0.6456692913385826
409,EUROPE,WHY_EUROPE,102,99,0.9705882352941176
409,LATAM,WHY_LATAM,608,272,0.4473684210526316
410,EUROPE,DIEGO,250,226,0.904
410,EUROPE,RENOVISOR,620,393,0.6338709677419355
410,EUROPE,WHY_EUROPE,130,123,0.9461538461538461
410,LATAM,WHY_LATAM,608,278,0.45723684210526316
411,EUROPE,DIEGO,255,236,0.9254901960784314
411,EUROPE,RENOVISOR,600,384,0.64
411,EUROPE,WHY_EUROPE,145,135,0.9310344827586207
411,LATAM,WHY_LATAM,608,262,0.4309210526315789
412,EUROPE,DIEGO,251,237,0.9442231075697212
412,EUROPE,RENOVISOR,596,391,0.6560402684563759
412,EUROPE,WHY_EUROPE,153,138,0.9019607843137255
412,LATAM,WHY_LATAM,608,275,0.45230263157894735
413,EUROPE,DIEGO,241,228,0.946058091286307
413,EUROPE,RENOVISOR,604,386,0.6390728476821192
413,EUROPE,WHY_EUROPE,155,141,0.9096774193548387
413,LATAM,WHY_LATAM,608,259,0.42598684210526316
414,EUROPE,DIEGO,264,242,0.9166666666666666
414,EUROPE,RENOVISOR,604,386,0.6390728476821192
414,EUROPE,WHY_EUROPE,132,118,0.8939393939393939
414,LATAM,WHY_LATAM,608,265,0.43585526315789475
415,EUROPE,DIEGO,245,227,0.926530612244898
415,EUROPE,RENOVISOR,622,396,0.6366559485530546
415,EUROPE,WHY_EUROPE,133,121,0.9097744360902256
415,LATAM,WHY_LATAM,608,272,0.4473684210526316
416,EUROPE,DIEGO,243,223,0.9176954732510288
416,EUROPE,RENOVISOR,615,395,0.6422764227642277
416,EUROPE,WHY_EUROPE,142,133,0.9366197183098591
416,LATAM,WHY_LATAM,608,283,0.4654605263157895
417,EUROPE,DIEGO,257,235,0.914396887159533
417,EUROPE,RENOVISOR,609,386,0.6338259441707718
417,EUROPE,WHY_EUROPE,134,128,0.9552238805970149
417,LATAM,WHY_LATAM,608,269,0.44243421052631576
418,EUROPE,DIEGO,242,224,0.9256198347107438
418,EUROPE,RENOVISOR,623,396,0.6356340288924559
418,EUROPE,WHY_EUROPE,135,124,0.9185185185185185
418,LATAM,WHY_LATAM,608,259,0.42598684210526316
419,EUROPE,DIEGO,244,225,0.9221311475409836
419,EUROPE,RENOVISOR,609,401,0.6584564860426929
419,EUROPE,WHY_EUROPE,147,130,0.8843537414965986
419,LATAM,WHY_LATAM,608,255,0.4194078947368421
420,EUROPE,DIEGO,250,226,0.904
420,EUROPE,RENOVISOR,615,392,0.6373983739837399
420,EUROPE,WHY_EUROPE,135,124,0.9185185185185185
420,LATAM,WHY_LATAM,608,262,0.4309210526315789
421,EUROPE,DIEGO,247,226,0.9149797570850202
421,EUROPE,RENOVISOR,619,397,0.6413570274636511
421,EUROPE,WHY_EUROPE,134,125,0.9328358208955224
421,LATAM,WHY_LATAM,608,261,0.4292763157894737
422,EUROPE,DIEGO,252,233,0.9246031746031746
422,EUROPE,RENOVISOR,609,373,0.6124794745484401
422,EUROPE,WHY_EUROPE,139,132,0.9496402877697842
422,LATAM,WHY_LATAM,608,272,0.4473684210526316
423,EUROPE,DIEGO,255,232,0.9098039215686274
423,EUROPE,RENOVISOR,615,391,0.6357723577235772
423,EUROPE,WHY_EUROPE,130,122,0.9384615384615385
423,LATAM,WHY_LATAM,608,267,0.43914473684210525
424,EUROPE,DIEGO,252,236,0.9365079365079365
424,EUROPE,RENOVISOR,610,387,0.6344262295081967
424,EUROPE,WHY_EUROPE,138,128,0.927536231884058
424,LATAM,WHY_LATAM,608,280,0.4605263157894737
425,EUROPE,DIEGO,279,253,0.9068100358422939
425,EUROPE,RENOVISOR,600,388,0.6466666666666666
425,EUROPE,WHY_EUROPE,121,113,0.9338842975206612
425,LATAM,WHY_LATAM,608,265,0.43585526315789475
426,EUROPE,DIEGO,263,242,0.9201520912547528
426,EUROPE,RENOVISOR,602,378,0.627906976744186
426,EUROPE,WHY_EUROPE,135,124,0.9185185185185185
426,LATAM,WHY_LATAM,608,267,0.43914473684210525
427,EUROPE,DIEGO,254,236,0.9291338582677166
427,EUROPE,RENOVISOR,607,377,0.6210873146622735
427,EUROPE,WHY_EUROPE,139,126,0.9064748201438849
427,LATAM,WHY_LATAM,608,271,0.4457236842105263
428,EUROPE,DIEGO,246,226,0.9186991869918699
428,EUROPE,RENOVISOR,595,381,0.6403361344537815
428,EUROPE,WHY_EUROPE,159,146,0.9182389937106918
428,LATAM,WHY_LATAM,608,269,0.44243421052631576
429,EUROPE,DIEGO,251,231,0.9203187250996016
429,EUROPE,RENOVISOR,610,387,0.6344262295081967
429,EUROPE,WHY_EUROPE,139,123,0.8848920863309353
429,LATAM,WHY_LATAM,608,283,0.4654605263157895
430,EUROPE,DIEGO,246,228,0.926829268292683
430,EUROPE,RENOVISOR,617,403,0.653160453808752
430,EUROPE,WHY_EUROPE,137,127,0.927007299270073
430,LATAM,WHY_LATAM,608,268,0.4407894736842105
431,EUROPE,DIEGO,255,235,0.9215686274509803
431,EUROPE,RENOVISOR,610,387,0.6344262295081967
431,EUROPE,WHY_EUROPE,135,121,0.8962962962962963
431,LATAM,WHY_LATAM,608,283,0.4654605263157895
432,EUROPE,DIEGO,238,214,0.8991596638655462
432,EUROPE,RENOVISOR,623,392,0.6292134831460674
432,EUROPE,WHY_EUROPE,139,123,0.8848920863309353
432,LATAM,WHY_LATAM,608,263,0.43256578947368424
433,EUROPE,DIEGO,263,241,0.9163498098859315
433,EUROPE,RENOVISOR,606,385,0.6353135313531353
433,EUROPE,WHY_EUROPE,131,122,0.9312977099236641
433,LATAM,WHY_LATAM,608,263,0.43256578947368424
434,EUROPE,DIEGO,251,231,0.9203187250996016
434,EUROPE,RENOVISOR,618,381,0.616504854368932
434,EUROPE,WHY_EUROPE,131,114,0.8702290076335878
434,LATAM,WHY_LATAM,608,266,0.4375
435,EUROPE,DIEGO,250,234,0.936
435,EUROPE,RENOVISOR,622,393,0.6318327974276527
435,EUROPE,WHY_EUROPE,128,121,0.9453125
435,LATAM,WHY_LATAM,608,270,0.4440789473684211
436,EUROPE,DIEGO,246,230,0.9349593495934959
436,EUROPE,RENOVISOR,625,413,0.6608
436,EUROPE,WHY_EUROPE,129,119,0.9224806201550387
436,LATAM,WHY_LATAM,608,271,0.4457236842105263
437,EUROPE,DIEGO,246,225,0.9146341463414634
437,EUROPE,RENOVISOR,613,389,0.634584013050571
437,EUROPE,WHY_EUROPE,141,125,0.8865248226950354
437,LATAM,WHY_LATAM,608,263,0.43256578947368424
438,EUROPE,DIEGO,255,229,0.8980392156862745
438,EUROPE,RENOVISOR,619,392,0.6332794830371568
438,EUROPE,WHY_EUROPE,126,117,0.9285714285714286
438,LATAM,WHY_LATAM,608,273,0.44901315789473684
439,EUROPE,DIEGO,255,236,0.9254901960784314
439,EUROPE,RENOVISOR,612,393,0.6421568627450981
439,EUROPE,WHY_EUROPE,133,115,0.8646616541353384
439,LATAM,WHY_LATAM,608,267,0.43914473684210525
440,EUROPE,DIEGO,248,225,0.907258064516129
440,EUROPE,RENOVISOR,606,389,0.641914191419142
440,EUROPE,WHY_EUROPE,146,139,0.952054794520548
440,LATAM,WHY_LATAM,608,275,0.45230263157894735
441,EUROPE,DIEGO,258,237,0.9186046511627907
441,EUROPE,RENOVISOR,596,378,0.6342281879194631
441,EUROPE,WHY_EUROPE,146,131,0.8972602739726028
441,LATAM,WHY_LATAM,608,268,0.4407894736842105
442,EUROPE,DIEGO,259,240,0.9266409266409267
442,EUROPE,RENOVISOR,610,389,0.6377049180327868
442,EUROPE,WHY_EUROPE,131,123,0.9389312977099237
442,LATAM,WHY_LATAM,608,276,0.45394736842105265
443,EUROPE,DIEGO,259,239,0.9227799227799228
443,EUROPE,RENOVISOR,598,373,0.6237458193979933
443,EUROPE,WHY_EUROPE,143,135,0.9440559440559441
443,LATAM,WHY_LATAM,608,257,0.42269736842105265
444,EUROPE,DIEGO,253,230,0.9090909090909091
444,EUROPE,RENOVISOR,601,390,0.64891846921797
444,EUROPE,WHY_EUROPE,146,131,0.8972602739726028
444,LATAM,WHY_LATAM,608,272,0.4473684210526316
445,EUROPE,DIEGO,256,242,0.9453125
445,EUROPE,RENOVISOR,599,373,0.6227045075125208
445,EUROPE,WHY_EUROPE,145,133,0.9172413793103448
445,LATAM,WHY_LATAM,608,281,0.4621710526315789
446,EUROPE,DIEGO,229,214,0.9344978165938864
446,EUROPE,RENOVISOR,619,397,0.6413570274636511
446,EUROPE,WHY_EUROPE,152,141,0.9276315789473685
446,LATAM,WHY_LATAM,608,272,0.4473684210526316
447,EUROPE,DIEGO,247,237,0.9595141700404858
447,EUROPE,RENOVISOR,613,390,0.636215334420881
447,EUROPE,WHY_EUROPE,140,129,0.9214285714285714
447,LATAM,WHY_LATAM,608,274,0.4506578947368421
448,EUROPE,DIEGO,267,246,0.9213483146067416
448,EUROPE,RENOVISOR,592,385,0.6503378378378378
448,EUROPE,WHY_EUROPE,141,128,0.9078014184397163
448,LATAM,WHY_LATAM,608,267,0.43914473684210525
449,EUROPE,DIEGO,237,218,0.919831223628692
449,EUROPE,RENOVISOR,612,393,0.6421568627450981
449,EUROPE,WHY_EUROPE,151,132,0.8741721854304636
449,LATAM,WHY_LATAM,608,256,0.42105263157894735
450,EUROPE,DIEGO,254,231,0.9094488188976378
450,EUROPE,RENOVISOR,602,376,0.6245847176079734
450,EUROPE,WHY_EUROPE,144,132,0.9166666666666666
450,LATAM,WHY_LATAM,608,277,0.4555921052631579
451,EUROPE,DIEGO,247,231,0.9352226720647774
451,EUROPE,RENOVISOR,627,386,0.6156299840510366
451,EUROPE,WHY_EUROPE,126,111,0.8809523809523809
451,LATAM,WHY_LATAM,608,270,0.4440789473684211
452,EUROPE,DIEGO,258,241,0.9341085271317829
452,EUROPE,RENOVISOR,596,385,0.6459731543624161
452,EUROPE,WHY_EUROPE,146,136,0.9315068493150684
452,LATAM,WHY_LATAM,608,269,0.44243421052631576
453,EUROPE,DIEGO,245,229,0.9346938775510204
453,EUROPE,RENOVISOR,618,402,0.6504854368932039
453,EUROPE,WHY_EUROPE,137,128,0.9343065693430657
453,LATAM,WHY_LATAM,608,262,0.4309210526315789
454,EUROPE,DIEGO,244,228,0.9344262295081968
454,EUROPE,RENOVISOR,627,398,0.6347687400318979
454,EUROPE,WHY_EUROPE,129,125,0.9689922480620154
454,LATAM,WHY_LATAM,608,269,0.44243421052631576
455,EUROPE,DIEGO,256,238,0.9296875
455,EUROPE,RENOVISOR,605,387,0.6396694214876033
455,EUROPE,WHY_EUROPE,139,130,0.935251798561151
455,LATAM,WHY_LATAM,608,269,0.44243421052631576
456,EUROPE,DIEGO,253,235,0.9288537549407114
456,EUROPE,RENOVISOR,610,386,0.6327868852459017
456,EUROPE,WHY_EUROPE,137,128,0.9343065693430657
456,LATAM,WHY_LATAM,608,259,0.42598684210526316
457,EUROPE,DIEGO,249,234,0.9397590361445783
457,EUROPE,RENOVISOR,612,390,0.6372549019607843
457,EUROPE,WHY_EUROPE,139,127,0.9136690647482014
457,LATAM,WHY_LATAM,608,266,0.4375
458,EUROPE,DIEGO,240,218,0.9083333333333333
458,EUROPE,RENOVISOR,608,395,0.649671052631579
458,EUROPE,WHY_EUROPE,152,133,0.875
458,LATAM,WHY_LATAM,608,262,0.4309210526315789
459,EUROPE,DIEGO,255,241,0.9450980392156862
459,EUROPE,RENOVISOR,620,400,0.6451612903225806
459,EUROPE,WHY_EUROPE,125,117,0.936
459,LATAM,WHY_LATAM,608,264,0.4342105263157895
460,EUROPE,DIEGO,250,233,0.932
460,EUROPE,RENOVISOR,633,395,0.6240126382306477
460,EUROPE,WHY_EUROPE,117,109,0.9316239316239316
460,LATAM,WHY_LATAM,608,267,0.43914473684210525
461,EUROPE,DIEGO,266,244,0.9172932330827067
461,EUROPE,RENOVISOR,612,382,0.6241830065359477
461,EUROPE,WHY_EUROPE,122,114,0.9344262295081968
461,LATAM,WHY_LATAM,608,272,0.4473684210526316
462,EUROPE,DIEGO,259,236,0.9111969111969112
462,EUROPE,RENOVISOR,600,378,0.63
462,EUROPE,WHY_EUROPE,141,132,0.9361702127659575
462,LATAM,WHY_LATAM,608,268,0.4407894736842105
463,EUROPE,DIEGO,247,228,0.9230769230769231
463,EUROPE,RENOVISOR,625,401,0.6416
463,EUROPE,WHY_EUROPE,128,110,0.859375
463,LATAM,WHY_LATAM,608,274,0.4506578947368421
464,EUROPE,DIEGO,254,242,0.952755905511811
464,EUROPE,RENOVISOR,620,398,0.6419354838709678
464,EUROPE,WHY_EUROPE,126,110,0.873015873015873
464,LATAM,WHY_LATAM,608,265,0.43585526315789475
465,EUROPE,DIEGO,260,232,0.8923076923076924
465,EUROPE,RENOVISOR,607,373,0.6144975288303131
465,EUROPE,WHY_EUROPE,133,123,0.924812030075188
465,LATAM,WHY_LATAM,608,269,0.44243421052631576
466,EUROPE,DIEGO,266,246,0.924812030075188
466,EUROPE,RENOVISOR,596,370,0.6208053691275168
466,EUROPE,WHY_EUROPE,138,126,0.9130434782608695
466,LATAM,WHY_LATAM,608,263,0.43256578947368424
467,EUROPE,DIEGO,248,232,0.9354838709677419
467,EUROPE,RENOVISOR,598,370,0.6187290969899666
467,EUROPE,WHY_EUROPE,154,142,0.922077922077922
467,LATAM,WHY_LATAM,608,255,0.4194078947368421
468,EUROPE,DIEGO,258,239,0.9263565891472868
468,EUROPE,RENOVISOR,604,378,0.6258278145695364
468,EUROPE,WHY_EUROPE,138,127,0.9202898550724637
468,LATAM,WHY_LATAM,608,265,0.43585526315789475
469,EUROPE,DIEGO,251,230,0.9163346613545816
469,EUROPE,RENOVISOR,612,397,0.6486928104575164
469,EUROPE,WHY_EUROPE,137,121,0.8832116788321168
469,LATAM,WHY_LATAM,608,266,0.4375
470,EUROPE,DIEGO,259,236,0.9111969111969112
470,EUROPE,RENOVISOR,598,390,0.6521739130434783
470,EUROPE,WHY_EUROPE,143,134,0.9370629370629371
470,LATAM,WHY_LATAM,608,275,0.45230263157894735
471,EUROPE,DIEGO,240,220,0.9166666666666666
471,EUROPE,RENOVISOR,610,393,0.6442622950819672
471,EUROPE,WHY_EUROPE,150,138,0.92
471,LATAM,WHY_LATAM,608,262,0.4309210526315789
472,EUROPE,DIEGO,222,208,0.9369369369369369
472,EUROPE,RENOVISOR,629,398,0.6327503974562798
472,EUROPE,WHY_EUROPE,149,134,0.8993288590604027
472,LATAM,WHY_LATAM,608,263,0.43256578947368424
473,EUROPE,DIEGO,246,231,0.9390243902439024
473,EUROPE,RENOVISOR,621,387,0.6231884057971014
473,EUROPE,WHY_EUROPE,133,122,0.9172932330827067
473,LATAM,WHY_LATAM,608,265,0.43585526315789475
474,EUROPE,DIEGO,259,232,0.8957528957528957
474,EUROPE,RENOVISOR,610,382,0.6262295081967213
474,EUROPE,WHY_EUROPE,131,126,0.9618320610687023
474,LATAM,WHY_LATAM,608,276,0.45394736842105265
475,EUROPE,DIEGO,265,245,0.9245283018867925
475,EUROPE,RENOVISOR,599,391,0.6527545909849749
475,EUROPE,WHY_EUROPE,136,123,0.9044117647058824
475,LATAM,WHY_LATAM,608,261,0.4292763157894737
476,EUROPE,DIEGO,269,248,0.9219330855018587
476,EUROPE,RENOVISOR,614,389,0.6335504885993485
476,EUROPE,WHY_EUROPE,117,113,0.9658119658119658
476,LATAM,WHY_LATAM,608,270,0.4440789473684211
477,EUROPE,DIEGO,248,227,0.9153225806451613
477,EUROPE,RENOVISOR,601,384,0.6389351081530782
477,EUROPE,WHY_EUROPE,151,141,0.9337748344370861
477,LATAM,WHY_LATAM,608,280,0.4605263157894737
478,EUROPE,DIEGO,231,221,0.9567099567099567
478,EUROPE,RENOVISOR,619,384,0.6203554119547657
478,EUROPE,WHY_EUROPE,150,138,0.92
478,LATAM,WHY_LATAM,608,265,0.43585526315789475
479,EUROPE,DIEGO,243,225,0.9259259259259259
479,EUROPE,RENOVISOR,632,416,0.6582278481012658
479,EUROPE,WHY_EUROPE,125,116,0.928
479,LATAM,WHY_LATAM,608,277,0.4555921052631579
480,EUROPE,DIEGO,257,232,0.9027237354085603
480,EUROPE,RENOVISOR,623,396,0.6356340288924559
480,EUROPE,WHY_EUROPE,120,112,0.9333333333333333
480,LATAM,WHY_LATAM,608,262,0.4309210526315789
481,EUROPE,DIEGO,253,237,0.9367588932806324
481,EUROPE,RENOVISOR,605,382,0.631404958677686
481,EUROPE,WHY_EUROPE,142,129,0.9084507042253521
481,LATAM,WHY_LATAM,608,263,0.43256578947368424
482,EUROPE,DIEGO,230,211,0.9173913043478261
482,EUROPE,RENOVISOR,611,393,0.6432078559738135
482,EUROPE,WHY_EUROPE,159,142,0.8930817610062893
482,LATAM,WHY_LATAM,608,272,0.4473684210526316
483,EUROPE,DIEGO,251,234,0.9322709163346613
483,EUROPE,RENOVISOR,618,395,0.63915857605178
483,EUROPE,WHY_EUROPE,131,126,0.9618320610687023
483,LATAM,WHY_LATAM,608,268,0.4407894736842105
484,EUROPE,DIEGO,227,209,0.920704845814978
484,EUROPE,RENOVISOR,607,388,0.6392092257001647
484,EUROPE,WHY_EUROPE,166,151,0.9096385542168675
484,LATAM,WHY_LATAM,608,270,0.4440789473684211
485,EUROPE,DIEGO,248,225,0.907258064516129
485,EUROPE,RENOVISOR,613,382,0.6231647634584013
485,EUROPE,WHY_EUROPE,139,128,0.920863309352518
485,LATAM,WHY_LATAM,608,266,0.4375
486,EUROPE,DIEGO,238,222,0.9327731092436975
486,EUROPE,RENOVISOR,625,397,0.6352
486,EUROPE,WHY_EUROPE,137,118,0.8613138686131386
486,LATAM,WHY_LATAM,608,274,0.4506578947368421
487,EUROPE,DIEGO,238,220,0.9243697478991597
487,EUROPE,RENOVISOR,630,402,0.638095238095238
487,EUROPE,WHY_EUROPE,132,125,0.946969696969697
487,LATAM,WHY_LATAM,608,259,0.42598684210526316
488,EUROPE,DIEGO,265,250,0.9433962264150944
488,EUROPE,RENOVISOR,607,380,0.6260296540362438
488,EUROPE,WHY_EUROPE,128,126,0.984375
488,LATAM,WHY_LATAM,608,257,0.42269736842105265
489,EUROPE,DIEGO,233,217,0.9313304721030042
489,EUROPE,RENOVISOR,626,396,0.6325878594249201
489,EUROPE,WHY_EUROPE,141,131,0.9290780141843972
489,LATAM,WHY_LATAM,608,262,0.4309210526315789
490,EUROPE,DIEGO,249,232,0.9317269076305221
490,EUROPE,RENOVISOR,606,385,0.6353135313531353
490,EUROPE,WHY_EUROPE,145,131,0.903448275862069
490,LATAM,WHY_LATAM,608,263,0.43256578947368424
491,EUROPE,DIEGO,255,235,0.9215686274509803
491,EUROPE,RENOVISOR,607,375,0.6177924217462932
491,EUROPE,WHY_EUROPE,138,124,0.8985507246376812
491,LATAM,WHY_LATAM,608,271,0.4457236842105263
492,EUROPE,DIEGO,244,229,0.9385245901639344
492,EUROPE,RENOVISOR,616,391,0.6347402597402597
492,EUROPE,WHY_EUROPE,140,135,0.9642857142857143
492,LATAM,WHY_LATAM,608,275,0.45230263157894735
493,EUROPE,DIEGO,240,229,0.9541666666666667
493,EUROPE,RENOVISOR,615,400,0.6504065040650406
493,EUROPE,WHY_EUROPE,145,134,0.9241379310344827
493,LATAM,WHY_LATAM,608,252,0.4144736842105263
494,EUROPE,DIEGO,258,239,0.9263565891472868
494,EUROPE,RENOVISOR,597,381,0.6381909547738693
494,EUROPE,WHY_EUROPE,145,136,0.9379310344827586
494,LATAM,WHY_LATAM,608,274,0.4506578947368421
495,EUROPE,DIEGO,233,209,0.8969957081545065
495,EUROPE,RENOVISOR,615,400,0.6504065040650406
495,EUROPE,WHY_EUROPE,152,139,0.9144736842105263
495,LATAM,WHY_LATAM,608,276,0.45394736842105265
496,EUROPE,DIEGO,248,226,0.9112903225806451
496,EUROPE,RENOVISOR,604,383,0.6341059602649006
496,EUROPE,WHY_EUROPE,148,132,0.8918918918918919
496,LATAM,WHY_LATAM,608,275,0.45230263157894735
497,EUROPE,DIEGO,255,233,0.9137254901960784
497,EUROPE,RENOVISOR,607,380,0.6260296540362438
497,EUROPE,WHY_EUROPE,138,126,0.9130434782608695
497,LATAM,WHY_LATAM,608,261,0.4292763157894737
498,EUROPE,DIEGO,256,238,0.9296875
498,EUROPE,RENOVISOR,609,386,0.6338259441707718
498,EUROPE,WHY_EUROPE,135,128,0.9481481481481482
498,LATAM,WHY_LATAM,608,288,0.47368421052631576
499,EUROPE,DIEGO,238,221,0.9285714285714286
499,EUROPE,RENOVISOR,612,399,0.6519607843137255
499,EUROPE,WHY_EUROPE,150,134,0.8933333333333333
499,LATAM,WHY_LATAM,608,277,0.4555921052631579
500,EUROPE,DIEGO,244,230,0.9426229508196722
500,EUROPE,RENOVISOR,615,400,0.6504065040650406
500,EUROPE,WHY_EUROPE,141,135,0.9574468085106383
500,LATAM,WHY_LATAM,608,256,0.42105263157894735
501,EUROPE,DIEGO,231,214,0.9264069264069265
501,EUROPE,RENOVISOR,618,396,0.6407766990291263
501,EUROPE,WHY_EUROPE,151,138,0.9139072847682119
501,LATAM,WHY_LATAM,608,261,0.4292763157894737
502,EUROPE,DIEGO,273,255,0.9340659340659341
502,EUROPE,RENOVISOR,605,384,0.6347107438016529
502,EUROPE,WHY_EUROPE,122,113,0.9262295081967213
502,LATAM,WHY_LATAM,608,257,0.42269736842105265
503,EUROPE,DIEGO,239,227,0.9497907949790795
503,EUROPE,RENOVISOR,600,395,0.6583333333333333
503,EUROPE,WHY_EUROPE,161,145,0.9006211180124224
503,LATAM,WHY_LATAM,608,269,0.44243421052631576
504,EUROPE,DIEGO,240,229,0.9541666666666667
504,EUROPE,RENOVISOR,610,378,0.6196721311475409
504,EUROPE,WHY_EUROPE,150,133,0.8866666666666667
504,LATAM,WHY_LATAM,608,274,0.4506578947368421
505,EUROPE,DIEGO,237,223,0.9409282700421941
505,EUROPE,RENOVISOR,627,400,0.6379585326953748
505,EUROPE,WHY_EUROPE,136,119,0.875
505,LATAM,WHY_LATAM,608,259,0.42598684210526316
506,EUROPE,DIEGO,248,231,0.9314516129032258
506,EUROPE,RENOVISOR,621,404,0.6505636070853462
506,EUROPE,WHY_EUROPE,131,118,0.9007633587786259
506,LATAM,WHY_LATAM,608,260,0.4276315789473684
507,EUROPE,DIEGO,251,226,0.900398406374502
507,EUROPE,RENOVISOR,618,394,0.6375404530744336
507,EUROPE,WHY_EUROPE,131,125,0.9541984732824428
507,LATAM,WHY_LATAM,608,264,0.4342105263157895
508,EUROPE,DIEGO,244,226,0.9262295081967213
508,EUROPE,RENOVISOR,633,409,0.6461295418641391
508,EUROPE,WHY_EUROPE,123,117,0.9512195121951219
508,LATAM,WHY_LATAM,608,270,0.4440789473684211
509,EUROPE,DIEGO,252,240,0.9523809523809523
509,EUROPE,RENOVISOR,595,376,0.6319327731092437
509,EUROPE,WHY_EUROPE,153,138,0.9019607843137255
509,LATAM,WHY_LATAM,608,266,0.4375
510,EUROPE,DIEGO,235,218,0.9276595744680851
510,EUROPE,RENOVISOR,617,393,0.6369529983792545
510,EUROPE,WHY_EUROPE,148,133,0.8986486486486487
510,LATAM,WHY_LATAM,608,270,0.4440789473684211
511,EUROPE,DIEGO,248,226,0.9112903225806451
511,EUROPE,RENOVISOR,624,392,0.6282051282051282
511,EUROPE,WHY_EUROPE,128,121,0.9453125
511,LATAM,WHY_LATAM,608,274,0.4506578947368421
512,EUROPE,DIEGO,256,238,0.9296875
512,EUROPE,RENOVISOR,599,384,0.6410684474123539
512,EUROPE,WHY_EUROPE,145,131,0.903448275862069
512,LATAM,WHY_LATAM,608,269,0.44243421052631576
513,EUROPE,DIEGO,251,236,0.9402390438247012
513,EUROPE,RENOVISOR,619,382,0.617124394184168
513,EUROPE,WHY_EUROPE,130,128,0.9846153846153847
513,LATAM,WHY_LATAM,608,269,0.44243421052631576
514,EUROPE,DIEGO,224,209,0.9330357142857143
514,EUROPE,RENOVISOR,631,395,0.6259904912836767
514,EUROPE,WHY_EUROPE,145,127,0.8758620689655172
514,LATAM,WHY_LATAM,608,269,0.44243421052631576
515,EUROPE,DIEGO,273,250,0.9157509157509157
515,EUROPE,RENOVISOR,598,380,0.6354515050167224
515,EUROPE,WHY_EUROPE,129,121,0.937984496124031
515,LATAM,WHY_LATAM,608,271,0.4457236842105263
516,EUROPE,DIEGO,259,240,0.9266409266409267
516,EUROPE,RENOVISOR,612,386,0.630718954248366
516,EUROPE,WHY_EUROPE,129,118,0.9147286821705426
516,LATAM,WHY_LATAM,608,254,0.41776315789473684
517,EUROPE,DIEGO,236,213,0.902542372881356
517,EUROPE,RENOVISOR,618,385,0.6229773462783171
517,EUROPE,WHY_EUROPE,146,134,0.9178082191780822
517,LATAM,WHY_LATAM,608,279,0.4588815789473684
518,EUROPE,DIEGO,241,226,0.9377593360995851
518,EUROPE,RENOVISOR,629,384,0.6104928457869634
518,EUROPE,WHY_EUROPE,130,121,0.9307692307692308
518,LATAM,WHY_LATAM,608,275,0.45230263157894735
519,EUROPE,DIEGO,259,248,0.9575289575289575
519,EUROPE,RENOVISOR,595,384,0.6453781512605042
519,EUROPE,WHY_EUROPE,146,137,0.9383561643835616
519,LATAM,WHY_LATAM,608,264,0.4342105263157895
520,EUROPE,DIEGO,250,229,0.916
520,EUROPE,RENOVISOR,610,393,0.6442622950819672
520,EUROPE,WHY_EUROPE,140,125,0.8928571428571429
520,LATAM,WHY_LATAM,608,253,0.4161184210526316
521,EUROPE,DIEGO,245,225,0.9183673469387755
521,EUROPE,RENOVISOR,608,391,0.6430921052631579
521,EUROPE,WHY_EUROPE,147,132,0.8979591836734694
521,LATAM,WHY_LATAM,608,261,0.4292763157894737
522,EUROPE,DIEGO,254,236,0.9291338582677166
522,EUROPE,RENOVISOR,610,404,0.6622950819672131
522,EUROPE,WHY_EUROPE,136,122,0.8970588235294118
522,LATAM,WHY_LATAM,608,260,0.4276315789473684
523,EUROPE,DIEGO,247,232,0.9392712550607287
523,EUROPE,RENOVISOR,624,406,0.6506410256410257
523,EUROPE,WHY_EUROPE,129,123,0.9534883720930233
523,LATAM,WHY_LATAM,608,273,0.44901315789473684
524,EUROPE,DIEGO,238,224,0.9411764705882353
524,EUROPE,RENOVISOR,607,392,0.6457990115321252
524,EUROPE,WHY_EUROPE,155,142,0.9161290322580645
524,LATAM,WHY_LATAM,608,270,0.4440789473684211
525,EUROPE,DIEGO,262,240,0.916030534351145
525,EUROPE,RENOVISOR,591,383,0.6480541455160744
525,EUROPE,WHY_EUROPE,147,135,0.9183673469387755
525,LATAM,WHY_LATAM,608,269,0.44243421052631576
526,EUROPE,DIEGO,236,214,0.9067796610169492
526,EUROPE,RENOVISOR,618,384,0.6213592233009708
526,EUROPE,WHY_EUROPE,146,139,0.952054794520548
526,LATAM,WHY_LATAM,608,270,0.4440789473684211
527,EUROPE,DIEGO,260,240,0.9230769230769231
527,EUROPE,RENOVISOR,610,377,0.6180327868852459
527,EUROPE,WHY_EUROPE,130,125,0.9615384615384616
527,LATAM,WHY_LATAM,608,269,0.44243421052631576
528,EUROPE,DIEGO,243,230,0.9465020576131687
528,EUROPE,RENOVISOR,608,400,0.6578947368421053
528,EUROPE,WHY_EUROPE,149,141,0.9463087248322147
528,LATAM,WHY_LATAM,608,270,0.4440789473684211
529,EUROPE,DIEGO,261,240,0.9195402298850575
529,EUROPE,RENOVISOR,607,382,0.6293245469522241
529,EUROPE,WHY_EUROPE,132,121,0.9166666666666666
529,LATAM,WHY_LATAM,608,263,0.43256578947368424
530,EUROPE,DIEGO,269,258,0.9591078066914498
530,EUROPE,RENOVISOR,605,392,0.6479338842975206
530,EUROPE,WHY_EUROPE,126,112,0.8888888888888888
530,LATAM,WHY_LATAM,608,272,0.4473684210526316
531,EUROPE,DIEGO,253,227,0.8972332015810277
531,EUROPE,RENOVISOR,622,395,0.635048231511254
531,EUROPE,WHY_EUROPE,125,115,0.92
531,LATAM,WHY_LATAM,608,260,0.4276315789473684
532,EUROPE,DIEGO,263,246,0.935361216730038
532,EUROPE,RENOVISOR,610,394,0.6459016393442623
532,EUROPE,WHY_EUROPE,127,118,0.9291338582677166
532,LATAM,WHY_LATAM,608,255,0.4194078947368421
533,EUROPE,DIEGO,267,248,0.9288389513108615
533,EUROPE,RENOVISOR,587,363,0.6183986371379898
533,EUROPE,WHY_EUROPE,146,132,0.9041095890410958
533,LATAM,WHY_LATAM,608,273,0.44901315789473684
534,EUROPE,DIEGO,259,241,0.9305019305019305
534,EUROPE,RENOVISOR,619,405,0.654281098546042
534,EUROPE,WHY_EUROPE,122,119,0.9754098360655737
534,LATAM,WHY_LATAM,608,268,0.4407894736842105
535,EUROPE,DIEGO,262,241,0.9198473282442748
535,EUROPE,RENOVISOR,608,379,0.6233552631578947
535,EUROPE,WHY_EUROPE,130,119,0.9153846153846154
535,LATAM,WHY_LATAM,608,259,0.42598684210526316
536,EUROPE,DIEGO,232,217,0.9353448275862069
536,EUROPE,RENOVISOR,623,392,0.6292134831460674
536,EUROPE,WHY_EUROPE,145,134,0.9241379310344827
536,LATAM,WHY_LATAM,608,261,0.4292763157894737
537,EUROPE,DIEGO,249,225,0.9036144578313253
537,EUROPE,RENOVISOR,606,386,0.636963696369637
537,EUROPE,WHY_EUROPE,145,131,0.903448275862069
537,LATAM,WHY_LATAM,608,271,0.4457236842105263
538,EUROPE,DIEGO,221,205,0.9276018099547512
538,EUROPE,RENOVISOR,618,396,0.6407766990291263
538,EUROPE,WHY_EUROPE,161,141,0.8757763975155279
538,LATAM,WHY_LATAM,608,272,0.4473684210526316
539,EUROPE,DIEGO,240,222,0.925
539,EUROPE,RENOVISOR,630,404,0.6412698412698413
539,EUROPE,WHY_EUROPE,130,120,0.9230769230769231
539,LATAM,WHY_LATAM,608,275,0.45230263157894735
540,EUROPE,DIEGO,239,222,0.9288702928870293
540,EUROPE,RENOVISOR,607,393,0.6474464579901154
540,EUROPE,WHY_EUROPE,154,142,0.922077922077922
540,LATAM,WHY_LATAM,608,272,0.4473684210526316
541,EUROPE,DIEGO,253,236,0.932806324110672
541,EUROPE,RENOVISOR,624,399,0.6394230769230769
541,EUROPE,WHY_EUROPE,123,116,0.943089430894309
541,LATAM,WHY_LATAM,608,266,0.4375
542,EUROPE,DIEGO,246,229,0.9308943089430894
542,EUROPE,RENOVISOR,627,407,0.6491228070175439
542,EUROPE,WHY_EUROPE,127,116,0.9133858267716536
542,LATAM,WHY_LATAM,608,259,0.42598684210526316
543,EUROPE,DIEGO,268,248,0.9253731343283582
543,EUROPE,RENOVISOR,584,375,0.6421232876712328
543,EUROPE,WHY_EUROPE,148,133,0.8986486486486487
543,LATAM,WHY_LATAM,608,276,0.45394736842105265
544,EUROPE,DIEGO,269,251,0.9330855018587361
544,EUROPE,RENOVISOR,617,390,0.6320907617504052
544,EUROPE,WHY_EUROPE,114,110,0.9649122807017544
544,LATAM,WHY_LATAM,608,261,0.4292763157894737
545,EUROPE,DIEGO,261,242,0.9272030651340997
545,EUROPE,RENOVISOR,601,384,0.6389351081530782
545,EUROPE,WHY_EUROPE,138,123,0.8913043478260869
545,LATAM,WHY_LATAM,608,266,0.4375
546,EUROPE,DIEGO,252,232,0.9206349206349206
546,EUROPE,RENOVISOR,609,377,0.6190476190476191
546,EUROPE,WHY_EUROPE,139,129,0.9280575539568345
546,LATAM,WHY_LATAM,608,273,0.44901315789473684
547,EUROPE,DIEGO,270,251,0.9296296296296296
547,EUROPE,RENOVISOR,597,379,0.6348408710217756
547,EUROPE,WHY_EUROPE,133,125,0.9398496240601504
547,LATAM,WHY_LATAM,608,273,0.44901315789473684
548,EUROPE,DIEGO,252,237,0.9404761904761905
548,EUROPE,RENOVISOR,615,395,0.6422764227642277
548,EUROPE,WHY_EUROPE,133,124,0.9323308270676691
548,LATAM,WHY_LATAM,608,273,0.44901315789473684
549,EUROPE,DIEGO,246,226,0.9186991869918699
549,EUROPE,RENOVISOR,620,397,0.6403225806451613
549,EUROPE,WHY_EUROPE,134,126,0.9402985074626866
549,LATAM,WHY_LATAM,608,262,0.4309210526315789
550,EUROPE,DIEGO,259,244,0.9420849420849421
550,EUROPE,RENOVISOR,606,379,0.6254125412541254
550,EUROPE,WHY_EUROPE,135,126,0.9333333333333333
550,LATAM,WHY_LATAM,608,263,0.43256578947368424
551,EUROPE,DIEGO,250,233,0.932
551,EUROPE,RENOVISOR,611,382,0.6252045826513911
551,EUROPE,WHY_EUROPE,139,128,0.920863309352518
551,LATAM,WHY_LATAM,608,255,0.4194078947368421
552,EUROPE,DIEGO,262,241,0.9198473282442748
552,EUROPE,RENOVISOR,604,403,0.6672185430463576
552,EUROPE,WHY_EUROPE,134,124,0.9253731343283582
552,LATAM,WHY_LATAM,608,269,0.44243421052631576
553,EUROPE,DIEGO,251,229,0.9123505976095617
553,EUROPE,RENOVISOR,603,374,0.6202321724709784
553,EUROPE,WHY_EUROPE,146,134,0.9178082191780822
553,LATAM,WHY_LATAM,608,262,0.4309210526315789
554,EUROPE,DIEGO,250,233,0.932
554,EUROPE,RENOVISOR,611,396,0.6481178396072013
554,EUROPE,WHY_EUROPE,139,126,0.9064748201438849
554,LATAM,WHY_LATAM,608,273,0.44901315789473684
555,EUROPE,DIEGO,243,225,0.9259259259259259
555,EUROPE,RENOVISOR,607,381,0.627677100494234
555,EUROPE,WHY_EUROPE,150,137,0.9133333333333333
555,LATAM,WHY_LATAM,608,263,0.43256578947368424
556,EUROPE,DIEGO,234,219,0.9358974358974359
556,EUROPE,RENOVISOR,620,389,0.6274193548387097
556,EUROPE,WHY_EUROPE,146,136,0.9315068493150684
556,LATAM,WHY_LATAM,608,273,0.44901315789473684
557,EUROPE,DIEGO,237,222,0.9367088607594937
557,EUROPE,RENOVISOR,621,392,0.6312399355877617
557,EUROPE,WHY_EUROPE,142,130,0.9154929577464789
557,LATAM,WHY_LATAM,608,273,0.44901315789473684
558,EUROPE,DIEGO,240,225,0.9375
558,EUROPE,RENOVISOR,614,393,0.6400651465798045
558,EUROPE,WHY_EUROPE,146,130,0.8904109589041096
558,LATAM,WHY_LATAM,608,279,0.4588815789473684
559,EUROPE,DIEGO,272,256,0.9411764705882353
559,EUROPE,RENOVISOR,616,391,0.6347402597402597
559,EUROPE,WHY_EUROPE,112,105,0.9375
559,LATAM,WHY_LATAM,608,265,0.43585526315789475
560,EUROPE,DIEGO,254,231,0.9094488188976378
560,EUROPE,RENOVISOR,599,392,0.654424040066778
560,EUROPE,WHY_EUROPE,147,137,0.9319727891156463
560,LATAM,WHY_LATAM,608,265,0.43585526315789475
561,EUROPE,DIEGO,251,227,0.9043824701195219
561,EUROPE,RENOVISOR,608,393,0.6463815789473685
561,EUROPE,WHY_EUROPE,141,131,0.9290780141843972
561,LATAM,WHY_LATAM,608,268,0.4407894736842105
562,EUROPE,DIEGO,251,232,0.9243027888446215
562,EUROPE,RENOVISOR,610,379,0.6213114754098361
562,EUROPE,WHY_EUROPE,139,125,0.8992805755395683
562,LATAM,WHY_LATAM,608,269,0.44243421052631576
563,EUROPE,DIEGO,238,230,0.9663865546218487
563,EUROPE,RENOVISOR,623,395,0.6340288924558587
563,EUROPE,WHY_EUROPE,139,126,0.9064748201438849
563,LATAM,WHY_LATAM,608,262,0.4309210526315789
564,EUROPE,DIEGO,247,234,0.9473684210526315
564,EUROPE,RENOVISOR,596,372,0.6241610738255033
564,EUROPE,WHY_EUROPE,157,140,0.89171974522293
564,LATAM,WHY_LATAM,608,264,0.4342105263157895
565,EUROPE,DIEGO,260,244,0.9384615384615385
565,EUROPE,RENOVISOR,594,384,0.6464646464646465
565,EUROPE,WHY_EUROPE,146,135,0.9246575342465754
565,LATAM,WHY_LATAM,608,272,0.4473684210526316
566,EUROPE,DIEGO,258,242,0.937984496124031
566,EUROPE,RENOVISOR,619,396,0.6397415185783522
566,EUROPE,WHY_EUROPE,123,119,0.967479674796748
566,LATAM,WHY_LATAM,608,267,0.43914473684210525
567,EUROPE,DIEGO,241,225,0.9336099585062241
567,EUROPE,RENOVISOR,622,393,0.6318327974276527
567,EUROPE,WHY_EUROPE,137,121,0.8832116788321168
567,LATAM,WHY_LATAM,608,275,0.45230263157894735
568,EUROPE,DIEGO,276,246,0.8913043478260869
568,EUROPE,RENOVISOR,596,392,0.6577181208053692
568,EUROPE,WHY_EUROPE,128,124,0.96875
568,LATAM,WHY_LATAM,608,260,0.4276315789473684
569,EUROPE,DIEGO,238,216,0.907563025210084
569,EUROPE,RENOVISOR,622,410,0.6591639871382636
569,EUROPE,WHY_EUROPE,140,133,0.95
569,LATAM,WHY_LATAM,608,267,0.43914473684210525
570,EUROPE,DIEGO,246,227,0.9227642276422764
570,EUROPE,RENOVISOR,615,396,0.6439024390243903
570,EUROPE,WHY_EUROPE,139,125,0.8992805755395683
570,LATAM,WHY_LATAM,608,260,0.4276315789473684
571,EUROPE,DIEGO,240,221,0.9208333333333333
571,EUROPE,RENOVISOR,609,385,0.632183908045977
571,EUROPE,WHY_EUROPE,151,130,0.8609271523178808
571,LATAM,WHY_LATAM,608,268,0.4407894736842105
572,EUROPE,DIEGO,249,227,0.9116465863453815
572,EUROPE,RENOVISOR,615,393,0.6390243902439025
572,EUROPE,WHY_EUROPE,136,128,0.9411764705882353
572,LATAM,WHY_LATAM,608,269,0.44243421052631576
573,EUROPE,DIEGO,256,234,0.9140625
573,EUROPE,RENOVISOR,617,399,0.646677471636953
573,EUROPE,WHY_EUROPE,127,119,0.937007874015748
573,LATAM,WHY_LATAM,608,261,0.4292763157894737
574,EUROPE,DIEGO,238,217,0.9117647058823529
574,EUROPE,RENOVISOR,623,399,0.6404494382022472
574,EUROPE,WHY_EUROPE,139,134,0.9640287769784173
574,LATAM,WHY_LATAM,608,265,0.43585526315789475
575,EUROPE,DIEGO,259,244,0.9420849420849421
575,EUROPE,RENOVISOR,612,392,0.6405228758169934
575,EUROPE,WHY_EUROPE,129,119,0.9224806201550387
575,LATAM,WHY_LATAM,608,262,0.4309210526315789
576,EUROPE,DIEGO,231,207,0.8961038961038961
576,EUROPE,RENOVISOR,627,389,0.620414673046252
576,EUROPE,WHY_EUROPE,142,131,0.9225352112676056
576,LATAM,WHY_LATAM,608,277,0.4555921052631579
577,EUROPE,DIEGO,238,223,0.9369747899159664
577,EUROPE,RENOVISOR,606,404,0.6666666666666666
577,EUROPE,WHY_EUROPE,156,141,0.9038461538461539
577,LATAM,WHY_LATAM,608,272,0.4473684210526316
578,EUROPE,DIEGO,247,234,0.9473684210526315
578,EUROPE,RENOVISOR,605,379,0.6264462809917355
578,EUROPE,WHY_EUROPE,148,126,0.8513513513513513
578,LATAM,WHY_LATAM,608,278,0.45723684210526316
579,EUROPE,DIEGO,259,240,0.9266409266409267
579,EUROPE,RENOVISOR,612,389,0.6356209150326797
579,EUROPE,WHY_EUROPE,129,125,0.9689922480620154
579,LATAM,WHY_LATAM,608,255,0.4194078947368421
580,EUROPE,DIEGO,269,249,0.9256505576208178
580,EUROPE,RENOVISOR,618,402,0.6504854368932039
580,EUROPE,WHY_EUROPE,113,106,0.9380530973451328
580,LATAM,WHY_LATAM,608,267,0.43914473684210525
581,EUROPE,DIEGO,232,211,0.9094827586206896
581,EUROPE,RENOVISOR,626,409,0.6533546325878594
581,EUROPE,WHY_EUROPE,142,135,0.9507042253521126
581,LATAM,WHY_LATAM,608,266,0.4375
582,EUROPE,DIEGO,228,217,0.9517543859649122
582,EUROPE,RENOVISOR,618,383,0.6197411003236246
582,EUROPE,WHY_EUROPE,154,141,0.9155844155844156
582,LATAM,WHY_LATAM,608,267,0.43914473684210525
583,EUROPE,DIEGO,261,238,0.9118773946360154
583,EUROPE,RENOVISOR,614,392,0.6384364820846905
583,EUROPE,WHY_EUROPE,125,119,0.952
583,LATAM,WHY_LATAM,608,273,0.44901315789473684
584,EUROPE,DIEGO,236,216,0.9152542372881356
584,EUROPE,RENOVISOR,609,383,0.6288998357963875
584,EUROPE,WHY_EUROPE,155,145,0.9354838709677419
584,LATAM,WHY_LATAM,608,271,0.4457236842105263
585,EUROPE,DIEGO,240,228,0.95
585,EUROPE,RENOVISOR,623,396,0.6356340288924559
585,EUROPE,WHY_EUROPE,137,133,0.9708029197080292
585,LATAM,WHY_LATAM,608,268,0.4407894736842105
586,EUROPE,DIEGO,236,213,0.902542372881356
586,EUROPE,RENOVISOR,616,388,0.6298701298701299
586,EUROPE,WHY_EUROPE,148,139,0.9391891891891891
586,LATAM,WHY_LATAM,608,263,0.43256578947368424
587,EUROPE,DIEGO,257,240,0.933852140077821
587,EUROPE,RENOVISOR,625,390,0.624
587,EUROPE,WHY_EUROPE,118,112,0.9491525423728814
587,LATAM,WHY_LATAM,608,277,0.4555921052631579
588,EUROPE,DIEGO,283,255,0.901060070671378
588,EUROPE,RENOVISOR,592,371,0.6266891891891891
588,EUROPE,WHY_EUROPE,125,119,0.952
588,LATAM,WHY_LATAM,608,255,0.4194078947368421
589,EUROPE,DIEGO,252,236,0.9365079365079365
589,EUROPE,RENOVISOR,602,383,0.6362126245847176
589,EUROPE,WHY_EUROPE,146,138,0.9452054794520548
589,LATAM,WHY_LATAM,608,258,0.4243421052631579
590,EUROPE,DIEGO,250,228,0.912
590,EUROPE,RENOVISOR,606,379,0.6254125412541254
590,EUROPE,WHY_EUROPE,144,132,0.9166666666666666
590,LATAM,WHY_LATAM,608,271,0.4457236842105263
591,EUROPE,DIEGO,250,233,0.932
591,EUROPE,RENOVISOR,620,406,0.6548387096774193
591,EUROPE,WHY_EUROPE,130,118,0.9076923076923077
591,LATAM,WHY_LATAM,608,259,0.42598684210526316
592,EUROPE,DIEGO,263,242,0.9201520912547528
592,EUROPE,RENOVISOR,616,394,0.6396103896103896
592,EUROPE,WHY_EUROPE,121,113,0.9338842975206612
592,LATAM,WHY_LATAM,608,265,0.43585526315789475
593,EUROPE,DIEGO,230,215,0.9347826086956522
593,EUROPE,RENOVISOR,627,403,0.6427432216905901
593,EUROPE,WHY_EUROPE,143,133,0.9300699300699301
593,LATAM,WHY_LATAM,608,278,0.45723684210526316
594,EUROPE,DIEGO,241,226,0.9377593360995851
594,EUROPE,RENOVISOR,613,394,0.6427406199021207
594,EUROPE,WHY_EUROPE,146,131,0.8972602739726028
594,LATAM,WHY_LATAM,608,269,0.44243421052631576
595,EUROPE,DIEGO,280,254,0.9071428571428571
595,EUROPE,RENOVISOR,605,387,0.6396694214876033
595,EUROPE,WHY_EUROPE,115,103,0.8956521739130435
595,LATAM,WHY_LATAM,608,266,0.4375
596,EUROPE,DIEGO,275,253,0.92
596,EUROPE,RENOVISOR,599,380,0.6343906510851419
596,EUROPE,WHY_EUROPE,126,121,0.9603174603174603
596,LATAM,WHY_LATAM,608,270,0.4440789473684211
597,EUROPE,DIEGO,236,217,0.9194915254237288
597,EUROPE,RENOVISOR,621,401,0.6457326892109501
597,EUROPE,WHY_EUROPE,143,130,0.9090909090909091
597,LATAM,WHY_LATAM,608,273,0.44901315789473684
598,EUROPE,DIEGO,238,222,0.9327731092436975
598,EUROPE,RENOVISOR,628,401,0.6385350318471338
598,EUROPE,WHY_EUROPE,134,122,0.9104477611940298
598,LATAM,WHY_LATAM,608,268,0.4407894736842105
599,EUROPE,DIEGO,235,220,0.9361702127659575
599,EUROPE,RENOVISOR,618,391,0.6326860841423948
599,EUROPE,WHY_EUROPE,147,136,0.9251700680272109
599,LATAM,WHY_LATAM,608,270,0.4440789473684211
600,EUROPE,DIEGO,238,225,0.9453781512605042
600,EUROPE,RENOVISOR,608,386,0.6348684210526315
600,EUROPE,WHY_EUROPE,154,137,0.8896103896103896
600,LATAM,WHY_LATAM,608,283,0.4654605263157895
601,EUROPE,DIEGO,267,243,0.9101123595505618
601,EUROPE,RENOVISOR,604,393,0.6506622516556292
601,EUROPE,WHY_EUROPE,129,119,0.9224806201550387
601,LATAM,WHY_LATAM,608,273,0.44901315789473684
602,EUROPE,DIEGO,239,222,0.9288702928870293
602,EUROPE,RENOVISOR,627,387,0.6172248803827751
602,EUROPE,WHY_EUROPE,134,130,0.9701492537313433
602,LATAM,WHY_LATAM,608,277,0.4555921052631579
603,EUROPE,DIEGO,242,228,0.9421487603305785
603,EUROPE,RENOVISOR,612,392,0.6405228758169934
603,EUROPE,WHY_EUROPE,146,130,0.8904109589041096
603,LATAM,WHY_LATAM,608,272,0.4473684210526316
604,EUROPE,DIEGO,228,204,0.8947368421052632
604,EUROPE,RENOVISOR,627,394,0.6283891547049442
604,EUROPE,WHY_EUROPE,145,133,0.9172413793103448
604,LATAM,WHY_LATAM,608,268,0.4407894736842105
605,EUROPE,DIEGO,258,240,0.9302325581395349
605,EUROPE,RENOVISOR,611,386,0.6317512274959084
605,EUROPE,WHY_EUROPE,131,123,0.9389312977099237
605,LATAM,WHY_LATAM,608,262,0.4309210526315789
606,EUROPE,DIEGO,250,226,0.904
606,EUROPE,RENOVISOR,611,385,0.630114566284779
606,EUROPE,WHY_EUROPE,139,130,0.935251798561151
606,LATAM,WHY_LATAM,608,261,0.4292763157894737
607,EUROPE,DIEGO,249,231,0.927710843373494
607,EUROPE,RENOVISOR,606,373,0.6155115511551155
607,EUROPE,WHY_EUROPE,145,131,0.903448275862069
607,LATAM,WHY_LATAM,608,262,0.4309210526315789
608,EUROPE,DIEGO,243,222,0.9135802469135802
608,EUROPE,RENOVISOR,608,391,0.6430921052631579
608,EUROPE,WHY_EUROPE,149,135,0.9060402684563759
608,LATAM,WHY_LATAM,608,267,0.43914473684210525
609,EUROPE,DIEGO,259,238,0.918918918918919
609,EUROPE,RENOVISOR,616,398,0.6461038961038961
609,EUROPE,WHY_EUROPE,125,116,0.928
609,LATAM,WHY_LATAM,608,265,0.43585526315789475
610,EUROPE,DIEGO,243,222,0.9135802469135802
610,EUROPE,RENOVISOR,626,390,0.6230031948881789
610,EUROPE,WHY_EUROPE,131,117,0.8931297709923665
610,LATAM,WHY_LATAM,608,256,0.42105263157894735
611,EUROPE,DIEGO,234,212,0.905982905982906
611,EUROPE,RENOVISOR,605,381,0.6297520661157024
611,EUROPE,WHY_EUROPE,161,148,0.9192546583850931
611,LATAM,WHY_LATAM,608,263,0.43256578947368424
612,EUROPE,DIEGO,241,223,0.9253112033195021
612,EUROPE,RENOVISOR,612,400,0.6535947712418301
612,EUROPE,WHY_EUROPE,147,134,0.9115646258503401
612,LATAM,WHY_LATAM,608,259,0.42598684210526316
613,EUROPE,DIEGO,245,228,0.9306122448979591
613,EUROPE,RENOVISOR,617,397,0.6434359805510534
613,EUROPE,WHY_EUROPE,138,130,0.9420289855072463
613,LATAM,WHY_LATAM,608,267,0.43914473684210525
614,EUROPE,DIEGO,258,237,0.9186046511627907
614,EUROPE,RENOVISOR,631,395,0.6259904912836767
614,EUROPE,WHY_EUROPE,111,101,0.9099099099099099
614,LATAM,WHY_LATAM,608,278,0.45723684210526316
615,EUROPE,DIEGO,255,231,0.9058823529411765
615,EUROPE,RENOVISOR,602,368,0.6112956810631229
615,EUROPE,WHY_EUROPE,143,127,0.8881118881118881
615,LATAM,WHY_LATAM,608,274,0.4506578947368421
616,EUROPE,DIEGO,255,235,0.9215686274509803
616,EUROPE,RENOVISOR,609,387,0.6354679802955665
616,EUROPE,WHY_EUROPE,136,124,0.9117647058823529
616,LATAM,WHY_LATAM,608,260,0.4276315789473684
617,EUROPE,DIEGO,256,237,0.92578125
617,EUROPE,RENOVISOR,616,407,0.6607142857142857
617,EUROPE,WHY_EUROPE,128,116,0.90625
617,LATAM,WHY_LATAM,608,260,0.4276315789473684
618,EUROPE,DIEGO,250,226,0.904
618,EUROPE,RENOVISOR,614,402,0.6547231270358306
618,EUROPE,WHY_EUROPE,136,118,0.8676470588235294
618,LATAM,WHY_LATAM,608,272,0.4473684210526316
619,EUROPE,DIEGO,237,221,0.9324894514767933
619,EUROPE,RENOVISOR,619,400,0.6462035541195477
619,EUROPE,WHY_EUROPE,144,132,0.9166666666666666
619,LATAM,WHY_LATAM,608,275,0.45230263157894735
620,EUROPE,DIEGO,243,221,0.9094650205761317
620,EUROPE,RENOVISOR,618,389,0.6294498381877023
620,EUROPE,WHY_EUROPE,139,131,0.9424460431654677
620,LATAM,WHY_LATAM,608,261,0.4292763157894737
621,EUROPE,DIEGO,252,236,0.9365079365079365
621,EUROPE,RENOVISOR,600,390,0.65
621,EUROPE,WHY_EUROPE,148,133,0.8986486486486487
621,LATAM,WHY_LATAM,608,269,0.44243421052631576
622,EUROPE,DIEGO,240,213,0.8875
622,EUROPE,RENOVISOR,605,381,0.6297520661157024
622,EUROPE,WHY_EUROPE,155,137,0.8838709677419355
622,LATAM,WHY_LATAM,608,262,0.4309210526315789
623,EUROPE,DIEGO,248,231,0.9314516129032258
623,EUROPE,RENOVISOR,616,390,0.6331168831168831
623,EUROPE,WHY_EUROPE,136,127,0.9338235294117647
623,LATAM,WHY_LATAM,608,266,0.4375
624,EUROPE,DIEGO,237,221,0.9324894514767933
624,EUROPE,RENOVISOR,619,386,0.6235864297253635
624,EUROPE,WHY_EUROPE,144,131,0.9097222222222222
624,LATAM,WHY_LATAM,608,264,0.4342105263157895
625,EUROPE,DIEGO,235,218,0.9276595744680851
625,EUROPE,RENOVISOR,619,397,0.6413570274636511
625,EUROPE,WHY_EUROPE,146,129,0.8835616438356164
625,LATAM,WHY_LATAM,608,244,0.40131578947368424
626,EUROPE,DIEGO,241,219,0.9087136929460581
626,EUROPE,RENOVISOR,625,405,0.648
626,EUROPE,WHY_EUROPE,134,124,0.9253731343283582
626,LATAM,WHY_LATAM,608,274,0.4506578947368421
627,EUROPE,DIEGO,269,245,0.9107806691449815
627,EUROPE,RENOVISOR,599,370,0.6176961602671118
627,EUROPE,WHY_EUROPE,132,125,0.946969696969697
627,LATAM,WHY_LATAM,608,271,0.4457236842105263
628,EUROPE,DIEGO,243,214,0.8806584362139918
628,EUROPE,RENOVISOR,621,395,0.6360708534621579
628,EUROPE,WHY_EUROPE,136,127,0.9338235294117647
628,LATAM,WHY_LATAM,608,261,0.4292763157894737
629,EUROPE,DIEGO,253,232,0.9169960474308301
629,EUROPE,RENOVISOR,608,397,0.6529605263157895
629,EUROPE,WHY_EUROPE,139,133,0.9568345323741008
629,LATAM,WHY_LATAM,608,272,0.4473684210526316
630,EUROPE,DIEGO,259,243,0.9382239382239382
630,EUROPE,RENOVISOR,603,377,0.6252072968490879
630,EUROPE,WHY_EUROPE,138,131,0.9492753623188406
630,LATAM,WHY_LATAM,608,259,0.42598684210526316
631,EUROPE,DIEGO,233,219,0.9399141630901288
631,EUROPE,RENOVISOR,624,405,0.6490384615384616
631,EUROPE,WHY_EUROPE,143,131,0.916083916083916
631,LATAM,WHY_LATAM,608,265,0.43585526315789475
632,EUROPE,DIEGO,257,242,0.9416342412451362
632,EUROPE,RENOVISOR,609,392,0.6436781609195402
632,EUROPE,WHY_EUROPE,134,127,0.9477611940298507
632,LATAM,WHY_LATAM,608,266,0.4375
633,EUROPE,DIEGO,238,216,0.907563025210084
633,EUROPE,RENOVISOR,618,399,0.6456310679611651
633,EUROPE,WHY_EUROPE,144,139,0.9652777777777778
633,LATAM,WHY_LATAM,608,272,0.4473684210526316
634,EUROPE,DIEGO,234,225,0.9615384615384616
634,EUROPE,RENOVISOR,625,401,0.6416
634,EUROPE,WHY_EUROPE,141,129,0.9148936170212766
634,LATAM,WHY_LATAM,608,268,0.4407894736842105
635,EUROPE,DIEGO,259,237,0.915057915057915
635,EUROPE,RENOVISOR,611,389,0.6366612111292962
635,EUROPE,WHY_EUROPE,130,125,0.9615384615384616
635,LATAM,WHY_LATAM,608,274,0.4506578947368421
636,EUROPE,DIEGO,255,237,0.9294117647058824
636,EUROPE,RENOVISOR,615,394,0.640650406504065
636,EUROPE,WHY_EUROPE,130,120,0.9230769230769231
636,LATAM,WHY_LATAM,608,269,0.44243421052631576
637,EUROPE,DIEGO,267,246,0.9213483146067416
637,EUROPE,RENOVISOR,611,400,0.6546644844517185
637,EUROPE,WHY_EUROPE,122,114,0.9344262295081968
637,LATAM,WHY_LATAM,608,267,0.43914473684210525
638,EUROPE,DIEGO,246,226,0.9186991869918699
638,EUROPE,RENOVISOR,610,387,0.6344262295081967
638,EUROPE,WHY_EUROPE,144,132,0.9166666666666666
638,LATAM,WHY_LATAM,608,271,0.4457236842105263
639,EUROPE,DIEGO,268,242,0.9029850746268657
639,EUROPE,RENOVISOR,601,391,0.6505823627287853
639,EUROPE,WHY_EUROPE,131,120,0.916030534351145
639,LATAM,WHY_LATAM,608,266,0.4375
640,EUROPE,DIEGO,253,234,0.924901185770751
640,EUROPE,RENOVISOR,612,396,0.6470588235294118
640,EUROPE,WHY_EUROPE,135,123,0.9111111111111111
640,LATAM,WHY_LATAM,608,264,0.4342105263157895
641,EUROPE,DIEGO,236,213,0.902542372881356
641,EUROPE,RENOVISOR,623,387,0.6211878009630819
641,EUROPE,WHY_EUROPE,141,124,0.8794326241134752
641,LATAM,WHY_LATAM,608,254,0.41776315789473684
642,EUROPE,DIEGO,247,222,0.8987854251012146
642,EUROPE,RENOVISOR,604,391,0.6473509933774835
642,EUROPE,WHY_EUROPE,149,138,0.9261744966442953
642,LATAM,WHY_LATAM,608,274,0.4506578947368421
643,EUROPE,DIEGO,250,234,0.936
643,EUROPE,RENOVISOR,618,395,0.63915857605178
643,EUROPE,WHY_EUROPE,132,123,0.9318181818181818
643,LATAM,WHY_LATAM,608,273,0.44901315789473684
644,EUROPE,DIEGO,249,232,0.9317269076305221
644,EUROPE,RENOVISOR,613,385,0.6280587275693311
644,EUROPE,WHY_EUROPE,138,128,0.927536231884058
644,LATAM,WHY_LATAM,608,275,0.45230263157894735
645,EUROPE,DIEGO,269,244,0.9070631970260223
645,EUROPE,RENOVISOR,596,390,0.6543624161073825
645,EUROPE,WHY_EUROPE,135,126,0.9333333333333333
645,LATAM,WHY_LATAM,608,276,0.45394736842105265
646,EUROPE,DIEGO,255,244,0.9568627450980393
646,EUROPE,RENOVISOR,599,388,0.6477462437395659
646,EUROPE,WHY_EUROPE,146,129,0.8835616438356164
646,LATAM,WHY_LATAM,608,269,0.44243421052631576
647,EUROPE,DIEGO,238,226,0.9495798319327731
647,EUROPE,RENOVISOR,613,382,0.6231647634584013
647,EUROPE,WHY_EUROPE,149,140,0.9395973154362416
647,LATAM,WHY_LATAM,608,260,0.4276315789473684
648,EUROPE,DIEGO,250,223,0.892
648,EUROPE,RENOVISOR,616,381,0.6185064935064936
648,EUROPE,WHY_EUROPE,134,122,0.9104477611940298
648,LATAM,WHY_LATAM,608,266,0.4375
649,EUROPE,DIEGO,228,212,0.9298245614035088
649,EUROPE,RENOVISOR,623,389,0.6243980738362761
649,EUROPE,WHY_EUROPE,149,141,0.9463087248322147
649,LATAM,WHY_LATAM,608,266,0.4375
650,EUROPE,DIEGO,258,233,0.9031007751937985
650,EUROPE,RENOVISOR,602,377,0.6262458471760798
650,EUROPE,WHY_EUROPE,140,124,0.8857142857142857
650,LATAM,WHY_LATAM,608,272,0.4473684210526316
651,EUROPE,DIEGO,238,226,0.9495798319327731
651,EUROPE,RENOVISOR,614,403,0.6563517915309446
651,EUROPE,WHY_EUROPE,148,139,0.9391891891891891
651,LATAM,WHY_LATAM,608,269,0.44243421052631576
652,EUROPE,DIEGO,258,234,0.9069767441860465
652,EUROPE,RENOVISOR,604,382,0.6324503311258278
652,EUROPE,WHY_EUROPE,138,127,0.9202898550724637
652,LATAM,WHY_LATAM,608,264,0.4342105263157895
653,EUROPE,DIEGO,246,227,0.9227642276422764
653,EUROPE,RENOVISOR,613,393,0.6411092985318108
653,EUROPE,WHY_EUROPE,141,132,0.9361702127659575
653,LATAM,WHY_LATAM,608,258,0.4243421052631579
654,EUROPE,DIEGO,253,235,0.9288537549407114
654,EUROPE,RENOVISOR,611,378,0.618657937806874
654,EUROPE,WHY_EUROPE,136,124,0.9117647058823529
654,LATAM,WHY_LATAM,608,270,0.4440789473684211
655,EUROPE,DIEGO,260,238,0.9153846153846154
655,EUROPE,RENOVISOR,609,387,0.6354679802955665
655,EUROPE,WHY_EUROPE,131,124,0.9465648854961832
655,LATAM,WHY_LATAM,608,280,0.4605263157894737
656,EUROPE,DIEGO,250,233,0.932
656,EUROPE,RENOVISOR,615,396,0.6439024390243903
656,EUROPE,WHY_EUROPE,135,122,0.9037037037037037
656,LATAM,WHY_LATAM,608,270,0.4440789473684211
657,EUROPE,DIEGO,248,234,0.9435483870967742
657,EUROPE,RENOVISOR,599,380,0.6343906510851419
657,EUROPE,WHY_EUROPE,153,141,0.9215686274509803
657,LATAM,WHY_LATAM,608,261,0.4292763157894737
658,EUROPE,DIEGO,253,230,0.9090909090909091
658,EUROPE,RENOVISOR,615,390,0.6341463414634146
658,EUROPE,WHY_EUROPE,132,122,0.9242424242424242
658,LATAM,WHY_LATAM,608,264,0.4342105263157895
659,EUROPE,DIEGO,264,246,0.9318181818181818
659,EUROPE,RENOVISOR,607,394,0.6490939044481054
659,EUROPE,WHY_EUROPE,129,119,0.9224806201550387
659,LATAM,WHY_LATAM,608,273,0.44901315789473684
660,EUROPE,DIEGO,258,242,0.937984496124031
660,EUROPE,RENOVISOR,614,394,0.6416938110749185
660,EUROPE,WHY_EUROPE,128,120,0.9375
660,LATAM,WHY_LATAM,608,259,0.42598684210526316
661,EUROPE,DIEGO,264,242,0.9166666666666666
661,EUROPE,RENOVISOR,602,399,0.6627906976744186
661,EUROPE,WHY_EUROPE,134,122,0.9104477611940298
661,LATAM,WHY_LATAM,608,269,0.44243421052631576
662,EUROPE,DIEGO,246,230,0.9349593495934959
662,EUROPE,RENOVISOR,623,401,0.6436597110754414
662,EUROPE,WHY_EUROPE,131,121,0.9236641221374046
662,LATAM,WHY_LATAM,608,268,0.4407894736842105
663,EUROPE,DIEGO,271,259,0.955719557195572
663,EUROPE,RENOVISOR,608,386,0.6348684210526315
663,EUROPE,WHY_EUROPE,121,115,0.9504132231404959
663,LATAM,WHY_LATAM,608,268,0.4407894736842105
664,EUROPE,DIEGO,255,232,0.9098039215686274
664,EUROPE,RENOVISOR,623,384,0.6163723916532905
664,EUROPE,WHY_EUROPE,122,117,0.9590163934426229
664,LATAM,WHY_LATAM,608,266,0.4375
665,EUROPE,DIEGO,250,231,0.924
665,EUROPE,RENOVISOR,610,375,0.6147540983606558
665,EUROPE,WHY_EUROPE,140,126,0.9
665,LATAM,WHY_LATAM,608,275,0.45230263157894735
666,EUROPE,DIEGO,237,224,0.9451476793248945
666,EUROPE,RENOVISOR,622,388,0.6237942122186495
666,EUROPE,WHY_EUROPE,141,129,0.9148936170212766
666,LATAM,WHY_LATAM,608,271,0.4457236842105263
667,EUROPE,DIEGO,268,241,0.8992537313432836
667,EUROPE,RENOVISOR,607,400,0.6589785831960461
667,EUROPE,WHY_EUROPE,125,111,0.888
667,LATAM,WHY_LATAM,608,264,0.4342105263157895
668,EUROPE,DIEGO,243,226,0.9300411522633745
668,EUROPE,RENOVISOR,603,386,0.6401326699834162
668,EUROPE,WHY_EUROPE,154,139,0.9025974025974026
668,LATAM,WHY_LATAM,608,254,0.41776315789473684
669,EUROPE,DIEGO,259,242,0.9343629343629344
669,EUROPE,RENOVISOR,613,390,0.636215334420881
669,EUROPE,WHY_EUROPE,128,116,0.90625
669,LATAM,WHY_LATAM,608,272,0.4473684210526316
670,EUROPE,DIEGO,254,236,0.9291338582677166
670,EUROPE,RENOVISOR,605,396,0.6545454545454545
670,EUROPE,WHY_EUROPE,141,129,0.9148936170212766
670,LATAM,WHY_LATAM,608,261,0.4292763157894737
671,EUROPE,DIEGO,270,246,0.9111111111111111
671,EUROPE,RENOVISOR,601,384,0.6389351081530782
671,EUROPE,WHY_EUROPE,129,122,0.9457364341085271
671,LATAM,WHY_LATAM,608,257,0.42269736842105265
672,EUROPE,DIEGO,267,246,0.9213483146067416
672,EUROPE,RENOVISOR,599,384,0.6410684474123539
672,EUROPE,WHY_EUROPE,134,116,0.8656716417910447
672,LATAM,WHY_LATAM,608,272,0.4473684210526316
673,EUROPE,DIEGO,244,222,0.9098360655737705
673,EUROPE,RENOVISOR,597,388,0.6499162479061976
673,EUROPE,WHY_EUROPE,159,147,0.9245283018867925
673,LATAM,WHY_LATAM,608,262,0.4309210526315789
674,EUROPE,DIEGO,252,233,0.9246031746031746
674,EUROPE,RENOVISOR,601,379,0.6306156405990017
674,EUROPE,WHY_EUROPE,147,137,0.9319727891156463
674,LATAM,WHY_LATAM,608,265,0.43585526315789475
675,EUROPE,DIEGO,256,243,0.94921875
675,EUROPE,RENOVISOR,614,399,0.6498371335504886
675,EUROPE,WHY_EUROPE,130,119,0.9153846153846154
675,LATAM,WHY_LATAM,608,267,0.43914473684210525
676,EUROPE,DIEGO,261,245,0.9386973180076629
676,EUROPE,RENOVISOR,602,380,0.6312292358803987
676,EUROPE,WHY_EUROPE,137,128,0.9343065693430657
676,LATAM,WHY_LATAM,608,268,0.4407894736842105
677,EUROPE,DIEGO,223,207,0.9282511210762332
677,EUROPE,RENOVISOR,634,395,0.6230283911671924
677,EUROPE,WHY_EUROPE,143,136,0.951048951048951
677,LATAM,WHY_LATAM,608,265,0.43585526315789475
678,EUROPE,DIEGO,246,222,0.9024390243902439
678,EUROPE,RENOVISOR,625,406,0.6496
678,EUROPE,WHY_EUROPE,129,121,0.937984496124031
678,LATAM,WHY_LATAM,608,274,0.4506578947368421
679,EUROPE,DIEGO,261,241,0.9233716475095786
679,EUROPE,RENOVISOR,595,383,0.6436974789915967
679,EUROPE,WHY_EUROPE,144,129,0.8958333333333334
679,LATAM,WHY_LATAM,608,268,0.4407894736842105
680,EUROPE,DIEGO,251,233,0.9282868525896414
680,EUROPE,RENOVISOR,608,383,0.6299342105263158
680,EUROPE,WHY_EUROPE,141,125,0.8865248226950354
680,LATAM,WHY_LATAM,608,256,0.42105263157894735
681,EUROPE,DIEGO,244,219,0.8975409836065574
681,EUROPE,RENOVISOR,628,405,0.6449044585987261
681,EUROPE,WHY_EUROPE,128,118,0.921875
681,LATAM,WHY_LATAM,608,271,0.4457236842105263
682,EUROPE,DIEGO,263,242,0.9201520912547528
682,EUROPE,RENOVISOR,590,373,0.6322033898305085
682,EUROPE,WHY_EUROPE,147,135,0.9183673469387755
682,LATAM,WHY_LATAM,608,265,0.43585526315789475
683,EUROPE,DIEGO,246,228,0.926829268292683
683,EUROPE,RENOVISOR,608,394,0.6480263157894737
683,EUROPE,WHY_EUROPE,146,130,0.8904109589041096
683,LATAM,WHY_LATAM,608,268,0.4407894736842105
684,EUROPE,DIEGO,249,232,0.9317269076305221
684,EUROPE,RENOVISOR,588,379,0.6445578231292517
684,EUROPE,WHY_EUROPE,163,149,0.9141104294478528
684,LATAM,WHY_LATAM,608,261,0.4292763157894737
685,EUROPE,DIEGO,259,238,0.918918918918919
685,EUROPE,RENOVISOR,598,394,0.6588628762541806
685,EUROPE,WHY_EUROPE,143,132,0.9230769230769231
685,LATAM,WHY_LATAM,608,276,0.45394736842105265
686,EUROPE,DIEGO,245,224,0.9142857142857143
686,EUROPE,RENOVISOR,626,402,0.6421725239616614
686,EUROPE,WHY_EUROPE,129,119,0.9224806201550387
686,LATAM,WHY_LATAM,608,273,0.44901315789473684
687,EUROPE,DIEGO,265,247,0.9320754716981132
687,EUROPE,RENOVISOR,603,385,0.6384742951907131
687,EUROPE,WHY_EUROPE,132,121,0.9166666666666666
687,LATAM,WHY_LATAM,608,265,0.43585526315789475
688,EUROPE,DIEGO,242,221,0.9132231404958677
688,EUROPE,RENOVISOR,610,393,0.6442622950819672
688,EUROPE,WHY_EUROPE,148,128,0.8648648648648649
688,LATAM,WHY_LATAM,608,266,0.4375
689,EUROPE,DIEGO,250,236,0.944
689,EUROPE,RENOVISOR,618,403,0.6521035598705501
689,EUROPE,WHY_EUROPE,132,122,0.9242424242424242
689,LATAM,WHY_LATAM,608,260,0.4276315789473684
690,EUROPE,DIEGO,264,244,0.9242424242424242
690,EUROPE,RENOVISOR,614,382,0.6221498371335505
690,EUROPE,WHY_EUROPE,122,116,0.9508196721311475
690,LATAM,WHY_LATAM,608,270,0.4440789473684211
691,EUROPE,DIEGO,259,248,0.9575289575289575
691,EUROPE,RENOVISOR,607,378,0.6227347611202636
691,EUROPE,WHY_EUROPE,134,128,0.9552238805970149
691,LATAM,WHY_LATAM,608,271,0.4457236842105263
692,EUROPE,DIEGO,235,218,0.9276595744680851
692,EUROPE,RENOVISOR,614,387,0.6302931596091205
692,EUROPE,WHY_EUROPE,151,137,0.9072847682119205
692,LATAM,WHY_LATAM,608,262,0.4309210526315789
693,EUROPE,DIEGO,247,227,0.9190283400809717
693,EUROPE,RENOVISOR,607,399,0.657331136738056
693,EUROPE,WHY_EUROPE,146,137,0.9383561643835616
693,LATAM,WHY_LATAM,608,266,0.4375
694,EUROPE,DIEGO,265,249,0.939622641509434
694,EUROPE,RENOVISOR,601,385,0.6405990016638935
694,EUROPE,WHY_EUROPE,134,121,0.9029850746268657
694,LATAM,WHY_LATAM,608,273,0.44901315789473684
695,EUROPE,DIEGO,258,239,0.9263565891472868
695,EUROPE,RENOVISOR,610,394,0.6459016393442623
695,EUROPE,WHY_EUROPE,132,120,0.9090909090909091
695,LATAM,WHY_LATAM,608,257,0.42269736842105265
696,EUROPE,DIEGO,264,247,0.9356060606060606
696,EUROPE,RENOVISOR,594,371,0.6245791245791246
696,EUROPE,WHY_EUROPE,142,134,0.9436619718309859
696,LATAM,WHY_LATAM,608,271,0.4457236842105263
697,EUROPE,DIEGO,250,233,0.932
697,EUROPE,RENOVISOR,604,384,0.6357615894039735
697,EUROPE,WHY_EUROPE,146,132,0.9041095890410958
697,LATAM,WHY_LATAM,608,266,0.4375
698,EUROPE,DIEGO,238,218,0.9159663865546218
698,EUROPE,RENOVISOR,625,397,0.6352
698,EUROPE,WHY_EUROPE,137,129,0.9416058394160584
698,LATAM,WHY_LATAM,608,258,0.4243421052631579
699,EUROPE,DIEGO,252,238,0.9444444444444444
699,EUROPE,RENOVISOR,628,397,0.6321656050955414
699,EUROPE,WHY_EUROPE,120,109,0.9083333333333333
699,LATAM,WHY_LATAM,608,262,0.4309210526315789
700,EUROPE,DIEGO,254,232,0.9133858267716536
700,EUROPE,RENOVISOR,607,386,0.6359143327841845
700,EUROPE,WHY_EUROPE,139,128,0.920863309352518
700,LATAM,WHY_LATAM,608,265,0.43585526315789475
701,EUROPE,DIEGO,255,232,0.9098039215686274
701,EUROPE,RENOVISOR,603,384,0.6368159203980099
701,EUROPE,WHY_EUROPE,142,127,0.8943661971830986
701,LATAM,WHY_LATAM,608,267,0.43914473684210525
702,EUROPE,DIEGO,232,212,0.9137931034482759
702,EUROPE,RENOVISOR,611,401,0.6563011456628478
702,EUROPE,WHY_EUROPE,157,145,0.9235668789808917
702,LATAM,WHY_LATAM,608,259,0.42598684210526316
703,EUROPE,DIEGO,263,242,0.9201520912547528
703,EUROPE,RENOVISOR,597,372,0.6231155778894473
703,EUROPE,WHY_EUROPE,140,129,0.9214285714285714
703,LATAM,WHY_LATAM,608,265,0.43585526315789475
704,EUROPE,DIEGO,270,248,0.9185185185185185
704,EUROPE,RENOVISOR,605,390,0.6446280991735537
704,EUROPE,WHY_EUROPE,125,117,0.936
704,LATAM,WHY_LATAM,608,267,0.43914473684210525
705,EUROPE,DIEGO,249,224,0.8995983935742972
705,EUROPE,RENOVISOR,611,390,0.6382978723404256
705,EUROPE,WHY_EUROPE,140,128,0.9142857142857143
705,LATAM,WHY_LATAM,608,274,0.4506578947368421
706,EUROPE,DIEGO,258,244,0.9457364341085271
706,EUROPE,RENOVISOR,600,386,0.6433333333333333
706,EUROPE,WHY_EUROPE,142,131,0.9225352112676056
706,LATAM,WHY_LATAM,608,269,0.44243421052631576
707,EUROPE,DIEGO,272,244,0.8970588235294118
707,EUROPE,RENOVISOR,590,380,0.6440677966101694
707,EUROPE,WHY_EUROPE,138,126,0.9130434782608695
707,LATAM,WHY_LATAM,608,265,0.43585526315789475
708,EUROPE,DIEGO,251,238,0.9482071713147411
708,EUROPE,RENOVISOR,605,394,0.6512396694214876
708,EUROPE,WHY_EUROPE,144,132,0.9166666666666666
708,LATAM,WHY_LATAM,608,257,0.42269736842105265
709,EUROPE,DIEGO,247,230,0.9311740890688259
709,EUROPE,RENOVISOR,615,384,0.624390243902439
709,EUROPE,WHY_EUROPE,138,127,0.9202898550724637
709,LATAM,WHY_LATAM,608,267,0.43914473684210525
710,EUROPE,DIEGO,253,231,0.9130434782608695
710,EUROPE,RENOVISOR,620,400,0.6451612903225806
710,EUROPE,WHY_EUROPE,127,114,0.8976377952755905
710,LATAM,WHY_LATAM,608,269,0.44243421052631576
711,EUROPE,DIEGO,246,229,0.9308943089430894
711,EUROPE,RENOVISOR,619,394,0.6365105008077544
711,EUROPE,WHY_EUROPE,135,127,0.9407407407407408
711,LATAM,WHY_LATAM,608,264,0.4342105263157895
712,EUROPE,DIEGO,238,219,0.9201680672268907
712,EUROPE,RENOVISOR,616,386,0.6266233766233766
712,EUROPE,WHY_EUROPE,146,131,0.8972602739726028
712,LATAM,WHY_LATAM,608,261,0.4292763157894737
713,EUROPE,DIEGO,242,220,0.9090909090909091
713,EUROPE,RENOVISOR,612,389,0.6356209150326797
713,EUROPE,WHY_EUROPE,146,133,0.910958904109589
713,LATAM,WHY_LATAM,608,268,0.4407894736842105
714,EUROPE,DIEGO,259,241,0.9305019305019305
714,EUROPE,RENOVISOR,611,393,0.6432078559738135
714,EUROPE,WHY_EUROPE,130,113,0.8692307692307693
714,LATAM,WHY_LATAM,608,269,0.44243421052631576
715,EUROPE,DIEGO,236,217,0.9194915254237288
715,EUROPE,RENOVISOR,613,388,0.632952691680261
715,EUROPE,WHY_EUROPE,151,141,0.9337748344370861
715,LATAM,WHY_LATAM,608,272,0.4473684210526316
716,EUROPE,DIEGO,248,223,0.8991935483870968
716,EUROPE,RENOVISOR,598,382,0.6387959866220736
716,EUROPE,WHY_EUROPE,154,147,0.9545454545454546
716,LATAM,WHY_LATAM,608,249,0.4095394736842105
717,EUROPE,DIEGO,245,226,0.9224489795918367
717,EUROPE,RENOVISOR,627,397,0.6331738437001595
717,EUROPE,WHY_EUROPE,128,121,0.9453125
717,LATAM,WHY_LATAM,608,284,0.46710526315789475
718,EUROPE,DIEGO,266,239,0.8984962406015038
718,EUROPE,RENOVISOR,607,389,0.6408566721581549
718,EUROPE,WHY_EUROPE,127,121,0.952755905511811
718,LATAM,WHY_LATAM,608,263,0.43256578947368424
719,EUROPE,DIEGO,241,225,0.9336099585062241
719,EUROPE,RENOVISOR,613,389,0.634584013050571
719,EUROPE,WHY_EUROPE,146,137,0.9383561643835616
719,LATAM,WHY_LATAM,608,275,0.45230263157894735
720,EUROPE,DIEGO,256,228,0.890625
720,EUROPE,RENOVISOR,604,371,0.6142384105960265
720,EUROPE,WHY_EUROPE,140,126,0.9
720,LATAM,WHY_LATAM,608,282,0.46381578947368424
721,EUROPE,DIEGO,242,226,0.9338842975206612
721,EUROPE,RENOVISOR,614,386,0.6286644951140065
721,EUROPE,WHY_EUROPE,144,130,0.9027777777777778
721,LATAM,WHY_LATAM,608,261,0.4292763157894737
722,EUROPE,DIEGO,225,202,0.8977777777777778
722,EUROPE,RENOVISOR,628,406,0.6464968152866242
722,EUROPE,WHY_EUROPE,147,135,0.9183673469387755
722,LATAM,WHY_LATAM,608,265,0.43585526315789475
723,EUROPE,DIEGO,257,237,0.9221789883268483
723,EUROPE,RENOVISOR,605,395,0.6528925619834711
723,EUROPE,WHY_EUROPE,138,129,0.9347826086956522
723,LATAM,WHY_LATAM,608,251,0.4128289473684211
724,EUROPE,DIEGO,248,232,0.9354838709677419
724,EUROPE,RENOVISOR,618,389,0.6294498381877023
724,EUROPE,WHY_EUROPE,134,121,0.9029850746268657
724,LATAM,WHY_LATAM,608,266,0.4375
725,EUROPE,DIEGO,246,230,0.9349593495934959
725,EUROPE,RENOVISOR,607,392,0.6457990115321252
725,EUROPE,WHY_EUROPE,147,135,0.9183673469387755
725,LATAM,WHY_LATAM,608,270,0.4440789473684211
726,EUROPE,DIEGO,252,227,0.9007936507936508
726,EUROPE,RENOVISOR,619,393,0.6348949919224556
726,EUROPE,WHY_EUROPE,129,117,0.9069767441860465
726,LATAM,WHY_LATAM,608,260,0.4276315789473684
727,EUROPE,DIEGO,253,233,0.9209486166007905
727,EUROPE,RENOVISOR,628,403,0.64171974522293
727,EUROPE,WHY_EUROPE,119,112,0.9411764705882353
727,LATAM,WHY_LATAM,608,270,0.4440789473684211
728,EUROPE,DIEGO,249,231,0.927710843373494
728,EUROPE,RENOVISOR,607,391,0.6441515650741351
728,EUROPE,WHY_EUROPE,144,125,0.8680555555555556
728,LATAM,WHY_LATAM,608,270,0.4440789473684211
729,EUROPE,DIEGO,222,208,0.9369369369369369
729,EUROPE,RENOVISOR,631,395,0.6259904912836767
729,EUROPE,WHY_EUROPE,147,133,0.9047619047619048
729,LATAM,WHY_LATAM,608,268,0.4407894736842105
730,EUROPE,DIEGO,253,232,0.9169960474308301
730,EUROPE,RENOVISOR,589,383,0.6502546689303905
730,EUROPE,WHY_EUROPE,158,151,0.9556962025316456
730,LATAM,WHY_LATAM,608,264,0.4342105263157895
731,EUROPE,DIEGO,254,235,0.9251968503937008
731,EUROPE,RENOVISOR,619,397,0.6413570274636511
731,EUROPE,WHY_EUROPE,127,114,0.8976377952755905
731,LATAM,WHY_LATAM,608,269,0.44243421052631576
732,EUROPE,DIEGO,256,223,0.87109375
732,EUROPE,RENOVISOR,610,385,0.6311475409836066
732,EUROPE,WHY_EUROPE,134,130,0.9701492537313433
732,LATAM,WHY_LATAM,608,276,0.45394736842105265
733,EUROPE,DIEGO,253,232,0.9169960474308301
733,EUROPE,RENOVISOR,603,389,0.6451077943615257
733,EUROPE,WHY_EUROPE,144,130,0.9027777777777778
733,LATAM,WHY_LATAM,608,261,0.4292763157894737
734,EUROPE,DIEGO,265,245,0.9245283018867925
734,EUROPE,RENOVISOR,608,387,0.6365131578947368
734,EUROPE,WHY_EUROPE,127,116,0.9133858267716536
734,LATAM,WHY_LATAM,608,271,0.4457236842105263
735,EUROPE,DIEGO,258,241,0.9341085271317829
735,EUROPE,RENOVISOR,615,392,0.6373983739837399
735,EUROPE,WHY_EUROPE,127,118,0.9291338582677166
735,LATAM,WHY_LATAM,608,266,0.4375
736,EUROPE,DIEGO,240,219,0.9125
736,EUROPE,RENOVISOR,609,382,0.6272577996715928
736,EUROPE,WHY_EUROPE,151,137,0.9072847682119205
736,LATAM,WHY_LATAM,608,271,0.4457236842105263
737,EUROPE,DIEGO,246,224,0.9105691056910569
737,EUROPE,RENOVISOR,615,388,0.6308943089430894
737,EUROPE,WHY_EUROPE,139,130,0.935251798561151
737,LATAM,WHY_LATAM,608,275,0.45230263157894735
738,EUROPE,DIEGO,255,228,0.8941176470588236
738,EUROPE,RENOVISOR,613,379,0.6182707993474714
738,EUROPE,WHY_EUROPE,132,124,0.9393939393939394
738,LATAM,WHY_LATAM,608,274,0.4506578947368421
739,EUROPE,DIEGO,262,236,0.9007633587786259
739,EUROPE,RENOVISOR,601,375,0.6239600665557404
739,EUROPE,WHY_EUROPE,137,126,0.9197080291970803
739,LATAM,WHY_LATAM,608,283,0.4654605263157895
740,EUROPE,DIEGO,253,234,0.924901185770751
740,EUROPE,RENOVISOR,588,382,0.6496598639455783
740,EUROPE,WHY_EUROPE,159,145,0.9119496855345912
740,LATAM,WHY_LATAM,608,263,0.43256578947368424
741,EUROPE,DIEGO,257,240,0.933852140077821
741,EUROPE,RENOVISOR,619,405,0.654281098546042
741,EUROPE,WHY_EUROPE,124,113,0.9112903225806451
741,LATAM,WHY_LATAM,608,268,0.4407894736842105
742,EUROPE,DIEGO,245,232,0.9469387755102041
742,EUROPE,RENOVISOR,623,409,0.6565008025682183
742,EUROPE,WHY_EUROPE,132,117,0.8863636363636364
742,LATAM,WHY_LATAM,608,271,0.4457236842105263
743,EUROPE,DIEGO,254,230,0.905511811023622
743,EUROPE,RENOVISOR,612,384,0.6274509803921569
743,EUROPE,WHY_EUROPE,134,125,0.9328358208955224
743,LATAM,WHY_LATAM,608,267,0.43914473684210525
744,EUROPE,DIEGO,255,233,0.9137254901960784
744,EUROPE,RENOVISOR,608,390,0.6414473684210527
744,EUROPE,WHY_EUROPE,137,134,0.9781021897810219
744,LATAM,WHY_LATAM,608,267,0.43914473684210525
745,EUROPE,DIEGO,245,226,0.9224489795918367
745,EUROPE,RENOVISOR,608,384,0.631578947368421
745,EUROPE,WHY_EUROPE,147,136,0.9251700680272109
745,LATAM,WHY_LATAM,608,265,0.43585526315789475
746,EUROPE,DIEGO,241,221,0.91701244813278
746,EUROPE,RENOVISOR,610,372,0.6098360655737705
746,EUROPE,WHY_EUROPE,149,140,0.9395973154362416
746,LATAM,WHY_LATAM,608,270,0.4440789473684211
747,EUROPE,DIEGO,250,231,0.924
747,EUROPE,RENOVISOR,630,407,0.6460317460317461
747,EUROPE,WHY_EUROPE,120,107,0.8916666666666667
747,LATAM,WHY_LATAM,608,271,0.4457236842105263
748,EUROPE,DIEGO,260,243,0.9346153846153846
748,EUROPE,RENOVISOR,616,383,0.6217532467532467
748,EUROPE,WHY_EUROPE,124,119,0.9596774193548387
748,LATAM,WHY_LATAM,608,265,0.43585526315789475
749,EUROPE,DIEGO,255,233,0.9137254901960784
749,EUROPE,RENOVISOR,614,387,0.6302931596091205
749,EUROPE,WHY_EUROPE,131,121,0.9236641221374046
749,LATAM,WHY_LATAM,608,270,0.4440789473684211
750,EUROPE,DIEGO,245,229,0.9346938775510204
750,EUROPE,RENOVISOR,615,384,0.624390243902439
750,EUROPE,WHY_EUROPE,140,126,0.9
750,LATAM,WHY_LATAM,608,271,0.4457236842105263
751,EUROPE,DIEGO,267,245,0.9176029962546817
751,EUROPE,RENOVISOR,595,381,0.6403361344537815
751,EUROPE,WHY_EUROPE,138,130,0.9420289855072463
751,LATAM,WHY_LATAM,608,277,0.4555921052631579
752,EUROPE,DIEGO,256,233,0.91015625
752,EUROPE,RENOVISOR,606,385,0.6353135313531353
752,EUROPE,WHY_EUROPE,138,125,0.9057971014492754
752,LATAM,WHY_LATAM,608,268,0.4407894736842105
753,EUROPE,DIEGO,258,242,0.937984496124031
753,EUROPE,RENOVISOR,609,384,0.6305418719211823
753,EUROPE,WHY_EUROPE,133,121,0.9097744360902256
753,LATAM,WHY_LATAM,608,272,0.4473684210526316
754,EUROPE,DIEGO,249,225,0.9036144578313253
754,EUROPE,RENOVISOR,606,371,0.6122112211221122
754,EUROPE,WHY_EUROPE,145,138,0.9517241379310345
754,LATAM,WHY_LATAM,608,264,0.4342105263157895
755,EUROPE,DIEGO,249,234,0.9397590361445783
755,EUROPE,RENOVISOR,618,405,0.6553398058252428
755,EUROPE,WHY_EUROPE,133,121,0.9097744360902256
755,LATAM,WHY_LATAM,608,268,0.4407894736842105
756,EUROPE,DIEGO,275,251,0.9127272727272727
756,EUROPE,RENOVISOR,601,391,0.6505823627287853
756,EUROPE,WHY_EUROPE,124,120,0.967741935483871
756,LATAM,WHY_LATAM,608,266,0.4375
757,EUROPE,DIEGO,253,233,0.9209486166007905
757,EUROPE,RENOVISOR,614,388,0.6319218241042345
757,EUROPE,WHY_EUROPE,133,121,0.9097744360902256
757,LATAM,WHY_LATAM,608,271,0.4457236842105263
758,EUROPE,DIEGO,269,245,0.9107806691449815
758,EUROPE,RENOVISOR,611,400,0.6546644844517185
758,EUROPE,WHY_EUROPE,120,112,0.9333333333333333
758,LATAM,WHY_LATAM,608,280,0.4605263157894737
759,EUROPE,DIEGO,265,246,0.9283018867924528
759,EUROPE,RENOVISOR,610,401,0.6573770491803279
759,EUROPE,WHY_EUROPE,125,112,0.896
759,LATAM,WHY_LATAM,608,253,0.4161184210526316
760,EUROPE,DIEGO,242,228,0.9421487603305785
760,EUROPE,RENOVISOR,604,383,0.6341059602649006
760,EUROPE,WHY_EUROPE,154,145,0.9415584415584416
760,LATAM,WHY_LATAM,608,274,0.4506578947368421
761,EUROPE,DIEGO,249,223,0.8955823293172691
761,EUROPE,RENOVISOR,617,392,0.6353322528363047
761,EUROPE,WHY_EUROPE,134,123,0.917910447761194
761,LATAM,WHY_LATAM,608,270,0.4440789473684211
762,EUROPE,DIEGO,255,232,0.9098039215686274
762,EUROPE,RENOVISOR,600,390,0.65
762,EUROPE,WHY_EUROPE,145,131,0.903448275862069
762,LATAM,WHY_LATAM,608,273,0.44901315789473684
763,EUROPE,DIEGO,257,241,0.9377431906614786
763,EUROPE,RENOVISOR,608,382,0.6282894736842105
763,EUROPE,WHY_EUROPE,135,126,0.9333333333333333
763,LATAM,WHY_LATAM,608,265,0.43585526315789475
764,EUROPE,DIEGO,242,222,0.9173553719008265
764,EUROPE,RENOVISOR,612,376,0.6143790849673203
764,EUROPE,WHY_EUROPE,146,128,0.8767123287671232
764,LATAM,WHY_LATAM,608,270,0.4440789473684211
765,EUROPE,DIEGO,250,238,0.952
765,EUROPE,RENOVISOR,619,396,0.6397415185783522
765,EUROPE,WHY_EUROPE,131,122,0.9312977099236641
765,LATAM,WHY_LATAM,608,262,0.4309210526315789
766,EUROPE,DIEGO,244,222,0.9098360655737705
766,EUROPE,RENOVISOR,608,389,0.6398026315789473
766,EUROPE,WHY_EUROPE,148,134,0.9054054054054054
766,LATAM,WHY_LATAM,608,268,0.4407894736842105
767,EUROPE,DIEGO,246,235,0.9552845528455285
767,EUROPE,RENOVISOR,612,393,0.6421568627450981
767,EUROPE,WHY_EUROPE,142,129,0.9084507042253521
767,LATAM,WHY_LATAM,608,276,0.45394736842105265
768,EUROPE,DIEGO,260,237,0.9115384615384615
768,EUROPE,RENOVISOR,610,395,0.6475409836065574
768,EUROPE,WHY_EUROPE,130,123,0.9461538461538461
768,LATAM,WHY_LATAM,608,274,0.4506578947368421
769,EUROPE,DIEGO,243,227,0.934156378600823
769,EUROPE,RENOVISOR,599,382,0.6377295492487479
769,EUROPE,WHY_EUROPE,158,142,0.8987341772151899
769,LATAM,WHY_LATAM,608,278,0.45723684210526316
770,EUROPE,DIEGO,257,234,0.9105058365758755
770,EUROPE,RENOVISOR,599,376,0.6277128547579299
770,EUROPE,WHY_EUROPE,144,132,0.9166666666666666
770,LATAM,WHY_LATAM,608,268,0.4407894736842105
771,EUROPE,DIEGO,264,248,0.9393939393939394
771,EUROPE,RENOVISOR,609,401,0.6584564860426929
771,EUROPE,WHY_EUROPE,127,114,0.8976377952755905
771,LATAM,WHY_LATAM,608,272,0.4473684210526316
772,EUROPE,DIEGO,266,246,0.924812030075188
772,EUROPE,RENOVISOR,583,372,0.6380789022298456
772,EUROPE,WHY_EUROPE,151,138,0.9139072847682119
772,LATAM,WHY_LATAM,608,261,0.4292763157894737
773,EUROPE,DIEGO,250,232,0.928
773,EUROPE,RENOVISOR,614,397,0.6465798045602605
773,EUROPE,WHY_EUROPE,136,122,0.8970588235294118
773,LATAM,WHY_LATAM,608,266,0.4375
774,EUROPE,DIEGO,223,209,0.9372197309417041
774,EUROPE,RENOVISOR,631,402,0.6370839936608558
774,EUROPE,WHY_EUROPE,146,137,0.9383561643835616
774,LATAM,WHY_LATAM,608,267,0.43914473684210525
775,EUROPE,DIEGO,245,230,0.9387755102040817
775,EUROPE,RENOVISOR,621,400,0.644122383252818
775,EUROPE,WHY_EUROPE,134,121,0.9029850746268657
775,LATAM,WHY_LATAM,608,265,0.43585526315789475
776,EUROPE,DIEGO,251,225,0.896414342629482
776,EUROPE,RENOVISOR,618,402,0.6504854368932039
776,EUROPE,WHY_EUROPE,131,118,0.9007633587786259
776,LATAM,WHY_LATAM,608,273,0.44901315789473684
777,EUROPE,DIEGO,239,222,0.9288702928870293
777,EUROPE,RENOVISOR,613,392,0.6394779771615008
777,EUROPE,WHY_EUROPE,148,136,0.918918918918919
777,LATAM,WHY_LATAM,608,266,0.4375
778,EUROPE,DIEGO,247,220,0.8906882591093117
778,EUROPE,RENOVISOR,626,404,0.645367412140575
778,EUROPE,WHY_EUROPE,127,118,0.9291338582677166
778,LATAM,WHY_LATAM,608,272,0.4473684210526316
779,EUROPE,DIEGO,262,245,0.9351145038167938
779,EUROPE,RENOVISOR,614,401,0.6530944625407166
779,EUROPE,WHY_EUROPE,124,115,0.9274193548387096
779,LATAM,WHY_LATAM,608,272,0.4473684210526316
780,EUROPE,DIEGO,255,235,0.9215686274509803
780,EUROPE,RENOVISOR,618,393,0.6359223300970874
780,EUROPE,WHY_EUROPE,127,116,0.9133858267716536
780,LATAM,WHY_LATAM,608,254,0.41776315789473684
781,EUROPE,DIEGO,227,202,0.8898678414096917
781,EUROPE,RENOVISOR,613,389,0.634584013050571
781,EUROPE,WHY_EUROPE,160,149,0.93125
781,LATAM,WHY_LATAM,608,266,0.4375
782,EUROPE,DIEGO,227,212,0.933920704845815
782,EUROPE,RENOVISOR,624,389,0.6233974358974359
782,EUROPE,WHY_EUROPE,149,135,0.9060402684563759
782,LATAM,WHY_LATAM,608,279,0.4588815789473684
783,EUROPE,DIEGO,231,218,0.9437229437229437
783,EUROPE,RENOVISOR,623,394,0.6324237560192616
783,EUROPE,WHY_EUROPE,146,132,0.9041095890410958
783,LATAM,WHY_LATAM,608,269,0.44243421052631576
784,EUROPE,DIEGO,259,243,0.9382239382239382
784,EUROPE,RENOVISOR,602,386,0.6411960132890365
784,EUROPE,WHY_EUROPE,139,125,0.8992805755395683
784,LATAM,WHY_LATAM,608,275,0.45230263157894735
785,EUROPE,DIEGO,258,234,0.9069767441860465
785,EUROPE,RENOVISOR,598,389,0.6505016722408027
785,EUROPE,WHY_EUROPE,144,135,0.9375
785,LATAM,WHY_LATAM,608,267,0.43914473684210525
786,EUROPE,DIEGO,239,223,0.9330543933054394
786,EUROPE,RENOVISOR,615,386,0.6276422764227643
786,EUROPE,WHY_EUROPE,146,129,0.8835616438356164
786,LATAM,WHY_LATAM,608,257,0.42269736842105265
787,EUROPE,DIEGO,253,228,0.9011857707509882
787,EUROPE,RENOVISOR,606,382,0.6303630363036303
787,EUROPE,WHY_EUROPE,141,128,0.9078014184397163
787,LATAM,WHY_LATAM,608,263,0.43256578947368424
788,EUROPE,DIEGO,264,241,0.9128787878787878
788,EUROPE,RENOVISOR,606,389,0.641914191419142
788,EUROPE,WHY_EUROPE,130,120,0.9230769230769231
788,LATAM,WHY_LATAM,608,263,0.43256578947368424
789,EUROPE,DIEGO,235,214,0.9106382978723404
789,EUROPE,RENOVISOR,622,385,0.6189710610932476
789,EUROPE,WHY_EUROPE,143,133,0.9300699300699301
789,LATAM,WHY_LATAM,608,270,0.4440789473684211
790,EUROPE,DIEGO,228,215,0.9429824561403509
790,EUROPE,RENOVISOR,614,394,0.6416938110749185
790,EUROPE,WHY_EUROPE,158,146,0.9240506329113924
790,LATAM,WHY_LATAM,608,268,0.4407894736842105
791,EUROPE,DIEGO,259,238,0.918918918918919
791,EUROPE,RENOVISOR,608,395,0.649671052631579
791,EUROPE,WHY_EUROPE,133,125,0.9398496240601504
791,LATAM,WHY_LATAM,608,269,0.44243421052631576
792,EUROPE,DIEGO,267,243,0.9101123595505618
792,EUROPE,RENOVISOR,608,382,0.6282894736842105
792,EUROPE,WHY_EUROPE,125,118,0.944
792,LATAM,WHY_LATAM,608,281,0.4621710526315789
793,EUROPE,DIEGO,246,223,0.9065040650406504
793,EUROPE,RENOVISOR,594,368,0.6195286195286195
793,EUROPE,WHY_EUROPE,160,149,0.93125
793,LATAM,WHY_LATAM,608,262,0.4309210526315789
794,EUROPE,DIEGO,251,230,0.9163346613545816
794,EUROPE,RENOVISOR,605,384,0.6347107438016529
794,EUROPE,WHY_EUROPE,144,132,0.9166666666666666
794,LATAM,WHY_LATAM,608,268,0.4407894736842105
795,EUROPE,DIEGO,263,245,0.9315589353612167
795,EUROPE,RENOVISOR,602,386,0.6411960132890365
795,EUROPE,WHY_EUROPE,135,126,0.9333333333333333
795,LATAM,WHY_LATAM,608,275,0.45230263157894735
796,EUROPE,DIEGO,270,248,0.9185185185185185
796,EUROPE,RENOVISOR,604,383,0.6341059602649006
796,EUROPE,WHY_EUROPE,126,116,0.9206349206349206
796,LATAM,WHY_LATAM,608,265,0.43585526315789475
797,EUROPE,DIEGO,234,219,0.9358974358974359
797,EUROPE,RENOVISOR,602,380,0.6312292358803987
797,EUROPE,WHY_EUROPE,164,159,0.9695121951219512
797,LATAM,WHY_LATAM,608,268,0.4407894736842105
798,EUROPE,DIEGO,257,239,0.9299610894941635
798,EUROPE,RENOVISOR,624,402,0.6442307692307693
798,EUROPE,WHY_EUROPE,119,115,0.9663865546218487
798,LATAM,WHY_LATAM,608,275,0.45230263157894735
799,EUROPE,DIEGO,249,230,0.9236947791164659
799,EUROPE,RENOVISOR,601,390,0.64891846921797
799,EUROPE,WHY_EUROPE,150,140,0.9333333333333333
799,LATAM,WHY_LATAM,608,261,0.4292763157894737
800,EUROPE,DIEGO,260,241,0.926923076923077
800,EUROPE,RENOVISOR,611,394,0.6448445171849427
800,EUROPE,WHY_EUROPE,129,121,0.937984496124031
800,LATAM,WHY_LATAM,608,284,0.46710526315789475
801,EUROPE,DIEGO,251,227,0.9043824701195219
801,EUROPE,RENOVISOR,619,398,0.6429725363489499
801,EUROPE,WHY_EUROPE,130,116,0.8923076923076924
801,LATAM,WHY_LATAM,608,271,0.4457236842105263
802,EUROPE,DIEGO,261,241,0.9233716475095786
802,EUROPE,RENOVISOR,612,385,0.6290849673202614
802,EUROPE,WHY_EUROPE,127,116,0.9133858267716536
802,LATAM,WHY_LATAM,608,266,0.4375
803,EUROPE,DIEGO,220,205,0.9318181818181818
803,EUROPE,RENOVISOR,624,400,0.6410256410256411
803,EUROPE,WHY_EUROPE,156,144,0.9230769230769231
803,LATAM,WHY_LATAM,608,270,0.4440789473684211
804,EUROPE,DIEGO,271,248,0.915129151291513
804,EUROPE,RENOVISOR,592,374,0.6317567567567568
804,EUROPE,WHY_EUROPE,137,129,0.9416058394160584
804,LATAM,WHY_LATAM,608,272,0.4473684210526316
805,EUROPE,DIEGO,258,238,0.9224806201550387
805,EUROPE,RENOVISOR,610,399,0.6540983606557377
805,EUROPE,WHY_EUROPE,132,119,0.9015151515151515
805,LATAM,WHY_LATAM,608,267,0.43914473684210525
806,EUROPE,DIEGO,241,223,0.9253112033195021
806,EUROPE,RENOVISOR,605,389,0.6429752066115703
806,EUROPE,WHY_EUROPE,154,141,0.9155844155844156
806,LATAM,WHY_LATAM,608,275,0.45230263157894735
807,EUROPE,DIEGO,253,236,0.932806324110672
807,EUROPE,RENOVISOR,626,384,0.6134185303514377
807,EUROPE,WHY_EUROPE,121,112,0.9256198347107438
807,LATAM,WHY_LATAM,608,257,0.42269736842105265
808,EUROPE,DIEGO,249,225,0.9036144578313253
808,EUROPE,RENOVISOR,607,371,0.6112026359143328
808,EUROPE,WHY_EUROPE,144,125,0.8680555555555556
808,LATAM,WHY_LATAM,608,270,0.4440789473684211
809,EUROPE,DIEGO,248,230,0.9274193548387096
809,EUROPE,RENOVISOR,611,403,0.6595744680851063
809,EUROPE,WHY_EUROPE,141,131,0.9290780141843972
809,LATAM,WHY_LATAM,608,274,0.4506578947368421
810,EUROPE,DIEGO,246,226,0.9186991869918699
810,EUROPE,RENOVISOR,611,393,0.6432078559738135
810,EUROPE,WHY_EUROPE,143,134,0.9370629370629371
810,LATAM,WHY_LATAM,608,266,0.4375
811,EUROPE,DIEGO,252,229,0.9087301587301587
811,EUROPE,RENOVISOR,608,383,0.6299342105263158
811,EUROPE,WHY_EUROPE,140,128,0.9142857142857143
811,LATAM,WHY_LATAM,608,263,0.43256578947368424
812,EUROPE,DIEGO,231,207,0.8961038961038961
812,EUROPE,RENOVISOR,618,395,0.63915857605178
812,EUROPE,WHY_EUROPE,151,136,0.9006622516556292
812,LATAM,WHY_LATAM,608,272,0.4473684210526316
813,EUROPE,DIEGO,255,233,0.9137254901960784
813,EUROPE,RENOVISOR,617,394,0.6385737439222042
813,EUROPE,WHY_EUROPE,128,117,0.9140625
813,LATAM,WHY_LATAM,608,265,0.43585526315789475
814,EUROPE,DIEGO,253,235,0.9288537549407114
814,EUROPE,RENOVISOR,605,391,0.6462809917355372
814,EUROPE,WHY_EUROPE,142,138,0.971830985915493
814,LATAM,WHY_LATAM,608,266,0.4375
815,EUROPE,DIEGO,257,235,0.914396887159533
815,EUROPE,RENOVISOR,603,381,0.6318407960199005
815,EUROPE,WHY_EUROPE,140,126,0.9
815,LATAM,WHY_LATAM,608,276,0.45394736842105265
816,EUROPE,DIEGO,242,223,0.9214876033057852
816,EUROPE,RENOVISOR,607,385,0.6342668863261944
816,EUROPE,WHY_EUROPE,151,139,0.9205298013245033
816,LATAM,WHY_LATAM,608,272,0.4473684210526316
817,EUROPE,DIEGO,232,212,0.9137931034482759
817,EUROPE,RENOVISOR,615,383,0.6227642276422765
817,EUROPE,WHY_EUROPE,153,145,0.9477124183006536
817,LATAM,WHY_LATAM,608,270,0.4440789473684211
818,EUROPE,DIEGO,238,216,0.907563025210084
818,EUROPE,RENOVISOR,624,390,0.625
818,EUROPE,WHY_EUROPE,138,128,0.927536231884058
818,LATAM,WHY_LATAM,608,263,0.43256578947368424
819,EUROPE,DIEGO,285,253,0.887719298245614
819,EUROPE,RENOVISOR,591,385,0.6514382402707276
819,EUROPE,WHY_EUROPE,124,112,0.9032258064516129
819,LATAM,WHY_LATAM,608,271,0.4457236842105263
820,EUROPE,DIEGO,240,220,0.9166666666666666
820,EUROPE,RENOVISOR,625,398,0.6368
820,EUROPE,WHY_EUROPE,135,130,0.9629629629629629
820,LATAM,WHY_LATAM,608,268,0.4407894736842105
821,EUROPE,DIEGO,241,222,0.921161825726141
821,EUROPE,RENOVISOR,628,411,0.6544585987261147
821,EUROPE,WHY_EUROPE,131,118,0.9007633587786259
821,LATAM,WHY_LATAM,608,268,0.4407894736842105
822,EUROPE,DIEGO,249,232,0.9317269076305221
822,EUROPE,RENOVISOR,624,399,0.6394230769230769
822,EUROPE,WHY_EUROPE,127,113,0.889763779527559
822,LATAM,WHY_LATAM,608,262,0.4309210526315789
823,EUROPE,DIEGO,240,224,0.9333333333333333
823,EUROPE,RENOVISOR,622,396,0.6366559485530546
823,EUROPE,WHY_EUROPE,138,130,0.9420289855072463
823,LATAM,WHY_LATAM,608,264,0.4342105263157895
824,EUROPE,DIEGO,245,228,0.9306122448979591
824,EUROPE,RENOVISOR,611,378,0.618657937806874
824,EUROPE,WHY_EUROPE,144,135,0.9375
824,LATAM,WHY_LATAM,608,280,0.4605263157894737
825,EUROPE,DIEGO,265,250,0.9433962264150944
825,EUROPE,RENOVISOR,607,378,0.6227347611202636
825,EUROPE,WHY_EUROPE,128,118,0.921875
825,LATAM,WHY_LATAM,608,271,0.4457236842105263
826,EUROPE,DIEGO,259,236,0.9111969111969112
826,EUROPE,RENOVISOR,604,397,0.6572847682119205
826,EUROPE,WHY_EUROPE,137,126,0.9197080291970803
826,LATAM,WHY_LATAM,608,270,0.4440789473684211
827,EUROPE,DIEGO,264,246,0.9318181818181818
827,EUROPE,RENOVISOR,593,377,0.6357504215851602
827,EUROPE,WHY_EUROPE,143,135,0.9440559440559441
827,LATAM,WHY_LATAM,608,269,0.44243421052631576
828,EUROPE,DIEGO,263,245,0.9315589353612167
828,EUROPE,RENOVISOR,606,397,0.6551155115511551
828,EUROPE,WHY_EUROPE,131,123,0.9389312977099237
828,LATAM,WHY_LATAM,608,256,0.42105263157894735
829,EUROPE,DIEGO,247,229,0.9271255060728745
829,EUROPE,RENOVISOR,619,406,0.6558966074313409
829,EUROPE,WHY_EUROPE,134,128,0.9552238805970149
829,LATAM,WHY_LATAM,608,272,0.4473684210526316
830,EUROPE,DIEGO,243,229,0.9423868312757202
830,EUROPE,RENOVISOR,622,387,0.6221864951768489
830,EUROPE,WHY_EUROPE,135,121,0.8962962962962963
830,LATAM,WHY_LATAM,608,273,0.44901315789473684
831,EUROPE,DIEGO,252,236,0.9365079365079365
831,EUROPE,RENOVISOR,615,400,0.6504065040650406
831,EUROPE,WHY_EUROPE,133,121,0.9097744360902256
831,LATAM,WHY_LATAM,608,258,0.4243421052631579
832,EUROPE,DIEGO,229,210,0.9170305676855895
832,EUROPE,RENOVISOR,640,406,0.634375
832,EUROPE,WHY_EUROPE,131,119,0.9083969465648855
832,LATAM,WHY_LATAM,608,272,0.4473684210526316
833,EUROPE,DIEGO,232,218,0.9396551724137931
833,EUROPE,RENOVISOR,613,384,0.6264274061990212
833,EUROPE,WHY_EUROPE,155,136,0.8774193548387097
833,LATAM,WHY_LATAM,608,268,0.4407894736842105
834,EUROPE,DIEGO,248,219,0.8830645161290323
834,EUROPE,RENOVISOR,623,391,0.6276083467094703
834,EUROPE,WHY_EUROPE,129,114,0.8837209302325582
834,LATAM,WHY_LATAM,608,273,0.44901315789473684
835,EUROPE,DIEGO,236,212,0.8983050847457628
835,EUROPE,RENOVISOR,613,389,0.634584013050571
835,EUROPE,WHY_EUROPE,151,143,0.9470198675496688
835,LATAM,WHY_LATAM,608,273,0.44901315789473684
836,EUROPE,DIEGO,232,212,0.9137931034482759
836,EUROPE,RENOVISOR,637,400,0.6279434850863422
836,EUROPE,WHY_EUROPE,131,118,0.9007633587786259
836,LATAM,WHY_LATAM,608,269,0.44243421052631576
837,EUROPE,DIEGO,229,213,0.9301310043668122
837,EUROPE,RENOVISOR,619,402,0.6494345718901454
837,EUROPE,WHY_EUROPE,152,140,0.9210526315789473
837,LATAM,WHY_LATAM,608,268,0.4407894736842105
838,EUROPE,DIEGO,260,241,0.926923076923077
838,EUROPE,RENOVISOR,611,388,0.6350245499181669
838,EUROPE,WHY_EUROPE,129,117,0.9069767441860465
838,LATAM,WHY_LATAM,608,272,0.4473684210526316
839,EUROPE,DIEGO,246,229,0.9308943089430894
839,EUROPE,RENOVISOR,610,396,0.6491803278688525
839,EUROPE,WHY_EUROPE,144,130,0.9027777777777778
839,LATAM,WHY_LATAM,608,275,0.45230263157894735
840,EUROPE,DIEGO,239,214,0.895397489539749
840,EUROPE,RENOVISOR,604,394,0.652317880794702
840,EUROPE,WHY_EUROPE,157,146,0.9299363057324841
840,LATAM,WHY_LATAM,608,269,0.44243421052631576
841,EUROPE,DIEGO,265,240,0.9056603773584906
841,EUROPE,RENOVISOR,601,384,0.6389351081530782
841,EUROPE,WHY_EUROPE,134,125,0.9328358208955224
841,LATAM,WHY_LATAM,608,258,0.4243421052631579
842,EUROPE,DIEGO,239,226,0.9456066945606695
842,EUROPE,RENOVISOR,618,396,0.6407766990291263
842,EUROPE,WHY_EUROPE,143,125,0.8741258741258742
842,LATAM,WHY_LATAM,608,273,0.44901315789473684
843,EUROPE,DIEGO,265,254,0.9584905660377359
843,EUROPE,RENOVISOR,620,394,0.635483870967742
843,EUROPE,WHY_EUROPE,115,108,0.9391304347826087
843,LATAM,WHY_LATAM,608,262,0.4309210526315789
844,EUROPE,DIEGO,266,247,0.9285714285714286
844,EUROPE,RENOVISOR,608,383,0.6299342105263158
844,EUROPE,WHY_EUROPE,126,118,0.9365079365079365
844,LATAM,WHY_LATAM,608,266,0.4375
845,EUROPE,DIEGO,256,230,0.8984375
845,EUROPE,RENOVISOR,619,393,0.6348949919224556
845,EUROPE,WHY_EUROPE,125,115,0.92
845,LATAM,WHY_LATAM,608,262,0.4309210526315789
846,EUROPE,DIEGO,249,232,0.9317269076305221
846,EUROPE,RENOVISOR,612,396,0.6470588235294118
846,EUROPE,WHY_EUROPE,139,125,0.8992805755395683
846,LATAM,WHY_LATAM,608,266,0.4375
847,EUROPE,DIEGO,219,204,0.9315068493150684
847,EUROPE,RENOVISOR,646,413,0.6393188854489165
847,EUROPE,WHY_EUROPE,135,127,0.9407407407407408
847,LATAM,WHY_LATAM,608,277,0.4555921052631579
848,EUROPE,DIEGO,216,198,0.9166666666666666
848,EUROPE,RENOVISOR,636,397,0.6242138364779874
848,EUROPE,WHY_EUROPE,148,135,0.9121621621621622
848,LATAM,WHY_LATAM,608,272,0.4473684210526316
849,EUROPE,DIEGO,256,230,0.8984375
849,EUROPE,RENOVISOR,594,373,0.6279461279461279
849,EUROPE,WHY_EUROPE,150,138,0.92
849,LATAM,WHY_LATAM,608,267,0.43914473684210525
850,EUROPE,DIEGO,238,219,0.9201680672268907
850,EUROPE,RENOVISOR,629,414,0.6581875993640699
850,EUROPE,WHY_EUROPE,133,123,0.924812030075188
850,LATAM,WHY_LATAM,608,270,0.4440789473684211
851,EUROPE,DIEGO,241,226,0.9377593360995851
851,EUROPE,RENOVISOR,616,403,0.6542207792207793
851,EUROPE,WHY_EUROPE,143,134,0.9370629370629371
851,LATAM,WHY_LATAM,608,274,0.4506578947368421
852,EUROPE,DIEGO,261,235,0.9003831417624522
852,EUROPE,RENOVISOR,605,390,0.6446280991735537
852,EUROPE,WHY_EUROPE,134,122,0.9104477611940298
852,LATAM,WHY_LATAM,608,267,0.43914473684210525
853,EUROPE,DIEGO,243,232,0.9547325102880658
853,EUROPE,RENOVISOR,605,370,0.6115702479338843
853,EUROPE,WHY_EUROPE,152,143,0.9407894736842105
853,LATAM,WHY_LATAM,608,271,0.4457236842105263
854,EUROPE,DIEGO,247,232,0.9392712550607287
854,EUROPE,RENOVISOR,603,387,0.6417910447761194
854,EUROPE,WHY_EUROPE,150,141,0.94
854,LATAM,WHY_LATAM,608,275,0.45230263157894735
855,EUROPE,DIEGO,253,229,0.9051383399209486
855,EUROPE,RENOVISOR,605,379,0.6264462809917355
855,EUROPE,WHY_EUROPE,142,132,0.9295774647887324
855,LATAM,WHY_LATAM,608,258,0.4243421052631579
856,EUROPE,DIEGO,264,254,0.9621212121212122
856,EUROPE,RENOVISOR,615,392,0.6373983739837399
856,EUROPE,WHY_EUROPE,121,116,0.9586776859504132
856,LATAM,WHY_LATAM,608,278,0.45723684210526316
857,EUROPE,DIEGO,243,224,0.9218106995884774
857,EUROPE,RENOVISOR,620,401,0.646774193548387
857,EUROPE,WHY_EUROPE,137,126,0.9197080291970803
857,LATAM,WHY_LATAM,608,258,0.4243421052631579
858,EUROPE,DIEGO,225,205,0.9111111111111111
858,EUROPE,RENOVISOR,610,391,0.6409836065573771
858,EUROPE,WHY_EUROPE,165,147,0.8909090909090909
858,LATAM,WHY_LATAM,608,262,0.4309210526315789
859,EUROPE,DIEGO,235,221,0.9404255319148936
859,EUROPE,RENOVISOR,603,396,0.6567164179104478
859,EUROPE,WHY_EUROPE,162,147,0.9074074074074074
859,LATAM,WHY_LATAM,608,256,0.42105263157894735
860,EUROPE,DIEGO,258,231,0.8953488372093024
860,EUROPE,RENOVISOR,615,384,0.624390243902439
860,EUROPE,WHY_EUROPE,127,118,0.9291338582677166
860,LATAM,WHY_LATAM,608,260,0.4276315789473684
861,EUROPE,DIEGO,254,237,0.9330708661417323
861,EUROPE,RENOVISOR,634,394,0.6214511041009464
861,EUROPE,WHY_EUROPE,112,100,0.8928571428571429
861,LATAM,WHY_LATAM,608,263,0.43256578947368424
862,EUROPE,DIEGO,237,221,0.9324894514767933
862,EUROPE,RENOVISOR,620,388,0.6258064516129033
862,EUROPE,WHY_EUROPE,143,128,0.8951048951048951
862,LATAM,WHY_LATAM,608,268,0.4407894736842105
863,EUROPE,DIEGO,236,217,0.9194915254237288
863,EUROPE,RENOVISOR,610,388,0.6360655737704918
863,EUROPE,WHY_EUROPE,154,139,0.9025974025974026
863,LATAM,WHY_LATAM,608,263,0.43256578947368424
864,EUROPE,DIEGO,251,232,0.9243027888446215
864,EUROPE,RENOVISOR,602,371,0.6162790697674418
864,EUROPE,WHY_EUROPE,147,133,0.9047619047619048
864,LATAM,WHY_LATAM,608,268,0.4407894736842105
865,EUROPE,DIEGO,221,208,0.9411764705882353
865,EUROPE,RENOVISOR,635,404,0.6362204724409449
865,EUROPE,WHY_EUROPE,144,137,0.9513888888888888
865,LATAM,WHY_LATAM,608,261,0.4292763157894737
866,EUROPE,DIEGO,244,227,0.930327868852459
866,EUROPE,RENOVISOR,629,407,0.6470588235294118
866,EUROPE,WHY_EUROPE,127,115,0.905511811023622
866,LATAM,WHY_LATAM,608,281,0.4621710526315789
867,EUROPE,DIEGO,253,231,0.9130434782608695
867,EUROPE,RENOVISOR,612,387,0.6323529411764706
867,EUROPE,WHY_EUROPE,135,125,0.9259259259259259
867,LATAM,WHY_LATAM,608,266,0.4375
868,EUROPE,DIEGO,223,206,0.9237668161434978
868,EUROPE,RENOVISOR,612,373,0.6094771241830066
868,EUROPE,WHY_EUROPE,165,152,0.9212121212121213
868,LATAM,WHY_LATAM,608,262,0.4309210526315789
869,EUROPE,DIEGO,259,237,0.915057915057915
869,EUROPE,RENOVISOR,605,383,0.6330578512396694
869,EUROPE,WHY_EUROPE,136,121,0.8897058823529411
869,LATAM,WHY_LATAM,608,279,0.4588815789473684
870,EUROPE,DIEGO,248,224,0.9032258064516129
870,EUROPE,RENOVISOR,620,388,0.6258064516129033
870,EUROPE,WHY_EUROPE,132,124,0.9393939393939394
870,LATAM,WHY_LATAM,608,269,0.44243421052631576
871,EUROPE,DIEGO,239,224,0.9372384937238494
871,EUROPE,RENOVISOR,633,398,0.6287519747235387
871,EUROPE,WHY_EUROPE,128,122,0.953125
871,LATAM,WHY_LATAM,608,262,0.4309210526315789
872,EUROPE,DIEGO,254,233,0.9173228346456693
872,EUROPE,RENOVISOR,604,388,0.6423841059602649
872,EUROPE,WHY_EUROPE,142,127,0.8943661971830986
872,LATAM,WHY_LATAM,608,266,0.4375
873,EUROPE,DIEGO,258,242,0.937984496124031
873,EUROPE,RENOVISOR,610,384,0.6295081967213115
873,EUROPE,WHY_EUROPE,132,124,0.9393939393939394
873,LATAM,WHY_LATAM,608,266,0.4375
874,EUROPE,DIEGO,278,256,0.920863309352518
874,EUROPE,RENOVISOR,610,390,0.639344262295082
874,EUROPE,WHY_EUROPE,112,110,0.9821428571428571
874,LATAM,WHY_LATAM,608,265,0.43585526315789475
875,EUROPE,DIEGO,231,207,0.8961038961038961
875,EUROPE,RENOVISOR,624,394,0.6314102564102564
875,EUROPE,WHY_EUROPE,145,135,0.9310344827586207
875,LATAM,WHY_LATAM,608,267,0.43914473684210525
876,EUROPE,DIEGO,250,232,0.928
876,EUROPE,RENOVISOR,605,379,0.6264462809917355
876,EUROPE,WHY_EUROPE,145,132,0.9103448275862069
876,LATAM,WHY_LATAM,608,266,0.4375
877,EUROPE,DIEGO,244,229,0.9385245901639344
877,EUROPE,RENOVISOR,601,375,0.6239600665557404
877,EUROPE,WHY_EUROPE,155,145,0.9354838709677419
877,LATAM,WHY_LATAM,608,260,0.4276315789473684
878,EUROPE,DIEGO,257,235,0.914396887159533
878,EUROPE,RENOVISOR,604,376,0.6225165562913907
878,EUROPE,WHY_EUROPE,139,130,0.935251798561151
878,LATAM,WHY_LATAM,608,268,0.4407894736842105
879,EUROPE,DIEGO,230,214,0.9304347826086956
879,EUROPE,RENOVISOR,629,397,0.6311605723370429
879,EUROPE,WHY_EUROPE,141,128,0.9078014184397163
879,LATAM,WHY_LATAM,608,270,0.4440789473684211
880,EUROPE,DIEGO,243,224,0.9218106995884774
880,EUROPE,RENOVISOR,615,404,0.656910569105691
880,EUROPE,WHY_EUROPE,142,128,0.9014084507042254
880,LATAM,WHY_LATAM,608,264,0.4342105263157895
881,EUROPE,DIEGO,240,218,0.9083333333333333
881,EUROPE,RENOVISOR,626,391,0.6246006389776357
881,EUROPE,WHY_EUROPE,134,127,0.9477611940298507
881,LATAM,WHY_LATAM,608,276,0.45394736842105265
882,EUROPE,DIEGO,253,233,0.9209486166007905
882,EUROPE,RENOVISOR,606,384,0.6336633663366337
882,EUROPE,WHY_EUROPE,141,132,0.9361702127659575
882,LATAM,WHY_LATAM,608,279,0.4588815789473684
883,EUROPE,DIEGO,250,234,0.936
883,EUROPE,RENOVISOR,618,390,0.6310679611650486
883,EUROPE,WHY_EUROPE,132,121,0.9166666666666666
883,LATAM,WHY_LATAM,608,267,0.43914473684210525
884,EUROPE,DIEGO,219,209,0.954337899543379
884,EUROPE,RENOVISOR,616,393,0.637987012987013
884,EUROPE,WHY_EUROPE,165,151,0.9151515151515152
884,LATAM,WHY_LATAM,608,267,0.43914473684210525
885,EUROPE,DIEGO,240,221,0.9208333333333333
885,EUROPE,RENOVISOR,618,382,0.6181229773462783
885,EUROPE,WHY_EUROPE,142,133,0.9366197183098591
885,LATAM,WHY_LATAM,608,263,0.43256578947368424
886,EUROPE,DIEGO,259,241,0.9305019305019305
886,EUROPE,RENOVISOR,615,379,0.616260162601626
886,EUROPE,WHY_EUROPE,126,117,0.9285714285714286
886,LATAM,WHY_LATAM,608,277,0.4555921052631579
887,EUROPE,DIEGO,259,237,0.915057915057915
887,EUROPE,RENOVISOR,614,386,0.6286644951140065
887,EUROPE,WHY_EUROPE,127,112,0.8818897637795275
887,LATAM,WHY_LATAM,608,268,0.4407894736842105
888,EUROPE,DIEGO,244,228,0.9344262295081968
888,EUROPE,RENOVISOR,603,401,0.6650082918739635
888,EUROPE,WHY_EUROPE,153,139,0.9084967320261438
888,LATAM,WHY_LATAM,608,285,0.46875
889,EUROPE,DIEGO,247,225,0.9109311740890689
889,EUROPE,RENOVISOR,615,402,0.6536585365853659
889,EUROPE,WHY_EUROPE,138,128,0.927536231884058
889,LATAM,WHY_LATAM,608,270,0.4440789473684211
890,EUROPE,DIEGO,246,223,0.9065040650406504
890,EUROPE,RENOVISOR,615,377,0.6130081300813008
890,EUROPE,WHY_EUROPE,139,129,0.9280575539568345
890,LATAM,WHY_LATAM,608,266,0.4375
891,EUROPE,DIEGO,252,233,0.9246031746031746
891,EUROPE,RENOVISOR,623,401,0.6436597110754414
891,EUROPE,WHY_EUROPE,125,116,0.928
891,LATAM,WHY_LATAM,608,281,0.4621710526315789
892,EUROPE,DIEGO,230,213,0.9260869565217391
892,EUROPE,RENOVISOR,614,391,0.6368078175895765
892,EUROPE,WHY_EUROPE,156,138,0.8846153846153846
892,LATAM,WHY_LATAM,608,265,0.43585526315789475
893,EUROPE,DIEGO,252,233,0.9246031746031746
893,EUROPE,RENOVISOR,605,388,0.6413223140495867
893,EUROPE,WHY_EUROPE,143,136,0.951048951048951
893,LATAM,WHY_LATAM,608,278,0.45723684210526316
894,EUROPE,DIEGO,256,234,0.9140625
894,EUROPE,RENOVISOR,612,398,0.6503267973856209
894,EUROPE,WHY_EUROPE,132,121,0.9166666666666666
894,LATAM,WHY_LATAM,608,256,0.42105263157894735
895,EUROPE,DIEGO,225,210,0.9333333333333333
895,EUROPE,RENOVISOR,631,384,0.6085578446909667
895,EUROPE,WHY_EUROPE,144,128,0.8888888888888888
895,LATAM,WHY_LATAM,608,255,0.4194078947368421
896,EUROPE,DIEGO,255,234,0.9176470588235294
896,EUROPE,RENOVISOR,612,398,0.6503267973856209
896,EUROPE,WHY_EUROPE,133,123,0.924812030075188
896,LATAM,WHY_LATAM,608,273,0.44901315789473684
897,EUROPE,DIEGO,267,241,0.9026217228464419
897,EUROPE,RENOVISOR,596,382,0.6409395973154363
897,EUROPE,WHY_EUROPE,137,128,0.9343065693430657
897,LATAM,WHY_LATAM,608,263,0.43256578947368424
898,EUROPE,DIEGO,247,231,0.9352226720647774
898,EUROPE,RENOVISOR,614,387,0.6302931596091205
898,EUROPE,WHY_EUROPE,139,124,0.8920863309352518
898,LATAM,WHY_LATAM,608,259,0.42598684210526316
899,EUROPE,DIEGO,246,228,0.926829268292683
899,EUROPE,RENOVISOR,603,392,0.6500829187396352
899,EUROPE,WHY_EUROPE,151,137,0.9072847682119205
899,LATAM,WHY_LATAM,608,277,0.4555921052631579
900,EUROPE,DIEGO,260,242,0.9307692307692308
900,EUROPE,RENOVISOR,615,398,0.6471544715447154
900,EUROPE,WHY_EUROPE,125,116,0.928
900,LATAM,WHY_LATAM,608,268,0.4407894736842105
901,EUROPE,DIEGO,247,223,0.902834008097166
901,EUROPE,RENOVISOR,607,384,0.6326194398682042
901,EUROPE,WHY_EUROPE,146,133,0.910958904109589
901,LATAM,WHY_LATAM,608,257,0.42269736842105265
902,EUROPE,DIEGO,265,239,0.9018867924528302
902,EUROPE,RENOVISOR,603,384,0.6368159203980099
902,EUROPE,WHY_EUROPE,132,125,0.946969696969697
902,LATAM,WHY_LATAM,608,271,0.4457236842105263
903,EUROPE,DIEGO,255,247,0.9686274509803922
903,EUROPE,RENOVISOR,603,387,0.6417910447761194
903,EUROPE,WHY_EUROPE,142,135,0.9507042253521126
903,LATAM,WHY_LATAM,608,266,0.4375
904,EUROPE,DIEGO,233,218,0.9356223175965666
904,EUROPE,RENOVISOR,600,381,0.635
904,EUROPE,WHY_EUROPE,167,143,0.8562874251497006
904,LATAM,WHY_LATAM,608,285,0.46875
905,EUROPE,DIEGO,240,224,0.9333333333333333
905,EUROPE,RENOVISOR,615,395,0.6422764227642277
905,EUROPE,WHY_EUROPE,145,138,0.9517241379310345
905,LATAM,WHY_LATAM,608,269,0.44243421052631576
906,EUROPE,DIEGO,252,235,0.9325396825396826
906,EUROPE,RENOVISOR,620,392,0.632258064516129
906,EUROPE,WHY_EUROPE,128,115,0.8984375
906,LATAM,WHY_LATAM,608,281,0.4621710526315789
907,EUROPE,DIEGO,250,230,0.92
907,EUROPE,RENOVISOR,603,388,0.6434494195688225
907,EUROPE,WHY_EUROPE,147,134,0.9115646258503401
907,LATAM,WHY_LATAM,608,266,0.4375
908,EUROPE,DIEGO,235,217,0.9234042553191489
908,EUROPE,RENOVISOR,621,402,0.6473429951690821
908,EUROPE,WHY_EUROPE,144,132,0.9166666666666666
908,LATAM,WHY_LATAM,608,273,0.44901315789473684
909,EUROPE,DIEGO,229,217,0.9475982532751092
909,EUROPE,RENOVISOR,624,386,0.6185897435897436
909,EUROPE,WHY_EUROPE,147,133,0.9047619047619048
909,LATAM,WHY_LATAM,608,268,0.4407894736842105
910,EUROPE,DIEGO,245,225,0.9183673469387755
910,EUROPE,RENOVISOR,613,389,0.634584013050571
910,EUROPE,WHY_EUROPE,142,131,0.9225352112676056
910,LATAM,WHY_LATAM,608,261,0.4292763157894737
911,EUROPE,DIEGO,260,233,0.8961538461538462
911,EUROPE,RENOVISOR,610,386,0.6327868852459017
911,EUROPE,WHY_EUROPE,130,123,0.9461538461538461
911,LATAM,WHY_LATAM,608,273,0.44901315789473684
912,EUROPE,DIEGO,246,235,0.9552845528455285
912,EUROPE,RENOVISOR,617,381,0.6175040518638574
912,EUROPE,WHY_EUROPE,137,121,0.8832116788321168
912,LATAM,WHY_LATAM,608,257,0.42269736842105265
913,EUROPE,DIEGO,253,227,0.8972332015810277
913,EUROPE,RENOVISOR,607,374,0.6161449752883031
913,EUROPE,WHY_EUROPE,140,132,0.9428571428571428
913,LATAM,WHY_LATAM,608,265,0.43585526315789475
914,EUROPE,DIEGO,254,234,0.9212598425196851
914,EUROPE,RENOVISOR,615,386,0.6276422764227643
914,EUROPE,WHY_EUROPE,131,126,0.9618320610687023
914,LATAM,WHY_LATAM,608,278,0.45723684210526316
915,EUROPE,DIEGO,232,215,0.9267241379310345
915,EUROPE,RENOVISOR,604,386,0.6390728476821192
915,EUROPE,WHY_EUROPE,164,150,0.9146341463414634
915,LATAM,WHY_LATAM,608,263,0.43256578947368424
916,EUROPE,DIEGO,253,236,0.932806324110672
916,EUROPE,RENOVISOR,607,375,0.6177924217462932
916,EUROPE,WHY_EUROPE,140,127,0.9071428571428571
916,LATAM,WHY_LATAM,608,270,0.4440789473684211
917,EUROPE,DIEGO,250,230,0.92
917,EUROPE,RENOVISOR,611,388,0.6350245499181669
917,EUROPE,WHY_EUROPE,139,123,0.8848920863309353
917,LATAM,WHY_LATAM,608,263,0.43256578947368424
918,EUROPE,DIEGO,252,229,0.9087301587301587
918,EUROPE,RENOVISOR,616,400,0.6493506493506493
918,EUROPE,WHY_EUROPE,132,123,0.9318181818181818
918,LATAM,WHY_LATAM,608,272,0.4473684210526316
919,EUROPE,DIEGO,255,237,0.9294117647058824
919,EUROPE,RENOVISOR,607,380,0.6260296540362438
919,EUROPE,WHY_EUROPE,138,128,0.927536231884058
919,LATAM,WHY_LATAM,608,274,0.4506578947368421
920,EUROPE,DIEGO,249,228,0.9156626506024096
920,EUROPE,RENOVISOR,599,396,0.66110183639399
920,EUROPE,WHY_EUROPE,152,135,0.8881578947368421
920,LATAM,WHY_LATAM,608,267,0.43914473684210525
921,EUROPE,DIEGO,247,222,0.8987854251012146
921,EUROPE,RENOVISOR,613,378,0.6166394779771615
921,EUROPE,WHY_EUROPE,140,133,0.95
921,LATAM,WHY_LATAM,608,265,0.43585526315789475
922,EUROPE,DIEGO,238,218,0.9159663865546218
922,EUROPE,RENOVISOR,606,382,0.6303630363036303
922,EUROPE,WHY_EUROPE,156,144,0.9230769230769231
922,LATAM,WHY_LATAM,608,278,0.45723684210526316
923,EUROPE,DIEGO,247,223,0.902834008097166
923,EUROPE,RENOVISOR,627,409,0.6523125996810207
923,EUROPE,WHY_EUROPE,126,116,0.9206349206349206
923,LATAM,WHY_LATAM,608,271,0.4457236842105263
924,EUROPE,DIEGO,240,226,0.9416666666666667
924,EUROPE,RENOVISOR,627,409,0.6523125996810207
924,EUROPE,WHY_EUROPE,133,125,0.9398496240601504
924,LATAM,WHY_LATAM,608,263,0.43256578947368424
925,EUROPE,DIEGO,261,239,0.9157088122605364
925,EUROPE,RENOVISOR,609,396,0.6502463054187192
925,EUROPE,WHY_EUROPE,130,118,0.9076923076923077
925,LATAM,WHY_LATAM,608,266,0.4375
926,EUROPE,DIEGO,279,261,0.9354838709677419
926,EUROPE,RENOVISOR,590,377,0.6389830508474577
926,EUROPE,WHY_EUROPE,131,123,0.9389312977099237
926,LATAM,WHY_LATAM,608,266,0.4375
927,EUROPE,DIEGO,246,222,0.9024390243902439
927,EUROPE,RENOVISOR,619,395,0.6381260096930533
927,EUROPE,WHY_EUROPE,135,121,0.8962962962962963
927,LATAM,WHY_LATAM,608,270,0.4440789473684211
928,EUROPE,DIEGO,252,225,0.8928571428571429
928,EUROPE,RENOVISOR,605,385,0.6363636363636364
928,EUROPE,WHY_EUROPE,143,130,0.9090909090909091
928,LATAM,WHY_LATAM,608,272,0.4473684210526316
929,EUROPE,DIEGO,250,231,0.924
929,EUROPE,RENOVISOR,600,382,0.6366666666666667
929,EUROPE,WHY_EUROPE,150,141,0.94
929,LATAM,WHY_LATAM,608,259,0.42598684210526316
930,EUROPE,DIEGO,257,239,0.9299610894941635
930,EUROPE,RENOVISOR,586,367,0.6262798634812287
930,EUROPE,WHY_EUROPE,157,142,0.9044585987261147
930,LATAM,WHY_LATAM,608,261,0.4292763157894737
931,EUROPE,DIEGO,244,223,0.9139344262295082
931,EUROPE,RENOVISOR,619,380,0.6138933764135702
931,EUROPE,WHY_EUROPE,137,126,0.9197080291970803
931,LATAM,WHY_LATAM,608,272,0.4473684210526316
932,EUROPE,DIEGO,264,246,0.9318181818181818
932,EUROPE,RENOVISOR,598,391,0.6538461538461539
932,EUROPE,WHY_EUROPE,138,121,0.8768115942028986
932,LATAM,WHY_LATAM,608,261,0.4292763157894737
933,EUROPE,DIEGO,248,237,0.9556451612903226
933,EUROPE,RENOVISOR,607,375,0.6177924217462932
933,EUROPE,WHY_EUROPE,145,137,0.9448275862068966
933,LATAM,WHY_LATAM,608,255,0.4194078947368421
934,EUROPE,DIEGO,241,223,0.9253112033195021
934,EUROPE,RENOVISOR,608,384,0.631578947368421
934,EUROPE,WHY_EUROPE,151,136,0.9006622516556292
934,LATAM,WHY_LATAM,608,277,0.4555921052631579
935,EUROPE,DIEGO,236,228,0.9661016949152542
935,EUROPE,RENOVISOR,619,401,0.6478190630048465
935,EUROPE,WHY_EUROPE,145,135,0.9310344827586207
935,LATAM,WHY_LATAM,608,283,0.4654605263157895
936,EUROPE,DIEGO,253,237,0.9367588932806324
936,EUROPE,RENOVISOR,613,398,0.6492659053833605
936,EUROPE,WHY_EUROPE,134,121,0.9029850746268657
936,LATAM,WHY_LATAM,608,258,0.4243421052631579
937,EUROPE,DIEGO,236,216,0.9152542372881356
937,EUROPE,RENOVISOR,617,398,0.6450567260940032
937,EUROPE,WHY_EUROPE,147,137,0.9319727891156463
937,LATAM,WHY_LATAM,608,258,0.4243421052631579
938,EUROPE,DIEGO,255,240,0.9411764705882353
938,EUROPE,RENOVISOR,608,376,0.618421052631579
938,EUROPE,WHY_EUROPE,137,128,0.9343065693430657
938,LATAM,WHY_LATAM,608,269,0.44243421052631576
939,EUROPE,DIEGO,248,231,0.9314516129032258
939,EUROPE,RENOVISOR,615,381,0.6195121951219512
939,EUROPE,WHY_EUROPE,137,131,0.9562043795620438
939,LATAM,WHY_LATAM,608,272,0.4473684210526316
940,EUROPE,DIEGO,251,233,0.9282868525896414
940,EUROPE,RENOVISOR,622,394,0.6334405144694534
940,EUROPE,WHY_EUROPE,127,116,0.9133858267716536
940,LATAM,WHY_LATAM,608,271,0.4457236842105263
941,EUROPE,DIEGO,245,229,0.9346938775510204
941,EUROPE,RENOVISOR,608,376,0.618421052631579
941,EUROPE,WHY_EUROPE,147,135,0.9183673469387755
941,LATAM,WHY_LATAM,608,259,0.42598684210526316
942,EUROPE,DIEGO,253,230,0.9090909090909091
942,EUROPE,RENOVISOR,616,386,0.6266233766233766
942,EUROPE,WHY_EUROPE,131,122,0.9312977099236641
942,LATAM,WHY_LATAM,608,263,0.43256578947368424
943,EUROPE,DIEGO,242,224,0.9256198347107438
943,EUROPE,RENOVISOR,613,388,0.632952691680261
943,EUROPE,WHY_EUROPE,145,133,0.9172413793103448
943,LATAM,WHY_LATAM,608,266,0.4375
944,EUROPE,DIEGO,242,217,0.8966942148760331
944,EUROPE,RENOVISOR,614,393,0.6400651465798045
944,EUROPE,WHY_EUROPE,144,134,0.9305555555555556
944,LATAM,WHY_LATAM,608,269,0.44243421052631576
945,EUROPE,DIEGO,252,232,0.9206349206349206
945,EUROPE,RENOVISOR,609,391,0.6420361247947455
945,EUROPE,WHY_EUROPE,139,128,0.920863309352518
945,LATAM,WHY_LATAM,608,262,0.4309210526315789
946,EUROPE,DIEGO,241,228,0.946058091286307
946,EUROPE,RENOVISOR,624,398,0.6378205128205128
946,EUROPE,WHY_EUROPE,135,124,0.9185185185185185
946,LATAM,WHY_LATAM,608,266,0.4375
947,EUROPE,DIEGO,251,235,0.9362549800796812
947,EUROPE,RENOVISOR,617,394,0.6385737439222042
947,EUROPE,WHY_EUROPE,132,124,0.9393939393939394
947,LATAM,WHY_LATAM,608,272,0.4473684210526316
948,EUROPE,DIEGO,256,239,0.93359375
948,EUROPE,RENOVISOR,615,386,0.6276422764227643
948,EUROPE,WHY_EUROPE,129,122,0.9457364341085271
948,LATAM,WHY_LATAM,608,264,0.4342105263157895
949,EUROPE,DIEGO,230,217,0.9434782608695652
949,EUROPE,RENOVISOR,628,402,0.6401273885350318
949,EUROPE,WHY_EUROPE,142,128,0.9014084507042254
949,LATAM,WHY_LATAM,608,262,0.4309210526315789
950,EUROPE,DIEGO,261,244,0.9348659003831418
950,EUROPE,RENOVISOR,616,394,0.6396103896103896
950,EUROPE,WHY_EUROPE,123,115,0.9349593495934959
950,LATAM,WHY_LATAM,608,258,0.4243421052631579
951,EUROPE,DIEGO,259,239,0.9227799227799228
951,EUROPE,RENOVISOR,604,387,0.640728476821192
951,EUROPE,WHY_EUROPE,137,127,0.927007299270073
951,LATAM,WHY_LATAM,608,268,0.4407894736842105
952,EUROPE,DIEGO,256,238,0.9296875
952,EUROPE,RENOVISOR,604,382,0.6324503311258278
952,EUROPE,WHY_EUROPE,140,125,0.8928571428571429
952,LATAM,WHY_LATAM,608,286,0.47039473684210525
953,EUROPE,DIEGO,238,228,0.957983193277311
953,EUROPE,RENOVISOR,611,392,0.6415711947626841
953,EUROPE,WHY_EUROPE,151,141,0.9337748344370861
953,LATAM,WHY_LATAM,608,272,0.4473684210526316
954,EUROPE,DIEGO,264,235,0.8901515151515151
954,EUROPE,RENOVISOR,599,388,0.6477462437395659
954,EUROPE,WHY_EUROPE,137,127,0.927007299270073
954,LATAM,WHY_LATAM,608,265,0.43585526315789475
955,EUROPE,DIEGO,260,236,0.9076923076923077
955,EUROPE,RENOVISOR,601,384,0.6389351081530782
955,EUROPE,WHY_EUROPE,139,128,0.920863309352518
955,LATAM,WHY_LATAM,608,270,0.4440789473684211
956,EUROPE,DIEGO,231,213,0.922077922077922
956,EUROPE,RENOVISOR,614,406,0.6612377850162866
956,EUROPE,WHY_EUROPE,155,145,0.9354838709677419
956,LATAM,WHY_LATAM,608,263,0.43256578947368424
957,EUROPE,DIEGO,270,244,0.9037037037037037
957,EUROPE,RENOVISOR,604,378,0.6258278145695364
957,EUROPE,WHY_EUROPE,126,119,0.9444444444444444
957,LATAM,WHY_LATAM,608,276,0.45394736842105265
958,EUROPE,DIEGO,232,218,0.9396551724137931
958,EUROPE,RENOVISOR,622,374,0.6012861736334405
958,EUROPE,WHY_EUROPE,146,136,0.9315068493150684
958,LATAM,WHY_LATAM,608,285,0.46875
959,EUROPE,DIEGO,246,227,0.9227642276422764
959,EUROPE,RENOVISOR,623,401,0.6436597110754414
959,EUROPE,WHY_EUROPE,131,124,0.9465648854961832
959,LATAM,WHY_LATAM,608,261,0.4292763157894737
960,EUROPE,DIEGO,248,231,0.9314516129032258
960,EUROPE,RENOVISOR,612,377,0.6160130718954249
960,EUROPE,WHY_EUROPE,140,132,0.9428571428571428
960,LATAM,WHY_LATAM,608,270,0.4440789473684211
961,EUROPE,DIEGO,274,260,0.948905109489051
961,EUROPE,RENOVISOR,595,369,0.6201680672268908
961,EUROPE,WHY_EUROPE,131,119,0.9083969465648855
961,LATAM,WHY_LATAM,608,264,0.4342105263157895
962,EUROPE,DIEGO,247,228,0.9230769230769231
962,EUROPE,RENOVISOR,619,392,0.6332794830371568
962,EUROPE,WHY_EUROPE,134,129,0.9626865671641791
962,LATAM,WHY_LATAM,608,268,0.4407894736842105
963,EUROPE,DIEGO,252,234,0.9285714285714286
963,EUROPE,RENOVISOR,614,388,0.6319218241042345
963,EUROPE,WHY_EUROPE,134,119,0.8880597014925373
963,LATAM,WHY_LATAM,608,261,0.4292763157894737
964,EUROPE,DIEGO,241,225,0.9336099585062241
964,EUROPE,RENOVISOR,615,387,0.6292682926829268
964,EUROPE,WHY_EUROPE,144,132,0.9166666666666666
964,LATAM,WHY_LATAM,608,270,0.4440789473684211
965,EUROPE,DIEGO,253,229,0.9051383399209486
965,EUROPE,RENOVISOR,616,388,0.6298701298701299
965,EUROPE,WHY_EUROPE,131,121,0.9236641221374046
965,LATAM,WHY_LATAM,608,274,0.4506578947368421
966,EUROPE,DIEGO,254,228,0.8976377952755905
966,EUROPE,RENOVISOR,608,387,0.6365131578947368
966,EUROPE,WHY_EUROPE,138,126,0.9130434782608695
966,LATAM,WHY_LATAM,608,270,0.4440789473684211
967,EUROPE,DIEGO,247,228,0.9230769230769231
967,EUROPE,RENOVISOR,613,396,0.6460032626427407
967,EUROPE,WHY_EUROPE,140,132,0.9428571428571428
967,LATAM,WHY_LATAM,608,284,0.46710526315789475
968,EUROPE,DIEGO,236,214,0.9067796610169492
968,EUROPE,RENOVISOR,616,392,0.6363636363636364
968,EUROPE,WHY_EUROPE,148,138,0.9324324324324325
968,LATAM,WHY_LATAM,608,264,0.4342105263157895
969,EUROPE,DIEGO,238,224,0.9411764705882353
969,EUROPE,RENOVISOR,617,387,0.6272285251215559
969,EUROPE,WHY_EUROPE,145,136,0.9379310344827586
969,LATAM,WHY_LATAM,608,264,0.4342105263157895
970,EUROPE,DIEGO,228,215,0.9429824561403509
970,EUROPE,RENOVISOR,607,375,0.6177924217462932
970,EUROPE,WHY_EUROPE,165,145,0.8787878787878788
970,LATAM,WHY_LATAM,608,275,0.45230263157894735
971,EUROPE,DIEGO,249,234,0.9397590361445783
971,EUROPE,RENOVISOR,617,398,0.6450567260940032
971,EUROPE,WHY_EUROPE,134,125,0.9328358208955224
971,LATAM,WHY_LATAM,608,270,0.4440789473684211
972,EUROPE,DIEGO,259,240,0.9266409266409267
972,EUROPE,RENOVISOR,596,390,0.6543624161073825
972,EUROPE,WHY_EUROPE,145,134,0.9241379310344827
972,LATAM,WHY_LATAM,608,274,0.4506578947368421
973,EUROPE,DIEGO,248,232,0.9354838709677419
973,EUROPE,RENOVISOR,610,394,0.6459016393442623
973,EUROPE,WHY_EUROPE,142,134,0.9436619718309859
973,LATAM,WHY_LATAM,608,268,0.4407894736842105
974,EUROPE,DIEGO,226,217,0.9601769911504425
974,EUROPE,RENOVISOR,631,399,0.6323296354992076
974,EUROPE,WHY_EUROPE,143,133,0.9300699300699301
974,LATAM,WHY_LATAM,608,260,0.4276315789473684
975,EUROPE,DIEGO,255,238,0.9333333333333333
975,EUROPE,RENOVISOR,613,378,0.6166394779771615
975,EUROPE,WHY_EUROPE,132,122,0.9242424242424242
975,LATAM,WHY_LATAM,608,261,0.4292763157894737
976,EUROPE,DIEGO,234,214,0.9145299145299145
976,EUROPE,RENOVISOR,608,377,0.6200657894736842
976,EUROPE,WHY_EUROPE,158,142,0.8987341772151899
976,LATAM,WHY_LATAM,608,263,0.43256578947368424
977,EUROPE,DIEGO,245,225,0.9183673469387755
977,EUROPE,RENOVISOR,622,394,0.6334405144694534
977,EUROPE,WHY_EUROPE,133,128,0.9624060150375939
977,LATAM,WHY_LATAM,608,265,0.43585526315789475
978,EUROPE,DIEGO,249,230,0.9236947791164659
978,EUROPE,RENOVISOR,596,372,0.6241610738255033
978,EUROPE,WHY_EUROPE,155,146,0.9419354838709677
978,LATAM,WHY_LATAM,608,263,0.43256578947368424
979,EUROPE,DIEGO,256,230,0.8984375
979,EUROPE,RENOVISOR,616,396,0.6428571428571429
979,EUROPE,WHY_EUROPE,128,121,0.9453125
979,LATAM,WHY_LATAM,608,262,0.4309210526315789
980,EUROPE,DIEGO,243,222,0.9135802469135802
980,EUROPE,RENOVISOR,618,389,0.6294498381877023
980,EUROPE,WHY_EUROPE,139,132,0.9496402877697842
980,LATAM,WHY_LATAM,608,279,0.4588815789473684
981,EUROPE,DIEGO,251,226,0.900398406374502
981,EUROPE,RENOVISOR,601,378,0.6289517470881864
981,EUROPE,WHY_EUROPE,148,136,0.918918918918919
981,LATAM,WHY_LATAM,608,258,0.4243421052631579
982,EUROPE,DIEGO,251,233,0.9282868525896414
982,EUROPE,RENOVISOR,595,379,0.6369747899159663
982,EUROPE,WHY_EUROPE,154,141,0.9155844155844156
982,LATAM,WHY_LATAM,608,260,0.4276315789473684
983,EUROPE,DIEGO,265,241,0.909433962264151
983,EUROPE,RENOVISOR,614,386,0.6286644951140065
983,EUROPE,WHY_EUROPE,121,109,0.9008264462809917
983,LATAM,WHY_LATAM,608,260,0.4276315789473684
984,EUROPE,DIEGO,237,223,0.9409282700421941
984,EUROPE,RENOVISOR,618,392,0.6343042071197411
984,EUROPE,WHY_EUROPE,145,137,0.9448275862068966
984,LATAM,WHY_LATAM,608,254,0.41776315789473684
985,EUROPE,DIEGO,248,230,0.9274193548387096
985,EUROPE,RENOVISOR,607,386,0.6359143327841845
985,EUROPE,WHY_EUROPE,145,129,0.8896551724137931
985,LATAM,WHY_LATAM,608,262,0.4309210526315789
986,EUROPE,DIEGO,228,211,0.9254385964912281
986,EUROPE,RENOVISOR,612,398,0.6503267973856209
986,EUROPE,WHY_EUROPE,160,146,0.9125
986,LATAM,WHY_LATAM,608,269,0.44243421052631576
987,EUROPE,DIEGO,256,237,0.92578125
987,EUROPE,RENOVISOR,618,399,0.6456310679611651
987,EUROPE,WHY_EUROPE,126,116,0.9206349206349206
987,LATAM,WHY_LATAM,608,272,0.4473684210526316
988,EUROPE,DIEGO,230,208,0.9043478260869565
988,EUROPE,RENOVISOR,625,394,0.6304
988,EUROPE,WHY_EUROPE,145,138,0.9517241379310345
988,LATAM,WHY_LATAM,608,267,0.43914473684210525
989,EUROPE,DIEGO,233,215,0.9227467811158798
989,EUROPE,RENOVISOR,616,378,0.6136363636363636
989,EUROPE,WHY_EUROPE,151,136,0.9006622516556292
989,LATAM,WHY_LATAM,608,266,0.4375
990,EUROPE,DIEGO,247,225,0.9109311740890689
990,EUROPE,RENOVISOR,622,391,0.6286173633440515
990,EUROPE,WHY_EUROPE,131,121,0.9236641221374046
990,LATAM,WHY_LATAM,608,274,0.4506578947368421
991,EUROPE,DIEGO,275,251,0.9127272727272727
991,EUROPE,RENOVISOR,606,382,0.6303630363036303
991,EUROPE,WHY_EUROPE,119,110,0.9243697478991597
991,LATAM,WHY_LATAM,608,278,0.45723684210526316
992,EUROPE,DIEGO,263,246,0.935361216730038
992,EUROPE,RENOVISOR,617,395,0.640194489465154
992,EUROPE,WHY_EUROPE,120,115,0.9583333333333334
992,LATAM,WHY_LATAM,608,279,0.4588815789473684
993,EUROPE,DIEGO,250,224,0.896
993,EUROPE,RENOVISOR,606,379,0.6254125412541254
993,EUROPE,WHY_EUROPE,144,132,0.9166666666666666
993,LATAM,WHY_LATAM,608,273,0.44901315789473684
994,EUROPE,DIEGO,231,213,0.922077922077922
994,EUROPE,RENOVISOR,617,399,0.646677471636953
994,EUROPE,WHY_EUROPE,152,137,0.9013157894736842
994,LATAM,WHY_LATAM,608,264,0.4342105263157895
995,EUROPE,DIEGO,251,236,0.9402390438247012
995,EUROPE,RENOVISOR,603,383,0.6351575456053068
995,EUROPE,WHY_EUROPE,146,134,0.9178082191780822
995,LATAM,WHY_LATAM,608,268,0.4407894736842105
996,EUROPE,DIEGO,240,228,0.95
996,EUROPE,RENOVISOR,613,373,0.6084828711256117
996,EUROPE,WHY_EUROPE,147,132,0.8979591836734694
996,LATAM,WHY_LATAM,608,263,0.43256578947368424
997,EUROPE,DIEGO,250,233,0.932
997,EUROPE,RENOVISOR,607,384,0.6326194398682042
997,EUROPE,WHY_EUROPE,143,135,0.9440559440559441
997,LATAM,WHY_LATAM,608,258,0.4243421052631579
998,EUROPE,DIEGO,266,247,0.9285714285714286
998,EUROPE,RENOVISOR,614,388,0.6319218241042345
998,EUROPE,WHY_EUROPE,120,112,0.9333333333333333
998,LATAM,WHY_LATAM,608,267,0.43914473684210525
999,EUROPE,DIEGO,266,233,0.8759398496240601
999,EUROPE,RENOVISOR,611,391,0.6399345335515548
999,EUROPE,WHY_EUROPE,123,114,0.926829268292683
999,LATAM,WHY_LATAM,608,265,0.43585526315789475
1000,EUROPE,DIEGO,267,242,0.9063670411985019
1000,EUROPE,RENOVISOR,597,381,0.6381909547738693
1000,EUROPE,WHY_EUROPE,136,130,0.9558823529411765
1000,LATAM,WHY_LATAM,608,269,0.44243421052631576
