"D","assigned_pct","unassigned_pct"
0,75.2335,24.7665
2,99.9923625,0.0076375
4,100,0
6,100,0
8,100,0
10,100,0
