"cluster","n_patterns","pct_total_patterns","pct_rest_patterns"
1,18646,99.85005890543,100
2,26,0.13923101638642,0.149941094569996
3,2,0.0107100781835707,0.0107100781835783
