"cluster","n_patterns","pct_total_patterns","pct_rest_patterns"
"1",20883,19.4463068499274,100
"2",45813,42.6611911945469,80.5536931500726
"3",11994,11.1688456810817,37.8925019555258
"Restantes",28698,26.7236562744441,0
