"cluster","n_patterns","pct_total_patterns","pct_rest_patterns"
"1",10891,34.2129236955361,100
"2",17572,55.2005780165237,65.7870763044639
"Restantes",3370,10.5864982879402,0
