"cluster","n_patterns","pct_total_patterns","pct_rest_patterns"
1,188,90.3846153846154,100
2,20,9.61538461538462,9.61538461538461
