"cluster","n_patterns","pct_total_patterns","pct_rest_patterns"
"1",3763,11.7037820353322,100
"2",10187,31.6838765862155,88.2962179646678
"3",5682,17.6723065439164,56.6123413784524
"Restantes",12520,38.940034834536,0
