political_profile,n_observed,prop_observed
Left,275,0.7180156657963447
Moderate,73,0.1906005221932115
Right,35,0.09138381201044386
