"D","assigned_pct","unassigned_pct"
0,99.395325,0.604675
2,99.9990375,0.0009625
4,100,0
6,100,0
8,100,0
10,100,0
