"cluster","Early Adopter","Uninterested","Homo Economicus","Fearful","Stubborn","Influencer","Careful","Activist"
"cluster_1",0,0,0,0,0,0,0,0
"cluster_2",10,11.1111111111111,0,0,0,14.2857142857143,0,0
"cluster_3",18.1818181818182,9.09090909090909,6.66666666666667,6.66666666666667,11.1111111111111,25,5.55555555555556,0
"cluster_4",28.5714285714286,0,33.3333333333333,20,50,20,15.3846153846154,12.5
"cluster_5",14.2857142857143,0,22.2222222222222,10,25,0,7.69230769230769,14.2857142857143
