"cluster","n_patterns","pct_total_patterns","pct_rest_patterns"
"1",13427,74.396054964539,100
"2",364,2.01684397163121,25.603945035461
"3",719,3.98382092198582,23.5871010638298
"4",966,5.35239361702128,19.603280141844
"5",25,0.138519503546099,14.2508865248227
"6",145,0.803413120567376,14.1123670212766
"7",32,0.177304964539007,13.3089539007092
"8",61,0.337987588652482,13.1316489361702
"Restantes",2309,12.7936613475177,0
