"cluster","n_patterns","pct_total_patterns","pct_rest_patterns"
"1",15064,47.3219614865077,100
"2",15893,49.926177237458,52.6780385134923
"Restantes",876,2.7518612760343,0
