"cluster","n_patterns","pct_total_patterns","pct_rest_patterns"
"1",9888,9.27475331107192,100
"2",24733,23.1990770269763,90.7252466889281
"Restantes",71991,67.5261696619518,0
