"cluster","n_patterns","pct_total_patterns","pct_rest_patterns"
"1",3573,11.2242013005372,100
"2",9689,30.4369679263657,88.7757986994628
"Restantes",18571,58.3388307730971,0
