"D","assigned_pct","unassigned_pct"
0,17.8382625,82.1617375
2,32.348125,67.651875
4,44.8496125,55.1503875
6,52.034475,47.965525
8,80.3442125,19.6557875
10,92.4452,7.5548
