"cluster","n_patterns","pct_total_patterns","pct_rest_patterns"
"1",3765,3.53149739241361,100
"2",5544,5.20016508460586,96.4685026075864
"Restantes",97303,91.2683375229805,0
