"cluster","n_patterns","pct_total_patterns","pct_rest_patterns"
"1",1467,4.60842521911224,100
"2",2304,7.23777212326831,95.3915747808878
"Restantes",28062,88.1538026576195,0
