"cluster","n_patterns","pct_total_patterns","pct_rest_patterns"
"1",2355,7.39798322495523,100
"2",5135,16.1310589639682,92.6020167750448
"Restantes",24343,76.4709578110766,0
