"cluster","n_patterns","pct_total_patterns","pct_rest_patterns"
"1",1,0.00535503909178537,100
"2",1,0.00535503909178537,99.9946449609082
"3",1,0.00535503909178537,99.9892899218164
"4",1,0.00535503909178537,99.9839348827246
"5",1,0.00535503909178537,99.9785798436329
"6",1,0.00535503909178537,99.9732248045411
"7",1,0.00535503909178537,99.9678697654493
"8",1,0.00535503909178537,99.9625147263575
"Restantes",18666,99.9571596872657,0
