"cluster","n_patterns","pct_total_patterns","pct_rest_patterns"
1,133,95.6834532374101,100
2,6,4.31654676258993,4.31654676258992
