"D","assigned_pct","unassigned_pct"
0,0.961538461538462,99.0384615384615
2,32.2115384615385,67.7884615384615
4,100,0
6,100,0
8,100,0
10,100,0
