"D","assigned_pct","unassigned_pct"
0,39.5936375,60.4063625
2,82.3391375,17.6608625
4,100,0
6,100,0
8,100,0
10,100,0
