"D","assigned_pct","unassigned_pct"
0,1.44927536231884,98.5507246376812
1,10.8695652173913,89.1304347826087
2,36.9565217391304,63.0434782608696
3,68.8405797101449,31.1594202898551
4,100,0
5,100,0
6,100,0
7,100,0
8,100,0
9,100,0
10,100,0
11,100,0
12,100,0
13,100,0
14,100,0
15,100,0
16,100,0
17,100,0
18,100,0
19,100,0
20,100,0
