"D","assigned_pct","unassigned_pct"
0,2.40384615384615,97.5961538461538
2,61.0576923076923,38.9423076923077
4,100,0
6,100,0
8,100,0
10,100,0
