"D","assigned_pct","unassigned_pct"
0,3.6231884057971,96.3768115942029
1,28.2608695652174,71.7391304347826
2,70.2898550724638,29.7101449275362
3,94.9275362318841,5.07246376811594
4,100,0
5,100,0
6,100,0
7,100,0
8,100,0
9,100,0
10,100,0
11,100,0
12,100,0
13,100,0
14,100,0
15,100,0
16,100,0
17,100,0
18,100,0
19,100,0
20,100,0
