"cluster","n_patterns","pct_total_patterns","pct_rest_patterns"
"1",13427,74.396054964539,100
"2",364,2.01684397163121,25.603945035461
"3",719,3.98382092198582,23.5871010638298
"Restantes",3538,19.603280141844,0
