"cluster","n_patterns","pct_total_patterns","pct_rest_patterns"
"1",7626,40.8375281139552,100
"2",1822,9.75688122523294,59.1624718860448
"Restantes",9226,49.4055906608118,0
