"cluster","Early Adopter","Uninterested","Homo Economicus","Fearful","Stubborn","Influencer","Careful","Activist"
"cluster_1",0,0,0,0,0,0,0,0
"cluster_2",18.1818181818182,9.09090909090909,6.66666666666667,6.66666666666667,11.1111111111111,25,5.55555555555556,0
"cluster_3",16.6666666666667,17.6470588235294,41.1764705882353,60,20,5.88235294117647,58.8235294117647,31.25
"cluster_4",23.5294117647059,17.6470588235294,33.3333333333333,41.1764705882353,20,12.5,28.5714285714286,23.5294117647059
"cluster_5",16.6666666666667,5.26315789473684,33.3333333333333,41.1764705882353,20,5.88235294117647,58.8235294117647,23.5294117647059
