"cluster","n_patterns","pct_total_patterns","pct_rest_patterns"
"1",58023,83.1144089040409,100
"2",3671,5.25848362005988,16.8855910959591
"Restantes",8117,11.6271074758992,0
