"D","assigned_pct","unassigned_pct"
0,38.030725,61.969275
2,82.156475,17.843525
4,96.8199,3.1801
6,99.0070875,0.9929125
8,99.4853625,0.5146375
10,99.83195,0.16805
