"D","assigned_pct","unassigned_pct"
0,0.0100270730973629,99.9899729269026
2,1.5943046224807,98.4056953775193
4,20.8004469209723,79.1995530790277
6,54.6188996003495,45.3811003996505
8,76.2616206615003,23.7383793384997
10,93.532537852201,6.46746214779906
