"cluster","n_patterns","pct_total_patterns","pct_rest_patterns"
"1",212,0.303677070948704,100
"2",220,0.315136583059976,99.6963229290513
"Restantes",69379,99.3811863459913,0
