"cluster","n_patterns","pct_total_patterns","pct_rest_patterns"
"1",1001,0.938918695831614,100
"2",1898,1.78028739729111,99.0610813041684
"Restantes",103713,97.2807939068773,0
