"cluster","n_patterns","pct_total_patterns","pct_rest_patterns"
1,123,88.4892086330935,100
2,16,11.5107913669065,11.5107913669065
