"cluster","n_patterns","pct_total_patterns","pct_rest_patterns"
"1",25,17.9856115107914,100
"2",28,20.1438848920863,82.0143884892086
"3",16,11.5107913669065,61.8705035971223
"4",17,12.2302158273381,50.3597122302158
"5",13,9.35251798561151,38.1294964028777
"6",8,5.75539568345324,28.7769784172662
"7",13,9.35251798561151,23.021582733813
"Restantes",19,13.6690647482014,0
