"D","assigned_pct","unassigned_pct"
0,99.54015,0.45985
2,99.999775,0.000225
4,100,0
6,100,0
8,100,0
10,100,0
