"cluster","n_patterns","pct_total_patterns","pct_rest_patterns"
"1",192,0.603147676939026,100
"2",408,1.28168881349543,99.396852323061
"Restantes",31233,98.1151635095655,0
