"D","assigned_pct","unassigned_pct"
0,26.935325,73.064675
2,54.5544125,45.4455875
4,81.842775,18.157225
6,96.204075,3.795925
8,99.3150875,0.6849125
10,99.7467,0.2533
