"cluster","n_patterns","pct_total_patterns","pct_rest_patterns"
"1",6,0.0321302345507122,100
"2",10,0.0535503909178537,99.9678697654493
"Restantes",18658,99.9143193745314,0
