"D","assigned_pct","unassigned_pct"
0,22.7518,77.2482
2,71.1375,28.8625
4,93.0041625,6.9958375
6,97.9175,2.0825
8,99.2408,0.7592
10,99.73595,0.26405
