"D","assigned_pct","unassigned_pct"
0,0.00442223499756777,99.9955777650024
2,0.81958755288256,99.1804124471174
4,12.1906278099618,87.8093721900382
6,40.590220964342,59.409779035658
8,69.558808355076,30.441191644924
10,90.0956676837807,9.90433231621928
