"D","assigned_pct","unassigned_pct"
0,8.06451612903226,91.9354838709677
2,91.9354838709677,8.06451612903226
4,100,0
6,100,0
8,100,0
10,100,0
