"cluster","Early.Adopter","Uninterested","Homo.Economicus","Fearful","Stubborn","Influencer","Careful","Activist"
"cluster_1",0,0,0,0,0,0,0,0
"cluster_2",40,33.3333333333333,40,40,66.6666666666667,16.6666666666667,60,50
"cluster_3",75,33.3333333333333,16.6666666666667,16.6666666666667,25,40,14.2857142857143,20
"cluster_4",16.6666666666667,33.3333333333333,0,16.6666666666667,0,16.6666666666667,14.2857142857143,0
"cluster_5",40,0,40,16.6666666666667,25,16.6666666666667,33.3333333333333,20
