"cluster","n_patterns","pct_total_patterns","pct_rest_patterns"
"1",16422,90.9906914893617,100
"2",438,2.42686170212766,9.00930851063831
"Restantes",1188,6.58244680851064,0
