"cluster","Early Adopter","Uninterested","Homo Economicus","Fearful","Stubborn","Influencer","Careful","Activist"
"cluster_1",0,0,0,0,0,0,0,0
"cluster_2",10,11.1111111111111,0,0,0,14.2857142857143,0,0
"cluster_3",16.6666666666667,17.6470588235294,41.1764705882353,60,20,5.88235294117647,58.8235294117647,31.25
"cluster_4",23.5294117647059,17.6470588235294,33.3333333333333,41.1764705882353,20,12.5,28.5714285714286,23.5294117647059
"cluster_5",23.5294117647059,17.6470588235294,50,50,20,5.88235294117647,58.8235294117647,40
"cluster_6",16.6666666666667,11.1111111111111,33.3333333333333,41.1764705882353,20,5.88235294117647,50,23.5294117647059
"cluster_7",23.5294117647059,11.1111111111111,26.3157894736842,26.3157894736842,20,12.5,22.7272727272727,16.6666666666667
"cluster_8",23.0769230769231,7.14285714285714,26.6666666666667,11.7647058823529,18.1818181818182,18.1818181818182,10,6.66666666666667
