"cluster","n_archetypes","total_frequency","freq_pct_total","freq_pct_rest"
1,18112,798758,99.84475,99.84475
2,120,244,0.0305,19.645732689211
3,192,349,0.043625,34.9699398797595
4,129,307,0.038375,47.3035439137134
5,33,62,0.00775,18.1286549707602
6,40,76,0.0095,27.1428571428571
7,25,50,0.00625,24.5098039215686
8,53,75,0.009375,48.7012987012987
