"D","assigned_pct","unassigned_pct"
0,54.850675,45.149325
2,99.796475,0.203525
4,99.996025,0.003975
6,100,0
8,100,0
10,100,0
