FINANCIAL_mean,FINANCIAL_sd,FINANCIAL_min,FINANCIAL_max,FINANCIAL_n_zero,SECURITY_mean,SECURITY_sd,SECURITY_min,SECURITY_max,SECURITY_n_zero,COMPETENCE_mean,COMPETENCE_sd,COMPETENCE_min,COMPETENCE_max,COMPETENCE_n_zero,AUTONOMY_mean,AUTONOMY_sd,AUTONOMY_min,AUTONOMY_max,AUTONOMY_n_zero,PHYSIOLOGICAL_mean,PHYSIOLOGICAL_sd,PHYSIOLOGICAL_min,PHYSIOLOGICAL_max,PHYSIOLOGICAL_n_zero,RELATEDNESS_mean,RELATEDNESS_sd,RELATEDNESS_min,RELATEDNESS_max,RELATEDNESS_n_zero,STIMULATION_mean,STIMULATION_sd,STIMULATION_min,STIMULATION_max,STIMULATION_n_zero,POPULARITY_mean,POPULARITY_sd,POPULARITY_min,POPULARITY_max,POPULARITY_n_zero,MEANING_mean,MEANING_sd,MEANING_min,MEANING_max,MEANING_n_zero
0.01741866897058356,0.45141876795160624,-1.6167102724168891,1.5738989704390505,271,0.006959886153661758,0.30864275312302536,-2.2235631969581062,1.0258596533440474,593,0.004968105766259315,0.2618392260660918,-1.4882329162645536,1.4050465554808391,614,0.012057774444512821,0.3834230618812602,-1.9028491941108467,1.540644911377293,527,-0.0029366410586428287,0.41912147012056716,-3.7312200226924706,1.4015545136058924,620,7.236344684068746e-4,0.18647249884973893,-1.9049820861688542,1.2432098343476568,733,-0.0026148288863429665,0.2414554359891337,-1.5184623399182626,1.805774744455433,707,-7.667858294993572e-4,0.14972398247914903,-1.4298927931711076,1.6105310631463827,774,-0.011793860472712308,0.4564967933361,-1.891424003657502,2.093920810059582,457
