model_type,model_label,n_boot,n_ok,convergence_rate,mean_n_participants,min_n_participants,max_n_participants,mean_AIC,sd_AIC,mean_BIC,sd_BIC,mean_logLik,sd_logLik,mean_terms_with_p,mean_significant_terms,n_with_warnings
M2_REDUCED,M2 reducido: interacciones teóricas,50,50,1,332.66,323,343,1690.713506749981,37.142685972166916,1829.986004126912,37.744143907978966,-815.3767533749905,18.57697064354338,8.7,1.92,5
M0,M0: solo arquetipo,50,50,1,332.66,323,343,1690.8577643583803,37.25081488214334,1718.7308285624456,37.380418048608554,-839.4288821791902,18.62540744107167,2.4,0.96,0
M1,M1: arquetipo + dimensiones,50,50,1,332.66,323,343,1693.9792682958132,36.857834352167075,1763.661928805976,37.177128243239544,-831.9896341479066,18.428917176083537,7.84,1.9,0
M2_FULL,M2 completo: interacción arquetipo x todas las dimensiones,50,50,1,332.66,323,343,1698.9145435240573,38.58324422578044,1892.259527385358,39.32204880633814,-807.8372717620286,19.345742855200488,7.26,1.06,37
