political_profile,mean_n,min_n,max_n,mean_prop,min_prop,max_prop
Left,45.72,41,51,0.1374436893854622,0.12424242424242424,0.15223880597014924
Moderate,114.12,104,122,0.34303504680571273,0.32,0.3609467455621302
Right,172.82,166,181,0.5195212638088251,0.5059171597633136,0.5476923076923077
