bootstrap_id,target_sample_type,row_quality_final,n,prop_within_type
1,abstention,no_determinants,25,0.04940711462450593
1,abstention,suspicious_determinants,3,0.005928853754940711
1,abstention,too_many_missing_determinants,5,0.009881422924901186
1,abstention,usable_complete,387,0.7648221343873518
1,abstention,usable_complete_limited_metadata,24,0.04743083003952569
1,abstention,usable_partial,57,0.11264822134387352
1,abstention,usable_partial_limited_metadata,5,0.009881422924901186
1,voter,no_determinants,49,0.09919028340080972
1,voter,suspicious_determinants,3,0.006072874493927126
1,voter,too_many_missing_determinants,14,0.02834008097165992
1,voter,usable_complete,303,0.6133603238866396
1,voter,usable_complete_limited_metadata,10,0.020242914979757085
1,voter,usable_partial,115,0.23279352226720648
2,abstention,no_determinants,30,0.05928853754940711
2,abstention,suspicious_determinants,2,0.003952569169960474
2,abstention,too_many_missing_determinants,1,0.001976284584980237
2,abstention,usable_complete,397,0.7845849802371542
2,abstention,usable_complete_limited_metadata,20,0.039525691699604744
2,abstention,usable_partial,54,0.1067193675889328
2,abstention,usable_partial_limited_metadata,2,0.003952569169960474
2,voter,no_determinants,70,0.1417004048582996
2,voter,suspicious_determinants,4,0.008097165991902834
2,voter,too_many_missing_determinants,14,0.02834008097165992
2,voter,usable_complete,295,0.597165991902834
2,voter,usable_complete_limited_metadata,11,0.022267206477732792
2,voter,usable_partial,100,0.20242914979757085
3,abstention,no_determinants,34,0.06719367588932806
3,abstention,suspicious_determinants,1,0.001976284584980237
3,abstention,too_many_missing_determinants,4,0.007905138339920948
3,abstention,usable_complete,401,0.7924901185770751
3,abstention,usable_complete_limited_metadata,12,0.023715415019762844
3,abstention,usable_partial,51,0.1007905138339921
3,abstention,usable_partial_limited_metadata,3,0.005928853754940711
3,voter,no_determinants,69,0.1396761133603239
3,voter,suspicious_determinants,5,0.010121457489878543
3,voter,too_many_missing_determinants,19,0.038461538461538464
3,voter,usable_complete,286,0.5789473684210527
3,voter,usable_complete_limited_metadata,3,0.006072874493927126
3,voter,usable_partial,111,0.22469635627530365
3,voter,usable_partial_limited_metadata,1,0.0020242914979757085
4,abstention,no_determinants,42,0.08300395256916997
4,abstention,too_many_missing_determinants,4,0.007905138339920948
4,abstention,usable_complete,381,0.7529644268774703
4,abstention,usable_complete_limited_metadata,21,0.041501976284584984
4,abstention,usable_partial,57,0.11264822134387352
4,abstention,usable_partial_limited_metadata,1,0.001976284584980237
4,voter,no_determinants,66,0.13360323886639677
4,voter,suspicious_determinants,1,0.0020242914979757085
4,voter,too_many_missing_determinants,24,0.048582995951417005
4,voter,usable_complete,264,0.5344129554655871
4,voter,usable_complete_limited_metadata,16,0.032388663967611336
4,voter,usable_partial,122,0.24696356275303644
4,voter,usable_partial_limited_metadata,1,0.0020242914979757085
5,abstention,no_determinants,32,0.06324110671936758
5,abstention,too_many_missing_determinants,5,0.009881422924901186
5,abstention,usable_complete,413,0.8162055335968379
5,abstention,usable_complete_limited_metadata,19,0.037549407114624504
5,abstention,usable_partial,35,0.0691699604743083
5,abstention,usable_partial_limited_metadata,2,0.003952569169960474
5,voter,no_determinants,76,0.15384615384615385
5,voter,too_many_missing_determinants,15,0.030364372469635626
5,voter,usable_complete,297,0.6012145748987854
5,voter,usable_complete_limited_metadata,8,0.016194331983805668
5,voter,usable_partial,97,0.19635627530364372
5,voter,usable_partial_limited_metadata,1,0.0020242914979757085
6,abstention,no_determinants,27,0.0533596837944664
6,abstention,suspicious_determinants,2,0.003952569169960474
6,abstention,too_many_missing_determinants,6,0.011857707509881422
6,abstention,usable_complete,401,0.7924901185770751
6,abstention,usable_complete_limited_metadata,17,0.03359683794466403
6,abstention,usable_partial,51,0.1007905138339921
6,abstention,usable_partial_limited_metadata,2,0.003952569169960474
6,voter,no_determinants,77,0.15587044534412955
6,voter,suspicious_determinants,1,0.0020242914979757085
6,voter,too_many_missing_determinants,15,0.030364372469635626
6,voter,usable_complete,274,0.5546558704453441
6,voter,usable_complete_limited_metadata,11,0.022267206477732792
6,voter,usable_partial,115,0.23279352226720648
6,voter,usable_partial_limited_metadata,1,0.0020242914979757085
7,abstention,no_determinants,29,0.05731225296442688
7,abstention,suspicious_determinants,1,0.001976284584980237
7,abstention,too_many_missing_determinants,2,0.003952569169960474
7,abstention,usable_complete,409,0.808300395256917
7,abstention,usable_complete_limited_metadata,18,0.03557312252964427
7,abstention,usable_partial,45,0.08893280632411067
7,abstention,usable_partial_limited_metadata,2,0.003952569169960474
7,voter,no_determinants,70,0.1417004048582996
7,voter,suspicious_determinants,1,0.0020242914979757085
7,voter,too_many_missing_determinants,20,0.04048582995951417
7,voter,usable_complete,267,0.5404858299595142
7,voter,usable_complete_limited_metadata,11,0.022267206477732792
7,voter,usable_partial,124,0.25101214574898784
7,voter,usable_partial_limited_metadata,1,0.0020242914979757085
8,abstention,no_determinants,35,0.0691699604743083
8,abstention,suspicious_determinants,1,0.001976284584980237
8,abstention,too_many_missing_determinants,8,0.015810276679841896
8,abstention,usable_complete,382,0.7549407114624506
8,abstention,usable_complete_limited_metadata,24,0.04743083003952569
8,abstention,usable_partial,55,0.10869565217391304
8,abstention,usable_partial_limited_metadata,1,0.001976284584980237
8,voter,no_determinants,63,0.12753036437246965
8,voter,suspicious_determinants,1,0.0020242914979757085
8,voter,too_many_missing_determinants,20,0.04048582995951417
8,voter,usable_complete,295,0.597165991902834
8,voter,usable_complete_limited_metadata,5,0.010121457489878543
8,voter,usable_partial,110,0.22267206477732793
9,abstention,no_determinants,37,0.07312252964426877
9,abstention,too_many_missing_determinants,5,0.009881422924901186
9,abstention,usable_complete,396,0.782608695652174
9,abstention,usable_complete_limited_metadata,18,0.03557312252964427
9,abstention,usable_partial,48,0.09486166007905138
9,abstention,usable_partial_limited_metadata,2,0.003952569169960474
9,voter,no_determinants,69,0.1396761133603239
9,voter,suspicious_determinants,6,0.012145748987854251
9,voter,too_many_missing_determinants,22,0.044534412955465584
9,voter,usable_complete,277,0.5607287449392713
9,voter,usable_complete_limited_metadata,8,0.016194331983805668
9,voter,usable_partial,112,0.22672064777327935
10,abstention,no_determinants,29,0.05731225296442688
10,abstention,too_many_missing_determinants,1,0.001976284584980237
10,abstention,usable_complete,404,0.7984189723320159
10,abstention,usable_complete_limited_metadata,22,0.043478260869565216
10,abstention,usable_partial,49,0.09683794466403162
10,abstention,usable_partial_limited_metadata,1,0.001976284584980237
10,voter,no_determinants,69,0.1396761133603239
10,voter,suspicious_determinants,5,0.010121457489878543
10,voter,too_many_missing_determinants,18,0.03643724696356275
10,voter,usable_complete,295,0.597165991902834
10,voter,usable_complete_limited_metadata,4,0.008097165991902834
10,voter,usable_partial,103,0.20850202429149797
11,abstention,no_determinants,28,0.05533596837944664
11,abstention,suspicious_determinants,1,0.001976284584980237
11,abstention,too_many_missing_determinants,4,0.007905138339920948
11,abstention,usable_complete,414,0.8181818181818182
11,abstention,usable_complete_limited_metadata,15,0.029644268774703556
11,abstention,usable_partial,42,0.08300395256916997
11,abstention,usable_partial_limited_metadata,2,0.003952569169960474
11,voter,no_determinants,73,0.14777327935222673
11,voter,suspicious_determinants,1,0.0020242914979757085
11,voter,too_many_missing_determinants,17,0.03441295546558704
11,voter,usable_complete,294,0.5951417004048583
11,voter,usable_complete_limited_metadata,6,0.012145748987854251
11,voter,usable_partial,103,0.20850202429149797
12,abstention,no_determinants,32,0.06324110671936758
12,abstention,too_many_missing_determinants,4,0.007905138339920948
12,abstention,usable_complete,402,0.7944664031620553
12,abstention,usable_complete_limited_metadata,28,0.05533596837944664
12,abstention,usable_partial,36,0.07114624505928854
12,abstention,usable_partial_limited_metadata,4,0.007905138339920948
12,voter,no_determinants,61,0.12348178137651822
12,voter,suspicious_determinants,3,0.006072874493927126
12,voter,too_many_missing_determinants,12,0.024291497975708502
12,voter,usable_complete,291,0.5890688259109311
12,voter,usable_complete_limited_metadata,6,0.012145748987854251
12,voter,usable_partial,121,0.24493927125506074
13,abstention,no_determinants,31,0.06126482213438735
13,abstention,suspicious_determinants,3,0.005928853754940711
13,abstention,too_many_missing_determinants,7,0.01383399209486166
13,abstention,usable_complete,393,0.7766798418972332
13,abstention,usable_complete_limited_metadata,19,0.037549407114624504
13,abstention,usable_partial,50,0.09881422924901186
13,abstention,usable_partial_limited_metadata,3,0.005928853754940711
13,voter,no_determinants,60,0.1214574898785425
13,voter,suspicious_determinants,3,0.006072874493927126
13,voter,too_many_missing_determinants,14,0.02834008097165992
13,voter,usable_complete,297,0.6012145748987854
13,voter,usable_complete_limited_metadata,11,0.022267206477732792
13,voter,usable_partial,109,0.22064777327935223
14,abstention,no_determinants,35,0.0691699604743083
14,abstention,too_many_missing_determinants,8,0.015810276679841896
14,abstention,usable_complete,388,0.766798418972332
14,abstention,usable_complete_limited_metadata,21,0.041501976284584984
14,abstention,usable_partial,52,0.10276679841897234
14,abstention,usable_partial_limited_metadata,2,0.003952569169960474
14,voter,no_determinants,68,0.13765182186234817
14,voter,suspicious_determinants,2,0.004048582995951417
14,voter,too_many_missing_determinants,16,0.032388663967611336
14,voter,usable_complete,289,0.5850202429149798
14,voter,usable_complete_limited_metadata,10,0.020242914979757085
14,voter,usable_partial,109,0.22064777327935223
15,abstention,no_determinants,27,0.0533596837944664
15,abstention,suspicious_determinants,1,0.001976284584980237
15,abstention,too_many_missing_determinants,5,0.009881422924901186
15,abstention,usable_complete,397,0.7845849802371542
15,abstention,usable_complete_limited_metadata,24,0.04743083003952569
15,abstention,usable_partial,50,0.09881422924901186
15,abstention,usable_partial_limited_metadata,2,0.003952569169960474
15,voter,no_determinants,57,0.11538461538461539
15,voter,suspicious_determinants,5,0.010121457489878543
15,voter,too_many_missing_determinants,13,0.02631578947368421
15,voter,usable_complete,287,0.5809716599190283
15,voter,usable_complete_limited_metadata,9,0.018218623481781375
15,voter,usable_partial,121,0.24493927125506074
15,voter,usable_partial_limited_metadata,2,0.004048582995951417
16,abstention,no_determinants,31,0.06126482213438735
16,abstention,suspicious_determinants,1,0.001976284584980237
16,abstention,too_many_missing_determinants,9,0.017786561264822136
16,abstention,usable_complete,399,0.7885375494071146
16,abstention,usable_complete_limited_metadata,26,0.05138339920948617
16,abstention,usable_partial,39,0.07707509881422925
16,abstention,usable_partial_limited_metadata,1,0.001976284584980237
16,voter,no_determinants,64,0.12955465587044535
16,voter,suspicious_determinants,7,0.01417004048582996
16,voter,too_many_missing_determinants,16,0.032388663967611336
16,voter,usable_complete,289,0.5850202429149798
16,voter,usable_complete_limited_metadata,7,0.01417004048582996
16,voter,usable_partial,111,0.22469635627530365
17,abstention,no_determinants,22,0.043478260869565216
17,abstention,too_many_missing_determinants,3,0.005928853754940711
17,abstention,usable_complete,422,0.83399209486166
17,abstention,usable_complete_limited_metadata,16,0.03162055335968379
17,abstention,usable_partial,40,0.07905138339920949
17,abstention,usable_partial_limited_metadata,3,0.005928853754940711
17,voter,no_determinants,64,0.12955465587044535
17,voter,suspicious_determinants,4,0.008097165991902834
17,voter,too_many_missing_determinants,12,0.024291497975708502
17,voter,usable_complete,289,0.5850202429149798
17,voter,usable_complete_limited_metadata,5,0.010121457489878543
17,voter,usable_partial,119,0.2408906882591093
17,voter,usable_partial_limited_metadata,1,0.0020242914979757085
18,abstention,no_determinants,32,0.06324110671936758
18,abstention,too_many_missing_determinants,5,0.009881422924901186
18,abstention,usable_complete,401,0.7924901185770751
18,abstention,usable_complete_limited_metadata,15,0.029644268774703556
18,abstention,usable_partial,50,0.09881422924901186
18,abstention,usable_partial_limited_metadata,3,0.005928853754940711
18,voter,no_determinants,66,0.13360323886639677
18,voter,suspicious_determinants,1,0.0020242914979757085
18,voter,too_many_missing_determinants,21,0.04251012145748988
18,voter,usable_complete,283,0.5728744939271255
18,voter,usable_complete_limited_metadata,13,0.02631578947368421
18,voter,usable_partial,109,0.22064777327935223
18,voter,usable_partial_limited_metadata,1,0.0020242914979757085
19,abstention,no_determinants,32,0.06324110671936758
19,abstention,suspicious_determinants,1,0.001976284584980237
19,abstention,too_many_missing_determinants,3,0.005928853754940711
19,abstention,usable_complete,410,0.8102766798418972
19,abstention,usable_complete_limited_metadata,20,0.039525691699604744
19,abstention,usable_partial,39,0.07707509881422925
19,abstention,usable_partial_limited_metadata,1,0.001976284584980237
19,voter,no_determinants,57,0.11538461538461539
19,voter,suspicious_determinants,2,0.004048582995951417
19,voter,too_many_missing_determinants,15,0.030364372469635626
19,voter,usable_complete,300,0.6072874493927125
19,voter,usable_complete_limited_metadata,7,0.01417004048582996
19,voter,usable_partial,113,0.22874493927125505
20,abstention,no_determinants,29,0.05731225296442688
20,abstention,too_many_missing_determinants,6,0.011857707509881422
20,abstention,usable_complete,398,0.7865612648221344
20,abstention,usable_complete_limited_metadata,29,0.05731225296442688
20,abstention,usable_partial,40,0.07905138339920949
20,abstention,usable_partial_limited_metadata,4,0.007905138339920948
20,voter,no_determinants,63,0.12753036437246965
20,voter,too_many_missing_determinants,18,0.03643724696356275
20,voter,usable_complete,288,0.582995951417004
20,voter,usable_complete_limited_metadata,14,0.02834008097165992
20,voter,usable_partial,111,0.22469635627530365
21,abstention,no_determinants,28,0.05533596837944664
21,abstention,too_many_missing_determinants,4,0.007905138339920948
21,abstention,usable_complete,394,0.7786561264822134
21,abstention,usable_complete_limited_metadata,27,0.0533596837944664
21,abstention,usable_partial,49,0.09683794466403162
21,abstention,usable_partial_limited_metadata,4,0.007905138339920948
21,voter,no_determinants,73,0.14777327935222673
21,voter,suspicious_determinants,1,0.0020242914979757085
21,voter,too_many_missing_determinants,16,0.032388663967611336
21,voter,usable_complete,282,0.5708502024291497
21,voter,usable_complete_limited_metadata,10,0.020242914979757085
21,voter,usable_partial,112,0.22672064777327935
22,abstention,no_determinants,30,0.05928853754940711
22,abstention,suspicious_determinants,1,0.001976284584980237
22,abstention,too_many_missing_determinants,3,0.005928853754940711
22,abstention,usable_complete,400,0.7905138339920948
22,abstention,usable_complete_limited_metadata,19,0.037549407114624504
22,abstention,usable_partial,51,0.1007905138339921
22,abstention,usable_partial_limited_metadata,2,0.003952569169960474
22,voter,no_determinants,56,0.11336032388663968
22,voter,suspicious_determinants,3,0.006072874493927126
22,voter,too_many_missing_determinants,15,0.030364372469635626
22,voter,usable_complete,313,0.6336032388663968
22,voter,usable_complete_limited_metadata,14,0.02834008097165992
22,voter,usable_partial,93,0.1882591093117409
23,abstention,no_determinants,26,0.05138339920948617
23,abstention,too_many_missing_determinants,7,0.01383399209486166
23,abstention,usable_complete,416,0.8221343873517787
23,abstention,usable_complete_limited_metadata,20,0.039525691699604744
23,abstention,usable_partial,36,0.07114624505928854
23,abstention,usable_partial_limited_metadata,1,0.001976284584980237
23,voter,no_determinants,65,0.13157894736842105
23,voter,suspicious_determinants,3,0.006072874493927126
23,voter,too_many_missing_determinants,15,0.030364372469635626
23,voter,usable_complete,284,0.5748987854251012
23,voter,usable_complete_limited_metadata,14,0.02834008097165992
23,voter,usable_partial,112,0.22672064777327935
23,voter,usable_partial_limited_metadata,1,0.0020242914979757085
24,abstention,no_determinants,38,0.07509881422924901
24,abstention,suspicious_determinants,2,0.003952569169960474
24,abstention,too_many_missing_determinants,4,0.007905138339920948
24,abstention,usable_complete,397,0.7845849802371542
24,abstention,usable_complete_limited_metadata,18,0.03557312252964427
24,abstention,usable_partial,47,0.09288537549407115
24,voter,no_determinants,77,0.15587044534412955
24,voter,suspicious_determinants,4,0.008097165991902834
24,voter,too_many_missing_determinants,10,0.020242914979757085
24,voter,usable_complete,290,0.5870445344129555
24,voter,usable_complete_limited_metadata,8,0.016194331983805668
24,voter,usable_partial,105,0.2125506072874494
25,abstention,no_determinants,33,0.06521739130434782
25,abstention,too_many_missing_determinants,5,0.009881422924901186
25,abstention,usable_complete,400,0.7905138339920948
25,abstention,usable_complete_limited_metadata,22,0.043478260869565216
25,abstention,usable_partial,44,0.08695652173913043
25,abstention,usable_partial_limited_metadata,2,0.003952569169960474
25,voter,no_determinants,79,0.15991902834008098
25,voter,suspicious_determinants,1,0.0020242914979757085
25,voter,too_many_missing_determinants,18,0.03643724696356275
25,voter,usable_complete,277,0.5607287449392713
25,voter,usable_complete_limited_metadata,9,0.018218623481781375
25,voter,usable_partial,110,0.22267206477732793
26,abstention,no_determinants,28,0.05533596837944664
26,abstention,suspicious_determinants,2,0.003952569169960474
26,abstention,too_many_missing_determinants,5,0.009881422924901186
26,abstention,usable_complete,398,0.7865612648221344
26,abstention,usable_complete_limited_metadata,14,0.02766798418972332
26,abstention,usable_partial,56,0.11067193675889328
26,abstention,usable_partial_limited_metadata,3,0.005928853754940711
26,voter,no_determinants,65,0.13157894736842105
26,voter,suspicious_determinants,2,0.004048582995951417
26,voter,too_many_missing_determinants,12,0.024291497975708502
26,voter,usable_complete,303,0.6133603238866396
26,voter,usable_complete_limited_metadata,6,0.012145748987854251
26,voter,usable_partial,106,0.2145748987854251
27,abstention,no_determinants,30,0.05928853754940711
27,abstention,too_many_missing_determinants,5,0.009881422924901186
27,abstention,usable_complete,406,0.8023715415019763
27,abstention,usable_complete_limited_metadata,17,0.03359683794466403
27,abstention,usable_partial,48,0.09486166007905138
27,voter,no_determinants,71,0.1437246963562753
27,voter,suspicious_determinants,1,0.0020242914979757085
27,voter,too_many_missing_determinants,19,0.038461538461538464
27,voter,usable_complete,286,0.5789473684210527
27,voter,usable_complete_limited_metadata,7,0.01417004048582996
27,voter,usable_partial,110,0.22267206477732793
28,abstention,no_determinants,23,0.045454545454545456
28,abstention,suspicious_determinants,1,0.001976284584980237
28,abstention,too_many_missing_determinants,4,0.007905138339920948
28,abstention,usable_complete,407,0.8043478260869565
28,abstention,usable_complete_limited_metadata,20,0.039525691699604744
28,abstention,usable_partial,46,0.09090909090909091
28,abstention,usable_partial_limited_metadata,5,0.009881422924901186
28,voter,no_determinants,60,0.1214574898785425
28,voter,suspicious_determinants,2,0.004048582995951417
28,voter,too_many_missing_determinants,17,0.03441295546558704
28,voter,usable_complete,298,0.6032388663967612
28,voter,usable_complete_limited_metadata,8,0.016194331983805668
28,voter,usable_partial,109,0.22064777327935223
29,abstention,no_determinants,38,0.07509881422924901
29,abstention,suspicious_determinants,2,0.003952569169960474
29,abstention,too_many_missing_determinants,3,0.005928853754940711
29,abstention,usable_complete,406,0.8023715415019763
29,abstention,usable_complete_limited_metadata,11,0.021739130434782608
29,abstention,usable_partial,44,0.08695652173913043
29,abstention,usable_partial_limited_metadata,2,0.003952569169960474
29,voter,no_determinants,76,0.15384615384615385
29,voter,suspicious_determinants,3,0.006072874493927126
29,voter,too_many_missing_determinants,15,0.030364372469635626
29,voter,usable_complete,274,0.5546558704453441
29,voter,usable_complete_limited_metadata,10,0.020242914979757085
29,voter,usable_partial,116,0.23481781376518218
30,abstention,no_determinants,28,0.05533596837944664
30,abstention,suspicious_determinants,1,0.001976284584980237
30,abstention,too_many_missing_determinants,2,0.003952569169960474
30,abstention,usable_complete,399,0.7885375494071146
30,abstention,usable_complete_limited_metadata,18,0.03557312252964427
30,abstention,usable_partial,57,0.11264822134387352
30,abstention,usable_partial_limited_metadata,1,0.001976284584980237
30,voter,no_determinants,76,0.15384615384615385
30,voter,suspicious_determinants,1,0.0020242914979757085
30,voter,too_many_missing_determinants,13,0.02631578947368421
30,voter,usable_complete,277,0.5607287449392713
30,voter,usable_complete_limited_metadata,2,0.004048582995951417
30,voter,usable_partial,124,0.25101214574898784
30,voter,usable_partial_limited_metadata,1,0.0020242914979757085
31,abstention,no_determinants,31,0.06126482213438735
31,abstention,suspicious_determinants,1,0.001976284584980237
31,abstention,too_many_missing_determinants,7,0.01383399209486166
31,abstention,usable_complete,391,0.7727272727272727
31,abstention,usable_complete_limited_metadata,21,0.041501976284584984
31,abstention,usable_partial,52,0.10276679841897234
31,abstention,usable_partial_limited_metadata,3,0.005928853754940711
31,voter,no_determinants,70,0.1417004048582996
31,voter,suspicious_determinants,2,0.004048582995951417
31,voter,too_many_missing_determinants,20,0.04048582995951417
31,voter,usable_complete,291,0.5890688259109311
31,voter,usable_complete_limited_metadata,6,0.012145748987854251
31,voter,usable_partial,104,0.21052631578947367
31,voter,usable_partial_limited_metadata,1,0.0020242914979757085
32,abstention,no_determinants,36,0.07114624505928854
32,abstention,too_many_missing_determinants,3,0.005928853754940711
32,abstention,usable_complete,408,0.8063241106719368
32,abstention,usable_complete_limited_metadata,15,0.029644268774703556
32,abstention,usable_partial,43,0.08498023715415019
32,abstention,usable_partial_limited_metadata,1,0.001976284584980237
32,voter,no_determinants,66,0.13360323886639677
32,voter,suspicious_determinants,3,0.006072874493927126
32,voter,too_many_missing_determinants,13,0.02631578947368421
32,voter,usable_complete,306,0.6194331983805668
32,voter,usable_complete_limited_metadata,8,0.016194331983805668
32,voter,usable_partial,98,0.19838056680161945
33,abstention,no_determinants,31,0.06126482213438735
33,abstention,suspicious_determinants,1,0.001976284584980237
33,abstention,too_many_missing_determinants,3,0.005928853754940711
33,abstention,usable_complete,396,0.782608695652174
33,abstention,usable_complete_limited_metadata,22,0.043478260869565216
33,abstention,usable_partial,48,0.09486166007905138
33,abstention,usable_partial_limited_metadata,5,0.009881422924901186
33,voter,no_determinants,72,0.145748987854251
33,voter,too_many_missing_determinants,26,0.05263157894736842
33,voter,usable_complete,289,0.5850202429149798
33,voter,usable_complete_limited_metadata,9,0.018218623481781375
33,voter,usable_partial,98,0.19838056680161945
34,abstention,no_determinants,30,0.05928853754940711
34,abstention,suspicious_determinants,1,0.001976284584980237
34,abstention,too_many_missing_determinants,2,0.003952569169960474
34,abstention,usable_complete,397,0.7845849802371542
34,abstention,usable_complete_limited_metadata,24,0.04743083003952569
34,abstention,usable_partial,49,0.09683794466403162
34,abstention,usable_partial_limited_metadata,3,0.005928853754940711
34,voter,no_determinants,58,0.11740890688259109
34,voter,suspicious_determinants,4,0.008097165991902834
34,voter,too_many_missing_determinants,17,0.03441295546558704
34,voter,usable_complete,298,0.6032388663967612
34,voter,usable_complete_limited_metadata,8,0.016194331983805668
34,voter,usable_partial,109,0.22064777327935223
35,abstention,no_determinants,34,0.06719367588932806
35,abstention,suspicious_determinants,1,0.001976284584980237
35,abstention,too_many_missing_determinants,3,0.005928853754940711
35,abstention,usable_complete,401,0.7924901185770751
35,abstention,usable_complete_limited_metadata,18,0.03557312252964427
35,abstention,usable_partial,47,0.09288537549407115
35,abstention,usable_partial_limited_metadata,2,0.003952569169960474
35,voter,no_determinants,93,0.1882591093117409
35,voter,suspicious_determinants,3,0.006072874493927126
35,voter,too_many_missing_determinants,21,0.04251012145748988
35,voter,usable_complete,267,0.5404858299595142
35,voter,usable_complete_limited_metadata,8,0.016194331983805668
35,voter,usable_partial,102,0.20647773279352227
36,abstention,no_determinants,34,0.06719367588932806
36,abstention,suspicious_determinants,2,0.003952569169960474
36,abstention,too_many_missing_determinants,9,0.017786561264822136
36,abstention,usable_complete,386,0.7628458498023716
36,abstention,usable_complete_limited_metadata,13,0.025691699604743084
36,abstention,usable_partial,59,0.116600790513834
36,abstention,usable_partial_limited_metadata,3,0.005928853754940711
36,voter,no_determinants,59,0.1194331983805668
36,voter,suspicious_determinants,4,0.008097165991902834
36,voter,too_many_missing_determinants,14,0.02834008097165992
36,voter,usable_complete,309,0.6255060728744939
36,voter,usable_complete_limited_metadata,9,0.018218623481781375
36,voter,usable_partial,98,0.19838056680161945
36,voter,usable_partial_limited_metadata,1,0.0020242914979757085
37,abstention,no_determinants,25,0.04940711462450593
37,abstention,suspicious_determinants,1,0.001976284584980237
37,abstention,too_many_missing_determinants,6,0.011857707509881422
37,abstention,usable_complete,399,0.7885375494071146
37,abstention,usable_complete_limited_metadata,18,0.03557312252964427
37,abstention,usable_partial,52,0.10276679841897234
37,abstention,usable_partial_limited_metadata,5,0.009881422924901186
37,voter,no_determinants,62,0.12550607287449392
37,voter,suspicious_determinants,2,0.004048582995951417
37,voter,too_many_missing_determinants,17,0.03441295546558704
37,voter,usable_complete,287,0.5809716599190283
37,voter,usable_complete_limited_metadata,11,0.022267206477732792
37,voter,usable_partial,115,0.23279352226720648
38,abstention,no_determinants,35,0.0691699604743083
38,abstention,too_many_missing_determinants,2,0.003952569169960474
38,abstention,usable_complete,400,0.7905138339920948
38,abstention,usable_complete_limited_metadata,19,0.037549407114624504
38,abstention,usable_partial,48,0.09486166007905138
38,abstention,usable_partial_limited_metadata,2,0.003952569169960474
38,voter,no_determinants,66,0.13360323886639677
38,voter,suspicious_determinants,4,0.008097165991902834
38,voter,too_many_missing_determinants,20,0.04048582995951417
38,voter,usable_complete,280,0.5668016194331984
38,voter,usable_complete_limited_metadata,13,0.02631578947368421
38,voter,usable_partial,111,0.22469635627530365
39,abstention,no_determinants,39,0.07707509881422925
39,abstention,suspicious_determinants,2,0.003952569169960474
39,abstention,too_many_missing_determinants,4,0.007905138339920948
39,abstention,usable_complete,394,0.7786561264822134
39,abstention,usable_complete_limited_metadata,26,0.05138339920948617
39,abstention,usable_partial,40,0.07905138339920949
39,abstention,usable_partial_limited_metadata,1,0.001976284584980237
39,voter,no_determinants,58,0.11740890688259109
39,voter,suspicious_determinants,3,0.006072874493927126
39,voter,too_many_missing_determinants,21,0.04251012145748988
39,voter,usable_complete,286,0.5789473684210527
39,voter,usable_complete_limited_metadata,13,0.02631578947368421
39,voter,usable_partial,113,0.22874493927125505
40,abstention,no_determinants,31,0.06126482213438735
40,abstention,suspicious_determinants,3,0.005928853754940711
40,abstention,too_many_missing_determinants,3,0.005928853754940711
40,abstention,usable_complete,396,0.782608695652174
40,abstention,usable_complete_limited_metadata,17,0.03359683794466403
40,abstention,usable_partial,54,0.1067193675889328
40,abstention,usable_partial_limited_metadata,2,0.003952569169960474
40,voter,no_determinants,56,0.11336032388663968
40,voter,suspicious_determinants,4,0.008097165991902834
40,voter,too_many_missing_determinants,10,0.020242914979757085
40,voter,usable_complete,299,0.6052631578947368
40,voter,usable_complete_limited_metadata,10,0.020242914979757085
40,voter,usable_partial,115,0.23279352226720648
41,abstention,no_determinants,35,0.0691699604743083
41,abstention,too_many_missing_determinants,2,0.003952569169960474
41,abstention,usable_complete,396,0.782608695652174
41,abstention,usable_complete_limited_metadata,24,0.04743083003952569
41,abstention,usable_partial,45,0.08893280632411067
41,abstention,usable_partial_limited_metadata,4,0.007905138339920948
41,voter,no_determinants,78,0.15789473684210525
41,voter,suspicious_determinants,1,0.0020242914979757085
41,voter,too_many_missing_determinants,19,0.038461538461538464
41,voter,usable_complete,293,0.5931174089068826
41,voter,usable_complete_limited_metadata,7,0.01417004048582996
41,voter,usable_partial,95,0.19230769230769232
41,voter,usable_partial_limited_metadata,1,0.0020242914979757085
42,abstention,no_determinants,31,0.06126482213438735
42,abstention,suspicious_determinants,1,0.001976284584980237
42,abstention,too_many_missing_determinants,6,0.011857707509881422
42,abstention,usable_complete,397,0.7845849802371542
42,abstention,usable_complete_limited_metadata,16,0.03162055335968379
42,abstention,usable_partial,55,0.10869565217391304
42,voter,no_determinants,84,0.1700404858299595
42,voter,suspicious_determinants,2,0.004048582995951417
42,voter,too_many_missing_determinants,11,0.022267206477732792
42,voter,usable_complete,276,0.5587044534412956
42,voter,usable_complete_limited_metadata,11,0.022267206477732792
42,voter,usable_partial,109,0.22064777327935223
42,voter,usable_partial_limited_metadata,1,0.0020242914979757085
43,abstention,no_determinants,38,0.07509881422924901
43,abstention,suspicious_determinants,3,0.005928853754940711
43,abstention,too_many_missing_determinants,7,0.01383399209486166
43,abstention,usable_complete,392,0.7747035573122529
43,abstention,usable_complete_limited_metadata,17,0.03359683794466403
43,abstention,usable_partial,45,0.08893280632411067
43,abstention,usable_partial_limited_metadata,4,0.007905138339920948
43,voter,no_determinants,61,0.12348178137651822
43,voter,suspicious_determinants,1,0.0020242914979757085
43,voter,too_many_missing_determinants,17,0.03441295546558704
43,voter,usable_complete,281,0.5688259109311741
43,voter,usable_complete_limited_metadata,14,0.02834008097165992
43,voter,usable_partial,120,0.242914979757085
44,abstention,no_determinants,30,0.05928853754940711
44,abstention,too_many_missing_determinants,6,0.011857707509881422
44,abstention,usable_complete,403,0.7964426877470355
44,abstention,usable_complete_limited_metadata,21,0.041501976284584984
44,abstention,usable_partial,43,0.08498023715415019
44,abstention,usable_partial_limited_metadata,3,0.005928853754940711
44,voter,no_determinants,71,0.1437246963562753
44,voter,suspicious_determinants,4,0.008097165991902834
44,voter,too_many_missing_determinants,9,0.018218623481781375
44,voter,usable_complete,310,0.6275303643724697
44,voter,usable_complete_limited_metadata,7,0.01417004048582996
44,voter,usable_partial,93,0.1882591093117409
45,abstention,no_determinants,21,0.041501976284584984
45,abstention,too_many_missing_determinants,5,0.009881422924901186
45,abstention,usable_complete,411,0.8122529644268774
45,abstention,usable_complete_limited_metadata,13,0.025691699604743084
45,abstention,usable_partial,52,0.10276679841897234
45,abstention,usable_partial_limited_metadata,4,0.007905138339920948
45,voter,no_determinants,73,0.14777327935222673
45,voter,suspicious_determinants,2,0.004048582995951417
45,voter,too_many_missing_determinants,17,0.03441295546558704
45,voter,usable_complete,289,0.5850202429149798
45,voter,usable_complete_limited_metadata,8,0.016194331983805668
45,voter,usable_partial,105,0.2125506072874494
46,abstention,no_determinants,44,0.08695652173913043
46,abstention,suspicious_determinants,1,0.001976284584980237
46,abstention,too_many_missing_determinants,2,0.003952569169960474
46,abstention,usable_complete,393,0.7766798418972332
46,abstention,usable_complete_limited_metadata,21,0.041501976284584984
46,abstention,usable_partial,42,0.08300395256916997
46,abstention,usable_partial_limited_metadata,3,0.005928853754940711
46,voter,no_determinants,55,0.11133603238866396
46,voter,too_many_missing_determinants,9,0.018218623481781375
46,voter,usable_complete,313,0.6336032388663968
46,voter,usable_complete_limited_metadata,10,0.020242914979757085
46,voter,usable_partial,106,0.2145748987854251
46,voter,usable_partial_limited_metadata,1,0.0020242914979757085
47,abstention,no_determinants,28,0.05533596837944664
47,abstention,suspicious_determinants,2,0.003952569169960474
47,abstention,too_many_missing_determinants,4,0.007905138339920948
47,abstention,usable_complete,402,0.7944664031620553
47,abstention,usable_complete_limited_metadata,31,0.06126482213438735
47,abstention,usable_partial,34,0.06719367588932806
47,abstention,usable_partial_limited_metadata,5,0.009881422924901186
47,voter,no_determinants,58,0.11740890688259109
47,voter,suspicious_determinants,4,0.008097165991902834
47,voter,too_many_missing_determinants,21,0.04251012145748988
47,voter,usable_complete,304,0.6153846153846154
47,voter,usable_complete_limited_metadata,6,0.012145748987854251
47,voter,usable_partial,101,0.20445344129554655
48,abstention,no_determinants,41,0.08102766798418973
48,abstention,suspicious_determinants,1,0.001976284584980237
48,abstention,too_many_missing_determinants,4,0.007905138339920948
48,abstention,usable_complete,385,0.7608695652173914
48,abstention,usable_complete_limited_metadata,12,0.023715415019762844
48,abstention,usable_partial,60,0.11857707509881422
48,abstention,usable_partial_limited_metadata,3,0.005928853754940711
48,voter,no_determinants,70,0.1417004048582996
48,voter,too_many_missing_determinants,17,0.03441295546558704
48,voter,usable_complete,290,0.5870445344129555
48,voter,usable_complete_limited_metadata,9,0.018218623481781375
48,voter,usable_partial,107,0.2165991902834008
48,voter,usable_partial_limited_metadata,1,0.0020242914979757085
49,abstention,no_determinants,28,0.05533596837944664
49,abstention,suspicious_determinants,4,0.007905138339920948
49,abstention,too_many_missing_determinants,3,0.005928853754940711
49,abstention,usable_complete,409,0.808300395256917
49,abstention,usable_complete_limited_metadata,17,0.03359683794466403
49,abstention,usable_partial,42,0.08300395256916997
49,abstention,usable_partial_limited_metadata,3,0.005928853754940711
49,voter,no_determinants,70,0.1417004048582996
49,voter,suspicious_determinants,3,0.006072874493927126
49,voter,too_many_missing_determinants,8,0.016194331983805668
49,voter,usable_complete,291,0.5890688259109311
49,voter,usable_complete_limited_metadata,9,0.018218623481781375
49,voter,usable_partial,112,0.22672064777327935
49,voter,usable_partial_limited_metadata,1,0.0020242914979757085
50,abstention,no_determinants,26,0.05138339920948617
50,abstention,suspicious_determinants,1,0.001976284584980237
50,abstention,too_many_missing_determinants,1,0.001976284584980237
50,abstention,usable_complete,405,0.8003952569169961
50,abstention,usable_complete_limited_metadata,12,0.023715415019762844
50,abstention,usable_partial,56,0.11067193675889328
50,abstention,usable_partial_limited_metadata,5,0.009881422924901186
50,voter,no_determinants,72,0.145748987854251
50,voter,suspicious_determinants,2,0.004048582995951417
50,voter,too_many_missing_determinants,16,0.032388663967611336
50,voter,usable_complete,285,0.5769230769230769
50,voter,usable_complete_limited_metadata,11,0.022267206477732792
50,voter,usable_partial,108,0.21862348178137653
51,abstention,no_determinants,27,0.0533596837944664
51,abstention,suspicious_determinants,2,0.003952569169960474
51,abstention,too_many_missing_determinants,4,0.007905138339920948
51,abstention,usable_complete,408,0.8063241106719368
51,abstention,usable_complete_limited_metadata,14,0.02766798418972332
51,abstention,usable_partial,50,0.09881422924901186
51,abstention,usable_partial_limited_metadata,1,0.001976284584980237
51,voter,no_determinants,66,0.13360323886639677
51,voter,suspicious_determinants,2,0.004048582995951417
51,voter,too_many_missing_determinants,15,0.030364372469635626
51,voter,usable_complete,284,0.5748987854251012
51,voter,usable_complete_limited_metadata,9,0.018218623481781375
51,voter,usable_partial,117,0.23684210526315788
51,voter,usable_partial_limited_metadata,1,0.0020242914979757085
52,abstention,no_determinants,34,0.06719367588932806
52,abstention,suspicious_determinants,2,0.003952569169960474
52,abstention,too_many_missing_determinants,2,0.003952569169960474
52,abstention,usable_complete,391,0.7727272727272727
52,abstention,usable_complete_limited_metadata,14,0.02766798418972332
52,abstention,usable_partial,58,0.11462450592885376
52,abstention,usable_partial_limited_metadata,5,0.009881422924901186
52,voter,no_determinants,72,0.145748987854251
52,voter,suspicious_determinants,1,0.0020242914979757085
52,voter,too_many_missing_determinants,19,0.038461538461538464
52,voter,usable_complete,275,0.5566801619433198
52,voter,usable_complete_limited_metadata,6,0.012145748987854251
52,voter,usable_partial,121,0.24493927125506074
53,abstention,no_determinants,30,0.05928853754940711
53,abstention,too_many_missing_determinants,7,0.01383399209486166
53,abstention,usable_complete,402,0.7944664031620553
53,abstention,usable_complete_limited_metadata,21,0.041501976284584984
53,abstention,usable_partial,41,0.08102766798418973
53,abstention,usable_partial_limited_metadata,5,0.009881422924901186
53,voter,no_determinants,72,0.145748987854251
53,voter,suspicious_determinants,3,0.006072874493927126
53,voter,too_many_missing_determinants,16,0.032388663967611336
53,voter,usable_complete,285,0.5769230769230769
53,voter,usable_complete_limited_metadata,6,0.012145748987854251
53,voter,usable_partial,112,0.22672064777327935
54,abstention,no_determinants,40,0.07905138339920949
54,abstention,suspicious_determinants,2,0.003952569169960474
54,abstention,too_many_missing_determinants,2,0.003952569169960474
54,abstention,usable_complete,394,0.7786561264822134
54,abstention,usable_complete_limited_metadata,19,0.037549407114624504
54,abstention,usable_partial,48,0.09486166007905138
54,abstention,usable_partial_limited_metadata,1,0.001976284584980237
54,voter,no_determinants,69,0.1396761133603239
54,voter,suspicious_determinants,3,0.006072874493927126
54,voter,too_many_missing_determinants,14,0.02834008097165992
54,voter,usable_complete,292,0.5910931174089069
54,voter,usable_complete_limited_metadata,4,0.008097165991902834
54,voter,usable_partial,112,0.22672064777327935
55,abstention,no_determinants,36,0.07114624505928854
55,abstention,suspicious_determinants,2,0.003952569169960474
55,abstention,too_many_missing_determinants,2,0.003952569169960474
55,abstention,usable_complete,402,0.7944664031620553
55,abstention,usable_complete_limited_metadata,21,0.041501976284584984
55,abstention,usable_partial,41,0.08102766798418973
55,abstention,usable_partial_limited_metadata,2,0.003952569169960474
55,voter,no_determinants,68,0.13765182186234817
55,voter,suspicious_determinants,3,0.006072874493927126
55,voter,too_many_missing_determinants,18,0.03643724696356275
55,voter,usable_complete,299,0.6052631578947368
55,voter,usable_complete_limited_metadata,14,0.02834008097165992
55,voter,usable_partial,91,0.18421052631578946
55,voter,usable_partial_limited_metadata,1,0.0020242914979757085
56,abstention,no_determinants,30,0.05928853754940711
56,abstention,suspicious_determinants,2,0.003952569169960474
56,abstention,too_many_missing_determinants,9,0.017786561264822136
56,abstention,usable_complete,397,0.7845849802371542
56,abstention,usable_complete_limited_metadata,25,0.04940711462450593
56,abstention,usable_partial,42,0.08300395256916997
56,abstention,usable_partial_limited_metadata,1,0.001976284584980237
56,voter,no_determinants,68,0.13765182186234817
56,voter,suspicious_determinants,1,0.0020242914979757085
56,voter,too_many_missing_determinants,22,0.044534412955465584
56,voter,usable_complete,292,0.5910931174089069
56,voter,usable_complete_limited_metadata,12,0.024291497975708502
56,voter,usable_partial,99,0.20040485829959515
57,abstention,no_determinants,24,0.04743083003952569
57,abstention,too_many_missing_determinants,2,0.003952569169960474
57,abstention,usable_complete,390,0.7707509881422925
57,abstention,usable_complete_limited_metadata,28,0.05533596837944664
57,abstention,usable_partial,59,0.116600790513834
57,abstention,usable_partial_limited_metadata,3,0.005928853754940711
57,voter,no_determinants,80,0.16194331983805668
57,voter,suspicious_determinants,5,0.010121457489878543
57,voter,too_many_missing_determinants,19,0.038461538461538464
57,voter,usable_complete,299,0.6052631578947368
57,voter,usable_complete_limited_metadata,8,0.016194331983805668
57,voter,usable_partial,83,0.1680161943319838
58,abstention,no_determinants,40,0.07905138339920949
58,abstention,suspicious_determinants,1,0.001976284584980237
58,abstention,too_many_missing_determinants,7,0.01383399209486166
58,abstention,usable_complete,386,0.7628458498023716
58,abstention,usable_complete_limited_metadata,16,0.03162055335968379
58,abstention,usable_partial,55,0.10869565217391304
58,abstention,usable_partial_limited_metadata,1,0.001976284584980237
58,voter,no_determinants,70,0.1417004048582996
58,voter,suspicious_determinants,2,0.004048582995951417
58,voter,too_many_missing_determinants,14,0.02834008097165992
58,voter,usable_complete,287,0.5809716599190283
58,voter,usable_complete_limited_metadata,7,0.01417004048582996
58,voter,usable_partial,114,0.23076923076923078
59,abstention,no_determinants,25,0.04940711462450593
59,abstention,suspicious_determinants,1,0.001976284584980237
59,abstention,too_many_missing_determinants,5,0.009881422924901186
59,abstention,usable_complete,413,0.8162055335968379
59,abstention,usable_complete_limited_metadata,10,0.019762845849802372
59,abstention,usable_partial,48,0.09486166007905138
59,abstention,usable_partial_limited_metadata,4,0.007905138339920948
59,voter,no_determinants,67,0.13562753036437247
59,voter,suspicious_determinants,3,0.006072874493927126
59,voter,too_many_missing_determinants,19,0.038461538461538464
59,voter,usable_complete,307,0.6214574898785425
59,voter,usable_complete_limited_metadata,7,0.01417004048582996
59,voter,usable_partial,91,0.18421052631578946
60,abstention,no_determinants,41,0.08102766798418973
60,abstention,too_many_missing_determinants,4,0.007905138339920948
60,abstention,usable_complete,385,0.7608695652173914
60,abstention,usable_complete_limited_metadata,20,0.039525691699604744
60,abstention,usable_partial,51,0.1007905138339921
60,abstention,usable_partial_limited_metadata,5,0.009881422924901186
60,voter,no_determinants,60,0.1214574898785425
60,voter,suspicious_determinants,3,0.006072874493927126
60,voter,too_many_missing_determinants,15,0.030364372469635626
60,voter,usable_complete,290,0.5870445344129555
60,voter,usable_complete_limited_metadata,16,0.032388663967611336
60,voter,usable_partial,110,0.22267206477732793
61,abstention,no_determinants,33,0.06521739130434782
61,abstention,suspicious_determinants,1,0.001976284584980237
61,abstention,too_many_missing_determinants,3,0.005928853754940711
61,abstention,usable_complete,407,0.8043478260869565
61,abstention,usable_complete_limited_metadata,17,0.03359683794466403
61,abstention,usable_partial,42,0.08300395256916997
61,abstention,usable_partial_limited_metadata,3,0.005928853754940711
61,voter,no_determinants,49,0.09919028340080972
61,voter,suspicious_determinants,4,0.008097165991902834
61,voter,too_many_missing_determinants,17,0.03441295546558704
61,voter,usable_complete,285,0.5769230769230769
61,voter,usable_complete_limited_metadata,11,0.022267206477732792
61,voter,usable_partial,127,0.25708502024291496
61,voter,usable_partial_limited_metadata,1,0.0020242914979757085
62,abstention,no_determinants,28,0.05533596837944664
62,abstention,too_many_missing_determinants,7,0.01383399209486166
62,abstention,usable_complete,402,0.7944664031620553
62,abstention,usable_complete_limited_metadata,16,0.03162055335968379
62,abstention,usable_partial,47,0.09288537549407115
62,abstention,usable_partial_limited_metadata,6,0.011857707509881422
62,voter,no_determinants,61,0.12348178137651822
62,voter,too_many_missing_determinants,20,0.04048582995951417
62,voter,usable_complete,292,0.5910931174089069
62,voter,usable_complete_limited_metadata,8,0.016194331983805668
62,voter,usable_partial,112,0.22672064777327935
62,voter,usable_partial_limited_metadata,1,0.0020242914979757085
63,abstention,no_determinants,28,0.05533596837944664
63,abstention,suspicious_determinants,1,0.001976284584980237
63,abstention,too_many_missing_determinants,6,0.011857707509881422
63,abstention,usable_complete,403,0.7964426877470355
63,abstention,usable_complete_limited_metadata,16,0.03162055335968379
63,abstention,usable_partial,47,0.09288537549407115
63,abstention,usable_partial_limited_metadata,5,0.009881422924901186
63,voter,no_determinants,74,0.14979757085020243
63,voter,suspicious_determinants,2,0.004048582995951417
63,voter,too_many_missing_determinants,14,0.02834008097165992
63,voter,usable_complete,274,0.5546558704453441
63,voter,usable_complete_limited_metadata,6,0.012145748987854251
63,voter,usable_partial,123,0.24898785425101214
63,voter,usable_partial_limited_metadata,1,0.0020242914979757085
64,abstention,no_determinants,37,0.07312252964426877
64,abstention,suspicious_determinants,1,0.001976284584980237
64,abstention,too_many_missing_determinants,9,0.017786561264822136
64,abstention,usable_complete,395,0.7806324110671937
64,abstention,usable_complete_limited_metadata,16,0.03162055335968379
64,abstention,usable_partial,45,0.08893280632411067
64,abstention,usable_partial_limited_metadata,3,0.005928853754940711
64,voter,no_determinants,61,0.12348178137651822
64,voter,suspicious_determinants,2,0.004048582995951417
64,voter,too_many_missing_determinants,16,0.032388663967611336
64,voter,usable_complete,292,0.5910931174089069
64,voter,usable_complete_limited_metadata,5,0.010121457489878543
64,voter,usable_partial,117,0.23684210526315788
64,voter,usable_partial_limited_metadata,1,0.0020242914979757085
65,abstention,no_determinants,37,0.07312252964426877
65,abstention,too_many_missing_determinants,5,0.009881422924901186
65,abstention,usable_complete,399,0.7885375494071146
65,abstention,usable_complete_limited_metadata,13,0.025691699604743084
65,abstention,usable_partial,46,0.09090909090909091
65,abstention,usable_partial_limited_metadata,6,0.011857707509881422
65,voter,no_determinants,66,0.13360323886639677
65,voter,suspicious_determinants,3,0.006072874493927126
65,voter,too_many_missing_determinants,15,0.030364372469635626
65,voter,usable_complete,280,0.5668016194331984
65,voter,usable_complete_limited_metadata,11,0.022267206477732792
65,voter,usable_partial,119,0.2408906882591093
66,abstention,no_determinants,30,0.05928853754940711
66,abstention,suspicious_determinants,1,0.001976284584980237
66,abstention,too_many_missing_determinants,6,0.011857707509881422
66,abstention,usable_complete,391,0.7727272727272727
66,abstention,usable_complete_limited_metadata,22,0.043478260869565216
66,abstention,usable_partial,52,0.10276679841897234
66,abstention,usable_partial_limited_metadata,4,0.007905138339920948
66,voter,no_determinants,59,0.1194331983805668
66,voter,suspicious_determinants,5,0.010121457489878543
66,voter,too_many_missing_determinants,15,0.030364372469635626
66,voter,usable_complete,279,0.5647773279352226
66,voter,usable_complete_limited_metadata,14,0.02834008097165992
66,voter,usable_partial,122,0.24696356275303644
67,abstention,no_determinants,30,0.05928853754940711
67,abstention,too_many_missing_determinants,1,0.001976284584980237
67,abstention,usable_complete,397,0.7845849802371542
67,abstention,usable_complete_limited_metadata,17,0.03359683794466403
67,abstention,usable_partial,56,0.11067193675889328
67,abstention,usable_partial_limited_metadata,5,0.009881422924901186
67,voter,no_determinants,63,0.12753036437246965
67,voter,suspicious_determinants,1,0.0020242914979757085
67,voter,too_many_missing_determinants,13,0.02631578947368421
67,voter,usable_complete,304,0.6153846153846154
67,voter,usable_complete_limited_metadata,5,0.010121457489878543
67,voter,usable_partial,107,0.2165991902834008
67,voter,usable_partial_limited_metadata,1,0.0020242914979757085
68,abstention,no_determinants,33,0.06521739130434782
68,abstention,suspicious_determinants,2,0.003952569169960474
68,abstention,too_many_missing_determinants,1,0.001976284584980237
68,abstention,usable_complete,401,0.7924901185770751
68,abstention,usable_complete_limited_metadata,8,0.015810276679841896
68,abstention,usable_partial,59,0.116600790513834
68,abstention,usable_partial_limited_metadata,2,0.003952569169960474
68,voter,no_determinants,64,0.12955465587044535
68,voter,suspicious_determinants,1,0.0020242914979757085
68,voter,too_many_missing_determinants,22,0.044534412955465584
68,voter,usable_complete,307,0.6214574898785425
68,voter,usable_complete_limited_metadata,5,0.010121457489878543
68,voter,usable_partial,95,0.19230769230769232
69,abstention,no_determinants,26,0.05138339920948617
69,abstention,suspicious_determinants,1,0.001976284584980237
69,abstention,too_many_missing_determinants,10,0.019762845849802372
69,abstention,usable_complete,397,0.7845849802371542
69,abstention,usable_complete_limited_metadata,20,0.039525691699604744
69,abstention,usable_partial,49,0.09683794466403162
69,abstention,usable_partial_limited_metadata,3,0.005928853754940711
69,voter,no_determinants,61,0.12348178137651822
69,voter,suspicious_determinants,3,0.006072874493927126
69,voter,too_many_missing_determinants,15,0.030364372469635626
69,voter,usable_complete,291,0.5890688259109311
69,voter,usable_complete_limited_metadata,9,0.018218623481781375
69,voter,usable_partial,114,0.23076923076923078
69,voter,usable_partial_limited_metadata,1,0.0020242914979757085
70,abstention,no_determinants,22,0.043478260869565216
70,abstention,suspicious_determinants,1,0.001976284584980237
70,abstention,too_many_missing_determinants,3,0.005928853754940711
70,abstention,usable_complete,412,0.8142292490118577
70,abstention,usable_complete_limited_metadata,14,0.02766798418972332
70,abstention,usable_partial,52,0.10276679841897234
70,abstention,usable_partial_limited_metadata,2,0.003952569169960474
70,voter,no_determinants,71,0.1437246963562753
70,voter,suspicious_determinants,5,0.010121457489878543
70,voter,too_many_missing_determinants,13,0.02631578947368421
70,voter,usable_complete,276,0.5587044534412956
70,voter,usable_complete_limited_metadata,15,0.030364372469635626
70,voter,usable_partial,114,0.23076923076923078
71,abstention,no_determinants,33,0.06521739130434782
71,abstention,suspicious_determinants,2,0.003952569169960474
71,abstention,too_many_missing_determinants,3,0.005928853754940711
71,abstention,usable_complete,404,0.7984189723320159
71,abstention,usable_complete_limited_metadata,12,0.023715415019762844
71,abstention,usable_partial,49,0.09683794466403162
71,abstention,usable_partial_limited_metadata,3,0.005928853754940711
71,voter,no_determinants,73,0.14777327935222673
71,voter,suspicious_determinants,3,0.006072874493927126
71,voter,too_many_missing_determinants,11,0.022267206477732792
71,voter,usable_complete,280,0.5668016194331984
71,voter,usable_complete_limited_metadata,8,0.016194331983805668
71,voter,usable_partial,119,0.2408906882591093
72,abstention,no_determinants,35,0.0691699604743083
72,abstention,too_many_missing_determinants,4,0.007905138339920948
72,abstention,usable_complete,399,0.7885375494071146
72,abstention,usable_complete_limited_metadata,18,0.03557312252964427
72,abstention,usable_partial,48,0.09486166007905138
72,abstention,usable_partial_limited_metadata,2,0.003952569169960474
72,voter,no_determinants,75,0.15182186234817813
72,voter,suspicious_determinants,3,0.006072874493927126
72,voter,too_many_missing_determinants,12,0.024291497975708502
72,voter,usable_complete,292,0.5910931174089069
72,voter,usable_complete_limited_metadata,2,0.004048582995951417
72,voter,usable_partial,109,0.22064777327935223
72,voter,usable_partial_limited_metadata,1,0.0020242914979757085
73,abstention,no_determinants,24,0.04743083003952569
73,abstention,suspicious_determinants,2,0.003952569169960474
73,abstention,too_many_missing_determinants,8,0.015810276679841896
73,abstention,usable_complete,408,0.8063241106719368
73,abstention,usable_complete_limited_metadata,17,0.03359683794466403
73,abstention,usable_partial,45,0.08893280632411067
73,abstention,usable_partial_limited_metadata,2,0.003952569169960474
73,voter,no_determinants,79,0.15991902834008098
73,voter,suspicious_determinants,3,0.006072874493927126
73,voter,too_many_missing_determinants,15,0.030364372469635626
73,voter,usable_complete,285,0.5769230769230769
73,voter,usable_complete_limited_metadata,8,0.016194331983805668
73,voter,usable_partial,104,0.21052631578947367
74,abstention,no_determinants,33,0.06521739130434782
74,abstention,suspicious_determinants,1,0.001976284584980237
74,abstention,too_many_missing_determinants,6,0.011857707509881422
74,abstention,usable_complete,390,0.7707509881422925
74,abstention,usable_complete_limited_metadata,20,0.039525691699604744
74,abstention,usable_partial,52,0.10276679841897234
74,abstention,usable_partial_limited_metadata,4,0.007905138339920948
74,voter,no_determinants,73,0.14777327935222673
74,voter,suspicious_determinants,4,0.008097165991902834
74,voter,too_many_missing_determinants,16,0.032388663967611336
74,voter,usable_complete,285,0.5769230769230769
74,voter,usable_complete_limited_metadata,9,0.018218623481781375
74,voter,usable_partial,107,0.2165991902834008
75,abstention,no_determinants,43,0.08498023715415019
75,abstention,suspicious_determinants,1,0.001976284584980237
75,abstention,too_many_missing_determinants,3,0.005928853754940711
75,abstention,usable_complete,391,0.7727272727272727
75,abstention,usable_complete_limited_metadata,18,0.03557312252964427
75,abstention,usable_partial,48,0.09486166007905138
75,abstention,usable_partial_limited_metadata,2,0.003952569169960474
75,voter,no_determinants,61,0.12348178137651822
75,voter,suspicious_determinants,4,0.008097165991902834
75,voter,too_many_missing_determinants,12,0.024291497975708502
75,voter,usable_complete,300,0.6072874493927125
75,voter,usable_complete_limited_metadata,12,0.024291497975708502
75,voter,usable_partial,105,0.2125506072874494
76,abstention,no_determinants,33,0.06521739130434782
76,abstention,suspicious_determinants,1,0.001976284584980237
76,abstention,too_many_missing_determinants,1,0.001976284584980237
76,abstention,usable_complete,414,0.8181818181818182
76,abstention,usable_complete_limited_metadata,15,0.029644268774703556
76,abstention,usable_partial,42,0.08300395256916997
76,voter,no_determinants,53,0.10728744939271255
76,voter,suspicious_determinants,4,0.008097165991902834
76,voter,too_many_missing_determinants,14,0.02834008097165992
76,voter,usable_complete,298,0.6032388663967612
76,voter,usable_complete_limited_metadata,10,0.020242914979757085
76,voter,usable_partial,114,0.23076923076923078
76,voter,usable_partial_limited_metadata,1,0.0020242914979757085
77,abstention,no_determinants,21,0.041501976284584984
77,abstention,suspicious_determinants,2,0.003952569169960474
77,abstention,too_many_missing_determinants,6,0.011857707509881422
77,abstention,usable_complete,411,0.8122529644268774
77,abstention,usable_complete_limited_metadata,23,0.045454545454545456
77,abstention,usable_partial,40,0.07905138339920949
77,abstention,usable_partial_limited_metadata,3,0.005928853754940711
77,voter,no_determinants,64,0.12955465587044535
77,voter,suspicious_determinants,1,0.0020242914979757085
77,voter,too_many_missing_determinants,14,0.02834008097165992
77,voter,usable_complete,282,0.5708502024291497
77,voter,usable_complete_limited_metadata,9,0.018218623481781375
77,voter,usable_partial,123,0.24898785425101214
77,voter,usable_partial_limited_metadata,1,0.0020242914979757085
78,abstention,no_determinants,33,0.06521739130434782
78,abstention,suspicious_determinants,1,0.001976284584980237
78,abstention,too_many_missing_determinants,3,0.005928853754940711
78,abstention,usable_complete,401,0.7924901185770751
78,abstention,usable_complete_limited_metadata,20,0.039525691699604744
78,abstention,usable_partial,46,0.09090909090909091
78,abstention,usable_partial_limited_metadata,2,0.003952569169960474
78,voter,no_determinants,83,0.1680161943319838
78,voter,suspicious_determinants,2,0.004048582995951417
78,voter,too_many_missing_determinants,19,0.038461538461538464
78,voter,usable_complete,284,0.5748987854251012
78,voter,usable_complete_limited_metadata,8,0.016194331983805668
78,voter,usable_partial,97,0.19635627530364372
78,voter,usable_partial_limited_metadata,1,0.0020242914979757085
79,abstention,no_determinants,34,0.06719367588932806
79,abstention,suspicious_determinants,2,0.003952569169960474
79,abstention,too_many_missing_determinants,6,0.011857707509881422
79,abstention,usable_complete,396,0.782608695652174
79,abstention,usable_complete_limited_metadata,22,0.043478260869565216
79,abstention,usable_partial,43,0.08498023715415019
79,abstention,usable_partial_limited_metadata,3,0.005928853754940711
79,voter,no_determinants,79,0.15991902834008098
79,voter,suspicious_determinants,2,0.004048582995951417
79,voter,too_many_missing_determinants,9,0.018218623481781375
79,voter,usable_complete,291,0.5890688259109311
79,voter,usable_complete_limited_metadata,12,0.024291497975708502
79,voter,usable_partial,101,0.20445344129554655
80,abstention,no_determinants,32,0.06324110671936758
80,abstention,suspicious_determinants,2,0.003952569169960474
80,abstention,too_many_missing_determinants,5,0.009881422924901186
80,abstention,usable_complete,398,0.7865612648221344
80,abstention,usable_complete_limited_metadata,14,0.02766798418972332
80,abstention,usable_partial,52,0.10276679841897234
80,abstention,usable_partial_limited_metadata,3,0.005928853754940711
80,voter,no_determinants,68,0.13765182186234817
80,voter,suspicious_determinants,3,0.006072874493927126
80,voter,too_many_missing_determinants,15,0.030364372469635626
80,voter,usable_complete,281,0.5688259109311741
80,voter,usable_complete_limited_metadata,9,0.018218623481781375
80,voter,usable_partial,118,0.2388663967611336
81,abstention,no_determinants,30,0.05928853754940711
81,abstention,too_many_missing_determinants,3,0.005928853754940711
81,abstention,usable_complete,408,0.8063241106719368
81,abstention,usable_complete_limited_metadata,17,0.03359683794466403
81,abstention,usable_partial,44,0.08695652173913043
81,abstention,usable_partial_limited_metadata,4,0.007905138339920948
81,voter,no_determinants,80,0.16194331983805668
81,voter,suspicious_determinants,4,0.008097165991902834
81,voter,too_many_missing_determinants,16,0.032388663967611336
81,voter,usable_complete,281,0.5688259109311741
81,voter,usable_complete_limited_metadata,7,0.01417004048582996
81,voter,usable_partial,106,0.2145748987854251
82,abstention,no_determinants,28,0.05533596837944664
82,abstention,too_many_missing_determinants,8,0.015810276679841896
82,abstention,usable_complete,387,0.7648221343873518
82,abstention,usable_complete_limited_metadata,20,0.039525691699604744
82,abstention,usable_partial,57,0.11264822134387352
82,abstention,usable_partial_limited_metadata,6,0.011857707509881422
82,voter,no_determinants,69,0.1396761133603239
82,voter,suspicious_determinants,1,0.0020242914979757085
82,voter,too_many_missing_determinants,8,0.016194331983805668
82,voter,usable_complete,308,0.6234817813765182
82,voter,usable_complete_limited_metadata,12,0.024291497975708502
82,voter,usable_partial,96,0.19433198380566802
83,abstention,no_determinants,27,0.0533596837944664
83,abstention,suspicious_determinants,1,0.001976284584980237
83,abstention,too_many_missing_determinants,4,0.007905138339920948
83,abstention,usable_complete,403,0.7964426877470355
83,abstention,usable_complete_limited_metadata,23,0.045454545454545456
83,abstention,usable_partial,43,0.08498023715415019
83,abstention,usable_partial_limited_metadata,5,0.009881422924901186
83,voter,no_determinants,67,0.13562753036437247
83,voter,suspicious_determinants,3,0.006072874493927126
83,voter,too_many_missing_determinants,17,0.03441295546558704
83,voter,usable_complete,265,0.5364372469635628
83,voter,usable_complete_limited_metadata,7,0.01417004048582996
83,voter,usable_partial,135,0.2732793522267207
84,abstention,no_determinants,35,0.0691699604743083
84,abstention,suspicious_determinants,1,0.001976284584980237
84,abstention,too_many_missing_determinants,3,0.005928853754940711
84,abstention,usable_complete,402,0.7944664031620553
84,abstention,usable_complete_limited_metadata,13,0.025691699604743084
84,abstention,usable_partial,50,0.09881422924901186
84,abstention,usable_partial_limited_metadata,2,0.003952569169960474
84,voter,no_determinants,73,0.14777327935222673
84,voter,too_many_missing_determinants,25,0.05060728744939271
84,voter,usable_complete,292,0.5910931174089069
84,voter,usable_complete_limited_metadata,6,0.012145748987854251
84,voter,usable_partial,98,0.19838056680161945
85,abstention,no_determinants,28,0.05533596837944664
85,abstention,suspicious_determinants,1,0.001976284584980237
85,abstention,too_many_missing_determinants,9,0.017786561264822136
85,abstention,usable_complete,405,0.8003952569169961
85,abstention,usable_complete_limited_metadata,16,0.03162055335968379
85,abstention,usable_partial,45,0.08893280632411067
85,abstention,usable_partial_limited_metadata,2,0.003952569169960474
85,voter,no_determinants,65,0.13157894736842105
85,voter,suspicious_determinants,2,0.004048582995951417
85,voter,too_many_missing_determinants,15,0.030364372469635626
85,voter,usable_complete,290,0.5870445344129555
85,voter,usable_complete_limited_metadata,6,0.012145748987854251
85,voter,usable_partial,116,0.23481781376518218
86,abstention,no_determinants,26,0.05138339920948617
86,abstention,too_many_missing_determinants,4,0.007905138339920948
86,abstention,usable_complete,413,0.8162055335968379
86,abstention,usable_complete_limited_metadata,13,0.025691699604743084
86,abstention,usable_partial,49,0.09683794466403162
86,abstention,usable_partial_limited_metadata,1,0.001976284584980237
86,voter,no_determinants,68,0.13765182186234817
86,voter,suspicious_determinants,3,0.006072874493927126
86,voter,too_many_missing_determinants,17,0.03441295546558704
86,voter,usable_complete,305,0.6174089068825911
86,voter,usable_complete_limited_metadata,7,0.01417004048582996
86,voter,usable_partial,93,0.1882591093117409
86,voter,usable_partial_limited_metadata,1,0.0020242914979757085
87,abstention,no_determinants,25,0.04940711462450593
87,abstention,suspicious_determinants,1,0.001976284584980237
87,abstention,too_many_missing_determinants,6,0.011857707509881422
87,abstention,usable_complete,412,0.8142292490118577
87,abstention,usable_complete_limited_metadata,24,0.04743083003952569
87,abstention,usable_partial,38,0.07509881422924901
87,voter,no_determinants,57,0.11538461538461539
87,voter,suspicious_determinants,2,0.004048582995951417
87,voter,too_many_missing_determinants,20,0.04048582995951417
87,voter,usable_complete,297,0.6012145748987854
87,voter,usable_complete_limited_metadata,8,0.016194331983805668
87,voter,usable_partial,109,0.22064777327935223
87,voter,usable_partial_limited_metadata,1,0.0020242914979757085
88,abstention,no_determinants,32,0.06324110671936758
88,abstention,too_many_missing_determinants,3,0.005928853754940711
88,abstention,usable_complete,401,0.7924901185770751
88,abstention,usable_complete_limited_metadata,19,0.037549407114624504
88,abstention,usable_partial,47,0.09288537549407115
88,abstention,usable_partial_limited_metadata,4,0.007905138339920948
88,voter,no_determinants,70,0.1417004048582996
88,voter,suspicious_determinants,7,0.01417004048582996
88,voter,too_many_missing_determinants,14,0.02834008097165992
88,voter,usable_complete,279,0.5647773279352226
88,voter,usable_complete_limited_metadata,11,0.022267206477732792
88,voter,usable_partial,112,0.22672064777327935
88,voter,usable_partial_limited_metadata,1,0.0020242914979757085
89,abstention,no_determinants,19,0.037549407114624504
89,abstention,suspicious_determinants,3,0.005928853754940711
89,abstention,too_many_missing_determinants,8,0.015810276679841896
89,abstention,usable_complete,412,0.8142292490118577
89,abstention,usable_complete_limited_metadata,13,0.025691699604743084
89,abstention,usable_partial,47,0.09288537549407115
89,abstention,usable_partial_limited_metadata,4,0.007905138339920948
89,voter,no_determinants,65,0.13157894736842105
89,voter,suspicious_determinants,4,0.008097165991902834
89,voter,too_many_missing_determinants,12,0.024291497975708502
89,voter,usable_complete,293,0.5931174089068826
89,voter,usable_complete_limited_metadata,9,0.018218623481781375
89,voter,usable_partial,110,0.22267206477732793
89,voter,usable_partial_limited_metadata,1,0.0020242914979757085
90,abstention,no_determinants,33,0.06521739130434782
90,abstention,suspicious_determinants,1,0.001976284584980237
90,abstention,too_many_missing_determinants,3,0.005928853754940711
90,abstention,usable_complete,390,0.7707509881422925
90,abstention,usable_complete_limited_metadata,26,0.05138339920948617
90,abstention,usable_partial,52,0.10276679841897234
90,abstention,usable_partial_limited_metadata,1,0.001976284584980237
90,voter,no_determinants,68,0.13765182186234817
90,voter,suspicious_determinants,3,0.006072874493927126
90,voter,too_many_missing_determinants,20,0.04048582995951417
90,voter,usable_complete,293,0.5931174089068826
90,voter,usable_complete_limited_metadata,3,0.006072874493927126
90,voter,usable_partial,104,0.21052631578947367
90,voter,usable_partial_limited_metadata,3,0.006072874493927126
91,abstention,no_determinants,32,0.06324110671936758
91,abstention,suspicious_determinants,1,0.001976284584980237
91,abstention,too_many_missing_determinants,3,0.005928853754940711
91,abstention,usable_complete,400,0.7905138339920948
91,abstention,usable_complete_limited_metadata,20,0.039525691699604744
91,abstention,usable_partial,49,0.09683794466403162
91,abstention,usable_partial_limited_metadata,1,0.001976284584980237
91,voter,no_determinants,74,0.14979757085020243
91,voter,suspicious_determinants,3,0.006072874493927126
91,voter,too_many_missing_determinants,15,0.030364372469635626
91,voter,usable_complete,278,0.562753036437247
91,voter,usable_complete_limited_metadata,7,0.01417004048582996
91,voter,usable_partial,117,0.23684210526315788
92,abstention,no_determinants,40,0.07905138339920949
92,abstention,too_many_missing_determinants,5,0.009881422924901186
92,abstention,usable_complete,390,0.7707509881422925
92,abstention,usable_complete_limited_metadata,20,0.039525691699604744
92,abstention,usable_partial,48,0.09486166007905138
92,abstention,usable_partial_limited_metadata,3,0.005928853754940711
92,voter,no_determinants,71,0.1437246963562753
92,voter,suspicious_determinants,3,0.006072874493927126
92,voter,too_many_missing_determinants,18,0.03643724696356275
92,voter,usable_complete,278,0.562753036437247
92,voter,usable_complete_limited_metadata,6,0.012145748987854251
92,voter,usable_partial,118,0.2388663967611336
93,abstention,no_determinants,27,0.0533596837944664
93,abstention,too_many_missing_determinants,6,0.011857707509881422
93,abstention,usable_complete,406,0.8023715415019763
93,abstention,usable_complete_limited_metadata,23,0.045454545454545456
93,abstention,usable_partial,43,0.08498023715415019
93,abstention,usable_partial_limited_metadata,1,0.001976284584980237
93,voter,no_determinants,45,0.09109311740890688
93,voter,suspicious_determinants,1,0.0020242914979757085
93,voter,too_many_missing_determinants,22,0.044534412955465584
93,voter,usable_complete,285,0.5769230769230769
93,voter,usable_complete_limited_metadata,7,0.01417004048582996
93,voter,usable_partial,134,0.27125506072874495
94,abstention,no_determinants,34,0.06719367588932806
94,abstention,suspicious_determinants,1,0.001976284584980237
94,abstention,too_many_missing_determinants,6,0.011857707509881422
94,abstention,usable_complete,394,0.7786561264822134
94,abstention,usable_complete_limited_metadata,19,0.037549407114624504
94,abstention,usable_partial,48,0.09486166007905138
94,abstention,usable_partial_limited_metadata,4,0.007905138339920948
94,voter,no_determinants,60,0.1214574898785425
94,voter,suspicious_determinants,3,0.006072874493927126
94,voter,too_many_missing_determinants,14,0.02834008097165992
94,voter,usable_complete,299,0.6052631578947368
94,voter,usable_complete_limited_metadata,10,0.020242914979757085
94,voter,usable_partial,107,0.2165991902834008
94,voter,usable_partial_limited_metadata,1,0.0020242914979757085
95,abstention,no_determinants,24,0.04743083003952569
95,abstention,suspicious_determinants,1,0.001976284584980237
95,abstention,too_many_missing_determinants,3,0.005928853754940711
95,abstention,usable_complete,421,0.8320158102766798
95,abstention,usable_complete_limited_metadata,18,0.03557312252964427
95,abstention,usable_partial,37,0.07312252964426877
95,abstention,usable_partial_limited_metadata,2,0.003952569169960474
95,voter,no_determinants,69,0.1396761133603239
95,voter,suspicious_determinants,6,0.012145748987854251
95,voter,too_many_missing_determinants,18,0.03643724696356275
95,voter,usable_complete,273,0.5526315789473685
95,voter,usable_complete_limited_metadata,8,0.016194331983805668
95,voter,usable_partial,120,0.242914979757085
96,abstention,no_determinants,36,0.07114624505928854
96,abstention,suspicious_determinants,1,0.001976284584980237
96,abstention,too_many_missing_determinants,3,0.005928853754940711
96,abstention,usable_complete,387,0.7648221343873518
96,abstention,usable_complete_limited_metadata,16,0.03162055335968379
96,abstention,usable_partial,60,0.11857707509881422
96,abstention,usable_partial_limited_metadata,3,0.005928853754940711
96,voter,no_determinants,65,0.13157894736842105
96,voter,suspicious_determinants,4,0.008097165991902834
96,voter,too_many_missing_determinants,18,0.03643724696356275
96,voter,usable_complete,298,0.6032388663967612
96,voter,usable_complete_limited_metadata,6,0.012145748987854251
96,voter,usable_partial,103,0.20850202429149797
97,abstention,no_determinants,32,0.06324110671936758
97,abstention,too_many_missing_determinants,5,0.009881422924901186
97,abstention,usable_complete,416,0.8221343873517787
97,abstention,usable_complete_limited_metadata,16,0.03162055335968379
97,abstention,usable_partial,36,0.07114624505928854
97,abstention,usable_partial_limited_metadata,1,0.001976284584980237
97,voter,no_determinants,69,0.1396761133603239
97,voter,suspicious_determinants,3,0.006072874493927126
97,voter,too_many_missing_determinants,14,0.02834008097165992
97,voter,usable_complete,301,0.6093117408906883
97,voter,usable_complete_limited_metadata,12,0.024291497975708502
97,voter,usable_partial,94,0.1902834008097166
97,voter,usable_partial_limited_metadata,1,0.0020242914979757085
98,abstention,no_determinants,25,0.04940711462450593
98,abstention,suspicious_determinants,1,0.001976284584980237
98,abstention,too_many_missing_determinants,3,0.005928853754940711
98,abstention,usable_complete,401,0.7924901185770751
98,abstention,usable_complete_limited_metadata,25,0.04940711462450593
98,abstention,usable_partial,51,0.1007905138339921
98,voter,no_determinants,71,0.1437246963562753
98,voter,suspicious_determinants,1,0.0020242914979757085
98,voter,too_many_missing_determinants,28,0.05668016194331984
98,voter,usable_complete,285,0.5769230769230769
98,voter,usable_complete_limited_metadata,6,0.012145748987854251
98,voter,usable_partial,103,0.20850202429149797
99,abstention,no_determinants,37,0.07312252964426877
99,abstention,suspicious_determinants,1,0.001976284584980237
99,abstention,too_many_missing_determinants,2,0.003952569169960474
99,abstention,usable_complete,392,0.7747035573122529
99,abstention,usable_complete_limited_metadata,18,0.03557312252964427
99,abstention,usable_partial,54,0.1067193675889328
99,abstention,usable_partial_limited_metadata,2,0.003952569169960474
99,voter,no_determinants,73,0.14777327935222673
99,voter,too_many_missing_determinants,22,0.044534412955465584
99,voter,usable_complete,277,0.5607287449392713
99,voter,usable_complete_limited_metadata,10,0.020242914979757085
99,voter,usable_partial,112,0.22672064777327935
100,abstention,no_determinants,39,0.07707509881422925
100,abstention,too_many_missing_determinants,1,0.001976284584980237
100,abstention,usable_complete,397,0.7845849802371542
100,abstention,usable_complete_limited_metadata,21,0.041501976284584984
100,abstention,usable_partial,45,0.08893280632411067
100,abstention,usable_partial_limited_metadata,3,0.005928853754940711
100,voter,no_determinants,68,0.13765182186234817
100,voter,suspicious_determinants,1,0.0020242914979757085
100,voter,too_many_missing_determinants,16,0.032388663967611336
100,voter,usable_complete,294,0.5951417004048583
100,voter,usable_complete_limited_metadata,6,0.012145748987854251
100,voter,usable_partial,109,0.22064777327935223
101,abstention,no_determinants,25,0.04940711462450593
101,abstention,suspicious_determinants,3,0.005928853754940711
101,abstention,too_many_missing_determinants,2,0.003952569169960474
101,abstention,usable_complete,412,0.8142292490118577
101,abstention,usable_complete_limited_metadata,18,0.03557312252964427
101,abstention,usable_partial,41,0.08102766798418973
101,abstention,usable_partial_limited_metadata,5,0.009881422924901186
101,voter,no_determinants,70,0.1417004048582996
101,voter,suspicious_determinants,1,0.0020242914979757085
101,voter,too_many_missing_determinants,21,0.04251012145748988
101,voter,usable_complete,264,0.5344129554655871
101,voter,usable_complete_limited_metadata,9,0.018218623481781375
101,voter,usable_partial,129,0.2611336032388664
102,abstention,no_determinants,24,0.04743083003952569
102,abstention,suspicious_determinants,1,0.001976284584980237
102,abstention,too_many_missing_determinants,6,0.011857707509881422
102,abstention,usable_complete,402,0.7944664031620553
102,abstention,usable_complete_limited_metadata,16,0.03162055335968379
102,abstention,usable_partial,52,0.10276679841897234
102,abstention,usable_partial_limited_metadata,5,0.009881422924901186
102,voter,no_determinants,73,0.14777327935222673
102,voter,suspicious_determinants,3,0.006072874493927126
102,voter,too_many_missing_determinants,13,0.02631578947368421
102,voter,usable_complete,289,0.5850202429149798
102,voter,usable_complete_limited_metadata,10,0.020242914979757085
102,voter,usable_partial,105,0.2125506072874494
102,voter,usable_partial_limited_metadata,1,0.0020242914979757085
103,abstention,no_determinants,25,0.04940711462450593
103,abstention,suspicious_determinants,2,0.003952569169960474
103,abstention,too_many_missing_determinants,5,0.009881422924901186
103,abstention,usable_complete,395,0.7806324110671937
103,abstention,usable_complete_limited_metadata,25,0.04940711462450593
103,abstention,usable_partial,47,0.09288537549407115
103,abstention,usable_partial_limited_metadata,7,0.01383399209486166
103,voter,no_determinants,79,0.15991902834008098
103,voter,suspicious_determinants,1,0.0020242914979757085
103,voter,too_many_missing_determinants,18,0.03643724696356275
103,voter,usable_complete,295,0.597165991902834
103,voter,usable_complete_limited_metadata,5,0.010121457489878543
103,voter,usable_partial,96,0.19433198380566802
104,abstention,no_determinants,29,0.05731225296442688
104,abstention,too_many_missing_determinants,3,0.005928853754940711
104,abstention,usable_complete,401,0.7924901185770751
104,abstention,usable_complete_limited_metadata,22,0.043478260869565216
104,abstention,usable_partial,48,0.09486166007905138
104,abstention,usable_partial_limited_metadata,3,0.005928853754940711
104,voter,no_determinants,53,0.10728744939271255
104,voter,suspicious_determinants,3,0.006072874493927126
104,voter,too_many_missing_determinants,13,0.02631578947368421
104,voter,usable_complete,292,0.5910931174089069
104,voter,usable_complete_limited_metadata,6,0.012145748987854251
104,voter,usable_partial,126,0.2550607287449393
104,voter,usable_partial_limited_metadata,1,0.0020242914979757085
105,abstention,no_determinants,32,0.06324110671936758
105,abstention,suspicious_determinants,1,0.001976284584980237
105,abstention,too_many_missing_determinants,2,0.003952569169960474
105,abstention,usable_complete,394,0.7786561264822134
105,abstention,usable_complete_limited_metadata,18,0.03557312252964427
105,abstention,usable_partial,57,0.11264822134387352
105,abstention,usable_partial_limited_metadata,2,0.003952569169960474
105,voter,no_determinants,65,0.13157894736842105
105,voter,suspicious_determinants,3,0.006072874493927126
105,voter,too_many_missing_determinants,17,0.03441295546558704
105,voter,usable_complete,294,0.5951417004048583
105,voter,usable_complete_limited_metadata,7,0.01417004048582996
105,voter,usable_partial,107,0.2165991902834008
105,voter,usable_partial_limited_metadata,1,0.0020242914979757085
106,abstention,no_determinants,36,0.07114624505928854
106,abstention,suspicious_determinants,2,0.003952569169960474
106,abstention,too_many_missing_determinants,8,0.015810276679841896
106,abstention,usable_complete,387,0.7648221343873518
106,abstention,usable_complete_limited_metadata,14,0.02766798418972332
106,abstention,usable_partial,58,0.11462450592885376
106,abstention,usable_partial_limited_metadata,1,0.001976284584980237
106,voter,no_determinants,67,0.13562753036437247
106,voter,suspicious_determinants,2,0.004048582995951417
106,voter,too_many_missing_determinants,16,0.032388663967611336
106,voter,usable_complete,280,0.5668016194331984
106,voter,usable_complete_limited_metadata,11,0.022267206477732792
106,voter,usable_partial,118,0.2388663967611336
107,abstention,no_determinants,37,0.07312252964426877
107,abstention,suspicious_determinants,1,0.001976284584980237
107,abstention,too_many_missing_determinants,3,0.005928853754940711
107,abstention,usable_complete,387,0.7648221343873518
107,abstention,usable_complete_limited_metadata,21,0.041501976284584984
107,abstention,usable_partial,57,0.11264822134387352
107,voter,no_determinants,62,0.12550607287449392
107,voter,too_many_missing_determinants,14,0.02834008097165992
107,voter,usable_complete,315,0.6376518218623481
107,voter,usable_complete_limited_metadata,13,0.02631578947368421
107,voter,usable_partial,90,0.18218623481781376
108,abstention,no_determinants,24,0.04743083003952569
108,abstention,suspicious_determinants,2,0.003952569169960474
108,abstention,too_many_missing_determinants,10,0.019762845849802372
108,abstention,usable_complete,392,0.7747035573122529
108,abstention,usable_complete_limited_metadata,23,0.045454545454545456
108,abstention,usable_partial,53,0.10474308300395258
108,abstention,usable_partial_limited_metadata,2,0.003952569169960474
108,voter,no_determinants,65,0.13157894736842105
108,voter,suspicious_determinants,3,0.006072874493927126
108,voter,too_many_missing_determinants,17,0.03441295546558704
108,voter,usable_complete,295,0.597165991902834
108,voter,usable_complete_limited_metadata,12,0.024291497975708502
108,voter,usable_partial,102,0.20647773279352227
109,abstention,no_determinants,33,0.06521739130434782
109,abstention,suspicious_determinants,1,0.001976284584980237
109,abstention,too_many_missing_determinants,1,0.001976284584980237
109,abstention,usable_complete,403,0.7964426877470355
109,abstention,usable_complete_limited_metadata,22,0.043478260869565216
109,abstention,usable_partial,43,0.08498023715415019
109,abstention,usable_partial_limited_metadata,3,0.005928853754940711
109,voter,no_determinants,73,0.14777327935222673
109,voter,suspicious_determinants,1,0.0020242914979757085
109,voter,too_many_missing_determinants,21,0.04251012145748988
109,voter,usable_complete,286,0.5789473684210527
109,voter,usable_complete_limited_metadata,11,0.022267206477732792
109,voter,usable_partial,101,0.20445344129554655
109,voter,usable_partial_limited_metadata,1,0.0020242914979757085
110,abstention,no_determinants,24,0.04743083003952569
110,abstention,suspicious_determinants,1,0.001976284584980237
110,abstention,too_many_missing_determinants,2,0.003952569169960474
110,abstention,usable_complete,421,0.8320158102766798
110,abstention,usable_complete_limited_metadata,17,0.03359683794466403
110,abstention,usable_partial,38,0.07509881422924901
110,abstention,usable_partial_limited_metadata,3,0.005928853754940711
110,voter,no_determinants,67,0.13562753036437247
110,voter,suspicious_determinants,3,0.006072874493927126
110,voter,too_many_missing_determinants,14,0.02834008097165992
110,voter,usable_complete,281,0.5688259109311741
110,voter,usable_complete_limited_metadata,11,0.022267206477732792
110,voter,usable_partial,118,0.2388663967611336
111,abstention,no_determinants,36,0.07114624505928854
111,abstention,suspicious_determinants,2,0.003952569169960474
111,abstention,too_many_missing_determinants,5,0.009881422924901186
111,abstention,usable_complete,389,0.7687747035573123
111,abstention,usable_complete_limited_metadata,22,0.043478260869565216
111,abstention,usable_partial,49,0.09683794466403162
111,abstention,usable_partial_limited_metadata,3,0.005928853754940711
111,voter,no_determinants,64,0.12955465587044535
111,voter,suspicious_determinants,5,0.010121457489878543
111,voter,too_many_missing_determinants,19,0.038461538461538464
111,voter,usable_complete,290,0.5870445344129555
111,voter,usable_complete_limited_metadata,10,0.020242914979757085
111,voter,usable_partial,106,0.2145748987854251
112,abstention,no_determinants,27,0.0533596837944664
112,abstention,suspicious_determinants,2,0.003952569169960474
112,abstention,too_many_missing_determinants,3,0.005928853754940711
112,abstention,usable_complete,406,0.8023715415019763
112,abstention,usable_complete_limited_metadata,18,0.03557312252964427
112,abstention,usable_partial,48,0.09486166007905138
112,abstention,usable_partial_limited_metadata,2,0.003952569169960474
112,voter,no_determinants,67,0.13562753036437247
112,voter,suspicious_determinants,2,0.004048582995951417
112,voter,too_many_missing_determinants,18,0.03643724696356275
112,voter,usable_complete,284,0.5748987854251012
112,voter,usable_complete_limited_metadata,10,0.020242914979757085
112,voter,usable_partial,113,0.22874493927125505
113,abstention,no_determinants,29,0.05731225296442688
113,abstention,suspicious_determinants,2,0.003952569169960474
113,abstention,too_many_missing_determinants,6,0.011857707509881422
113,abstention,usable_complete,402,0.7944664031620553
113,abstention,usable_complete_limited_metadata,12,0.023715415019762844
113,abstention,usable_partial,53,0.10474308300395258
113,abstention,usable_partial_limited_metadata,2,0.003952569169960474
113,voter,no_determinants,69,0.1396761133603239
113,voter,suspicious_determinants,2,0.004048582995951417
113,voter,too_many_missing_determinants,20,0.04048582995951417
113,voter,usable_complete,286,0.5789473684210527
113,voter,usable_complete_limited_metadata,12,0.024291497975708502
113,voter,usable_partial,103,0.20850202429149797
113,voter,usable_partial_limited_metadata,2,0.004048582995951417
114,abstention,no_determinants,35,0.0691699604743083
114,abstention,suspicious_determinants,3,0.005928853754940711
114,abstention,too_many_missing_determinants,3,0.005928853754940711
114,abstention,usable_complete,402,0.7944664031620553
114,abstention,usable_complete_limited_metadata,19,0.037549407114624504
114,abstention,usable_partial,42,0.08300395256916997
114,abstention,usable_partial_limited_metadata,2,0.003952569169960474
114,voter,no_determinants,65,0.13157894736842105
114,voter,suspicious_determinants,5,0.010121457489878543
114,voter,too_many_missing_determinants,25,0.05060728744939271
114,voter,usable_complete,267,0.5404858299595142
114,voter,usable_complete_limited_metadata,6,0.012145748987854251
114,voter,usable_partial,125,0.25303643724696356
114,voter,usable_partial_limited_metadata,1,0.0020242914979757085
115,abstention,no_determinants,29,0.05731225296442688
115,abstention,suspicious_determinants,2,0.003952569169960474
115,abstention,too_many_missing_determinants,3,0.005928853754940711
115,abstention,usable_complete,405,0.8003952569169961
115,abstention,usable_complete_limited_metadata,19,0.037549407114624504
115,abstention,usable_partial,46,0.09090909090909091
115,abstention,usable_partial_limited_metadata,2,0.003952569169960474
115,voter,no_determinants,59,0.1194331983805668
115,voter,suspicious_determinants,3,0.006072874493927126
115,voter,too_many_missing_determinants,17,0.03441295546558704
115,voter,usable_complete,302,0.611336032388664
115,voter,usable_complete_limited_metadata,11,0.022267206477732792
115,voter,usable_partial,101,0.20445344129554655
115,voter,usable_partial_limited_metadata,1,0.0020242914979757085
116,abstention,no_determinants,35,0.0691699604743083
116,abstention,suspicious_determinants,1,0.001976284584980237
116,abstention,too_many_missing_determinants,8,0.015810276679841896
116,abstention,usable_complete,392,0.7747035573122529
116,abstention,usable_complete_limited_metadata,22,0.043478260869565216
116,abstention,usable_partial,46,0.09090909090909091
116,abstention,usable_partial_limited_metadata,2,0.003952569169960474
116,voter,no_determinants,72,0.145748987854251
116,voter,suspicious_determinants,2,0.004048582995951417
116,voter,too_many_missing_determinants,14,0.02834008097165992
116,voter,usable_complete,287,0.5809716599190283
116,voter,usable_complete_limited_metadata,7,0.01417004048582996
116,voter,usable_partial,111,0.22469635627530365
116,voter,usable_partial_limited_metadata,1,0.0020242914979757085
117,abstention,no_determinants,25,0.04940711462450593
117,abstention,suspicious_determinants,2,0.003952569169960474
117,abstention,too_many_missing_determinants,6,0.011857707509881422
117,abstention,usable_complete,383,0.7569169960474308
117,abstention,usable_complete_limited_metadata,19,0.037549407114624504
117,abstention,usable_partial,67,0.1324110671936759
117,abstention,usable_partial_limited_metadata,4,0.007905138339920948
117,voter,no_determinants,65,0.13157894736842105
117,voter,too_many_missing_determinants,14,0.02834008097165992
117,voter,usable_complete,290,0.5870445344129555
117,voter,usable_complete_limited_metadata,12,0.024291497975708502
117,voter,usable_partial,113,0.22874493927125505
118,abstention,no_determinants,35,0.0691699604743083
118,abstention,too_many_missing_determinants,5,0.009881422924901186
118,abstention,usable_complete,405,0.8003952569169961
118,abstention,usable_complete_limited_metadata,14,0.02766798418972332
118,abstention,usable_partial,46,0.09090909090909091
118,abstention,usable_partial_limited_metadata,1,0.001976284584980237
118,voter,no_determinants,61,0.12348178137651822
118,voter,suspicious_determinants,2,0.004048582995951417
118,voter,too_many_missing_determinants,12,0.024291497975708502
118,voter,usable_complete,290,0.5870445344129555
118,voter,usable_complete_limited_metadata,15,0.030364372469635626
118,voter,usable_partial,113,0.22874493927125505
118,voter,usable_partial_limited_metadata,1,0.0020242914979757085
119,abstention,no_determinants,30,0.05928853754940711
119,abstention,suspicious_determinants,1,0.001976284584980237
119,abstention,too_many_missing_determinants,2,0.003952569169960474
119,abstention,usable_complete,393,0.7766798418972332
119,abstention,usable_complete_limited_metadata,22,0.043478260869565216
119,abstention,usable_partial,55,0.10869565217391304
119,abstention,usable_partial_limited_metadata,3,0.005928853754940711
119,voter,no_determinants,69,0.1396761133603239
119,voter,too_many_missing_determinants,14,0.02834008097165992
119,voter,usable_complete,299,0.6052631578947368
119,voter,usable_complete_limited_metadata,6,0.012145748987854251
119,voter,usable_partial,106,0.2145748987854251
120,abstention,no_determinants,30,0.05928853754940711
120,abstention,suspicious_determinants,1,0.001976284584980237
120,abstention,too_many_missing_determinants,9,0.017786561264822136
120,abstention,usable_complete,403,0.7964426877470355
120,abstention,usable_complete_limited_metadata,15,0.029644268774703556
120,abstention,usable_partial,47,0.09288537549407115
120,abstention,usable_partial_limited_metadata,1,0.001976284584980237
120,voter,no_determinants,75,0.15182186234817813
120,voter,suspicious_determinants,1,0.0020242914979757085
120,voter,too_many_missing_determinants,15,0.030364372469635626
120,voter,usable_complete,279,0.5647773279352226
120,voter,usable_complete_limited_metadata,16,0.032388663967611336
120,voter,usable_partial,108,0.21862348178137653
121,abstention,no_determinants,22,0.043478260869565216
121,abstention,suspicious_determinants,1,0.001976284584980237
121,abstention,too_many_missing_determinants,2,0.003952569169960474
121,abstention,usable_complete,411,0.8122529644268774
121,abstention,usable_complete_limited_metadata,20,0.039525691699604744
121,abstention,usable_partial,45,0.08893280632411067
121,abstention,usable_partial_limited_metadata,5,0.009881422924901186
121,voter,no_determinants,74,0.14979757085020243
121,voter,suspicious_determinants,2,0.004048582995951417
121,voter,too_many_missing_determinants,14,0.02834008097165992
121,voter,usable_complete,286,0.5789473684210527
121,voter,usable_complete_limited_metadata,10,0.020242914979757085
121,voter,usable_partial,108,0.21862348178137653
122,abstention,no_determinants,32,0.06324110671936758
122,abstention,suspicious_determinants,2,0.003952569169960474
122,abstention,too_many_missing_determinants,7,0.01383399209486166
122,abstention,usable_complete,414,0.8181818181818182
122,abstention,usable_complete_limited_metadata,10,0.019762845849802372
122,abstention,usable_partial,40,0.07905138339920949
122,abstention,usable_partial_limited_metadata,1,0.001976284584980237
122,voter,no_determinants,66,0.13360323886639677
122,voter,suspicious_determinants,3,0.006072874493927126
122,voter,too_many_missing_determinants,21,0.04251012145748988
122,voter,usable_complete,273,0.5526315789473685
122,voter,usable_complete_limited_metadata,16,0.032388663967611336
122,voter,usable_partial,115,0.23279352226720648
123,abstention,no_determinants,29,0.05731225296442688
123,abstention,too_many_missing_determinants,1,0.001976284584980237
123,abstention,usable_complete,406,0.8023715415019763
123,abstention,usable_complete_limited_metadata,26,0.05138339920948617
123,abstention,usable_partial,41,0.08102766798418973
123,abstention,usable_partial_limited_metadata,3,0.005928853754940711
123,voter,no_determinants,60,0.1214574898785425
123,voter,suspicious_determinants,2,0.004048582995951417
123,voter,too_many_missing_determinants,12,0.024291497975708502
123,voter,usable_complete,303,0.6133603238866396
123,voter,usable_complete_limited_metadata,7,0.01417004048582996
123,voter,usable_partial,110,0.22267206477732793
124,abstention,no_determinants,34,0.06719367588932806
124,abstention,too_many_missing_determinants,3,0.005928853754940711
124,abstention,usable_complete,408,0.8063241106719368
124,abstention,usable_complete_limited_metadata,13,0.025691699604743084
124,abstention,usable_partial,47,0.09288537549407115
124,abstention,usable_partial_limited_metadata,1,0.001976284584980237
124,voter,no_determinants,72,0.145748987854251
124,voter,suspicious_determinants,2,0.004048582995951417
124,voter,too_many_missing_determinants,14,0.02834008097165992
124,voter,usable_complete,293,0.5931174089068826
124,voter,usable_complete_limited_metadata,10,0.020242914979757085
124,voter,usable_partial,103,0.20850202429149797
125,abstention,no_determinants,25,0.04940711462450593
125,abstention,suspicious_determinants,1,0.001976284584980237
125,abstention,too_many_missing_determinants,5,0.009881422924901186
125,abstention,usable_complete,389,0.7687747035573123
125,abstention,usable_complete_limited_metadata,27,0.0533596837944664
125,abstention,usable_partial,56,0.11067193675889328
125,abstention,usable_partial_limited_metadata,3,0.005928853754940711
125,voter,no_determinants,65,0.13157894736842105
125,voter,too_many_missing_determinants,20,0.04048582995951417
125,voter,usable_complete,301,0.6093117408906883
125,voter,usable_complete_limited_metadata,7,0.01417004048582996
125,voter,usable_partial,99,0.20040485829959515
125,voter,usable_partial_limited_metadata,2,0.004048582995951417
126,abstention,no_determinants,35,0.0691699604743083
126,abstention,suspicious_determinants,2,0.003952569169960474
126,abstention,too_many_missing_determinants,3,0.005928853754940711
126,abstention,usable_complete,393,0.7766798418972332
126,abstention,usable_complete_limited_metadata,27,0.0533596837944664
126,abstention,usable_partial,44,0.08695652173913043
126,abstention,usable_partial_limited_metadata,2,0.003952569169960474
126,voter,no_determinants,79,0.15991902834008098
126,voter,suspicious_determinants,1,0.0020242914979757085
126,voter,too_many_missing_determinants,19,0.038461538461538464
126,voter,usable_complete,288,0.582995951417004
126,voter,usable_complete_limited_metadata,8,0.016194331983805668
126,voter,usable_partial,99,0.20040485829959515
127,abstention,no_determinants,31,0.06126482213438735
127,abstention,too_many_missing_determinants,4,0.007905138339920948
127,abstention,usable_complete,409,0.808300395256917
127,abstention,usable_complete_limited_metadata,19,0.037549407114624504
127,abstention,usable_partial,42,0.08300395256916997
127,abstention,usable_partial_limited_metadata,1,0.001976284584980237
127,voter,no_determinants,72,0.145748987854251
127,voter,suspicious_determinants,4,0.008097165991902834
127,voter,too_many_missing_determinants,22,0.044534412955465584
127,voter,usable_complete,283,0.5728744939271255
127,voter,usable_complete_limited_metadata,6,0.012145748987854251
127,voter,usable_partial,106,0.2145748987854251
127,voter,usable_partial_limited_metadata,1,0.0020242914979757085
128,abstention,no_determinants,34,0.06719367588932806
128,abstention,too_many_missing_determinants,1,0.001976284584980237
128,abstention,usable_complete,405,0.8003952569169961
128,abstention,usable_complete_limited_metadata,21,0.041501976284584984
128,abstention,usable_partial,44,0.08695652173913043
128,abstention,usable_partial_limited_metadata,1,0.001976284584980237
128,voter,no_determinants,71,0.1437246963562753
128,voter,suspicious_determinants,1,0.0020242914979757085
128,voter,too_many_missing_determinants,11,0.022267206477732792
128,voter,usable_complete,288,0.582995951417004
128,voter,usable_complete_limited_metadata,10,0.020242914979757085
128,voter,usable_partial,113,0.22874493927125505
129,abstention,no_determinants,23,0.045454545454545456
129,abstention,suspicious_determinants,1,0.001976284584980237
129,abstention,too_many_missing_determinants,5,0.009881422924901186
129,abstention,usable_complete,410,0.8102766798418972
129,abstention,usable_complete_limited_metadata,19,0.037549407114624504
129,abstention,usable_partial,45,0.08893280632411067
129,abstention,usable_partial_limited_metadata,3,0.005928853754940711
129,voter,no_determinants,75,0.15182186234817813
129,voter,suspicious_determinants,5,0.010121457489878543
129,voter,too_many_missing_determinants,21,0.04251012145748988
129,voter,usable_complete,268,0.5425101214574899
129,voter,usable_complete_limited_metadata,14,0.02834008097165992
129,voter,usable_partial,111,0.22469635627530365
130,abstention,no_determinants,30,0.05928853754940711
130,abstention,suspicious_determinants,1,0.001976284584980237
130,abstention,too_many_missing_determinants,3,0.005928853754940711
130,abstention,usable_complete,405,0.8003952569169961
130,abstention,usable_complete_limited_metadata,15,0.029644268774703556
130,abstention,usable_partial,49,0.09683794466403162
130,abstention,usable_partial_limited_metadata,3,0.005928853754940711
130,voter,no_determinants,69,0.1396761133603239
130,voter,suspicious_determinants,2,0.004048582995951417
130,voter,too_many_missing_determinants,7,0.01417004048582996
130,voter,usable_complete,305,0.6174089068825911
130,voter,usable_complete_limited_metadata,6,0.012145748987854251
130,voter,usable_partial,105,0.2125506072874494
131,abstention,no_determinants,28,0.05533596837944664
131,abstention,suspicious_determinants,4,0.007905138339920948
131,abstention,too_many_missing_determinants,3,0.005928853754940711
131,abstention,usable_complete,406,0.8023715415019763
131,abstention,usable_complete_limited_metadata,18,0.03557312252964427
131,abstention,usable_partial,47,0.09288537549407115
131,voter,no_determinants,66,0.13360323886639677
131,voter,suspicious_determinants,5,0.010121457489878543
131,voter,too_many_missing_determinants,18,0.03643724696356275
131,voter,usable_complete,287,0.5809716599190283
131,voter,usable_complete_limited_metadata,8,0.016194331983805668
131,voter,usable_partial,110,0.22267206477732793
132,abstention,no_determinants,33,0.06521739130434782
132,abstention,too_many_missing_determinants,3,0.005928853754940711
132,abstention,usable_complete,409,0.808300395256917
132,abstention,usable_complete_limited_metadata,8,0.015810276679841896
132,abstention,usable_partial,50,0.09881422924901186
132,abstention,usable_partial_limited_metadata,3,0.005928853754940711
132,voter,no_determinants,69,0.1396761133603239
132,voter,suspicious_determinants,4,0.008097165991902834
132,voter,too_many_missing_determinants,15,0.030364372469635626
132,voter,usable_complete,301,0.6093117408906883
132,voter,usable_complete_limited_metadata,4,0.008097165991902834
132,voter,usable_partial,99,0.20040485829959515
132,voter,usable_partial_limited_metadata,2,0.004048582995951417
133,abstention,no_determinants,29,0.05731225296442688
133,abstention,suspicious_determinants,1,0.001976284584980237
133,abstention,too_many_missing_determinants,5,0.009881422924901186
133,abstention,usable_complete,396,0.782608695652174
133,abstention,usable_complete_limited_metadata,20,0.039525691699604744
133,abstention,usable_partial,53,0.10474308300395258
133,abstention,usable_partial_limited_metadata,2,0.003952569169960474
133,voter,no_determinants,51,0.10323886639676114
133,voter,suspicious_determinants,2,0.004048582995951417
133,voter,too_many_missing_determinants,23,0.0465587044534413
133,voter,usable_complete,285,0.5769230769230769
133,voter,usable_complete_limited_metadata,15,0.030364372469635626
133,voter,usable_partial,117,0.23684210526315788
133,voter,usable_partial_limited_metadata,1,0.0020242914979757085
134,abstention,no_determinants,31,0.06126482213438735
134,abstention,too_many_missing_determinants,3,0.005928853754940711
134,abstention,usable_complete,398,0.7865612648221344
134,abstention,usable_complete_limited_metadata,27,0.0533596837944664
134,abstention,usable_partial,43,0.08498023715415019
134,abstention,usable_partial_limited_metadata,4,0.007905138339920948
134,voter,no_determinants,58,0.11740890688259109
134,voter,suspicious_determinants,1,0.0020242914979757085
134,voter,too_many_missing_determinants,25,0.05060728744939271
134,voter,usable_complete,285,0.5769230769230769
134,voter,usable_complete_limited_metadata,8,0.016194331983805668
134,voter,usable_partial,116,0.23481781376518218
134,voter,usable_partial_limited_metadata,1,0.0020242914979757085
135,abstention,no_determinants,27,0.0533596837944664
135,abstention,suspicious_determinants,1,0.001976284584980237
135,abstention,too_many_missing_determinants,1,0.001976284584980237
135,abstention,usable_complete,416,0.8221343873517787
135,abstention,usable_complete_limited_metadata,14,0.02766798418972332
135,abstention,usable_partial,46,0.09090909090909091
135,abstention,usable_partial_limited_metadata,1,0.001976284584980237
135,voter,no_determinants,67,0.13562753036437247
135,voter,suspicious_determinants,4,0.008097165991902834
135,voter,too_many_missing_determinants,19,0.038461538461538464
135,voter,usable_complete,291,0.5890688259109311
135,voter,usable_complete_limited_metadata,8,0.016194331983805668
135,voter,usable_partial,105,0.2125506072874494
136,abstention,no_determinants,21,0.041501976284584984
136,abstention,suspicious_determinants,1,0.001976284584980237
136,abstention,too_many_missing_determinants,2,0.003952569169960474
136,abstention,usable_complete,408,0.8063241106719368
136,abstention,usable_complete_limited_metadata,19,0.037549407114624504
136,abstention,usable_partial,52,0.10276679841897234
136,abstention,usable_partial_limited_metadata,3,0.005928853754940711
136,voter,no_determinants,68,0.13765182186234817
136,voter,suspicious_determinants,3,0.006072874493927126
136,voter,too_many_missing_determinants,15,0.030364372469635626
136,voter,usable_complete,289,0.5850202429149798
136,voter,usable_complete_limited_metadata,9,0.018218623481781375
136,voter,usable_partial,109,0.22064777327935223
136,voter,usable_partial_limited_metadata,1,0.0020242914979757085
137,abstention,no_determinants,36,0.07114624505928854
137,abstention,suspicious_determinants,1,0.001976284584980237
137,abstention,too_many_missing_determinants,4,0.007905138339920948
137,abstention,usable_complete,384,0.758893280632411
137,abstention,usable_complete_limited_metadata,30,0.05928853754940711
137,abstention,usable_partial,49,0.09683794466403162
137,abstention,usable_partial_limited_metadata,2,0.003952569169960474
137,voter,no_determinants,69,0.1396761133603239
137,voter,suspicious_determinants,3,0.006072874493927126
137,voter,too_many_missing_determinants,14,0.02834008097165992
137,voter,usable_complete,282,0.5708502024291497
137,voter,usable_complete_limited_metadata,9,0.018218623481781375
137,voter,usable_partial,117,0.23684210526315788
138,abstention,no_determinants,31,0.06126482213438735
138,abstention,too_many_missing_determinants,3,0.005928853754940711
138,abstention,usable_complete,407,0.8043478260869565
138,abstention,usable_complete_limited_metadata,22,0.043478260869565216
138,abstention,usable_partial,42,0.08300395256916997
138,abstention,usable_partial_limited_metadata,1,0.001976284584980237
138,voter,no_determinants,77,0.15587044534412955
138,voter,suspicious_determinants,2,0.004048582995951417
138,voter,too_many_missing_determinants,12,0.024291497975708502
138,voter,usable_complete,281,0.5688259109311741
138,voter,usable_complete_limited_metadata,9,0.018218623481781375
138,voter,usable_partial,113,0.22874493927125505
139,abstention,no_determinants,24,0.04743083003952569
139,abstention,suspicious_determinants,1,0.001976284584980237
139,abstention,too_many_missing_determinants,4,0.007905138339920948
139,abstention,usable_complete,408,0.8063241106719368
139,abstention,usable_complete_limited_metadata,22,0.043478260869565216
139,abstention,usable_partial,46,0.09090909090909091
139,abstention,usable_partial_limited_metadata,1,0.001976284584980237
139,voter,no_determinants,57,0.11538461538461539
139,voter,suspicious_determinants,2,0.004048582995951417
139,voter,too_many_missing_determinants,13,0.02631578947368421
139,voter,usable_complete,294,0.5951417004048583
139,voter,usable_complete_limited_metadata,12,0.024291497975708502
139,voter,usable_partial,116,0.23481781376518218
140,abstention,no_determinants,27,0.0533596837944664
140,abstention,too_many_missing_determinants,5,0.009881422924901186
140,abstention,usable_complete,401,0.7924901185770751
140,abstention,usable_complete_limited_metadata,21,0.041501976284584984
140,abstention,usable_partial,51,0.1007905138339921
140,abstention,usable_partial_limited_metadata,1,0.001976284584980237
140,voter,no_determinants,83,0.1680161943319838
140,voter,suspicious_determinants,1,0.0020242914979757085
140,voter,too_many_missing_determinants,9,0.018218623481781375
140,voter,usable_complete,291,0.5890688259109311
140,voter,usable_complete_limited_metadata,8,0.016194331983805668
140,voter,usable_partial,101,0.20445344129554655
140,voter,usable_partial_limited_metadata,1,0.0020242914979757085
141,abstention,no_determinants,35,0.0691699604743083
141,abstention,suspicious_determinants,1,0.001976284584980237
141,abstention,too_many_missing_determinants,3,0.005928853754940711
141,abstention,usable_complete,394,0.7786561264822134
141,abstention,usable_complete_limited_metadata,28,0.05533596837944664
141,abstention,usable_partial,44,0.08695652173913043
141,abstention,usable_partial_limited_metadata,1,0.001976284584980237
141,voter,no_determinants,73,0.14777327935222673
141,voter,suspicious_determinants,1,0.0020242914979757085
141,voter,too_many_missing_determinants,27,0.05465587044534413
141,voter,usable_complete,279,0.5647773279352226
141,voter,usable_complete_limited_metadata,5,0.010121457489878543
141,voter,usable_partial,109,0.22064777327935223
142,abstention,no_determinants,32,0.06324110671936758
142,abstention,too_many_missing_determinants,6,0.011857707509881422
142,abstention,usable_complete,406,0.8023715415019763
142,abstention,usable_complete_limited_metadata,16,0.03162055335968379
142,abstention,usable_partial,43,0.08498023715415019
142,abstention,usable_partial_limited_metadata,3,0.005928853754940711
142,voter,no_determinants,64,0.12955465587044535
142,voter,suspicious_determinants,4,0.008097165991902834
142,voter,too_many_missing_determinants,14,0.02834008097165992
142,voter,usable_complete,293,0.5931174089068826
142,voter,usable_complete_limited_metadata,13,0.02631578947368421
142,voter,usable_partial,106,0.2145748987854251
143,abstention,no_determinants,37,0.07312252964426877
143,abstention,suspicious_determinants,1,0.001976284584980237
143,abstention,too_many_missing_determinants,4,0.007905138339920948
143,abstention,usable_complete,402,0.7944664031620553
143,abstention,usable_complete_limited_metadata,13,0.025691699604743084
143,abstention,usable_partial,47,0.09288537549407115
143,abstention,usable_partial_limited_metadata,2,0.003952569169960474
143,voter,no_determinants,52,0.10526315789473684
143,voter,suspicious_determinants,3,0.006072874493927126
143,voter,too_many_missing_determinants,25,0.05060728744939271
143,voter,usable_complete,294,0.5951417004048583
143,voter,usable_complete_limited_metadata,12,0.024291497975708502
143,voter,usable_partial,108,0.21862348178137653
144,abstention,no_determinants,37,0.07312252964426877
144,abstention,suspicious_determinants,1,0.001976284584980237
144,abstention,too_many_missing_determinants,4,0.007905138339920948
144,abstention,usable_complete,398,0.7865612648221344
144,abstention,usable_complete_limited_metadata,19,0.037549407114624504
144,abstention,usable_partial,42,0.08300395256916997
144,abstention,usable_partial_limited_metadata,5,0.009881422924901186
144,voter,no_determinants,72,0.145748987854251
144,voter,suspicious_determinants,3,0.006072874493927126
144,voter,too_many_missing_determinants,20,0.04048582995951417
144,voter,usable_complete,285,0.5769230769230769
144,voter,usable_complete_limited_metadata,6,0.012145748987854251
144,voter,usable_partial,108,0.21862348178137653
145,abstention,no_determinants,32,0.06324110671936758
145,abstention,suspicious_determinants,1,0.001976284584980237
145,abstention,too_many_missing_determinants,9,0.017786561264822136
145,abstention,usable_complete,398,0.7865612648221344
145,abstention,usable_complete_limited_metadata,17,0.03359683794466403
145,abstention,usable_partial,44,0.08695652173913043
145,abstention,usable_partial_limited_metadata,5,0.009881422924901186
145,voter,no_determinants,77,0.15587044534412955
145,voter,suspicious_determinants,1,0.0020242914979757085
145,voter,too_many_missing_determinants,20,0.04048582995951417
145,voter,usable_complete,298,0.6032388663967612
145,voter,usable_complete_limited_metadata,6,0.012145748987854251
145,voter,usable_partial,92,0.1862348178137652
146,abstention,no_determinants,31,0.06126482213438735
146,abstention,suspicious_determinants,1,0.001976284584980237
146,abstention,too_many_missing_determinants,3,0.005928853754940711
146,abstention,usable_complete,398,0.7865612648221344
146,abstention,usable_complete_limited_metadata,15,0.029644268774703556
146,abstention,usable_partial,56,0.11067193675889328
146,abstention,usable_partial_limited_metadata,2,0.003952569169960474
146,voter,no_determinants,56,0.11336032388663968
146,voter,suspicious_determinants,2,0.004048582995951417
146,voter,too_many_missing_determinants,19,0.038461538461538464
146,voter,usable_complete,300,0.6072874493927125
146,voter,usable_complete_limited_metadata,8,0.016194331983805668
146,voter,usable_partial,109,0.22064777327935223
147,abstention,no_determinants,32,0.06324110671936758
147,abstention,suspicious_determinants,1,0.001976284584980237
147,abstention,too_many_missing_determinants,6,0.011857707509881422
147,abstention,usable_complete,401,0.7924901185770751
147,abstention,usable_complete_limited_metadata,17,0.03359683794466403
147,abstention,usable_partial,47,0.09288537549407115
147,abstention,usable_partial_limited_metadata,2,0.003952569169960474
147,voter,no_determinants,76,0.15384615384615385
147,voter,too_many_missing_determinants,23,0.0465587044534413
147,voter,usable_complete,271,0.548582995951417
147,voter,usable_complete_limited_metadata,9,0.018218623481781375
147,voter,usable_partial,115,0.23279352226720648
148,abstention,no_determinants,29,0.05731225296442688
148,abstention,suspicious_determinants,1,0.001976284584980237
148,abstention,too_many_missing_determinants,3,0.005928853754940711
148,abstention,usable_complete,390,0.7707509881422925
148,abstention,usable_complete_limited_metadata,20,0.039525691699604744
148,abstention,usable_partial,59,0.116600790513834
148,abstention,usable_partial_limited_metadata,4,0.007905138339920948
148,voter,no_determinants,74,0.14979757085020243
148,voter,suspicious_determinants,2,0.004048582995951417
148,voter,too_many_missing_determinants,21,0.04251012145748988
148,voter,usable_complete,281,0.5688259109311741
148,voter,usable_complete_limited_metadata,6,0.012145748987854251
148,voter,usable_partial,110,0.22267206477732793
149,abstention,no_determinants,37,0.07312252964426877
149,abstention,too_many_missing_determinants,5,0.009881422924901186
149,abstention,usable_complete,382,0.7549407114624506
149,abstention,usable_complete_limited_metadata,26,0.05138339920948617
149,abstention,usable_partial,54,0.1067193675889328
149,abstention,usable_partial_limited_metadata,2,0.003952569169960474
149,voter,no_determinants,74,0.14979757085020243
149,voter,suspicious_determinants,4,0.008097165991902834
149,voter,too_many_missing_determinants,15,0.030364372469635626
149,voter,usable_complete,287,0.5809716599190283
149,voter,usable_complete_limited_metadata,11,0.022267206477732792
149,voter,usable_partial,103,0.20850202429149797
150,abstention,no_determinants,33,0.06521739130434782
150,abstention,suspicious_determinants,1,0.001976284584980237
150,abstention,too_many_missing_determinants,3,0.005928853754940711
150,abstention,usable_complete,405,0.8003952569169961
150,abstention,usable_complete_limited_metadata,16,0.03162055335968379
150,abstention,usable_partial,47,0.09288537549407115
150,abstention,usable_partial_limited_metadata,1,0.001976284584980237
150,voter,no_determinants,65,0.13157894736842105
150,voter,suspicious_determinants,1,0.0020242914979757085
150,voter,too_many_missing_determinants,17,0.03441295546558704
150,voter,usable_complete,282,0.5708502024291497
150,voter,usable_complete_limited_metadata,6,0.012145748987854251
150,voter,usable_partial,123,0.24898785425101214
151,abstention,no_determinants,32,0.06324110671936758
151,abstention,too_many_missing_determinants,2,0.003952569169960474
151,abstention,usable_complete,404,0.7984189723320159
151,abstention,usable_complete_limited_metadata,14,0.02766798418972332
151,abstention,usable_partial,51,0.1007905138339921
151,abstention,usable_partial_limited_metadata,3,0.005928853754940711
151,voter,no_determinants,66,0.13360323886639677
151,voter,suspicious_determinants,1,0.0020242914979757085
151,voter,too_many_missing_determinants,11,0.022267206477732792
151,voter,usable_complete,301,0.6093117408906883
151,voter,usable_complete_limited_metadata,12,0.024291497975708502
151,voter,usable_partial,103,0.20850202429149797
152,abstention,no_determinants,33,0.06521739130434782
152,abstention,too_many_missing_determinants,7,0.01383399209486166
152,abstention,usable_complete,403,0.7964426877470355
152,abstention,usable_complete_limited_metadata,15,0.029644268774703556
152,abstention,usable_partial,45,0.08893280632411067
152,abstention,usable_partial_limited_metadata,3,0.005928853754940711
152,voter,no_determinants,73,0.14777327935222673
152,voter,suspicious_determinants,2,0.004048582995951417
152,voter,too_many_missing_determinants,13,0.02631578947368421
152,voter,usable_complete,286,0.5789473684210527
152,voter,usable_complete_limited_metadata,8,0.016194331983805668
152,voter,usable_partial,112,0.22672064777327935
153,abstention,no_determinants,32,0.06324110671936758
153,abstention,too_many_missing_determinants,4,0.007905138339920948
153,abstention,usable_complete,399,0.7885375494071146
153,abstention,usable_complete_limited_metadata,21,0.041501976284584984
153,abstention,usable_partial,47,0.09288537549407115
153,abstention,usable_partial_limited_metadata,3,0.005928853754940711
153,voter,no_determinants,73,0.14777327935222673
153,voter,suspicious_determinants,3,0.006072874493927126
153,voter,too_many_missing_determinants,16,0.032388663967611336
153,voter,usable_complete,294,0.5951417004048583
153,voter,usable_complete_limited_metadata,6,0.012145748987854251
153,voter,usable_partial,102,0.20647773279352227
154,abstention,no_determinants,37,0.07312252964426877
154,abstention,suspicious_determinants,1,0.001976284584980237
154,abstention,too_many_missing_determinants,4,0.007905138339920948
154,abstention,usable_complete,398,0.7865612648221344
154,abstention,usable_complete_limited_metadata,19,0.037549407114624504
154,abstention,usable_partial,46,0.09090909090909091
154,abstention,usable_partial_limited_metadata,1,0.001976284584980237
154,voter,no_determinants,83,0.1680161943319838
154,voter,suspicious_determinants,2,0.004048582995951417
154,voter,too_many_missing_determinants,20,0.04048582995951417
154,voter,usable_complete,270,0.5465587044534413
154,voter,usable_complete_limited_metadata,9,0.018218623481781375
154,voter,usable_partial,110,0.22267206477732793
155,abstention,no_determinants,20,0.039525691699604744
155,abstention,suspicious_determinants,1,0.001976284584980237
155,abstention,too_many_missing_determinants,3,0.005928853754940711
155,abstention,usable_complete,409,0.808300395256917
155,abstention,usable_complete_limited_metadata,19,0.037549407114624504
155,abstention,usable_partial,53,0.10474308300395258
155,abstention,usable_partial_limited_metadata,1,0.001976284584980237
155,voter,no_determinants,72,0.145748987854251
155,voter,suspicious_determinants,5,0.010121457489878543
155,voter,too_many_missing_determinants,21,0.04251012145748988
155,voter,usable_complete,280,0.5668016194331984
155,voter,usable_complete_limited_metadata,9,0.018218623481781375
155,voter,usable_partial,106,0.2145748987854251
155,voter,usable_partial_limited_metadata,1,0.0020242914979757085
156,abstention,no_determinants,31,0.06126482213438735
156,abstention,suspicious_determinants,1,0.001976284584980237
156,abstention,too_many_missing_determinants,4,0.007905138339920948
156,abstention,usable_complete,403,0.7964426877470355
156,abstention,usable_complete_limited_metadata,13,0.025691699604743084
156,abstention,usable_partial,49,0.09683794466403162
156,abstention,usable_partial_limited_metadata,5,0.009881422924901186
156,voter,no_determinants,83,0.1680161943319838
156,voter,suspicious_determinants,4,0.008097165991902834
156,voter,too_many_missing_determinants,15,0.030364372469635626
156,voter,usable_complete,274,0.5546558704453441
156,voter,usable_complete_limited_metadata,8,0.016194331983805668
156,voter,usable_partial,110,0.22267206477732793
157,abstention,no_determinants,34,0.06719367588932806
157,abstention,too_many_missing_determinants,2,0.003952569169960474
157,abstention,usable_complete,407,0.8043478260869565
157,abstention,usable_complete_limited_metadata,12,0.023715415019762844
157,abstention,usable_partial,49,0.09683794466403162
157,abstention,usable_partial_limited_metadata,2,0.003952569169960474
157,voter,no_determinants,62,0.12550607287449392
157,voter,suspicious_determinants,1,0.0020242914979757085
157,voter,too_many_missing_determinants,19,0.038461538461538464
157,voter,usable_complete,304,0.6153846153846154
157,voter,usable_complete_limited_metadata,6,0.012145748987854251
157,voter,usable_partial,102,0.20647773279352227
158,abstention,no_determinants,32,0.06324110671936758
158,abstention,suspicious_determinants,2,0.003952569169960474
158,abstention,too_many_missing_determinants,7,0.01383399209486166
158,abstention,usable_complete,401,0.7924901185770751
158,abstention,usable_complete_limited_metadata,15,0.029644268774703556
158,abstention,usable_partial,48,0.09486166007905138
158,abstention,usable_partial_limited_metadata,1,0.001976284584980237
158,voter,no_determinants,50,0.10121457489878542
158,voter,suspicious_determinants,1,0.0020242914979757085
158,voter,too_many_missing_determinants,18,0.03643724696356275
158,voter,usable_complete,298,0.6032388663967612
158,voter,usable_complete_limited_metadata,10,0.020242914979757085
158,voter,usable_partial,117,0.23684210526315788
159,abstention,no_determinants,31,0.06126482213438735
159,abstention,suspicious_determinants,2,0.003952569169960474
159,abstention,too_many_missing_determinants,3,0.005928853754940711
159,abstention,usable_complete,405,0.8003952569169961
159,abstention,usable_complete_limited_metadata,16,0.03162055335968379
159,abstention,usable_partial,45,0.08893280632411067
159,abstention,usable_partial_limited_metadata,4,0.007905138339920948
159,voter,no_determinants,67,0.13562753036437247
159,voter,suspicious_determinants,3,0.006072874493927126
159,voter,too_many_missing_determinants,21,0.04251012145748988
159,voter,usable_complete,290,0.5870445344129555
159,voter,usable_complete_limited_metadata,12,0.024291497975708502
159,voter,usable_partial,101,0.20445344129554655
160,abstention,no_determinants,31,0.06126482213438735
160,abstention,too_many_missing_determinants,7,0.01383399209486166
160,abstention,usable_complete,405,0.8003952569169961
160,abstention,usable_complete_limited_metadata,15,0.029644268774703556
160,abstention,usable_partial,44,0.08695652173913043
160,abstention,usable_partial_limited_metadata,4,0.007905138339920948
160,voter,no_determinants,76,0.15384615384615385
160,voter,suspicious_determinants,4,0.008097165991902834
160,voter,too_many_missing_determinants,20,0.04048582995951417
160,voter,usable_complete,278,0.562753036437247
160,voter,usable_complete_limited_metadata,5,0.010121457489878543
160,voter,usable_partial,110,0.22267206477732793
160,voter,usable_partial_limited_metadata,1,0.0020242914979757085
161,abstention,no_determinants,34,0.06719367588932806
161,abstention,suspicious_determinants,1,0.001976284584980237
161,abstention,too_many_missing_determinants,2,0.003952569169960474
161,abstention,usable_complete,393,0.7766798418972332
161,abstention,usable_complete_limited_metadata,23,0.045454545454545456
161,abstention,usable_partial,52,0.10276679841897234
161,abstention,usable_partial_limited_metadata,1,0.001976284584980237
161,voter,no_determinants,60,0.1214574898785425
161,voter,suspicious_determinants,2,0.004048582995951417
161,voter,too_many_missing_determinants,15,0.030364372469635626
161,voter,usable_complete,284,0.5748987854251012
161,voter,usable_complete_limited_metadata,7,0.01417004048582996
161,voter,usable_partial,124,0.25101214574898784
161,voter,usable_partial_limited_metadata,2,0.004048582995951417
162,abstention,no_determinants,42,0.08300395256916997
162,abstention,too_many_missing_determinants,3,0.005928853754940711
162,abstention,usable_complete,405,0.8003952569169961
162,abstention,usable_complete_limited_metadata,13,0.025691699604743084
162,abstention,usable_partial,40,0.07905138339920949
162,abstention,usable_partial_limited_metadata,3,0.005928853754940711
162,voter,no_determinants,74,0.14979757085020243
162,voter,suspicious_determinants,1,0.0020242914979757085
162,voter,too_many_missing_determinants,16,0.032388663967611336
162,voter,usable_complete,303,0.6133603238866396
162,voter,usable_complete_limited_metadata,5,0.010121457489878543
162,voter,usable_partial,95,0.19230769230769232
163,abstention,no_determinants,29,0.05731225296442688
163,abstention,suspicious_determinants,3,0.005928853754940711
163,abstention,too_many_missing_determinants,3,0.005928853754940711
163,abstention,usable_complete,396,0.782608695652174
163,abstention,usable_complete_limited_metadata,14,0.02766798418972332
163,abstention,usable_partial,58,0.11462450592885376
163,abstention,usable_partial_limited_metadata,3,0.005928853754940711
163,voter,no_determinants,70,0.1417004048582996
163,voter,suspicious_determinants,1,0.0020242914979757085
163,voter,too_many_missing_determinants,19,0.038461538461538464
163,voter,usable_complete,273,0.5526315789473685
163,voter,usable_complete_limited_metadata,8,0.016194331983805668
163,voter,usable_partial,123,0.24898785425101214
164,abstention,no_determinants,29,0.05731225296442688
164,abstention,suspicious_determinants,1,0.001976284584980237
164,abstention,too_many_missing_determinants,7,0.01383399209486166
164,abstention,usable_complete,399,0.7885375494071146
164,abstention,usable_complete_limited_metadata,22,0.043478260869565216
164,abstention,usable_partial,47,0.09288537549407115
164,abstention,usable_partial_limited_metadata,1,0.001976284584980237
164,voter,no_determinants,78,0.15789473684210525
164,voter,suspicious_determinants,3,0.006072874493927126
164,voter,too_many_missing_determinants,14,0.02834008097165992
164,voter,usable_complete,276,0.5587044534412956
164,voter,usable_complete_limited_metadata,12,0.024291497975708502
164,voter,usable_partial,111,0.22469635627530365
165,abstention,no_determinants,39,0.07707509881422925
165,abstention,suspicious_determinants,2,0.003952569169960474
165,abstention,too_many_missing_determinants,6,0.011857707509881422
165,abstention,usable_complete,390,0.7707509881422925
165,abstention,usable_complete_limited_metadata,14,0.02766798418972332
165,abstention,usable_partial,53,0.10474308300395258
165,abstention,usable_partial_limited_metadata,2,0.003952569169960474
165,voter,no_determinants,81,0.16396761133603238
165,voter,suspicious_determinants,6,0.012145748987854251
165,voter,too_many_missing_determinants,19,0.038461538461538464
165,voter,usable_complete,275,0.5566801619433198
165,voter,usable_complete_limited_metadata,6,0.012145748987854251
165,voter,usable_partial,107,0.2165991902834008
166,abstention,no_determinants,40,0.07905138339920949
166,abstention,suspicious_determinants,2,0.003952569169960474
166,abstention,too_many_missing_determinants,7,0.01383399209486166
166,abstention,usable_complete,387,0.7648221343873518
166,abstention,usable_complete_limited_metadata,20,0.039525691699604744
166,abstention,usable_partial,46,0.09090909090909091
166,abstention,usable_partial_limited_metadata,4,0.007905138339920948
166,voter,no_determinants,91,0.18421052631578946
166,voter,suspicious_determinants,1,0.0020242914979757085
166,voter,too_many_missing_determinants,17,0.03441295546558704
166,voter,usable_complete,268,0.5425101214574899
166,voter,usable_complete_limited_metadata,9,0.018218623481781375
166,voter,usable_partial,108,0.21862348178137653
167,abstention,no_determinants,35,0.0691699604743083
167,abstention,suspicious_determinants,2,0.003952569169960474
167,abstention,too_many_missing_determinants,2,0.003952569169960474
167,abstention,usable_complete,401,0.7924901185770751
167,abstention,usable_complete_limited_metadata,20,0.039525691699604744
167,abstention,usable_partial,44,0.08695652173913043
167,abstention,usable_partial_limited_metadata,2,0.003952569169960474
167,voter,no_determinants,89,0.18016194331983806
167,voter,too_many_missing_determinants,13,0.02631578947368421
167,voter,usable_complete,268,0.5425101214574899
167,voter,usable_complete_limited_metadata,16,0.032388663967611336
167,voter,usable_partial,108,0.21862348178137653
168,abstention,no_determinants,39,0.07707509881422925
168,abstention,suspicious_determinants,1,0.001976284584980237
168,abstention,too_many_missing_determinants,4,0.007905138339920948
168,abstention,usable_complete,395,0.7806324110671937
168,abstention,usable_complete_limited_metadata,23,0.045454545454545456
168,abstention,usable_partial,43,0.08498023715415019
168,abstention,usable_partial_limited_metadata,1,0.001976284584980237
168,voter,no_determinants,79,0.15991902834008098
168,voter,suspicious_determinants,2,0.004048582995951417
168,voter,too_many_missing_determinants,25,0.05060728744939271
168,voter,usable_complete,268,0.5425101214574899
168,voter,usable_complete_limited_metadata,7,0.01417004048582996
168,voter,usable_partial,113,0.22874493927125505
169,abstention,no_determinants,38,0.07509881422924901
169,abstention,suspicious_determinants,2,0.003952569169960474
169,abstention,too_many_missing_determinants,2,0.003952569169960474
169,abstention,usable_complete,405,0.8003952569169961
169,abstention,usable_complete_limited_metadata,13,0.025691699604743084
169,abstention,usable_partial,39,0.07707509881422925
169,abstention,usable_partial_limited_metadata,7,0.01383399209486166
169,voter,no_determinants,73,0.14777327935222673
169,voter,suspicious_determinants,1,0.0020242914979757085
169,voter,too_many_missing_determinants,14,0.02834008097165992
169,voter,usable_complete,286,0.5789473684210527
169,voter,usable_complete_limited_metadata,13,0.02631578947368421
169,voter,usable_partial,106,0.2145748987854251
169,voter,usable_partial_limited_metadata,1,0.0020242914979757085
170,abstention,no_determinants,27,0.0533596837944664
170,abstention,suspicious_determinants,1,0.001976284584980237
170,abstention,too_many_missing_determinants,6,0.011857707509881422
170,abstention,usable_complete,407,0.8043478260869565
170,abstention,usable_complete_limited_metadata,14,0.02766798418972332
170,abstention,usable_partial,49,0.09683794466403162
170,abstention,usable_partial_limited_metadata,2,0.003952569169960474
170,voter,no_determinants,76,0.15384615384615385
170,voter,suspicious_determinants,1,0.0020242914979757085
170,voter,too_many_missing_determinants,20,0.04048582995951417
170,voter,usable_complete,286,0.5789473684210527
170,voter,usable_complete_limited_metadata,10,0.020242914979757085
170,voter,usable_partial,101,0.20445344129554655
171,abstention,no_determinants,32,0.06324110671936758
171,abstention,too_many_missing_determinants,2,0.003952569169960474
171,abstention,usable_complete,406,0.8023715415019763
171,abstention,usable_complete_limited_metadata,23,0.045454545454545456
171,abstention,usable_partial,42,0.08300395256916997
171,abstention,usable_partial_limited_metadata,1,0.001976284584980237
171,voter,no_determinants,70,0.1417004048582996
171,voter,suspicious_determinants,1,0.0020242914979757085
171,voter,too_many_missing_determinants,17,0.03441295546558704
171,voter,usable_complete,281,0.5688259109311741
171,voter,usable_complete_limited_metadata,10,0.020242914979757085
171,voter,usable_partial,114,0.23076923076923078
171,voter,usable_partial_limited_metadata,1,0.0020242914979757085
172,abstention,no_determinants,31,0.06126482213438735
172,abstention,suspicious_determinants,2,0.003952569169960474
172,abstention,too_many_missing_determinants,5,0.009881422924901186
172,abstention,usable_complete,400,0.7905138339920948
172,abstention,usable_complete_limited_metadata,19,0.037549407114624504
172,abstention,usable_partial,47,0.09288537549407115
172,abstention,usable_partial_limited_metadata,2,0.003952569169960474
172,voter,no_determinants,60,0.1214574898785425
172,voter,suspicious_determinants,3,0.006072874493927126
172,voter,too_many_missing_determinants,13,0.02631578947368421
172,voter,usable_complete,284,0.5748987854251012
172,voter,usable_complete_limited_metadata,11,0.022267206477732792
172,voter,usable_partial,123,0.24898785425101214
173,abstention,no_determinants,22,0.043478260869565216
173,abstention,suspicious_determinants,1,0.001976284584980237
173,abstention,too_many_missing_determinants,3,0.005928853754940711
173,abstention,usable_complete,428,0.8458498023715415
173,abstention,usable_complete_limited_metadata,16,0.03162055335968379
173,abstention,usable_partial,34,0.06719367588932806
173,abstention,usable_partial_limited_metadata,2,0.003952569169960474
173,voter,no_determinants,75,0.15182186234817813
173,voter,suspicious_determinants,6,0.012145748987854251
173,voter,too_many_missing_determinants,13,0.02631578947368421
173,voter,usable_complete,293,0.5931174089068826
173,voter,usable_complete_limited_metadata,10,0.020242914979757085
173,voter,usable_partial,97,0.19635627530364372
174,abstention,no_determinants,32,0.06324110671936758
174,abstention,suspicious_determinants,2,0.003952569169960474
174,abstention,too_many_missing_determinants,7,0.01383399209486166
174,abstention,usable_complete,391,0.7727272727272727
174,abstention,usable_complete_limited_metadata,15,0.029644268774703556
174,abstention,usable_partial,55,0.10869565217391304
174,abstention,usable_partial_limited_metadata,4,0.007905138339920948
174,voter,no_determinants,74,0.14979757085020243
174,voter,suspicious_determinants,2,0.004048582995951417
174,voter,too_many_missing_determinants,14,0.02834008097165992
174,voter,usable_complete,293,0.5931174089068826
174,voter,usable_complete_limited_metadata,9,0.018218623481781375
174,voter,usable_partial,102,0.20647773279352227
175,abstention,no_determinants,29,0.05731225296442688
175,abstention,too_many_missing_determinants,2,0.003952569169960474
175,abstention,usable_complete,397,0.7845849802371542
175,abstention,usable_complete_limited_metadata,22,0.043478260869565216
175,abstention,usable_partial,52,0.10276679841897234
175,abstention,usable_partial_limited_metadata,4,0.007905138339920948
175,voter,no_determinants,69,0.1396761133603239
175,voter,suspicious_determinants,2,0.004048582995951417
175,voter,too_many_missing_determinants,18,0.03643724696356275
175,voter,usable_complete,294,0.5951417004048583
175,voter,usable_complete_limited_metadata,6,0.012145748987854251
175,voter,usable_partial,105,0.2125506072874494
176,abstention,no_determinants,27,0.0533596837944664
176,abstention,suspicious_determinants,1,0.001976284584980237
176,abstention,too_many_missing_determinants,8,0.015810276679841896
176,abstention,usable_complete,398,0.7865612648221344
176,abstention,usable_complete_limited_metadata,26,0.05138339920948617
176,abstention,usable_partial,42,0.08300395256916997
176,abstention,usable_partial_limited_metadata,4,0.007905138339920948
176,voter,no_determinants,68,0.13765182186234817
176,voter,suspicious_determinants,3,0.006072874493927126
176,voter,too_many_missing_determinants,18,0.03643724696356275
176,voter,usable_complete,298,0.6032388663967612
176,voter,usable_complete_limited_metadata,7,0.01417004048582996
176,voter,usable_partial,100,0.20242914979757085
177,abstention,no_determinants,36,0.07114624505928854
177,abstention,suspicious_determinants,2,0.003952569169960474
177,abstention,too_many_missing_determinants,2,0.003952569169960474
177,abstention,usable_complete,399,0.7885375494071146
177,abstention,usable_complete_limited_metadata,17,0.03359683794466403
177,abstention,usable_partial,49,0.09683794466403162
177,abstention,usable_partial_limited_metadata,1,0.001976284584980237
177,voter,no_determinants,73,0.14777327935222673
177,voter,suspicious_determinants,5,0.010121457489878543
177,voter,too_many_missing_determinants,11,0.022267206477732792
177,voter,usable_complete,270,0.5465587044534413
177,voter,usable_complete_limited_metadata,7,0.01417004048582996
177,voter,usable_partial,128,0.2591093117408907
178,abstention,no_determinants,36,0.07114624505928854
178,abstention,too_many_missing_determinants,3,0.005928853754940711
178,abstention,usable_complete,399,0.7885375494071146
178,abstention,usable_complete_limited_metadata,15,0.029644268774703556
178,abstention,usable_partial,47,0.09288537549407115
178,abstention,usable_partial_limited_metadata,6,0.011857707509881422
178,voter,no_determinants,70,0.1417004048582996
178,voter,suspicious_determinants,2,0.004048582995951417
178,voter,too_many_missing_determinants,20,0.04048582995951417
178,voter,usable_complete,279,0.5647773279352226
178,voter,usable_complete_limited_metadata,14,0.02834008097165992
178,voter,usable_partial,108,0.21862348178137653
178,voter,usable_partial_limited_metadata,1,0.0020242914979757085
179,abstention,no_determinants,37,0.07312252964426877
179,abstention,suspicious_determinants,1,0.001976284584980237
179,abstention,too_many_missing_determinants,4,0.007905138339920948
179,abstention,usable_complete,394,0.7786561264822134
179,abstention,usable_complete_limited_metadata,16,0.03162055335968379
179,abstention,usable_partial,53,0.10474308300395258
179,abstention,usable_partial_limited_metadata,1,0.001976284584980237
179,voter,no_determinants,71,0.1437246963562753
179,voter,suspicious_determinants,2,0.004048582995951417
179,voter,too_many_missing_determinants,22,0.044534412955465584
179,voter,usable_complete,266,0.5384615384615384
179,voter,usable_complete_limited_metadata,9,0.018218623481781375
179,voter,usable_partial,124,0.25101214574898784
180,abstention,no_determinants,36,0.07114624505928854
180,abstention,too_many_missing_determinants,4,0.007905138339920948
180,abstention,usable_complete,400,0.7905138339920948
180,abstention,usable_complete_limited_metadata,16,0.03162055335968379
180,abstention,usable_partial,44,0.08695652173913043
180,abstention,usable_partial_limited_metadata,6,0.011857707509881422
180,voter,no_determinants,71,0.1437246963562753
180,voter,suspicious_determinants,3,0.006072874493927126
180,voter,too_many_missing_determinants,17,0.03441295546558704
180,voter,usable_complete,295,0.597165991902834
180,voter,usable_complete_limited_metadata,9,0.018218623481781375
180,voter,usable_partial,98,0.19838056680161945
180,voter,usable_partial_limited_metadata,1,0.0020242914979757085
181,abstention,no_determinants,28,0.05533596837944664
181,abstention,suspicious_determinants,2,0.003952569169960474
181,abstention,too_many_missing_determinants,6,0.011857707509881422
181,abstention,usable_complete,407,0.8043478260869565
181,abstention,usable_complete_limited_metadata,17,0.03359683794466403
181,abstention,usable_partial,44,0.08695652173913043
181,abstention,usable_partial_limited_metadata,2,0.003952569169960474
181,voter,no_determinants,80,0.16194331983805668
181,voter,suspicious_determinants,3,0.006072874493927126
181,voter,too_many_missing_determinants,21,0.04251012145748988
181,voter,usable_complete,268,0.5425101214574899
181,voter,usable_complete_limited_metadata,9,0.018218623481781375
181,voter,usable_partial,113,0.22874493927125505
182,abstention,no_determinants,37,0.07312252964426877
182,abstention,suspicious_determinants,1,0.001976284584980237
182,abstention,too_many_missing_determinants,8,0.015810276679841896
182,abstention,usable_complete,391,0.7727272727272727
182,abstention,usable_complete_limited_metadata,16,0.03162055335968379
182,abstention,usable_partial,48,0.09486166007905138
182,abstention,usable_partial_limited_metadata,5,0.009881422924901186
182,voter,no_determinants,75,0.15182186234817813
182,voter,suspicious_determinants,6,0.012145748987854251
182,voter,too_many_missing_determinants,15,0.030364372469635626
182,voter,usable_complete,288,0.582995951417004
182,voter,usable_complete_limited_metadata,9,0.018218623481781375
182,voter,usable_partial,100,0.20242914979757085
182,voter,usable_partial_limited_metadata,1,0.0020242914979757085
183,abstention,no_determinants,33,0.06521739130434782
183,abstention,suspicious_determinants,1,0.001976284584980237
183,abstention,too_many_missing_determinants,2,0.003952569169960474
183,abstention,usable_complete,405,0.8003952569169961
183,abstention,usable_complete_limited_metadata,19,0.037549407114624504
183,abstention,usable_partial,43,0.08498023715415019
183,abstention,usable_partial_limited_metadata,3,0.005928853754940711
183,voter,no_determinants,60,0.1214574898785425
183,voter,suspicious_determinants,2,0.004048582995951417
183,voter,too_many_missing_determinants,17,0.03441295546558704
183,voter,usable_complete,273,0.5526315789473685
183,voter,usable_complete_limited_metadata,11,0.022267206477732792
183,voter,usable_partial,131,0.2651821862348178
184,abstention,no_determinants,37,0.07312252964426877
184,abstention,suspicious_determinants,3,0.005928853754940711
184,abstention,too_many_missing_determinants,6,0.011857707509881422
184,abstention,usable_complete,391,0.7727272727272727
184,abstention,usable_complete_limited_metadata,16,0.03162055335968379
184,abstention,usable_partial,51,0.1007905138339921
184,abstention,usable_partial_limited_metadata,2,0.003952569169960474
184,voter,no_determinants,65,0.13157894736842105
184,voter,suspicious_determinants,4,0.008097165991902834
184,voter,too_many_missing_determinants,20,0.04048582995951417
184,voter,usable_complete,285,0.5769230769230769
184,voter,usable_complete_limited_metadata,11,0.022267206477732792
184,voter,usable_partial,109,0.22064777327935223
185,abstention,no_determinants,29,0.05731225296442688
185,abstention,suspicious_determinants,3,0.005928853754940711
185,abstention,too_many_missing_determinants,7,0.01383399209486166
185,abstention,usable_complete,398,0.7865612648221344
185,abstention,usable_complete_limited_metadata,23,0.045454545454545456
185,abstention,usable_partial,43,0.08498023715415019
185,abstention,usable_partial_limited_metadata,3,0.005928853754940711
185,voter,no_determinants,75,0.15182186234817813
185,voter,suspicious_determinants,2,0.004048582995951417
185,voter,too_many_missing_determinants,13,0.02631578947368421
185,voter,usable_complete,275,0.5566801619433198
185,voter,usable_complete_limited_metadata,12,0.024291497975708502
185,voter,usable_partial,117,0.23684210526315788
186,abstention,no_determinants,29,0.05731225296442688
186,abstention,suspicious_determinants,2,0.003952569169960474
186,abstention,too_many_missing_determinants,3,0.005928853754940711
186,abstention,usable_complete,405,0.8003952569169961
186,abstention,usable_complete_limited_metadata,16,0.03162055335968379
186,abstention,usable_partial,49,0.09683794466403162
186,abstention,usable_partial_limited_metadata,2,0.003952569169960474
186,voter,no_determinants,68,0.13765182186234817
186,voter,suspicious_determinants,2,0.004048582995951417
186,voter,too_many_missing_determinants,13,0.02631578947368421
186,voter,usable_complete,292,0.5910931174089069
186,voter,usable_complete_limited_metadata,13,0.02631578947368421
186,voter,usable_partial,106,0.2145748987854251
187,abstention,no_determinants,34,0.06719367588932806
187,abstention,suspicious_determinants,2,0.003952569169960474
187,abstention,too_many_missing_determinants,4,0.007905138339920948
187,abstention,usable_complete,383,0.7569169960474308
187,abstention,usable_complete_limited_metadata,18,0.03557312252964427
187,abstention,usable_partial,60,0.11857707509881422
187,abstention,usable_partial_limited_metadata,5,0.009881422924901186
187,voter,no_determinants,63,0.12753036437246965
187,voter,suspicious_determinants,1,0.0020242914979757085
187,voter,too_many_missing_determinants,18,0.03643724696356275
187,voter,usable_complete,285,0.5769230769230769
187,voter,usable_complete_limited_metadata,12,0.024291497975708502
187,voter,usable_partial,115,0.23279352226720648
188,abstention,no_determinants,39,0.07707509881422925
188,abstention,suspicious_determinants,1,0.001976284584980237
188,abstention,too_many_missing_determinants,5,0.009881422924901186
188,abstention,usable_complete,392,0.7747035573122529
188,abstention,usable_complete_limited_metadata,20,0.039525691699604744
188,abstention,usable_partial,44,0.08695652173913043
188,abstention,usable_partial_limited_metadata,5,0.009881422924901186
188,voter,no_determinants,63,0.12753036437246965
188,voter,suspicious_determinants,2,0.004048582995951417
188,voter,too_many_missing_determinants,16,0.032388663967611336
188,voter,usable_complete,293,0.5931174089068826
188,voter,usable_complete_limited_metadata,10,0.020242914979757085
188,voter,usable_partial,110,0.22267206477732793
189,abstention,no_determinants,36,0.07114624505928854
189,abstention,suspicious_determinants,1,0.001976284584980237
189,abstention,too_many_missing_determinants,3,0.005928853754940711
189,abstention,usable_complete,394,0.7786561264822134
189,abstention,usable_complete_limited_metadata,20,0.039525691699604744
189,abstention,usable_partial,48,0.09486166007905138
189,abstention,usable_partial_limited_metadata,4,0.007905138339920948
189,voter,no_determinants,84,0.1700404858299595
189,voter,suspicious_determinants,2,0.004048582995951417
189,voter,too_many_missing_determinants,21,0.04251012145748988
189,voter,usable_complete,264,0.5344129554655871
189,voter,usable_complete_limited_metadata,11,0.022267206477732792
189,voter,usable_partial,112,0.22672064777327935
190,abstention,no_determinants,23,0.045454545454545456
190,abstention,suspicious_determinants,1,0.001976284584980237
190,abstention,too_many_missing_determinants,6,0.011857707509881422
190,abstention,usable_complete,413,0.8162055335968379
190,abstention,usable_complete_limited_metadata,21,0.041501976284584984
190,abstention,usable_partial,40,0.07905138339920949
190,abstention,usable_partial_limited_metadata,2,0.003952569169960474
190,voter,no_determinants,82,0.1659919028340081
190,voter,suspicious_determinants,1,0.0020242914979757085
190,voter,too_many_missing_determinants,17,0.03441295546558704
190,voter,usable_complete,291,0.5890688259109311
190,voter,usable_complete_limited_metadata,8,0.016194331983805668
190,voter,usable_partial,93,0.1882591093117409
190,voter,usable_partial_limited_metadata,2,0.004048582995951417
191,abstention,no_determinants,44,0.08695652173913043
191,abstention,suspicious_determinants,1,0.001976284584980237
191,abstention,too_many_missing_determinants,8,0.015810276679841896
191,abstention,usable_complete,390,0.7707509881422925
191,abstention,usable_complete_limited_metadata,15,0.029644268774703556
191,abstention,usable_partial,45,0.08893280632411067
191,abstention,usable_partial_limited_metadata,3,0.005928853754940711
191,voter,no_determinants,73,0.14777327935222673
191,voter,suspicious_determinants,5,0.010121457489878543
191,voter,too_many_missing_determinants,17,0.03441295546558704
191,voter,usable_complete,287,0.5809716599190283
191,voter,usable_complete_limited_metadata,13,0.02631578947368421
191,voter,usable_partial,98,0.19838056680161945
191,voter,usable_partial_limited_metadata,1,0.0020242914979757085
192,abstention,no_determinants,35,0.0691699604743083
192,abstention,suspicious_determinants,1,0.001976284584980237
192,abstention,too_many_missing_determinants,5,0.009881422924901186
192,abstention,usable_complete,401,0.7924901185770751
192,abstention,usable_complete_limited_metadata,19,0.037549407114624504
192,abstention,usable_partial,43,0.08498023715415019
192,abstention,usable_partial_limited_metadata,2,0.003952569169960474
192,voter,no_determinants,66,0.13360323886639677
192,voter,suspicious_determinants,1,0.0020242914979757085
192,voter,too_many_missing_determinants,15,0.030364372469635626
192,voter,usable_complete,293,0.5931174089068826
192,voter,usable_complete_limited_metadata,17,0.03441295546558704
192,voter,usable_partial,102,0.20647773279352227
193,abstention,no_determinants,28,0.05533596837944664
193,abstention,too_many_missing_determinants,3,0.005928853754940711
193,abstention,usable_complete,419,0.8280632411067194
193,abstention,usable_complete_limited_metadata,10,0.019762845849802372
193,abstention,usable_partial,45,0.08893280632411067
193,abstention,usable_partial_limited_metadata,1,0.001976284584980237
193,voter,no_determinants,65,0.13157894736842105
193,voter,suspicious_determinants,4,0.008097165991902834
193,voter,too_many_missing_determinants,18,0.03643724696356275
193,voter,usable_complete,298,0.6032388663967612
193,voter,usable_complete_limited_metadata,7,0.01417004048582996
193,voter,usable_partial,102,0.20647773279352227
194,abstention,no_determinants,37,0.07312252964426877
194,abstention,suspicious_determinants,3,0.005928853754940711
194,abstention,too_many_missing_determinants,4,0.007905138339920948
194,abstention,usable_complete,392,0.7747035573122529
194,abstention,usable_complete_limited_metadata,20,0.039525691699604744
194,abstention,usable_partial,47,0.09288537549407115
194,abstention,usable_partial_limited_metadata,3,0.005928853754940711
194,voter,no_determinants,55,0.11133603238866396
194,voter,suspicious_determinants,2,0.004048582995951417
194,voter,too_many_missing_determinants,19,0.038461538461538464
194,voter,usable_complete,297,0.6012145748987854
194,voter,usable_complete_limited_metadata,9,0.018218623481781375
194,voter,usable_partial,112,0.22672064777327935
195,abstention,no_determinants,31,0.06126482213438735
195,abstention,too_many_missing_determinants,7,0.01383399209486166
195,abstention,usable_complete,398,0.7865612648221344
195,abstention,usable_complete_limited_metadata,18,0.03557312252964427
195,abstention,usable_partial,48,0.09486166007905138
195,abstention,usable_partial_limited_metadata,4,0.007905138339920948
195,voter,no_determinants,75,0.15182186234817813
195,voter,suspicious_determinants,2,0.004048582995951417
195,voter,too_many_missing_determinants,20,0.04048582995951417
195,voter,usable_complete,290,0.5870445344129555
195,voter,usable_complete_limited_metadata,10,0.020242914979757085
195,voter,usable_partial,97,0.19635627530364372
196,abstention,no_determinants,41,0.08102766798418973
196,abstention,suspicious_determinants,1,0.001976284584980237
196,abstention,usable_complete,392,0.7747035573122529
196,abstention,usable_complete_limited_metadata,16,0.03162055335968379
196,abstention,usable_partial,52,0.10276679841897234
196,abstention,usable_partial_limited_metadata,4,0.007905138339920948
196,voter,no_determinants,72,0.145748987854251
196,voter,suspicious_determinants,4,0.008097165991902834
196,voter,too_many_missing_determinants,7,0.01417004048582996
196,voter,usable_complete,281,0.5688259109311741
196,voter,usable_complete_limited_metadata,4,0.008097165991902834
196,voter,usable_partial,124,0.25101214574898784
196,voter,usable_partial_limited_metadata,2,0.004048582995951417
197,abstention,no_determinants,29,0.05731225296442688
197,abstention,suspicious_determinants,3,0.005928853754940711
197,abstention,too_many_missing_determinants,5,0.009881422924901186
197,abstention,usable_complete,407,0.8043478260869565
197,abstention,usable_complete_limited_metadata,15,0.029644268774703556
197,abstention,usable_partial,45,0.08893280632411067
197,abstention,usable_partial_limited_metadata,2,0.003952569169960474
197,voter,no_determinants,64,0.12955465587044535
197,voter,suspicious_determinants,2,0.004048582995951417
197,voter,too_many_missing_determinants,19,0.038461538461538464
197,voter,usable_complete,307,0.6214574898785425
197,voter,usable_complete_limited_metadata,2,0.004048582995951417
197,voter,usable_partial,100,0.20242914979757085
198,abstention,no_determinants,36,0.07114624505928854
198,abstention,too_many_missing_determinants,3,0.005928853754940711
198,abstention,usable_complete,408,0.8063241106719368
198,abstention,usable_complete_limited_metadata,20,0.039525691699604744
198,abstention,usable_partial,39,0.07707509881422925
198,voter,no_determinants,62,0.12550607287449392
198,voter,suspicious_determinants,6,0.012145748987854251
198,voter,too_many_missing_determinants,6,0.012145748987854251
198,voter,usable_complete,307,0.6214574898785425
198,voter,usable_complete_limited_metadata,11,0.022267206477732792
198,voter,usable_partial,102,0.20647773279352227
199,abstention,no_determinants,30,0.05928853754940711
199,abstention,suspicious_determinants,2,0.003952569169960474
199,abstention,too_many_missing_determinants,2,0.003952569169960474
199,abstention,usable_complete,406,0.8023715415019763
199,abstention,usable_complete_limited_metadata,18,0.03557312252964427
199,abstention,usable_partial,47,0.09288537549407115
199,abstention,usable_partial_limited_metadata,1,0.001976284584980237
199,voter,no_determinants,82,0.1659919028340081
199,voter,suspicious_determinants,3,0.006072874493927126
199,voter,too_many_missing_determinants,19,0.038461538461538464
199,voter,usable_complete,272,0.5506072874493927
199,voter,usable_complete_limited_metadata,10,0.020242914979757085
199,voter,usable_partial,108,0.21862348178137653
200,abstention,no_determinants,41,0.08102766798418973
200,abstention,usable_complete,388,0.766798418972332
200,abstention,usable_complete_limited_metadata,21,0.041501976284584984
200,abstention,usable_partial,53,0.10474308300395258
200,abstention,usable_partial_limited_metadata,3,0.005928853754940711
200,voter,no_determinants,86,0.17408906882591094
200,voter,suspicious_determinants,2,0.004048582995951417
200,voter,too_many_missing_determinants,16,0.032388663967611336
200,voter,usable_complete,266,0.5384615384615384
200,voter,usable_complete_limited_metadata,8,0.016194331983805668
200,voter,usable_partial,116,0.23481781376518218
201,abstention,no_determinants,34,0.06719367588932806
201,abstention,too_many_missing_determinants,6,0.011857707509881422
201,abstention,usable_complete,396,0.782608695652174
201,abstention,usable_complete_limited_metadata,16,0.03162055335968379
201,abstention,usable_partial,51,0.1007905138339921
201,abstention,usable_partial_limited_metadata,3,0.005928853754940711
201,voter,no_determinants,81,0.16396761133603238
201,voter,suspicious_determinants,5,0.010121457489878543
201,voter,too_many_missing_determinants,17,0.03441295546558704
201,voter,usable_complete,279,0.5647773279352226
201,voter,usable_complete_limited_metadata,9,0.018218623481781375
201,voter,usable_partial,103,0.20850202429149797
202,abstention,no_determinants,37,0.07312252964426877
202,abstention,too_many_missing_determinants,4,0.007905138339920948
202,abstention,usable_complete,400,0.7905138339920948
202,abstention,usable_complete_limited_metadata,13,0.025691699604743084
202,abstention,usable_partial,48,0.09486166007905138
202,abstention,usable_partial_limited_metadata,4,0.007905138339920948
202,voter,no_determinants,77,0.15587044534412955
202,voter,suspicious_determinants,1,0.0020242914979757085
202,voter,too_many_missing_determinants,13,0.02631578947368421
202,voter,usable_complete,284,0.5748987854251012
202,voter,usable_complete_limited_metadata,6,0.012145748987854251
202,voter,usable_partial,112,0.22672064777327935
202,voter,usable_partial_limited_metadata,1,0.0020242914979757085
203,abstention,no_determinants,41,0.08102766798418973
203,abstention,suspicious_determinants,2,0.003952569169960474
203,abstention,too_many_missing_determinants,9,0.017786561264822136
203,abstention,usable_complete,389,0.7687747035573123
203,abstention,usable_complete_limited_metadata,9,0.017786561264822136
203,abstention,usable_partial,54,0.1067193675889328
203,abstention,usable_partial_limited_metadata,2,0.003952569169960474
203,voter,no_determinants,80,0.16194331983805668
203,voter,suspicious_determinants,4,0.008097165991902834
203,voter,too_many_missing_determinants,17,0.03441295546558704
203,voter,usable_complete,289,0.5850202429149798
203,voter,usable_complete_limited_metadata,7,0.01417004048582996
203,voter,usable_partial,97,0.19635627530364372
204,abstention,no_determinants,35,0.0691699604743083
204,abstention,too_many_missing_determinants,3,0.005928853754940711
204,abstention,usable_complete,400,0.7905138339920948
204,abstention,usable_complete_limited_metadata,29,0.05731225296442688
204,abstention,usable_partial,38,0.07509881422924901
204,abstention,usable_partial_limited_metadata,1,0.001976284584980237
204,voter,no_determinants,85,0.1720647773279352
204,voter,suspicious_determinants,3,0.006072874493927126
204,voter,too_many_missing_determinants,17,0.03441295546558704
204,voter,usable_complete,275,0.5566801619433198
204,voter,usable_complete_limited_metadata,14,0.02834008097165992
204,voter,usable_partial,100,0.20242914979757085
205,abstention,no_determinants,26,0.05138339920948617
205,abstention,too_many_missing_determinants,3,0.005928853754940711
205,abstention,usable_complete,403,0.7964426877470355
205,abstention,usable_complete_limited_metadata,25,0.04940711462450593
205,abstention,usable_partial,46,0.09090909090909091
205,abstention,usable_partial_limited_metadata,3,0.005928853754940711
205,voter,no_determinants,65,0.13157894736842105
205,voter,suspicious_determinants,6,0.012145748987854251
205,voter,too_many_missing_determinants,21,0.04251012145748988
205,voter,usable_complete,289,0.5850202429149798
205,voter,usable_complete_limited_metadata,12,0.024291497975708502
205,voter,usable_partial,101,0.20445344129554655
206,abstention,no_determinants,22,0.043478260869565216
206,abstention,too_many_missing_determinants,8,0.015810276679841896
206,abstention,usable_complete,410,0.8102766798418972
206,abstention,usable_complete_limited_metadata,16,0.03162055335968379
206,abstention,usable_partial,49,0.09683794466403162
206,abstention,usable_partial_limited_metadata,1,0.001976284584980237
206,voter,no_determinants,59,0.1194331983805668
206,voter,suspicious_determinants,3,0.006072874493927126
206,voter,too_many_missing_determinants,17,0.03441295546558704
206,voter,usable_complete,292,0.5910931174089069
206,voter,usable_complete_limited_metadata,6,0.012145748987854251
206,voter,usable_partial,116,0.23481781376518218
206,voter,usable_partial_limited_metadata,1,0.0020242914979757085
207,abstention,no_determinants,36,0.07114624505928854
207,abstention,suspicious_determinants,2,0.003952569169960474
207,abstention,too_many_missing_determinants,4,0.007905138339920948
207,abstention,usable_complete,404,0.7984189723320159
207,abstention,usable_complete_limited_metadata,13,0.025691699604743084
207,abstention,usable_partial,46,0.09090909090909091
207,abstention,usable_partial_limited_metadata,1,0.001976284584980237
207,voter,no_determinants,64,0.12955465587044535
207,voter,suspicious_determinants,2,0.004048582995951417
207,voter,too_many_missing_determinants,15,0.030364372469635626
207,voter,usable_complete,281,0.5688259109311741
207,voter,usable_complete_limited_metadata,17,0.03441295546558704
207,voter,usable_partial,115,0.23279352226720648
208,abstention,no_determinants,22,0.043478260869565216
208,abstention,too_many_missing_determinants,7,0.01383399209486166
208,abstention,usable_complete,397,0.7845849802371542
208,abstention,usable_complete_limited_metadata,24,0.04743083003952569
208,abstention,usable_partial,55,0.10869565217391304
208,abstention,usable_partial_limited_metadata,1,0.001976284584980237
208,voter,no_determinants,74,0.14979757085020243
208,voter,suspicious_determinants,6,0.012145748987854251
208,voter,too_many_missing_determinants,20,0.04048582995951417
208,voter,usable_complete,282,0.5708502024291497
208,voter,usable_complete_limited_metadata,5,0.010121457489878543
208,voter,usable_partial,107,0.2165991902834008
209,abstention,no_determinants,35,0.0691699604743083
209,abstention,suspicious_determinants,1,0.001976284584980237
209,abstention,too_many_missing_determinants,2,0.003952569169960474
209,abstention,usable_complete,403,0.7964426877470355
209,abstention,usable_complete_limited_metadata,17,0.03359683794466403
209,abstention,usable_partial,44,0.08695652173913043
209,abstention,usable_partial_limited_metadata,4,0.007905138339920948
209,voter,no_determinants,63,0.12753036437246965
209,voter,suspicious_determinants,3,0.006072874493927126
209,voter,too_many_missing_determinants,21,0.04251012145748988
209,voter,usable_complete,284,0.5748987854251012
209,voter,usable_complete_limited_metadata,7,0.01417004048582996
209,voter,usable_partial,116,0.23481781376518218
210,abstention,no_determinants,29,0.05731225296442688
210,abstention,too_many_missing_determinants,6,0.011857707509881422
210,abstention,usable_complete,402,0.7944664031620553
210,abstention,usable_complete_limited_metadata,14,0.02766798418972332
210,abstention,usable_partial,52,0.10276679841897234
210,abstention,usable_partial_limited_metadata,3,0.005928853754940711
210,voter,no_determinants,68,0.13765182186234817
210,voter,suspicious_determinants,4,0.008097165991902834
210,voter,too_many_missing_determinants,15,0.030364372469635626
210,voter,usable_complete,286,0.5789473684210527
210,voter,usable_complete_limited_metadata,7,0.01417004048582996
210,voter,usable_partial,113,0.22874493927125505
210,voter,usable_partial_limited_metadata,1,0.0020242914979757085
211,abstention,no_determinants,25,0.04940711462450593
211,abstention,suspicious_determinants,1,0.001976284584980237
211,abstention,too_many_missing_determinants,5,0.009881422924901186
211,abstention,usable_complete,404,0.7984189723320159
211,abstention,usable_complete_limited_metadata,13,0.025691699604743084
211,abstention,usable_partial,53,0.10474308300395258
211,abstention,usable_partial_limited_metadata,5,0.009881422924901186
211,voter,no_determinants,59,0.1194331983805668
211,voter,suspicious_determinants,5,0.010121457489878543
211,voter,too_many_missing_determinants,20,0.04048582995951417
211,voter,usable_complete,287,0.5809716599190283
211,voter,usable_complete_limited_metadata,8,0.016194331983805668
211,voter,usable_partial,115,0.23279352226720648
212,abstention,no_determinants,39,0.07707509881422925
212,abstention,too_many_missing_determinants,7,0.01383399209486166
212,abstention,usable_complete,387,0.7648221343873518
212,abstention,usable_complete_limited_metadata,17,0.03359683794466403
212,abstention,usable_partial,54,0.1067193675889328
212,abstention,usable_partial_limited_metadata,2,0.003952569169960474
212,voter,no_determinants,78,0.15789473684210525
212,voter,suspicious_determinants,2,0.004048582995951417
212,voter,too_many_missing_determinants,15,0.030364372469635626
212,voter,usable_complete,290,0.5870445344129555
212,voter,usable_complete_limited_metadata,9,0.018218623481781375
212,voter,usable_partial,100,0.20242914979757085
213,abstention,no_determinants,25,0.04940711462450593
213,abstention,suspicious_determinants,1,0.001976284584980237
213,abstention,too_many_missing_determinants,3,0.005928853754940711
213,abstention,usable_complete,407,0.8043478260869565
213,abstention,usable_complete_limited_metadata,21,0.041501976284584984
213,abstention,usable_partial,46,0.09090909090909091
213,abstention,usable_partial_limited_metadata,3,0.005928853754940711
213,voter,no_determinants,74,0.14979757085020243
213,voter,suspicious_determinants,1,0.0020242914979757085
213,voter,too_many_missing_determinants,14,0.02834008097165992
213,voter,usable_complete,279,0.5647773279352226
213,voter,usable_complete_limited_metadata,11,0.022267206477732792
213,voter,usable_partial,115,0.23279352226720648
214,abstention,no_determinants,32,0.06324110671936758
214,abstention,too_many_missing_determinants,8,0.015810276679841896
214,abstention,usable_complete,401,0.7924901185770751
214,abstention,usable_complete_limited_metadata,14,0.02766798418972332
214,abstention,usable_partial,46,0.09090909090909091
214,abstention,usable_partial_limited_metadata,5,0.009881422924901186
214,voter,no_determinants,72,0.145748987854251
214,voter,suspicious_determinants,6,0.012145748987854251
214,voter,too_many_missing_determinants,14,0.02834008097165992
214,voter,usable_complete,294,0.5951417004048583
214,voter,usable_complete_limited_metadata,10,0.020242914979757085
214,voter,usable_partial,98,0.19838056680161945
215,abstention,no_determinants,28,0.05533596837944664
215,abstention,too_many_missing_determinants,3,0.005928853754940711
215,abstention,usable_complete,412,0.8142292490118577
215,abstention,usable_complete_limited_metadata,16,0.03162055335968379
215,abstention,usable_partial,47,0.09288537549407115
215,voter,no_determinants,73,0.14777327935222673
215,voter,suspicious_determinants,5,0.010121457489878543
215,voter,too_many_missing_determinants,17,0.03441295546558704
215,voter,usable_complete,275,0.5566801619433198
215,voter,usable_complete_limited_metadata,10,0.020242914979757085
215,voter,usable_partial,114,0.23076923076923078
216,abstention,no_determinants,39,0.07707509881422925
216,abstention,suspicious_determinants,2,0.003952569169960474
216,abstention,too_many_missing_determinants,5,0.009881422924901186
216,abstention,usable_complete,390,0.7707509881422925
216,abstention,usable_complete_limited_metadata,15,0.029644268774703556
216,abstention,usable_partial,53,0.10474308300395258
216,abstention,usable_partial_limited_metadata,2,0.003952569169960474
216,voter,no_determinants,54,0.10931174089068826
216,voter,suspicious_determinants,2,0.004048582995951417
216,voter,too_many_missing_determinants,17,0.03441295546558704
216,voter,usable_complete,299,0.6052631578947368
216,voter,usable_complete_limited_metadata,11,0.022267206477732792
216,voter,usable_partial,111,0.22469635627530365
217,abstention,no_determinants,34,0.06719367588932806
217,abstention,too_many_missing_determinants,4,0.007905138339920948
217,abstention,usable_complete,394,0.7786561264822134
217,abstention,usable_complete_limited_metadata,21,0.041501976284584984
217,abstention,usable_partial,51,0.1007905138339921
217,abstention,usable_partial_limited_metadata,2,0.003952569169960474
217,voter,no_determinants,58,0.11740890688259109
217,voter,suspicious_determinants,4,0.008097165991902834
217,voter,too_many_missing_determinants,14,0.02834008097165992
217,voter,usable_complete,297,0.6012145748987854
217,voter,usable_complete_limited_metadata,5,0.010121457489878543
217,voter,usable_partial,116,0.23481781376518218
218,abstention,no_determinants,33,0.06521739130434782
218,abstention,suspicious_determinants,2,0.003952569169960474
218,abstention,too_many_missing_determinants,2,0.003952569169960474
218,abstention,usable_complete,404,0.7984189723320159
218,abstention,usable_complete_limited_metadata,16,0.03162055335968379
218,abstention,usable_partial,47,0.09288537549407115
218,abstention,usable_partial_limited_metadata,2,0.003952569169960474
218,voter,no_determinants,79,0.15991902834008098
218,voter,suspicious_determinants,3,0.006072874493927126
218,voter,too_many_missing_determinants,20,0.04048582995951417
218,voter,usable_complete,280,0.5668016194331984
218,voter,usable_complete_limited_metadata,12,0.024291497975708502
218,voter,usable_partial,100,0.20242914979757085
219,abstention,no_determinants,29,0.05731225296442688
219,abstention,too_many_missing_determinants,3,0.005928853754940711
219,abstention,usable_complete,408,0.8063241106719368
219,abstention,usable_complete_limited_metadata,13,0.025691699604743084
219,abstention,usable_partial,51,0.1007905138339921
219,abstention,usable_partial_limited_metadata,2,0.003952569169960474
219,voter,no_determinants,80,0.16194331983805668
219,voter,suspicious_determinants,2,0.004048582995951417
219,voter,too_many_missing_determinants,20,0.04048582995951417
219,voter,usable_complete,277,0.5607287449392713
219,voter,usable_complete_limited_metadata,10,0.020242914979757085
219,voter,usable_partial,105,0.2125506072874494
220,abstention,no_determinants,28,0.05533596837944664
220,abstention,suspicious_determinants,2,0.003952569169960474
220,abstention,too_many_missing_determinants,5,0.009881422924901186
220,abstention,usable_complete,401,0.7924901185770751
220,abstention,usable_complete_limited_metadata,20,0.039525691699604744
220,abstention,usable_partial,48,0.09486166007905138
220,abstention,usable_partial_limited_metadata,2,0.003952569169960474
220,voter,no_determinants,63,0.12753036437246965
220,voter,suspicious_determinants,2,0.004048582995951417
220,voter,too_many_missing_determinants,17,0.03441295546558704
220,voter,usable_complete,293,0.5931174089068826
220,voter,usable_complete_limited_metadata,8,0.016194331983805668
220,voter,usable_partial,111,0.22469635627530365
221,abstention,no_determinants,42,0.08300395256916997
221,abstention,suspicious_determinants,2,0.003952569169960474
221,abstention,too_many_missing_determinants,2,0.003952569169960474
221,abstention,usable_complete,389,0.7687747035573123
221,abstention,usable_complete_limited_metadata,14,0.02766798418972332
221,abstention,usable_partial,54,0.1067193675889328
221,abstention,usable_partial_limited_metadata,3,0.005928853754940711
221,voter,no_determinants,73,0.14777327935222673
221,voter,suspicious_determinants,1,0.0020242914979757085
221,voter,too_many_missing_determinants,14,0.02834008097165992
221,voter,usable_complete,299,0.6052631578947368
221,voter,usable_complete_limited_metadata,6,0.012145748987854251
221,voter,usable_partial,100,0.20242914979757085
221,voter,usable_partial_limited_metadata,1,0.0020242914979757085
222,abstention,no_determinants,35,0.0691699604743083
222,abstention,suspicious_determinants,1,0.001976284584980237
222,abstention,too_many_missing_determinants,3,0.005928853754940711
222,abstention,usable_complete,411,0.8122529644268774
222,abstention,usable_complete_limited_metadata,15,0.029644268774703556
222,abstention,usable_partial,40,0.07905138339920949
222,abstention,usable_partial_limited_metadata,1,0.001976284584980237
222,voter,no_determinants,68,0.13765182186234817
222,voter,suspicious_determinants,1,0.0020242914979757085
222,voter,too_many_missing_determinants,14,0.02834008097165992
222,voter,usable_complete,298,0.6032388663967612
222,voter,usable_complete_limited_metadata,12,0.024291497975708502
222,voter,usable_partial,101,0.20445344129554655
223,abstention,no_determinants,37,0.07312252964426877
223,abstention,too_many_missing_determinants,3,0.005928853754940711
223,abstention,usable_complete,391,0.7727272727272727
223,abstention,usable_complete_limited_metadata,29,0.05731225296442688
223,abstention,usable_partial,45,0.08893280632411067
223,abstention,usable_partial_limited_metadata,1,0.001976284584980237
223,voter,no_determinants,63,0.12753036437246965
223,voter,suspicious_determinants,2,0.004048582995951417
223,voter,too_many_missing_determinants,17,0.03441295546558704
223,voter,usable_complete,283,0.5728744939271255
223,voter,usable_complete_limited_metadata,10,0.020242914979757085
223,voter,usable_partial,119,0.2408906882591093
224,abstention,no_determinants,29,0.05731225296442688
224,abstention,too_many_missing_determinants,5,0.009881422924901186
224,abstention,usable_complete,399,0.7885375494071146
224,abstention,usable_complete_limited_metadata,14,0.02766798418972332
224,abstention,usable_partial,58,0.11462450592885376
224,abstention,usable_partial_limited_metadata,1,0.001976284584980237
224,voter,no_determinants,61,0.12348178137651822
224,voter,suspicious_determinants,4,0.008097165991902834
224,voter,too_many_missing_determinants,17,0.03441295546558704
224,voter,usable_complete,305,0.6174089068825911
224,voter,usable_complete_limited_metadata,7,0.01417004048582996
224,voter,usable_partial,100,0.20242914979757085
225,abstention,no_determinants,39,0.07707509881422925
225,abstention,too_many_missing_determinants,3,0.005928853754940711
225,abstention,usable_complete,379,0.7490118577075099
225,abstention,usable_complete_limited_metadata,19,0.037549407114624504
225,abstention,usable_partial,62,0.1225296442687747
225,abstention,usable_partial_limited_metadata,4,0.007905138339920948
225,voter,no_determinants,65,0.13157894736842105
225,voter,suspicious_determinants,2,0.004048582995951417
225,voter,too_many_missing_determinants,11,0.022267206477732792
225,voter,usable_complete,316,0.6396761133603239
225,voter,usable_complete_limited_metadata,12,0.024291497975708502
225,voter,usable_partial,88,0.17813765182186234
226,abstention,no_determinants,24,0.04743083003952569
226,abstention,suspicious_determinants,1,0.001976284584980237
226,abstention,too_many_missing_determinants,6,0.011857707509881422
226,abstention,usable_complete,404,0.7984189723320159
226,abstention,usable_complete_limited_metadata,23,0.045454545454545456
226,abstention,usable_partial,46,0.09090909090909091
226,abstention,usable_partial_limited_metadata,2,0.003952569169960474
226,voter,no_determinants,64,0.12955465587044535
226,voter,suspicious_determinants,3,0.006072874493927126
226,voter,too_many_missing_determinants,20,0.04048582995951417
226,voter,usable_complete,286,0.5789473684210527
226,voter,usable_complete_limited_metadata,3,0.006072874493927126
226,voter,usable_partial,118,0.2388663967611336
227,abstention,no_determinants,29,0.05731225296442688
227,abstention,too_many_missing_determinants,7,0.01383399209486166
227,abstention,usable_complete,400,0.7905138339920948
227,abstention,usable_complete_limited_metadata,20,0.039525691699604744
227,abstention,usable_partial,47,0.09288537549407115
227,abstention,usable_partial_limited_metadata,3,0.005928853754940711
227,voter,no_determinants,67,0.13562753036437247
227,voter,suspicious_determinants,4,0.008097165991902834
227,voter,too_many_missing_determinants,23,0.0465587044534413
227,voter,usable_complete,275,0.5566801619433198
227,voter,usable_complete_limited_metadata,12,0.024291497975708502
227,voter,usable_partial,113,0.22874493927125505
228,abstention,no_determinants,22,0.043478260869565216
228,abstention,too_many_missing_determinants,7,0.01383399209486166
228,abstention,usable_complete,413,0.8162055335968379
228,abstention,usable_complete_limited_metadata,16,0.03162055335968379
228,abstention,usable_partial,46,0.09090909090909091
228,abstention,usable_partial_limited_metadata,2,0.003952569169960474
228,voter,no_determinants,66,0.13360323886639677
228,voter,suspicious_determinants,4,0.008097165991902834
228,voter,too_many_missing_determinants,9,0.018218623481781375
228,voter,usable_complete,291,0.5890688259109311
228,voter,usable_complete_limited_metadata,11,0.022267206477732792
228,voter,usable_partial,113,0.22874493927125505
229,abstention,no_determinants,30,0.05928853754940711
229,abstention,suspicious_determinants,2,0.003952569169960474
229,abstention,too_many_missing_determinants,11,0.021739130434782608
229,abstention,usable_complete,401,0.7924901185770751
229,abstention,usable_complete_limited_metadata,13,0.025691699604743084
229,abstention,usable_partial,45,0.08893280632411067
229,abstention,usable_partial_limited_metadata,4,0.007905138339920948
229,voter,no_determinants,64,0.12955465587044535
229,voter,suspicious_determinants,3,0.006072874493927126
229,voter,too_many_missing_determinants,15,0.030364372469635626
229,voter,usable_complete,284,0.5748987854251012
229,voter,usable_complete_limited_metadata,11,0.022267206477732792
229,voter,usable_partial,117,0.23684210526315788
230,abstention,no_determinants,25,0.04940711462450593
230,abstention,suspicious_determinants,2,0.003952569169960474
230,abstention,too_many_missing_determinants,8,0.015810276679841896
230,abstention,usable_complete,409,0.808300395256917
230,abstention,usable_complete_limited_metadata,19,0.037549407114624504
230,abstention,usable_partial,41,0.08102766798418973
230,abstention,usable_partial_limited_metadata,2,0.003952569169960474
230,voter,no_determinants,73,0.14777327935222673
230,voter,suspicious_determinants,4,0.008097165991902834
230,voter,too_many_missing_determinants,13,0.02631578947368421
230,voter,usable_complete,286,0.5789473684210527
230,voter,usable_complete_limited_metadata,12,0.024291497975708502
230,voter,usable_partial,106,0.2145748987854251
231,abstention,no_determinants,25,0.04940711462450593
231,abstention,suspicious_determinants,1,0.001976284584980237
231,abstention,too_many_missing_determinants,5,0.009881422924901186
231,abstention,usable_complete,405,0.8003952569169961
231,abstention,usable_complete_limited_metadata,18,0.03557312252964427
231,abstention,usable_partial,48,0.09486166007905138
231,abstention,usable_partial_limited_metadata,4,0.007905138339920948
231,voter,no_determinants,80,0.16194331983805668
231,voter,suspicious_determinants,1,0.0020242914979757085
231,voter,too_many_missing_determinants,13,0.02631578947368421
231,voter,usable_complete,296,0.5991902834008097
231,voter,usable_complete_limited_metadata,8,0.016194331983805668
231,voter,usable_partial,96,0.19433198380566802
232,abstention,no_determinants,20,0.039525691699604744
232,abstention,suspicious_determinants,1,0.001976284584980237
232,abstention,too_many_missing_determinants,3,0.005928853754940711
232,abstention,usable_complete,401,0.7924901185770751
232,abstention,usable_complete_limited_metadata,16,0.03162055335968379
232,abstention,usable_partial,59,0.116600790513834
232,abstention,usable_partial_limited_metadata,6,0.011857707509881422
232,voter,no_determinants,59,0.1194331983805668
232,voter,suspicious_determinants,1,0.0020242914979757085
232,voter,too_many_missing_determinants,24,0.048582995951417005
232,voter,usable_complete,285,0.5769230769230769
232,voter,usable_complete_limited_metadata,12,0.024291497975708502
232,voter,usable_partial,113,0.22874493927125505
233,abstention,no_determinants,32,0.06324110671936758
233,abstention,suspicious_determinants,3,0.005928853754940711
233,abstention,too_many_missing_determinants,3,0.005928853754940711
233,abstention,usable_complete,392,0.7747035573122529
233,abstention,usable_complete_limited_metadata,24,0.04743083003952569
233,abstention,usable_partial,50,0.09881422924901186
233,abstention,usable_partial_limited_metadata,2,0.003952569169960474
233,voter,no_determinants,63,0.12753036437246965
233,voter,suspicious_determinants,1,0.0020242914979757085
233,voter,too_many_missing_determinants,23,0.0465587044534413
233,voter,usable_complete,291,0.5890688259109311
233,voter,usable_complete_limited_metadata,15,0.030364372469635626
233,voter,usable_partial,101,0.20445344129554655
234,abstention,no_determinants,16,0.03162055335968379
234,abstention,too_many_missing_determinants,2,0.003952569169960474
234,abstention,usable_complete,422,0.83399209486166
234,abstention,usable_complete_limited_metadata,20,0.039525691699604744
234,abstention,usable_partial,45,0.08893280632411067
234,abstention,usable_partial_limited_metadata,1,0.001976284584980237
234,voter,no_determinants,63,0.12753036437246965
234,voter,suspicious_determinants,2,0.004048582995951417
234,voter,too_many_missing_determinants,19,0.038461538461538464
234,voter,usable_complete,293,0.5931174089068826
234,voter,usable_complete_limited_metadata,7,0.01417004048582996
234,voter,usable_partial,109,0.22064777327935223
234,voter,usable_partial_limited_metadata,1,0.0020242914979757085
235,abstention,no_determinants,28,0.05533596837944664
235,abstention,suspicious_determinants,1,0.001976284584980237
235,abstention,too_many_missing_determinants,7,0.01383399209486166
235,abstention,usable_complete,401,0.7924901185770751
235,abstention,usable_complete_limited_metadata,25,0.04940711462450593
235,abstention,usable_partial,41,0.08102766798418973
235,abstention,usable_partial_limited_metadata,3,0.005928853754940711
235,voter,no_determinants,59,0.1194331983805668
235,voter,suspicious_determinants,2,0.004048582995951417
235,voter,too_many_missing_determinants,23,0.0465587044534413
235,voter,usable_complete,298,0.6032388663967612
235,voter,usable_complete_limited_metadata,9,0.018218623481781375
235,voter,usable_partial,103,0.20850202429149797
236,abstention,no_determinants,21,0.041501976284584984
236,abstention,suspicious_determinants,1,0.001976284584980237
236,abstention,too_many_missing_determinants,2,0.003952569169960474
236,abstention,usable_complete,392,0.7747035573122529
236,abstention,usable_complete_limited_metadata,23,0.045454545454545456
236,abstention,usable_partial,63,0.12450592885375494
236,abstention,usable_partial_limited_metadata,4,0.007905138339920948
236,voter,no_determinants,57,0.11538461538461539
236,voter,too_many_missing_determinants,15,0.030364372469635626
236,voter,usable_complete,297,0.6012145748987854
236,voter,usable_complete_limited_metadata,12,0.024291497975708502
236,voter,usable_partial,113,0.22874493927125505
237,abstention,no_determinants,35,0.0691699604743083
237,abstention,suspicious_determinants,1,0.001976284584980237
237,abstention,too_many_missing_determinants,7,0.01383399209486166
237,abstention,usable_complete,383,0.7569169960474308
237,abstention,usable_complete_limited_metadata,25,0.04940711462450593
237,abstention,usable_partial,55,0.10869565217391304
237,voter,no_determinants,71,0.1437246963562753
237,voter,suspicious_determinants,2,0.004048582995951417
237,voter,too_many_missing_determinants,16,0.032388663967611336
237,voter,usable_complete,277,0.5607287449392713
237,voter,usable_complete_limited_metadata,7,0.01417004048582996
237,voter,usable_partial,120,0.242914979757085
237,voter,usable_partial_limited_metadata,1,0.0020242914979757085
238,abstention,no_determinants,21,0.041501976284584984
238,abstention,suspicious_determinants,1,0.001976284584980237
238,abstention,too_many_missing_determinants,4,0.007905138339920948
238,abstention,usable_complete,404,0.7984189723320159
238,abstention,usable_complete_limited_metadata,18,0.03557312252964427
238,abstention,usable_partial,55,0.10869565217391304
238,abstention,usable_partial_limited_metadata,3,0.005928853754940711
238,voter,no_determinants,57,0.11538461538461539
238,voter,suspicious_determinants,2,0.004048582995951417
238,voter,too_many_missing_determinants,19,0.038461538461538464
238,voter,usable_complete,288,0.582995951417004
238,voter,usable_complete_limited_metadata,18,0.03643724696356275
238,voter,usable_partial,110,0.22267206477732793
239,abstention,no_determinants,31,0.06126482213438735
239,abstention,suspicious_determinants,1,0.001976284584980237
239,abstention,too_many_missing_determinants,4,0.007905138339920948
239,abstention,usable_complete,404,0.7984189723320159
239,abstention,usable_complete_limited_metadata,22,0.043478260869565216
239,abstention,usable_partial,42,0.08300395256916997
239,abstention,usable_partial_limited_metadata,2,0.003952569169960474
239,voter,no_determinants,67,0.13562753036437247
239,voter,suspicious_determinants,2,0.004048582995951417
239,voter,too_many_missing_determinants,16,0.032388663967611336
239,voter,usable_complete,277,0.5607287449392713
239,voter,usable_complete_limited_metadata,12,0.024291497975708502
239,voter,usable_partial,120,0.242914979757085
240,abstention,no_determinants,28,0.05533596837944664
240,abstention,suspicious_determinants,2,0.003952569169960474
240,abstention,too_many_missing_determinants,5,0.009881422924901186
240,abstention,usable_complete,401,0.7924901185770751
240,abstention,usable_complete_limited_metadata,20,0.039525691699604744
240,abstention,usable_partial,46,0.09090909090909091
240,abstention,usable_partial_limited_metadata,4,0.007905138339920948
240,voter,no_determinants,77,0.15587044534412955
240,voter,suspicious_determinants,1,0.0020242914979757085
240,voter,too_many_missing_determinants,13,0.02631578947368421
240,voter,usable_complete,282,0.5708502024291497
240,voter,usable_complete_limited_metadata,7,0.01417004048582996
240,voter,usable_partial,113,0.22874493927125505
240,voter,usable_partial_limited_metadata,1,0.0020242914979757085
241,abstention,no_determinants,22,0.043478260869565216
241,abstention,too_many_missing_determinants,3,0.005928853754940711
241,abstention,usable_complete,419,0.8280632411067194
241,abstention,usable_complete_limited_metadata,14,0.02766798418972332
241,abstention,usable_partial,45,0.08893280632411067
241,abstention,usable_partial_limited_metadata,3,0.005928853754940711
241,voter,no_determinants,68,0.13765182186234817
241,voter,suspicious_determinants,1,0.0020242914979757085
241,voter,too_many_missing_determinants,10,0.020242914979757085
241,voter,usable_complete,295,0.597165991902834
241,voter,usable_complete_limited_metadata,10,0.020242914979757085
241,voter,usable_partial,110,0.22267206477732793
242,abstention,no_determinants,29,0.05731225296442688
242,abstention,suspicious_determinants,3,0.005928853754940711
242,abstention,too_many_missing_determinants,3,0.005928853754940711
242,abstention,usable_complete,405,0.8003952569169961
242,abstention,usable_complete_limited_metadata,23,0.045454545454545456
242,abstention,usable_partial,43,0.08498023715415019
242,voter,no_determinants,84,0.1700404858299595
242,voter,too_many_missing_determinants,13,0.02631578947368421
242,voter,usable_complete,257,0.520242914979757
242,voter,usable_complete_limited_metadata,10,0.020242914979757085
242,voter,usable_partial,130,0.2631578947368421
243,abstention,no_determinants,27,0.0533596837944664
243,abstention,suspicious_determinants,3,0.005928853754940711
243,abstention,too_many_missing_determinants,4,0.007905138339920948
243,abstention,usable_complete,405,0.8003952569169961
243,abstention,usable_complete_limited_metadata,20,0.039525691699604744
243,abstention,usable_partial,45,0.08893280632411067
243,abstention,usable_partial_limited_metadata,2,0.003952569169960474
243,voter,no_determinants,77,0.15587044534412955
243,voter,suspicious_determinants,3,0.006072874493927126
243,voter,too_many_missing_determinants,20,0.04048582995951417
243,voter,usable_complete,282,0.5708502024291497
243,voter,usable_complete_limited_metadata,7,0.01417004048582996
243,voter,usable_partial,104,0.21052631578947367
243,voter,usable_partial_limited_metadata,1,0.0020242914979757085
244,abstention,no_determinants,32,0.06324110671936758
244,abstention,suspicious_determinants,1,0.001976284584980237
244,abstention,too_many_missing_determinants,5,0.009881422924901186
244,abstention,usable_complete,403,0.7964426877470355
244,abstention,usable_complete_limited_metadata,20,0.039525691699604744
244,abstention,usable_partial,43,0.08498023715415019
244,abstention,usable_partial_limited_metadata,2,0.003952569169960474
244,voter,no_determinants,73,0.14777327935222673
244,voter,suspicious_determinants,4,0.008097165991902834
244,voter,too_many_missing_determinants,20,0.04048582995951417
244,voter,usable_complete,279,0.5647773279352226
244,voter,usable_complete_limited_metadata,13,0.02631578947368421
244,voter,usable_partial,104,0.21052631578947367
244,voter,usable_partial_limited_metadata,1,0.0020242914979757085
245,abstention,no_determinants,32,0.06324110671936758
245,abstention,suspicious_determinants,1,0.001976284584980237
245,abstention,too_many_missing_determinants,6,0.011857707509881422
245,abstention,usable_complete,404,0.7984189723320159
245,abstention,usable_complete_limited_metadata,16,0.03162055335968379
245,abstention,usable_partial,46,0.09090909090909091
245,abstention,usable_partial_limited_metadata,1,0.001976284584980237
245,voter,no_determinants,61,0.12348178137651822
245,voter,suspicious_determinants,3,0.006072874493927126
245,voter,too_many_missing_determinants,27,0.05465587044534413
245,voter,usable_complete,272,0.5506072874493927
245,voter,usable_complete_limited_metadata,8,0.016194331983805668
245,voter,usable_partial,122,0.24696356275303644
245,voter,usable_partial_limited_metadata,1,0.0020242914979757085
246,abstention,no_determinants,19,0.037549407114624504
246,abstention,suspicious_determinants,3,0.005928853754940711
246,abstention,too_many_missing_determinants,1,0.001976284584980237
246,abstention,usable_complete,425,0.8399209486166008
246,abstention,usable_complete_limited_metadata,14,0.02766798418972332
246,abstention,usable_partial,42,0.08300395256916997
246,abstention,usable_partial_limited_metadata,2,0.003952569169960474
246,voter,no_determinants,71,0.1437246963562753
246,voter,suspicious_determinants,3,0.006072874493927126
246,voter,too_many_missing_determinants,28,0.05668016194331984
246,voter,usable_complete,283,0.5728744939271255
246,voter,usable_complete_limited_metadata,9,0.018218623481781375
246,voter,usable_partial,100,0.20242914979757085
247,abstention,no_determinants,35,0.0691699604743083
247,abstention,suspicious_determinants,1,0.001976284584980237
247,abstention,too_many_missing_determinants,5,0.009881422924901186
247,abstention,usable_complete,404,0.7984189723320159
247,abstention,usable_complete_limited_metadata,13,0.025691699604743084
247,abstention,usable_partial,47,0.09288537549407115
247,abstention,usable_partial_limited_metadata,1,0.001976284584980237
247,voter,no_determinants,51,0.10323886639676114
247,voter,suspicious_determinants,2,0.004048582995951417
247,voter,too_many_missing_determinants,13,0.02631578947368421
247,voter,usable_complete,295,0.597165991902834
247,voter,usable_complete_limited_metadata,8,0.016194331983805668
247,voter,usable_partial,125,0.25303643724696356
248,abstention,no_determinants,36,0.07114624505928854
248,abstention,suspicious_determinants,1,0.001976284584980237
248,abstention,too_many_missing_determinants,5,0.009881422924901186
248,abstention,usable_complete,395,0.7806324110671937
248,abstention,usable_complete_limited_metadata,23,0.045454545454545456
248,abstention,usable_partial,43,0.08498023715415019
248,abstention,usable_partial_limited_metadata,3,0.005928853754940711
248,voter,no_determinants,69,0.1396761133603239
248,voter,suspicious_determinants,3,0.006072874493927126
248,voter,too_many_missing_determinants,15,0.030364372469635626
248,voter,usable_complete,299,0.6052631578947368
248,voter,usable_complete_limited_metadata,7,0.01417004048582996
248,voter,usable_partial,101,0.20445344129554655
249,abstention,no_determinants,25,0.04940711462450593
249,abstention,suspicious_determinants,1,0.001976284584980237
249,abstention,too_many_missing_determinants,5,0.009881422924901186
249,abstention,usable_complete,405,0.8003952569169961
249,abstention,usable_complete_limited_metadata,13,0.025691699604743084
249,abstention,usable_partial,53,0.10474308300395258
249,abstention,usable_partial_limited_metadata,4,0.007905138339920948
249,voter,no_determinants,65,0.13157894736842105
249,voter,suspicious_determinants,2,0.004048582995951417
249,voter,too_many_missing_determinants,18,0.03643724696356275
249,voter,usable_complete,296,0.5991902834008097
249,voter,usable_complete_limited_metadata,7,0.01417004048582996
249,voter,usable_partial,106,0.2145748987854251
250,abstention,no_determinants,26,0.05138339920948617
250,abstention,suspicious_determinants,1,0.001976284584980237
250,abstention,too_many_missing_determinants,5,0.009881422924901186
250,abstention,usable_complete,405,0.8003952569169961
250,abstention,usable_complete_limited_metadata,16,0.03162055335968379
250,abstention,usable_partial,51,0.1007905138339921
250,abstention,usable_partial_limited_metadata,2,0.003952569169960474
250,voter,no_determinants,57,0.11538461538461539
250,voter,suspicious_determinants,3,0.006072874493927126
250,voter,too_many_missing_determinants,11,0.022267206477732792
250,voter,usable_complete,300,0.6072874493927125
250,voter,usable_complete_limited_metadata,12,0.024291497975708502
250,voter,usable_partial,111,0.22469635627530365
251,abstention,no_determinants,26,0.05138339920948617
251,abstention,suspicious_determinants,4,0.007905138339920948
251,abstention,too_many_missing_determinants,6,0.011857707509881422
251,abstention,usable_complete,396,0.782608695652174
251,abstention,usable_complete_limited_metadata,25,0.04940711462450593
251,abstention,usable_partial,46,0.09090909090909091
251,abstention,usable_partial_limited_metadata,3,0.005928853754940711
251,voter,no_determinants,52,0.10526315789473684
251,voter,suspicious_determinants,2,0.004048582995951417
251,voter,too_many_missing_determinants,19,0.038461538461538464
251,voter,usable_complete,305,0.6174089068825911
251,voter,usable_complete_limited_metadata,7,0.01417004048582996
251,voter,usable_partial,108,0.21862348178137653
251,voter,usable_partial_limited_metadata,1,0.0020242914979757085
252,abstention,no_determinants,23,0.045454545454545456
252,abstention,suspicious_determinants,1,0.001976284584980237
252,abstention,too_many_missing_determinants,3,0.005928853754940711
252,abstention,usable_complete,410,0.8102766798418972
252,abstention,usable_complete_limited_metadata,20,0.039525691699604744
252,abstention,usable_partial,47,0.09288537549407115
252,abstention,usable_partial_limited_metadata,2,0.003952569169960474
252,voter,no_determinants,68,0.13765182186234817
252,voter,suspicious_determinants,3,0.006072874493927126
252,voter,too_many_missing_determinants,13,0.02631578947368421
252,voter,usable_complete,298,0.6032388663967612
252,voter,usable_complete_limited_metadata,12,0.024291497975708502
252,voter,usable_partial,99,0.20040485829959515
252,voter,usable_partial_limited_metadata,1,0.0020242914979757085
253,abstention,no_determinants,27,0.0533596837944664
253,abstention,too_many_missing_determinants,2,0.003952569169960474
253,abstention,usable_complete,412,0.8142292490118577
253,abstention,usable_complete_limited_metadata,18,0.03557312252964427
253,abstention,usable_partial,44,0.08695652173913043
253,abstention,usable_partial_limited_metadata,3,0.005928853754940711
253,voter,no_determinants,71,0.1437246963562753
253,voter,too_many_missing_determinants,20,0.04048582995951417
253,voter,usable_complete,278,0.562753036437247
253,voter,usable_complete_limited_metadata,9,0.018218623481781375
253,voter,usable_partial,116,0.23481781376518218
254,abstention,no_determinants,22,0.043478260869565216
254,abstention,too_many_missing_determinants,3,0.005928853754940711
254,abstention,usable_complete,411,0.8122529644268774
254,abstention,usable_complete_limited_metadata,17,0.03359683794466403
254,abstention,usable_partial,51,0.1007905138339921
254,abstention,usable_partial_limited_metadata,2,0.003952569169960474
254,voter,no_determinants,62,0.12550607287449392
254,voter,suspicious_determinants,1,0.0020242914979757085
254,voter,too_many_missing_determinants,16,0.032388663967611336
254,voter,usable_complete,302,0.611336032388664
254,voter,usable_complete_limited_metadata,9,0.018218623481781375
254,voter,usable_partial,104,0.21052631578947367
255,abstention,no_determinants,38,0.07509881422924901
255,abstention,suspicious_determinants,2,0.003952569169960474
255,abstention,too_many_missing_determinants,2,0.003952569169960474
255,abstention,usable_complete,378,0.7470355731225297
255,abstention,usable_complete_limited_metadata,26,0.05138339920948617
255,abstention,usable_partial,57,0.11264822134387352
255,abstention,usable_partial_limited_metadata,3,0.005928853754940711
255,voter,no_determinants,65,0.13157894736842105
255,voter,suspicious_determinants,5,0.010121457489878543
255,voter,too_many_missing_determinants,16,0.032388663967611336
255,voter,usable_complete,288,0.582995951417004
255,voter,usable_complete_limited_metadata,11,0.022267206477732792
255,voter,usable_partial,109,0.22064777327935223
256,abstention,no_determinants,31,0.06126482213438735
256,abstention,suspicious_determinants,1,0.001976284584980237
256,abstention,too_many_missing_determinants,7,0.01383399209486166
256,abstention,usable_complete,392,0.7747035573122529
256,abstention,usable_complete_limited_metadata,27,0.0533596837944664
256,abstention,usable_partial,45,0.08893280632411067
256,abstention,usable_partial_limited_metadata,3,0.005928853754940711
256,voter,no_determinants,63,0.12753036437246965
256,voter,suspicious_determinants,3,0.006072874493927126
256,voter,too_many_missing_determinants,18,0.03643724696356275
256,voter,usable_complete,304,0.6153846153846154
256,voter,usable_complete_limited_metadata,6,0.012145748987854251
256,voter,usable_partial,100,0.20242914979757085
257,abstention,no_determinants,27,0.0533596837944664
257,abstention,suspicious_determinants,2,0.003952569169960474
257,abstention,too_many_missing_determinants,9,0.017786561264822136
257,abstention,usable_complete,402,0.7944664031620553
257,abstention,usable_complete_limited_metadata,16,0.03162055335968379
257,abstention,usable_partial,49,0.09683794466403162
257,abstention,usable_partial_limited_metadata,1,0.001976284584980237
257,voter,no_determinants,82,0.1659919028340081
257,voter,suspicious_determinants,2,0.004048582995951417
257,voter,too_many_missing_determinants,18,0.03643724696356275
257,voter,usable_complete,277,0.5607287449392713
257,voter,usable_complete_limited_metadata,9,0.018218623481781375
257,voter,usable_partial,106,0.2145748987854251
258,abstention,no_determinants,32,0.06324110671936758
258,abstention,suspicious_determinants,3,0.005928853754940711
258,abstention,too_many_missing_determinants,4,0.007905138339920948
258,abstention,usable_complete,408,0.8063241106719368
258,abstention,usable_complete_limited_metadata,13,0.025691699604743084
258,abstention,usable_partial,41,0.08102766798418973
258,abstention,usable_partial_limited_metadata,5,0.009881422924901186
258,voter,no_determinants,72,0.145748987854251
258,voter,suspicious_determinants,2,0.004048582995951417
258,voter,too_many_missing_determinants,20,0.04048582995951417
258,voter,usable_complete,280,0.5668016194331984
258,voter,usable_complete_limited_metadata,11,0.022267206477732792
258,voter,usable_partial,109,0.22064777327935223
259,abstention,no_determinants,34,0.06719367588932806
259,abstention,too_many_missing_determinants,8,0.015810276679841896
259,abstention,usable_complete,396,0.782608695652174
259,abstention,usable_complete_limited_metadata,17,0.03359683794466403
259,abstention,usable_partial,49,0.09683794466403162
259,abstention,usable_partial_limited_metadata,2,0.003952569169960474
259,voter,no_determinants,48,0.09716599190283401
259,voter,suspicious_determinants,2,0.004048582995951417
259,voter,too_many_missing_determinants,20,0.04048582995951417
259,voter,usable_complete,309,0.6255060728744939
259,voter,usable_complete_limited_metadata,13,0.02631578947368421
259,voter,usable_partial,102,0.20647773279352227
260,abstention,no_determinants,32,0.06324110671936758
260,abstention,suspicious_determinants,2,0.003952569169960474
260,abstention,too_many_missing_determinants,3,0.005928853754940711
260,abstention,usable_complete,400,0.7905138339920948
260,abstention,usable_complete_limited_metadata,18,0.03557312252964427
260,abstention,usable_partial,47,0.09288537549407115
260,abstention,usable_partial_limited_metadata,4,0.007905138339920948
260,voter,no_determinants,62,0.12550607287449392
260,voter,suspicious_determinants,2,0.004048582995951417
260,voter,too_many_missing_determinants,19,0.038461538461538464
260,voter,usable_complete,293,0.5931174089068826
260,voter,usable_complete_limited_metadata,6,0.012145748987854251
260,voter,usable_partial,112,0.22672064777327935
261,abstention,no_determinants,35,0.0691699604743083
261,abstention,suspicious_determinants,2,0.003952569169960474
261,abstention,too_many_missing_determinants,6,0.011857707509881422
261,abstention,usable_complete,390,0.7707509881422925
261,abstention,usable_complete_limited_metadata,23,0.045454545454545456
261,abstention,usable_partial,49,0.09683794466403162
261,abstention,usable_partial_limited_metadata,1,0.001976284584980237
261,voter,no_determinants,73,0.14777327935222673
261,voter,suspicious_determinants,1,0.0020242914979757085
261,voter,too_many_missing_determinants,17,0.03441295546558704
261,voter,usable_complete,298,0.6032388663967612
261,voter,usable_complete_limited_metadata,5,0.010121457489878543
261,voter,usable_partial,99,0.20040485829959515
261,voter,usable_partial_limited_metadata,1,0.0020242914979757085
262,abstention,no_determinants,20,0.039525691699604744
262,abstention,suspicious_determinants,1,0.001976284584980237
262,abstention,too_many_missing_determinants,1,0.001976284584980237
262,abstention,usable_complete,411,0.8122529644268774
262,abstention,usable_complete_limited_metadata,16,0.03162055335968379
262,abstention,usable_partial,56,0.11067193675889328
262,abstention,usable_partial_limited_metadata,1,0.001976284584980237
262,voter,no_determinants,65,0.13157894736842105
262,voter,suspicious_determinants,1,0.0020242914979757085
262,voter,too_many_missing_determinants,23,0.0465587044534413
262,voter,usable_complete,285,0.5769230769230769
262,voter,usable_complete_limited_metadata,8,0.016194331983805668
262,voter,usable_partial,112,0.22672064777327935
263,abstention,no_determinants,36,0.07114624505928854
263,abstention,suspicious_determinants,1,0.001976284584980237
263,abstention,too_many_missing_determinants,4,0.007905138339920948
263,abstention,usable_complete,406,0.8023715415019763
263,abstention,usable_complete_limited_metadata,17,0.03359683794466403
263,abstention,usable_partial,40,0.07905138339920949
263,abstention,usable_partial_limited_metadata,2,0.003952569169960474
263,voter,no_determinants,81,0.16396761133603238
263,voter,suspicious_determinants,3,0.006072874493927126
263,voter,too_many_missing_determinants,17,0.03441295546558704
263,voter,usable_complete,280,0.5668016194331984
263,voter,usable_complete_limited_metadata,11,0.022267206477732792
263,voter,usable_partial,102,0.20647773279352227
264,abstention,no_determinants,30,0.05928853754940711
264,abstention,suspicious_determinants,2,0.003952569169960474
264,abstention,too_many_missing_determinants,1,0.001976284584980237
264,abstention,usable_complete,388,0.766798418972332
264,abstention,usable_complete_limited_metadata,15,0.029644268774703556
264,abstention,usable_partial,70,0.1383399209486166
264,voter,no_determinants,69,0.1396761133603239
264,voter,suspicious_determinants,2,0.004048582995951417
264,voter,too_many_missing_determinants,25,0.05060728744939271
264,voter,usable_complete,283,0.5728744939271255
264,voter,usable_complete_limited_metadata,6,0.012145748987854251
264,voter,usable_partial,108,0.21862348178137653
264,voter,usable_partial_limited_metadata,1,0.0020242914979757085
265,abstention,no_determinants,35,0.0691699604743083
265,abstention,too_many_missing_determinants,2,0.003952569169960474
265,abstention,usable_complete,407,0.8043478260869565
265,abstention,usable_complete_limited_metadata,18,0.03557312252964427
265,abstention,usable_partial,41,0.08102766798418973
265,abstention,usable_partial_limited_metadata,3,0.005928853754940711
265,voter,no_determinants,85,0.1720647773279352
265,voter,suspicious_determinants,3,0.006072874493927126
265,voter,too_many_missing_determinants,20,0.04048582995951417
265,voter,usable_complete,280,0.5668016194331984
265,voter,usable_complete_limited_metadata,5,0.010121457489878543
265,voter,usable_partial,101,0.20445344129554655
266,abstention,no_determinants,29,0.05731225296442688
266,abstention,too_many_missing_determinants,3,0.005928853754940711
266,abstention,usable_complete,407,0.8043478260869565
266,abstention,usable_complete_limited_metadata,16,0.03162055335968379
266,abstention,usable_partial,50,0.09881422924901186
266,abstention,usable_partial_limited_metadata,1,0.001976284584980237
266,voter,no_determinants,79,0.15991902834008098
266,voter,suspicious_determinants,2,0.004048582995951417
266,voter,too_many_missing_determinants,18,0.03643724696356275
266,voter,usable_complete,279,0.5647773279352226
266,voter,usable_complete_limited_metadata,12,0.024291497975708502
266,voter,usable_partial,104,0.21052631578947367
267,abstention,no_determinants,25,0.04940711462450593
267,abstention,suspicious_determinants,1,0.001976284584980237
267,abstention,too_many_missing_determinants,5,0.009881422924901186
267,abstention,usable_complete,406,0.8023715415019763
267,abstention,usable_complete_limited_metadata,21,0.041501976284584984
267,abstention,usable_partial,46,0.09090909090909091
267,abstention,usable_partial_limited_metadata,2,0.003952569169960474
267,voter,no_determinants,78,0.15789473684210525
267,voter,too_many_missing_determinants,17,0.03441295546558704
267,voter,usable_complete,286,0.5789473684210527
267,voter,usable_complete_limited_metadata,15,0.030364372469635626
267,voter,usable_partial,98,0.19838056680161945
268,abstention,no_determinants,33,0.06521739130434782
268,abstention,suspicious_determinants,2,0.003952569169960474
268,abstention,too_many_missing_determinants,5,0.009881422924901186
268,abstention,usable_complete,389,0.7687747035573123
268,abstention,usable_complete_limited_metadata,19,0.037549407114624504
268,abstention,usable_partial,55,0.10869565217391304
268,abstention,usable_partial_limited_metadata,3,0.005928853754940711
268,voter,no_determinants,72,0.145748987854251
268,voter,suspicious_determinants,1,0.0020242914979757085
268,voter,too_many_missing_determinants,13,0.02631578947368421
268,voter,usable_complete,284,0.5748987854251012
268,voter,usable_complete_limited_metadata,6,0.012145748987854251
268,voter,usable_partial,117,0.23684210526315788
268,voter,usable_partial_limited_metadata,1,0.0020242914979757085
269,abstention,no_determinants,33,0.06521739130434782
269,abstention,suspicious_determinants,2,0.003952569169960474
269,abstention,too_many_missing_determinants,2,0.003952569169960474
269,abstention,usable_complete,406,0.8023715415019763
269,abstention,usable_complete_limited_metadata,19,0.037549407114624504
269,abstention,usable_partial,39,0.07707509881422925
269,abstention,usable_partial_limited_metadata,5,0.009881422924901186
269,voter,no_determinants,71,0.1437246963562753
269,voter,suspicious_determinants,2,0.004048582995951417
269,voter,too_many_missing_determinants,13,0.02631578947368421
269,voter,usable_complete,287,0.5809716599190283
269,voter,usable_complete_limited_metadata,12,0.024291497975708502
269,voter,usable_partial,108,0.21862348178137653
269,voter,usable_partial_limited_metadata,1,0.0020242914979757085
270,abstention,no_determinants,34,0.06719367588932806
270,abstention,suspicious_determinants,1,0.001976284584980237
270,abstention,too_many_missing_determinants,13,0.025691699604743084
270,abstention,usable_complete,395,0.7806324110671937
270,abstention,usable_complete_limited_metadata,22,0.043478260869565216
270,abstention,usable_partial,40,0.07905138339920949
270,abstention,usable_partial_limited_metadata,1,0.001976284584980237
270,voter,no_determinants,69,0.1396761133603239
270,voter,suspicious_determinants,1,0.0020242914979757085
270,voter,too_many_missing_determinants,21,0.04251012145748988
270,voter,usable_complete,276,0.5587044534412956
270,voter,usable_complete_limited_metadata,9,0.018218623481781375
270,voter,usable_partial,117,0.23684210526315788
270,voter,usable_partial_limited_metadata,1,0.0020242914979757085
271,abstention,no_determinants,30,0.05928853754940711
271,abstention,suspicious_determinants,1,0.001976284584980237
271,abstention,too_many_missing_determinants,4,0.007905138339920948
271,abstention,usable_complete,403,0.7964426877470355
271,abstention,usable_complete_limited_metadata,16,0.03162055335968379
271,abstention,usable_partial,51,0.1007905138339921
271,abstention,usable_partial_limited_metadata,1,0.001976284584980237
271,voter,no_determinants,66,0.13360323886639677
271,voter,suspicious_determinants,3,0.006072874493927126
271,voter,too_many_missing_determinants,20,0.04048582995951417
271,voter,usable_complete,287,0.5809716599190283
271,voter,usable_complete_limited_metadata,9,0.018218623481781375
271,voter,usable_partial,109,0.22064777327935223
272,abstention,no_determinants,34,0.06719367588932806
272,abstention,suspicious_determinants,1,0.001976284584980237
272,abstention,too_many_missing_determinants,2,0.003952569169960474
272,abstention,usable_complete,398,0.7865612648221344
272,abstention,usable_complete_limited_metadata,21,0.041501976284584984
272,abstention,usable_partial,48,0.09486166007905138
272,abstention,usable_partial_limited_metadata,2,0.003952569169960474
272,voter,no_determinants,61,0.12348178137651822
272,voter,suspicious_determinants,6,0.012145748987854251
272,voter,too_many_missing_determinants,19,0.038461538461538464
272,voter,usable_complete,295,0.597165991902834
272,voter,usable_complete_limited_metadata,10,0.020242914979757085
272,voter,usable_partial,103,0.20850202429149797
273,abstention,no_determinants,27,0.0533596837944664
273,abstention,too_many_missing_determinants,8,0.015810276679841896
273,abstention,usable_complete,411,0.8122529644268774
273,abstention,usable_complete_limited_metadata,16,0.03162055335968379
273,abstention,usable_partial,42,0.08300395256916997
273,abstention,usable_partial_limited_metadata,2,0.003952569169960474
273,voter,no_determinants,66,0.13360323886639677
273,voter,suspicious_determinants,1,0.0020242914979757085
273,voter,too_many_missing_determinants,9,0.018218623481781375
273,voter,usable_complete,294,0.5951417004048583
273,voter,usable_complete_limited_metadata,14,0.02834008097165992
273,voter,usable_partial,110,0.22267206477732793
274,abstention,no_determinants,18,0.03557312252964427
274,abstention,suspicious_determinants,4,0.007905138339920948
274,abstention,too_many_missing_determinants,3,0.005928853754940711
274,abstention,usable_complete,407,0.8043478260869565
274,abstention,usable_complete_limited_metadata,27,0.0533596837944664
274,abstention,usable_partial,44,0.08695652173913043
274,abstention,usable_partial_limited_metadata,3,0.005928853754940711
274,voter,no_determinants,69,0.1396761133603239
274,voter,suspicious_determinants,2,0.004048582995951417
274,voter,too_many_missing_determinants,23,0.0465587044534413
274,voter,usable_complete,295,0.597165991902834
274,voter,usable_complete_limited_metadata,11,0.022267206477732792
274,voter,usable_partial,94,0.1902834008097166
275,abstention,no_determinants,25,0.04940711462450593
275,abstention,suspicious_determinants,2,0.003952569169960474
275,abstention,too_many_missing_determinants,7,0.01383399209486166
275,abstention,usable_complete,391,0.7727272727272727
275,abstention,usable_complete_limited_metadata,20,0.039525691699604744
275,abstention,usable_partial,59,0.116600790513834
275,abstention,usable_partial_limited_metadata,2,0.003952569169960474
275,voter,no_determinants,61,0.12348178137651822
275,voter,suspicious_determinants,2,0.004048582995951417
275,voter,too_many_missing_determinants,17,0.03441295546558704
275,voter,usable_complete,276,0.5587044534412956
275,voter,usable_complete_limited_metadata,9,0.018218623481781375
275,voter,usable_partial,129,0.2611336032388664
276,abstention,no_determinants,19,0.037549407114624504
276,abstention,suspicious_determinants,2,0.003952569169960474
276,abstention,too_many_missing_determinants,3,0.005928853754940711
276,abstention,usable_complete,401,0.7924901185770751
276,abstention,usable_complete_limited_metadata,29,0.05731225296442688
276,abstention,usable_partial,51,0.1007905138339921
276,abstention,usable_partial_limited_metadata,1,0.001976284584980237
276,voter,no_determinants,73,0.14777327935222673
276,voter,suspicious_determinants,1,0.0020242914979757085
276,voter,too_many_missing_determinants,16,0.032388663967611336
276,voter,usable_complete,283,0.5728744939271255
276,voter,usable_complete_limited_metadata,8,0.016194331983805668
276,voter,usable_partial,113,0.22874493927125505
277,abstention,no_determinants,25,0.04940711462450593
277,abstention,suspicious_determinants,1,0.001976284584980237
277,abstention,too_many_missing_determinants,3,0.005928853754940711
277,abstention,usable_complete,400,0.7905138339920948
277,abstention,usable_complete_limited_metadata,27,0.0533596837944664
277,abstention,usable_partial,41,0.08102766798418973
277,abstention,usable_partial_limited_metadata,9,0.017786561264822136
277,voter,no_determinants,72,0.145748987854251
277,voter,suspicious_determinants,1,0.0020242914979757085
277,voter,too_many_missing_determinants,17,0.03441295546558704
277,voter,usable_complete,280,0.5668016194331984
277,voter,usable_complete_limited_metadata,6,0.012145748987854251
277,voter,usable_partial,117,0.23684210526315788
277,voter,usable_partial_limited_metadata,1,0.0020242914979757085
278,abstention,no_determinants,25,0.04940711462450593
278,abstention,suspicious_determinants,3,0.005928853754940711
278,abstention,too_many_missing_determinants,5,0.009881422924901186
278,abstention,usable_complete,410,0.8102766798418972
278,abstention,usable_complete_limited_metadata,22,0.043478260869565216
278,abstention,usable_partial,40,0.07905138339920949
278,abstention,usable_partial_limited_metadata,1,0.001976284584980237
278,voter,no_determinants,66,0.13360323886639677
278,voter,suspicious_determinants,5,0.010121457489878543
278,voter,too_many_missing_determinants,21,0.04251012145748988
278,voter,usable_complete,274,0.5546558704453441
278,voter,usable_complete_limited_metadata,12,0.024291497975708502
278,voter,usable_partial,116,0.23481781376518218
279,abstention,no_determinants,43,0.08498023715415019
279,abstention,too_many_missing_determinants,3,0.005928853754940711
279,abstention,usable_complete,384,0.758893280632411
279,abstention,usable_complete_limited_metadata,18,0.03557312252964427
279,abstention,usable_partial,54,0.1067193675889328
279,abstention,usable_partial_limited_metadata,4,0.007905138339920948
279,voter,no_determinants,78,0.15789473684210525
279,voter,suspicious_determinants,2,0.004048582995951417
279,voter,too_many_missing_determinants,18,0.03643724696356275
279,voter,usable_complete,266,0.5384615384615384
279,voter,usable_complete_limited_metadata,15,0.030364372469635626
279,voter,usable_partial,113,0.22874493927125505
279,voter,usable_partial_limited_metadata,2,0.004048582995951417
280,abstention,no_determinants,34,0.06719367588932806
280,abstention,suspicious_determinants,1,0.001976284584980237
280,abstention,too_many_missing_determinants,5,0.009881422924901186
280,abstention,usable_complete,398,0.7865612648221344
280,abstention,usable_complete_limited_metadata,22,0.043478260869565216
280,abstention,usable_partial,43,0.08498023715415019
280,abstention,usable_partial_limited_metadata,3,0.005928853754940711
280,voter,no_determinants,70,0.1417004048582996
280,voter,suspicious_determinants,5,0.010121457489878543
280,voter,too_many_missing_determinants,22,0.044534412955465584
280,voter,usable_complete,284,0.5748987854251012
280,voter,usable_complete_limited_metadata,7,0.01417004048582996
280,voter,usable_partial,106,0.2145748987854251
281,abstention,no_determinants,33,0.06521739130434782
281,abstention,suspicious_determinants,2,0.003952569169960474
281,abstention,too_many_missing_determinants,3,0.005928853754940711
281,abstention,usable_complete,396,0.782608695652174
281,abstention,usable_complete_limited_metadata,18,0.03557312252964427
281,abstention,usable_partial,50,0.09881422924901186
281,abstention,usable_partial_limited_metadata,4,0.007905138339920948
281,voter,no_determinants,64,0.12955465587044535
281,voter,suspicious_determinants,5,0.010121457489878543
281,voter,too_many_missing_determinants,14,0.02834008097165992
281,voter,usable_complete,290,0.5870445344129555
281,voter,usable_complete_limited_metadata,15,0.030364372469635626
281,voter,usable_partial,106,0.2145748987854251
282,abstention,no_determinants,40,0.07905138339920949
282,abstention,too_many_missing_determinants,5,0.009881422924901186
282,abstention,usable_complete,375,0.741106719367589
282,abstention,usable_complete_limited_metadata,26,0.05138339920948617
282,abstention,usable_partial,56,0.11067193675889328
282,abstention,usable_partial_limited_metadata,4,0.007905138339920948
282,voter,no_determinants,82,0.1659919028340081
282,voter,suspicious_determinants,1,0.0020242914979757085
282,voter,too_many_missing_determinants,19,0.038461538461538464
282,voter,usable_complete,278,0.562753036437247
282,voter,usable_complete_limited_metadata,6,0.012145748987854251
282,voter,usable_partial,107,0.2165991902834008
282,voter,usable_partial_limited_metadata,1,0.0020242914979757085
283,abstention,no_determinants,32,0.06324110671936758
283,abstention,too_many_missing_determinants,4,0.007905138339920948
283,abstention,usable_complete,387,0.7648221343873518
283,abstention,usable_complete_limited_metadata,25,0.04940711462450593
283,abstention,usable_partial,54,0.1067193675889328
283,abstention,usable_partial_limited_metadata,4,0.007905138339920948
283,voter,no_determinants,71,0.1437246963562753
283,voter,suspicious_determinants,1,0.0020242914979757085
283,voter,too_many_missing_determinants,18,0.03643724696356275
283,voter,usable_complete,292,0.5910931174089069
283,voter,usable_complete_limited_metadata,8,0.016194331983805668
283,voter,usable_partial,104,0.21052631578947367
284,abstention,no_determinants,30,0.05928853754940711
284,abstention,too_many_missing_determinants,5,0.009881422924901186
284,abstention,usable_complete,411,0.8122529644268774
284,abstention,usable_complete_limited_metadata,20,0.039525691699604744
284,abstention,usable_partial,37,0.07312252964426877
284,abstention,usable_partial_limited_metadata,3,0.005928853754940711
284,voter,no_determinants,76,0.15384615384615385
284,voter,suspicious_determinants,3,0.006072874493927126
284,voter,too_many_missing_determinants,17,0.03441295546558704
284,voter,usable_complete,289,0.5850202429149798
284,voter,usable_complete_limited_metadata,8,0.016194331983805668
284,voter,usable_partial,101,0.20445344129554655
285,abstention,no_determinants,29,0.05731225296442688
285,abstention,suspicious_determinants,2,0.003952569169960474
285,abstention,too_many_missing_determinants,4,0.007905138339920948
285,abstention,usable_complete,409,0.808300395256917
285,abstention,usable_complete_limited_metadata,18,0.03557312252964427
285,abstention,usable_partial,38,0.07509881422924901
285,abstention,usable_partial_limited_metadata,6,0.011857707509881422
285,voter,no_determinants,67,0.13562753036437247
285,voter,suspicious_determinants,2,0.004048582995951417
285,voter,too_many_missing_determinants,23,0.0465587044534413
285,voter,usable_complete,293,0.5931174089068826
285,voter,usable_complete_limited_metadata,8,0.016194331983805668
285,voter,usable_partial,100,0.20242914979757085
285,voter,usable_partial_limited_metadata,1,0.0020242914979757085
286,abstention,no_determinants,29,0.05731225296442688
286,abstention,too_many_missing_determinants,5,0.009881422924901186
286,abstention,usable_complete,392,0.7747035573122529
286,abstention,usable_complete_limited_metadata,26,0.05138339920948617
286,abstention,usable_partial,53,0.10474308300395258
286,abstention,usable_partial_limited_metadata,1,0.001976284584980237
286,voter,no_determinants,83,0.1680161943319838
286,voter,suspicious_determinants,4,0.008097165991902834
286,voter,too_many_missing_determinants,21,0.04251012145748988
286,voter,usable_complete,266,0.5384615384615384
286,voter,usable_complete_limited_metadata,11,0.022267206477732792
286,voter,usable_partial,109,0.22064777327935223
287,abstention,no_determinants,39,0.07707509881422925
287,abstention,suspicious_determinants,1,0.001976284584980237
287,abstention,too_many_missing_determinants,3,0.005928853754940711
287,abstention,usable_complete,400,0.7905138339920948
287,abstention,usable_complete_limited_metadata,17,0.03359683794466403
287,abstention,usable_partial,43,0.08498023715415019
287,abstention,usable_partial_limited_metadata,3,0.005928853754940711
287,voter,no_determinants,67,0.13562753036437247
287,voter,suspicious_determinants,4,0.008097165991902834
287,voter,too_many_missing_determinants,14,0.02834008097165992
287,voter,usable_complete,299,0.6052631578947368
287,voter,usable_complete_limited_metadata,16,0.032388663967611336
287,voter,usable_partial,94,0.1902834008097166
288,abstention,no_determinants,31,0.06126482213438735
288,abstention,too_many_missing_determinants,4,0.007905138339920948
288,abstention,usable_complete,404,0.7984189723320159
288,abstention,usable_complete_limited_metadata,18,0.03557312252964427
288,abstention,usable_partial,46,0.09090909090909091
288,abstention,usable_partial_limited_metadata,3,0.005928853754940711
288,voter,no_determinants,74,0.14979757085020243
288,voter,suspicious_determinants,1,0.0020242914979757085
288,voter,too_many_missing_determinants,14,0.02834008097165992
288,voter,usable_complete,298,0.6032388663967612
288,voter,usable_complete_limited_metadata,11,0.022267206477732792
288,voter,usable_partial,96,0.19433198380566802
289,abstention,no_determinants,36,0.07114624505928854
289,abstention,too_many_missing_determinants,5,0.009881422924901186
289,abstention,usable_complete,398,0.7865612648221344
289,abstention,usable_complete_limited_metadata,14,0.02766798418972332
289,abstention,usable_partial,48,0.09486166007905138
289,abstention,usable_partial_limited_metadata,5,0.009881422924901186
289,voter,no_determinants,86,0.17408906882591094
289,voter,suspicious_determinants,1,0.0020242914979757085
289,voter,too_many_missing_determinants,15,0.030364372469635626
289,voter,usable_complete,274,0.5546558704453441
289,voter,usable_complete_limited_metadata,11,0.022267206477732792
289,voter,usable_partial,107,0.2165991902834008
290,abstention,no_determinants,36,0.07114624505928854
290,abstention,suspicious_determinants,1,0.001976284584980237
290,abstention,too_many_missing_determinants,4,0.007905138339920948
290,abstention,usable_complete,396,0.782608695652174
290,abstention,usable_complete_limited_metadata,16,0.03162055335968379
290,abstention,usable_partial,52,0.10276679841897234
290,abstention,usable_partial_limited_metadata,1,0.001976284584980237
290,voter,no_determinants,70,0.1417004048582996
290,voter,suspicious_determinants,1,0.0020242914979757085
290,voter,too_many_missing_determinants,19,0.038461538461538464
290,voter,usable_complete,289,0.5850202429149798
290,voter,usable_complete_limited_metadata,5,0.010121457489878543
290,voter,usable_partial,110,0.22267206477732793
291,abstention,no_determinants,36,0.07114624505928854
291,abstention,suspicious_determinants,1,0.001976284584980237
291,abstention,too_many_missing_determinants,2,0.003952569169960474
291,abstention,usable_complete,406,0.8023715415019763
291,abstention,usable_complete_limited_metadata,19,0.037549407114624504
291,abstention,usable_partial,41,0.08102766798418973
291,abstention,usable_partial_limited_metadata,1,0.001976284584980237
291,voter,no_determinants,63,0.12753036437246965
291,voter,suspicious_determinants,3,0.006072874493927126
291,voter,too_many_missing_determinants,12,0.024291497975708502
291,voter,usable_complete,273,0.5526315789473685
291,voter,usable_complete_limited_metadata,6,0.012145748987854251
291,voter,usable_partial,137,0.2773279352226721
292,abstention,no_determinants,26,0.05138339920948617
292,abstention,too_many_missing_determinants,2,0.003952569169960474
292,abstention,usable_complete,397,0.7845849802371542
292,abstention,usable_complete_limited_metadata,26,0.05138339920948617
292,abstention,usable_partial,53,0.10474308300395258
292,abstention,usable_partial_limited_metadata,2,0.003952569169960474
292,voter,no_determinants,65,0.13157894736842105
292,voter,suspicious_determinants,2,0.004048582995951417
292,voter,too_many_missing_determinants,22,0.044534412955465584
292,voter,usable_complete,284,0.5748987854251012
292,voter,usable_complete_limited_metadata,5,0.010121457489878543
292,voter,usable_partial,114,0.23076923076923078
292,voter,usable_partial_limited_metadata,2,0.004048582995951417
293,abstention,no_determinants,34,0.06719367588932806
293,abstention,suspicious_determinants,1,0.001976284584980237
293,abstention,too_many_missing_determinants,4,0.007905138339920948
293,abstention,usable_complete,403,0.7964426877470355
293,abstention,usable_complete_limited_metadata,17,0.03359683794466403
293,abstention,usable_partial,45,0.08893280632411067
293,abstention,usable_partial_limited_metadata,2,0.003952569169960474
293,voter,no_determinants,69,0.1396761133603239
293,voter,too_many_missing_determinants,20,0.04048582995951417
293,voter,usable_complete,301,0.6093117408906883
293,voter,usable_complete_limited_metadata,3,0.006072874493927126
293,voter,usable_partial,100,0.20242914979757085
293,voter,usable_partial_limited_metadata,1,0.0020242914979757085
294,abstention,no_determinants,28,0.05533596837944664
294,abstention,suspicious_determinants,1,0.001976284584980237
294,abstention,too_many_missing_determinants,3,0.005928853754940711
294,abstention,usable_complete,405,0.8003952569169961
294,abstention,usable_complete_limited_metadata,15,0.029644268774703556
294,abstention,usable_partial,50,0.09881422924901186
294,abstention,usable_partial_limited_metadata,4,0.007905138339920948
294,voter,no_determinants,66,0.13360323886639677
294,voter,suspicious_determinants,1,0.0020242914979757085
294,voter,too_many_missing_determinants,11,0.022267206477732792
294,voter,usable_complete,289,0.5850202429149798
294,voter,usable_complete_limited_metadata,9,0.018218623481781375
294,voter,usable_partial,116,0.23481781376518218
294,voter,usable_partial_limited_metadata,2,0.004048582995951417
295,abstention,no_determinants,23,0.045454545454545456
295,abstention,suspicious_determinants,1,0.001976284584980237
295,abstention,too_many_missing_determinants,2,0.003952569169960474
295,abstention,usable_complete,408,0.8063241106719368
295,abstention,usable_complete_limited_metadata,15,0.029644268774703556
295,abstention,usable_partial,57,0.11264822134387352
295,voter,no_determinants,62,0.12550607287449392
295,voter,suspicious_determinants,2,0.004048582995951417
295,voter,too_many_missing_determinants,22,0.044534412955465584
295,voter,usable_complete,290,0.5870445344129555
295,voter,usable_complete_limited_metadata,9,0.018218623481781375
295,voter,usable_partial,109,0.22064777327935223
296,abstention,no_determinants,26,0.05138339920948617
296,abstention,suspicious_determinants,2,0.003952569169960474
296,abstention,too_many_missing_determinants,6,0.011857707509881422
296,abstention,usable_complete,404,0.7984189723320159
296,abstention,usable_complete_limited_metadata,17,0.03359683794466403
296,abstention,usable_partial,48,0.09486166007905138
296,abstention,usable_partial_limited_metadata,3,0.005928853754940711
296,voter,no_determinants,74,0.14979757085020243
296,voter,suspicious_determinants,4,0.008097165991902834
296,voter,too_many_missing_determinants,12,0.024291497975708502
296,voter,usable_complete,279,0.5647773279352226
296,voter,usable_complete_limited_metadata,12,0.024291497975708502
296,voter,usable_partial,113,0.22874493927125505
297,abstention,no_determinants,30,0.05928853754940711
297,abstention,suspicious_determinants,2,0.003952569169960474
297,abstention,too_many_missing_determinants,3,0.005928853754940711
297,abstention,usable_complete,412,0.8142292490118577
297,abstention,usable_complete_limited_metadata,17,0.03359683794466403
297,abstention,usable_partial,39,0.07707509881422925
297,abstention,usable_partial_limited_metadata,3,0.005928853754940711
297,voter,no_determinants,61,0.12348178137651822
297,voter,suspicious_determinants,3,0.006072874493927126
297,voter,too_many_missing_determinants,15,0.030364372469635626
297,voter,usable_complete,300,0.6072874493927125
297,voter,usable_complete_limited_metadata,6,0.012145748987854251
297,voter,usable_partial,109,0.22064777327935223
298,abstention,no_determinants,28,0.05533596837944664
298,abstention,suspicious_determinants,1,0.001976284584980237
298,abstention,too_many_missing_determinants,1,0.001976284584980237
298,abstention,usable_complete,400,0.7905138339920948
298,abstention,usable_complete_limited_metadata,19,0.037549407114624504
298,abstention,usable_partial,54,0.1067193675889328
298,abstention,usable_partial_limited_metadata,3,0.005928853754940711
298,voter,no_determinants,67,0.13562753036437247
298,voter,suspicious_determinants,4,0.008097165991902834
298,voter,too_many_missing_determinants,16,0.032388663967611336
298,voter,usable_complete,279,0.5647773279352226
298,voter,usable_complete_limited_metadata,11,0.022267206477732792
298,voter,usable_partial,117,0.23684210526315788
299,abstention,no_determinants,25,0.04940711462450593
299,abstention,too_many_missing_determinants,4,0.007905138339920948
299,abstention,usable_complete,410,0.8102766798418972
299,abstention,usable_complete_limited_metadata,17,0.03359683794466403
299,abstention,usable_partial,47,0.09288537549407115
299,abstention,usable_partial_limited_metadata,3,0.005928853754940711
299,voter,no_determinants,62,0.12550607287449392
299,voter,suspicious_determinants,3,0.006072874493927126
299,voter,too_many_missing_determinants,17,0.03441295546558704
299,voter,usable_complete,285,0.5769230769230769
299,voter,usable_complete_limited_metadata,13,0.02631578947368421
299,voter,usable_partial,114,0.23076923076923078
300,abstention,no_determinants,31,0.06126482213438735
300,abstention,suspicious_determinants,1,0.001976284584980237
300,abstention,too_many_missing_determinants,9,0.017786561264822136
300,abstention,usable_complete,399,0.7885375494071146
300,abstention,usable_complete_limited_metadata,18,0.03557312252964427
300,abstention,usable_partial,44,0.08695652173913043
300,abstention,usable_partial_limited_metadata,4,0.007905138339920948
300,voter,no_determinants,60,0.1214574898785425
300,voter,too_many_missing_determinants,23,0.0465587044534413
300,voter,usable_complete,287,0.5809716599190283
300,voter,usable_complete_limited_metadata,13,0.02631578947368421
300,voter,usable_partial,110,0.22267206477732793
300,voter,usable_partial_limited_metadata,1,0.0020242914979757085
301,abstention,no_determinants,38,0.07509881422924901
301,abstention,suspicious_determinants,1,0.001976284584980237
301,abstention,too_many_missing_determinants,3,0.005928853754940711
301,abstention,usable_complete,393,0.7766798418972332
301,abstention,usable_complete_limited_metadata,24,0.04743083003952569
301,abstention,usable_partial,42,0.08300395256916997
301,abstention,usable_partial_limited_metadata,5,0.009881422924901186
301,voter,no_determinants,69,0.1396761133603239
301,voter,suspicious_determinants,6,0.012145748987854251
301,voter,too_many_missing_determinants,16,0.032388663967611336
301,voter,usable_complete,275,0.5566801619433198
301,voter,usable_complete_limited_metadata,6,0.012145748987854251
301,voter,usable_partial,122,0.24696356275303644
302,abstention,no_determinants,27,0.0533596837944664
302,abstention,suspicious_determinants,4,0.007905138339920948
302,abstention,too_many_missing_determinants,3,0.005928853754940711
302,abstention,usable_complete,410,0.8102766798418972
302,abstention,usable_complete_limited_metadata,19,0.037549407114624504
302,abstention,usable_partial,40,0.07905138339920949
302,abstention,usable_partial_limited_metadata,3,0.005928853754940711
302,voter,no_determinants,68,0.13765182186234817
302,voter,suspicious_determinants,4,0.008097165991902834
302,voter,too_many_missing_determinants,13,0.02631578947368421
302,voter,usable_complete,287,0.5809716599190283
302,voter,usable_complete_limited_metadata,10,0.020242914979757085
302,voter,usable_partial,111,0.22469635627530365
302,voter,usable_partial_limited_metadata,1,0.0020242914979757085
303,abstention,no_determinants,41,0.08102766798418973
303,abstention,too_many_missing_determinants,9,0.017786561264822136
303,abstention,usable_complete,387,0.7648221343873518
303,abstention,usable_complete_limited_metadata,16,0.03162055335968379
303,abstention,usable_partial,50,0.09881422924901186
303,abstention,usable_partial_limited_metadata,3,0.005928853754940711
303,voter,no_determinants,71,0.1437246963562753
303,voter,too_many_missing_determinants,11,0.022267206477732792
303,voter,usable_complete,297,0.6012145748987854
303,voter,usable_complete_limited_metadata,9,0.018218623481781375
303,voter,usable_partial,105,0.2125506072874494
303,voter,usable_partial_limited_metadata,1,0.0020242914979757085
304,abstention,no_determinants,32,0.06324110671936758
304,abstention,too_many_missing_determinants,2,0.003952569169960474
304,abstention,usable_complete,397,0.7845849802371542
304,abstention,usable_complete_limited_metadata,17,0.03359683794466403
304,abstention,usable_partial,57,0.11264822134387352
304,abstention,usable_partial_limited_metadata,1,0.001976284584980237
304,voter,no_determinants,63,0.12753036437246965
304,voter,suspicious_determinants,4,0.008097165991902834
304,voter,too_many_missing_determinants,17,0.03441295546558704
304,voter,usable_complete,279,0.5647773279352226
304,voter,usable_complete_limited_metadata,9,0.018218623481781375
304,voter,usable_partial,122,0.24696356275303644
305,abstention,no_determinants,42,0.08300395256916997
305,abstention,suspicious_determinants,3,0.005928853754940711
305,abstention,too_many_missing_determinants,4,0.007905138339920948
305,abstention,usable_complete,391,0.7727272727272727
305,abstention,usable_complete_limited_metadata,17,0.03359683794466403
305,abstention,usable_partial,45,0.08893280632411067
305,abstention,usable_partial_limited_metadata,4,0.007905138339920948
305,voter,no_determinants,75,0.15182186234817813
305,voter,suspicious_determinants,3,0.006072874493927126
305,voter,too_many_missing_determinants,20,0.04048582995951417
305,voter,usable_complete,282,0.5708502024291497
305,voter,usable_complete_limited_metadata,5,0.010121457489878543
305,voter,usable_partial,109,0.22064777327935223
306,abstention,no_determinants,38,0.07509881422924901
306,abstention,suspicious_determinants,1,0.001976284584980237
306,abstention,too_many_missing_determinants,4,0.007905138339920948
306,abstention,usable_complete,397,0.7845849802371542
306,abstention,usable_complete_limited_metadata,20,0.039525691699604744
306,abstention,usable_partial,44,0.08695652173913043
306,abstention,usable_partial_limited_metadata,2,0.003952569169960474
306,voter,no_determinants,70,0.1417004048582996
306,voter,suspicious_determinants,1,0.0020242914979757085
306,voter,too_many_missing_determinants,19,0.038461538461538464
306,voter,usable_complete,289,0.5850202429149798
306,voter,usable_complete_limited_metadata,9,0.018218623481781375
306,voter,usable_partial,106,0.2145748987854251
307,abstention,no_determinants,35,0.0691699604743083
307,abstention,too_many_missing_determinants,5,0.009881422924901186
307,abstention,usable_complete,409,0.808300395256917
307,abstention,usable_complete_limited_metadata,12,0.023715415019762844
307,abstention,usable_partial,44,0.08695652173913043
307,abstention,usable_partial_limited_metadata,1,0.001976284584980237
307,voter,no_determinants,66,0.13360323886639677
307,voter,suspicious_determinants,1,0.0020242914979757085
307,voter,too_many_missing_determinants,22,0.044534412955465584
307,voter,usable_complete,293,0.5931174089068826
307,voter,usable_complete_limited_metadata,9,0.018218623481781375
307,voter,usable_partial,103,0.20850202429149797
308,abstention,no_determinants,25,0.04940711462450593
308,abstention,too_many_missing_determinants,2,0.003952569169960474
308,abstention,usable_complete,421,0.8320158102766798
308,abstention,usable_complete_limited_metadata,13,0.025691699604743084
308,abstention,usable_partial,43,0.08498023715415019
308,abstention,usable_partial_limited_metadata,2,0.003952569169960474
308,voter,no_determinants,64,0.12955465587044535
308,voter,too_many_missing_determinants,24,0.048582995951417005
308,voter,usable_complete,282,0.5708502024291497
308,voter,usable_complete_limited_metadata,11,0.022267206477732792
308,voter,usable_partial,113,0.22874493927125505
309,abstention,no_determinants,26,0.05138339920948617
309,abstention,too_many_missing_determinants,1,0.001976284584980237
309,abstention,usable_complete,413,0.8162055335968379
309,abstention,usable_complete_limited_metadata,28,0.05533596837944664
309,abstention,usable_partial,37,0.07312252964426877
309,abstention,usable_partial_limited_metadata,1,0.001976284584980237
309,voter,no_determinants,63,0.12753036437246965
309,voter,too_many_missing_determinants,8,0.016194331983805668
309,voter,usable_complete,312,0.631578947368421
309,voter,usable_complete_limited_metadata,7,0.01417004048582996
309,voter,usable_partial,102,0.20647773279352227
309,voter,usable_partial_limited_metadata,2,0.004048582995951417
310,abstention,no_determinants,38,0.07509881422924901
310,abstention,too_many_missing_determinants,4,0.007905138339920948
310,abstention,usable_complete,395,0.7806324110671937
310,abstention,usable_complete_limited_metadata,19,0.037549407114624504
310,abstention,usable_partial,47,0.09288537549407115
310,abstention,usable_partial_limited_metadata,3,0.005928853754940711
310,voter,no_determinants,70,0.1417004048582996
310,voter,suspicious_determinants,1,0.0020242914979757085
310,voter,too_many_missing_determinants,13,0.02631578947368421
310,voter,usable_complete,299,0.6052631578947368
310,voter,usable_complete_limited_metadata,10,0.020242914979757085
310,voter,usable_partial,101,0.20445344129554655
311,abstention,no_determinants,34,0.06719367588932806
311,abstention,suspicious_determinants,2,0.003952569169960474
311,abstention,too_many_missing_determinants,5,0.009881422924901186
311,abstention,usable_complete,399,0.7885375494071146
311,abstention,usable_complete_limited_metadata,18,0.03557312252964427
311,abstention,usable_partial,46,0.09090909090909091
311,abstention,usable_partial_limited_metadata,2,0.003952569169960474
311,voter,no_determinants,70,0.1417004048582996
311,voter,suspicious_determinants,5,0.010121457489878543
311,voter,too_many_missing_determinants,17,0.03441295546558704
311,voter,usable_complete,286,0.5789473684210527
311,voter,usable_complete_limited_metadata,11,0.022267206477732792
311,voter,usable_partial,105,0.2125506072874494
312,abstention,no_determinants,29,0.05731225296442688
312,abstention,too_many_missing_determinants,4,0.007905138339920948
312,abstention,usable_complete,405,0.8003952569169961
312,abstention,usable_complete_limited_metadata,25,0.04940711462450593
312,abstention,usable_partial,42,0.08300395256916997
312,abstention,usable_partial_limited_metadata,1,0.001976284584980237
312,voter,no_determinants,75,0.15182186234817813
312,voter,suspicious_determinants,1,0.0020242914979757085
312,voter,too_many_missing_determinants,25,0.05060728744939271
312,voter,usable_complete,275,0.5566801619433198
312,voter,usable_complete_limited_metadata,9,0.018218623481781375
312,voter,usable_partial,109,0.22064777327935223
313,abstention,no_determinants,26,0.05138339920948617
313,abstention,suspicious_determinants,1,0.001976284584980237
313,abstention,too_many_missing_determinants,5,0.009881422924901186
313,abstention,usable_complete,408,0.8063241106719368
313,abstention,usable_complete_limited_metadata,15,0.029644268774703556
313,abstention,usable_partial,50,0.09881422924901186
313,abstention,usable_partial_limited_metadata,1,0.001976284584980237
313,voter,no_determinants,57,0.11538461538461539
313,voter,suspicious_determinants,1,0.0020242914979757085
313,voter,too_many_missing_determinants,18,0.03643724696356275
313,voter,usable_complete,301,0.6093117408906883
313,voter,usable_complete_limited_metadata,8,0.016194331983805668
313,voter,usable_partial,109,0.22064777327935223
314,abstention,no_determinants,28,0.05533596837944664
314,abstention,suspicious_determinants,2,0.003952569169960474
314,abstention,too_many_missing_determinants,5,0.009881422924901186
314,abstention,usable_complete,386,0.7628458498023716
314,abstention,usable_complete_limited_metadata,20,0.039525691699604744
314,abstention,usable_partial,60,0.11857707509881422
314,abstention,usable_partial_limited_metadata,5,0.009881422924901186
314,voter,no_determinants,63,0.12753036437246965
314,voter,suspicious_determinants,4,0.008097165991902834
314,voter,too_many_missing_determinants,10,0.020242914979757085
314,voter,usable_complete,304,0.6153846153846154
314,voter,usable_complete_limited_metadata,1,0.0020242914979757085
314,voter,usable_partial,112,0.22672064777327935
315,abstention,no_determinants,34,0.06719367588932806
315,abstention,suspicious_determinants,1,0.001976284584980237
315,abstention,too_many_missing_determinants,4,0.007905138339920948
315,abstention,usable_complete,395,0.7806324110671937
315,abstention,usable_complete_limited_metadata,19,0.037549407114624504
315,abstention,usable_partial,52,0.10276679841897234
315,abstention,usable_partial_limited_metadata,1,0.001976284584980237
315,voter,no_determinants,62,0.12550607287449392
315,voter,too_many_missing_determinants,22,0.044534412955465584
315,voter,usable_complete,299,0.6052631578947368
315,voter,usable_complete_limited_metadata,10,0.020242914979757085
315,voter,usable_partial,101,0.20445344129554655
316,abstention,no_determinants,26,0.05138339920948617
316,abstention,suspicious_determinants,4,0.007905138339920948
316,abstention,too_many_missing_determinants,2,0.003952569169960474
316,abstention,usable_complete,408,0.8063241106719368
316,abstention,usable_complete_limited_metadata,22,0.043478260869565216
316,abstention,usable_partial,41,0.08102766798418973
316,abstention,usable_partial_limited_metadata,3,0.005928853754940711
316,voter,no_determinants,60,0.1214574898785425
316,voter,suspicious_determinants,3,0.006072874493927126
316,voter,too_many_missing_determinants,7,0.01417004048582996
316,voter,usable_complete,305,0.6174089068825911
316,voter,usable_complete_limited_metadata,6,0.012145748987854251
316,voter,usable_partial,111,0.22469635627530365
316,voter,usable_partial_limited_metadata,2,0.004048582995951417
317,abstention,no_determinants,33,0.06521739130434782
317,abstention,suspicious_determinants,2,0.003952569169960474
317,abstention,too_many_missing_determinants,2,0.003952569169960474
317,abstention,usable_complete,403,0.7964426877470355
317,abstention,usable_complete_limited_metadata,14,0.02766798418972332
317,abstention,usable_partial,48,0.09486166007905138
317,abstention,usable_partial_limited_metadata,4,0.007905138339920948
317,voter,no_determinants,76,0.15384615384615385
317,voter,suspicious_determinants,3,0.006072874493927126
317,voter,too_many_missing_determinants,12,0.024291497975708502
317,voter,usable_complete,290,0.5870445344129555
317,voter,usable_complete_limited_metadata,9,0.018218623481781375
317,voter,usable_partial,104,0.21052631578947367
318,abstention,no_determinants,21,0.041501976284584984
318,abstention,too_many_missing_determinants,8,0.015810276679841896
318,abstention,usable_complete,419,0.8280632411067194
318,abstention,usable_complete_limited_metadata,17,0.03359683794466403
318,abstention,usable_partial,39,0.07707509881422925
318,abstention,usable_partial_limited_metadata,2,0.003952569169960474
318,voter,no_determinants,73,0.14777327935222673
318,voter,too_many_missing_determinants,15,0.030364372469635626
318,voter,usable_complete,293,0.5931174089068826
318,voter,usable_complete_limited_metadata,11,0.022267206477732792
318,voter,usable_partial,101,0.20445344129554655
318,voter,usable_partial_limited_metadata,1,0.0020242914979757085
319,abstention,no_determinants,33,0.06521739130434782
319,abstention,too_many_missing_determinants,1,0.001976284584980237
319,abstention,usable_complete,390,0.7707509881422925
319,abstention,usable_complete_limited_metadata,24,0.04743083003952569
319,abstention,usable_partial,55,0.10869565217391304
319,abstention,usable_partial_limited_metadata,3,0.005928853754940711
319,voter,no_determinants,56,0.11336032388663968
319,voter,suspicious_determinants,3,0.006072874493927126
319,voter,too_many_missing_determinants,18,0.03643724696356275
319,voter,usable_complete,307,0.6214574898785425
319,voter,usable_complete_limited_metadata,11,0.022267206477732792
319,voter,usable_partial,99,0.20040485829959515
320,abstention,no_determinants,23,0.045454545454545456
320,abstention,suspicious_determinants,1,0.001976284584980237
320,abstention,too_many_missing_determinants,5,0.009881422924901186
320,abstention,usable_complete,412,0.8142292490118577
320,abstention,usable_complete_limited_metadata,22,0.043478260869565216
320,abstention,usable_partial,40,0.07905138339920949
320,abstention,usable_partial_limited_metadata,3,0.005928853754940711
320,voter,no_determinants,85,0.1720647773279352
320,voter,suspicious_determinants,5,0.010121457489878543
320,voter,too_many_missing_determinants,19,0.038461538461538464
320,voter,usable_complete,269,0.5445344129554656
320,voter,usable_complete_limited_metadata,10,0.020242914979757085
320,voter,usable_partial,106,0.2145748987854251
321,abstention,no_determinants,31,0.06126482213438735
321,abstention,suspicious_determinants,1,0.001976284584980237
321,abstention,too_many_missing_determinants,7,0.01383399209486166
321,abstention,usable_complete,374,0.7391304347826086
321,abstention,usable_complete_limited_metadata,27,0.0533596837944664
321,abstention,usable_partial,63,0.12450592885375494
321,abstention,usable_partial_limited_metadata,3,0.005928853754940711
321,voter,no_determinants,65,0.13157894736842105
321,voter,suspicious_determinants,6,0.012145748987854251
321,voter,too_many_missing_determinants,21,0.04251012145748988
321,voter,usable_complete,285,0.5769230769230769
321,voter,usable_complete_limited_metadata,13,0.02631578947368421
321,voter,usable_partial,104,0.21052631578947367
322,abstention,no_determinants,27,0.0533596837944664
322,abstention,suspicious_determinants,2,0.003952569169960474
322,abstention,too_many_missing_determinants,5,0.009881422924901186
322,abstention,usable_complete,402,0.7944664031620553
322,abstention,usable_complete_limited_metadata,17,0.03359683794466403
322,abstention,usable_partial,52,0.10276679841897234
322,abstention,usable_partial_limited_metadata,1,0.001976284584980237
322,voter,no_determinants,68,0.13765182186234817
322,voter,suspicious_determinants,2,0.004048582995951417
322,voter,too_many_missing_determinants,20,0.04048582995951417
322,voter,usable_complete,285,0.5769230769230769
322,voter,usable_complete_limited_metadata,8,0.016194331983805668
322,voter,usable_partial,111,0.22469635627530365
323,abstention,no_determinants,30,0.05928853754940711
323,abstention,suspicious_determinants,2,0.003952569169960474
323,abstention,too_many_missing_determinants,6,0.011857707509881422
323,abstention,usable_complete,409,0.808300395256917
323,abstention,usable_complete_limited_metadata,24,0.04743083003952569
323,abstention,usable_partial,33,0.06521739130434782
323,abstention,usable_partial_limited_metadata,2,0.003952569169960474
323,voter,no_determinants,74,0.14979757085020243
323,voter,suspicious_determinants,4,0.008097165991902834
323,voter,too_many_missing_determinants,22,0.044534412955465584
323,voter,usable_complete,285,0.5769230769230769
323,voter,usable_complete_limited_metadata,10,0.020242914979757085
323,voter,usable_partial,99,0.20040485829959515
324,abstention,no_determinants,35,0.0691699604743083
324,abstention,suspicious_determinants,1,0.001976284584980237
324,abstention,too_many_missing_determinants,4,0.007905138339920948
324,abstention,usable_complete,393,0.7766798418972332
324,abstention,usable_complete_limited_metadata,22,0.043478260869565216
324,abstention,usable_partial,49,0.09683794466403162
324,abstention,usable_partial_limited_metadata,2,0.003952569169960474
324,voter,no_determinants,62,0.12550607287449392
324,voter,suspicious_determinants,1,0.0020242914979757085
324,voter,too_many_missing_determinants,17,0.03441295546558704
324,voter,usable_complete,287,0.5809716599190283
324,voter,usable_complete_limited_metadata,10,0.020242914979757085
324,voter,usable_partial,117,0.23684210526315788
325,abstention,no_determinants,23,0.045454545454545456
325,abstention,suspicious_determinants,1,0.001976284584980237
325,abstention,too_many_missing_determinants,4,0.007905138339920948
325,abstention,usable_complete,410,0.8102766798418972
325,abstention,usable_complete_limited_metadata,18,0.03557312252964427
325,abstention,usable_partial,50,0.09881422924901186
325,voter,no_determinants,71,0.1437246963562753
325,voter,suspicious_determinants,3,0.006072874493927126
325,voter,too_many_missing_determinants,18,0.03643724696356275
325,voter,usable_complete,274,0.5546558704453441
325,voter,usable_complete_limited_metadata,8,0.016194331983805668
325,voter,usable_partial,120,0.242914979757085
326,abstention,no_determinants,26,0.05138339920948617
326,abstention,suspicious_determinants,1,0.001976284584980237
326,abstention,too_many_missing_determinants,4,0.007905138339920948
326,abstention,usable_complete,398,0.7865612648221344
326,abstention,usable_complete_limited_metadata,19,0.037549407114624504
326,abstention,usable_partial,55,0.10869565217391304
326,abstention,usable_partial_limited_metadata,3,0.005928853754940711
326,voter,no_determinants,67,0.13562753036437247
326,voter,too_many_missing_determinants,17,0.03441295546558704
326,voter,usable_complete,297,0.6012145748987854
326,voter,usable_complete_limited_metadata,8,0.016194331983805668
326,voter,usable_partial,105,0.2125506072874494
327,abstention,no_determinants,32,0.06324110671936758
327,abstention,suspicious_determinants,1,0.001976284584980237
327,abstention,too_many_missing_determinants,7,0.01383399209486166
327,abstention,usable_complete,382,0.7549407114624506
327,abstention,usable_complete_limited_metadata,20,0.039525691699604744
327,abstention,usable_partial,61,0.12055335968379446
327,abstention,usable_partial_limited_metadata,3,0.005928853754940711
327,voter,no_determinants,72,0.145748987854251
327,voter,too_many_missing_determinants,22,0.044534412955465584
327,voter,usable_complete,284,0.5748987854251012
327,voter,usable_complete_limited_metadata,13,0.02631578947368421
327,voter,usable_partial,103,0.20850202429149797
328,abstention,no_determinants,24,0.04743083003952569
328,abstention,suspicious_determinants,1,0.001976284584980237
328,abstention,too_many_missing_determinants,5,0.009881422924901186
328,abstention,usable_complete,411,0.8122529644268774
328,abstention,usable_complete_limited_metadata,13,0.025691699604743084
328,abstention,usable_partial,49,0.09683794466403162
328,abstention,usable_partial_limited_metadata,3,0.005928853754940711
328,voter,no_determinants,84,0.1700404858299595
328,voter,suspicious_determinants,3,0.006072874493927126
328,voter,too_many_missing_determinants,19,0.038461538461538464
328,voter,usable_complete,258,0.5222672064777328
328,voter,usable_complete_limited_metadata,10,0.020242914979757085
328,voter,usable_partial,120,0.242914979757085
329,abstention,no_determinants,40,0.07905138339920949
329,abstention,suspicious_determinants,1,0.001976284584980237
329,abstention,too_many_missing_determinants,6,0.011857707509881422
329,abstention,usable_complete,396,0.782608695652174
329,abstention,usable_complete_limited_metadata,20,0.039525691699604744
329,abstention,usable_partial,42,0.08300395256916997
329,abstention,usable_partial_limited_metadata,1,0.001976284584980237
329,voter,no_determinants,83,0.1680161943319838
329,voter,suspicious_determinants,2,0.004048582995951417
329,voter,too_many_missing_determinants,19,0.038461538461538464
329,voter,usable_complete,288,0.582995951417004
329,voter,usable_complete_limited_metadata,12,0.024291497975708502
329,voter,usable_partial,90,0.18218623481781376
330,abstention,no_determinants,26,0.05138339920948617
330,abstention,too_many_missing_determinants,4,0.007905138339920948
330,abstention,usable_complete,416,0.8221343873517787
330,abstention,usable_complete_limited_metadata,22,0.043478260869565216
330,abstention,usable_partial,35,0.0691699604743083
330,abstention,usable_partial_limited_metadata,3,0.005928853754940711
330,voter,no_determinants,64,0.12955465587044535
330,voter,suspicious_determinants,2,0.004048582995951417
330,voter,too_many_missing_determinants,19,0.038461538461538464
330,voter,usable_complete,294,0.5951417004048583
330,voter,usable_complete_limited_metadata,13,0.02631578947368421
330,voter,usable_partial,102,0.20647773279352227
331,abstention,no_determinants,29,0.05731225296442688
331,abstention,too_many_missing_determinants,8,0.015810276679841896
331,abstention,usable_complete,389,0.7687747035573123
331,abstention,usable_complete_limited_metadata,18,0.03557312252964427
331,abstention,usable_partial,61,0.12055335968379446
331,abstention,usable_partial_limited_metadata,1,0.001976284584980237
331,voter,no_determinants,73,0.14777327935222673
331,voter,suspicious_determinants,1,0.0020242914979757085
331,voter,too_many_missing_determinants,21,0.04251012145748988
331,voter,usable_complete,282,0.5708502024291497
331,voter,usable_complete_limited_metadata,11,0.022267206477732792
331,voter,usable_partial,106,0.2145748987854251
332,abstention,no_determinants,40,0.07905138339920949
332,abstention,suspicious_determinants,1,0.001976284584980237
332,abstention,too_many_missing_determinants,2,0.003952569169960474
332,abstention,usable_complete,398,0.7865612648221344
332,abstention,usable_complete_limited_metadata,15,0.029644268774703556
332,abstention,usable_partial,46,0.09090909090909091
332,abstention,usable_partial_limited_metadata,4,0.007905138339920948
332,voter,no_determinants,67,0.13562753036437247
332,voter,suspicious_determinants,1,0.0020242914979757085
332,voter,too_many_missing_determinants,25,0.05060728744939271
332,voter,usable_complete,284,0.5748987854251012
332,voter,usable_complete_limited_metadata,12,0.024291497975708502
332,voter,usable_partial,105,0.2125506072874494
333,abstention,no_determinants,35,0.0691699604743083
333,abstention,suspicious_determinants,2,0.003952569169960474
333,abstention,too_many_missing_determinants,5,0.009881422924901186
333,abstention,usable_complete,395,0.7806324110671937
333,abstention,usable_complete_limited_metadata,9,0.017786561264822136
333,abstention,usable_partial,58,0.11462450592885376
333,abstention,usable_partial_limited_metadata,2,0.003952569169960474
333,voter,no_determinants,57,0.11538461538461539
333,voter,suspicious_determinants,4,0.008097165991902834
333,voter,too_many_missing_determinants,23,0.0465587044534413
333,voter,usable_complete,301,0.6093117408906883
333,voter,usable_complete_limited_metadata,10,0.020242914979757085
333,voter,usable_partial,99,0.20040485829959515
334,abstention,no_determinants,37,0.07312252964426877
334,abstention,suspicious_determinants,1,0.001976284584980237
334,abstention,too_many_missing_determinants,3,0.005928853754940711
334,abstention,usable_complete,389,0.7687747035573123
334,abstention,usable_complete_limited_metadata,22,0.043478260869565216
334,abstention,usable_partial,52,0.10276679841897234
334,abstention,usable_partial_limited_metadata,2,0.003952569169960474
334,voter,no_determinants,47,0.0951417004048583
334,voter,suspicious_determinants,5,0.010121457489878543
334,voter,too_many_missing_determinants,19,0.038461538461538464
334,voter,usable_complete,313,0.6336032388663968
334,voter,usable_complete_limited_metadata,10,0.020242914979757085
334,voter,usable_partial,100,0.20242914979757085
335,abstention,no_determinants,28,0.05533596837944664
335,abstention,too_many_missing_determinants,1,0.001976284584980237
335,abstention,usable_complete,408,0.8063241106719368
335,abstention,usable_complete_limited_metadata,16,0.03162055335968379
335,abstention,usable_partial,50,0.09881422924901186
335,abstention,usable_partial_limited_metadata,3,0.005928853754940711
335,voter,no_determinants,68,0.13765182186234817
335,voter,suspicious_determinants,1,0.0020242914979757085
335,voter,too_many_missing_determinants,18,0.03643724696356275
335,voter,usable_complete,292,0.5910931174089069
335,voter,usable_complete_limited_metadata,10,0.020242914979757085
335,voter,usable_partial,105,0.2125506072874494
336,abstention,no_determinants,31,0.06126482213438735
336,abstention,too_many_missing_determinants,2,0.003952569169960474
336,abstention,usable_complete,408,0.8063241106719368
336,abstention,usable_complete_limited_metadata,16,0.03162055335968379
336,abstention,usable_partial,47,0.09288537549407115
336,abstention,usable_partial_limited_metadata,2,0.003952569169960474
336,voter,no_determinants,67,0.13562753036437247
336,voter,suspicious_determinants,3,0.006072874493927126
336,voter,too_many_missing_determinants,15,0.030364372469635626
336,voter,usable_complete,302,0.611336032388664
336,voter,usable_complete_limited_metadata,6,0.012145748987854251
336,voter,usable_partial,101,0.20445344129554655
337,abstention,no_determinants,31,0.06126482213438735
337,abstention,suspicious_determinants,1,0.001976284584980237
337,abstention,too_many_missing_determinants,4,0.007905138339920948
337,abstention,usable_complete,398,0.7865612648221344
337,abstention,usable_complete_limited_metadata,21,0.041501976284584984
337,abstention,usable_partial,48,0.09486166007905138
337,abstention,usable_partial_limited_metadata,3,0.005928853754940711
337,voter,no_determinants,70,0.1417004048582996
337,voter,suspicious_determinants,3,0.006072874493927126
337,voter,too_many_missing_determinants,16,0.032388663967611336
337,voter,usable_complete,297,0.6012145748987854
337,voter,usable_complete_limited_metadata,12,0.024291497975708502
337,voter,usable_partial,95,0.19230769230769232
337,voter,usable_partial_limited_metadata,1,0.0020242914979757085
338,abstention,no_determinants,33,0.06521739130434782
338,abstention,too_many_missing_determinants,9,0.017786561264822136
338,abstention,usable_complete,409,0.808300395256917
338,abstention,usable_complete_limited_metadata,11,0.021739130434782608
338,abstention,usable_partial,40,0.07905138339920949
338,abstention,usable_partial_limited_metadata,4,0.007905138339920948
338,voter,no_determinants,75,0.15182186234817813
338,voter,suspicious_determinants,2,0.004048582995951417
338,voter,too_many_missing_determinants,15,0.030364372469635626
338,voter,usable_complete,291,0.5890688259109311
338,voter,usable_complete_limited_metadata,6,0.012145748987854251
338,voter,usable_partial,105,0.2125506072874494
339,abstention,no_determinants,37,0.07312252964426877
339,abstention,too_many_missing_determinants,7,0.01383399209486166
339,abstention,usable_complete,390,0.7707509881422925
339,abstention,usable_complete_limited_metadata,16,0.03162055335968379
339,abstention,usable_partial,52,0.10276679841897234
339,abstention,usable_partial_limited_metadata,4,0.007905138339920948
339,voter,no_determinants,65,0.13157894736842105
339,voter,suspicious_determinants,4,0.008097165991902834
339,voter,too_many_missing_determinants,11,0.022267206477732792
339,voter,usable_complete,281,0.5688259109311741
339,voter,usable_complete_limited_metadata,9,0.018218623481781375
339,voter,usable_partial,124,0.25101214574898784
340,abstention,no_determinants,24,0.04743083003952569
340,abstention,too_many_missing_determinants,5,0.009881422924901186
340,abstention,usable_complete,412,0.8142292490118577
340,abstention,usable_complete_limited_metadata,19,0.037549407114624504
340,abstention,usable_partial,45,0.08893280632411067
340,abstention,usable_partial_limited_metadata,1,0.001976284584980237
340,voter,no_determinants,69,0.1396761133603239
340,voter,suspicious_determinants,3,0.006072874493927126
340,voter,too_many_missing_determinants,20,0.04048582995951417
340,voter,usable_complete,276,0.5587044534412956
340,voter,usable_complete_limited_metadata,11,0.022267206477732792
340,voter,usable_partial,115,0.23279352226720648
341,abstention,no_determinants,32,0.06324110671936758
341,abstention,too_many_missing_determinants,4,0.007905138339920948
341,abstention,usable_complete,407,0.8043478260869565
341,abstention,usable_complete_limited_metadata,16,0.03162055335968379
341,abstention,usable_partial,43,0.08498023715415019
341,abstention,usable_partial_limited_metadata,4,0.007905138339920948
341,voter,no_determinants,79,0.15991902834008098
341,voter,suspicious_determinants,1,0.0020242914979757085
341,voter,too_many_missing_determinants,13,0.02631578947368421
341,voter,usable_complete,291,0.5890688259109311
341,voter,usable_complete_limited_metadata,6,0.012145748987854251
341,voter,usable_partial,104,0.21052631578947367
342,abstention,no_determinants,41,0.08102766798418973
342,abstention,suspicious_determinants,3,0.005928853754940711
342,abstention,too_many_missing_determinants,2,0.003952569169960474
342,abstention,usable_complete,394,0.7786561264822134
342,abstention,usable_complete_limited_metadata,14,0.02766798418972332
342,abstention,usable_partial,51,0.1007905138339921
342,abstention,usable_partial_limited_metadata,1,0.001976284584980237
342,voter,no_determinants,67,0.13562753036437247
342,voter,suspicious_determinants,3,0.006072874493927126
342,voter,too_many_missing_determinants,13,0.02631578947368421
342,voter,usable_complete,297,0.6012145748987854
342,voter,usable_complete_limited_metadata,5,0.010121457489878543
342,voter,usable_partial,108,0.21862348178137653
342,voter,usable_partial_limited_metadata,1,0.0020242914979757085
343,abstention,no_determinants,24,0.04743083003952569
343,abstention,suspicious_determinants,2,0.003952569169960474
343,abstention,too_many_missing_determinants,5,0.009881422924901186
343,abstention,usable_complete,411,0.8122529644268774
343,abstention,usable_complete_limited_metadata,12,0.023715415019762844
343,abstention,usable_partial,48,0.09486166007905138
343,abstention,usable_partial_limited_metadata,4,0.007905138339920948
343,voter,no_determinants,74,0.14979757085020243
343,voter,suspicious_determinants,2,0.004048582995951417
343,voter,too_many_missing_determinants,12,0.024291497975708502
343,voter,usable_complete,294,0.5951417004048583
343,voter,usable_complete_limited_metadata,6,0.012145748987854251
343,voter,usable_partial,105,0.2125506072874494
343,voter,usable_partial_limited_metadata,1,0.0020242914979757085
344,abstention,no_determinants,30,0.05928853754940711
344,abstention,suspicious_determinants,4,0.007905138339920948
344,abstention,too_many_missing_determinants,3,0.005928853754940711
344,abstention,usable_complete,391,0.7727272727272727
344,abstention,usable_complete_limited_metadata,14,0.02766798418972332
344,abstention,usable_partial,62,0.1225296442687747
344,abstention,usable_partial_limited_metadata,2,0.003952569169960474
344,voter,no_determinants,72,0.145748987854251
344,voter,suspicious_determinants,4,0.008097165991902834
344,voter,too_many_missing_determinants,13,0.02631578947368421
344,voter,usable_complete,275,0.5566801619433198
344,voter,usable_complete_limited_metadata,10,0.020242914979757085
344,voter,usable_partial,119,0.2408906882591093
344,voter,usable_partial_limited_metadata,1,0.0020242914979757085
345,abstention,no_determinants,28,0.05533596837944664
345,abstention,too_many_missing_determinants,8,0.015810276679841896
345,abstention,usable_complete,397,0.7845849802371542
345,abstention,usable_complete_limited_metadata,22,0.043478260869565216
345,abstention,usable_partial,51,0.1007905138339921
345,voter,no_determinants,68,0.13765182186234817
345,voter,suspicious_determinants,4,0.008097165991902834
345,voter,too_many_missing_determinants,16,0.032388663967611336
345,voter,usable_complete,290,0.5870445344129555
345,voter,usable_complete_limited_metadata,3,0.006072874493927126
345,voter,usable_partial,113,0.22874493927125505
346,abstention,no_determinants,20,0.039525691699604744
346,abstention,suspicious_determinants,2,0.003952569169960474
346,abstention,too_many_missing_determinants,2,0.003952569169960474
346,abstention,usable_complete,404,0.7984189723320159
346,abstention,usable_complete_limited_metadata,23,0.045454545454545456
346,abstention,usable_partial,54,0.1067193675889328
346,abstention,usable_partial_limited_metadata,1,0.001976284584980237
346,voter,no_determinants,81,0.16396761133603238
346,voter,suspicious_determinants,4,0.008097165991902834
346,voter,too_many_missing_determinants,15,0.030364372469635626
346,voter,usable_complete,286,0.5789473684210527
346,voter,usable_complete_limited_metadata,6,0.012145748987854251
346,voter,usable_partial,102,0.20647773279352227
347,abstention,no_determinants,36,0.07114624505928854
347,abstention,too_many_missing_determinants,4,0.007905138339920948
347,abstention,usable_complete,396,0.782608695652174
347,abstention,usable_complete_limited_metadata,20,0.039525691699604744
347,abstention,usable_partial,48,0.09486166007905138
347,abstention,usable_partial_limited_metadata,2,0.003952569169960474
347,voter,no_determinants,72,0.145748987854251
347,voter,too_many_missing_determinants,18,0.03643724696356275
347,voter,usable_complete,299,0.6052631578947368
347,voter,usable_complete_limited_metadata,9,0.018218623481781375
347,voter,usable_partial,96,0.19433198380566802
348,abstention,no_determinants,34,0.06719367588932806
348,abstention,too_many_missing_determinants,3,0.005928853754940711
348,abstention,usable_complete,409,0.808300395256917
348,abstention,usable_complete_limited_metadata,16,0.03162055335968379
348,abstention,usable_partial,42,0.08300395256916997
348,abstention,usable_partial_limited_metadata,2,0.003952569169960474
348,voter,no_determinants,67,0.13562753036437247
348,voter,suspicious_determinants,2,0.004048582995951417
348,voter,too_many_missing_determinants,13,0.02631578947368421
348,voter,usable_complete,314,0.6356275303643725
348,voter,usable_complete_limited_metadata,7,0.01417004048582996
348,voter,usable_partial,91,0.18421052631578946
349,abstention,no_determinants,29,0.05731225296442688
349,abstention,too_many_missing_determinants,3,0.005928853754940711
349,abstention,usable_complete,405,0.8003952569169961
349,abstention,usable_complete_limited_metadata,19,0.037549407114624504
349,abstention,usable_partial,50,0.09881422924901186
349,voter,no_determinants,58,0.11740890688259109
349,voter,suspicious_determinants,4,0.008097165991902834
349,voter,too_many_missing_determinants,24,0.048582995951417005
349,voter,usable_complete,287,0.5809716599190283
349,voter,usable_complete_limited_metadata,7,0.01417004048582996
349,voter,usable_partial,113,0.22874493927125505
349,voter,usable_partial_limited_metadata,1,0.0020242914979757085
350,abstention,no_determinants,28,0.05533596837944664
350,abstention,suspicious_determinants,1,0.001976284584980237
350,abstention,too_many_missing_determinants,1,0.001976284584980237
350,abstention,usable_complete,412,0.8142292490118577
350,abstention,usable_complete_limited_metadata,14,0.02766798418972332
350,abstention,usable_partial,48,0.09486166007905138
350,abstention,usable_partial_limited_metadata,2,0.003952569169960474
350,voter,no_determinants,67,0.13562753036437247
350,voter,suspicious_determinants,2,0.004048582995951417
350,voter,too_many_missing_determinants,16,0.032388663967611336
350,voter,usable_complete,287,0.5809716599190283
350,voter,usable_complete_limited_metadata,12,0.024291497975708502
350,voter,usable_partial,110,0.22267206477732793
351,abstention,no_determinants,33,0.06521739130434782
351,abstention,suspicious_determinants,1,0.001976284584980237
351,abstention,too_many_missing_determinants,3,0.005928853754940711
351,abstention,usable_complete,396,0.782608695652174
351,abstention,usable_complete_limited_metadata,19,0.037549407114624504
351,abstention,usable_partial,52,0.10276679841897234
351,abstention,usable_partial_limited_metadata,2,0.003952569169960474
351,voter,no_determinants,57,0.11538461538461539
351,voter,suspicious_determinants,4,0.008097165991902834
351,voter,too_many_missing_determinants,24,0.048582995951417005
351,voter,usable_complete,286,0.5789473684210527
351,voter,usable_complete_limited_metadata,12,0.024291497975708502
351,voter,usable_partial,111,0.22469635627530365
352,abstention,no_determinants,26,0.05138339920948617
352,abstention,suspicious_determinants,1,0.001976284584980237
352,abstention,too_many_missing_determinants,2,0.003952569169960474
352,abstention,usable_complete,397,0.7845849802371542
352,abstention,usable_complete_limited_metadata,14,0.02766798418972332
352,abstention,usable_partial,63,0.12450592885375494
352,abstention,usable_partial_limited_metadata,3,0.005928853754940711
352,voter,no_determinants,61,0.12348178137651822
352,voter,suspicious_determinants,4,0.008097165991902834
352,voter,too_many_missing_determinants,21,0.04251012145748988
352,voter,usable_complete,290,0.5870445344129555
352,voter,usable_complete_limited_metadata,6,0.012145748987854251
352,voter,usable_partial,112,0.22672064777327935
353,abstention,no_determinants,28,0.05533596837944664
353,abstention,suspicious_determinants,1,0.001976284584980237
353,abstention,too_many_missing_determinants,5,0.009881422924901186
353,abstention,usable_complete,400,0.7905138339920948
353,abstention,usable_complete_limited_metadata,21,0.041501976284584984
353,abstention,usable_partial,45,0.08893280632411067
353,abstention,usable_partial_limited_metadata,6,0.011857707509881422
353,voter,no_determinants,88,0.17813765182186234
353,voter,suspicious_determinants,2,0.004048582995951417
353,voter,too_many_missing_determinants,12,0.024291497975708502
353,voter,usable_complete,250,0.5060728744939271
353,voter,usable_complete_limited_metadata,13,0.02631578947368421
353,voter,usable_partial,129,0.2611336032388664
354,abstention,no_determinants,33,0.06521739130434782
354,abstention,suspicious_determinants,1,0.001976284584980237
354,abstention,too_many_missing_determinants,5,0.009881422924901186
354,abstention,usable_complete,398,0.7865612648221344
354,abstention,usable_complete_limited_metadata,23,0.045454545454545456
354,abstention,usable_partial,43,0.08498023715415019
354,abstention,usable_partial_limited_metadata,3,0.005928853754940711
354,voter,no_determinants,59,0.1194331983805668
354,voter,suspicious_determinants,1,0.0020242914979757085
354,voter,too_many_missing_determinants,13,0.02631578947368421
354,voter,usable_complete,295,0.597165991902834
354,voter,usable_complete_limited_metadata,10,0.020242914979757085
354,voter,usable_partial,116,0.23481781376518218
355,abstention,no_determinants,30,0.05928853754940711
355,abstention,suspicious_determinants,1,0.001976284584980237
355,abstention,too_many_missing_determinants,5,0.009881422924901186
355,abstention,usable_complete,401,0.7924901185770751
355,abstention,usable_complete_limited_metadata,17,0.03359683794466403
355,abstention,usable_partial,47,0.09288537549407115
355,abstention,usable_partial_limited_metadata,5,0.009881422924901186
355,voter,no_determinants,55,0.11133603238866396
355,voter,suspicious_determinants,3,0.006072874493927126
355,voter,too_many_missing_determinants,18,0.03643724696356275
355,voter,usable_complete,289,0.5850202429149798
355,voter,usable_complete_limited_metadata,13,0.02631578947368421
355,voter,usable_partial,115,0.23279352226720648
355,voter,usable_partial_limited_metadata,1,0.0020242914979757085
356,abstention,no_determinants,36,0.07114624505928854
356,abstention,too_many_missing_determinants,1,0.001976284584980237
356,abstention,usable_complete,404,0.7984189723320159
356,abstention,usable_complete_limited_metadata,22,0.043478260869565216
356,abstention,usable_partial,42,0.08300395256916997
356,abstention,usable_partial_limited_metadata,1,0.001976284584980237
356,voter,no_determinants,71,0.1437246963562753
356,voter,suspicious_determinants,1,0.0020242914979757085
356,voter,too_many_missing_determinants,16,0.032388663967611336
356,voter,usable_complete,298,0.6032388663967612
356,voter,usable_complete_limited_metadata,11,0.022267206477732792
356,voter,usable_partial,97,0.19635627530364372
357,abstention,no_determinants,23,0.045454545454545456
357,abstention,suspicious_determinants,1,0.001976284584980237
357,abstention,too_many_missing_determinants,2,0.003952569169960474
357,abstention,usable_complete,405,0.8003952569169961
357,abstention,usable_complete_limited_metadata,26,0.05138339920948617
357,abstention,usable_partial,44,0.08695652173913043
357,abstention,usable_partial_limited_metadata,5,0.009881422924901186
357,voter,no_determinants,71,0.1437246963562753
357,voter,suspicious_determinants,4,0.008097165991902834
357,voter,too_many_missing_determinants,19,0.038461538461538464
357,voter,usable_complete,278,0.562753036437247
357,voter,usable_complete_limited_metadata,10,0.020242914979757085
357,voter,usable_partial,111,0.22469635627530365
357,voter,usable_partial_limited_metadata,1,0.0020242914979757085
358,abstention,no_determinants,25,0.04940711462450593
358,abstention,too_many_missing_determinants,5,0.009881422924901186
358,abstention,usable_complete,419,0.8280632411067194
358,abstention,usable_complete_limited_metadata,17,0.03359683794466403
358,abstention,usable_partial,39,0.07707509881422925
358,abstention,usable_partial_limited_metadata,1,0.001976284584980237
358,voter,no_determinants,64,0.12955465587044535
358,voter,suspicious_determinants,1,0.0020242914979757085
358,voter,too_many_missing_determinants,20,0.04048582995951417
358,voter,usable_complete,290,0.5870445344129555
358,voter,usable_complete_limited_metadata,7,0.01417004048582996
358,voter,usable_partial,112,0.22672064777327935
359,abstention,no_determinants,28,0.05533596837944664
359,abstention,suspicious_determinants,3,0.005928853754940711
359,abstention,too_many_missing_determinants,4,0.007905138339920948
359,abstention,usable_complete,409,0.808300395256917
359,abstention,usable_complete_limited_metadata,20,0.039525691699604744
359,abstention,usable_partial,37,0.07312252964426877
359,abstention,usable_partial_limited_metadata,5,0.009881422924901186
359,voter,no_determinants,72,0.145748987854251
359,voter,suspicious_determinants,3,0.006072874493927126
359,voter,too_many_missing_determinants,17,0.03441295546558704
359,voter,usable_complete,289,0.5850202429149798
359,voter,usable_complete_limited_metadata,4,0.008097165991902834
359,voter,usable_partial,109,0.22064777327935223
360,abstention,no_determinants,32,0.06324110671936758
360,abstention,suspicious_determinants,2,0.003952569169960474
360,abstention,too_many_missing_determinants,2,0.003952569169960474
360,abstention,usable_complete,406,0.8023715415019763
360,abstention,usable_complete_limited_metadata,23,0.045454545454545456
360,abstention,usable_partial,37,0.07312252964426877
360,abstention,usable_partial_limited_metadata,4,0.007905138339920948
360,voter,no_determinants,57,0.11538461538461539
360,voter,suspicious_determinants,2,0.004048582995951417
360,voter,too_many_missing_determinants,18,0.03643724696356275
360,voter,usable_complete,295,0.597165991902834
360,voter,usable_complete_limited_metadata,14,0.02834008097165992
360,voter,usable_partial,108,0.21862348178137653
361,abstention,no_determinants,28,0.05533596837944664
361,abstention,too_many_missing_determinants,3,0.005928853754940711
361,abstention,usable_complete,401,0.7924901185770751
361,abstention,usable_complete_limited_metadata,20,0.039525691699604744
361,abstention,usable_partial,52,0.10276679841897234
361,abstention,usable_partial_limited_metadata,2,0.003952569169960474
361,voter,no_determinants,63,0.12753036437246965
361,voter,too_many_missing_determinants,18,0.03643724696356275
361,voter,usable_complete,278,0.562753036437247
361,voter,usable_complete_limited_metadata,9,0.018218623481781375
361,voter,usable_partial,126,0.2550607287449393
362,abstention,no_determinants,30,0.05928853754940711
362,abstention,suspicious_determinants,5,0.009881422924901186
362,abstention,too_many_missing_determinants,4,0.007905138339920948
362,abstention,usable_complete,386,0.7628458498023716
362,abstention,usable_complete_limited_metadata,24,0.04743083003952569
362,abstention,usable_partial,52,0.10276679841897234
362,abstention,usable_partial_limited_metadata,5,0.009881422924901186
362,voter,no_determinants,71,0.1437246963562753
362,voter,suspicious_determinants,4,0.008097165991902834
362,voter,too_many_missing_determinants,19,0.038461538461538464
362,voter,usable_complete,263,0.5323886639676113
362,voter,usable_complete_limited_metadata,9,0.018218623481781375
362,voter,usable_partial,128,0.2591093117408907
363,abstention,no_determinants,32,0.06324110671936758
363,abstention,too_many_missing_determinants,3,0.005928853754940711
363,abstention,usable_complete,408,0.8063241106719368
363,abstention,usable_complete_limited_metadata,16,0.03162055335968379
363,abstention,usable_partial,45,0.08893280632411067
363,abstention,usable_partial_limited_metadata,2,0.003952569169960474
363,voter,no_determinants,66,0.13360323886639677
363,voter,too_many_missing_determinants,18,0.03643724696356275
363,voter,usable_complete,288,0.582995951417004
363,voter,usable_complete_limited_metadata,6,0.012145748987854251
363,voter,usable_partial,116,0.23481781376518218
364,abstention,no_determinants,31,0.06126482213438735
364,abstention,too_many_missing_determinants,7,0.01383399209486166
364,abstention,usable_complete,396,0.782608695652174
364,abstention,usable_complete_limited_metadata,13,0.025691699604743084
364,abstention,usable_partial,57,0.11264822134387352
364,abstention,usable_partial_limited_metadata,2,0.003952569169960474
364,voter,no_determinants,79,0.15991902834008098
364,voter,suspicious_determinants,4,0.008097165991902834
364,voter,too_many_missing_determinants,24,0.048582995951417005
364,voter,usable_complete,278,0.562753036437247
364,voter,usable_complete_limited_metadata,12,0.024291497975708502
364,voter,usable_partial,96,0.19433198380566802
364,voter,usable_partial_limited_metadata,1,0.0020242914979757085
365,abstention,no_determinants,29,0.05731225296442688
365,abstention,suspicious_determinants,1,0.001976284584980237
365,abstention,too_many_missing_determinants,8,0.015810276679841896
365,abstention,usable_complete,399,0.7885375494071146
365,abstention,usable_complete_limited_metadata,11,0.021739130434782608
365,abstention,usable_partial,55,0.10869565217391304
365,abstention,usable_partial_limited_metadata,3,0.005928853754940711
365,voter,no_determinants,74,0.14979757085020243
365,voter,suspicious_determinants,3,0.006072874493927126
365,voter,too_many_missing_determinants,22,0.044534412955465584
365,voter,usable_complete,283,0.5728744939271255
365,voter,usable_complete_limited_metadata,9,0.018218623481781375
365,voter,usable_partial,103,0.20850202429149797
366,abstention,no_determinants,47,0.09288537549407115
366,abstention,suspicious_determinants,3,0.005928853754940711
366,abstention,too_many_missing_determinants,9,0.017786561264822136
366,abstention,usable_complete,386,0.7628458498023716
366,abstention,usable_complete_limited_metadata,17,0.03359683794466403
366,abstention,usable_partial,42,0.08300395256916997
366,abstention,usable_partial_limited_metadata,2,0.003952569169960474
366,voter,no_determinants,65,0.13157894736842105
366,voter,suspicious_determinants,4,0.008097165991902834
366,voter,too_many_missing_determinants,13,0.02631578947368421
366,voter,usable_complete,294,0.5951417004048583
366,voter,usable_complete_limited_metadata,8,0.016194331983805668
366,voter,usable_partial,110,0.22267206477732793
367,abstention,no_determinants,25,0.04940711462450593
367,abstention,too_many_missing_determinants,8,0.015810276679841896
367,abstention,usable_complete,398,0.7865612648221344
367,abstention,usable_complete_limited_metadata,22,0.043478260869565216
367,abstention,usable_partial,49,0.09683794466403162
367,abstention,usable_partial_limited_metadata,4,0.007905138339920948
367,voter,no_determinants,75,0.15182186234817813
367,voter,too_many_missing_determinants,25,0.05060728744939271
367,voter,usable_complete,295,0.597165991902834
367,voter,usable_complete_limited_metadata,4,0.008097165991902834
367,voter,usable_partial,95,0.19230769230769232
368,abstention,no_determinants,36,0.07114624505928854
368,abstention,too_many_missing_determinants,4,0.007905138339920948
368,abstention,usable_complete,402,0.7944664031620553
368,abstention,usable_complete_limited_metadata,20,0.039525691699604744
368,abstention,usable_partial,42,0.08300395256916997
368,abstention,usable_partial_limited_metadata,2,0.003952569169960474
368,voter,no_determinants,64,0.12955465587044535
368,voter,suspicious_determinants,2,0.004048582995951417
368,voter,too_many_missing_determinants,23,0.0465587044534413
368,voter,usable_complete,293,0.5931174089068826
368,voter,usable_complete_limited_metadata,11,0.022267206477732792
368,voter,usable_partial,100,0.20242914979757085
368,voter,usable_partial_limited_metadata,1,0.0020242914979757085
369,abstention,no_determinants,22,0.043478260869565216
369,abstention,suspicious_determinants,3,0.005928853754940711
369,abstention,too_many_missing_determinants,6,0.011857707509881422
369,abstention,usable_complete,407,0.8043478260869565
369,abstention,usable_complete_limited_metadata,21,0.041501976284584984
369,abstention,usable_partial,44,0.08695652173913043
369,abstention,usable_partial_limited_metadata,3,0.005928853754940711
369,voter,no_determinants,59,0.1194331983805668
369,voter,suspicious_determinants,2,0.004048582995951417
369,voter,too_many_missing_determinants,11,0.022267206477732792
369,voter,usable_complete,308,0.6234817813765182
369,voter,usable_complete_limited_metadata,14,0.02834008097165992
369,voter,usable_partial,100,0.20242914979757085
370,abstention,no_determinants,26,0.05138339920948617
370,abstention,too_many_missing_determinants,8,0.015810276679841896
370,abstention,usable_complete,419,0.8280632411067194
370,abstention,usable_complete_limited_metadata,13,0.025691699604743084
370,abstention,usable_partial,38,0.07509881422924901
370,abstention,usable_partial_limited_metadata,2,0.003952569169960474
370,voter,no_determinants,76,0.15384615384615385
370,voter,suspicious_determinants,5,0.010121457489878543
370,voter,too_many_missing_determinants,17,0.03441295546558704
370,voter,usable_complete,275,0.5566801619433198
370,voter,usable_complete_limited_metadata,5,0.010121457489878543
370,voter,usable_partial,116,0.23481781376518218
371,abstention,no_determinants,31,0.06126482213438735
371,abstention,too_many_missing_determinants,4,0.007905138339920948
371,abstention,usable_complete,390,0.7707509881422925
371,abstention,usable_complete_limited_metadata,17,0.03359683794466403
371,abstention,usable_partial,57,0.11264822134387352
371,abstention,usable_partial_limited_metadata,7,0.01383399209486166
371,voter,no_determinants,66,0.13360323886639677
371,voter,suspicious_determinants,2,0.004048582995951417
371,voter,too_many_missing_determinants,22,0.044534412955465584
371,voter,usable_complete,294,0.5951417004048583
371,voter,usable_complete_limited_metadata,9,0.018218623481781375
371,voter,usable_partial,99,0.20040485829959515
371,voter,usable_partial_limited_metadata,2,0.004048582995951417
372,abstention,no_determinants,30,0.05928853754940711
372,abstention,suspicious_determinants,1,0.001976284584980237
372,abstention,too_many_missing_determinants,8,0.015810276679841896
372,abstention,usable_complete,386,0.7628458498023716
372,abstention,usable_complete_limited_metadata,24,0.04743083003952569
372,abstention,usable_partial,56,0.11067193675889328
372,abstention,usable_partial_limited_metadata,1,0.001976284584980237
372,voter,no_determinants,69,0.1396761133603239
372,voter,suspicious_determinants,2,0.004048582995951417
372,voter,too_many_missing_determinants,16,0.032388663967611336
372,voter,usable_complete,311,0.6295546558704453
372,voter,usable_complete_limited_metadata,5,0.010121457489878543
372,voter,usable_partial,91,0.18421052631578946
373,abstention,no_determinants,33,0.06521739130434782
373,abstention,suspicious_determinants,4,0.007905138339920948
373,abstention,too_many_missing_determinants,3,0.005928853754940711
373,abstention,usable_complete,397,0.7845849802371542
373,abstention,usable_complete_limited_metadata,20,0.039525691699604744
373,abstention,usable_partial,44,0.08695652173913043
373,abstention,usable_partial_limited_metadata,5,0.009881422924901186
373,voter,no_determinants,71,0.1437246963562753
373,voter,suspicious_determinants,2,0.004048582995951417
373,voter,too_many_missing_determinants,11,0.022267206477732792
373,voter,usable_complete,307,0.6214574898785425
373,voter,usable_complete_limited_metadata,5,0.010121457489878543
373,voter,usable_partial,98,0.19838056680161945
374,abstention,no_determinants,38,0.07509881422924901
374,abstention,suspicious_determinants,2,0.003952569169960474
374,abstention,too_many_missing_determinants,6,0.011857707509881422
374,abstention,usable_complete,389,0.7687747035573123
374,abstention,usable_complete_limited_metadata,21,0.041501976284584984
374,abstention,usable_partial,48,0.09486166007905138
374,abstention,usable_partial_limited_metadata,2,0.003952569169960474
374,voter,no_determinants,78,0.15789473684210525
374,voter,suspicious_determinants,2,0.004048582995951417
374,voter,too_many_missing_determinants,27,0.05465587044534413
374,voter,usable_complete,283,0.5728744939271255
374,voter,usable_complete_limited_metadata,8,0.016194331983805668
374,voter,usable_partial,96,0.19433198380566802
375,abstention,no_determinants,31,0.06126482213438735
375,abstention,suspicious_determinants,1,0.001976284584980237
375,abstention,too_many_missing_determinants,3,0.005928853754940711
375,abstention,usable_complete,404,0.7984189723320159
375,abstention,usable_complete_limited_metadata,19,0.037549407114624504
375,abstention,usable_partial,46,0.09090909090909091
375,abstention,usable_partial_limited_metadata,2,0.003952569169960474
375,voter,no_determinants,62,0.12550607287449392
375,voter,suspicious_determinants,1,0.0020242914979757085
375,voter,too_many_missing_determinants,12,0.024291497975708502
375,voter,usable_complete,302,0.611336032388664
375,voter,usable_complete_limited_metadata,6,0.012145748987854251
375,voter,usable_partial,111,0.22469635627530365
376,abstention,no_determinants,15,0.029644268774703556
376,abstention,suspicious_determinants,1,0.001976284584980237
376,abstention,too_many_missing_determinants,6,0.011857707509881422
376,abstention,usable_complete,408,0.8063241106719368
376,abstention,usable_complete_limited_metadata,20,0.039525691699604744
376,abstention,usable_partial,54,0.1067193675889328
376,abstention,usable_partial_limited_metadata,2,0.003952569169960474
376,voter,no_determinants,69,0.1396761133603239
376,voter,suspicious_determinants,2,0.004048582995951417
376,voter,too_many_missing_determinants,19,0.038461538461538464
376,voter,usable_complete,295,0.597165991902834
376,voter,usable_complete_limited_metadata,10,0.020242914979757085
376,voter,usable_partial,99,0.20040485829959515
377,abstention,no_determinants,29,0.05731225296442688
377,abstention,suspicious_determinants,3,0.005928853754940711
377,abstention,too_many_missing_determinants,7,0.01383399209486166
377,abstention,usable_complete,401,0.7924901185770751
377,abstention,usable_complete_limited_metadata,21,0.041501976284584984
377,abstention,usable_partial,43,0.08498023715415019
377,abstention,usable_partial_limited_metadata,2,0.003952569169960474
377,voter,no_determinants,75,0.15182186234817813
377,voter,suspicious_determinants,4,0.008097165991902834
377,voter,too_many_missing_determinants,19,0.038461538461538464
377,voter,usable_complete,281,0.5688259109311741
377,voter,usable_complete_limited_metadata,3,0.006072874493927126
377,voter,usable_partial,111,0.22469635627530365
377,voter,usable_partial_limited_metadata,1,0.0020242914979757085
378,abstention,no_determinants,39,0.07707509881422925
378,abstention,suspicious_determinants,1,0.001976284584980237
378,abstention,too_many_missing_determinants,3,0.005928853754940711
378,abstention,usable_complete,405,0.8003952569169961
378,abstention,usable_complete_limited_metadata,18,0.03557312252964427
378,abstention,usable_partial,38,0.07509881422924901
378,abstention,usable_partial_limited_metadata,2,0.003952569169960474
378,voter,no_determinants,77,0.15587044534412955
378,voter,suspicious_determinants,2,0.004048582995951417
378,voter,too_many_missing_determinants,17,0.03441295546558704
378,voter,usable_complete,284,0.5748987854251012
378,voter,usable_complete_limited_metadata,10,0.020242914979757085
378,voter,usable_partial,104,0.21052631578947367
379,abstention,no_determinants,29,0.05731225296442688
379,abstention,suspicious_determinants,1,0.001976284584980237
379,abstention,too_many_missing_determinants,5,0.009881422924901186
379,abstention,usable_complete,403,0.7964426877470355
379,abstention,usable_complete_limited_metadata,14,0.02766798418972332
379,abstention,usable_partial,49,0.09683794466403162
379,abstention,usable_partial_limited_metadata,5,0.009881422924901186
379,voter,no_determinants,75,0.15182186234817813
379,voter,suspicious_determinants,2,0.004048582995951417
379,voter,too_many_missing_determinants,17,0.03441295546558704
379,voter,usable_complete,295,0.597165991902834
379,voter,usable_complete_limited_metadata,9,0.018218623481781375
379,voter,usable_partial,96,0.19433198380566802
380,abstention,no_determinants,26,0.05138339920948617
380,abstention,suspicious_determinants,2,0.003952569169960474
380,abstention,too_many_missing_determinants,5,0.009881422924901186
380,abstention,usable_complete,391,0.7727272727272727
380,abstention,usable_complete_limited_metadata,19,0.037549407114624504
380,abstention,usable_partial,60,0.11857707509881422
380,abstention,usable_partial_limited_metadata,3,0.005928853754940711
380,voter,no_determinants,75,0.15182186234817813
380,voter,suspicious_determinants,2,0.004048582995951417
380,voter,too_many_missing_determinants,12,0.024291497975708502
380,voter,usable_complete,279,0.5647773279352226
380,voter,usable_complete_limited_metadata,7,0.01417004048582996
380,voter,usable_partial,119,0.2408906882591093
381,abstention,no_determinants,31,0.06126482213438735
381,abstention,too_many_missing_determinants,5,0.009881422924901186
381,abstention,usable_complete,403,0.7964426877470355
381,abstention,usable_complete_limited_metadata,19,0.037549407114624504
381,abstention,usable_partial,45,0.08893280632411067
381,abstention,usable_partial_limited_metadata,3,0.005928853754940711
381,voter,no_determinants,86,0.17408906882591094
381,voter,suspicious_determinants,5,0.010121457489878543
381,voter,too_many_missing_determinants,16,0.032388663967611336
381,voter,usable_complete,276,0.5587044534412956
381,voter,usable_complete_limited_metadata,8,0.016194331983805668
381,voter,usable_partial,103,0.20850202429149797
382,abstention,no_determinants,32,0.06324110671936758
382,abstention,too_many_missing_determinants,7,0.01383399209486166
382,abstention,usable_complete,406,0.8023715415019763
382,abstention,usable_complete_limited_metadata,16,0.03162055335968379
382,abstention,usable_partial,42,0.08300395256916997
382,abstention,usable_partial_limited_metadata,3,0.005928853754940711
382,voter,no_determinants,73,0.14777327935222673
382,voter,suspicious_determinants,3,0.006072874493927126
382,voter,too_many_missing_determinants,21,0.04251012145748988
382,voter,usable_complete,265,0.5364372469635628
382,voter,usable_complete_limited_metadata,12,0.024291497975708502
382,voter,usable_partial,120,0.242914979757085
383,abstention,no_determinants,33,0.06521739130434782
383,abstention,suspicious_determinants,1,0.001976284584980237
383,abstention,too_many_missing_determinants,6,0.011857707509881422
383,abstention,usable_complete,381,0.7529644268774703
383,abstention,usable_complete_limited_metadata,27,0.0533596837944664
383,abstention,usable_partial,55,0.10869565217391304
383,abstention,usable_partial_limited_metadata,3,0.005928853754940711
383,voter,no_determinants,66,0.13360323886639677
383,voter,suspicious_determinants,2,0.004048582995951417
383,voter,too_many_missing_determinants,24,0.048582995951417005
383,voter,usable_complete,279,0.5647773279352226
383,voter,usable_complete_limited_metadata,13,0.02631578947368421
383,voter,usable_partial,110,0.22267206477732793
384,abstention,no_determinants,40,0.07905138339920949
384,abstention,too_many_missing_determinants,4,0.007905138339920948
384,abstention,usable_complete,392,0.7747035573122529
384,abstention,usable_complete_limited_metadata,14,0.02766798418972332
384,abstention,usable_partial,53,0.10474308300395258
384,abstention,usable_partial_limited_metadata,3,0.005928853754940711
384,voter,no_determinants,68,0.13765182186234817
384,voter,suspicious_determinants,3,0.006072874493927126
384,voter,too_many_missing_determinants,18,0.03643724696356275
384,voter,usable_complete,283,0.5728744939271255
384,voter,usable_complete_limited_metadata,11,0.022267206477732792
384,voter,usable_partial,110,0.22267206477732793
384,voter,usable_partial_limited_metadata,1,0.0020242914979757085
385,abstention,no_determinants,34,0.06719367588932806
385,abstention,suspicious_determinants,2,0.003952569169960474
385,abstention,too_many_missing_determinants,5,0.009881422924901186
385,abstention,usable_complete,398,0.7865612648221344
385,abstention,usable_complete_limited_metadata,19,0.037549407114624504
385,abstention,usable_partial,47,0.09288537549407115
385,abstention,usable_partial_limited_metadata,1,0.001976284584980237
385,voter,no_determinants,74,0.14979757085020243
385,voter,suspicious_determinants,4,0.008097165991902834
385,voter,too_many_missing_determinants,12,0.024291497975708502
385,voter,usable_complete,285,0.5769230769230769
385,voter,usable_complete_limited_metadata,13,0.02631578947368421
385,voter,usable_partial,106,0.2145748987854251
386,abstention,no_determinants,25,0.04940711462450593
386,abstention,too_many_missing_determinants,5,0.009881422924901186
386,abstention,usable_complete,419,0.8280632411067194
386,abstention,usable_complete_limited_metadata,16,0.03162055335968379
386,abstention,usable_partial,36,0.07114624505928854
386,abstention,usable_partial_limited_metadata,5,0.009881422924901186
386,voter,no_determinants,74,0.14979757085020243
386,voter,suspicious_determinants,2,0.004048582995951417
386,voter,too_many_missing_determinants,17,0.03441295546558704
386,voter,usable_complete,289,0.5850202429149798
386,voter,usable_complete_limited_metadata,7,0.01417004048582996
386,voter,usable_partial,105,0.2125506072874494
387,abstention,no_determinants,30,0.05928853754940711
387,abstention,suspicious_determinants,2,0.003952569169960474
387,abstention,too_many_missing_determinants,3,0.005928853754940711
387,abstention,usable_complete,399,0.7885375494071146
387,abstention,usable_complete_limited_metadata,21,0.041501976284584984
387,abstention,usable_partial,48,0.09486166007905138
387,abstention,usable_partial_limited_metadata,3,0.005928853754940711
387,voter,no_determinants,75,0.15182186234817813
387,voter,too_many_missing_determinants,20,0.04048582995951417
387,voter,usable_complete,269,0.5445344129554656
387,voter,usable_complete_limited_metadata,5,0.010121457489878543
387,voter,usable_partial,125,0.25303643724696356
388,abstention,no_determinants,29,0.05731225296442688
388,abstention,too_many_missing_determinants,1,0.001976284584980237
388,abstention,usable_complete,395,0.7806324110671937
388,abstention,usable_complete_limited_metadata,26,0.05138339920948617
388,abstention,usable_partial,50,0.09881422924901186
388,abstention,usable_partial_limited_metadata,5,0.009881422924901186
388,voter,no_determinants,69,0.1396761133603239
388,voter,too_many_missing_determinants,17,0.03441295546558704
388,voter,usable_complete,288,0.582995951417004
388,voter,usable_complete_limited_metadata,6,0.012145748987854251
388,voter,usable_partial,114,0.23076923076923078
389,abstention,no_determinants,28,0.05533596837944664
389,abstention,too_many_missing_determinants,2,0.003952569169960474
389,abstention,usable_complete,411,0.8122529644268774
389,abstention,usable_complete_limited_metadata,15,0.029644268774703556
389,abstention,usable_partial,49,0.09683794466403162
389,abstention,usable_partial_limited_metadata,1,0.001976284584980237
389,voter,no_determinants,60,0.1214574898785425
389,voter,suspicious_determinants,4,0.008097165991902834
389,voter,too_many_missing_determinants,19,0.038461538461538464
389,voter,usable_complete,284,0.5748987854251012
389,voter,usable_complete_limited_metadata,13,0.02631578947368421
389,voter,usable_partial,114,0.23076923076923078
390,abstention,no_determinants,42,0.08300395256916997
390,abstention,suspicious_determinants,2,0.003952569169960474
390,abstention,too_many_missing_determinants,6,0.011857707509881422
390,abstention,usable_complete,380,0.7509881422924901
390,abstention,usable_complete_limited_metadata,20,0.039525691699604744
390,abstention,usable_partial,51,0.1007905138339921
390,abstention,usable_partial_limited_metadata,5,0.009881422924901186
390,voter,no_determinants,66,0.13360323886639677
390,voter,suspicious_determinants,1,0.0020242914979757085
390,voter,too_many_missing_determinants,24,0.048582995951417005
390,voter,usable_complete,274,0.5546558704453441
390,voter,usable_complete_limited_metadata,9,0.018218623481781375
390,voter,usable_partial,119,0.2408906882591093
390,voter,usable_partial_limited_metadata,1,0.0020242914979757085
391,abstention,no_determinants,32,0.06324110671936758
391,abstention,too_many_missing_determinants,6,0.011857707509881422
391,abstention,usable_complete,411,0.8122529644268774
391,abstention,usable_complete_limited_metadata,14,0.02766798418972332
391,abstention,usable_partial,43,0.08498023715415019
391,voter,no_determinants,77,0.15587044534412955
391,voter,suspicious_determinants,1,0.0020242914979757085
391,voter,too_many_missing_determinants,17,0.03441295546558704
391,voter,usable_complete,273,0.5526315789473685
391,voter,usable_complete_limited_metadata,10,0.020242914979757085
391,voter,usable_partial,115,0.23279352226720648
391,voter,usable_partial_limited_metadata,1,0.0020242914979757085
392,abstention,no_determinants,38,0.07509881422924901
392,abstention,too_many_missing_determinants,2,0.003952569169960474
392,abstention,usable_complete,394,0.7786561264822134
392,abstention,usable_complete_limited_metadata,14,0.02766798418972332
392,abstention,usable_partial,56,0.11067193675889328
392,abstention,usable_partial_limited_metadata,2,0.003952569169960474
392,voter,no_determinants,72,0.145748987854251
392,voter,suspicious_determinants,5,0.010121457489878543
392,voter,too_many_missing_determinants,10,0.020242914979757085
392,voter,usable_complete,289,0.5850202429149798
392,voter,usable_complete_limited_metadata,4,0.008097165991902834
392,voter,usable_partial,112,0.22672064777327935
392,voter,usable_partial_limited_metadata,2,0.004048582995951417
393,abstention,no_determinants,28,0.05533596837944664
393,abstention,suspicious_determinants,2,0.003952569169960474
393,abstention,too_many_missing_determinants,5,0.009881422924901186
393,abstention,usable_complete,422,0.83399209486166
393,abstention,usable_complete_limited_metadata,14,0.02766798418972332
393,abstention,usable_partial,33,0.06521739130434782
393,abstention,usable_partial_limited_metadata,2,0.003952569169960474
393,voter,no_determinants,77,0.15587044534412955
393,voter,too_many_missing_determinants,25,0.05060728744939271
393,voter,usable_complete,281,0.5688259109311741
393,voter,usable_complete_limited_metadata,6,0.012145748987854251
393,voter,usable_partial,105,0.2125506072874494
394,abstention,no_determinants,28,0.05533596837944664
394,abstention,suspicious_determinants,2,0.003952569169960474
394,abstention,too_many_missing_determinants,4,0.007905138339920948
394,abstention,usable_complete,400,0.7905138339920948
394,abstention,usable_complete_limited_metadata,20,0.039525691699604744
394,abstention,usable_partial,49,0.09683794466403162
394,abstention,usable_partial_limited_metadata,3,0.005928853754940711
394,voter,no_determinants,73,0.14777327935222673
394,voter,suspicious_determinants,4,0.008097165991902834
394,voter,too_many_missing_determinants,23,0.0465587044534413
394,voter,usable_complete,281,0.5688259109311741
394,voter,usable_complete_limited_metadata,3,0.006072874493927126
394,voter,usable_partial,110,0.22267206477732793
395,abstention,no_determinants,36,0.07114624505928854
395,abstention,suspicious_determinants,2,0.003952569169960474
395,abstention,too_many_missing_determinants,6,0.011857707509881422
395,abstention,usable_complete,389,0.7687747035573123
395,abstention,usable_complete_limited_metadata,20,0.039525691699604744
395,abstention,usable_partial,50,0.09881422924901186
395,abstention,usable_partial_limited_metadata,3,0.005928853754940711
395,voter,no_determinants,65,0.13157894736842105
395,voter,suspicious_determinants,2,0.004048582995951417
395,voter,too_many_missing_determinants,19,0.038461538461538464
395,voter,usable_complete,285,0.5769230769230769
395,voter,usable_complete_limited_metadata,12,0.024291497975708502
395,voter,usable_partial,109,0.22064777327935223
395,voter,usable_partial_limited_metadata,2,0.004048582995951417
396,abstention,no_determinants,28,0.05533596837944664
396,abstention,suspicious_determinants,1,0.001976284584980237
396,abstention,too_many_missing_determinants,5,0.009881422924901186
396,abstention,usable_complete,401,0.7924901185770751
396,abstention,usable_complete_limited_metadata,23,0.045454545454545456
396,abstention,usable_partial,48,0.09486166007905138
396,voter,no_determinants,71,0.1437246963562753
396,voter,suspicious_determinants,3,0.006072874493927126
396,voter,too_many_missing_determinants,11,0.022267206477732792
396,voter,usable_complete,281,0.5688259109311741
396,voter,usable_complete_limited_metadata,8,0.016194331983805668
396,voter,usable_partial,120,0.242914979757085
397,abstention,no_determinants,32,0.06324110671936758
397,abstention,suspicious_determinants,1,0.001976284584980237
397,abstention,too_many_missing_determinants,4,0.007905138339920948
397,abstention,usable_complete,397,0.7845849802371542
397,abstention,usable_complete_limited_metadata,18,0.03557312252964427
397,abstention,usable_partial,50,0.09881422924901186
397,abstention,usable_partial_limited_metadata,4,0.007905138339920948
397,voter,no_determinants,64,0.12955465587044535
397,voter,suspicious_determinants,2,0.004048582995951417
397,voter,too_many_missing_determinants,21,0.04251012145748988
397,voter,usable_complete,270,0.5465587044534413
397,voter,usable_complete_limited_metadata,12,0.024291497975708502
397,voter,usable_partial,125,0.25303643724696356
398,abstention,no_determinants,31,0.06126482213438735
398,abstention,suspicious_determinants,2,0.003952569169960474
398,abstention,too_many_missing_determinants,1,0.001976284584980237
398,abstention,usable_complete,399,0.7885375494071146
398,abstention,usable_complete_limited_metadata,19,0.037549407114624504
398,abstention,usable_partial,51,0.1007905138339921
398,abstention,usable_partial_limited_metadata,3,0.005928853754940711
398,voter,no_determinants,72,0.145748987854251
398,voter,too_many_missing_determinants,22,0.044534412955465584
398,voter,usable_complete,285,0.5769230769230769
398,voter,usable_complete_limited_metadata,5,0.010121457489878543
398,voter,usable_partial,110,0.22267206477732793
399,abstention,no_determinants,27,0.0533596837944664
399,abstention,too_many_missing_determinants,1,0.001976284584980237
399,abstention,usable_complete,410,0.8102766798418972
399,abstention,usable_complete_limited_metadata,14,0.02766798418972332
399,abstention,usable_partial,53,0.10474308300395258
399,abstention,usable_partial_limited_metadata,1,0.001976284584980237
399,voter,no_determinants,70,0.1417004048582996
399,voter,too_many_missing_determinants,16,0.032388663967611336
399,voter,usable_complete,294,0.5951417004048583
399,voter,usable_complete_limited_metadata,7,0.01417004048582996
399,voter,usable_partial,107,0.2165991902834008
400,abstention,no_determinants,23,0.045454545454545456
400,abstention,suspicious_determinants,3,0.005928853754940711
400,abstention,too_many_missing_determinants,5,0.009881422924901186
400,abstention,usable_complete,396,0.782608695652174
400,abstention,usable_complete_limited_metadata,19,0.037549407114624504
400,abstention,usable_partial,59,0.116600790513834
400,abstention,usable_partial_limited_metadata,1,0.001976284584980237
400,voter,no_determinants,66,0.13360323886639677
400,voter,suspicious_determinants,1,0.0020242914979757085
400,voter,too_many_missing_determinants,13,0.02631578947368421
400,voter,usable_complete,285,0.5769230769230769
400,voter,usable_complete_limited_metadata,14,0.02834008097165992
400,voter,usable_partial,115,0.23279352226720648
401,abstention,no_determinants,26,0.05138339920948617
401,abstention,suspicious_determinants,3,0.005928853754940711
401,abstention,too_many_missing_determinants,4,0.007905138339920948
401,abstention,usable_complete,412,0.8142292490118577
401,abstention,usable_complete_limited_metadata,21,0.041501976284584984
401,abstention,usable_partial,38,0.07509881422924901
401,abstention,usable_partial_limited_metadata,2,0.003952569169960474
401,voter,no_determinants,75,0.15182186234817813
401,voter,suspicious_determinants,1,0.0020242914979757085
401,voter,too_many_missing_determinants,17,0.03441295546558704
401,voter,usable_complete,276,0.5587044534412956
401,voter,usable_complete_limited_metadata,8,0.016194331983805668
401,voter,usable_partial,117,0.23684210526315788
402,abstention,no_determinants,31,0.06126482213438735
402,abstention,suspicious_determinants,1,0.001976284584980237
402,abstention,too_many_missing_determinants,3,0.005928853754940711
402,abstention,usable_complete,394,0.7786561264822134
402,abstention,usable_complete_limited_metadata,20,0.039525691699604744
402,abstention,usable_partial,55,0.10869565217391304
402,abstention,usable_partial_limited_metadata,2,0.003952569169960474
402,voter,no_determinants,63,0.12753036437246965
402,voter,suspicious_determinants,4,0.008097165991902834
402,voter,too_many_missing_determinants,13,0.02631578947368421
402,voter,usable_complete,299,0.6052631578947368
402,voter,usable_complete_limited_metadata,9,0.018218623481781375
402,voter,usable_partial,106,0.2145748987854251
403,abstention,no_determinants,23,0.045454545454545456
403,abstention,suspicious_determinants,2,0.003952569169960474
403,abstention,too_many_missing_determinants,4,0.007905138339920948
403,abstention,usable_complete,398,0.7865612648221344
403,abstention,usable_complete_limited_metadata,29,0.05731225296442688
403,abstention,usable_partial,48,0.09486166007905138
403,abstention,usable_partial_limited_metadata,2,0.003952569169960474
403,voter,no_determinants,75,0.15182186234817813
403,voter,suspicious_determinants,2,0.004048582995951417
403,voter,too_many_missing_determinants,21,0.04251012145748988
403,voter,usable_complete,291,0.5890688259109311
403,voter,usable_complete_limited_metadata,10,0.020242914979757085
403,voter,usable_partial,95,0.19230769230769232
404,abstention,no_determinants,34,0.06719367588932806
404,abstention,too_many_missing_determinants,6,0.011857707509881422
404,abstention,usable_complete,393,0.7766798418972332
404,abstention,usable_complete_limited_metadata,23,0.045454545454545456
404,abstention,usable_partial,49,0.09683794466403162
404,abstention,usable_partial_limited_metadata,1,0.001976284584980237
404,voter,no_determinants,84,0.1700404858299595
404,voter,suspicious_determinants,2,0.004048582995951417
404,voter,too_many_missing_determinants,22,0.044534412955465584
404,voter,usable_complete,264,0.5344129554655871
404,voter,usable_complete_limited_metadata,3,0.006072874493927126
404,voter,usable_partial,119,0.2408906882591093
405,abstention,no_determinants,32,0.06324110671936758
405,abstention,too_many_missing_determinants,2,0.003952569169960474
405,abstention,usable_complete,403,0.7964426877470355
405,abstention,usable_complete_limited_metadata,20,0.039525691699604744
405,abstention,usable_partial,47,0.09288537549407115
405,abstention,usable_partial_limited_metadata,2,0.003952569169960474
405,voter,no_determinants,77,0.15587044534412955
405,voter,suspicious_determinants,4,0.008097165991902834
405,voter,too_many_missing_determinants,20,0.04048582995951417
405,voter,usable_complete,274,0.5546558704453441
405,voter,usable_complete_limited_metadata,10,0.020242914979757085
405,voter,usable_partial,108,0.21862348178137653
405,voter,usable_partial_limited_metadata,1,0.0020242914979757085
406,abstention,no_determinants,21,0.041501976284584984
406,abstention,too_many_missing_determinants,2,0.003952569169960474
406,abstention,usable_complete,415,0.8201581027667985
406,abstention,usable_complete_limited_metadata,17,0.03359683794466403
406,abstention,usable_partial,51,0.1007905138339921
406,voter,no_determinants,70,0.1417004048582996
406,voter,suspicious_determinants,3,0.006072874493927126
406,voter,too_many_missing_determinants,12,0.024291497975708502
406,voter,usable_complete,287,0.5809716599190283
406,voter,usable_complete_limited_metadata,10,0.020242914979757085
406,voter,usable_partial,112,0.22672064777327935
407,abstention,no_determinants,26,0.05138339920948617
407,abstention,suspicious_determinants,1,0.001976284584980237
407,abstention,too_many_missing_determinants,5,0.009881422924901186
407,abstention,usable_complete,405,0.8003952569169961
407,abstention,usable_complete_limited_metadata,22,0.043478260869565216
407,abstention,usable_partial,41,0.08102766798418973
407,abstention,usable_partial_limited_metadata,6,0.011857707509881422
407,voter,no_determinants,64,0.12955465587044535
407,voter,suspicious_determinants,6,0.012145748987854251
407,voter,too_many_missing_determinants,15,0.030364372469635626
407,voter,usable_complete,284,0.5748987854251012
407,voter,usable_complete_limited_metadata,10,0.020242914979757085
407,voter,usable_partial,115,0.23279352226720648
408,abstention,no_determinants,34,0.06719367588932806
408,abstention,suspicious_determinants,3,0.005928853754940711
408,abstention,too_many_missing_determinants,3,0.005928853754940711
408,abstention,usable_complete,391,0.7727272727272727
408,abstention,usable_complete_limited_metadata,17,0.03359683794466403
408,abstention,usable_partial,55,0.10869565217391304
408,abstention,usable_partial_limited_metadata,3,0.005928853754940711
408,voter,no_determinants,87,0.17611336032388664
408,voter,suspicious_determinants,3,0.006072874493927126
408,voter,too_many_missing_determinants,11,0.022267206477732792
408,voter,usable_complete,272,0.5506072874493927
408,voter,usable_complete_limited_metadata,7,0.01417004048582996
408,voter,usable_partial,114,0.23076923076923078
409,abstention,no_determinants,25,0.04940711462450593
409,abstention,suspicious_determinants,2,0.003952569169960474
409,abstention,too_many_missing_determinants,9,0.017786561264822136
409,abstention,usable_complete,407,0.8043478260869565
409,abstention,usable_complete_limited_metadata,16,0.03162055335968379
409,abstention,usable_partial,43,0.08498023715415019
409,abstention,usable_partial_limited_metadata,4,0.007905138339920948
409,voter,no_determinants,87,0.17611336032388664
409,voter,suspicious_determinants,3,0.006072874493927126
409,voter,too_many_missing_determinants,18,0.03643724696356275
409,voter,usable_complete,270,0.5465587044534413
409,voter,usable_complete_limited_metadata,3,0.006072874493927126
409,voter,usable_partial,113,0.22874493927125505
410,abstention,no_determinants,27,0.0533596837944664
410,abstention,too_many_missing_determinants,4,0.007905138339920948
410,abstention,usable_complete,412,0.8142292490118577
410,abstention,usable_complete_limited_metadata,18,0.03557312252964427
410,abstention,usable_partial,44,0.08695652173913043
410,abstention,usable_partial_limited_metadata,1,0.001976284584980237
410,voter,no_determinants,52,0.10526315789473684
410,voter,suspicious_determinants,3,0.006072874493927126
410,voter,too_many_missing_determinants,18,0.03643724696356275
410,voter,usable_complete,293,0.5931174089068826
410,voter,usable_complete_limited_metadata,11,0.022267206477732792
410,voter,usable_partial,117,0.23684210526315788
411,abstention,no_determinants,35,0.0691699604743083
411,abstention,suspicious_determinants,1,0.001976284584980237
411,abstention,too_many_missing_determinants,5,0.009881422924901186
411,abstention,usable_complete,387,0.7648221343873518
411,abstention,usable_complete_limited_metadata,27,0.0533596837944664
411,abstention,usable_partial,50,0.09881422924901186
411,abstention,usable_partial_limited_metadata,1,0.001976284584980237
411,voter,no_determinants,71,0.1437246963562753
411,voter,suspicious_determinants,1,0.0020242914979757085
411,voter,too_many_missing_determinants,25,0.05060728744939271
411,voter,usable_complete,279,0.5647773279352226
411,voter,usable_complete_limited_metadata,5,0.010121457489878543
411,voter,usable_partial,113,0.22874493927125505
412,abstention,no_determinants,26,0.05138339920948617
412,abstention,too_many_missing_determinants,4,0.007905138339920948
412,abstention,usable_complete,399,0.7885375494071146
412,abstention,usable_complete_limited_metadata,31,0.06126482213438735
412,abstention,usable_partial,44,0.08695652173913043
412,abstention,usable_partial_limited_metadata,2,0.003952569169960474
412,voter,no_determinants,63,0.12753036437246965
412,voter,suspicious_determinants,2,0.004048582995951417
412,voter,too_many_missing_determinants,21,0.04251012145748988
412,voter,usable_complete,291,0.5890688259109311
412,voter,usable_complete_limited_metadata,5,0.010121457489878543
412,voter,usable_partial,111,0.22469635627530365
412,voter,usable_partial_limited_metadata,1,0.0020242914979757085
413,abstention,no_determinants,27,0.0533596837944664
413,abstention,suspicious_determinants,1,0.001976284584980237
413,abstention,too_many_missing_determinants,3,0.005928853754940711
413,abstention,usable_complete,402,0.7944664031620553
413,abstention,usable_complete_limited_metadata,16,0.03162055335968379
413,abstention,usable_partial,54,0.1067193675889328
413,abstention,usable_partial_limited_metadata,3,0.005928853754940711
413,voter,no_determinants,70,0.1417004048582996
413,voter,suspicious_determinants,4,0.008097165991902834
413,voter,too_many_missing_determinants,22,0.044534412955465584
413,voter,usable_complete,276,0.5587044534412956
413,voter,usable_complete_limited_metadata,13,0.02631578947368421
413,voter,usable_partial,109,0.22064777327935223
414,abstention,no_determinants,28,0.05533596837944664
414,abstention,suspicious_determinants,2,0.003952569169960474
414,abstention,too_many_missing_determinants,4,0.007905138339920948
414,abstention,usable_complete,393,0.7766798418972332
414,abstention,usable_complete_limited_metadata,27,0.0533596837944664
414,abstention,usable_partial,48,0.09486166007905138
414,abstention,usable_partial_limited_metadata,4,0.007905138339920948
414,voter,no_determinants,69,0.1396761133603239
414,voter,suspicious_determinants,4,0.008097165991902834
414,voter,too_many_missing_determinants,26,0.05263157894736842
414,voter,usable_complete,277,0.5607287449392713
414,voter,usable_complete_limited_metadata,12,0.024291497975708502
414,voter,usable_partial,105,0.2125506072874494
414,voter,usable_partial_limited_metadata,1,0.0020242914979757085
415,abstention,no_determinants,25,0.04940711462450593
415,abstention,suspicious_determinants,1,0.001976284584980237
415,abstention,too_many_missing_determinants,4,0.007905138339920948
415,abstention,usable_complete,391,0.7727272727272727
415,abstention,usable_complete_limited_metadata,22,0.043478260869565216
415,abstention,usable_partial,61,0.12055335968379446
415,abstention,usable_partial_limited_metadata,2,0.003952569169960474
415,voter,no_determinants,65,0.13157894736842105
415,voter,suspicious_determinants,3,0.006072874493927126
415,voter,too_many_missing_determinants,19,0.038461538461538464
415,voter,usable_complete,284,0.5748987854251012
415,voter,usable_complete_limited_metadata,9,0.018218623481781375
415,voter,usable_partial,114,0.23076923076923078
416,abstention,no_determinants,35,0.0691699604743083
416,abstention,suspicious_determinants,2,0.003952569169960474
416,abstention,too_many_missing_determinants,3,0.005928853754940711
416,abstention,usable_complete,402,0.7944664031620553
416,abstention,usable_complete_limited_metadata,15,0.029644268774703556
416,abstention,usable_partial,47,0.09288537549407115
416,abstention,usable_partial_limited_metadata,2,0.003952569169960474
416,voter,no_determinants,68,0.13765182186234817
416,voter,suspicious_determinants,2,0.004048582995951417
416,voter,too_many_missing_determinants,11,0.022267206477732792
416,voter,usable_complete,294,0.5951417004048583
416,voter,usable_complete_limited_metadata,10,0.020242914979757085
416,voter,usable_partial,109,0.22064777327935223
417,abstention,no_determinants,29,0.05731225296442688
417,abstention,too_many_missing_determinants,4,0.007905138339920948
417,abstention,usable_complete,402,0.7944664031620553
417,abstention,usable_complete_limited_metadata,22,0.043478260869565216
417,abstention,usable_partial,49,0.09683794466403162
417,voter,no_determinants,69,0.1396761133603239
417,voter,suspicious_determinants,2,0.004048582995951417
417,voter,too_many_missing_determinants,13,0.02631578947368421
417,voter,usable_complete,308,0.6234817813765182
417,voter,usable_complete_limited_metadata,7,0.01417004048582996
417,voter,usable_partial,93,0.1882591093117409
417,voter,usable_partial_limited_metadata,2,0.004048582995951417
418,abstention,no_determinants,37,0.07312252964426877
418,abstention,suspicious_determinants,2,0.003952569169960474
418,abstention,too_many_missing_determinants,7,0.01383399209486166
418,abstention,usable_complete,388,0.766798418972332
418,abstention,usable_complete_limited_metadata,16,0.03162055335968379
418,abstention,usable_partial,55,0.10869565217391304
418,abstention,usable_partial_limited_metadata,1,0.001976284584980237
418,voter,no_determinants,60,0.1214574898785425
418,voter,suspicious_determinants,1,0.0020242914979757085
418,voter,too_many_missing_determinants,16,0.032388663967611336
418,voter,usable_complete,292,0.5910931174089069
418,voter,usable_complete_limited_metadata,8,0.016194331983805668
418,voter,usable_partial,117,0.23684210526315788
419,abstention,no_determinants,23,0.045454545454545456
419,abstention,too_many_missing_determinants,5,0.009881422924901186
419,abstention,usable_complete,400,0.7905138339920948
419,abstention,usable_complete_limited_metadata,21,0.041501976284584984
419,abstention,usable_partial,56,0.11067193675889328
419,abstention,usable_partial_limited_metadata,1,0.001976284584980237
419,voter,no_determinants,74,0.14979757085020243
419,voter,suspicious_determinants,1,0.0020242914979757085
419,voter,too_many_missing_determinants,17,0.03441295546558704
419,voter,usable_complete,287,0.5809716599190283
419,voter,usable_complete_limited_metadata,7,0.01417004048582996
419,voter,usable_partial,108,0.21862348178137653
420,abstention,no_determinants,34,0.06719367588932806
420,abstention,suspicious_determinants,2,0.003952569169960474
420,abstention,too_many_missing_determinants,3,0.005928853754940711
420,abstention,usable_complete,406,0.8023715415019763
420,abstention,usable_complete_limited_metadata,17,0.03359683794466403
420,abstention,usable_partial,42,0.08300395256916997
420,abstention,usable_partial_limited_metadata,2,0.003952569169960474
420,voter,no_determinants,72,0.145748987854251
420,voter,too_many_missing_determinants,16,0.032388663967611336
420,voter,usable_complete,284,0.5748987854251012
420,voter,usable_complete_limited_metadata,8,0.016194331983805668
420,voter,usable_partial,112,0.22672064777327935
420,voter,usable_partial_limited_metadata,2,0.004048582995951417
421,abstention,no_determinants,35,0.0691699604743083
421,abstention,suspicious_determinants,1,0.001976284584980237
421,abstention,too_many_missing_determinants,4,0.007905138339920948
421,abstention,usable_complete,401,0.7924901185770751
421,abstention,usable_complete_limited_metadata,20,0.039525691699604744
421,abstention,usable_partial,44,0.08695652173913043
421,abstention,usable_partial_limited_metadata,1,0.001976284584980237
421,voter,no_determinants,77,0.15587044534412955
421,voter,suspicious_determinants,2,0.004048582995951417
421,voter,too_many_missing_determinants,18,0.03643724696356275
421,voter,usable_complete,290,0.5870445344129555
421,voter,usable_complete_limited_metadata,9,0.018218623481781375
421,voter,usable_partial,98,0.19838056680161945
422,abstention,no_determinants,21,0.041501976284584984
422,abstention,suspicious_determinants,3,0.005928853754940711
422,abstention,too_many_missing_determinants,6,0.011857707509881422
422,abstention,usable_complete,389,0.7687747035573123
422,abstention,usable_complete_limited_metadata,20,0.039525691699604744
422,abstention,usable_partial,64,0.12648221343873517
422,abstention,usable_partial_limited_metadata,3,0.005928853754940711
422,voter,no_determinants,70,0.1417004048582996
422,voter,suspicious_determinants,1,0.0020242914979757085
422,voter,too_many_missing_determinants,16,0.032388663967611336
422,voter,usable_complete,279,0.5647773279352226
422,voter,usable_complete_limited_metadata,10,0.020242914979757085
422,voter,usable_partial,118,0.2388663967611336
423,abstention,no_determinants,23,0.045454545454545456
423,abstention,suspicious_determinants,2,0.003952569169960474
423,abstention,too_many_missing_determinants,5,0.009881422924901186
423,abstention,usable_complete,401,0.7924901185770751
423,abstention,usable_complete_limited_metadata,18,0.03557312252964427
423,abstention,usable_partial,53,0.10474308300395258
423,abstention,usable_partial_limited_metadata,4,0.007905138339920948
423,voter,no_determinants,67,0.13562753036437247
423,voter,suspicious_determinants,6,0.012145748987854251
423,voter,too_many_missing_determinants,14,0.02834008097165992
423,voter,usable_complete,292,0.5910931174089069
423,voter,usable_complete_limited_metadata,5,0.010121457489878543
423,voter,usable_partial,109,0.22064777327935223
423,voter,usable_partial_limited_metadata,1,0.0020242914979757085
424,abstention,no_determinants,32,0.06324110671936758
424,abstention,too_many_missing_determinants,3,0.005928853754940711
424,abstention,usable_complete,409,0.808300395256917
424,abstention,usable_complete_limited_metadata,19,0.037549407114624504
424,abstention,usable_partial,40,0.07905138339920949
424,abstention,usable_partial_limited_metadata,3,0.005928853754940711
424,voter,no_determinants,56,0.11336032388663968
424,voter,suspicious_determinants,3,0.006072874493927126
424,voter,too_many_missing_determinants,26,0.05263157894736842
424,voter,usable_complete,303,0.6133603238866396
424,voter,usable_complete_limited_metadata,8,0.016194331983805668
424,voter,usable_partial,97,0.19635627530364372
424,voter,usable_partial_limited_metadata,1,0.0020242914979757085
425,abstention,no_determinants,37,0.07312252964426877
425,abstention,too_many_missing_determinants,3,0.005928853754940711
425,abstention,usable_complete,393,0.7766798418972332
425,abstention,usable_complete_limited_metadata,19,0.037549407114624504
425,abstention,usable_partial,51,0.1007905138339921
425,abstention,usable_partial_limited_metadata,3,0.005928853754940711
425,voter,no_determinants,73,0.14777327935222673
425,voter,too_many_missing_determinants,10,0.020242914979757085
425,voter,usable_complete,305,0.6174089068825911
425,voter,usable_complete_limited_metadata,8,0.016194331983805668
425,voter,usable_partial,98,0.19838056680161945
426,abstention,no_determinants,26,0.05138339920948617
426,abstention,too_many_missing_determinants,5,0.009881422924901186
426,abstention,usable_complete,401,0.7924901185770751
426,abstention,usable_complete_limited_metadata,26,0.05138339920948617
426,abstention,usable_partial,48,0.09486166007905138
426,voter,no_determinants,71,0.1437246963562753
426,voter,suspicious_determinants,1,0.0020242914979757085
426,voter,too_many_missing_determinants,25,0.05060728744939271
426,voter,usable_complete,285,0.5769230769230769
426,voter,usable_complete_limited_metadata,11,0.022267206477732792
426,voter,usable_partial,100,0.20242914979757085
426,voter,usable_partial_limited_metadata,1,0.0020242914979757085
427,abstention,no_determinants,34,0.06719367588932806
427,abstention,suspicious_determinants,1,0.001976284584980237
427,abstention,too_many_missing_determinants,3,0.005928853754940711
427,abstention,usable_complete,398,0.7865612648221344
427,abstention,usable_complete_limited_metadata,16,0.03162055335968379
427,abstention,usable_partial,51,0.1007905138339921
427,abstention,usable_partial_limited_metadata,3,0.005928853754940711
427,voter,no_determinants,62,0.12550607287449392
427,voter,suspicious_determinants,4,0.008097165991902834
427,voter,too_many_missing_determinants,18,0.03643724696356275
427,voter,usable_complete,294,0.5951417004048583
427,voter,usable_complete_limited_metadata,5,0.010121457489878543
427,voter,usable_partial,110,0.22267206477732793
427,voter,usable_partial_limited_metadata,1,0.0020242914979757085
428,abstention,no_determinants,35,0.0691699604743083
428,abstention,too_many_missing_determinants,7,0.01383399209486166
428,abstention,usable_complete,378,0.7470355731225297
428,abstention,usable_complete_limited_metadata,20,0.039525691699604744
428,abstention,usable_partial,63,0.12450592885375494
428,abstention,usable_partial_limited_metadata,3,0.005928853754940711
428,voter,no_determinants,51,0.10323886639676114
428,voter,suspicious_determinants,1,0.0020242914979757085
428,voter,too_many_missing_determinants,18,0.03643724696356275
428,voter,usable_complete,286,0.5789473684210527
428,voter,usable_complete_limited_metadata,11,0.022267206477732792
428,voter,usable_partial,126,0.2550607287449393
428,voter,usable_partial_limited_metadata,1,0.0020242914979757085
429,abstention,no_determinants,31,0.06126482213438735
429,abstention,too_many_missing_determinants,6,0.011857707509881422
429,abstention,usable_complete,391,0.7727272727272727
429,abstention,usable_complete_limited_metadata,20,0.039525691699604744
429,abstention,usable_partial,56,0.11067193675889328
429,abstention,usable_partial_limited_metadata,2,0.003952569169960474
429,voter,no_determinants,58,0.11740890688259109
429,voter,suspicious_determinants,1,0.0020242914979757085
429,voter,too_many_missing_determinants,14,0.02834008097165992
429,voter,usable_complete,307,0.6214574898785425
429,voter,usable_complete_limited_metadata,7,0.01417004048582996
429,voter,usable_partial,107,0.2165991902834008
430,abstention,no_determinants,29,0.05731225296442688
430,abstention,suspicious_determinants,1,0.001976284584980237
430,abstention,too_many_missing_determinants,5,0.009881422924901186
430,abstention,usable_complete,399,0.7885375494071146
430,abstention,usable_complete_limited_metadata,20,0.039525691699604744
430,abstention,usable_partial,50,0.09881422924901186
430,abstention,usable_partial_limited_metadata,2,0.003952569169960474
430,voter,no_determinants,69,0.1396761133603239
430,voter,suspicious_determinants,3,0.006072874493927126
430,voter,too_many_missing_determinants,11,0.022267206477732792
430,voter,usable_complete,279,0.5647773279352226
430,voter,usable_complete_limited_metadata,11,0.022267206477732792
430,voter,usable_partial,120,0.242914979757085
430,voter,usable_partial_limited_metadata,1,0.0020242914979757085
431,abstention,no_determinants,36,0.07114624505928854
431,abstention,suspicious_determinants,1,0.001976284584980237
431,abstention,too_many_missing_determinants,8,0.015810276679841896
431,abstention,usable_complete,403,0.7964426877470355
431,abstention,usable_complete_limited_metadata,18,0.03557312252964427
431,abstention,usable_partial,39,0.07707509881422925
431,abstention,usable_partial_limited_metadata,1,0.001976284584980237
431,voter,no_determinants,65,0.13157894736842105
431,voter,suspicious_determinants,3,0.006072874493927126
431,voter,too_many_missing_determinants,16,0.032388663967611336
431,voter,usable_complete,280,0.5668016194331984
431,voter,usable_complete_limited_metadata,10,0.020242914979757085
431,voter,usable_partial,118,0.2388663967611336
431,voter,usable_partial_limited_metadata,2,0.004048582995951417
432,abstention,no_determinants,30,0.05928853754940711
432,abstention,too_many_missing_determinants,8,0.015810276679841896
432,abstention,usable_complete,394,0.7786561264822134
432,abstention,usable_complete_limited_metadata,23,0.045454545454545456
432,abstention,usable_partial,51,0.1007905138339921
432,voter,no_determinants,66,0.13360323886639677
432,voter,suspicious_determinants,1,0.0020242914979757085
432,voter,too_many_missing_determinants,16,0.032388663967611336
432,voter,usable_complete,296,0.5991902834008097
432,voter,usable_complete_limited_metadata,4,0.008097165991902834
432,voter,usable_partial,111,0.22469635627530365
433,abstention,no_determinants,31,0.06126482213438735
433,abstention,suspicious_determinants,1,0.001976284584980237
433,abstention,too_many_missing_determinants,1,0.001976284584980237
433,abstention,usable_complete,401,0.7924901185770751
433,abstention,usable_complete_limited_metadata,21,0.041501976284584984
433,abstention,usable_partial,47,0.09288537549407115
433,abstention,usable_partial_limited_metadata,4,0.007905138339920948
433,voter,no_determinants,71,0.1437246963562753
433,voter,suspicious_determinants,2,0.004048582995951417
433,voter,too_many_missing_determinants,19,0.038461538461538464
433,voter,usable_complete,284,0.5748987854251012
433,voter,usable_complete_limited_metadata,12,0.024291497975708502
433,voter,usable_partial,106,0.2145748987854251
434,abstention,no_determinants,28,0.05533596837944664
434,abstention,too_many_missing_determinants,7,0.01383399209486166
434,abstention,usable_complete,401,0.7924901185770751
434,abstention,usable_complete_limited_metadata,23,0.045454545454545456
434,abstention,usable_partial,44,0.08695652173913043
434,abstention,usable_partial_limited_metadata,3,0.005928853754940711
434,voter,no_determinants,60,0.1214574898785425
434,voter,suspicious_determinants,3,0.006072874493927126
434,voter,too_many_missing_determinants,14,0.02834008097165992
434,voter,usable_complete,305,0.6174089068825911
434,voter,usable_complete_limited_metadata,11,0.022267206477732792
434,voter,usable_partial,101,0.20445344129554655
435,abstention,no_determinants,31,0.06126482213438735
435,abstention,suspicious_determinants,2,0.003952569169960474
435,abstention,usable_complete,412,0.8142292490118577
435,abstention,usable_complete_limited_metadata,8,0.015810276679841896
435,abstention,usable_partial,52,0.10276679841897234
435,abstention,usable_partial_limited_metadata,1,0.001976284584980237
435,voter,no_determinants,78,0.15789473684210525
435,voter,suspicious_determinants,2,0.004048582995951417
435,voter,too_many_missing_determinants,17,0.03441295546558704
435,voter,usable_complete,267,0.5404858299595142
435,voter,usable_complete_limited_metadata,9,0.018218623481781375
435,voter,usable_partial,121,0.24493927125506074
436,abstention,no_determinants,27,0.0533596837944664
436,abstention,suspicious_determinants,4,0.007905138339920948
436,abstention,too_many_missing_determinants,4,0.007905138339920948
436,abstention,usable_complete,426,0.841897233201581
436,abstention,usable_complete_limited_metadata,10,0.019762845849802372
436,abstention,usable_partial,33,0.06521739130434782
436,abstention,usable_partial_limited_metadata,2,0.003952569169960474
436,voter,no_determinants,75,0.15182186234817813
436,voter,suspicious_determinants,7,0.01417004048582996
436,voter,too_many_missing_determinants,26,0.05263157894736842
436,voter,usable_complete,265,0.5364372469635628
436,voter,usable_complete_limited_metadata,7,0.01417004048582996
436,voter,usable_partial,114,0.23076923076923078
437,abstention,no_determinants,20,0.039525691699604744
437,abstention,suspicious_determinants,2,0.003952569169960474
437,abstention,too_many_missing_determinants,4,0.007905138339920948
437,abstention,usable_complete,418,0.8260869565217391
437,abstention,usable_complete_limited_metadata,15,0.029644268774703556
437,abstention,usable_partial,45,0.08893280632411067
437,abstention,usable_partial_limited_metadata,2,0.003952569169960474
437,voter,no_determinants,62,0.12550607287449392
437,voter,suspicious_determinants,3,0.006072874493927126
437,voter,too_many_missing_determinants,18,0.03643724696356275
437,voter,usable_complete,291,0.5890688259109311
437,voter,usable_complete_limited_metadata,13,0.02631578947368421
437,voter,usable_partial,107,0.2165991902834008
438,abstention,no_determinants,32,0.06324110671936758
438,abstention,suspicious_determinants,1,0.001976284584980237
438,abstention,too_many_missing_determinants,8,0.015810276679841896
438,abstention,usable_complete,394,0.7786561264822134
438,abstention,usable_complete_limited_metadata,22,0.043478260869565216
438,abstention,usable_partial,46,0.09090909090909091
438,abstention,usable_partial_limited_metadata,3,0.005928853754940711
438,voter,no_determinants,69,0.1396761133603239
438,voter,suspicious_determinants,1,0.0020242914979757085
438,voter,too_many_missing_determinants,13,0.02631578947368421
438,voter,usable_complete,300,0.6072874493927125
438,voter,usable_complete_limited_metadata,10,0.020242914979757085
438,voter,usable_partial,101,0.20445344129554655
439,abstention,no_determinants,26,0.05138339920948617
439,abstention,too_many_missing_determinants,6,0.011857707509881422
439,abstention,usable_complete,408,0.8063241106719368
439,abstention,usable_complete_limited_metadata,22,0.043478260869565216
439,abstention,usable_partial,43,0.08498023715415019
439,abstention,usable_partial_limited_metadata,1,0.001976284584980237
439,voter,no_determinants,62,0.12550607287449392
439,voter,suspicious_determinants,2,0.004048582995951417
439,voter,too_many_missing_determinants,18,0.03643724696356275
439,voter,usable_complete,286,0.5789473684210527
439,voter,usable_complete_limited_metadata,7,0.01417004048582996
439,voter,usable_partial,119,0.2408906882591093
440,abstention,no_determinants,32,0.06324110671936758
440,abstention,too_many_missing_determinants,6,0.011857707509881422
440,abstention,usable_complete,402,0.7944664031620553
440,abstention,usable_complete_limited_metadata,19,0.037549407114624504
440,abstention,usable_partial,45,0.08893280632411067
440,abstention,usable_partial_limited_metadata,2,0.003952569169960474
440,voter,no_determinants,81,0.16396761133603238
440,voter,suspicious_determinants,1,0.0020242914979757085
440,voter,too_many_missing_determinants,19,0.038461538461538464
440,voter,usable_complete,279,0.5647773279352226
440,voter,usable_complete_limited_metadata,7,0.01417004048582996
440,voter,usable_partial,106,0.2145748987854251
440,voter,usable_partial_limited_metadata,1,0.0020242914979757085
441,abstention,no_determinants,32,0.06324110671936758
441,abstention,suspicious_determinants,3,0.005928853754940711
441,abstention,too_many_missing_determinants,2,0.003952569169960474
441,abstention,usable_complete,391,0.7727272727272727
441,abstention,usable_complete_limited_metadata,24,0.04743083003952569
441,abstention,usable_partial,51,0.1007905138339921
441,abstention,usable_partial_limited_metadata,3,0.005928853754940711
441,voter,no_determinants,61,0.12348178137651822
441,voter,suspicious_determinants,2,0.004048582995951417
441,voter,too_many_missing_determinants,25,0.05060728744939271
441,voter,usable_complete,298,0.6032388663967612
441,voter,usable_complete_limited_metadata,10,0.020242914979757085
441,voter,usable_partial,98,0.19838056680161945
442,abstention,no_determinants,27,0.0533596837944664
442,abstention,suspicious_determinants,2,0.003952569169960474
442,abstention,too_many_missing_determinants,3,0.005928853754940711
442,abstention,usable_complete,406,0.8023715415019763
442,abstention,usable_complete_limited_metadata,18,0.03557312252964427
442,abstention,usable_partial,48,0.09486166007905138
442,abstention,usable_partial_limited_metadata,2,0.003952569169960474
442,voter,no_determinants,67,0.13562753036437247
442,voter,suspicious_determinants,4,0.008097165991902834
442,voter,too_many_missing_determinants,14,0.02834008097165992
442,voter,usable_complete,304,0.6153846153846154
442,voter,usable_complete_limited_metadata,11,0.022267206477732792
442,voter,usable_partial,92,0.1862348178137652
442,voter,usable_partial_limited_metadata,2,0.004048582995951417
443,abstention,no_determinants,30,0.05928853754940711
443,abstention,too_many_missing_determinants,4,0.007905138339920948
443,abstention,usable_complete,407,0.8043478260869565
443,abstention,usable_complete_limited_metadata,16,0.03162055335968379
443,abstention,usable_partial,48,0.09486166007905138
443,abstention,usable_partial_limited_metadata,1,0.001976284584980237
443,voter,no_determinants,79,0.15991902834008098
443,voter,suspicious_determinants,4,0.008097165991902834
443,voter,too_many_missing_determinants,11,0.022267206477732792
443,voter,usable_complete,277,0.5607287449392713
443,voter,usable_complete_limited_metadata,3,0.006072874493927126
443,voter,usable_partial,120,0.242914979757085
444,abstention,no_determinants,25,0.04940711462450593
444,abstention,too_many_missing_determinants,4,0.007905138339920948
444,abstention,usable_complete,407,0.8043478260869565
444,abstention,usable_complete_limited_metadata,14,0.02766798418972332
444,abstention,usable_partial,55,0.10869565217391304
444,abstention,usable_partial_limited_metadata,1,0.001976284584980237
444,voter,no_determinants,73,0.14777327935222673
444,voter,suspicious_determinants,4,0.008097165991902834
444,voter,too_many_missing_determinants,12,0.024291497975708502
444,voter,usable_complete,284,0.5748987854251012
444,voter,usable_complete_limited_metadata,15,0.030364372469635626
444,voter,usable_partial,106,0.2145748987854251
445,abstention,no_determinants,28,0.05533596837944664
445,abstention,suspicious_determinants,2,0.003952569169960474
445,abstention,too_many_missing_determinants,3,0.005928853754940711
445,abstention,usable_complete,407,0.8043478260869565
445,abstention,usable_complete_limited_metadata,19,0.037549407114624504
445,abstention,usable_partial,44,0.08695652173913043
445,abstention,usable_partial_limited_metadata,3,0.005928853754940711
445,voter,no_determinants,74,0.14979757085020243
445,voter,suspicious_determinants,7,0.01417004048582996
445,voter,too_many_missing_determinants,25,0.05060728744939271
445,voter,usable_complete,275,0.5566801619433198
445,voter,usable_complete_limited_metadata,3,0.006072874493927126
445,voter,usable_partial,109,0.22064777327935223
445,voter,usable_partial_limited_metadata,1,0.0020242914979757085
446,abstention,no_determinants,28,0.05533596837944664
446,abstention,suspicious_determinants,1,0.001976284584980237
446,abstention,too_many_missing_determinants,5,0.009881422924901186
446,abstention,usable_complete,398,0.7865612648221344
446,abstention,usable_complete_limited_metadata,23,0.045454545454545456
446,abstention,usable_partial,48,0.09486166007905138
446,abstention,usable_partial_limited_metadata,3,0.005928853754940711
446,voter,no_determinants,75,0.15182186234817813
446,voter,suspicious_determinants,2,0.004048582995951417
446,voter,too_many_missing_determinants,13,0.02631578947368421
446,voter,usable_complete,294,0.5951417004048583
446,voter,usable_complete_limited_metadata,5,0.010121457489878543
446,voter,usable_partial,105,0.2125506072874494
447,abstention,no_determinants,27,0.0533596837944664
447,abstention,too_many_missing_determinants,7,0.01383399209486166
447,abstention,usable_complete,409,0.808300395256917
447,abstention,usable_complete_limited_metadata,19,0.037549407114624504
447,abstention,usable_partial,42,0.08300395256916997
447,abstention,usable_partial_limited_metadata,2,0.003952569169960474
447,voter,no_determinants,64,0.12955465587044535
447,voter,suspicious_determinants,3,0.006072874493927126
447,voter,too_many_missing_determinants,17,0.03441295546558704
447,voter,usable_complete,276,0.5587044534412956
447,voter,usable_complete_limited_metadata,11,0.022267206477732792
447,voter,usable_partial,122,0.24696356275303644
447,voter,usable_partial_limited_metadata,1,0.0020242914979757085
448,abstention,no_determinants,37,0.07312252964426877
448,abstention,suspicious_determinants,1,0.001976284584980237
448,abstention,too_many_missing_determinants,8,0.015810276679841896
448,abstention,usable_complete,398,0.7865612648221344
448,abstention,usable_complete_limited_metadata,21,0.041501976284584984
448,abstention,usable_partial,39,0.07707509881422925
448,abstention,usable_partial_limited_metadata,2,0.003952569169960474
448,voter,no_determinants,75,0.15182186234817813
448,voter,suspicious_determinants,3,0.006072874493927126
448,voter,too_many_missing_determinants,18,0.03643724696356275
448,voter,usable_complete,286,0.5789473684210527
448,voter,usable_complete_limited_metadata,6,0.012145748987854251
448,voter,usable_partial,106,0.2145748987854251
449,abstention,no_determinants,33,0.06521739130434782
449,abstention,suspicious_determinants,3,0.005928853754940711
449,abstention,too_many_missing_determinants,7,0.01383399209486166
449,abstention,usable_complete,401,0.7924901185770751
449,abstention,usable_complete_limited_metadata,20,0.039525691699604744
449,abstention,usable_partial,39,0.07707509881422925
449,abstention,usable_partial_limited_metadata,3,0.005928853754940711
449,voter,no_determinants,59,0.1194331983805668
449,voter,suspicious_determinants,1,0.0020242914979757085
449,voter,too_many_missing_determinants,20,0.04048582995951417
449,voter,usable_complete,305,0.6174089068825911
449,voter,usable_complete_limited_metadata,8,0.016194331983805668
449,voter,usable_partial,101,0.20445344129554655
450,abstention,no_determinants,25,0.04940711462450593
450,abstention,suspicious_determinants,2,0.003952569169960474
450,abstention,too_many_missing_determinants,4,0.007905138339920948
450,abstention,usable_complete,396,0.782608695652174
450,abstention,usable_complete_limited_metadata,21,0.041501976284584984
450,abstention,usable_partial,56,0.11067193675889328
450,abstention,usable_partial_limited_metadata,2,0.003952569169960474
450,voter,no_determinants,61,0.12348178137651822
450,voter,suspicious_determinants,1,0.0020242914979757085
450,voter,too_many_missing_determinants,20,0.04048582995951417
450,voter,usable_complete,285,0.5769230769230769
450,voter,usable_complete_limited_metadata,8,0.016194331983805668
450,voter,usable_partial,119,0.2408906882591093
451,abstention,no_determinants,26,0.05138339920948617
451,abstention,suspicious_determinants,1,0.001976284584980237
451,abstention,too_many_missing_determinants,7,0.01383399209486166
451,abstention,usable_complete,401,0.7924901185770751
451,abstention,usable_complete_limited_metadata,23,0.045454545454545456
451,abstention,usable_partial,45,0.08893280632411067
451,abstention,usable_partial_limited_metadata,3,0.005928853754940711
451,voter,no_determinants,72,0.145748987854251
451,voter,suspicious_determinants,1,0.0020242914979757085
451,voter,too_many_missing_determinants,17,0.03441295546558704
451,voter,usable_complete,286,0.5789473684210527
451,voter,usable_complete_limited_metadata,5,0.010121457489878543
451,voter,usable_partial,113,0.22874493927125505
452,abstention,no_determinants,45,0.08893280632411067
452,abstention,suspicious_determinants,2,0.003952569169960474
452,abstention,too_many_missing_determinants,4,0.007905138339920948
452,abstention,usable_complete,381,0.7529644268774703
452,abstention,usable_complete_limited_metadata,20,0.039525691699604744
452,abstention,usable_partial,52,0.10276679841897234
452,abstention,usable_partial_limited_metadata,2,0.003952569169960474
452,voter,no_determinants,68,0.13765182186234817
452,voter,suspicious_determinants,2,0.004048582995951417
452,voter,too_many_missing_determinants,21,0.04251012145748988
452,voter,usable_complete,289,0.5850202429149798
452,voter,usable_complete_limited_metadata,11,0.022267206477732792
452,voter,usable_partial,103,0.20850202429149797
453,abstention,no_determinants,29,0.05731225296442688
453,abstention,too_many_missing_determinants,2,0.003952569169960474
453,abstention,usable_complete,407,0.8043478260869565
453,abstention,usable_complete_limited_metadata,16,0.03162055335968379
453,abstention,usable_partial,48,0.09486166007905138
453,abstention,usable_partial_limited_metadata,4,0.007905138339920948
453,voter,no_determinants,72,0.145748987854251
453,voter,suspicious_determinants,2,0.004048582995951417
453,voter,too_many_missing_determinants,8,0.016194331983805668
453,voter,usable_complete,315,0.6376518218623481
453,voter,usable_complete_limited_metadata,11,0.022267206477732792
453,voter,usable_partial,85,0.1720647773279352
453,voter,usable_partial_limited_metadata,1,0.0020242914979757085
454,abstention,no_determinants,27,0.0533596837944664
454,abstention,suspicious_determinants,3,0.005928853754940711
454,abstention,too_many_missing_determinants,8,0.015810276679841896
454,abstention,usable_complete,397,0.7845849802371542
454,abstention,usable_complete_limited_metadata,22,0.043478260869565216
454,abstention,usable_partial,48,0.09486166007905138
454,abstention,usable_partial_limited_metadata,1,0.001976284584980237
454,voter,no_determinants,75,0.15182186234817813
454,voter,suspicious_determinants,3,0.006072874493927126
454,voter,too_many_missing_determinants,16,0.032388663967611336
454,voter,usable_complete,287,0.5809716599190283
454,voter,usable_complete_limited_metadata,7,0.01417004048582996
454,voter,usable_partial,106,0.2145748987854251
455,abstention,no_determinants,35,0.0691699604743083
455,abstention,suspicious_determinants,2,0.003952569169960474
455,abstention,too_many_missing_determinants,3,0.005928853754940711
455,abstention,usable_complete,393,0.7766798418972332
455,abstention,usable_complete_limited_metadata,23,0.045454545454545456
455,abstention,usable_partial,46,0.09090909090909091
455,abstention,usable_partial_limited_metadata,4,0.007905138339920948
455,voter,no_determinants,60,0.1214574898785425
455,voter,suspicious_determinants,4,0.008097165991902834
455,voter,too_many_missing_determinants,14,0.02834008097165992
455,voter,usable_complete,285,0.5769230769230769
455,voter,usable_complete_limited_metadata,13,0.02631578947368421
455,voter,usable_partial,118,0.2388663967611336
456,abstention,no_determinants,23,0.045454545454545456
456,abstention,too_many_missing_determinants,5,0.009881422924901186
456,abstention,usable_complete,389,0.7687747035573123
456,abstention,usable_complete_limited_metadata,23,0.045454545454545456
456,abstention,usable_partial,63,0.12450592885375494
456,abstention,usable_partial_limited_metadata,3,0.005928853754940711
456,voter,no_determinants,62,0.12550607287449392
456,voter,suspicious_determinants,3,0.006072874493927126
456,voter,too_many_missing_determinants,16,0.032388663967611336
456,voter,usable_complete,292,0.5910931174089069
456,voter,usable_complete_limited_metadata,8,0.016194331983805668
456,voter,usable_partial,112,0.22672064777327935
456,voter,usable_partial_limited_metadata,1,0.0020242914979757085
457,abstention,no_determinants,38,0.07509881422924901
457,abstention,suspicious_determinants,1,0.001976284584980237
457,abstention,too_many_missing_determinants,5,0.009881422924901186
457,abstention,usable_complete,393,0.7766798418972332
457,abstention,usable_complete_limited_metadata,16,0.03162055335968379
457,abstention,usable_partial,52,0.10276679841897234
457,abstention,usable_partial_limited_metadata,1,0.001976284584980237
457,voter,no_determinants,72,0.145748987854251
457,voter,suspicious_determinants,3,0.006072874493927126
457,voter,too_many_missing_determinants,12,0.024291497975708502
457,voter,usable_complete,291,0.5890688259109311
457,voter,usable_complete_limited_metadata,9,0.018218623481781375
457,voter,usable_partial,107,0.2165991902834008
458,abstention,no_determinants,31,0.06126482213438735
458,abstention,suspicious_determinants,1,0.001976284584980237
458,abstention,too_many_missing_determinants,6,0.011857707509881422
458,abstention,usable_complete,419,0.8280632411067194
458,abstention,usable_complete_limited_metadata,9,0.017786561264822136
458,abstention,usable_partial,38,0.07509881422924901
458,abstention,usable_partial_limited_metadata,2,0.003952569169960474
458,voter,no_determinants,66,0.13360323886639677
458,voter,suspicious_determinants,1,0.0020242914979757085
458,voter,too_many_missing_determinants,18,0.03643724696356275
458,voter,usable_complete,287,0.5809716599190283
458,voter,usable_complete_limited_metadata,5,0.010121457489878543
458,voter,usable_partial,117,0.23684210526315788
459,abstention,no_determinants,35,0.0691699604743083
459,abstention,too_many_missing_determinants,8,0.015810276679841896
459,abstention,usable_complete,397,0.7845849802371542
459,abstention,usable_complete_limited_metadata,17,0.03359683794466403
459,abstention,usable_partial,43,0.08498023715415019
459,abstention,usable_partial_limited_metadata,6,0.011857707509881422
459,voter,no_determinants,59,0.1194331983805668
459,voter,suspicious_determinants,2,0.004048582995951417
459,voter,too_many_missing_determinants,19,0.038461538461538464
459,voter,usable_complete,290,0.5870445344129555
459,voter,usable_complete_limited_metadata,12,0.024291497975708502
459,voter,usable_partial,112,0.22672064777327935
460,abstention,no_determinants,31,0.06126482213438735
460,abstention,suspicious_determinants,1,0.001976284584980237
460,abstention,too_many_missing_determinants,4,0.007905138339920948
460,abstention,usable_complete,409,0.808300395256917
460,abstention,usable_complete_limited_metadata,16,0.03162055335968379
460,abstention,usable_partial,43,0.08498023715415019
460,abstention,usable_partial_limited_metadata,2,0.003952569169960474
460,voter,no_determinants,58,0.11740890688259109
460,voter,suspicious_determinants,2,0.004048582995951417
460,voter,too_many_missing_determinants,10,0.020242914979757085
460,voter,usable_complete,320,0.6477732793522267
460,voter,usable_complete_limited_metadata,9,0.018218623481781375
460,voter,usable_partial,95,0.19230769230769232
461,abstention,no_determinants,28,0.05533596837944664
461,abstention,suspicious_determinants,1,0.001976284584980237
461,abstention,too_many_missing_determinants,5,0.009881422924901186
461,abstention,usable_complete,409,0.808300395256917
461,abstention,usable_complete_limited_metadata,13,0.025691699604743084
461,abstention,usable_partial,48,0.09486166007905138
461,abstention,usable_partial_limited_metadata,2,0.003952569169960474
461,voter,no_determinants,74,0.14979757085020243
461,voter,suspicious_determinants,2,0.004048582995951417
461,voter,too_many_missing_determinants,11,0.022267206477732792
461,voter,usable_complete,276,0.5587044534412956
461,voter,usable_complete_limited_metadata,12,0.024291497975708502
461,voter,usable_partial,119,0.2408906882591093
462,abstention,no_determinants,41,0.08102766798418973
462,abstention,too_many_missing_determinants,3,0.005928853754940711
462,abstention,usable_complete,395,0.7806324110671937
462,abstention,usable_complete_limited_metadata,14,0.02766798418972332
462,abstention,usable_partial,50,0.09881422924901186
462,abstention,usable_partial_limited_metadata,3,0.005928853754940711
462,voter,no_determinants,71,0.1437246963562753
462,voter,suspicious_determinants,2,0.004048582995951417
462,voter,too_many_missing_determinants,21,0.04251012145748988
462,voter,usable_complete,272,0.5506072874493927
462,voter,usable_complete_limited_metadata,14,0.02834008097165992
462,voter,usable_partial,114,0.23076923076923078
463,abstention,no_determinants,34,0.06719367588932806
463,abstention,suspicious_determinants,1,0.001976284584980237
463,abstention,too_many_missing_determinants,6,0.011857707509881422
463,abstention,usable_complete,389,0.7687747035573123
463,abstention,usable_complete_limited_metadata,20,0.039525691699604744
463,abstention,usable_partial,52,0.10276679841897234
463,abstention,usable_partial_limited_metadata,4,0.007905138339920948
463,voter,no_determinants,70,0.1417004048582996
463,voter,suspicious_determinants,2,0.004048582995951417
463,voter,too_many_missing_determinants,17,0.03441295546558704
463,voter,usable_complete,281,0.5688259109311741
463,voter,usable_complete_limited_metadata,11,0.022267206477732792
463,voter,usable_partial,113,0.22874493927125505
464,abstention,no_determinants,28,0.05533596837944664
464,abstention,too_many_missing_determinants,3,0.005928853754940711
464,abstention,usable_complete,391,0.7727272727272727
464,abstention,usable_complete_limited_metadata,25,0.04940711462450593
464,abstention,usable_partial,56,0.11067193675889328
464,abstention,usable_partial_limited_metadata,3,0.005928853754940711
464,voter,no_determinants,72,0.145748987854251
464,voter,suspicious_determinants,1,0.0020242914979757085
464,voter,too_many_missing_determinants,11,0.022267206477732792
464,voter,usable_complete,277,0.5607287449392713
464,voter,usable_complete_limited_metadata,13,0.02631578947368421
464,voter,usable_partial,117,0.23684210526315788
464,voter,usable_partial_limited_metadata,3,0.006072874493927126
465,abstention,no_determinants,34,0.06719367588932806
465,abstention,suspicious_determinants,3,0.005928853754940711
465,abstention,too_many_missing_determinants,3,0.005928853754940711
465,abstention,usable_complete,392,0.7747035573122529
465,abstention,usable_complete_limited_metadata,17,0.03359683794466403
465,abstention,usable_partial,55,0.10869565217391304
465,abstention,usable_partial_limited_metadata,2,0.003952569169960474
465,voter,no_determinants,67,0.13562753036437247
465,voter,suspicious_determinants,2,0.004048582995951417
465,voter,too_many_missing_determinants,13,0.02631578947368421
465,voter,usable_complete,288,0.582995951417004
465,voter,usable_complete_limited_metadata,9,0.018218623481781375
465,voter,usable_partial,115,0.23279352226720648
466,abstention,no_determinants,29,0.05731225296442688
466,abstention,too_many_missing_determinants,3,0.005928853754940711
466,abstention,usable_complete,413,0.8162055335968379
466,abstention,usable_complete_limited_metadata,14,0.02766798418972332
466,abstention,usable_partial,44,0.08695652173913043
466,abstention,usable_partial_limited_metadata,3,0.005928853754940711
466,voter,no_determinants,70,0.1417004048582996
466,voter,suspicious_determinants,1,0.0020242914979757085
466,voter,too_many_missing_determinants,18,0.03643724696356275
466,voter,usable_complete,286,0.5789473684210527
466,voter,usable_complete_limited_metadata,7,0.01417004048582996
466,voter,usable_partial,112,0.22672064777327935
467,abstention,no_determinants,29,0.05731225296442688
467,abstention,too_many_missing_determinants,6,0.011857707509881422
467,abstention,usable_complete,394,0.7786561264822134
467,abstention,usable_complete_limited_metadata,25,0.04940711462450593
467,abstention,usable_partial,48,0.09486166007905138
467,abstention,usable_partial_limited_metadata,4,0.007905138339920948
467,voter,no_determinants,74,0.14979757085020243
467,voter,suspicious_determinants,2,0.004048582995951417
467,voter,too_many_missing_determinants,12,0.024291497975708502
467,voter,usable_complete,281,0.5688259109311741
467,voter,usable_complete_limited_metadata,11,0.022267206477732792
467,voter,usable_partial,114,0.23076923076923078
468,abstention,no_determinants,25,0.04940711462450593
468,abstention,suspicious_determinants,2,0.003952569169960474
468,abstention,too_many_missing_determinants,9,0.017786561264822136
468,abstention,usable_complete,399,0.7885375494071146
468,abstention,usable_complete_limited_metadata,14,0.02766798418972332
468,abstention,usable_partial,56,0.11067193675889328
468,abstention,usable_partial_limited_metadata,1,0.001976284584980237
468,voter,no_determinants,67,0.13562753036437247
468,voter,suspicious_determinants,5,0.010121457489878543
468,voter,too_many_missing_determinants,15,0.030364372469635626
468,voter,usable_complete,295,0.597165991902834
468,voter,usable_complete_limited_metadata,9,0.018218623481781375
468,voter,usable_partial,102,0.20647773279352227
468,voter,usable_partial_limited_metadata,1,0.0020242914979757085
469,abstention,no_determinants,41,0.08102766798418973
469,abstention,too_many_missing_determinants,3,0.005928853754940711
469,abstention,usable_complete,388,0.766798418972332
469,abstention,usable_complete_limited_metadata,22,0.043478260869565216
469,abstention,usable_partial,49,0.09683794466403162
469,abstention,usable_partial_limited_metadata,3,0.005928853754940711
469,voter,no_determinants,61,0.12348178137651822
469,voter,suspicious_determinants,3,0.006072874493927126
469,voter,too_many_missing_determinants,19,0.038461538461538464
469,voter,usable_complete,303,0.6133603238866396
469,voter,usable_complete_limited_metadata,8,0.016194331983805668
469,voter,usable_partial,100,0.20242914979757085
470,abstention,no_determinants,22,0.043478260869565216
470,abstention,suspicious_determinants,1,0.001976284584980237
470,abstention,too_many_missing_determinants,4,0.007905138339920948
470,abstention,usable_complete,407,0.8043478260869565
470,abstention,usable_complete_limited_metadata,22,0.043478260869565216
470,abstention,usable_partial,48,0.09486166007905138
470,abstention,usable_partial_limited_metadata,2,0.003952569169960474
470,voter,no_determinants,88,0.17813765182186234
470,voter,suspicious_determinants,2,0.004048582995951417
470,voter,too_many_missing_determinants,14,0.02834008097165992
470,voter,usable_complete,263,0.5323886639676113
470,voter,usable_complete_limited_metadata,12,0.024291497975708502
470,voter,usable_partial,114,0.23076923076923078
470,voter,usable_partial_limited_metadata,1,0.0020242914979757085
471,abstention,no_determinants,32,0.06324110671936758
471,abstention,suspicious_determinants,1,0.001976284584980237
471,abstention,too_many_missing_determinants,3,0.005928853754940711
471,abstention,usable_complete,394,0.7786561264822134
471,abstention,usable_complete_limited_metadata,15,0.029644268774703556
471,abstention,usable_partial,56,0.11067193675889328
471,abstention,usable_partial_limited_metadata,5,0.009881422924901186
471,voter,no_determinants,72,0.145748987854251
471,voter,suspicious_determinants,2,0.004048582995951417
471,voter,too_many_missing_determinants,18,0.03643724696356275
471,voter,usable_complete,278,0.562753036437247
471,voter,usable_complete_limited_metadata,10,0.020242914979757085
471,voter,usable_partial,113,0.22874493927125505
471,voter,usable_partial_limited_metadata,1,0.0020242914979757085
472,abstention,no_determinants,20,0.039525691699604744
472,abstention,suspicious_determinants,1,0.001976284584980237
472,abstention,too_many_missing_determinants,3,0.005928853754940711
472,abstention,usable_complete,406,0.8023715415019763
472,abstention,usable_complete_limited_metadata,22,0.043478260869565216
472,abstention,usable_partial,54,0.1067193675889328
472,voter,no_determinants,54,0.10931174089068826
472,voter,suspicious_determinants,1,0.0020242914979757085
472,voter,too_many_missing_determinants,17,0.03441295546558704
472,voter,usable_complete,292,0.5910931174089069
472,voter,usable_complete_limited_metadata,9,0.018218623481781375
472,voter,usable_partial,121,0.24493927125506074
473,abstention,no_determinants,30,0.05928853754940711
473,abstention,suspicious_determinants,1,0.001976284584980237
473,abstention,too_many_missing_determinants,2,0.003952569169960474
473,abstention,usable_complete,392,0.7747035573122529
473,abstention,usable_complete_limited_metadata,24,0.04743083003952569
473,abstention,usable_partial,54,0.1067193675889328
473,abstention,usable_partial_limited_metadata,3,0.005928853754940711
473,voter,no_determinants,65,0.13157894736842105
473,voter,too_many_missing_determinants,21,0.04251012145748988
473,voter,usable_complete,260,0.5263157894736842
473,voter,usable_complete_limited_metadata,17,0.03441295546558704
473,voter,usable_partial,131,0.2651821862348178
474,abstention,no_determinants,37,0.07312252964426877
474,abstention,suspicious_determinants,1,0.001976284584980237
474,abstention,too_many_missing_determinants,5,0.009881422924901186
474,abstention,usable_complete,405,0.8003952569169961
474,abstention,usable_complete_limited_metadata,21,0.041501976284584984
474,abstention,usable_partial,34,0.06719367588932806
474,abstention,usable_partial_limited_metadata,3,0.005928853754940711
474,voter,no_determinants,74,0.14979757085020243
474,voter,suspicious_determinants,5,0.010121457489878543
474,voter,too_many_missing_determinants,17,0.03441295546558704
474,voter,usable_complete,293,0.5931174089068826
474,voter,usable_complete_limited_metadata,9,0.018218623481781375
474,voter,usable_partial,96,0.19433198380566802
475,abstention,no_determinants,34,0.06719367588932806
475,abstention,suspicious_determinants,2,0.003952569169960474
475,abstention,too_many_missing_determinants,7,0.01383399209486166
475,abstention,usable_complete,399,0.7885375494071146
475,abstention,usable_complete_limited_metadata,13,0.025691699604743084
475,abstention,usable_partial,50,0.09881422924901186
475,abstention,usable_partial_limited_metadata,1,0.001976284584980237
475,voter,no_determinants,65,0.13157894736842105
475,voter,suspicious_determinants,4,0.008097165991902834
475,voter,too_many_missing_determinants,10,0.020242914979757085
475,voter,usable_complete,298,0.6032388663967612
475,voter,usable_complete_limited_metadata,4,0.008097165991902834
475,voter,usable_partial,113,0.22874493927125505
476,abstention,no_determinants,24,0.04743083003952569
476,abstention,suspicious_determinants,3,0.005928853754940711
476,abstention,too_many_missing_determinants,9,0.017786561264822136
476,abstention,usable_complete,396,0.782608695652174
476,abstention,usable_complete_limited_metadata,24,0.04743083003952569
476,abstention,usable_partial,45,0.08893280632411067
476,abstention,usable_partial_limited_metadata,5,0.009881422924901186
476,voter,no_determinants,70,0.1417004048582996
476,voter,suspicious_determinants,2,0.004048582995951417
476,voter,too_many_missing_determinants,19,0.038461538461538464
476,voter,usable_complete,282,0.5708502024291497
476,voter,usable_complete_limited_metadata,7,0.01417004048582996
476,voter,usable_partial,114,0.23076923076923078
477,abstention,no_determinants,32,0.06324110671936758
477,abstention,too_many_missing_determinants,4,0.007905138339920948
477,abstention,usable_complete,398,0.7865612648221344
477,abstention,usable_complete_limited_metadata,18,0.03557312252964427
477,abstention,usable_partial,51,0.1007905138339921
477,abstention,usable_partial_limited_metadata,3,0.005928853754940711
477,voter,no_determinants,66,0.13360323886639677
477,voter,too_many_missing_determinants,13,0.02631578947368421
477,voter,usable_complete,291,0.5890688259109311
477,voter,usable_complete_limited_metadata,9,0.018218623481781375
477,voter,usable_partial,115,0.23279352226720648
478,abstention,no_determinants,33,0.06521739130434782
478,abstention,suspicious_determinants,1,0.001976284584980237
478,abstention,too_many_missing_determinants,5,0.009881422924901186
478,abstention,usable_complete,391,0.7727272727272727
478,abstention,usable_complete_limited_metadata,18,0.03557312252964427
478,abstention,usable_partial,56,0.11067193675889328
478,abstention,usable_partial_limited_metadata,2,0.003952569169960474
478,voter,no_determinants,62,0.12550607287449392
478,voter,too_many_missing_determinants,17,0.03441295546558704
478,voter,usable_complete,297,0.6012145748987854
478,voter,usable_complete_limited_metadata,11,0.022267206477732792
478,voter,usable_partial,107,0.2165991902834008
479,abstention,no_determinants,26,0.05138339920948617
479,abstention,too_many_missing_determinants,4,0.007905138339920948
479,abstention,usable_complete,410,0.8102766798418972
479,abstention,usable_complete_limited_metadata,17,0.03359683794466403
479,abstention,usable_partial,44,0.08695652173913043
479,abstention,usable_partial_limited_metadata,5,0.009881422924901186
479,voter,no_determinants,72,0.145748987854251
479,voter,suspicious_determinants,5,0.010121457489878543
479,voter,too_many_missing_determinants,13,0.02631578947368421
479,voter,usable_complete,293,0.5931174089068826
479,voter,usable_complete_limited_metadata,9,0.018218623481781375
479,voter,usable_partial,102,0.20647773279352227
480,abstention,no_determinants,23,0.045454545454545456
480,abstention,too_many_missing_determinants,5,0.009881422924901186
480,abstention,usable_complete,418,0.8260869565217391
480,abstention,usable_complete_limited_metadata,15,0.029644268774703556
480,abstention,usable_partial,41,0.08102766798418973
480,abstention,usable_partial_limited_metadata,4,0.007905138339920948
480,voter,no_determinants,69,0.1396761133603239
480,voter,suspicious_determinants,2,0.004048582995951417
480,voter,too_many_missing_determinants,12,0.024291497975708502
480,voter,usable_complete,300,0.6072874493927125
480,voter,usable_complete_limited_metadata,5,0.010121457489878543
480,voter,usable_partial,106,0.2145748987854251
481,abstention,no_determinants,29,0.05731225296442688
481,abstention,suspicious_determinants,1,0.001976284584980237
481,abstention,too_many_missing_determinants,4,0.007905138339920948
481,abstention,usable_complete,392,0.7747035573122529
481,abstention,usable_complete_limited_metadata,31,0.06126482213438735
481,abstention,usable_partial,47,0.09288537549407115
481,abstention,usable_partial_limited_metadata,2,0.003952569169960474
481,voter,no_determinants,74,0.14979757085020243
481,voter,suspicious_determinants,5,0.010121457489878543
481,voter,too_many_missing_determinants,14,0.02834008097165992
481,voter,usable_complete,288,0.582995951417004
481,voter,usable_complete_limited_metadata,7,0.01417004048582996
481,voter,usable_partial,105,0.2125506072874494
481,voter,usable_partial_limited_metadata,1,0.0020242914979757085
482,abstention,no_determinants,26,0.05138339920948617
482,abstention,suspicious_determinants,1,0.001976284584980237
482,abstention,too_many_missing_determinants,3,0.005928853754940711
482,abstention,usable_complete,394,0.7786561264822134
482,abstention,usable_complete_limited_metadata,21,0.041501976284584984
482,abstention,usable_partial,57,0.11264822134387352
482,abstention,usable_partial_limited_metadata,4,0.007905138339920948
482,voter,no_determinants,69,0.1396761133603239
482,voter,suspicious_determinants,6,0.012145748987854251
482,voter,too_many_missing_determinants,13,0.02631578947368421
482,voter,usable_complete,307,0.6214574898785425
482,voter,usable_complete_limited_metadata,4,0.008097165991902834
482,voter,usable_partial,95,0.19230769230769232
483,abstention,no_determinants,31,0.06126482213438735
483,abstention,too_many_missing_determinants,5,0.009881422924901186
483,abstention,usable_complete,394,0.7786561264822134
483,abstention,usable_complete_limited_metadata,19,0.037549407114624504
483,abstention,usable_partial,52,0.10276679841897234
483,abstention,usable_partial_limited_metadata,5,0.009881422924901186
483,voter,no_determinants,77,0.15587044534412955
483,voter,suspicious_determinants,3,0.006072874493927126
483,voter,too_many_missing_determinants,19,0.038461538461538464
483,voter,usable_complete,284,0.5748987854251012
483,voter,usable_complete_limited_metadata,12,0.024291497975708502
483,voter,usable_partial,99,0.20040485829959515
484,abstention,no_determinants,38,0.07509881422924901
484,abstention,suspicious_determinants,2,0.003952569169960474
484,abstention,too_many_missing_determinants,1,0.001976284584980237
484,abstention,usable_complete,405,0.8003952569169961
484,abstention,usable_complete_limited_metadata,12,0.023715415019762844
484,abstention,usable_partial,46,0.09090909090909091
484,abstention,usable_partial_limited_metadata,2,0.003952569169960474
484,voter,no_determinants,68,0.13765182186234817
484,voter,suspicious_determinants,2,0.004048582995951417
484,voter,too_many_missing_determinants,10,0.020242914979757085
484,voter,usable_complete,305,0.6174089068825911
484,voter,usable_complete_limited_metadata,7,0.01417004048582996
484,voter,usable_partial,101,0.20445344129554655
484,voter,usable_partial_limited_metadata,1,0.0020242914979757085
485,abstention,no_determinants,34,0.06719367588932806
485,abstention,suspicious_determinants,1,0.001976284584980237
485,abstention,too_many_missing_determinants,4,0.007905138339920948
485,abstention,usable_complete,398,0.7865612648221344
485,abstention,usable_complete_limited_metadata,21,0.041501976284584984
485,abstention,usable_partial,45,0.08893280632411067
485,abstention,usable_partial_limited_metadata,3,0.005928853754940711
485,voter,no_determinants,73,0.14777327935222673
485,voter,suspicious_determinants,1,0.0020242914979757085
485,voter,too_many_missing_determinants,14,0.02834008097165992
485,voter,usable_complete,300,0.6072874493927125
485,voter,usable_complete_limited_metadata,9,0.018218623481781375
485,voter,usable_partial,97,0.19635627530364372
486,abstention,no_determinants,29,0.05731225296442688
486,abstention,suspicious_determinants,1,0.001976284584980237
486,abstention,too_many_missing_determinants,6,0.011857707509881422
486,abstention,usable_complete,395,0.7806324110671937
486,abstention,usable_complete_limited_metadata,19,0.037549407114624504
486,abstention,usable_partial,55,0.10869565217391304
486,abstention,usable_partial_limited_metadata,1,0.001976284584980237
486,voter,no_determinants,68,0.13765182186234817
486,voter,suspicious_determinants,2,0.004048582995951417
486,voter,too_many_missing_determinants,7,0.01417004048582996
486,voter,usable_complete,312,0.631578947368421
486,voter,usable_complete_limited_metadata,5,0.010121457489878543
486,voter,usable_partial,100,0.20242914979757085
487,abstention,no_determinants,35,0.0691699604743083
487,abstention,too_many_missing_determinants,4,0.007905138339920948
487,abstention,usable_complete,388,0.766798418972332
487,abstention,usable_complete_limited_metadata,22,0.043478260869565216
487,abstention,usable_partial,54,0.1067193675889328
487,abstention,usable_partial_limited_metadata,3,0.005928853754940711
487,voter,no_determinants,70,0.1417004048582996
487,voter,suspicious_determinants,1,0.0020242914979757085
487,voter,too_many_missing_determinants,15,0.030364372469635626
487,voter,usable_complete,295,0.597165991902834
487,voter,usable_complete_limited_metadata,10,0.020242914979757085
487,voter,usable_partial,103,0.20850202429149797
488,abstention,no_determinants,20,0.039525691699604744
488,abstention,suspicious_determinants,1,0.001976284584980237
488,abstention,too_many_missing_determinants,4,0.007905138339920948
488,abstention,usable_complete,407,0.8043478260869565
488,abstention,usable_complete_limited_metadata,23,0.045454545454545456
488,abstention,usable_partial,51,0.1007905138339921
488,voter,no_determinants,82,0.1659919028340081
488,voter,suspicious_determinants,4,0.008097165991902834
488,voter,too_many_missing_determinants,18,0.03643724696356275
488,voter,usable_complete,280,0.5668016194331984
488,voter,usable_complete_limited_metadata,7,0.01417004048582996
488,voter,usable_partial,103,0.20850202429149797
489,abstention,no_determinants,28,0.05533596837944664
489,abstention,too_many_missing_determinants,5,0.009881422924901186
489,abstention,usable_complete,412,0.8142292490118577
489,abstention,usable_complete_limited_metadata,19,0.037549407114624504
489,abstention,usable_partial,41,0.08102766798418973
489,abstention,usable_partial_limited_metadata,1,0.001976284584980237
489,voter,no_determinants,79,0.15991902834008098
489,voter,suspicious_determinants,6,0.012145748987854251
489,voter,too_many_missing_determinants,16,0.032388663967611336
489,voter,usable_complete,270,0.5465587044534413
489,voter,usable_complete_limited_metadata,10,0.020242914979757085
489,voter,usable_partial,113,0.22874493927125505
490,abstention,no_determinants,25,0.04940711462450593
490,abstention,too_many_missing_determinants,4,0.007905138339920948
490,abstention,usable_complete,409,0.808300395256917
490,abstention,usable_complete_limited_metadata,22,0.043478260869565216
490,abstention,usable_partial,43,0.08498023715415019
490,abstention,usable_partial_limited_metadata,3,0.005928853754940711
490,voter,no_determinants,66,0.13360323886639677
490,voter,suspicious_determinants,2,0.004048582995951417
490,voter,too_many_missing_determinants,14,0.02834008097165992
490,voter,usable_complete,301,0.6093117408906883
490,voter,usable_complete_limited_metadata,11,0.022267206477732792
490,voter,usable_partial,100,0.20242914979757085
491,abstention,no_determinants,30,0.05928853754940711
491,abstention,too_many_missing_determinants,10,0.019762845849802372
491,abstention,usable_complete,395,0.7806324110671937
491,abstention,usable_complete_limited_metadata,22,0.043478260869565216
491,abstention,usable_partial,46,0.09090909090909091
491,abstention,usable_partial_limited_metadata,3,0.005928853754940711
491,voter,no_determinants,72,0.145748987854251
491,voter,suspicious_determinants,4,0.008097165991902834
491,voter,too_many_missing_determinants,17,0.03441295546558704
491,voter,usable_complete,290,0.5870445344129555
491,voter,usable_complete_limited_metadata,8,0.016194331983805668
491,voter,usable_partial,103,0.20850202429149797
492,abstention,no_determinants,39,0.07707509881422925
492,abstention,suspicious_determinants,1,0.001976284584980237
492,abstention,too_many_missing_determinants,2,0.003952569169960474
492,abstention,usable_complete,388,0.766798418972332
492,abstention,usable_complete_limited_metadata,22,0.043478260869565216
492,abstention,usable_partial,50,0.09881422924901186
492,abstention,usable_partial_limited_metadata,4,0.007905138339920948
492,voter,no_determinants,72,0.145748987854251
492,voter,suspicious_determinants,2,0.004048582995951417
492,voter,too_many_missing_determinants,16,0.032388663967611336
492,voter,usable_complete,279,0.5647773279352226
492,voter,usable_complete_limited_metadata,6,0.012145748987854251
492,voter,usable_partial,119,0.2408906882591093
493,abstention,no_determinants,35,0.0691699604743083
493,abstention,suspicious_determinants,2,0.003952569169960474
493,abstention,too_many_missing_determinants,4,0.007905138339920948
493,abstention,usable_complete,391,0.7727272727272727
493,abstention,usable_complete_limited_metadata,19,0.037549407114624504
493,abstention,usable_partial,51,0.1007905138339921
493,abstention,usable_partial_limited_metadata,4,0.007905138339920948
493,voter,no_determinants,68,0.13765182186234817
493,voter,suspicious_determinants,1,0.0020242914979757085
493,voter,too_many_missing_determinants,18,0.03643724696356275
493,voter,usable_complete,285,0.5769230769230769
493,voter,usable_complete_limited_metadata,12,0.024291497975708502
493,voter,usable_partial,110,0.22267206477732793
494,abstention,no_determinants,25,0.04940711462450593
494,abstention,suspicious_determinants,1,0.001976284584980237
494,abstention,too_many_missing_determinants,5,0.009881422924901186
494,abstention,usable_complete,405,0.8003952569169961
494,abstention,usable_complete_limited_metadata,11,0.021739130434782608
494,abstention,usable_partial,58,0.11462450592885376
494,abstention,usable_partial_limited_metadata,1,0.001976284584980237
494,voter,no_determinants,72,0.145748987854251
494,voter,suspicious_determinants,3,0.006072874493927126
494,voter,too_many_missing_determinants,17,0.03441295546558704
494,voter,usable_complete,277,0.5607287449392713
494,voter,usable_complete_limited_metadata,8,0.016194331983805668
494,voter,usable_partial,117,0.23684210526315788
495,abstention,no_determinants,29,0.05731225296442688
495,abstention,suspicious_determinants,2,0.003952569169960474
495,abstention,too_many_missing_determinants,4,0.007905138339920948
495,abstention,usable_complete,394,0.7786561264822134
495,abstention,usable_complete_limited_metadata,27,0.0533596837944664
495,abstention,usable_partial,50,0.09881422924901186
495,voter,no_determinants,73,0.14777327935222673
495,voter,suspicious_determinants,2,0.004048582995951417
495,voter,too_many_missing_determinants,15,0.030364372469635626
495,voter,usable_complete,295,0.597165991902834
495,voter,usable_complete_limited_metadata,9,0.018218623481781375
495,voter,usable_partial,100,0.20242914979757085
496,abstention,no_determinants,24,0.04743083003952569
496,abstention,suspicious_determinants,2,0.003952569169960474
496,abstention,too_many_missing_determinants,4,0.007905138339920948
496,abstention,usable_complete,412,0.8142292490118577
496,abstention,usable_complete_limited_metadata,15,0.029644268774703556
496,abstention,usable_partial,46,0.09090909090909091
496,abstention,usable_partial_limited_metadata,3,0.005928853754940711
496,voter,no_determinants,56,0.11336032388663968
496,voter,suspicious_determinants,5,0.010121457489878543
496,voter,too_many_missing_determinants,17,0.03441295546558704
496,voter,usable_complete,296,0.5991902834008097
496,voter,usable_complete_limited_metadata,8,0.016194331983805668
496,voter,usable_partial,111,0.22469635627530365
496,voter,usable_partial_limited_metadata,1,0.0020242914979757085
497,abstention,no_determinants,24,0.04743083003952569
497,abstention,too_many_missing_determinants,7,0.01383399209486166
497,abstention,usable_complete,400,0.7905138339920948
497,abstention,usable_complete_limited_metadata,19,0.037549407114624504
497,abstention,usable_partial,53,0.10474308300395258
497,abstention,usable_partial_limited_metadata,3,0.005928853754940711
497,voter,no_determinants,66,0.13360323886639677
497,voter,suspicious_determinants,5,0.010121457489878543
497,voter,too_many_missing_determinants,17,0.03441295546558704
497,voter,usable_complete,286,0.5789473684210527
497,voter,usable_complete_limited_metadata,12,0.024291497975708502
497,voter,usable_partial,108,0.21862348178137653
498,abstention,no_determinants,31,0.06126482213438735
498,abstention,too_many_missing_determinants,9,0.017786561264822136
498,abstention,usable_complete,395,0.7806324110671937
498,abstention,usable_complete_limited_metadata,17,0.03359683794466403
498,abstention,usable_partial,52,0.10276679841897234
498,abstention,usable_partial_limited_metadata,2,0.003952569169960474
498,voter,no_determinants,66,0.13360323886639677
498,voter,suspicious_determinants,3,0.006072874493927126
498,voter,too_many_missing_determinants,22,0.044534412955465584
498,voter,usable_complete,282,0.5708502024291497
498,voter,usable_complete_limited_metadata,10,0.020242914979757085
498,voter,usable_partial,111,0.22469635627530365
499,abstention,no_determinants,21,0.041501976284584984
499,abstention,suspicious_determinants,1,0.001976284584980237
499,abstention,too_many_missing_determinants,4,0.007905138339920948
499,abstention,usable_complete,406,0.8023715415019763
499,abstention,usable_complete_limited_metadata,16,0.03162055335968379
499,abstention,usable_partial,57,0.11264822134387352
499,abstention,usable_partial_limited_metadata,1,0.001976284584980237
499,voter,no_determinants,69,0.1396761133603239
499,voter,suspicious_determinants,4,0.008097165991902834
499,voter,too_many_missing_determinants,15,0.030364372469635626
499,voter,usable_complete,298,0.6032388663967612
499,voter,usable_complete_limited_metadata,12,0.024291497975708502
499,voter,usable_partial,96,0.19433198380566802
500,abstention,no_determinants,27,0.0533596837944664
500,abstention,too_many_missing_determinants,14,0.02766798418972332
500,abstention,usable_complete,393,0.7766798418972332
500,abstention,usable_complete_limited_metadata,23,0.045454545454545456
500,abstention,usable_partial,46,0.09090909090909091
500,abstention,usable_partial_limited_metadata,3,0.005928853754940711
500,voter,no_determinants,68,0.13765182186234817
500,voter,suspicious_determinants,1,0.0020242914979757085
500,voter,too_many_missing_determinants,17,0.03441295546558704
500,voter,usable_complete,287,0.5809716599190283
500,voter,usable_complete_limited_metadata,13,0.02631578947368421
500,voter,usable_partial,108,0.21862348178137653
501,abstention,no_determinants,23,0.045454545454545456
501,abstention,suspicious_determinants,1,0.001976284584980237
501,abstention,too_many_missing_determinants,5,0.009881422924901186
501,abstention,usable_complete,397,0.7845849802371542
501,abstention,usable_complete_limited_metadata,26,0.05138339920948617
501,abstention,usable_partial,50,0.09881422924901186
501,abstention,usable_partial_limited_metadata,4,0.007905138339920948
501,voter,no_determinants,81,0.16396761133603238
501,voter,suspicious_determinants,2,0.004048582995951417
501,voter,too_many_missing_determinants,9,0.018218623481781375
501,voter,usable_complete,286,0.5789473684210527
501,voter,usable_complete_limited_metadata,9,0.018218623481781375
501,voter,usable_partial,107,0.2165991902834008
502,abstention,no_determinants,30,0.05928853754940711
502,abstention,suspicious_determinants,1,0.001976284584980237
502,abstention,too_many_missing_determinants,4,0.007905138339920948
502,abstention,usable_complete,401,0.7924901185770751
502,abstention,usable_complete_limited_metadata,23,0.045454545454545456
502,abstention,usable_partial,46,0.09090909090909091
502,abstention,usable_partial_limited_metadata,1,0.001976284584980237
502,voter,no_determinants,75,0.15182186234817813
502,voter,suspicious_determinants,1,0.0020242914979757085
502,voter,too_many_missing_determinants,15,0.030364372469635626
502,voter,usable_complete,288,0.582995951417004
502,voter,usable_complete_limited_metadata,10,0.020242914979757085
502,voter,usable_partial,105,0.2125506072874494
503,abstention,no_determinants,32,0.06324110671936758
503,abstention,too_many_missing_determinants,5,0.009881422924901186
503,abstention,usable_complete,408,0.8063241106719368
503,abstention,usable_complete_limited_metadata,11,0.021739130434782608
503,abstention,usable_partial,49,0.09683794466403162
503,abstention,usable_partial_limited_metadata,1,0.001976284584980237
503,voter,no_determinants,70,0.1417004048582996
503,voter,suspicious_determinants,1,0.0020242914979757085
503,voter,too_many_missing_determinants,17,0.03441295546558704
503,voter,usable_complete,295,0.597165991902834
503,voter,usable_complete_limited_metadata,6,0.012145748987854251
503,voter,usable_partial,105,0.2125506072874494
504,abstention,no_determinants,34,0.06719367588932806
504,abstention,suspicious_determinants,1,0.001976284584980237
504,abstention,too_many_missing_determinants,6,0.011857707509881422
504,abstention,usable_complete,407,0.8043478260869565
504,abstention,usable_complete_limited_metadata,16,0.03162055335968379
504,abstention,usable_partial,42,0.08300395256916997
504,voter,no_determinants,63,0.12753036437246965
504,voter,suspicious_determinants,5,0.010121457489878543
504,voter,too_many_missing_determinants,14,0.02834008097165992
504,voter,usable_complete,282,0.5708502024291497
504,voter,usable_complete_limited_metadata,10,0.020242914979757085
504,voter,usable_partial,118,0.2388663967611336
504,voter,usable_partial_limited_metadata,2,0.004048582995951417
505,abstention,no_determinants,27,0.0533596837944664
505,abstention,suspicious_determinants,1,0.001976284584980237
505,abstention,too_many_missing_determinants,5,0.009881422924901186
505,abstention,usable_complete,407,0.8043478260869565
505,abstention,usable_complete_limited_metadata,20,0.039525691699604744
505,abstention,usable_partial,46,0.09090909090909091
505,voter,no_determinants,70,0.1417004048582996
505,voter,suspicious_determinants,1,0.0020242914979757085
505,voter,too_many_missing_determinants,22,0.044534412955465584
505,voter,usable_complete,280,0.5668016194331984
505,voter,usable_complete_limited_metadata,11,0.022267206477732792
505,voter,usable_partial,110,0.22267206477732793
506,abstention,no_determinants,34,0.06719367588932806
506,abstention,too_many_missing_determinants,1,0.001976284584980237
506,abstention,usable_complete,400,0.7905138339920948
506,abstention,usable_complete_limited_metadata,22,0.043478260869565216
506,abstention,usable_partial,47,0.09288537549407115
506,abstention,usable_partial_limited_metadata,2,0.003952569169960474
506,voter,no_determinants,68,0.13765182186234817
506,voter,suspicious_determinants,3,0.006072874493927126
506,voter,too_many_missing_determinants,20,0.04048582995951417
506,voter,usable_complete,294,0.5951417004048583
506,voter,usable_complete_limited_metadata,15,0.030364372469635626
506,voter,usable_partial,93,0.1882591093117409
506,voter,usable_partial_limited_metadata,1,0.0020242914979757085
507,abstention,no_determinants,35,0.0691699604743083
507,abstention,suspicious_determinants,1,0.001976284584980237
507,abstention,too_many_missing_determinants,10,0.019762845849802372
507,abstention,usable_complete,398,0.7865612648221344
507,abstention,usable_complete_limited_metadata,23,0.045454545454545456
507,abstention,usable_partial,39,0.07707509881422925
507,voter,no_determinants,64,0.12955465587044535
507,voter,suspicious_determinants,4,0.008097165991902834
507,voter,too_many_missing_determinants,13,0.02631578947368421
507,voter,usable_complete,296,0.5991902834008097
507,voter,usable_complete_limited_metadata,12,0.024291497975708502
507,voter,usable_partial,105,0.2125506072874494
508,abstention,no_determinants,34,0.06719367588932806
508,abstention,suspicious_determinants,1,0.001976284584980237
508,abstention,too_many_missing_determinants,3,0.005928853754940711
508,abstention,usable_complete,403,0.7964426877470355
508,abstention,usable_complete_limited_metadata,14,0.02766798418972332
508,abstention,usable_partial,45,0.08893280632411067
508,abstention,usable_partial_limited_metadata,6,0.011857707509881422
508,voter,no_determinants,59,0.1194331983805668
508,voter,suspicious_determinants,5,0.010121457489878543
508,voter,too_many_missing_determinants,20,0.04048582995951417
508,voter,usable_complete,298,0.6032388663967612
508,voter,usable_complete_limited_metadata,7,0.01417004048582996
508,voter,usable_partial,105,0.2125506072874494
509,abstention,no_determinants,24,0.04743083003952569
509,abstention,suspicious_determinants,2,0.003952569169960474
509,abstention,too_many_missing_determinants,4,0.007905138339920948
509,abstention,usable_complete,404,0.7984189723320159
509,abstention,usable_complete_limited_metadata,19,0.037549407114624504
509,abstention,usable_partial,51,0.1007905138339921
509,abstention,usable_partial_limited_metadata,2,0.003952569169960474
509,voter,no_determinants,67,0.13562753036437247
509,voter,suspicious_determinants,3,0.006072874493927126
509,voter,too_many_missing_determinants,19,0.038461538461538464
509,voter,usable_complete,274,0.5546558704453441
509,voter,usable_complete_limited_metadata,11,0.022267206477732792
509,voter,usable_partial,120,0.242914979757085
510,abstention,no_determinants,30,0.05928853754940711
510,abstention,suspicious_determinants,4,0.007905138339920948
510,abstention,too_many_missing_determinants,2,0.003952569169960474
510,abstention,usable_complete,413,0.8162055335968379
510,abstention,usable_complete_limited_metadata,7,0.01383399209486166
510,abstention,usable_partial,48,0.09486166007905138
510,abstention,usable_partial_limited_metadata,2,0.003952569169960474
510,voter,no_determinants,58,0.11740890688259109
510,voter,suspicious_determinants,4,0.008097165991902834
510,voter,too_many_missing_determinants,12,0.024291497975708502
510,voter,usable_complete,284,0.5748987854251012
510,voter,usable_complete_limited_metadata,6,0.012145748987854251
510,voter,usable_partial,130,0.2631578947368421
511,abstention,no_determinants,29,0.05731225296442688
511,abstention,too_many_missing_determinants,3,0.005928853754940711
511,abstention,usable_complete,416,0.8221343873517787
511,abstention,usable_complete_limited_metadata,15,0.029644268774703556
511,abstention,usable_partial,41,0.08102766798418973
511,abstention,usable_partial_limited_metadata,2,0.003952569169960474
511,voter,no_determinants,68,0.13765182186234817
511,voter,suspicious_determinants,3,0.006072874493927126
511,voter,too_many_missing_determinants,8,0.016194331983805668
511,voter,usable_complete,298,0.6032388663967612
511,voter,usable_complete_limited_metadata,6,0.012145748987854251
511,voter,usable_partial,111,0.22469635627530365
512,abstention,no_determinants,34,0.06719367588932806
512,abstention,too_many_missing_determinants,3,0.005928853754940711
512,abstention,usable_complete,410,0.8102766798418972
512,abstention,usable_complete_limited_metadata,16,0.03162055335968379
512,abstention,usable_partial,42,0.08300395256916997
512,abstention,usable_partial_limited_metadata,1,0.001976284584980237
512,voter,no_determinants,74,0.14979757085020243
512,voter,suspicious_determinants,1,0.0020242914979757085
512,voter,too_many_missing_determinants,16,0.032388663967611336
512,voter,usable_complete,302,0.611336032388664
512,voter,usable_complete_limited_metadata,11,0.022267206477732792
512,voter,usable_partial,90,0.18218623481781376
513,abstention,no_determinants,33,0.06521739130434782
513,abstention,too_many_missing_determinants,6,0.011857707509881422
513,abstention,usable_complete,398,0.7865612648221344
513,abstention,usable_complete_limited_metadata,23,0.045454545454545456
513,abstention,usable_partial,41,0.08102766798418973
513,abstention,usable_partial_limited_metadata,5,0.009881422924901186
513,voter,no_determinants,68,0.13765182186234817
513,voter,suspicious_determinants,3,0.006072874493927126
513,voter,too_many_missing_determinants,12,0.024291497975708502
513,voter,usable_complete,296,0.5991902834008097
513,voter,usable_complete_limited_metadata,6,0.012145748987854251
513,voter,usable_partial,109,0.22064777327935223
514,abstention,no_determinants,31,0.06126482213438735
514,abstention,suspicious_determinants,1,0.001976284584980237
514,abstention,too_many_missing_determinants,2,0.003952569169960474
514,abstention,usable_complete,407,0.8043478260869565
514,abstention,usable_complete_limited_metadata,22,0.043478260869565216
514,abstention,usable_partial,41,0.08102766798418973
514,abstention,usable_partial_limited_metadata,2,0.003952569169960474
514,voter,no_determinants,72,0.145748987854251
514,voter,suspicious_determinants,3,0.006072874493927126
514,voter,too_many_missing_determinants,16,0.032388663967611336
514,voter,usable_complete,293,0.5931174089068826
514,voter,usable_complete_limited_metadata,9,0.018218623481781375
514,voter,usable_partial,101,0.20445344129554655
515,abstention,no_determinants,37,0.07312252964426877
515,abstention,too_many_missing_determinants,7,0.01383399209486166
515,abstention,usable_complete,400,0.7905138339920948
515,abstention,usable_complete_limited_metadata,14,0.02766798418972332
515,abstention,usable_partial,45,0.08893280632411067
515,abstention,usable_partial_limited_metadata,3,0.005928853754940711
515,voter,no_determinants,69,0.1396761133603239
515,voter,suspicious_determinants,3,0.006072874493927126
515,voter,too_many_missing_determinants,11,0.022267206477732792
515,voter,usable_complete,290,0.5870445344129555
515,voter,usable_complete_limited_metadata,10,0.020242914979757085
515,voter,usable_partial,111,0.22469635627530365
516,abstention,no_determinants,46,0.09090909090909091
516,abstention,suspicious_determinants,1,0.001976284584980237
516,abstention,too_many_missing_determinants,4,0.007905138339920948
516,abstention,usable_complete,394,0.7786561264822134
516,abstention,usable_complete_limited_metadata,17,0.03359683794466403
516,abstention,usable_partial,42,0.08300395256916997
516,abstention,usable_partial_limited_metadata,2,0.003952569169960474
516,voter,no_determinants,69,0.1396761133603239
516,voter,suspicious_determinants,3,0.006072874493927126
516,voter,too_many_missing_determinants,10,0.020242914979757085
516,voter,usable_complete,291,0.5890688259109311
516,voter,usable_complete_limited_metadata,3,0.006072874493927126
516,voter,usable_partial,117,0.23684210526315788
516,voter,usable_partial_limited_metadata,1,0.0020242914979757085
517,abstention,no_determinants,32,0.06324110671936758
517,abstention,suspicious_determinants,1,0.001976284584980237
517,abstention,too_many_missing_determinants,3,0.005928853754940711
517,abstention,usable_complete,403,0.7964426877470355
517,abstention,usable_complete_limited_metadata,21,0.041501976284584984
517,abstention,usable_partial,44,0.08695652173913043
517,abstention,usable_partial_limited_metadata,2,0.003952569169960474
517,voter,no_determinants,69,0.1396761133603239
517,voter,suspicious_determinants,1,0.0020242914979757085
517,voter,too_many_missing_determinants,24,0.048582995951417005
517,voter,usable_complete,291,0.5890688259109311
517,voter,usable_complete_limited_metadata,11,0.022267206477732792
517,voter,usable_partial,98,0.19838056680161945
518,abstention,no_determinants,29,0.05731225296442688
518,abstention,suspicious_determinants,3,0.005928853754940711
518,abstention,too_many_missing_determinants,6,0.011857707509881422
518,abstention,usable_complete,399,0.7885375494071146
518,abstention,usable_complete_limited_metadata,21,0.041501976284584984
518,abstention,usable_partial,47,0.09288537549407115
518,abstention,usable_partial_limited_metadata,1,0.001976284584980237
518,voter,no_determinants,85,0.1720647773279352
518,voter,suspicious_determinants,4,0.008097165991902834
518,voter,too_many_missing_determinants,12,0.024291497975708502
518,voter,usable_complete,272,0.5506072874493927
518,voter,usable_complete_limited_metadata,16,0.032388663967611336
518,voter,usable_partial,105,0.2125506072874494
519,abstention,no_determinants,29,0.05731225296442688
519,abstention,suspicious_determinants,2,0.003952569169960474
519,abstention,too_many_missing_determinants,3,0.005928853754940711
519,abstention,usable_complete,417,0.8241106719367589
519,abstention,usable_complete_limited_metadata,15,0.029644268774703556
519,abstention,usable_partial,40,0.07905138339920949
519,voter,no_determinants,79,0.15991902834008098
519,voter,suspicious_determinants,1,0.0020242914979757085
519,voter,too_many_missing_determinants,21,0.04251012145748988
519,voter,usable_complete,280,0.5668016194331984
519,voter,usable_complete_limited_metadata,11,0.022267206477732792
519,voter,usable_partial,102,0.20647773279352227
520,abstention,no_determinants,21,0.041501976284584984
520,abstention,suspicious_determinants,2,0.003952569169960474
520,abstention,too_many_missing_determinants,5,0.009881422924901186
520,abstention,usable_complete,416,0.8221343873517787
520,abstention,usable_complete_limited_metadata,16,0.03162055335968379
520,abstention,usable_partial,45,0.08893280632411067
520,abstention,usable_partial_limited_metadata,1,0.001976284584980237
520,voter,no_determinants,78,0.15789473684210525
520,voter,suspicious_determinants,3,0.006072874493927126
520,voter,too_many_missing_determinants,10,0.020242914979757085
520,voter,usable_complete,287,0.5809716599190283
520,voter,usable_complete_limited_metadata,8,0.016194331983805668
520,voter,usable_partial,108,0.21862348178137653
521,abstention,no_determinants,22,0.043478260869565216
521,abstention,suspicious_determinants,1,0.001976284584980237
521,abstention,too_many_missing_determinants,4,0.007905138339920948
521,abstention,usable_complete,407,0.8043478260869565
521,abstention,usable_complete_limited_metadata,16,0.03162055335968379
521,abstention,usable_partial,55,0.10869565217391304
521,abstention,usable_partial_limited_metadata,1,0.001976284584980237
521,voter,no_determinants,76,0.15384615384615385
521,voter,suspicious_determinants,5,0.010121457489878543
521,voter,too_many_missing_determinants,18,0.03643724696356275
521,voter,usable_complete,292,0.5910931174089069
521,voter,usable_complete_limited_metadata,7,0.01417004048582996
521,voter,usable_partial,95,0.19230769230769232
521,voter,usable_partial_limited_metadata,1,0.0020242914979757085
522,abstention,no_determinants,34,0.06719367588932806
522,abstention,suspicious_determinants,1,0.001976284584980237
522,abstention,too_many_missing_determinants,4,0.007905138339920948
522,abstention,usable_complete,391,0.7727272727272727
522,abstention,usable_complete_limited_metadata,20,0.039525691699604744
522,abstention,usable_partial,54,0.1067193675889328
522,abstention,usable_partial_limited_metadata,2,0.003952569169960474
522,voter,no_determinants,68,0.13765182186234817
522,voter,suspicious_determinants,1,0.0020242914979757085
522,voter,too_many_missing_determinants,15,0.030364372469635626
522,voter,usable_complete,281,0.5688259109311741
522,voter,usable_complete_limited_metadata,11,0.022267206477732792
522,voter,usable_partial,118,0.2388663967611336
523,abstention,no_determinants,29,0.05731225296442688
523,abstention,suspicious_determinants,3,0.005928853754940711
523,abstention,too_many_missing_determinants,2,0.003952569169960474
523,abstention,usable_complete,392,0.7747035573122529
523,abstention,usable_complete_limited_metadata,30,0.05928853754940711
523,abstention,usable_partial,49,0.09683794466403162
523,abstention,usable_partial_limited_metadata,1,0.001976284584980237
523,voter,no_determinants,63,0.12753036437246965
523,voter,suspicious_determinants,3,0.006072874493927126
523,voter,too_many_missing_determinants,21,0.04251012145748988
523,voter,usable_complete,270,0.5465587044534413
523,voter,usable_complete_limited_metadata,6,0.012145748987854251
523,voter,usable_partial,131,0.2651821862348178
524,abstention,no_determinants,29,0.05731225296442688
524,abstention,suspicious_determinants,1,0.001976284584980237
524,abstention,too_many_missing_determinants,3,0.005928853754940711
524,abstention,usable_complete,423,0.8359683794466403
524,abstention,usable_complete_limited_metadata,12,0.023715415019762844
524,abstention,usable_partial,35,0.0691699604743083
524,abstention,usable_partial_limited_metadata,3,0.005928853754940711
524,voter,no_determinants,89,0.18016194331983806
524,voter,suspicious_determinants,1,0.0020242914979757085
524,voter,too_many_missing_determinants,19,0.038461538461538464
524,voter,usable_complete,274,0.5546558704453441
524,voter,usable_complete_limited_metadata,9,0.018218623481781375
524,voter,usable_partial,102,0.20647773279352227
525,abstention,no_determinants,31,0.06126482213438735
525,abstention,suspicious_determinants,2,0.003952569169960474
525,abstention,too_many_missing_determinants,6,0.011857707509881422
525,abstention,usable_complete,396,0.782608695652174
525,abstention,usable_complete_limited_metadata,20,0.039525691699604744
525,abstention,usable_partial,47,0.09288537549407115
525,abstention,usable_partial_limited_metadata,4,0.007905138339920948
525,voter,no_determinants,72,0.145748987854251
525,voter,suspicious_determinants,2,0.004048582995951417
525,voter,too_many_missing_determinants,21,0.04251012145748988
525,voter,usable_complete,272,0.5506072874493927
525,voter,usable_complete_limited_metadata,12,0.024291497975708502
525,voter,usable_partial,115,0.23279352226720648
526,abstention,no_determinants,21,0.041501976284584984
526,abstention,too_many_missing_determinants,5,0.009881422924901186
526,abstention,usable_complete,424,0.8379446640316206
526,abstention,usable_complete_limited_metadata,16,0.03162055335968379
526,abstention,usable_partial,34,0.06719367588932806
526,abstention,usable_partial_limited_metadata,6,0.011857707509881422
526,voter,no_determinants,67,0.13562753036437247
526,voter,suspicious_determinants,3,0.006072874493927126
526,voter,too_many_missing_determinants,23,0.0465587044534413
526,voter,usable_complete,291,0.5890688259109311
526,voter,usable_complete_limited_metadata,8,0.016194331983805668
526,voter,usable_partial,102,0.20647773279352227
527,abstention,no_determinants,29,0.05731225296442688
527,abstention,suspicious_determinants,2,0.003952569169960474
527,abstention,too_many_missing_determinants,7,0.01383399209486166
527,abstention,usable_complete,394,0.7786561264822134
527,abstention,usable_complete_limited_metadata,21,0.041501976284584984
527,abstention,usable_partial,45,0.08893280632411067
527,abstention,usable_partial_limited_metadata,8,0.015810276679841896
527,voter,no_determinants,70,0.1417004048582996
527,voter,suspicious_determinants,3,0.006072874493927126
527,voter,too_many_missing_determinants,12,0.024291497975708502
527,voter,usable_complete,284,0.5748987854251012
527,voter,usable_complete_limited_metadata,8,0.016194331983805668
527,voter,usable_partial,117,0.23684210526315788
528,abstention,no_determinants,21,0.041501976284584984
528,abstention,too_many_missing_determinants,4,0.007905138339920948
528,abstention,usable_complete,425,0.8399209486166008
528,abstention,usable_complete_limited_metadata,12,0.023715415019762844
528,abstention,usable_partial,42,0.08300395256916997
528,abstention,usable_partial_limited_metadata,2,0.003952569169960474
528,voter,no_determinants,72,0.145748987854251
528,voter,suspicious_determinants,2,0.004048582995951417
528,voter,too_many_missing_determinants,21,0.04251012145748988
528,voter,usable_complete,287,0.5809716599190283
528,voter,usable_complete_limited_metadata,9,0.018218623481781375
528,voter,usable_partial,103,0.20850202429149797
529,abstention,no_determinants,37,0.07312252964426877
529,abstention,too_many_missing_determinants,3,0.005928853754940711
529,abstention,usable_complete,397,0.7845849802371542
529,abstention,usable_complete_limited_metadata,22,0.043478260869565216
529,abstention,usable_partial,45,0.08893280632411067
529,abstention,usable_partial_limited_metadata,2,0.003952569169960474
529,voter,no_determinants,63,0.12753036437246965
529,voter,suspicious_determinants,3,0.006072874493927126
529,voter,too_many_missing_determinants,15,0.030364372469635626
529,voter,usable_complete,298,0.6032388663967612
529,voter,usable_complete_limited_metadata,11,0.022267206477732792
529,voter,usable_partial,104,0.21052631578947367
530,abstention,no_determinants,30,0.05928853754940711
530,abstention,too_many_missing_determinants,2,0.003952569169960474
530,abstention,usable_complete,398,0.7865612648221344
530,abstention,usable_complete_limited_metadata,25,0.04940711462450593
530,abstention,usable_partial,45,0.08893280632411067
530,abstention,usable_partial_limited_metadata,6,0.011857707509881422
530,voter,no_determinants,62,0.12550607287449392
530,voter,suspicious_determinants,2,0.004048582995951417
530,voter,too_many_missing_determinants,13,0.02631578947368421
530,voter,usable_complete,305,0.6174089068825911
530,voter,usable_complete_limited_metadata,2,0.004048582995951417
530,voter,usable_partial,110,0.22267206477732793
531,abstention,no_determinants,33,0.06521739130434782
531,abstention,too_many_missing_determinants,4,0.007905138339920948
531,abstention,usable_complete,392,0.7747035573122529
531,abstention,usable_complete_limited_metadata,20,0.039525691699604744
531,abstention,usable_partial,56,0.11067193675889328
531,abstention,usable_partial_limited_metadata,1,0.001976284584980237
531,voter,no_determinants,64,0.12955465587044535
531,voter,suspicious_determinants,4,0.008097165991902834
531,voter,too_many_missing_determinants,19,0.038461538461538464
531,voter,usable_complete,302,0.611336032388664
531,voter,usable_complete_limited_metadata,10,0.020242914979757085
531,voter,usable_partial,93,0.1882591093117409
531,voter,usable_partial_limited_metadata,2,0.004048582995951417
532,abstention,no_determinants,30,0.05928853754940711
532,abstention,suspicious_determinants,1,0.001976284584980237
532,abstention,too_many_missing_determinants,4,0.007905138339920948
532,abstention,usable_complete,402,0.7944664031620553
532,abstention,usable_complete_limited_metadata,21,0.041501976284584984
532,abstention,usable_partial,46,0.09090909090909091
532,abstention,usable_partial_limited_metadata,2,0.003952569169960474
532,voter,no_determinants,72,0.145748987854251
532,voter,suspicious_determinants,6,0.012145748987854251
532,voter,too_many_missing_determinants,10,0.020242914979757085
532,voter,usable_complete,282,0.5708502024291497
532,voter,usable_complete_limited_metadata,10,0.020242914979757085
532,voter,usable_partial,113,0.22874493927125505
532,voter,usable_partial_limited_metadata,1,0.0020242914979757085
533,abstention,no_determinants,39,0.07707509881422925
533,abstention,too_many_missing_determinants,3,0.005928853754940711
533,abstention,usable_complete,398,0.7865612648221344
533,abstention,usable_complete_limited_metadata,19,0.037549407114624504
533,abstention,usable_partial,45,0.08893280632411067
533,abstention,usable_partial_limited_metadata,2,0.003952569169960474
533,voter,no_determinants,61,0.12348178137651822
533,voter,suspicious_determinants,3,0.006072874493927126
533,voter,too_many_missing_determinants,26,0.05263157894736842
533,voter,usable_complete,292,0.5910931174089069
533,voter,usable_complete_limited_metadata,6,0.012145748987854251
533,voter,usable_partial,106,0.2145748987854251
534,abstention,no_determinants,31,0.06126482213438735
534,abstention,suspicious_determinants,4,0.007905138339920948
534,abstention,too_many_missing_determinants,4,0.007905138339920948
534,abstention,usable_complete,397,0.7845849802371542
534,abstention,usable_complete_limited_metadata,16,0.03162055335968379
534,abstention,usable_partial,52,0.10276679841897234
534,abstention,usable_partial_limited_metadata,2,0.003952569169960474
534,voter,no_determinants,73,0.14777327935222673
534,voter,suspicious_determinants,1,0.0020242914979757085
534,voter,too_many_missing_determinants,14,0.02834008097165992
534,voter,usable_complete,293,0.5931174089068826
534,voter,usable_complete_limited_metadata,9,0.018218623481781375
534,voter,usable_partial,104,0.21052631578947367
535,abstention,no_determinants,32,0.06324110671936758
535,abstention,suspicious_determinants,2,0.003952569169960474
535,abstention,too_many_missing_determinants,3,0.005928853754940711
535,abstention,usable_complete,391,0.7727272727272727
535,abstention,usable_complete_limited_metadata,22,0.043478260869565216
535,abstention,usable_partial,54,0.1067193675889328
535,abstention,usable_partial_limited_metadata,2,0.003952569169960474
535,voter,no_determinants,71,0.1437246963562753
535,voter,suspicious_determinants,2,0.004048582995951417
535,voter,too_many_missing_determinants,11,0.022267206477732792
535,voter,usable_complete,300,0.6072874493927125
535,voter,usable_complete_limited_metadata,13,0.02631578947368421
535,voter,usable_partial,96,0.19433198380566802
535,voter,usable_partial_limited_metadata,1,0.0020242914979757085
536,abstention,no_determinants,24,0.04743083003952569
536,abstention,suspicious_determinants,2,0.003952569169960474
536,abstention,too_many_missing_determinants,5,0.009881422924901186
536,abstention,usable_complete,416,0.8221343873517787
536,abstention,usable_complete_limited_metadata,12,0.023715415019762844
536,abstention,usable_partial,44,0.08695652173913043
536,abstention,usable_partial_limited_metadata,3,0.005928853754940711
536,voter,no_determinants,74,0.14979757085020243
536,voter,suspicious_determinants,4,0.008097165991902834
536,voter,too_many_missing_determinants,20,0.04048582995951417
536,voter,usable_complete,273,0.5526315789473685
536,voter,usable_complete_limited_metadata,7,0.01417004048582996
536,voter,usable_partial,115,0.23279352226720648
536,voter,usable_partial_limited_metadata,1,0.0020242914979757085
537,abstention,no_determinants,28,0.05533596837944664
537,abstention,suspicious_determinants,2,0.003952569169960474
537,abstention,too_many_missing_determinants,5,0.009881422924901186
537,abstention,usable_complete,415,0.8201581027667985
537,abstention,usable_complete_limited_metadata,15,0.029644268774703556
537,abstention,usable_partial,41,0.08102766798418973
537,voter,no_determinants,78,0.15789473684210525
537,voter,too_many_missing_determinants,12,0.024291497975708502
537,voter,usable_complete,303,0.6133603238866396
537,voter,usable_complete_limited_metadata,6,0.012145748987854251
537,voter,usable_partial,95,0.19230769230769232
538,abstention,no_determinants,36,0.07114624505928854
538,abstention,suspicious_determinants,1,0.001976284584980237
538,abstention,too_many_missing_determinants,6,0.011857707509881422
538,abstention,usable_complete,401,0.7924901185770751
538,abstention,usable_complete_limited_metadata,17,0.03359683794466403
538,abstention,usable_partial,42,0.08300395256916997
538,abstention,usable_partial_limited_metadata,3,0.005928853754940711
538,voter,no_determinants,56,0.11336032388663968
538,voter,suspicious_determinants,2,0.004048582995951417
538,voter,too_many_missing_determinants,20,0.04048582995951417
538,voter,usable_complete,292,0.5910931174089069
538,voter,usable_complete_limited_metadata,6,0.012145748987854251
538,voter,usable_partial,118,0.2388663967611336
539,abstention,no_determinants,25,0.04940711462450593
539,abstention,too_many_missing_determinants,4,0.007905138339920948
539,abstention,usable_complete,406,0.8023715415019763
539,abstention,usable_complete_limited_metadata,22,0.043478260869565216
539,abstention,usable_partial,48,0.09486166007905138
539,abstention,usable_partial_limited_metadata,1,0.001976284584980237
539,voter,no_determinants,81,0.16396761133603238
539,voter,too_many_missing_determinants,16,0.032388663967611336
539,voter,usable_complete,286,0.5789473684210527
539,voter,usable_complete_limited_metadata,9,0.018218623481781375
539,voter,usable_partial,102,0.20647773279352227
540,abstention,no_determinants,30,0.05928853754940711
540,abstention,suspicious_determinants,1,0.001976284584980237
540,abstention,too_many_missing_determinants,5,0.009881422924901186
540,abstention,usable_complete,407,0.8043478260869565
540,abstention,usable_complete_limited_metadata,12,0.023715415019762844
540,abstention,usable_partial,48,0.09486166007905138
540,abstention,usable_partial_limited_metadata,3,0.005928853754940711
540,voter,no_determinants,73,0.14777327935222673
540,voter,suspicious_determinants,3,0.006072874493927126
540,voter,too_many_missing_determinants,17,0.03441295546558704
540,voter,usable_complete,285,0.5769230769230769
540,voter,usable_complete_limited_metadata,11,0.022267206477732792
540,voter,usable_partial,105,0.2125506072874494
541,abstention,no_determinants,28,0.05533596837944664
541,abstention,suspicious_determinants,1,0.001976284584980237
541,abstention,too_many_missing_determinants,6,0.011857707509881422
541,abstention,usable_complete,416,0.8221343873517787
541,abstention,usable_complete_limited_metadata,16,0.03162055335968379
541,abstention,usable_partial,37,0.07312252964426877
541,abstention,usable_partial_limited_metadata,2,0.003952569169960474
541,voter,no_determinants,64,0.12955465587044535
541,voter,suspicious_determinants,3,0.006072874493927126
541,voter,too_many_missing_determinants,22,0.044534412955465584
541,voter,usable_complete,299,0.6052631578947368
541,voter,usable_complete_limited_metadata,7,0.01417004048582996
541,voter,usable_partial,99,0.20040485829959515
542,abstention,no_determinants,22,0.043478260869565216
542,abstention,suspicious_determinants,2,0.003952569169960474
542,abstention,too_many_missing_determinants,5,0.009881422924901186
542,abstention,usable_complete,407,0.8043478260869565
542,abstention,usable_complete_limited_metadata,24,0.04743083003952569
542,abstention,usable_partial,45,0.08893280632411067
542,abstention,usable_partial_limited_metadata,1,0.001976284584980237
542,voter,no_determinants,69,0.1396761133603239
542,voter,suspicious_determinants,2,0.004048582995951417
542,voter,too_many_missing_determinants,20,0.04048582995951417
542,voter,usable_complete,286,0.5789473684210527
542,voter,usable_complete_limited_metadata,6,0.012145748987854251
542,voter,usable_partial,110,0.22267206477732793
542,voter,usable_partial_limited_metadata,1,0.0020242914979757085
543,abstention,no_determinants,36,0.07114624505928854
543,abstention,suspicious_determinants,2,0.003952569169960474
543,abstention,too_many_missing_determinants,3,0.005928853754940711
543,abstention,usable_complete,413,0.8162055335968379
543,abstention,usable_complete_limited_metadata,16,0.03162055335968379
543,abstention,usable_partial,36,0.07114624505928854
543,voter,no_determinants,69,0.1396761133603239
543,voter,suspicious_determinants,2,0.004048582995951417
543,voter,too_many_missing_determinants,23,0.0465587044534413
543,voter,usable_complete,284,0.5748987854251012
543,voter,usable_complete_limited_metadata,8,0.016194331983805668
543,voter,usable_partial,106,0.2145748987854251
543,voter,usable_partial_limited_metadata,2,0.004048582995951417
544,abstention,no_determinants,25,0.04940711462450593
544,abstention,suspicious_determinants,1,0.001976284584980237
544,abstention,too_many_missing_determinants,7,0.01383399209486166
544,abstention,usable_complete,397,0.7845849802371542
544,abstention,usable_complete_limited_metadata,21,0.041501976284584984
544,abstention,usable_partial,53,0.10474308300395258
544,abstention,usable_partial_limited_metadata,2,0.003952569169960474
544,voter,no_determinants,79,0.15991902834008098
544,voter,suspicious_determinants,6,0.012145748987854251
544,voter,too_many_missing_determinants,16,0.032388663967611336
544,voter,usable_complete,288,0.582995951417004
544,voter,usable_complete_limited_metadata,5,0.010121457489878543
544,voter,usable_partial,100,0.20242914979757085
545,abstention,no_determinants,32,0.06324110671936758
545,abstention,too_many_missing_determinants,7,0.01383399209486166
545,abstention,usable_complete,395,0.7806324110671937
545,abstention,usable_complete_limited_metadata,20,0.039525691699604744
545,abstention,usable_partial,49,0.09683794466403162
545,abstention,usable_partial_limited_metadata,3,0.005928853754940711
545,voter,no_determinants,63,0.12753036437246965
545,voter,suspicious_determinants,1,0.0020242914979757085
545,voter,too_many_missing_determinants,22,0.044534412955465584
545,voter,usable_complete,289,0.5850202429149798
545,voter,usable_complete_limited_metadata,10,0.020242914979757085
545,voter,usable_partial,109,0.22064777327935223
546,abstention,no_determinants,27,0.0533596837944664
546,abstention,suspicious_determinants,3,0.005928853754940711
546,abstention,too_many_missing_determinants,4,0.007905138339920948
546,abstention,usable_complete,399,0.7885375494071146
546,abstention,usable_complete_limited_metadata,16,0.03162055335968379
546,abstention,usable_partial,55,0.10869565217391304
546,abstention,usable_partial_limited_metadata,2,0.003952569169960474
546,voter,no_determinants,62,0.12550607287449392
546,voter,suspicious_determinants,3,0.006072874493927126
546,voter,too_many_missing_determinants,16,0.032388663967611336
546,voter,usable_complete,273,0.5526315789473685
546,voter,usable_complete_limited_metadata,17,0.03441295546558704
546,voter,usable_partial,123,0.24898785425101214
547,abstention,no_determinants,29,0.05731225296442688
547,abstention,suspicious_determinants,2,0.003952569169960474
547,abstention,too_many_missing_determinants,5,0.009881422924901186
547,abstention,usable_complete,391,0.7727272727272727
547,abstention,usable_complete_limited_metadata,23,0.045454545454545456
547,abstention,usable_partial,53,0.10474308300395258
547,abstention,usable_partial_limited_metadata,3,0.005928853754940711
547,voter,no_determinants,70,0.1417004048582996
547,voter,suspicious_determinants,3,0.006072874493927126
547,voter,too_many_missing_determinants,22,0.044534412955465584
547,voter,usable_complete,284,0.5748987854251012
547,voter,usable_complete_limited_metadata,8,0.016194331983805668
547,voter,usable_partial,107,0.2165991902834008
548,abstention,no_determinants,39,0.07707509881422925
548,abstention,too_many_missing_determinants,2,0.003952569169960474
548,abstention,usable_complete,401,0.7924901185770751
548,abstention,usable_complete_limited_metadata,16,0.03162055335968379
548,abstention,usable_partial,47,0.09288537549407115
548,abstention,usable_partial_limited_metadata,1,0.001976284584980237
548,voter,no_determinants,57,0.11538461538461539
548,voter,suspicious_determinants,3,0.006072874493927126
548,voter,too_many_missing_determinants,16,0.032388663967611336
548,voter,usable_complete,284,0.5748987854251012
548,voter,usable_complete_limited_metadata,15,0.030364372469635626
548,voter,usable_partial,119,0.2408906882591093
549,abstention,no_determinants,32,0.06324110671936758
549,abstention,suspicious_determinants,2,0.003952569169960474
549,abstention,too_many_missing_determinants,7,0.01383399209486166
549,abstention,usable_complete,396,0.782608695652174
549,abstention,usable_complete_limited_metadata,17,0.03359683794466403
549,abstention,usable_partial,50,0.09881422924901186
549,abstention,usable_partial_limited_metadata,2,0.003952569169960474
549,voter,no_determinants,68,0.13765182186234817
549,voter,suspicious_determinants,1,0.0020242914979757085
549,voter,too_many_missing_determinants,12,0.024291497975708502
549,voter,usable_complete,291,0.5890688259109311
549,voter,usable_complete_limited_metadata,9,0.018218623481781375
549,voter,usable_partial,113,0.22874493927125505
550,abstention,no_determinants,37,0.07312252964426877
550,abstention,too_many_missing_determinants,5,0.009881422924901186
550,abstention,usable_complete,405,0.8003952569169961
550,abstention,usable_complete_limited_metadata,15,0.029644268774703556
550,abstention,usable_partial,42,0.08300395256916997
550,abstention,usable_partial_limited_metadata,2,0.003952569169960474
550,voter,no_determinants,67,0.13562753036437247
550,voter,suspicious_determinants,2,0.004048582995951417
550,voter,too_many_missing_determinants,21,0.04251012145748988
550,voter,usable_complete,290,0.5870445344129555
550,voter,usable_complete_limited_metadata,6,0.012145748987854251
550,voter,usable_partial,107,0.2165991902834008
550,voter,usable_partial_limited_metadata,1,0.0020242914979757085
551,abstention,no_determinants,37,0.07312252964426877
551,abstention,suspicious_determinants,2,0.003952569169960474
551,abstention,too_many_missing_determinants,5,0.009881422924901186
551,abstention,usable_complete,388,0.766798418972332
551,abstention,usable_complete_limited_metadata,21,0.041501976284584984
551,abstention,usable_partial,51,0.1007905138339921
551,abstention,usable_partial_limited_metadata,2,0.003952569169960474
551,voter,no_determinants,71,0.1437246963562753
551,voter,suspicious_determinants,3,0.006072874493927126
551,voter,too_many_missing_determinants,21,0.04251012145748988
551,voter,usable_complete,298,0.6032388663967612
551,voter,usable_complete_limited_metadata,12,0.024291497975708502
551,voter,usable_partial,89,0.18016194331983806
552,abstention,no_determinants,35,0.0691699604743083
552,abstention,too_many_missing_determinants,4,0.007905138339920948
552,abstention,usable_complete,411,0.8122529644268774
552,abstention,usable_complete_limited_metadata,20,0.039525691699604744
552,abstention,usable_partial,34,0.06719367588932806
552,abstention,usable_partial_limited_metadata,2,0.003952569169960474
552,voter,no_determinants,69,0.1396761133603239
552,voter,suspicious_determinants,2,0.004048582995951417
552,voter,too_many_missing_determinants,14,0.02834008097165992
552,voter,usable_complete,282,0.5708502024291497
552,voter,usable_complete_limited_metadata,13,0.02631578947368421
552,voter,usable_partial,114,0.23076923076923078
553,abstention,no_determinants,34,0.06719367588932806
553,abstention,suspicious_determinants,1,0.001976284584980237
553,abstention,too_many_missing_determinants,8,0.015810276679841896
553,abstention,usable_complete,390,0.7707509881422925
553,abstention,usable_complete_limited_metadata,20,0.039525691699604744
553,abstention,usable_partial,51,0.1007905138339921
553,abstention,usable_partial_limited_metadata,2,0.003952569169960474
553,voter,no_determinants,64,0.12955465587044535
553,voter,suspicious_determinants,2,0.004048582995951417
553,voter,too_many_missing_determinants,12,0.024291497975708502
553,voter,usable_complete,312,0.631578947368421
553,voter,usable_complete_limited_metadata,5,0.010121457489878543
553,voter,usable_partial,99,0.20040485829959515
554,abstention,no_determinants,23,0.045454545454545456
554,abstention,suspicious_determinants,1,0.001976284584980237
554,abstention,too_many_missing_determinants,3,0.005928853754940711
554,abstention,usable_complete,411,0.8122529644268774
554,abstention,usable_complete_limited_metadata,17,0.03359683794466403
554,abstention,usable_partial,50,0.09881422924901186
554,abstention,usable_partial_limited_metadata,1,0.001976284584980237
554,voter,no_determinants,64,0.12955465587044535
554,voter,suspicious_determinants,3,0.006072874493927126
554,voter,too_many_missing_determinants,23,0.0465587044534413
554,voter,usable_complete,306,0.6194331983805668
554,voter,usable_complete_limited_metadata,7,0.01417004048582996
554,voter,usable_partial,91,0.18421052631578946
555,abstention,no_determinants,25,0.04940711462450593
555,abstention,suspicious_determinants,2,0.003952569169960474
555,abstention,too_many_missing_determinants,3,0.005928853754940711
555,abstention,usable_complete,406,0.8023715415019763
555,abstention,usable_complete_limited_metadata,19,0.037549407114624504
555,abstention,usable_partial,47,0.09288537549407115
555,abstention,usable_partial_limited_metadata,4,0.007905138339920948
555,voter,no_determinants,73,0.14777327935222673
555,voter,suspicious_determinants,2,0.004048582995951417
555,voter,too_many_missing_determinants,12,0.024291497975708502
555,voter,usable_complete,282,0.5708502024291497
555,voter,usable_complete_limited_metadata,7,0.01417004048582996
555,voter,usable_partial,118,0.2388663967611336
556,abstention,no_determinants,27,0.0533596837944664
556,abstention,suspicious_determinants,3,0.005928853754940711
556,abstention,too_many_missing_determinants,6,0.011857707509881422
556,abstention,usable_complete,400,0.7905138339920948
556,abstention,usable_complete_limited_metadata,22,0.043478260869565216
556,abstention,usable_partial,46,0.09090909090909091
556,abstention,usable_partial_limited_metadata,2,0.003952569169960474
556,voter,no_determinants,56,0.11336032388663968
556,voter,too_many_missing_determinants,34,0.06882591093117409
556,voter,usable_complete,298,0.6032388663967612
556,voter,usable_complete_limited_metadata,6,0.012145748987854251
556,voter,usable_partial,99,0.20040485829959515
556,voter,usable_partial_limited_metadata,1,0.0020242914979757085
557,abstention,no_determinants,29,0.05731225296442688
557,abstention,suspicious_determinants,2,0.003952569169960474
557,abstention,too_many_missing_determinants,2,0.003952569169960474
557,abstention,usable_complete,410,0.8102766798418972
557,abstention,usable_complete_limited_metadata,14,0.02766798418972332
557,abstention,usable_partial,47,0.09288537549407115
557,abstention,usable_partial_limited_metadata,2,0.003952569169960474
557,voter,no_determinants,56,0.11336032388663968
557,voter,suspicious_determinants,3,0.006072874493927126
557,voter,too_many_missing_determinants,20,0.04048582995951417
557,voter,usable_complete,297,0.6012145748987854
557,voter,usable_complete_limited_metadata,6,0.012145748987854251
557,voter,usable_partial,112,0.22672064777327935
558,abstention,no_determinants,37,0.07312252964426877
558,abstention,suspicious_determinants,1,0.001976284584980237
558,abstention,too_many_missing_determinants,6,0.011857707509881422
558,abstention,usable_complete,400,0.7905138339920948
558,abstention,usable_complete_limited_metadata,17,0.03359683794466403
558,abstention,usable_partial,42,0.08300395256916997
558,abstention,usable_partial_limited_metadata,3,0.005928853754940711
558,voter,no_determinants,63,0.12753036437246965
558,voter,suspicious_determinants,2,0.004048582995951417
558,voter,too_many_missing_determinants,15,0.030364372469635626
558,voter,usable_complete,303,0.6133603238866396
558,voter,usable_complete_limited_metadata,6,0.012145748987854251
558,voter,usable_partial,105,0.2125506072874494
559,abstention,no_determinants,28,0.05533596837944664
559,abstention,suspicious_determinants,2,0.003952569169960474
559,abstention,too_many_missing_determinants,6,0.011857707509881422
559,abstention,usable_complete,397,0.7845849802371542
559,abstention,usable_complete_limited_metadata,20,0.039525691699604744
559,abstention,usable_partial,51,0.1007905138339921
559,abstention,usable_partial_limited_metadata,2,0.003952569169960474
559,voter,no_determinants,71,0.1437246963562753
559,voter,suspicious_determinants,3,0.006072874493927126
559,voter,too_many_missing_determinants,13,0.02631578947368421
559,voter,usable_complete,290,0.5870445344129555
559,voter,usable_complete_limited_metadata,7,0.01417004048582996
559,voter,usable_partial,110,0.22267206477732793
560,abstention,no_determinants,32,0.06324110671936758
560,abstention,suspicious_determinants,3,0.005928853754940711
560,abstention,too_many_missing_determinants,5,0.009881422924901186
560,abstention,usable_complete,396,0.782608695652174
560,abstention,usable_complete_limited_metadata,17,0.03359683794466403
560,abstention,usable_partial,52,0.10276679841897234
560,abstention,usable_partial_limited_metadata,1,0.001976284584980237
560,voter,no_determinants,64,0.12955465587044535
560,voter,suspicious_determinants,2,0.004048582995951417
560,voter,too_many_missing_determinants,19,0.038461538461538464
560,voter,usable_complete,288,0.582995951417004
560,voter,usable_complete_limited_metadata,8,0.016194331983805668
560,voter,usable_partial,113,0.22874493927125505
561,abstention,no_determinants,23,0.045454545454545456
561,abstention,suspicious_determinants,1,0.001976284584980237
561,abstention,too_many_missing_determinants,5,0.009881422924901186
561,abstention,usable_complete,402,0.7944664031620553
561,abstention,usable_complete_limited_metadata,18,0.03557312252964427
561,abstention,usable_partial,56,0.11067193675889328
561,abstention,usable_partial_limited_metadata,1,0.001976284584980237
561,voter,no_determinants,71,0.1437246963562753
561,voter,suspicious_determinants,1,0.0020242914979757085
561,voter,too_many_missing_determinants,22,0.044534412955465584
561,voter,usable_complete,296,0.5991902834008097
561,voter,usable_complete_limited_metadata,7,0.01417004048582996
561,voter,usable_partial,97,0.19635627530364372
562,abstention,no_determinants,26,0.05138339920948617
562,abstention,suspicious_determinants,3,0.005928853754940711
562,abstention,too_many_missing_determinants,9,0.017786561264822136
562,abstention,usable_complete,409,0.808300395256917
562,abstention,usable_complete_limited_metadata,14,0.02766798418972332
562,abstention,usable_partial,44,0.08695652173913043
562,abstention,usable_partial_limited_metadata,1,0.001976284584980237
562,voter,no_determinants,77,0.15587044534412955
562,voter,suspicious_determinants,2,0.004048582995951417
562,voter,too_many_missing_determinants,24,0.048582995951417005
562,voter,usable_complete,270,0.5465587044534413
562,voter,usable_complete_limited_metadata,13,0.02631578947368421
562,voter,usable_partial,108,0.21862348178137653
563,abstention,no_determinants,18,0.03557312252964427
563,abstention,too_many_missing_determinants,1,0.001976284584980237
563,abstention,usable_complete,424,0.8379446640316206
563,abstention,usable_complete_limited_metadata,17,0.03359683794466403
563,abstention,usable_partial,41,0.08102766798418973
563,abstention,usable_partial_limited_metadata,5,0.009881422924901186
563,voter,no_determinants,68,0.13765182186234817
563,voter,suspicious_determinants,1,0.0020242914979757085
563,voter,too_many_missing_determinants,15,0.030364372469635626
563,voter,usable_complete,283,0.5728744939271255
563,voter,usable_complete_limited_metadata,13,0.02631578947368421
563,voter,usable_partial,113,0.22874493927125505
563,voter,usable_partial_limited_metadata,1,0.0020242914979757085
564,abstention,no_determinants,34,0.06719367588932806
564,abstention,suspicious_determinants,1,0.001976284584980237
564,abstention,too_many_missing_determinants,1,0.001976284584980237
564,abstention,usable_complete,413,0.8162055335968379
564,abstention,usable_complete_limited_metadata,11,0.021739130434782608
564,abstention,usable_partial,45,0.08893280632411067
564,abstention,usable_partial_limited_metadata,1,0.001976284584980237
564,voter,no_determinants,55,0.11133603238866396
564,voter,suspicious_determinants,3,0.006072874493927126
564,voter,too_many_missing_determinants,13,0.02631578947368421
564,voter,usable_complete,308,0.6234817813765182
564,voter,usable_complete_limited_metadata,5,0.010121457489878543
564,voter,usable_partial,109,0.22064777327935223
564,voter,usable_partial_limited_metadata,1,0.0020242914979757085
565,abstention,no_determinants,36,0.07114624505928854
565,abstention,suspicious_determinants,1,0.001976284584980237
565,abstention,too_many_missing_determinants,5,0.009881422924901186
565,abstention,usable_complete,398,0.7865612648221344
565,abstention,usable_complete_limited_metadata,20,0.039525691699604744
565,abstention,usable_partial,45,0.08893280632411067
565,abstention,usable_partial_limited_metadata,1,0.001976284584980237
565,voter,no_determinants,69,0.1396761133603239
565,voter,suspicious_determinants,1,0.0020242914979757085
565,voter,too_many_missing_determinants,11,0.022267206477732792
565,voter,usable_complete,299,0.6052631578947368
565,voter,usable_complete_limited_metadata,12,0.024291497975708502
565,voter,usable_partial,102,0.20647773279352227
566,abstention,no_determinants,45,0.08893280632411067
566,abstention,suspicious_determinants,1,0.001976284584980237
566,abstention,too_many_missing_determinants,4,0.007905138339920948
566,abstention,usable_complete,382,0.7549407114624506
566,abstention,usable_complete_limited_metadata,18,0.03557312252964427
566,abstention,usable_partial,53,0.10474308300395258
566,abstention,usable_partial_limited_metadata,3,0.005928853754940711
566,voter,no_determinants,76,0.15384615384615385
566,voter,suspicious_determinants,4,0.008097165991902834
566,voter,too_many_missing_determinants,19,0.038461538461538464
566,voter,usable_complete,286,0.5789473684210527
566,voter,usable_complete_limited_metadata,8,0.016194331983805668
566,voter,usable_partial,101,0.20445344129554655
567,abstention,no_determinants,32,0.06324110671936758
567,abstention,suspicious_determinants,1,0.001976284584980237
567,abstention,too_many_missing_determinants,7,0.01383399209486166
567,abstention,usable_complete,391,0.7727272727272727
567,abstention,usable_complete_limited_metadata,21,0.041501976284584984
567,abstention,usable_partial,51,0.1007905138339921
567,abstention,usable_partial_limited_metadata,3,0.005928853754940711
567,voter,no_determinants,69,0.1396761133603239
567,voter,suspicious_determinants,2,0.004048582995951417
567,voter,too_many_missing_determinants,13,0.02631578947368421
567,voter,usable_complete,289,0.5850202429149798
567,voter,usable_complete_limited_metadata,9,0.018218623481781375
567,voter,usable_partial,111,0.22469635627530365
567,voter,usable_partial_limited_metadata,1,0.0020242914979757085
568,abstention,no_determinants,31,0.06126482213438735
568,abstention,suspicious_determinants,1,0.001976284584980237
568,abstention,too_many_missing_determinants,5,0.009881422924901186
568,abstention,usable_complete,399,0.7885375494071146
568,abstention,usable_complete_limited_metadata,18,0.03557312252964427
568,abstention,usable_partial,51,0.1007905138339921
568,abstention,usable_partial_limited_metadata,1,0.001976284584980237
568,voter,no_determinants,64,0.12955465587044535
568,voter,suspicious_determinants,3,0.006072874493927126
568,voter,too_many_missing_determinants,20,0.04048582995951417
568,voter,usable_complete,307,0.6214574898785425
568,voter,usable_complete_limited_metadata,7,0.01417004048582996
568,voter,usable_partial,93,0.1882591093117409
569,abstention,no_determinants,27,0.0533596837944664
569,abstention,suspicious_determinants,2,0.003952569169960474
569,abstention,too_many_missing_determinants,3,0.005928853754940711
569,abstention,usable_complete,403,0.7964426877470355
569,abstention,usable_complete_limited_metadata,22,0.043478260869565216
569,abstention,usable_partial,44,0.08695652173913043
569,abstention,usable_partial_limited_metadata,5,0.009881422924901186
569,voter,no_determinants,59,0.1194331983805668
569,voter,suspicious_determinants,4,0.008097165991902834
569,voter,too_many_missing_determinants,17,0.03441295546558704
569,voter,usable_complete,286,0.5789473684210527
569,voter,usable_complete_limited_metadata,12,0.024291497975708502
569,voter,usable_partial,116,0.23481781376518218
570,abstention,no_determinants,32,0.06324110671936758
570,abstention,suspicious_determinants,1,0.001976284584980237
570,abstention,too_many_missing_determinants,2,0.003952569169960474
570,abstention,usable_complete,406,0.8023715415019763
570,abstention,usable_complete_limited_metadata,10,0.019762845849802372
570,abstention,usable_partial,54,0.1067193675889328
570,abstention,usable_partial_limited_metadata,1,0.001976284584980237
570,voter,no_determinants,60,0.1214574898785425
570,voter,suspicious_determinants,4,0.008097165991902834
570,voter,too_many_missing_determinants,18,0.03643724696356275
570,voter,usable_complete,290,0.5870445344129555
570,voter,usable_complete_limited_metadata,8,0.016194331983805668
570,voter,usable_partial,114,0.23076923076923078
571,abstention,no_determinants,36,0.07114624505928854
571,abstention,suspicious_determinants,1,0.001976284584980237
571,abstention,too_many_missing_determinants,1,0.001976284584980237
571,abstention,usable_complete,397,0.7845849802371542
571,abstention,usable_complete_limited_metadata,20,0.039525691699604744
571,abstention,usable_partial,50,0.09881422924901186
571,abstention,usable_partial_limited_metadata,1,0.001976284584980237
571,voter,no_determinants,75,0.15182186234817813
571,voter,suspicious_determinants,1,0.0020242914979757085
571,voter,too_many_missing_determinants,9,0.018218623481781375
571,voter,usable_complete,286,0.5789473684210527
571,voter,usable_complete_limited_metadata,4,0.008097165991902834
571,voter,usable_partial,118,0.2388663967611336
571,voter,usable_partial_limited_metadata,1,0.0020242914979757085
572,abstention,no_determinants,32,0.06324110671936758
572,abstention,suspicious_determinants,1,0.001976284584980237
572,abstention,too_many_missing_determinants,6,0.011857707509881422
572,abstention,usable_complete,410,0.8102766798418972
572,abstention,usable_complete_limited_metadata,21,0.041501976284584984
572,abstention,usable_partial,35,0.0691699604743083
572,abstention,usable_partial_limited_metadata,1,0.001976284584980237
572,voter,no_determinants,68,0.13765182186234817
572,voter,too_many_missing_determinants,20,0.04048582995951417
572,voter,usable_complete,295,0.597165991902834
572,voter,usable_complete_limited_metadata,5,0.010121457489878543
572,voter,usable_partial,106,0.2145748987854251
573,abstention,no_determinants,21,0.041501976284584984
573,abstention,too_many_missing_determinants,3,0.005928853754940711
573,abstention,usable_complete,416,0.8221343873517787
573,abstention,usable_complete_limited_metadata,18,0.03557312252964427
573,abstention,usable_partial,45,0.08893280632411067
573,abstention,usable_partial_limited_metadata,3,0.005928853754940711
573,voter,no_determinants,65,0.13157894736842105
573,voter,suspicious_determinants,3,0.006072874493927126
573,voter,too_many_missing_determinants,14,0.02834008097165992
573,voter,usable_complete,287,0.5809716599190283
573,voter,usable_complete_limited_metadata,7,0.01417004048582996
573,voter,usable_partial,118,0.2388663967611336
574,abstention,no_determinants,32,0.06324110671936758
574,abstention,too_many_missing_determinants,5,0.009881422924901186
574,abstention,usable_complete,393,0.7766798418972332
574,abstention,usable_complete_limited_metadata,17,0.03359683794466403
574,abstention,usable_partial,54,0.1067193675889328
574,abstention,usable_partial_limited_metadata,5,0.009881422924901186
574,voter,no_determinants,52,0.10526315789473684
574,voter,suspicious_determinants,3,0.006072874493927126
574,voter,too_many_missing_determinants,15,0.030364372469635626
574,voter,usable_complete,298,0.6032388663967612
574,voter,usable_complete_limited_metadata,11,0.022267206477732792
574,voter,usable_partial,113,0.22874493927125505
574,voter,usable_partial_limited_metadata,2,0.004048582995951417
575,abstention,no_determinants,29,0.05731225296442688
575,abstention,suspicious_determinants,2,0.003952569169960474
575,abstention,too_many_missing_determinants,8,0.015810276679841896
575,abstention,usable_complete,400,0.7905138339920948
575,abstention,usable_complete_limited_metadata,12,0.023715415019762844
575,abstention,usable_partial,53,0.10474308300395258
575,abstention,usable_partial_limited_metadata,2,0.003952569169960474
575,voter,no_determinants,66,0.13360323886639677
575,voter,suspicious_determinants,3,0.006072874493927126
575,voter,too_many_missing_determinants,13,0.02631578947368421
575,voter,usable_complete,294,0.5951417004048583
575,voter,usable_complete_limited_metadata,12,0.024291497975708502
575,voter,usable_partial,106,0.2145748987854251
576,abstention,no_determinants,38,0.07509881422924901
576,abstention,suspicious_determinants,1,0.001976284584980237
576,abstention,too_many_missing_determinants,9,0.017786561264822136
576,abstention,usable_complete,387,0.7648221343873518
576,abstention,usable_complete_limited_metadata,16,0.03162055335968379
576,abstention,usable_partial,52,0.10276679841897234
576,abstention,usable_partial_limited_metadata,3,0.005928853754940711
576,voter,no_determinants,69,0.1396761133603239
576,voter,suspicious_determinants,3,0.006072874493927126
576,voter,too_many_missing_determinants,13,0.02631578947368421
576,voter,usable_complete,302,0.611336032388664
576,voter,usable_complete_limited_metadata,5,0.010121457489878543
576,voter,usable_partial,102,0.20647773279352227
577,abstention,no_determinants,24,0.04743083003952569
577,abstention,too_many_missing_determinants,8,0.015810276679841896
577,abstention,usable_complete,401,0.7924901185770751
577,abstention,usable_complete_limited_metadata,24,0.04743083003952569
577,abstention,usable_partial,45,0.08893280632411067
577,abstention,usable_partial_limited_metadata,4,0.007905138339920948
577,voter,no_determinants,63,0.12753036437246965
577,voter,suspicious_determinants,2,0.004048582995951417
577,voter,too_many_missing_determinants,12,0.024291497975708502
577,voter,usable_complete,295,0.597165991902834
577,voter,usable_complete_limited_metadata,13,0.02631578947368421
577,voter,usable_partial,108,0.21862348178137653
577,voter,usable_partial_limited_metadata,1,0.0020242914979757085
578,abstention,no_determinants,30,0.05928853754940711
578,abstention,too_many_missing_determinants,8,0.015810276679841896
578,abstention,usable_complete,403,0.7964426877470355
578,abstention,usable_complete_limited_metadata,15,0.029644268774703556
578,abstention,usable_partial,48,0.09486166007905138
578,abstention,usable_partial_limited_metadata,2,0.003952569169960474
578,voter,no_determinants,74,0.14979757085020243
578,voter,suspicious_determinants,2,0.004048582995951417
578,voter,too_many_missing_determinants,15,0.030364372469635626
578,voter,usable_complete,285,0.5769230769230769
578,voter,usable_complete_limited_metadata,5,0.010121457489878543
578,voter,usable_partial,113,0.22874493927125505
579,abstention,no_determinants,30,0.05928853754940711
579,abstention,too_many_missing_determinants,7,0.01383399209486166
579,abstention,usable_complete,392,0.7747035573122529
579,abstention,usable_complete_limited_metadata,15,0.029644268774703556
579,abstention,usable_partial,52,0.10276679841897234
579,abstention,usable_partial_limited_metadata,10,0.019762845849802372
579,voter,no_determinants,68,0.13765182186234817
579,voter,suspicious_determinants,3,0.006072874493927126
579,voter,too_many_missing_determinants,13,0.02631578947368421
579,voter,usable_complete,282,0.5708502024291497
579,voter,usable_complete_limited_metadata,9,0.018218623481781375
579,voter,usable_partial,119,0.2408906882591093
580,abstention,no_determinants,25,0.04940711462450593
580,abstention,suspicious_determinants,3,0.005928853754940711
580,abstention,too_many_missing_determinants,3,0.005928853754940711
580,abstention,usable_complete,391,0.7727272727272727
580,abstention,usable_complete_limited_metadata,25,0.04940711462450593
580,abstention,usable_partial,57,0.11264822134387352
580,abstention,usable_partial_limited_metadata,2,0.003952569169960474
580,voter,no_determinants,64,0.12955465587044535
580,voter,suspicious_determinants,3,0.006072874493927126
580,voter,too_many_missing_determinants,28,0.05668016194331984
580,voter,usable_complete,280,0.5668016194331984
580,voter,usable_complete_limited_metadata,10,0.020242914979757085
580,voter,usable_partial,109,0.22064777327935223
581,abstention,no_determinants,31,0.06126482213438735
581,abstention,suspicious_determinants,1,0.001976284584980237
581,abstention,too_many_missing_determinants,6,0.011857707509881422
581,abstention,usable_complete,394,0.7786561264822134
581,abstention,usable_complete_limited_metadata,20,0.039525691699604744
581,abstention,usable_partial,50,0.09881422924901186
581,abstention,usable_partial_limited_metadata,4,0.007905138339920948
581,voter,no_determinants,66,0.13360323886639677
581,voter,suspicious_determinants,4,0.008097165991902834
581,voter,too_many_missing_determinants,15,0.030364372469635626
581,voter,usable_complete,279,0.5647773279352226
581,voter,usable_complete_limited_metadata,10,0.020242914979757085
581,voter,usable_partial,120,0.242914979757085
582,abstention,no_determinants,39,0.07707509881422925
582,abstention,suspicious_determinants,2,0.003952569169960474
582,abstention,too_many_missing_determinants,3,0.005928853754940711
582,abstention,usable_complete,395,0.7806324110671937
582,abstention,usable_complete_limited_metadata,20,0.039525691699604744
582,abstention,usable_partial,42,0.08300395256916997
582,abstention,usable_partial_limited_metadata,5,0.009881422924901186
582,voter,no_determinants,73,0.14777327935222673
582,voter,suspicious_determinants,6,0.012145748987854251
582,voter,too_many_missing_determinants,18,0.03643724696356275
582,voter,usable_complete,305,0.6174089068825911
582,voter,usable_complete_limited_metadata,5,0.010121457489878543
582,voter,usable_partial,87,0.17611336032388664
583,abstention,no_determinants,29,0.05731225296442688
583,abstention,suspicious_determinants,2,0.003952569169960474
583,abstention,too_many_missing_determinants,6,0.011857707509881422
583,abstention,usable_complete,403,0.7964426877470355
583,abstention,usable_complete_limited_metadata,15,0.029644268774703556
583,abstention,usable_partial,50,0.09881422924901186
583,abstention,usable_partial_limited_metadata,1,0.001976284584980237
583,voter,no_determinants,76,0.15384615384615385
583,voter,suspicious_determinants,1,0.0020242914979757085
583,voter,too_many_missing_determinants,14,0.02834008097165992
583,voter,usable_complete,287,0.5809716599190283
583,voter,usable_complete_limited_metadata,11,0.022267206477732792
583,voter,usable_partial,105,0.2125506072874494
584,abstention,no_determinants,41,0.08102766798418973
584,abstention,suspicious_determinants,1,0.001976284584980237
584,abstention,too_many_missing_determinants,6,0.011857707509881422
584,abstention,usable_complete,383,0.7569169960474308
584,abstention,usable_complete_limited_metadata,23,0.045454545454545456
584,abstention,usable_partial,49,0.09683794466403162
584,abstention,usable_partial_limited_metadata,3,0.005928853754940711
584,voter,no_determinants,70,0.1417004048582996
584,voter,suspicious_determinants,2,0.004048582995951417
584,voter,too_many_missing_determinants,19,0.038461538461538464
584,voter,usable_complete,281,0.5688259109311741
584,voter,usable_complete_limited_metadata,7,0.01417004048582996
584,voter,usable_partial,115,0.23279352226720648
585,abstention,no_determinants,28,0.05533596837944664
585,abstention,suspicious_determinants,1,0.001976284584980237
585,abstention,too_many_missing_determinants,3,0.005928853754940711
585,abstention,usable_complete,395,0.7806324110671937
585,abstention,usable_complete_limited_metadata,23,0.045454545454545456
585,abstention,usable_partial,47,0.09288537549407115
585,abstention,usable_partial_limited_metadata,9,0.017786561264822136
585,voter,no_determinants,75,0.15182186234817813
585,voter,suspicious_determinants,2,0.004048582995951417
585,voter,too_many_missing_determinants,15,0.030364372469635626
585,voter,usable_complete,299,0.6052631578947368
585,voter,usable_complete_limited_metadata,8,0.016194331983805668
585,voter,usable_partial,95,0.19230769230769232
586,abstention,no_determinants,28,0.05533596837944664
586,abstention,suspicious_determinants,1,0.001976284584980237
586,abstention,too_many_missing_determinants,2,0.003952569169960474
586,abstention,usable_complete,399,0.7885375494071146
586,abstention,usable_complete_limited_metadata,21,0.041501976284584984
586,abstention,usable_partial,53,0.10474308300395258
586,abstention,usable_partial_limited_metadata,2,0.003952569169960474
586,voter,no_determinants,76,0.15384615384615385
586,voter,suspicious_determinants,1,0.0020242914979757085
586,voter,too_many_missing_determinants,22,0.044534412955465584
586,voter,usable_complete,294,0.5951417004048583
586,voter,usable_complete_limited_metadata,7,0.01417004048582996
586,voter,usable_partial,94,0.1902834008097166
587,abstention,no_determinants,37,0.07312252964426877
587,abstention,too_many_missing_determinants,3,0.005928853754940711
587,abstention,usable_complete,410,0.8102766798418972
587,abstention,usable_complete_limited_metadata,17,0.03359683794466403
587,abstention,usable_partial,37,0.07312252964426877
587,abstention,usable_partial_limited_metadata,2,0.003952569169960474
587,voter,no_determinants,65,0.13157894736842105
587,voter,suspicious_determinants,1,0.0020242914979757085
587,voter,too_many_missing_determinants,13,0.02631578947368421
587,voter,usable_complete,302,0.611336032388664
587,voter,usable_complete_limited_metadata,10,0.020242914979757085
587,voter,usable_partial,102,0.20647773279352227
587,voter,usable_partial_limited_metadata,1,0.0020242914979757085
588,abstention,no_determinants,34,0.06719367588932806
588,abstention,too_many_missing_determinants,7,0.01383399209486166
588,abstention,usable_complete,393,0.7766798418972332
588,abstention,usable_complete_limited_metadata,17,0.03359683794466403
588,abstention,usable_partial,54,0.1067193675889328
588,abstention,usable_partial_limited_metadata,1,0.001976284584980237
588,voter,no_determinants,73,0.14777327935222673
588,voter,suspicious_determinants,2,0.004048582995951417
588,voter,too_many_missing_determinants,20,0.04048582995951417
588,voter,usable_complete,288,0.582995951417004
588,voter,usable_complete_limited_metadata,7,0.01417004048582996
588,voter,usable_partial,104,0.21052631578947367
589,abstention,no_determinants,16,0.03162055335968379
589,abstention,too_many_missing_determinants,5,0.009881422924901186
589,abstention,usable_complete,408,0.8063241106719368
589,abstention,usable_complete_limited_metadata,20,0.039525691699604744
589,abstention,usable_partial,52,0.10276679841897234
589,abstention,usable_partial_limited_metadata,5,0.009881422924901186
589,voter,no_determinants,68,0.13765182186234817
589,voter,suspicious_determinants,3,0.006072874493927126
589,voter,too_many_missing_determinants,14,0.02834008097165992
589,voter,usable_complete,297,0.6012145748987854
589,voter,usable_complete_limited_metadata,8,0.016194331983805668
589,voter,usable_partial,104,0.21052631578947367
590,abstention,no_determinants,31,0.06126482213438735
590,abstention,suspicious_determinants,1,0.001976284584980237
590,abstention,too_many_missing_determinants,6,0.011857707509881422
590,abstention,usable_complete,414,0.8181818181818182
590,abstention,usable_complete_limited_metadata,13,0.025691699604743084
590,abstention,usable_partial,40,0.07905138339920949
590,abstention,usable_partial_limited_metadata,1,0.001976284584980237
590,voter,no_determinants,78,0.15789473684210525
590,voter,suspicious_determinants,1,0.0020242914979757085
590,voter,too_many_missing_determinants,15,0.030364372469635626
590,voter,usable_complete,294,0.5951417004048583
590,voter,usable_complete_limited_metadata,8,0.016194331983805668
590,voter,usable_partial,98,0.19838056680161945
591,abstention,no_determinants,24,0.04743083003952569
591,abstention,too_many_missing_determinants,3,0.005928853754940711
591,abstention,usable_complete,408,0.8063241106719368
591,abstention,usable_complete_limited_metadata,15,0.029644268774703556
591,abstention,usable_partial,52,0.10276679841897234
591,abstention,usable_partial_limited_metadata,4,0.007905138339920948
591,voter,no_determinants,67,0.13562753036437247
591,voter,too_many_missing_determinants,18,0.03643724696356275
591,voter,usable_complete,298,0.6032388663967612
591,voter,usable_complete_limited_metadata,6,0.012145748987854251
591,voter,usable_partial,105,0.2125506072874494
592,abstention,no_determinants,33,0.06521739130434782
592,abstention,suspicious_determinants,1,0.001976284584980237
592,abstention,too_many_missing_determinants,4,0.007905138339920948
592,abstention,usable_complete,403,0.7964426877470355
592,abstention,usable_complete_limited_metadata,13,0.025691699604743084
592,abstention,usable_partial,49,0.09683794466403162
592,abstention,usable_partial_limited_metadata,3,0.005928853754940711
592,voter,no_determinants,72,0.145748987854251
592,voter,suspicious_determinants,2,0.004048582995951417
592,voter,too_many_missing_determinants,16,0.032388663967611336
592,voter,usable_complete,282,0.5708502024291497
592,voter,usable_complete_limited_metadata,7,0.01417004048582996
592,voter,usable_partial,113,0.22874493927125505
592,voter,usable_partial_limited_metadata,2,0.004048582995951417
593,abstention,no_determinants,26,0.05138339920948617
593,abstention,suspicious_determinants,1,0.001976284584980237
593,abstention,too_many_missing_determinants,1,0.001976284584980237
593,abstention,usable_complete,401,0.7924901185770751
593,abstention,usable_complete_limited_metadata,23,0.045454545454545456
593,abstention,usable_partial,50,0.09881422924901186
593,abstention,usable_partial_limited_metadata,4,0.007905138339920948
593,voter,no_determinants,72,0.145748987854251
593,voter,suspicious_determinants,7,0.01417004048582996
593,voter,too_many_missing_determinants,18,0.03643724696356275
593,voter,usable_complete,285,0.5769230769230769
593,voter,usable_complete_limited_metadata,13,0.02631578947368421
593,voter,usable_partial,99,0.20040485829959515
594,abstention,no_determinants,30,0.05928853754940711
594,abstention,too_many_missing_determinants,8,0.015810276679841896
594,abstention,usable_complete,400,0.7905138339920948
594,abstention,usable_complete_limited_metadata,22,0.043478260869565216
594,abstention,usable_partial,44,0.08695652173913043
594,abstention,usable_partial_limited_metadata,2,0.003952569169960474
594,voter,no_determinants,72,0.145748987854251
594,voter,too_many_missing_determinants,24,0.048582995951417005
594,voter,usable_complete,267,0.5404858299595142
594,voter,usable_complete_limited_metadata,13,0.02631578947368421
594,voter,usable_partial,117,0.23684210526315788
594,voter,usable_partial_limited_metadata,1,0.0020242914979757085
595,abstention,no_determinants,18,0.03557312252964427
595,abstention,suspicious_determinants,2,0.003952569169960474
595,abstention,too_many_missing_determinants,4,0.007905138339920948
595,abstention,usable_complete,405,0.8003952569169961
595,abstention,usable_complete_limited_metadata,16,0.03162055335968379
595,abstention,usable_partial,56,0.11067193675889328
595,abstention,usable_partial_limited_metadata,5,0.009881422924901186
595,voter,no_determinants,67,0.13562753036437247
595,voter,suspicious_determinants,1,0.0020242914979757085
595,voter,too_many_missing_determinants,23,0.0465587044534413
595,voter,usable_complete,313,0.6336032388663968
595,voter,usable_complete_limited_metadata,6,0.012145748987854251
595,voter,usable_partial,84,0.1700404858299595
596,abstention,no_determinants,34,0.06719367588932806
596,abstention,suspicious_determinants,2,0.003952569169960474
596,abstention,too_many_missing_determinants,1,0.001976284584980237
596,abstention,usable_complete,381,0.7529644268774703
596,abstention,usable_complete_limited_metadata,23,0.045454545454545456
596,abstention,usable_partial,63,0.12450592885375494
596,abstention,usable_partial_limited_metadata,2,0.003952569169960474
596,voter,no_determinants,81,0.16396761133603238
596,voter,suspicious_determinants,4,0.008097165991902834
596,voter,too_many_missing_determinants,15,0.030364372469635626
596,voter,usable_complete,278,0.562753036437247
596,voter,usable_complete_limited_metadata,10,0.020242914979757085
596,voter,usable_partial,106,0.2145748987854251
597,abstention,no_determinants,39,0.07707509881422925
597,abstention,suspicious_determinants,1,0.001976284584980237
597,abstention,too_many_missing_determinants,7,0.01383399209486166
597,abstention,usable_complete,397,0.7845849802371542
597,abstention,usable_complete_limited_metadata,20,0.039525691699604744
597,abstention,usable_partial,41,0.08102766798418973
597,abstention,usable_partial_limited_metadata,1,0.001976284584980237
597,voter,no_determinants,65,0.13157894736842105
597,voter,too_many_missing_determinants,19,0.038461538461538464
597,voter,usable_complete,298,0.6032388663967612
597,voter,usable_complete_limited_metadata,16,0.032388663967611336
597,voter,usable_partial,96,0.19433198380566802
598,abstention,no_determinants,37,0.07312252964426877
598,abstention,suspicious_determinants,1,0.001976284584980237
598,abstention,too_many_missing_determinants,6,0.011857707509881422
598,abstention,usable_complete,379,0.7490118577075099
598,abstention,usable_complete_limited_metadata,20,0.039525691699604744
598,abstention,usable_partial,61,0.12055335968379446
598,abstention,usable_partial_limited_metadata,2,0.003952569169960474
598,voter,no_determinants,73,0.14777327935222673
598,voter,suspicious_determinants,3,0.006072874493927126
598,voter,too_many_missing_determinants,17,0.03441295546558704
598,voter,usable_complete,281,0.5688259109311741
598,voter,usable_complete_limited_metadata,15,0.030364372469635626
598,voter,usable_partial,104,0.21052631578947367
598,voter,usable_partial_limited_metadata,1,0.0020242914979757085
599,abstention,no_determinants,33,0.06521739130434782
599,abstention,too_many_missing_determinants,5,0.009881422924901186
599,abstention,usable_complete,407,0.8043478260869565
599,abstention,usable_complete_limited_metadata,17,0.03359683794466403
599,abstention,usable_partial,44,0.08695652173913043
599,voter,no_determinants,75,0.15182186234817813
599,voter,suspicious_determinants,3,0.006072874493927126
599,voter,too_many_missing_determinants,16,0.032388663967611336
599,voter,usable_complete,301,0.6093117408906883
599,voter,usable_complete_limited_metadata,9,0.018218623481781375
599,voter,usable_partial,90,0.18218623481781376
600,abstention,no_determinants,28,0.05533596837944664
600,abstention,suspicious_determinants,1,0.001976284584980237
600,abstention,too_many_missing_determinants,5,0.009881422924901186
600,abstention,usable_complete,403,0.7964426877470355
600,abstention,usable_complete_limited_metadata,23,0.045454545454545456
600,abstention,usable_partial,45,0.08893280632411067
600,abstention,usable_partial_limited_metadata,1,0.001976284584980237
600,voter,no_determinants,67,0.13562753036437247
600,voter,suspicious_determinants,2,0.004048582995951417
600,voter,too_many_missing_determinants,18,0.03643724696356275
600,voter,usable_complete,285,0.5769230769230769
600,voter,usable_complete_limited_metadata,12,0.024291497975708502
600,voter,usable_partial,110,0.22267206477732793
601,abstention,no_determinants,38,0.07509881422924901
601,abstention,suspicious_determinants,1,0.001976284584980237
601,abstention,too_many_missing_determinants,6,0.011857707509881422
601,abstention,usable_complete,394,0.7786561264822134
601,abstention,usable_complete_limited_metadata,22,0.043478260869565216
601,abstention,usable_partial,40,0.07905138339920949
601,abstention,usable_partial_limited_metadata,5,0.009881422924901186
601,voter,no_determinants,68,0.13765182186234817
601,voter,suspicious_determinants,3,0.006072874493927126
601,voter,too_many_missing_determinants,17,0.03441295546558704
601,voter,usable_complete,281,0.5688259109311741
601,voter,usable_complete_limited_metadata,10,0.020242914979757085
601,voter,usable_partial,114,0.23076923076923078
601,voter,usable_partial_limited_metadata,1,0.0020242914979757085
602,abstention,no_determinants,37,0.07312252964426877
602,abstention,suspicious_determinants,1,0.001976284584980237
602,abstention,too_many_missing_determinants,5,0.009881422924901186
602,abstention,usable_complete,402,0.7944664031620553
602,abstention,usable_complete_limited_metadata,17,0.03359683794466403
602,abstention,usable_partial,40,0.07905138339920949
602,abstention,usable_partial_limited_metadata,4,0.007905138339920948
602,voter,no_determinants,67,0.13562753036437247
602,voter,suspicious_determinants,2,0.004048582995951417
602,voter,too_many_missing_determinants,16,0.032388663967611336
602,voter,usable_complete,291,0.5890688259109311
602,voter,usable_complete_limited_metadata,4,0.008097165991902834
602,voter,usable_partial,114,0.23076923076923078
603,abstention,no_determinants,38,0.07509881422924901
603,abstention,suspicious_determinants,2,0.003952569169960474
603,abstention,too_many_missing_determinants,3,0.005928853754940711
603,abstention,usable_complete,406,0.8023715415019763
603,abstention,usable_complete_limited_metadata,15,0.029644268774703556
603,abstention,usable_partial,40,0.07905138339920949
603,abstention,usable_partial_limited_metadata,2,0.003952569169960474
603,voter,no_determinants,49,0.09919028340080972
603,voter,suspicious_determinants,2,0.004048582995951417
603,voter,too_many_missing_determinants,22,0.044534412955465584
603,voter,usable_complete,300,0.6072874493927125
603,voter,usable_complete_limited_metadata,10,0.020242914979757085
603,voter,usable_partial,111,0.22469635627530365
604,abstention,no_determinants,38,0.07509881422924901
604,abstention,too_many_missing_determinants,5,0.009881422924901186
604,abstention,usable_complete,397,0.7845849802371542
604,abstention,usable_complete_limited_metadata,15,0.029644268774703556
604,abstention,usable_partial,50,0.09881422924901186
604,abstention,usable_partial_limited_metadata,1,0.001976284584980237
604,voter,no_determinants,64,0.12955465587044535
604,voter,suspicious_determinants,4,0.008097165991902834
604,voter,too_many_missing_determinants,14,0.02834008097165992
604,voter,usable_complete,304,0.6153846153846154
604,voter,usable_complete_limited_metadata,8,0.016194331983805668
604,voter,usable_partial,99,0.20040485829959515
604,voter,usable_partial_limited_metadata,1,0.0020242914979757085
605,abstention,no_determinants,28,0.05533596837944664
605,abstention,suspicious_determinants,1,0.001976284584980237
605,abstention,too_many_missing_determinants,7,0.01383399209486166
605,abstention,usable_complete,396,0.782608695652174
605,abstention,usable_complete_limited_metadata,21,0.041501976284584984
605,abstention,usable_partial,51,0.1007905138339921
605,abstention,usable_partial_limited_metadata,2,0.003952569169960474
605,voter,no_determinants,75,0.15182186234817813
605,voter,suspicious_determinants,3,0.006072874493927126
605,voter,too_many_missing_determinants,18,0.03643724696356275
605,voter,usable_complete,291,0.5890688259109311
605,voter,usable_complete_limited_metadata,9,0.018218623481781375
605,voter,usable_partial,97,0.19635627530364372
605,voter,usable_partial_limited_metadata,1,0.0020242914979757085
606,abstention,no_determinants,33,0.06521739130434782
606,abstention,suspicious_determinants,2,0.003952569169960474
606,abstention,too_many_missing_determinants,5,0.009881422924901186
606,abstention,usable_complete,401,0.7924901185770751
606,abstention,usable_complete_limited_metadata,16,0.03162055335968379
606,abstention,usable_partial,48,0.09486166007905138
606,abstention,usable_partial_limited_metadata,1,0.001976284584980237
606,voter,no_determinants,70,0.1417004048582996
606,voter,suspicious_determinants,3,0.006072874493927126
606,voter,too_many_missing_determinants,13,0.02631578947368421
606,voter,usable_complete,276,0.5587044534412956
606,voter,usable_complete_limited_metadata,13,0.02631578947368421
606,voter,usable_partial,119,0.2408906882591093
607,abstention,no_determinants,39,0.07707509881422925
607,abstention,too_many_missing_determinants,6,0.011857707509881422
607,abstention,usable_complete,397,0.7845849802371542
607,abstention,usable_complete_limited_metadata,14,0.02766798418972332
607,abstention,usable_partial,47,0.09288537549407115
607,abstention,usable_partial_limited_metadata,3,0.005928853754940711
607,voter,no_determinants,59,0.1194331983805668
607,voter,suspicious_determinants,1,0.0020242914979757085
607,voter,too_many_missing_determinants,20,0.04048582995951417
607,voter,usable_complete,295,0.597165991902834
607,voter,usable_complete_limited_metadata,12,0.024291497975708502
607,voter,usable_partial,107,0.2165991902834008
608,abstention,no_determinants,35,0.0691699604743083
608,abstention,suspicious_determinants,1,0.001976284584980237
608,abstention,too_many_missing_determinants,7,0.01383399209486166
608,abstention,usable_complete,396,0.782608695652174
608,abstention,usable_complete_limited_metadata,22,0.043478260869565216
608,abstention,usable_partial,43,0.08498023715415019
608,abstention,usable_partial_limited_metadata,2,0.003952569169960474
608,voter,no_determinants,69,0.1396761133603239
608,voter,suspicious_determinants,1,0.0020242914979757085
608,voter,too_many_missing_determinants,22,0.044534412955465584
608,voter,usable_complete,285,0.5769230769230769
608,voter,usable_complete_limited_metadata,4,0.008097165991902834
608,voter,usable_partial,113,0.22874493927125505
609,abstention,no_determinants,33,0.06521739130434782
609,abstention,too_many_missing_determinants,11,0.021739130434782608
609,abstention,usable_complete,389,0.7687747035573123
609,abstention,usable_complete_limited_metadata,22,0.043478260869565216
609,abstention,usable_partial,48,0.09486166007905138
609,abstention,usable_partial_limited_metadata,3,0.005928853754940711
609,voter,no_determinants,65,0.13157894736842105
609,voter,suspicious_determinants,2,0.004048582995951417
609,voter,too_many_missing_determinants,15,0.030364372469635626
609,voter,usable_complete,299,0.6052631578947368
609,voter,usable_complete_limited_metadata,5,0.010121457489878543
609,voter,usable_partial,108,0.21862348178137653
610,abstention,no_determinants,32,0.06324110671936758
610,abstention,suspicious_determinants,1,0.001976284584980237
610,abstention,too_many_missing_determinants,8,0.015810276679841896
610,abstention,usable_complete,392,0.7747035573122529
610,abstention,usable_complete_limited_metadata,23,0.045454545454545456
610,abstention,usable_partial,48,0.09486166007905138
610,abstention,usable_partial_limited_metadata,2,0.003952569169960474
610,voter,no_determinants,70,0.1417004048582996
610,voter,suspicious_determinants,4,0.008097165991902834
610,voter,too_many_missing_determinants,16,0.032388663967611336
610,voter,usable_complete,277,0.5607287449392713
610,voter,usable_complete_limited_metadata,6,0.012145748987854251
610,voter,usable_partial,120,0.242914979757085
610,voter,usable_partial_limited_metadata,1,0.0020242914979757085
611,abstention,no_determinants,31,0.06126482213438735
611,abstention,suspicious_determinants,2,0.003952569169960474
611,abstention,too_many_missing_determinants,4,0.007905138339920948
611,abstention,usable_complete,406,0.8023715415019763
611,abstention,usable_complete_limited_metadata,17,0.03359683794466403
611,abstention,usable_partial,44,0.08695652173913043
611,abstention,usable_partial_limited_metadata,2,0.003952569169960474
611,voter,no_determinants,74,0.14979757085020243
611,voter,suspicious_determinants,3,0.006072874493927126
611,voter,too_many_missing_determinants,14,0.02834008097165992
611,voter,usable_complete,275,0.5566801619433198
611,voter,usable_complete_limited_metadata,11,0.022267206477732792
611,voter,usable_partial,114,0.23076923076923078
611,voter,usable_partial_limited_metadata,3,0.006072874493927126
612,abstention,no_determinants,34,0.06719367588932806
612,abstention,suspicious_determinants,1,0.001976284584980237
612,abstention,too_many_missing_determinants,4,0.007905138339920948
612,abstention,usable_complete,404,0.7984189723320159
612,abstention,usable_complete_limited_metadata,20,0.039525691699604744
612,abstention,usable_partial,41,0.08102766798418973
612,abstention,usable_partial_limited_metadata,2,0.003952569169960474
612,voter,no_determinants,77,0.15587044534412955
612,voter,suspicious_determinants,3,0.006072874493927126
612,voter,too_many_missing_determinants,23,0.0465587044534413
612,voter,usable_complete,282,0.5708502024291497
612,voter,usable_complete_limited_metadata,9,0.018218623481781375
612,voter,usable_partial,100,0.20242914979757085
613,abstention,no_determinants,34,0.06719367588932806
613,abstention,suspicious_determinants,2,0.003952569169960474
613,abstention,too_many_missing_determinants,5,0.009881422924901186
613,abstention,usable_complete,400,0.7905138339920948
613,abstention,usable_complete_limited_metadata,18,0.03557312252964427
613,abstention,usable_partial,44,0.08695652173913043
613,abstention,usable_partial_limited_metadata,3,0.005928853754940711
613,voter,no_determinants,60,0.1214574898785425
613,voter,suspicious_determinants,2,0.004048582995951417
613,voter,too_many_missing_determinants,20,0.04048582995951417
613,voter,usable_complete,298,0.6032388663967612
613,voter,usable_complete_limited_metadata,11,0.022267206477732792
613,voter,usable_partial,103,0.20850202429149797
614,abstention,no_determinants,30,0.05928853754940711
614,abstention,too_many_missing_determinants,5,0.009881422924901186
614,abstention,usable_complete,401,0.7924901185770751
614,abstention,usable_complete_limited_metadata,19,0.037549407114624504
614,abstention,usable_partial,46,0.09090909090909091
614,abstention,usable_partial_limited_metadata,5,0.009881422924901186
614,voter,no_determinants,64,0.12955465587044535
614,voter,suspicious_determinants,5,0.010121457489878543
614,voter,too_many_missing_determinants,18,0.03643724696356275
614,voter,usable_complete,271,0.548582995951417
614,voter,usable_complete_limited_metadata,6,0.012145748987854251
614,voter,usable_partial,130,0.2631578947368421
615,abstention,no_determinants,34,0.06719367588932806
615,abstention,suspicious_determinants,1,0.001976284584980237
615,abstention,too_many_missing_determinants,5,0.009881422924901186
615,abstention,usable_complete,410,0.8102766798418972
615,abstention,usable_complete_limited_metadata,14,0.02766798418972332
615,abstention,usable_partial,40,0.07905138339920949
615,abstention,usable_partial_limited_metadata,2,0.003952569169960474
615,voter,no_determinants,68,0.13765182186234817
615,voter,suspicious_determinants,5,0.010121457489878543
615,voter,too_many_missing_determinants,18,0.03643724696356275
615,voter,usable_complete,287,0.5809716599190283
615,voter,usable_complete_limited_metadata,11,0.022267206477732792
615,voter,usable_partial,105,0.2125506072874494
616,abstention,no_determinants,30,0.05928853754940711
616,abstention,suspicious_determinants,2,0.003952569169960474
616,abstention,too_many_missing_determinants,3,0.005928853754940711
616,abstention,usable_complete,396,0.782608695652174
616,abstention,usable_complete_limited_metadata,26,0.05138339920948617
616,abstention,usable_partial,46,0.09090909090909091
616,abstention,usable_partial_limited_metadata,3,0.005928853754940711
616,voter,no_determinants,67,0.13562753036437247
616,voter,suspicious_determinants,2,0.004048582995951417
616,voter,too_many_missing_determinants,15,0.030364372469635626
616,voter,usable_complete,298,0.6032388663967612
616,voter,usable_complete_limited_metadata,7,0.01417004048582996
616,voter,usable_partial,105,0.2125506072874494
617,abstention,no_determinants,34,0.06719367588932806
617,abstention,suspicious_determinants,1,0.001976284584980237
617,abstention,too_many_missing_determinants,8,0.015810276679841896
617,abstention,usable_complete,392,0.7747035573122529
617,abstention,usable_complete_limited_metadata,23,0.045454545454545456
617,abstention,usable_partial,44,0.08695652173913043
617,abstention,usable_partial_limited_metadata,4,0.007905138339920948
617,voter,no_determinants,86,0.17408906882591094
617,voter,suspicious_determinants,1,0.0020242914979757085
617,voter,too_many_missing_determinants,11,0.022267206477732792
617,voter,usable_complete,300,0.6072874493927125
617,voter,usable_complete_limited_metadata,9,0.018218623481781375
617,voter,usable_partial,87,0.17611336032388664
618,abstention,no_determinants,32,0.06324110671936758
618,abstention,suspicious_determinants,1,0.001976284584980237
618,abstention,too_many_missing_determinants,5,0.009881422924901186
618,abstention,usable_complete,388,0.766798418972332
618,abstention,usable_complete_limited_metadata,20,0.039525691699604744
618,abstention,usable_partial,52,0.10276679841897234
618,abstention,usable_partial_limited_metadata,8,0.015810276679841896
618,voter,no_determinants,73,0.14777327935222673
618,voter,suspicious_determinants,3,0.006072874493927126
618,voter,too_many_missing_determinants,19,0.038461538461538464
618,voter,usable_complete,289,0.5850202429149798
618,voter,usable_complete_limited_metadata,9,0.018218623481781375
618,voter,usable_partial,99,0.20040485829959515
618,voter,usable_partial_limited_metadata,2,0.004048582995951417
619,abstention,no_determinants,24,0.04743083003952569
619,abstention,too_many_missing_determinants,5,0.009881422924901186
619,abstention,usable_complete,405,0.8003952569169961
619,abstention,usable_complete_limited_metadata,23,0.045454545454545456
619,abstention,usable_partial,48,0.09486166007905138
619,abstention,usable_partial_limited_metadata,1,0.001976284584980237
619,voter,no_determinants,69,0.1396761133603239
619,voter,suspicious_determinants,5,0.010121457489878543
619,voter,too_many_missing_determinants,16,0.032388663967611336
619,voter,usable_complete,279,0.5647773279352226
619,voter,usable_complete_limited_metadata,10,0.020242914979757085
619,voter,usable_partial,115,0.23279352226720648
620,abstention,no_determinants,21,0.041501976284584984
620,abstention,suspicious_determinants,2,0.003952569169960474
620,abstention,too_many_missing_determinants,5,0.009881422924901186
620,abstention,usable_complete,411,0.8122529644268774
620,abstention,usable_complete_limited_metadata,14,0.02766798418972332
620,abstention,usable_partial,49,0.09683794466403162
620,abstention,usable_partial_limited_metadata,4,0.007905138339920948
620,voter,no_determinants,79,0.15991902834008098
620,voter,suspicious_determinants,6,0.012145748987854251
620,voter,too_many_missing_determinants,15,0.030364372469635626
620,voter,usable_complete,274,0.5546558704453441
620,voter,usable_complete_limited_metadata,9,0.018218623481781375
620,voter,usable_partial,111,0.22469635627530365
621,abstention,no_determinants,37,0.07312252964426877
621,abstention,suspicious_determinants,1,0.001976284584980237
621,abstention,too_many_missing_determinants,6,0.011857707509881422
621,abstention,usable_complete,395,0.7806324110671937
621,abstention,usable_complete_limited_metadata,20,0.039525691699604744
621,abstention,usable_partial,44,0.08695652173913043
621,abstention,usable_partial_limited_metadata,3,0.005928853754940711
621,voter,no_determinants,62,0.12550607287449392
621,voter,suspicious_determinants,2,0.004048582995951417
621,voter,too_many_missing_determinants,16,0.032388663967611336
621,voter,usable_complete,286,0.5789473684210527
621,voter,usable_complete_limited_metadata,9,0.018218623481781375
621,voter,usable_partial,119,0.2408906882591093
622,abstention,no_determinants,40,0.07905138339920949
622,abstention,too_many_missing_determinants,11,0.021739130434782608
622,abstention,usable_complete,388,0.766798418972332
622,abstention,usable_complete_limited_metadata,17,0.03359683794466403
622,abstention,usable_partial,47,0.09288537549407115
622,abstention,usable_partial_limited_metadata,3,0.005928853754940711
622,voter,no_determinants,69,0.1396761133603239
622,voter,suspicious_determinants,3,0.006072874493927126
622,voter,too_many_missing_determinants,14,0.02834008097165992
622,voter,usable_complete,298,0.6032388663967612
622,voter,usable_complete_limited_metadata,15,0.030364372469635626
622,voter,usable_partial,94,0.1902834008097166
622,voter,usable_partial_limited_metadata,1,0.0020242914979757085
623,abstention,no_determinants,39,0.07707509881422925
623,abstention,too_many_missing_determinants,2,0.003952569169960474
623,abstention,usable_complete,391,0.7727272727272727
623,abstention,usable_complete_limited_metadata,20,0.039525691699604744
623,abstention,usable_partial,51,0.1007905138339921
623,abstention,usable_partial_limited_metadata,3,0.005928853754940711
623,voter,no_determinants,56,0.11336032388663968
623,voter,suspicious_determinants,3,0.006072874493927126
623,voter,too_many_missing_determinants,18,0.03643724696356275
623,voter,usable_complete,302,0.611336032388664
623,voter,usable_complete_limited_metadata,12,0.024291497975708502
623,voter,usable_partial,102,0.20647773279352227
623,voter,usable_partial_limited_metadata,1,0.0020242914979757085
624,abstention,no_determinants,35,0.0691699604743083
624,abstention,suspicious_determinants,1,0.001976284584980237
624,abstention,too_many_missing_determinants,8,0.015810276679841896
624,abstention,usable_complete,397,0.7845849802371542
624,abstention,usable_complete_limited_metadata,15,0.029644268774703556
624,abstention,usable_partial,47,0.09288537549407115
624,abstention,usable_partial_limited_metadata,3,0.005928853754940711
624,voter,no_determinants,62,0.12550607287449392
624,voter,suspicious_determinants,3,0.006072874493927126
624,voter,too_many_missing_determinants,20,0.04048582995951417
624,voter,usable_complete,287,0.5809716599190283
624,voter,usable_complete_limited_metadata,11,0.022267206477732792
624,voter,usable_partial,110,0.22267206477732793
624,voter,usable_partial_limited_metadata,1,0.0020242914979757085
625,abstention,no_determinants,29,0.05731225296442688
625,abstention,suspicious_determinants,1,0.001976284584980237
625,abstention,too_many_missing_determinants,4,0.007905138339920948
625,abstention,usable_complete,407,0.8043478260869565
625,abstention,usable_complete_limited_metadata,22,0.043478260869565216
625,abstention,usable_partial,42,0.08300395256916997
625,abstention,usable_partial_limited_metadata,1,0.001976284584980237
625,voter,no_determinants,80,0.16194331983805668
625,voter,suspicious_determinants,5,0.010121457489878543
625,voter,too_many_missing_determinants,12,0.024291497975708502
625,voter,usable_complete,293,0.5931174089068826
625,voter,usable_complete_limited_metadata,9,0.018218623481781375
625,voter,usable_partial,95,0.19230769230769232
626,abstention,no_determinants,35,0.0691699604743083
626,abstention,suspicious_determinants,1,0.001976284584980237
626,abstention,too_many_missing_determinants,4,0.007905138339920948
626,abstention,usable_complete,411,0.8122529644268774
626,abstention,usable_complete_limited_metadata,15,0.029644268774703556
626,abstention,usable_partial,36,0.07114624505928854
626,abstention,usable_partial_limited_metadata,4,0.007905138339920948
626,voter,no_determinants,72,0.145748987854251
626,voter,suspicious_determinants,3,0.006072874493927126
626,voter,too_many_missing_determinants,13,0.02631578947368421
626,voter,usable_complete,272,0.5506072874493927
626,voter,usable_complete_limited_metadata,11,0.022267206477732792
626,voter,usable_partial,123,0.24898785425101214
627,abstention,no_determinants,28,0.05533596837944664
627,abstention,too_many_missing_determinants,5,0.009881422924901186
627,abstention,usable_complete,396,0.782608695652174
627,abstention,usable_complete_limited_metadata,24,0.04743083003952569
627,abstention,usable_partial,50,0.09881422924901186
627,abstention,usable_partial_limited_metadata,3,0.005928853754940711
627,voter,no_determinants,64,0.12955465587044535
627,voter,suspicious_determinants,1,0.0020242914979757085
627,voter,too_many_missing_determinants,15,0.030364372469635626
627,voter,usable_complete,286,0.5789473684210527
627,voter,usable_complete_limited_metadata,19,0.038461538461538464
627,voter,usable_partial,108,0.21862348178137653
627,voter,usable_partial_limited_metadata,1,0.0020242914979757085
628,abstention,no_determinants,29,0.05731225296442688
628,abstention,suspicious_determinants,3,0.005928853754940711
628,abstention,too_many_missing_determinants,7,0.01383399209486166
628,abstention,usable_complete,400,0.7905138339920948
628,abstention,usable_complete_limited_metadata,20,0.039525691699604744
628,abstention,usable_partial,43,0.08498023715415019
628,abstention,usable_partial_limited_metadata,4,0.007905138339920948
628,voter,no_determinants,65,0.13157894736842105
628,voter,suspicious_determinants,3,0.006072874493927126
628,voter,too_many_missing_determinants,15,0.030364372469635626
628,voter,usable_complete,291,0.5890688259109311
628,voter,usable_complete_limited_metadata,7,0.01417004048582996
628,voter,usable_partial,113,0.22874493927125505
629,abstention,no_determinants,30,0.05928853754940711
629,abstention,suspicious_determinants,2,0.003952569169960474
629,abstention,too_many_missing_determinants,3,0.005928853754940711
629,abstention,usable_complete,405,0.8003952569169961
629,abstention,usable_complete_limited_metadata,20,0.039525691699604744
629,abstention,usable_partial,45,0.08893280632411067
629,abstention,usable_partial_limited_metadata,1,0.001976284584980237
629,voter,no_determinants,64,0.12955465587044535
629,voter,suspicious_determinants,3,0.006072874493927126
629,voter,too_many_missing_determinants,19,0.038461538461538464
629,voter,usable_complete,297,0.6012145748987854
629,voter,usable_complete_limited_metadata,10,0.020242914979757085
629,voter,usable_partial,101,0.20445344129554655
630,abstention,no_determinants,30,0.05928853754940711
630,abstention,too_many_missing_determinants,1,0.001976284584980237
630,abstention,usable_complete,398,0.7865612648221344
630,abstention,usable_complete_limited_metadata,19,0.037549407114624504
630,abstention,usable_partial,53,0.10474308300395258
630,abstention,usable_partial_limited_metadata,5,0.009881422924901186
630,voter,no_determinants,68,0.13765182186234817
630,voter,suspicious_determinants,2,0.004048582995951417
630,voter,too_many_missing_determinants,14,0.02834008097165992
630,voter,usable_complete,297,0.6012145748987854
630,voter,usable_complete_limited_metadata,12,0.024291497975708502
630,voter,usable_partial,101,0.20445344129554655
631,abstention,no_determinants,33,0.06521739130434782
631,abstention,suspicious_determinants,1,0.001976284584980237
631,abstention,too_many_missing_determinants,2,0.003952569169960474
631,abstention,usable_complete,393,0.7766798418972332
631,abstention,usable_complete_limited_metadata,26,0.05138339920948617
631,abstention,usable_partial,51,0.1007905138339921
631,voter,no_determinants,76,0.15384615384615385
631,voter,suspicious_determinants,2,0.004048582995951417
631,voter,too_many_missing_determinants,12,0.024291497975708502
631,voter,usable_complete,297,0.6012145748987854
631,voter,usable_complete_limited_metadata,8,0.016194331983805668
631,voter,usable_partial,98,0.19838056680161945
631,voter,usable_partial_limited_metadata,1,0.0020242914979757085
632,abstention,no_determinants,34,0.06719367588932806
632,abstention,suspicious_determinants,1,0.001976284584980237
632,abstention,too_many_missing_determinants,3,0.005928853754940711
632,abstention,usable_complete,407,0.8043478260869565
632,abstention,usable_complete_limited_metadata,18,0.03557312252964427
632,abstention,usable_partial,38,0.07509881422924901
632,abstention,usable_partial_limited_metadata,5,0.009881422924901186
632,voter,no_determinants,72,0.145748987854251
632,voter,suspicious_determinants,1,0.0020242914979757085
632,voter,too_many_missing_determinants,16,0.032388663967611336
632,voter,usable_complete,276,0.5587044534412956
632,voter,usable_complete_limited_metadata,11,0.022267206477732792
632,voter,usable_partial,116,0.23481781376518218
632,voter,usable_partial_limited_metadata,2,0.004048582995951417
633,abstention,no_determinants,30,0.05928853754940711
633,abstention,too_many_missing_determinants,1,0.001976284584980237
633,abstention,usable_complete,410,0.8102766798418972
633,abstention,usable_complete_limited_metadata,19,0.037549407114624504
633,abstention,usable_partial,42,0.08300395256916997
633,abstention,usable_partial_limited_metadata,4,0.007905138339920948
633,voter,no_determinants,65,0.13157894736842105
633,voter,suspicious_determinants,1,0.0020242914979757085
633,voter,too_many_missing_determinants,27,0.05465587044534413
633,voter,usable_complete,285,0.5769230769230769
633,voter,usable_complete_limited_metadata,13,0.02631578947368421
633,voter,usable_partial,102,0.20647773279352227
633,voter,usable_partial_limited_metadata,1,0.0020242914979757085
634,abstention,no_determinants,38,0.07509881422924901
634,abstention,too_many_missing_determinants,7,0.01383399209486166
634,abstention,usable_complete,399,0.7885375494071146
634,abstention,usable_complete_limited_metadata,17,0.03359683794466403
634,abstention,usable_partial,44,0.08695652173913043
634,abstention,usable_partial_limited_metadata,1,0.001976284584980237
634,voter,no_determinants,65,0.13157894736842105
634,voter,suspicious_determinants,2,0.004048582995951417
634,voter,too_many_missing_determinants,21,0.04251012145748988
634,voter,usable_complete,290,0.5870445344129555
634,voter,usable_complete_limited_metadata,9,0.018218623481781375
634,voter,usable_partial,106,0.2145748987854251
634,voter,usable_partial_limited_metadata,1,0.0020242914979757085
635,abstention,no_determinants,33,0.06521739130434782
635,abstention,suspicious_determinants,3,0.005928853754940711
635,abstention,too_many_missing_determinants,3,0.005928853754940711
635,abstention,usable_complete,387,0.7648221343873518
635,abstention,usable_complete_limited_metadata,17,0.03359683794466403
635,abstention,usable_partial,60,0.11857707509881422
635,abstention,usable_partial_limited_metadata,3,0.005928853754940711
635,voter,no_determinants,62,0.12550607287449392
635,voter,suspicious_determinants,4,0.008097165991902834
635,voter,too_many_missing_determinants,21,0.04251012145748988
635,voter,usable_complete,291,0.5890688259109311
635,voter,usable_complete_limited_metadata,4,0.008097165991902834
635,voter,usable_partial,110,0.22267206477732793
635,voter,usable_partial_limited_metadata,2,0.004048582995951417
636,abstention,no_determinants,21,0.041501976284584984
636,abstention,suspicious_determinants,2,0.003952569169960474
636,abstention,too_many_missing_determinants,8,0.015810276679841896
636,abstention,usable_complete,402,0.7944664031620553
636,abstention,usable_complete_limited_metadata,23,0.045454545454545456
636,abstention,usable_partial,46,0.09090909090909091
636,abstention,usable_partial_limited_metadata,4,0.007905138339920948
636,voter,no_determinants,77,0.15587044534412955
636,voter,suspicious_determinants,1,0.0020242914979757085
636,voter,too_many_missing_determinants,10,0.020242914979757085
636,voter,usable_complete,297,0.6012145748987854
636,voter,usable_complete_limited_metadata,12,0.024291497975708502
636,voter,usable_partial,97,0.19635627530364372
637,abstention,no_determinants,34,0.06719367588932806
637,abstention,suspicious_determinants,1,0.001976284584980237
637,abstention,too_many_missing_determinants,4,0.007905138339920948
637,abstention,usable_complete,389,0.7687747035573123
637,abstention,usable_complete_limited_metadata,23,0.045454545454545456
637,abstention,usable_partial,52,0.10276679841897234
637,abstention,usable_partial_limited_metadata,3,0.005928853754940711
637,voter,no_determinants,61,0.12348178137651822
637,voter,suspicious_determinants,2,0.004048582995951417
637,voter,too_many_missing_determinants,21,0.04251012145748988
637,voter,usable_complete,298,0.6032388663967612
637,voter,usable_complete_limited_metadata,4,0.008097165991902834
637,voter,usable_partial,107,0.2165991902834008
637,voter,usable_partial_limited_metadata,1,0.0020242914979757085
638,abstention,no_determinants,32,0.06324110671936758
638,abstention,suspicious_determinants,2,0.003952569169960474
638,abstention,too_many_missing_determinants,4,0.007905138339920948
638,abstention,usable_complete,393,0.7766798418972332
638,abstention,usable_complete_limited_metadata,15,0.029644268774703556
638,abstention,usable_partial,57,0.11264822134387352
638,abstention,usable_partial_limited_metadata,3,0.005928853754940711
638,voter,no_determinants,57,0.11538461538461539
638,voter,suspicious_determinants,3,0.006072874493927126
638,voter,too_many_missing_determinants,20,0.04048582995951417
638,voter,usable_complete,294,0.5951417004048583
638,voter,usable_complete_limited_metadata,6,0.012145748987854251
638,voter,usable_partial,114,0.23076923076923078
639,abstention,no_determinants,22,0.043478260869565216
639,abstention,suspicious_determinants,1,0.001976284584980237
639,abstention,too_many_missing_determinants,5,0.009881422924901186
639,abstention,usable_complete,408,0.8063241106719368
639,abstention,usable_complete_limited_metadata,15,0.029644268774703556
639,abstention,usable_partial,54,0.1067193675889328
639,abstention,usable_partial_limited_metadata,1,0.001976284584980237
639,voter,no_determinants,75,0.15182186234817813
639,voter,suspicious_determinants,4,0.008097165991902834
639,voter,too_many_missing_determinants,14,0.02834008097165992
639,voter,usable_complete,274,0.5546558704453441
639,voter,usable_complete_limited_metadata,9,0.018218623481781375
639,voter,usable_partial,118,0.2388663967611336
640,abstention,no_determinants,34,0.06719367588932806
640,abstention,suspicious_determinants,1,0.001976284584980237
640,abstention,too_many_missing_determinants,4,0.007905138339920948
640,abstention,usable_complete,395,0.7806324110671937
640,abstention,usable_complete_limited_metadata,20,0.039525691699604744
640,abstention,usable_partial,52,0.10276679841897234
640,voter,no_determinants,53,0.10728744939271255
640,voter,suspicious_determinants,2,0.004048582995951417
640,voter,too_many_missing_determinants,12,0.024291497975708502
640,voter,usable_complete,286,0.5789473684210527
640,voter,usable_complete_limited_metadata,15,0.030364372469635626
640,voter,usable_partial,126,0.2550607287449393
641,abstention,no_determinants,35,0.0691699604743083
641,abstention,suspicious_determinants,2,0.003952569169960474
641,abstention,too_many_missing_determinants,1,0.001976284584980237
641,abstention,usable_complete,393,0.7766798418972332
641,abstention,usable_complete_limited_metadata,25,0.04940711462450593
641,abstention,usable_partial,49,0.09683794466403162
641,abstention,usable_partial_limited_metadata,1,0.001976284584980237
641,voter,no_determinants,61,0.12348178137651822
641,voter,suspicious_determinants,5,0.010121457489878543
641,voter,too_many_missing_determinants,22,0.044534412955465584
641,voter,usable_complete,286,0.5789473684210527
641,voter,usable_complete_limited_metadata,10,0.020242914979757085
641,voter,usable_partial,110,0.22267206477732793
642,abstention,no_determinants,29,0.05731225296442688
642,abstention,too_many_missing_determinants,3,0.005928853754940711
642,abstention,usable_complete,415,0.8201581027667985
642,abstention,usable_complete_limited_metadata,9,0.017786561264822136
642,abstention,usable_partial,48,0.09486166007905138
642,abstention,usable_partial_limited_metadata,2,0.003952569169960474
642,voter,no_determinants,83,0.1680161943319838
642,voter,suspicious_determinants,3,0.006072874493927126
642,voter,too_many_missing_determinants,15,0.030364372469635626
642,voter,usable_complete,278,0.562753036437247
642,voter,usable_complete_limited_metadata,14,0.02834008097165992
642,voter,usable_partial,101,0.20445344129554655
643,abstention,no_determinants,40,0.07905138339920949
643,abstention,too_many_missing_determinants,4,0.007905138339920948
643,abstention,usable_complete,395,0.7806324110671937
643,abstention,usable_complete_limited_metadata,26,0.05138339920948617
643,abstention,usable_partial,40,0.07905138339920949
643,abstention,usable_partial_limited_metadata,1,0.001976284584980237
643,voter,no_determinants,70,0.1417004048582996
643,voter,too_many_missing_determinants,12,0.024291497975708502
643,voter,usable_complete,289,0.5850202429149798
643,voter,usable_complete_limited_metadata,8,0.016194331983805668
643,voter,usable_partial,115,0.23279352226720648
644,abstention,no_determinants,27,0.0533596837944664
644,abstention,suspicious_determinants,2,0.003952569169960474
644,abstention,too_many_missing_determinants,3,0.005928853754940711
644,abstention,usable_complete,398,0.7865612648221344
644,abstention,usable_complete_limited_metadata,18,0.03557312252964427
644,abstention,usable_partial,54,0.1067193675889328
644,abstention,usable_partial_limited_metadata,4,0.007905138339920948
644,voter,no_determinants,63,0.12753036437246965
644,voter,suspicious_determinants,3,0.006072874493927126
644,voter,too_many_missing_determinants,14,0.02834008097165992
644,voter,usable_complete,277,0.5607287449392713
644,voter,usable_complete_limited_metadata,6,0.012145748987854251
644,voter,usable_partial,131,0.2651821862348178
645,abstention,no_determinants,27,0.0533596837944664
645,abstention,suspicious_determinants,1,0.001976284584980237
645,abstention,too_many_missing_determinants,7,0.01383399209486166
645,abstention,usable_complete,403,0.7964426877470355
645,abstention,usable_complete_limited_metadata,16,0.03162055335968379
645,abstention,usable_partial,49,0.09683794466403162
645,abstention,usable_partial_limited_metadata,3,0.005928853754940711
645,voter,no_determinants,70,0.1417004048582996
645,voter,too_many_missing_determinants,15,0.030364372469635626
645,voter,usable_complete,292,0.5910931174089069
645,voter,usable_complete_limited_metadata,10,0.020242914979757085
645,voter,usable_partial,107,0.2165991902834008
646,abstention,no_determinants,27,0.0533596837944664
646,abstention,suspicious_determinants,1,0.001976284584980237
646,abstention,too_many_missing_determinants,4,0.007905138339920948
646,abstention,usable_complete,414,0.8181818181818182
646,abstention,usable_complete_limited_metadata,16,0.03162055335968379
646,abstention,usable_partial,41,0.08102766798418973
646,abstention,usable_partial_limited_metadata,3,0.005928853754940711
646,voter,no_determinants,57,0.11538461538461539
646,voter,suspicious_determinants,2,0.004048582995951417
646,voter,too_many_missing_determinants,18,0.03643724696356275
646,voter,usable_complete,289,0.5850202429149798
646,voter,usable_complete_limited_metadata,12,0.024291497975708502
646,voter,usable_partial,115,0.23279352226720648
646,voter,usable_partial_limited_metadata,1,0.0020242914979757085
647,abstention,no_determinants,34,0.06719367588932806
647,abstention,too_many_missing_determinants,5,0.009881422924901186
647,abstention,usable_complete,401,0.7924901185770751
647,abstention,usable_complete_limited_metadata,22,0.043478260869565216
647,abstention,usable_partial,44,0.08695652173913043
647,voter,no_determinants,75,0.15182186234817813
647,voter,suspicious_determinants,4,0.008097165991902834
647,voter,too_many_missing_determinants,20,0.04048582995951417
647,voter,usable_complete,282,0.5708502024291497
647,voter,usable_complete_limited_metadata,8,0.016194331983805668
647,voter,usable_partial,105,0.2125506072874494
648,abstention,no_determinants,28,0.05533596837944664
648,abstention,too_many_missing_determinants,5,0.009881422924901186
648,abstention,usable_complete,398,0.7865612648221344
648,abstention,usable_complete_limited_metadata,27,0.0533596837944664
648,abstention,usable_partial,45,0.08893280632411067
648,abstention,usable_partial_limited_metadata,3,0.005928853754940711
648,voter,no_determinants,72,0.145748987854251
648,voter,suspicious_determinants,1,0.0020242914979757085
648,voter,too_many_missing_determinants,18,0.03643724696356275
648,voter,usable_complete,299,0.6052631578947368
648,voter,usable_complete_limited_metadata,7,0.01417004048582996
648,voter,usable_partial,97,0.19635627530364372
649,abstention,no_determinants,28,0.05533596837944664
649,abstention,suspicious_determinants,3,0.005928853754940711
649,abstention,too_many_missing_determinants,1,0.001976284584980237
649,abstention,usable_complete,394,0.7786561264822134
649,abstention,usable_complete_limited_metadata,19,0.037549407114624504
649,abstention,usable_partial,56,0.11067193675889328
649,abstention,usable_partial_limited_metadata,5,0.009881422924901186
649,voter,no_determinants,70,0.1417004048582996
649,voter,suspicious_determinants,2,0.004048582995951417
649,voter,too_many_missing_determinants,24,0.048582995951417005
649,voter,usable_complete,270,0.5465587044534413
649,voter,usable_complete_limited_metadata,12,0.024291497975708502
649,voter,usable_partial,114,0.23076923076923078
649,voter,usable_partial_limited_metadata,2,0.004048582995951417
650,abstention,no_determinants,30,0.05928853754940711
650,abstention,suspicious_determinants,2,0.003952569169960474
650,abstention,too_many_missing_determinants,3,0.005928853754940711
650,abstention,usable_complete,405,0.8003952569169961
650,abstention,usable_complete_limited_metadata,15,0.029644268774703556
650,abstention,usable_partial,47,0.09288537549407115
650,abstention,usable_partial_limited_metadata,4,0.007905138339920948
650,voter,no_determinants,68,0.13765182186234817
650,voter,suspicious_determinants,2,0.004048582995951417
650,voter,too_many_missing_determinants,15,0.030364372469635626
650,voter,usable_complete,288,0.582995951417004
650,voter,usable_complete_limited_metadata,9,0.018218623481781375
650,voter,usable_partial,112,0.22672064777327935
651,abstention,no_determinants,35,0.0691699604743083
651,abstention,suspicious_determinants,4,0.007905138339920948
651,abstention,too_many_missing_determinants,4,0.007905138339920948
651,abstention,usable_complete,396,0.782608695652174
651,abstention,usable_complete_limited_metadata,17,0.03359683794466403
651,abstention,usable_partial,49,0.09683794466403162
651,abstention,usable_partial_limited_metadata,1,0.001976284584980237
651,voter,no_determinants,77,0.15587044534412955
651,voter,suspicious_determinants,5,0.010121457489878543
651,voter,too_many_missing_determinants,28,0.05668016194331984
651,voter,usable_complete,274,0.5546558704453441
651,voter,usable_complete_limited_metadata,7,0.01417004048582996
651,voter,usable_partial,103,0.20850202429149797
652,abstention,no_determinants,24,0.04743083003952569
652,abstention,suspicious_determinants,2,0.003952569169960474
652,abstention,too_many_missing_determinants,5,0.009881422924901186
652,abstention,usable_complete,413,0.8162055335968379
652,abstention,usable_complete_limited_metadata,18,0.03557312252964427
652,abstention,usable_partial,44,0.08695652173913043
652,voter,no_determinants,67,0.13562753036437247
652,voter,suspicious_determinants,4,0.008097165991902834
652,voter,too_many_missing_determinants,9,0.018218623481781375
652,voter,usable_complete,296,0.5991902834008097
652,voter,usable_complete_limited_metadata,8,0.016194331983805668
652,voter,usable_partial,109,0.22064777327935223
652,voter,usable_partial_limited_metadata,1,0.0020242914979757085
653,abstention,no_determinants,29,0.05731225296442688
653,abstention,suspicious_determinants,1,0.001976284584980237
653,abstention,too_many_missing_determinants,1,0.001976284584980237
653,abstention,usable_complete,404,0.7984189723320159
653,abstention,usable_complete_limited_metadata,21,0.041501976284584984
653,abstention,usable_partial,49,0.09683794466403162
653,abstention,usable_partial_limited_metadata,1,0.001976284584980237
653,voter,no_determinants,55,0.11133603238866396
653,voter,suspicious_determinants,2,0.004048582995951417
653,voter,too_many_missing_determinants,18,0.03643724696356275
653,voter,usable_complete,294,0.5951417004048583
653,voter,usable_complete_limited_metadata,10,0.020242914979757085
653,voter,usable_partial,115,0.23279352226720648
654,abstention,no_determinants,34,0.06719367588932806
654,abstention,too_many_missing_determinants,4,0.007905138339920948
654,abstention,usable_complete,397,0.7845849802371542
654,abstention,usable_complete_limited_metadata,21,0.041501976284584984
654,abstention,usable_partial,46,0.09090909090909091
654,abstention,usable_partial_limited_metadata,4,0.007905138339920948
654,voter,no_determinants,67,0.13562753036437247
654,voter,suspicious_determinants,1,0.0020242914979757085
654,voter,too_many_missing_determinants,10,0.020242914979757085
654,voter,usable_complete,287,0.5809716599190283
654,voter,usable_complete_limited_metadata,9,0.018218623481781375
654,voter,usable_partial,119,0.2408906882591093
654,voter,usable_partial_limited_metadata,1,0.0020242914979757085
655,abstention,no_determinants,25,0.04940711462450593
655,abstention,suspicious_determinants,2,0.003952569169960474
655,abstention,too_many_missing_determinants,8,0.015810276679841896
655,abstention,usable_complete,387,0.7648221343873518
655,abstention,usable_complete_limited_metadata,25,0.04940711462450593
655,abstention,usable_partial,57,0.11264822134387352
655,abstention,usable_partial_limited_metadata,2,0.003952569169960474
655,voter,no_determinants,77,0.15587044534412955
655,voter,suspicious_determinants,3,0.006072874493927126
655,voter,too_many_missing_determinants,16,0.032388663967611336
655,voter,usable_complete,285,0.5769230769230769
655,voter,usable_complete_limited_metadata,7,0.01417004048582996
655,voter,usable_partial,106,0.2145748987854251
656,abstention,no_determinants,32,0.06324110671936758
656,abstention,suspicious_determinants,1,0.001976284584980237
656,abstention,too_many_missing_determinants,1,0.001976284584980237
656,abstention,usable_complete,405,0.8003952569169961
656,abstention,usable_complete_limited_metadata,15,0.029644268774703556
656,abstention,usable_partial,50,0.09881422924901186
656,abstention,usable_partial_limited_metadata,2,0.003952569169960474
656,voter,no_determinants,75,0.15182186234817813
656,voter,suspicious_determinants,3,0.006072874493927126
656,voter,too_many_missing_determinants,14,0.02834008097165992
656,voter,usable_complete,288,0.582995951417004
656,voter,usable_complete_limited_metadata,8,0.016194331983805668
656,voter,usable_partial,106,0.2145748987854251
657,abstention,no_determinants,30,0.05928853754940711
657,abstention,suspicious_determinants,2,0.003952569169960474
657,abstention,too_many_missing_determinants,8,0.015810276679841896
657,abstention,usable_complete,387,0.7648221343873518
657,abstention,usable_complete_limited_metadata,16,0.03162055335968379
657,abstention,usable_partial,57,0.11264822134387352
657,abstention,usable_partial_limited_metadata,6,0.011857707509881422
657,voter,no_determinants,59,0.1194331983805668
657,voter,suspicious_determinants,1,0.0020242914979757085
657,voter,too_many_missing_determinants,14,0.02834008097165992
657,voter,usable_complete,299,0.6052631578947368
657,voter,usable_complete_limited_metadata,14,0.02834008097165992
657,voter,usable_partial,107,0.2165991902834008
658,abstention,no_determinants,24,0.04743083003952569
658,abstention,suspicious_determinants,2,0.003952569169960474
658,abstention,too_many_missing_determinants,5,0.009881422924901186
658,abstention,usable_complete,409,0.808300395256917
658,abstention,usable_complete_limited_metadata,13,0.025691699604743084
658,abstention,usable_partial,49,0.09683794466403162
658,abstention,usable_partial_limited_metadata,4,0.007905138339920948
658,voter,no_determinants,71,0.1437246963562753
658,voter,suspicious_determinants,6,0.012145748987854251
658,voter,too_many_missing_determinants,18,0.03643724696356275
658,voter,usable_complete,279,0.5647773279352226
658,voter,usable_complete_limited_metadata,8,0.016194331983805668
658,voter,usable_partial,112,0.22672064777327935
659,abstention,no_determinants,34,0.06719367588932806
659,abstention,suspicious_determinants,2,0.003952569169960474
659,abstention,too_many_missing_determinants,4,0.007905138339920948
659,abstention,usable_complete,396,0.782608695652174
659,abstention,usable_complete_limited_metadata,23,0.045454545454545456
659,abstention,usable_partial,45,0.08893280632411067
659,abstention,usable_partial_limited_metadata,2,0.003952569169960474
659,voter,no_determinants,66,0.13360323886639677
659,voter,suspicious_determinants,3,0.006072874493927126
659,voter,too_many_missing_determinants,17,0.03441295546558704
659,voter,usable_complete,287,0.5809716599190283
659,voter,usable_complete_limited_metadata,8,0.016194331983805668
659,voter,usable_partial,112,0.22672064777327935
659,voter,usable_partial_limited_metadata,1,0.0020242914979757085
660,abstention,no_determinants,24,0.04743083003952569
660,abstention,suspicious_determinants,1,0.001976284584980237
660,abstention,too_many_missing_determinants,3,0.005928853754940711
660,abstention,usable_complete,407,0.8043478260869565
660,abstention,usable_complete_limited_metadata,27,0.0533596837944664
660,abstention,usable_partial,42,0.08300395256916997
660,abstention,usable_partial_limited_metadata,2,0.003952569169960474
660,voter,no_determinants,69,0.1396761133603239
660,voter,suspicious_determinants,1,0.0020242914979757085
660,voter,too_many_missing_determinants,12,0.024291497975708502
660,voter,usable_complete,310,0.6275303643724697
660,voter,usable_complete_limited_metadata,7,0.01417004048582996
660,voter,usable_partial,95,0.19230769230769232
661,abstention,no_determinants,32,0.06324110671936758
661,abstention,suspicious_determinants,1,0.001976284584980237
661,abstention,too_many_missing_determinants,6,0.011857707509881422
661,abstention,usable_complete,386,0.7628458498023716
661,abstention,usable_complete_limited_metadata,27,0.0533596837944664
661,abstention,usable_partial,53,0.10474308300395258
661,abstention,usable_partial_limited_metadata,1,0.001976284584980237
661,voter,no_determinants,71,0.1437246963562753
661,voter,suspicious_determinants,3,0.006072874493927126
661,voter,too_many_missing_determinants,23,0.0465587044534413
661,voter,usable_complete,282,0.5708502024291497
661,voter,usable_complete_limited_metadata,5,0.010121457489878543
661,voter,usable_partial,110,0.22267206477732793
662,abstention,no_determinants,37,0.07312252964426877
662,abstention,suspicious_determinants,2,0.003952569169960474
662,abstention,too_many_missing_determinants,9,0.017786561264822136
662,abstention,usable_complete,392,0.7747035573122529
662,abstention,usable_complete_limited_metadata,18,0.03557312252964427
662,abstention,usable_partial,48,0.09486166007905138
662,voter,no_determinants,72,0.145748987854251
662,voter,suspicious_determinants,4,0.008097165991902834
662,voter,too_many_missing_determinants,17,0.03441295546558704
662,voter,usable_complete,288,0.582995951417004
662,voter,usable_complete_limited_metadata,4,0.008097165991902834
662,voter,usable_partial,109,0.22064777327935223
663,abstention,no_determinants,40,0.07905138339920949
663,abstention,too_many_missing_determinants,4,0.007905138339920948
663,abstention,usable_complete,403,0.7964426877470355
663,abstention,usable_complete_limited_metadata,13,0.025691699604743084
663,abstention,usable_partial,43,0.08498023715415019
663,abstention,usable_partial_limited_metadata,3,0.005928853754940711
663,voter,no_determinants,70,0.1417004048582996
663,voter,suspicious_determinants,1,0.0020242914979757085
663,voter,too_many_missing_determinants,21,0.04251012145748988
663,voter,usable_complete,289,0.5850202429149798
663,voter,usable_complete_limited_metadata,6,0.012145748987854251
663,voter,usable_partial,107,0.2165991902834008
664,abstention,no_determinants,31,0.06126482213438735
664,abstention,suspicious_determinants,1,0.001976284584980237
664,abstention,too_many_missing_determinants,7,0.01383399209486166
664,abstention,usable_complete,398,0.7865612648221344
664,abstention,usable_complete_limited_metadata,20,0.039525691699604744
664,abstention,usable_partial,47,0.09288537549407115
664,abstention,usable_partial_limited_metadata,2,0.003952569169960474
664,voter,no_determinants,69,0.1396761133603239
664,voter,suspicious_determinants,4,0.008097165991902834
664,voter,too_many_missing_determinants,17,0.03441295546558704
664,voter,usable_complete,291,0.5890688259109311
664,voter,usable_complete_limited_metadata,10,0.020242914979757085
664,voter,usable_partial,103,0.20850202429149797
665,abstention,no_determinants,25,0.04940711462450593
665,abstention,too_many_missing_determinants,9,0.017786561264822136
665,abstention,usable_complete,403,0.7964426877470355
665,abstention,usable_complete_limited_metadata,21,0.041501976284584984
665,abstention,usable_partial,46,0.09090909090909091
665,abstention,usable_partial_limited_metadata,2,0.003952569169960474
665,voter,no_determinants,73,0.14777327935222673
665,voter,suspicious_determinants,8,0.016194331983805668
665,voter,too_many_missing_determinants,12,0.024291497975708502
665,voter,usable_complete,279,0.5647773279352226
665,voter,usable_complete_limited_metadata,12,0.024291497975708502
665,voter,usable_partial,110,0.22267206477732793
666,abstention,no_determinants,32,0.06324110671936758
666,abstention,suspicious_determinants,3,0.005928853754940711
666,abstention,too_many_missing_determinants,3,0.005928853754940711
666,abstention,usable_complete,401,0.7924901185770751
666,abstention,usable_complete_limited_metadata,15,0.029644268774703556
666,abstention,usable_partial,46,0.09090909090909091
666,abstention,usable_partial_limited_metadata,6,0.011857707509881422
666,voter,no_determinants,63,0.12753036437246965
666,voter,too_many_missing_determinants,10,0.020242914979757085
666,voter,usable_complete,314,0.6356275303643725
666,voter,usable_complete_limited_metadata,3,0.006072874493927126
666,voter,usable_partial,103,0.20850202429149797
666,voter,usable_partial_limited_metadata,1,0.0020242914979757085
667,abstention,no_determinants,28,0.05533596837944664
667,abstention,suspicious_determinants,2,0.003952569169960474
667,abstention,too_many_missing_determinants,4,0.007905138339920948
667,abstention,usable_complete,404,0.7984189723320159
667,abstention,usable_complete_limited_metadata,16,0.03162055335968379
667,abstention,usable_partial,49,0.09683794466403162
667,abstention,usable_partial_limited_metadata,3,0.005928853754940711
667,voter,no_determinants,75,0.15182186234817813
667,voter,suspicious_determinants,3,0.006072874493927126
667,voter,too_many_missing_determinants,22,0.044534412955465584
667,voter,usable_complete,287,0.5809716599190283
667,voter,usable_complete_limited_metadata,9,0.018218623481781375
667,voter,usable_partial,98,0.19838056680161945
668,abstention,no_determinants,25,0.04940711462450593
668,abstention,too_many_missing_determinants,4,0.007905138339920948
668,abstention,usable_complete,394,0.7786561264822134
668,abstention,usable_complete_limited_metadata,19,0.037549407114624504
668,abstention,usable_partial,61,0.12055335968379446
668,abstention,usable_partial_limited_metadata,3,0.005928853754940711
668,voter,no_determinants,65,0.13157894736842105
668,voter,suspicious_determinants,4,0.008097165991902834
668,voter,too_many_missing_determinants,15,0.030364372469635626
668,voter,usable_complete,288,0.582995951417004
668,voter,usable_complete_limited_metadata,11,0.022267206477732792
668,voter,usable_partial,111,0.22469635627530365
669,abstention,no_determinants,27,0.0533596837944664
669,abstention,suspicious_determinants,1,0.001976284584980237
669,abstention,too_many_missing_determinants,6,0.011857707509881422
669,abstention,usable_complete,405,0.8003952569169961
669,abstention,usable_complete_limited_metadata,15,0.029644268774703556
669,abstention,usable_partial,47,0.09288537549407115
669,abstention,usable_partial_limited_metadata,5,0.009881422924901186
669,voter,no_determinants,71,0.1437246963562753
669,voter,suspicious_determinants,4,0.008097165991902834
669,voter,too_many_missing_determinants,20,0.04048582995951417
669,voter,usable_complete,279,0.5647773279352226
669,voter,usable_complete_limited_metadata,10,0.020242914979757085
669,voter,usable_partial,110,0.22267206477732793
670,abstention,no_determinants,31,0.06126482213438735
670,abstention,too_many_missing_determinants,6,0.011857707509881422
670,abstention,usable_complete,405,0.8003952569169961
670,abstention,usable_complete_limited_metadata,17,0.03359683794466403
670,abstention,usable_partial,47,0.09288537549407115
670,voter,no_determinants,73,0.14777327935222673
670,voter,suspicious_determinants,4,0.008097165991902834
670,voter,too_many_missing_determinants,18,0.03643724696356275
670,voter,usable_complete,288,0.582995951417004
670,voter,usable_complete_limited_metadata,14,0.02834008097165992
670,voter,usable_partial,97,0.19635627530364372
671,abstention,no_determinants,34,0.06719367588932806
671,abstention,suspicious_determinants,2,0.003952569169960474
671,abstention,too_many_missing_determinants,4,0.007905138339920948
671,abstention,usable_complete,387,0.7648221343873518
671,abstention,usable_complete_limited_metadata,22,0.043478260869565216
671,abstention,usable_partial,53,0.10474308300395258
671,abstention,usable_partial_limited_metadata,4,0.007905138339920948
671,voter,no_determinants,80,0.16194331983805668
671,voter,suspicious_determinants,7,0.01417004048582996
671,voter,too_many_missing_determinants,12,0.024291497975708502
671,voter,usable_complete,283,0.5728744939271255
671,voter,usable_complete_limited_metadata,9,0.018218623481781375
671,voter,usable_partial,103,0.20850202429149797
672,abstention,no_determinants,31,0.06126482213438735
672,abstention,too_many_missing_determinants,5,0.009881422924901186
672,abstention,usable_complete,405,0.8003952569169961
672,abstention,usable_complete_limited_metadata,20,0.039525691699604744
672,abstention,usable_partial,43,0.08498023715415019
672,abstention,usable_partial_limited_metadata,2,0.003952569169960474
672,voter,no_determinants,79,0.15991902834008098
672,voter,suspicious_determinants,1,0.0020242914979757085
672,voter,too_many_missing_determinants,15,0.030364372469635626
672,voter,usable_complete,294,0.5951417004048583
672,voter,usable_complete_limited_metadata,7,0.01417004048582996
672,voter,usable_partial,98,0.19838056680161945
673,abstention,no_determinants,35,0.0691699604743083
673,abstention,too_many_missing_determinants,6,0.011857707509881422
673,abstention,usable_complete,389,0.7687747035573123
673,abstention,usable_complete_limited_metadata,13,0.025691699604743084
673,abstention,usable_partial,59,0.116600790513834
673,abstention,usable_partial_limited_metadata,4,0.007905138339920948
673,voter,no_determinants,64,0.12955465587044535
673,voter,suspicious_determinants,3,0.006072874493927126
673,voter,too_many_missing_determinants,18,0.03643724696356275
673,voter,usable_complete,305,0.6174089068825911
673,voter,usable_complete_limited_metadata,7,0.01417004048582996
673,voter,usable_partial,97,0.19635627530364372
674,abstention,no_determinants,27,0.0533596837944664
674,abstention,suspicious_determinants,2,0.003952569169960474
674,abstention,too_many_missing_determinants,5,0.009881422924901186
674,abstention,usable_complete,402,0.7944664031620553
674,abstention,usable_complete_limited_metadata,21,0.041501976284584984
674,abstention,usable_partial,48,0.09486166007905138
674,abstention,usable_partial_limited_metadata,1,0.001976284584980237
674,voter,no_determinants,66,0.13360323886639677
674,voter,suspicious_determinants,2,0.004048582995951417
674,voter,too_many_missing_determinants,20,0.04048582995951417
674,voter,usable_complete,304,0.6153846153846154
674,voter,usable_complete_limited_metadata,6,0.012145748987854251
674,voter,usable_partial,95,0.19230769230769232
674,voter,usable_partial_limited_metadata,1,0.0020242914979757085
675,abstention,no_determinants,21,0.041501976284584984
675,abstention,too_many_missing_determinants,5,0.009881422924901186
675,abstention,usable_complete,406,0.8023715415019763
675,abstention,usable_complete_limited_metadata,23,0.045454545454545456
675,abstention,usable_partial,49,0.09683794466403162
675,abstention,usable_partial_limited_metadata,2,0.003952569169960474
675,voter,no_determinants,57,0.11538461538461539
675,voter,suspicious_determinants,2,0.004048582995951417
675,voter,too_many_missing_determinants,17,0.03441295546558704
675,voter,usable_complete,288,0.582995951417004
675,voter,usable_complete_limited_metadata,11,0.022267206477732792
675,voter,usable_partial,119,0.2408906882591093
676,abstention,no_determinants,24,0.04743083003952569
676,abstention,suspicious_determinants,1,0.001976284584980237
676,abstention,too_many_missing_determinants,9,0.017786561264822136
676,abstention,usable_complete,411,0.8122529644268774
676,abstention,usable_complete_limited_metadata,16,0.03162055335968379
676,abstention,usable_partial,42,0.08300395256916997
676,abstention,usable_partial_limited_metadata,3,0.005928853754940711
676,voter,no_determinants,57,0.11538461538461539
676,voter,suspicious_determinants,1,0.0020242914979757085
676,voter,too_many_missing_determinants,15,0.030364372469635626
676,voter,usable_complete,308,0.6234817813765182
676,voter,usable_complete_limited_metadata,13,0.02631578947368421
676,voter,usable_partial,100,0.20242914979757085
677,abstention,no_determinants,24,0.04743083003952569
677,abstention,suspicious_determinants,1,0.001976284584980237
677,abstention,too_many_missing_determinants,4,0.007905138339920948
677,abstention,usable_complete,405,0.8003952569169961
677,abstention,usable_complete_limited_metadata,18,0.03557312252964427
677,abstention,usable_partial,52,0.10276679841897234
677,abstention,usable_partial_limited_metadata,2,0.003952569169960474
677,voter,no_determinants,70,0.1417004048582996
677,voter,suspicious_determinants,5,0.010121457489878543
677,voter,too_many_missing_determinants,9,0.018218623481781375
677,voter,usable_complete,293,0.5931174089068826
677,voter,usable_complete_limited_metadata,8,0.016194331983805668
677,voter,usable_partial,109,0.22064777327935223
678,abstention,no_determinants,26,0.05138339920948617
678,abstention,suspicious_determinants,2,0.003952569169960474
678,abstention,too_many_missing_determinants,9,0.017786561264822136
678,abstention,usable_complete,391,0.7727272727272727
678,abstention,usable_complete_limited_metadata,30,0.05928853754940711
678,abstention,usable_partial,46,0.09090909090909091
678,abstention,usable_partial_limited_metadata,2,0.003952569169960474
678,voter,no_determinants,71,0.1437246963562753
678,voter,suspicious_determinants,4,0.008097165991902834
678,voter,too_many_missing_determinants,20,0.04048582995951417
678,voter,usable_complete,273,0.5526315789473685
678,voter,usable_complete_limited_metadata,10,0.020242914979757085
678,voter,usable_partial,116,0.23481781376518218
679,abstention,no_determinants,32,0.06324110671936758
679,abstention,suspicious_determinants,2,0.003952569169960474
679,abstention,too_many_missing_determinants,6,0.011857707509881422
679,abstention,usable_complete,392,0.7747035573122529
679,abstention,usable_complete_limited_metadata,19,0.037549407114624504
679,abstention,usable_partial,52,0.10276679841897234
679,abstention,usable_partial_limited_metadata,3,0.005928853754940711
679,voter,no_determinants,64,0.12955465587044535
679,voter,suspicious_determinants,5,0.010121457489878543
679,voter,too_many_missing_determinants,11,0.022267206477732792
679,voter,usable_complete,294,0.5951417004048583
679,voter,usable_complete_limited_metadata,15,0.030364372469635626
679,voter,usable_partial,105,0.2125506072874494
680,abstention,no_determinants,30,0.05928853754940711
680,abstention,too_many_missing_determinants,4,0.007905138339920948
680,abstention,usable_complete,389,0.7687747035573123
680,abstention,usable_complete_limited_metadata,24,0.04743083003952569
680,abstention,usable_partial,57,0.11264822134387352
680,abstention,usable_partial_limited_metadata,2,0.003952569169960474
680,voter,no_determinants,74,0.14979757085020243
680,voter,suspicious_determinants,2,0.004048582995951417
680,voter,too_many_missing_determinants,14,0.02834008097165992
680,voter,usable_complete,280,0.5668016194331984
680,voter,usable_complete_limited_metadata,13,0.02631578947368421
680,voter,usable_partial,110,0.22267206477732793
680,voter,usable_partial_limited_metadata,1,0.0020242914979757085
681,abstention,no_determinants,37,0.07312252964426877
681,abstention,too_many_missing_determinants,3,0.005928853754940711
681,abstention,usable_complete,399,0.7885375494071146
681,abstention,usable_complete_limited_metadata,17,0.03359683794466403
681,abstention,usable_partial,47,0.09288537549407115
681,abstention,usable_partial_limited_metadata,3,0.005928853754940711
681,voter,no_determinants,76,0.15384615384615385
681,voter,suspicious_determinants,1,0.0020242914979757085
681,voter,too_many_missing_determinants,23,0.0465587044534413
681,voter,usable_complete,273,0.5526315789473685
681,voter,usable_complete_limited_metadata,6,0.012145748987854251
681,voter,usable_partial,115,0.23279352226720648
682,abstention,no_determinants,23,0.045454545454545456
682,abstention,too_many_missing_determinants,4,0.007905138339920948
682,abstention,usable_complete,418,0.8260869565217391
682,abstention,usable_complete_limited_metadata,24,0.04743083003952569
682,abstention,usable_partial,34,0.06719367588932806
682,abstention,usable_partial_limited_metadata,3,0.005928853754940711
682,voter,no_determinants,75,0.15182186234817813
682,voter,suspicious_determinants,4,0.008097165991902834
682,voter,too_many_missing_determinants,22,0.044534412955465584
682,voter,usable_complete,280,0.5668016194331984
682,voter,usable_complete_limited_metadata,12,0.024291497975708502
682,voter,usable_partial,101,0.20445344129554655
683,abstention,no_determinants,37,0.07312252964426877
683,abstention,suspicious_determinants,1,0.001976284584980237
683,abstention,too_many_missing_determinants,7,0.01383399209486166
683,abstention,usable_complete,378,0.7470355731225297
683,abstention,usable_complete_limited_metadata,20,0.039525691699604744
683,abstention,usable_partial,60,0.11857707509881422
683,abstention,usable_partial_limited_metadata,3,0.005928853754940711
683,voter,no_determinants,83,0.1680161943319838
683,voter,suspicious_determinants,3,0.006072874493927126
683,voter,too_many_missing_determinants,13,0.02631578947368421
683,voter,usable_complete,268,0.5425101214574899
683,voter,usable_complete_limited_metadata,6,0.012145748987854251
683,voter,usable_partial,121,0.24493927125506074
684,abstention,no_determinants,36,0.07114624505928854
684,abstention,suspicious_determinants,2,0.003952569169960474
684,abstention,too_many_missing_determinants,3,0.005928853754940711
684,abstention,usable_complete,400,0.7905138339920948
684,abstention,usable_complete_limited_metadata,15,0.029644268774703556
684,abstention,usable_partial,47,0.09288537549407115
684,abstention,usable_partial_limited_metadata,3,0.005928853754940711
684,voter,no_determinants,67,0.13562753036437247
684,voter,suspicious_determinants,2,0.004048582995951417
684,voter,too_many_missing_determinants,16,0.032388663967611336
684,voter,usable_complete,276,0.5587044534412956
684,voter,usable_complete_limited_metadata,8,0.016194331983805668
684,voter,usable_partial,125,0.25303643724696356
685,abstention,no_determinants,30,0.05928853754940711
685,abstention,suspicious_determinants,1,0.001976284584980237
685,abstention,too_many_missing_determinants,10,0.019762845849802372
685,abstention,usable_complete,395,0.7806324110671937
685,abstention,usable_complete_limited_metadata,17,0.03359683794466403
685,abstention,usable_partial,51,0.1007905138339921
685,abstention,usable_partial_limited_metadata,2,0.003952569169960474
685,voter,no_determinants,66,0.13360323886639677
685,voter,suspicious_determinants,2,0.004048582995951417
685,voter,too_many_missing_determinants,16,0.032388663967611336
685,voter,usable_complete,279,0.5647773279352226
685,voter,usable_complete_limited_metadata,9,0.018218623481781375
685,voter,usable_partial,122,0.24696356275303644
686,abstention,no_determinants,33,0.06521739130434782
686,abstention,suspicious_determinants,1,0.001976284584980237
686,abstention,too_many_missing_determinants,2,0.003952569169960474
686,abstention,usable_complete,401,0.7924901185770751
686,abstention,usable_complete_limited_metadata,16,0.03162055335968379
686,abstention,usable_partial,52,0.10276679841897234
686,abstention,usable_partial_limited_metadata,1,0.001976284584980237
686,voter,no_determinants,72,0.145748987854251
686,voter,suspicious_determinants,1,0.0020242914979757085
686,voter,too_many_missing_determinants,11,0.022267206477732792
686,voter,usable_complete,301,0.6093117408906883
686,voter,usable_complete_limited_metadata,8,0.016194331983805668
686,voter,usable_partial,101,0.20445344129554655
687,abstention,no_determinants,32,0.06324110671936758
687,abstention,suspicious_determinants,2,0.003952569169960474
687,abstention,too_many_missing_determinants,2,0.003952569169960474
687,abstention,usable_complete,404,0.7984189723320159
687,abstention,usable_complete_limited_metadata,15,0.029644268774703556
687,abstention,usable_partial,50,0.09881422924901186
687,abstention,usable_partial_limited_metadata,1,0.001976284584980237
687,voter,no_determinants,64,0.12955465587044535
687,voter,suspicious_determinants,4,0.008097165991902834
687,voter,too_many_missing_determinants,23,0.0465587044534413
687,voter,usable_complete,285,0.5769230769230769
687,voter,usable_complete_limited_metadata,18,0.03643724696356275
687,voter,usable_partial,100,0.20242914979757085
688,abstention,no_determinants,33,0.06521739130434782
688,abstention,suspicious_determinants,2,0.003952569169960474
688,abstention,too_many_missing_determinants,3,0.005928853754940711
688,abstention,usable_complete,406,0.8023715415019763
688,abstention,usable_complete_limited_metadata,14,0.02766798418972332
688,abstention,usable_partial,46,0.09090909090909091
688,abstention,usable_partial_limited_metadata,2,0.003952569169960474
688,voter,no_determinants,68,0.13765182186234817
688,voter,suspicious_determinants,1,0.0020242914979757085
688,voter,too_many_missing_determinants,11,0.022267206477732792
688,voter,usable_complete,283,0.5728744939271255
688,voter,usable_complete_limited_metadata,6,0.012145748987854251
688,voter,usable_partial,124,0.25101214574898784
688,voter,usable_partial_limited_metadata,1,0.0020242914979757085
689,abstention,no_determinants,28,0.05533596837944664
689,abstention,suspicious_determinants,1,0.001976284584980237
689,abstention,too_many_missing_determinants,2,0.003952569169960474
689,abstention,usable_complete,407,0.8043478260869565
689,abstention,usable_complete_limited_metadata,12,0.023715415019762844
689,abstention,usable_partial,53,0.10474308300395258
689,abstention,usable_partial_limited_metadata,3,0.005928853754940711
689,voter,no_determinants,62,0.12550607287449392
689,voter,suspicious_determinants,2,0.004048582995951417
689,voter,too_many_missing_determinants,13,0.02631578947368421
689,voter,usable_complete,296,0.5991902834008097
689,voter,usable_complete_limited_metadata,5,0.010121457489878543
689,voter,usable_partial,116,0.23481781376518218
690,abstention,no_determinants,37,0.07312252964426877
690,abstention,too_many_missing_determinants,2,0.003952569169960474
690,abstention,usable_complete,388,0.766798418972332
690,abstention,usable_complete_limited_metadata,26,0.05138339920948617
690,abstention,usable_partial,48,0.09486166007905138
690,abstention,usable_partial_limited_metadata,5,0.009881422924901186
690,voter,no_determinants,72,0.145748987854251
690,voter,suspicious_determinants,2,0.004048582995951417
690,voter,too_many_missing_determinants,18,0.03643724696356275
690,voter,usable_complete,294,0.5951417004048583
690,voter,usable_complete_limited_metadata,9,0.018218623481781375
690,voter,usable_partial,98,0.19838056680161945
690,voter,usable_partial_limited_metadata,1,0.0020242914979757085
691,abstention,no_determinants,31,0.06126482213438735
691,abstention,too_many_missing_determinants,4,0.007905138339920948
691,abstention,usable_complete,400,0.7905138339920948
691,abstention,usable_complete_limited_metadata,31,0.06126482213438735
691,abstention,usable_partial,39,0.07707509881422925
691,abstention,usable_partial_limited_metadata,1,0.001976284584980237
691,voter,no_determinants,59,0.1194331983805668
691,voter,too_many_missing_determinants,14,0.02834008097165992
691,voter,usable_complete,287,0.5809716599190283
691,voter,usable_complete_limited_metadata,7,0.01417004048582996
691,voter,usable_partial,127,0.25708502024291496
692,abstention,no_determinants,35,0.0691699604743083
692,abstention,too_many_missing_determinants,7,0.01383399209486166
692,abstention,usable_complete,396,0.782608695652174
692,abstention,usable_complete_limited_metadata,20,0.039525691699604744
692,abstention,usable_partial,45,0.08893280632411067
692,abstention,usable_partial_limited_metadata,3,0.005928853754940711
692,voter,no_determinants,71,0.1437246963562753
692,voter,suspicious_determinants,4,0.008097165991902834
692,voter,too_many_missing_determinants,17,0.03441295546558704
692,voter,usable_complete,305,0.6174089068825911
692,voter,usable_complete_limited_metadata,8,0.016194331983805668
692,voter,usable_partial,89,0.18016194331983806
693,abstention,no_determinants,27,0.0533596837944664
693,abstention,suspicious_determinants,1,0.001976284584980237
693,abstention,too_many_missing_determinants,2,0.003952569169960474
693,abstention,usable_complete,413,0.8162055335968379
693,abstention,usable_complete_limited_metadata,20,0.039525691699604744
693,abstention,usable_partial,42,0.08300395256916997
693,abstention,usable_partial_limited_metadata,1,0.001976284584980237
693,voter,no_determinants,58,0.11740890688259109
693,voter,suspicious_determinants,3,0.006072874493927126
693,voter,too_many_missing_determinants,12,0.024291497975708502
693,voter,usable_complete,297,0.6012145748987854
693,voter,usable_complete_limited_metadata,13,0.02631578947368421
693,voter,usable_partial,110,0.22267206477732793
693,voter,usable_partial_limited_metadata,1,0.0020242914979757085
694,abstention,no_determinants,36,0.07114624505928854
694,abstention,too_many_missing_determinants,8,0.015810276679841896
694,abstention,usable_complete,400,0.7905138339920948
694,abstention,usable_complete_limited_metadata,15,0.029644268774703556
694,abstention,usable_partial,45,0.08893280632411067
694,abstention,usable_partial_limited_metadata,2,0.003952569169960474
694,voter,no_determinants,63,0.12753036437246965
694,voter,suspicious_determinants,2,0.004048582995951417
694,voter,too_many_missing_determinants,14,0.02834008097165992
694,voter,usable_complete,309,0.6255060728744939
694,voter,usable_complete_limited_metadata,7,0.01417004048582996
694,voter,usable_partial,99,0.20040485829959515
695,abstention,no_determinants,33,0.06521739130434782
695,abstention,suspicious_determinants,1,0.001976284584980237
695,abstention,too_many_missing_determinants,4,0.007905138339920948
695,abstention,usable_complete,394,0.7786561264822134
695,abstention,usable_complete_limited_metadata,29,0.05731225296442688
695,abstention,usable_partial,42,0.08300395256916997
695,abstention,usable_partial_limited_metadata,3,0.005928853754940711
695,voter,no_determinants,74,0.14979757085020243
695,voter,suspicious_determinants,1,0.0020242914979757085
695,voter,too_many_missing_determinants,22,0.044534412955465584
695,voter,usable_complete,273,0.5526315789473685
695,voter,usable_complete_limited_metadata,12,0.024291497975708502
695,voter,usable_partial,112,0.22672064777327935
696,abstention,no_determinants,25,0.04940711462450593
696,abstention,too_many_missing_determinants,5,0.009881422924901186
696,abstention,usable_complete,407,0.8043478260869565
696,abstention,usable_complete_limited_metadata,15,0.029644268774703556
696,abstention,usable_partial,53,0.10474308300395258
696,abstention,usable_partial_limited_metadata,1,0.001976284584980237
696,voter,no_determinants,69,0.1396761133603239
696,voter,suspicious_determinants,7,0.01417004048582996
696,voter,too_many_missing_determinants,28,0.05668016194331984
696,voter,usable_complete,266,0.5384615384615384
696,voter,usable_complete_limited_metadata,12,0.024291497975708502
696,voter,usable_partial,112,0.22672064777327935
697,abstention,no_determinants,37,0.07312252964426877
697,abstention,suspicious_determinants,2,0.003952569169960474
697,abstention,too_many_missing_determinants,1,0.001976284584980237
697,abstention,usable_complete,399,0.7885375494071146
697,abstention,usable_complete_limited_metadata,17,0.03359683794466403
697,abstention,usable_partial,49,0.09683794466403162
697,abstention,usable_partial_limited_metadata,1,0.001976284584980237
697,voter,no_determinants,89,0.18016194331983806
697,voter,suspicious_determinants,2,0.004048582995951417
697,voter,too_many_missing_determinants,13,0.02631578947368421
697,voter,usable_complete,276,0.5587044534412956
697,voter,usable_complete_limited_metadata,11,0.022267206477732792
697,voter,usable_partial,103,0.20850202429149797
698,abstention,no_determinants,33,0.06521739130434782
698,abstention,too_many_missing_determinants,3,0.005928853754940711
698,abstention,usable_complete,387,0.7648221343873518
698,abstention,usable_complete_limited_metadata,23,0.045454545454545456
698,abstention,usable_partial,59,0.116600790513834
698,abstention,usable_partial_limited_metadata,1,0.001976284584980237
698,voter,no_determinants,70,0.1417004048582996
698,voter,suspicious_determinants,2,0.004048582995951417
698,voter,too_many_missing_determinants,20,0.04048582995951417
698,voter,usable_complete,274,0.5546558704453441
698,voter,usable_complete_limited_metadata,12,0.024291497975708502
698,voter,usable_partial,116,0.23481781376518218
699,abstention,no_determinants,31,0.06126482213438735
699,abstention,too_many_missing_determinants,4,0.007905138339920948
699,abstention,usable_complete,401,0.7924901185770751
699,abstention,usable_complete_limited_metadata,18,0.03557312252964427
699,abstention,usable_partial,51,0.1007905138339921
699,abstention,usable_partial_limited_metadata,1,0.001976284584980237
699,voter,no_determinants,65,0.13157894736842105
699,voter,suspicious_determinants,3,0.006072874493927126
699,voter,too_many_missing_determinants,19,0.038461538461538464
699,voter,usable_complete,290,0.5870445344129555
699,voter,usable_complete_limited_metadata,6,0.012145748987854251
699,voter,usable_partial,111,0.22469635627530365
700,abstention,no_determinants,23,0.045454545454545456
700,abstention,too_many_missing_determinants,4,0.007905138339920948
700,abstention,usable_complete,415,0.8201581027667985
700,abstention,usable_complete_limited_metadata,20,0.039525691699604744
700,abstention,usable_partial,42,0.08300395256916997
700,abstention,usable_partial_limited_metadata,2,0.003952569169960474
700,voter,no_determinants,74,0.14979757085020243
700,voter,suspicious_determinants,1,0.0020242914979757085
700,voter,too_many_missing_determinants,10,0.020242914979757085
700,voter,usable_complete,275,0.5566801619433198
700,voter,usable_complete_limited_metadata,10,0.020242914979757085
700,voter,usable_partial,124,0.25101214574898784
701,abstention,no_determinants,37,0.07312252964426877
701,abstention,suspicious_determinants,1,0.001976284584980237
701,abstention,too_many_missing_determinants,2,0.003952569169960474
701,abstention,usable_complete,396,0.782608695652174
701,abstention,usable_complete_limited_metadata,14,0.02766798418972332
701,abstention,usable_partial,54,0.1067193675889328
701,abstention,usable_partial_limited_metadata,2,0.003952569169960474
701,voter,no_determinants,86,0.17408906882591094
701,voter,suspicious_determinants,4,0.008097165991902834
701,voter,too_many_missing_determinants,14,0.02834008097165992
701,voter,usable_complete,276,0.5587044534412956
701,voter,usable_complete_limited_metadata,9,0.018218623481781375
701,voter,usable_partial,104,0.21052631578947367
701,voter,usable_partial_limited_metadata,1,0.0020242914979757085
702,abstention,no_determinants,26,0.05138339920948617
702,abstention,suspicious_determinants,1,0.001976284584980237
702,abstention,too_many_missing_determinants,6,0.011857707509881422
702,abstention,usable_complete,404,0.7984189723320159
702,abstention,usable_complete_limited_metadata,18,0.03557312252964427
702,abstention,usable_partial,45,0.08893280632411067
702,abstention,usable_partial_limited_metadata,6,0.011857707509881422
702,voter,no_determinants,73,0.14777327935222673
702,voter,suspicious_determinants,1,0.0020242914979757085
702,voter,too_many_missing_determinants,14,0.02834008097165992
702,voter,usable_complete,293,0.5931174089068826
702,voter,usable_complete_limited_metadata,9,0.018218623481781375
702,voter,usable_partial,104,0.21052631578947367
703,abstention,no_determinants,27,0.0533596837944664
703,abstention,suspicious_determinants,1,0.001976284584980237
703,abstention,too_many_missing_determinants,7,0.01383399209486166
703,abstention,usable_complete,394,0.7786561264822134
703,abstention,usable_complete_limited_metadata,22,0.043478260869565216
703,abstention,usable_partial,53,0.10474308300395258
703,abstention,usable_partial_limited_metadata,2,0.003952569169960474
703,voter,no_determinants,74,0.14979757085020243
703,voter,suspicious_determinants,3,0.006072874493927126
703,voter,too_many_missing_determinants,17,0.03441295546558704
703,voter,usable_complete,278,0.562753036437247
703,voter,usable_complete_limited_metadata,8,0.016194331983805668
703,voter,usable_partial,114,0.23076923076923078
704,abstention,no_determinants,39,0.07707509881422925
704,abstention,suspicious_determinants,1,0.001976284584980237
704,abstention,too_many_missing_determinants,3,0.005928853754940711
704,abstention,usable_complete,400,0.7905138339920948
704,abstention,usable_complete_limited_metadata,18,0.03557312252964427
704,abstention,usable_partial,41,0.08102766798418973
704,abstention,usable_partial_limited_metadata,4,0.007905138339920948
704,voter,no_determinants,64,0.12955465587044535
704,voter,suspicious_determinants,1,0.0020242914979757085
704,voter,too_many_missing_determinants,17,0.03441295546558704
704,voter,usable_complete,306,0.6194331983805668
704,voter,usable_complete_limited_metadata,8,0.016194331983805668
704,voter,usable_partial,98,0.19838056680161945
705,abstention,no_determinants,32,0.06324110671936758
705,abstention,suspicious_determinants,1,0.001976284584980237
705,abstention,too_many_missing_determinants,3,0.005928853754940711
705,abstention,usable_complete,398,0.7865612648221344
705,abstention,usable_complete_limited_metadata,17,0.03359683794466403
705,abstention,usable_partial,52,0.10276679841897234
705,abstention,usable_partial_limited_metadata,3,0.005928853754940711
705,voter,no_determinants,54,0.10931174089068826
705,voter,suspicious_determinants,2,0.004048582995951417
705,voter,too_many_missing_determinants,19,0.038461538461538464
705,voter,usable_complete,274,0.5546558704453441
705,voter,usable_complete_limited_metadata,13,0.02631578947368421
705,voter,usable_partial,130,0.2631578947368421
705,voter,usable_partial_limited_metadata,2,0.004048582995951417
706,abstention,no_determinants,35,0.0691699604743083
706,abstention,suspicious_determinants,3,0.005928853754940711
706,abstention,too_many_missing_determinants,4,0.007905138339920948
706,abstention,usable_complete,392,0.7747035573122529
706,abstention,usable_complete_limited_metadata,22,0.043478260869565216
706,abstention,usable_partial,47,0.09288537549407115
706,abstention,usable_partial_limited_metadata,3,0.005928853754940711
706,voter,no_determinants,72,0.145748987854251
706,voter,suspicious_determinants,5,0.010121457489878543
706,voter,too_many_missing_determinants,13,0.02631578947368421
706,voter,usable_complete,294,0.5951417004048583
706,voter,usable_complete_limited_metadata,8,0.016194331983805668
706,voter,usable_partial,101,0.20445344129554655
706,voter,usable_partial_limited_metadata,1,0.0020242914979757085
707,abstention,no_determinants,31,0.06126482213438735
707,abstention,suspicious_determinants,1,0.001976284584980237
707,abstention,too_many_missing_determinants,5,0.009881422924901186
707,abstention,usable_complete,406,0.8023715415019763
707,abstention,usable_complete_limited_metadata,17,0.03359683794466403
707,abstention,usable_partial,43,0.08498023715415019
707,abstention,usable_partial_limited_metadata,3,0.005928853754940711
707,voter,no_determinants,62,0.12550607287449392
707,voter,suspicious_determinants,2,0.004048582995951417
707,voter,too_many_missing_determinants,23,0.0465587044534413
707,voter,usable_complete,286,0.5789473684210527
707,voter,usable_complete_limited_metadata,7,0.01417004048582996
707,voter,usable_partial,114,0.23076923076923078
708,abstention,no_determinants,29,0.05731225296442688
708,abstention,suspicious_determinants,1,0.001976284584980237
708,abstention,too_many_missing_determinants,5,0.009881422924901186
708,abstention,usable_complete,385,0.7608695652173914
708,abstention,usable_complete_limited_metadata,20,0.039525691699604744
708,abstention,usable_partial,60,0.11857707509881422
708,abstention,usable_partial_limited_metadata,6,0.011857707509881422
708,voter,no_determinants,62,0.12550607287449392
708,voter,suspicious_determinants,4,0.008097165991902834
708,voter,too_many_missing_determinants,21,0.04251012145748988
708,voter,usable_complete,294,0.5951417004048583
708,voter,usable_complete_limited_metadata,12,0.024291497975708502
708,voter,usable_partial,101,0.20445344129554655
709,abstention,no_determinants,36,0.07114624505928854
709,abstention,suspicious_determinants,1,0.001976284584980237
709,abstention,too_many_missing_determinants,6,0.011857707509881422
709,abstention,usable_complete,393,0.7766798418972332
709,abstention,usable_complete_limited_metadata,16,0.03162055335968379
709,abstention,usable_partial,44,0.08695652173913043
709,abstention,usable_partial_limited_metadata,10,0.019762845849802372
709,voter,no_determinants,73,0.14777327935222673
709,voter,suspicious_determinants,2,0.004048582995951417
709,voter,too_many_missing_determinants,15,0.030364372469635626
709,voter,usable_complete,305,0.6174089068825911
709,voter,usable_complete_limited_metadata,8,0.016194331983805668
709,voter,usable_partial,90,0.18218623481781376
709,voter,usable_partial_limited_metadata,1,0.0020242914979757085
710,abstention,no_determinants,33,0.06521739130434782
710,abstention,too_many_missing_determinants,6,0.011857707509881422
710,abstention,usable_complete,403,0.7964426877470355
710,abstention,usable_complete_limited_metadata,14,0.02766798418972332
710,abstention,usable_partial,50,0.09881422924901186
710,voter,no_determinants,74,0.14979757085020243
710,voter,suspicious_determinants,2,0.004048582995951417
710,voter,too_many_missing_determinants,26,0.05263157894736842
710,voter,usable_complete,270,0.5465587044534413
710,voter,usable_complete_limited_metadata,11,0.022267206477732792
710,voter,usable_partial,111,0.22469635627530365
711,abstention,no_determinants,36,0.07114624505928854
711,abstention,suspicious_determinants,1,0.001976284584980237
711,abstention,usable_complete,404,0.7984189723320159
711,abstention,usable_complete_limited_metadata,13,0.025691699604743084
711,abstention,usable_partial,49,0.09683794466403162
711,abstention,usable_partial_limited_metadata,3,0.005928853754940711
711,voter,no_determinants,68,0.13765182186234817
711,voter,suspicious_determinants,4,0.008097165991902834
711,voter,too_many_missing_determinants,16,0.032388663967611336
711,voter,usable_complete,284,0.5748987854251012
711,voter,usable_complete_limited_metadata,8,0.016194331983805668
711,voter,usable_partial,114,0.23076923076923078
712,abstention,no_determinants,28,0.05533596837944664
712,abstention,suspicious_determinants,2,0.003952569169960474
712,abstention,too_many_missing_determinants,4,0.007905138339920948
712,abstention,usable_complete,409,0.808300395256917
712,abstention,usable_complete_limited_metadata,13,0.025691699604743084
712,abstention,usable_partial,49,0.09683794466403162
712,abstention,usable_partial_limited_metadata,1,0.001976284584980237
712,voter,no_determinants,81,0.16396761133603238
712,voter,suspicious_determinants,1,0.0020242914979757085
712,voter,too_many_missing_determinants,15,0.030364372469635626
712,voter,usable_complete,297,0.6012145748987854
712,voter,usable_complete_limited_metadata,8,0.016194331983805668
712,voter,usable_partial,92,0.1862348178137652
713,abstention,no_determinants,27,0.0533596837944664
713,abstention,suspicious_determinants,1,0.001976284584980237
713,abstention,too_many_missing_determinants,2,0.003952569169960474
713,abstention,usable_complete,405,0.8003952569169961
713,abstention,usable_complete_limited_metadata,18,0.03557312252964427
713,abstention,usable_partial,51,0.1007905138339921
713,abstention,usable_partial_limited_metadata,2,0.003952569169960474
713,voter,no_determinants,57,0.11538461538461539
713,voter,suspicious_determinants,7,0.01417004048582996
713,voter,too_many_missing_determinants,18,0.03643724696356275
713,voter,usable_complete,291,0.5890688259109311
713,voter,usable_complete_limited_metadata,4,0.008097165991902834
713,voter,usable_partial,116,0.23481781376518218
713,voter,usable_partial_limited_metadata,1,0.0020242914979757085
714,abstention,no_determinants,26,0.05138339920948617
714,abstention,suspicious_determinants,1,0.001976284584980237
714,abstention,too_many_missing_determinants,2,0.003952569169960474
714,abstention,usable_complete,397,0.7845849802371542
714,abstention,usable_complete_limited_metadata,23,0.045454545454545456
714,abstention,usable_partial,56,0.11067193675889328
714,abstention,usable_partial_limited_metadata,1,0.001976284584980237
714,voter,no_determinants,60,0.1214574898785425
714,voter,suspicious_determinants,3,0.006072874493927126
714,voter,too_many_missing_determinants,19,0.038461538461538464
714,voter,usable_complete,303,0.6133603238866396
714,voter,usable_complete_limited_metadata,6,0.012145748987854251
714,voter,usable_partial,103,0.20850202429149797
715,abstention,no_determinants,22,0.043478260869565216
715,abstention,suspicious_determinants,1,0.001976284584980237
715,abstention,too_many_missing_determinants,2,0.003952569169960474
715,abstention,usable_complete,417,0.8241106719367589
715,abstention,usable_complete_limited_metadata,21,0.041501976284584984
715,abstention,usable_partial,43,0.08498023715415019
715,voter,no_determinants,68,0.13765182186234817
715,voter,suspicious_determinants,2,0.004048582995951417
715,voter,too_many_missing_determinants,18,0.03643724696356275
715,voter,usable_complete,298,0.6032388663967612
715,voter,usable_complete_limited_metadata,13,0.02631578947368421
715,voter,usable_partial,94,0.1902834008097166
715,voter,usable_partial_limited_metadata,1,0.0020242914979757085
716,abstention,no_determinants,27,0.0533596837944664
716,abstention,suspicious_determinants,1,0.001976284584980237
716,abstention,too_many_missing_determinants,6,0.011857707509881422
716,abstention,usable_complete,410,0.8102766798418972
716,abstention,usable_complete_limited_metadata,13,0.025691699604743084
716,abstention,usable_partial,44,0.08695652173913043
716,abstention,usable_partial_limited_metadata,5,0.009881422924901186
716,voter,no_determinants,76,0.15384615384615385
716,voter,suspicious_determinants,3,0.006072874493927126
716,voter,too_many_missing_determinants,16,0.032388663967611336
716,voter,usable_complete,282,0.5708502024291497
716,voter,usable_complete_limited_metadata,10,0.020242914979757085
716,voter,usable_partial,106,0.2145748987854251
716,voter,usable_partial_limited_metadata,1,0.0020242914979757085
717,abstention,no_determinants,42,0.08300395256916997
717,abstention,suspicious_determinants,2,0.003952569169960474
717,abstention,too_many_missing_determinants,3,0.005928853754940711
717,abstention,usable_complete,397,0.7845849802371542
717,abstention,usable_complete_limited_metadata,18,0.03557312252964427
717,abstention,usable_partial,41,0.08102766798418973
717,abstention,usable_partial_limited_metadata,3,0.005928853754940711
717,voter,no_determinants,68,0.13765182186234817
717,voter,suspicious_determinants,2,0.004048582995951417
717,voter,too_many_missing_determinants,10,0.020242914979757085
717,voter,usable_complete,279,0.5647773279352226
717,voter,usable_complete_limited_metadata,8,0.016194331983805668
717,voter,usable_partial,127,0.25708502024291496
718,abstention,no_determinants,29,0.05731225296442688
718,abstention,suspicious_determinants,3,0.005928853754940711
718,abstention,too_many_missing_determinants,3,0.005928853754940711
718,abstention,usable_complete,417,0.8241106719367589
718,abstention,usable_complete_limited_metadata,14,0.02766798418972332
718,abstention,usable_partial,37,0.07312252964426877
718,abstention,usable_partial_limited_metadata,3,0.005928853754940711
718,voter,no_determinants,69,0.1396761133603239
718,voter,suspicious_determinants,3,0.006072874493927126
718,voter,too_many_missing_determinants,14,0.02834008097165992
718,voter,usable_complete,287,0.5809716599190283
718,voter,usable_complete_limited_metadata,8,0.016194331983805668
718,voter,usable_partial,112,0.22672064777327935
718,voter,usable_partial_limited_metadata,1,0.0020242914979757085
719,abstention,no_determinants,31,0.06126482213438735
719,abstention,suspicious_determinants,2,0.003952569169960474
719,abstention,too_many_missing_determinants,6,0.011857707509881422
719,abstention,usable_complete,401,0.7924901185770751
719,abstention,usable_complete_limited_metadata,16,0.03162055335968379
719,abstention,usable_partial,47,0.09288537549407115
719,abstention,usable_partial_limited_metadata,3,0.005928853754940711
719,voter,no_determinants,61,0.12348178137651822
719,voter,suspicious_determinants,2,0.004048582995951417
719,voter,too_many_missing_determinants,14,0.02834008097165992
719,voter,usable_complete,307,0.6214574898785425
719,voter,usable_complete_limited_metadata,8,0.016194331983805668
719,voter,usable_partial,102,0.20647773279352227
720,abstention,no_determinants,37,0.07312252964426877
720,abstention,suspicious_determinants,2,0.003952569169960474
720,abstention,too_many_missing_determinants,5,0.009881422924901186
720,abstention,usable_complete,392,0.7747035573122529
720,abstention,usable_complete_limited_metadata,21,0.041501976284584984
720,abstention,usable_partial,45,0.08893280632411067
720,abstention,usable_partial_limited_metadata,4,0.007905138339920948
720,voter,no_determinants,76,0.15384615384615385
720,voter,suspicious_determinants,5,0.010121457489878543
720,voter,too_many_missing_determinants,17,0.03441295546558704
720,voter,usable_complete,279,0.5647773279352226
720,voter,usable_complete_limited_metadata,11,0.022267206477732792
720,voter,usable_partial,105,0.2125506072874494
720,voter,usable_partial_limited_metadata,1,0.0020242914979757085
721,abstention,no_determinants,33,0.06521739130434782
721,abstention,suspicious_determinants,1,0.001976284584980237
721,abstention,too_many_missing_determinants,3,0.005928853754940711
721,abstention,usable_complete,390,0.7707509881422925
721,abstention,usable_complete_limited_metadata,16,0.03162055335968379
721,abstention,usable_partial,61,0.12055335968379446
721,abstention,usable_partial_limited_metadata,2,0.003952569169960474
721,voter,no_determinants,61,0.12348178137651822
721,voter,suspicious_determinants,6,0.012145748987854251
721,voter,too_many_missing_determinants,14,0.02834008097165992
721,voter,usable_complete,286,0.5789473684210527
721,voter,usable_complete_limited_metadata,5,0.010121457489878543
721,voter,usable_partial,122,0.24696356275303644
722,abstention,no_determinants,25,0.04940711462450593
722,abstention,too_many_missing_determinants,4,0.007905138339920948
722,abstention,usable_complete,409,0.808300395256917
722,abstention,usable_complete_limited_metadata,17,0.03359683794466403
722,abstention,usable_partial,48,0.09486166007905138
722,abstention,usable_partial_limited_metadata,3,0.005928853754940711
722,voter,no_determinants,76,0.15384615384615385
722,voter,too_many_missing_determinants,15,0.030364372469635626
722,voter,usable_complete,283,0.5728744939271255
722,voter,usable_complete_limited_metadata,9,0.018218623481781375
722,voter,usable_partial,111,0.22469635627530365
723,abstention,no_determinants,29,0.05731225296442688
723,abstention,suspicious_determinants,3,0.005928853754940711
723,abstention,too_many_missing_determinants,4,0.007905138339920948
723,abstention,usable_complete,387,0.7648221343873518
723,abstention,usable_complete_limited_metadata,26,0.05138339920948617
723,abstention,usable_partial,49,0.09683794466403162
723,abstention,usable_partial_limited_metadata,8,0.015810276679841896
723,voter,no_determinants,61,0.12348178137651822
723,voter,suspicious_determinants,3,0.006072874493927126
723,voter,too_many_missing_determinants,13,0.02631578947368421
723,voter,usable_complete,307,0.6214574898785425
723,voter,usable_complete_limited_metadata,7,0.01417004048582996
723,voter,usable_partial,103,0.20850202429149797
724,abstention,no_determinants,35,0.0691699604743083
724,abstention,suspicious_determinants,1,0.001976284584980237
724,abstention,too_many_missing_determinants,2,0.003952569169960474
724,abstention,usable_complete,398,0.7865612648221344
724,abstention,usable_complete_limited_metadata,23,0.045454545454545456
724,abstention,usable_partial,43,0.08498023715415019
724,abstention,usable_partial_limited_metadata,4,0.007905138339920948
724,voter,no_determinants,76,0.15384615384615385
724,voter,suspicious_determinants,4,0.008097165991902834
724,voter,too_many_missing_determinants,23,0.0465587044534413
724,voter,usable_complete,277,0.5607287449392713
724,voter,usable_complete_limited_metadata,8,0.016194331983805668
724,voter,usable_partial,106,0.2145748987854251
725,abstention,no_determinants,32,0.06324110671936758
725,abstention,suspicious_determinants,2,0.003952569169960474
725,abstention,too_many_missing_determinants,8,0.015810276679841896
725,abstention,usable_complete,395,0.7806324110671937
725,abstention,usable_complete_limited_metadata,15,0.029644268774703556
725,abstention,usable_partial,53,0.10474308300395258
725,abstention,usable_partial_limited_metadata,1,0.001976284584980237
725,voter,no_determinants,76,0.15384615384615385
725,voter,suspicious_determinants,2,0.004048582995951417
725,voter,too_many_missing_determinants,12,0.024291497975708502
725,voter,usable_complete,284,0.5748987854251012
725,voter,usable_complete_limited_metadata,7,0.01417004048582996
725,voter,usable_partial,113,0.22874493927125505
726,abstention,no_determinants,32,0.06324110671936758
726,abstention,suspicious_determinants,2,0.003952569169960474
726,abstention,too_many_missing_determinants,4,0.007905138339920948
726,abstention,usable_complete,392,0.7747035573122529
726,abstention,usable_complete_limited_metadata,21,0.041501976284584984
726,abstention,usable_partial,50,0.09881422924901186
726,abstention,usable_partial_limited_metadata,5,0.009881422924901186
726,voter,no_determinants,63,0.12753036437246965
726,voter,suspicious_determinants,1,0.0020242914979757085
726,voter,too_many_missing_determinants,20,0.04048582995951417
726,voter,usable_complete,281,0.5688259109311741
726,voter,usable_complete_limited_metadata,13,0.02631578947368421
726,voter,usable_partial,116,0.23481781376518218
727,abstention,no_determinants,29,0.05731225296442688
727,abstention,suspicious_determinants,1,0.001976284584980237
727,abstention,too_many_missing_determinants,7,0.01383399209486166
727,abstention,usable_complete,402,0.7944664031620553
727,abstention,usable_complete_limited_metadata,21,0.041501976284584984
727,abstention,usable_partial,38,0.07509881422924901
727,abstention,usable_partial_limited_metadata,8,0.015810276679841896
727,voter,no_determinants,61,0.12348178137651822
727,voter,suspicious_determinants,4,0.008097165991902834
727,voter,too_many_missing_determinants,18,0.03643724696356275
727,voter,usable_complete,304,0.6153846153846154
727,voter,usable_complete_limited_metadata,11,0.022267206477732792
727,voter,usable_partial,96,0.19433198380566802
728,abstention,no_determinants,35,0.0691699604743083
728,abstention,suspicious_determinants,1,0.001976284584980237
728,abstention,too_many_missing_determinants,4,0.007905138339920948
728,abstention,usable_complete,389,0.7687747035573123
728,abstention,usable_complete_limited_metadata,23,0.045454545454545456
728,abstention,usable_partial,50,0.09881422924901186
728,abstention,usable_partial_limited_metadata,4,0.007905138339920948
728,voter,no_determinants,48,0.09716599190283401
728,voter,suspicious_determinants,3,0.006072874493927126
728,voter,too_many_missing_determinants,19,0.038461538461538464
728,voter,usable_complete,311,0.6295546558704453
728,voter,usable_complete_limited_metadata,17,0.03441295546558704
728,voter,usable_partial,96,0.19433198380566802
729,abstention,no_determinants,26,0.05138339920948617
729,abstention,suspicious_determinants,2,0.003952569169960474
729,abstention,too_many_missing_determinants,7,0.01383399209486166
729,abstention,usable_complete,399,0.7885375494071146
729,abstention,usable_complete_limited_metadata,19,0.037549407114624504
729,abstention,usable_partial,50,0.09881422924901186
729,abstention,usable_partial_limited_metadata,3,0.005928853754940711
729,voter,no_determinants,70,0.1417004048582996
729,voter,suspicious_determinants,1,0.0020242914979757085
729,voter,too_many_missing_determinants,13,0.02631578947368421
729,voter,usable_complete,308,0.6234817813765182
729,voter,usable_complete_limited_metadata,10,0.020242914979757085
729,voter,usable_partial,92,0.1862348178137652
730,abstention,no_determinants,28,0.05533596837944664
730,abstention,too_many_missing_determinants,2,0.003952569169960474
730,abstention,usable_complete,403,0.7964426877470355
730,abstention,usable_complete_limited_metadata,19,0.037549407114624504
730,abstention,usable_partial,51,0.1007905138339921
730,abstention,usable_partial_limited_metadata,3,0.005928853754940711
730,voter,no_determinants,70,0.1417004048582996
730,voter,suspicious_determinants,2,0.004048582995951417
730,voter,too_many_missing_determinants,26,0.05263157894736842
730,voter,usable_complete,272,0.5506072874493927
730,voter,usable_complete_limited_metadata,11,0.022267206477732792
730,voter,usable_partial,113,0.22874493927125505
731,abstention,no_determinants,27,0.0533596837944664
731,abstention,suspicious_determinants,1,0.001976284584980237
731,abstention,too_many_missing_determinants,3,0.005928853754940711
731,abstention,usable_complete,399,0.7885375494071146
731,abstention,usable_complete_limited_metadata,22,0.043478260869565216
731,abstention,usable_partial,51,0.1007905138339921
731,abstention,usable_partial_limited_metadata,3,0.005928853754940711
731,voter,no_determinants,73,0.14777327935222673
731,voter,suspicious_determinants,1,0.0020242914979757085
731,voter,too_many_missing_determinants,22,0.044534412955465584
731,voter,usable_complete,283,0.5728744939271255
731,voter,usable_complete_limited_metadata,8,0.016194331983805668
731,voter,usable_partial,107,0.2165991902834008
732,abstention,no_determinants,26,0.05138339920948617
732,abstention,suspicious_determinants,1,0.001976284584980237
732,abstention,too_many_missing_determinants,5,0.009881422924901186
732,abstention,usable_complete,416,0.8221343873517787
732,abstention,usable_complete_limited_metadata,12,0.023715415019762844
732,abstention,usable_partial,41,0.08102766798418973
732,abstention,usable_partial_limited_metadata,5,0.009881422924901186
732,voter,no_determinants,63,0.12753036437246965
732,voter,suspicious_determinants,4,0.008097165991902834
732,voter,too_many_missing_determinants,20,0.04048582995951417
732,voter,usable_complete,279,0.5647773279352226
732,voter,usable_complete_limited_metadata,8,0.016194331983805668
732,voter,usable_partial,120,0.242914979757085
733,abstention,no_determinants,29,0.05731225296442688
733,abstention,suspicious_determinants,3,0.005928853754940711
733,abstention,too_many_missing_determinants,6,0.011857707509881422
733,abstention,usable_complete,405,0.8003952569169961
733,abstention,usable_complete_limited_metadata,18,0.03557312252964427
733,abstention,usable_partial,43,0.08498023715415019
733,abstention,usable_partial_limited_metadata,2,0.003952569169960474
733,voter,no_determinants,62,0.12550607287449392
733,voter,suspicious_determinants,3,0.006072874493927126
733,voter,too_many_missing_determinants,12,0.024291497975708502
733,voter,usable_complete,302,0.611336032388664
733,voter,usable_complete_limited_metadata,8,0.016194331983805668
733,voter,usable_partial,106,0.2145748987854251
733,voter,usable_partial_limited_metadata,1,0.0020242914979757085
734,abstention,no_determinants,32,0.06324110671936758
734,abstention,suspicious_determinants,4,0.007905138339920948
734,abstention,too_many_missing_determinants,8,0.015810276679841896
734,abstention,usable_complete,396,0.782608695652174
734,abstention,usable_complete_limited_metadata,16,0.03162055335968379
734,abstention,usable_partial,49,0.09683794466403162
734,abstention,usable_partial_limited_metadata,1,0.001976284584980237
734,voter,no_determinants,61,0.12348178137651822
734,voter,suspicious_determinants,2,0.004048582995951417
734,voter,too_many_missing_determinants,16,0.032388663967611336
734,voter,usable_complete,303,0.6133603238866396
734,voter,usable_complete_limited_metadata,9,0.018218623481781375
734,voter,usable_partial,102,0.20647773279352227
734,voter,usable_partial_limited_metadata,1,0.0020242914979757085
735,abstention,no_determinants,32,0.06324110671936758
735,abstention,suspicious_determinants,1,0.001976284584980237
735,abstention,too_many_missing_determinants,2,0.003952569169960474
735,abstention,usable_complete,408,0.8063241106719368
735,abstention,usable_complete_limited_metadata,20,0.039525691699604744
735,abstention,usable_partial,39,0.07707509881422925
735,abstention,usable_partial_limited_metadata,4,0.007905138339920948
735,voter,no_determinants,67,0.13562753036437247
735,voter,suspicious_determinants,3,0.006072874493927126
735,voter,too_many_missing_determinants,21,0.04251012145748988
735,voter,usable_complete,280,0.5668016194331984
735,voter,usable_complete_limited_metadata,8,0.016194331983805668
735,voter,usable_partial,115,0.23279352226720648
736,abstention,no_determinants,39,0.07707509881422925
736,abstention,suspicious_determinants,1,0.001976284584980237
736,abstention,too_many_missing_determinants,4,0.007905138339920948
736,abstention,usable_complete,391,0.7727272727272727
736,abstention,usable_complete_limited_metadata,20,0.039525691699604744
736,abstention,usable_partial,46,0.09090909090909091
736,abstention,usable_partial_limited_metadata,5,0.009881422924901186
736,voter,no_determinants,58,0.11740890688259109
736,voter,too_many_missing_determinants,22,0.044534412955465584
736,voter,usable_complete,302,0.611336032388664
736,voter,usable_complete_limited_metadata,7,0.01417004048582996
736,voter,usable_partial,105,0.2125506072874494
737,abstention,no_determinants,25,0.04940711462450593
737,abstention,too_many_missing_determinants,5,0.009881422924901186
737,abstention,usable_complete,411,0.8122529644268774
737,abstention,usable_complete_limited_metadata,15,0.029644268774703556
737,abstention,usable_partial,46,0.09090909090909091
737,abstention,usable_partial_limited_metadata,4,0.007905138339920948
737,voter,no_determinants,61,0.12348178137651822
737,voter,suspicious_determinants,3,0.006072874493927126
737,voter,too_many_missing_determinants,21,0.04251012145748988
737,voter,usable_complete,295,0.597165991902834
737,voter,usable_complete_limited_metadata,7,0.01417004048582996
737,voter,usable_partial,107,0.2165991902834008
738,abstention,no_determinants,34,0.06719367588932806
738,abstention,too_many_missing_determinants,7,0.01383399209486166
738,abstention,usable_complete,399,0.7885375494071146
738,abstention,usable_complete_limited_metadata,25,0.04940711462450593
738,abstention,usable_partial,37,0.07312252964426877
738,abstention,usable_partial_limited_metadata,4,0.007905138339920948
738,voter,no_determinants,58,0.11740890688259109
738,voter,suspicious_determinants,3,0.006072874493927126
738,voter,too_many_missing_determinants,19,0.038461538461538464
738,voter,usable_complete,299,0.6052631578947368
738,voter,usable_complete_limited_metadata,8,0.016194331983805668
738,voter,usable_partial,107,0.2165991902834008
739,abstention,no_determinants,24,0.04743083003952569
739,abstention,suspicious_determinants,2,0.003952569169960474
739,abstention,too_many_missing_determinants,4,0.007905138339920948
739,abstention,usable_complete,408,0.8063241106719368
739,abstention,usable_complete_limited_metadata,12,0.023715415019762844
739,abstention,usable_partial,56,0.11067193675889328
739,voter,no_determinants,66,0.13360323886639677
739,voter,suspicious_determinants,1,0.0020242914979757085
739,voter,too_many_missing_determinants,22,0.044534412955465584
739,voter,usable_complete,296,0.5991902834008097
739,voter,usable_complete_limited_metadata,12,0.024291497975708502
739,voter,usable_partial,97,0.19635627530364372
740,abstention,no_determinants,37,0.07312252964426877
740,abstention,suspicious_determinants,2,0.003952569169960474
740,abstention,usable_complete,417,0.8241106719367589
740,abstention,usable_complete_limited_metadata,14,0.02766798418972332
740,abstention,usable_partial,33,0.06521739130434782
740,abstention,usable_partial_limited_metadata,3,0.005928853754940711
740,voter,no_determinants,84,0.1700404858299595
740,voter,suspicious_determinants,1,0.0020242914979757085
740,voter,too_many_missing_determinants,16,0.032388663967611336
740,voter,usable_complete,290,0.5870445344129555
740,voter,usable_complete_limited_metadata,9,0.018218623481781375
740,voter,usable_partial,94,0.1902834008097166
741,abstention,no_determinants,44,0.08695652173913043
741,abstention,suspicious_determinants,1,0.001976284584980237
741,abstention,too_many_missing_determinants,3,0.005928853754940711
741,abstention,usable_complete,382,0.7549407114624506
741,abstention,usable_complete_limited_metadata,26,0.05138339920948617
741,abstention,usable_partial,48,0.09486166007905138
741,abstention,usable_partial_limited_metadata,2,0.003952569169960474
741,voter,no_determinants,74,0.14979757085020243
741,voter,suspicious_determinants,3,0.006072874493927126
741,voter,too_many_missing_determinants,26,0.05263157894736842
741,voter,usable_complete,293,0.5931174089068826
741,voter,usable_complete_limited_metadata,8,0.016194331983805668
741,voter,usable_partial,90,0.18218623481781376
742,abstention,no_determinants,31,0.06126482213438735
742,abstention,suspicious_determinants,2,0.003952569169960474
742,abstention,too_many_missing_determinants,5,0.009881422924901186
742,abstention,usable_complete,390,0.7707509881422925
742,abstention,usable_complete_limited_metadata,23,0.045454545454545456
742,abstention,usable_partial,51,0.1007905138339921
742,abstention,usable_partial_limited_metadata,4,0.007905138339920948
742,voter,no_determinants,74,0.14979757085020243
742,voter,suspicious_determinants,3,0.006072874493927126
742,voter,too_many_missing_determinants,19,0.038461538461538464
742,voter,usable_complete,284,0.5748987854251012
742,voter,usable_complete_limited_metadata,4,0.008097165991902834
742,voter,usable_partial,110,0.22267206477732793
743,abstention,no_determinants,31,0.06126482213438735
743,abstention,suspicious_determinants,3,0.005928853754940711
743,abstention,too_many_missing_determinants,7,0.01383399209486166
743,abstention,usable_complete,397,0.7845849802371542
743,abstention,usable_complete_limited_metadata,18,0.03557312252964427
743,abstention,usable_partial,50,0.09881422924901186
743,voter,no_determinants,70,0.1417004048582996
743,voter,suspicious_determinants,2,0.004048582995951417
743,voter,too_many_missing_determinants,11,0.022267206477732792
743,voter,usable_complete,278,0.562753036437247
743,voter,usable_complete_limited_metadata,10,0.020242914979757085
743,voter,usable_partial,123,0.24898785425101214
744,abstention,no_determinants,32,0.06324110671936758
744,abstention,suspicious_determinants,1,0.001976284584980237
744,abstention,too_many_missing_determinants,4,0.007905138339920948
744,abstention,usable_complete,404,0.7984189723320159
744,abstention,usable_complete_limited_metadata,26,0.05138339920948617
744,abstention,usable_partial,36,0.07114624505928854
744,abstention,usable_partial_limited_metadata,3,0.005928853754940711
744,voter,no_determinants,74,0.14979757085020243
744,voter,suspicious_determinants,3,0.006072874493927126
744,voter,too_many_missing_determinants,12,0.024291497975708502
744,voter,usable_complete,296,0.5991902834008097
744,voter,usable_complete_limited_metadata,9,0.018218623481781375
744,voter,usable_partial,99,0.20040485829959515
744,voter,usable_partial_limited_metadata,1,0.0020242914979757085
745,abstention,no_determinants,30,0.05928853754940711
745,abstention,too_many_missing_determinants,4,0.007905138339920948
745,abstention,usable_complete,394,0.7786561264822134
745,abstention,usable_complete_limited_metadata,23,0.045454545454545456
745,abstention,usable_partial,55,0.10869565217391304
745,voter,no_determinants,73,0.14777327935222673
745,voter,suspicious_determinants,3,0.006072874493927126
745,voter,too_many_missing_determinants,22,0.044534412955465584
745,voter,usable_complete,267,0.5404858299595142
745,voter,usable_complete_limited_metadata,12,0.024291497975708502
745,voter,usable_partial,117,0.23684210526315788
746,abstention,no_determinants,38,0.07509881422924901
746,abstention,suspicious_determinants,2,0.003952569169960474
746,abstention,too_many_missing_determinants,4,0.007905138339920948
746,abstention,usable_complete,400,0.7905138339920948
746,abstention,usable_complete_limited_metadata,13,0.025691699604743084
746,abstention,usable_partial,48,0.09486166007905138
746,abstention,usable_partial_limited_metadata,1,0.001976284584980237
746,voter,no_determinants,67,0.13562753036437247
746,voter,suspicious_determinants,4,0.008097165991902834
746,voter,too_many_missing_determinants,19,0.038461538461538464
746,voter,usable_complete,286,0.5789473684210527
746,voter,usable_complete_limited_metadata,4,0.008097165991902834
746,voter,usable_partial,114,0.23076923076923078
747,abstention,no_determinants,35,0.0691699604743083
747,abstention,suspicious_determinants,1,0.001976284584980237
747,abstention,too_many_missing_determinants,3,0.005928853754940711
747,abstention,usable_complete,393,0.7766798418972332
747,abstention,usable_complete_limited_metadata,21,0.041501976284584984
747,abstention,usable_partial,52,0.10276679841897234
747,abstention,usable_partial_limited_metadata,1,0.001976284584980237
747,voter,no_determinants,74,0.14979757085020243
747,voter,suspicious_determinants,4,0.008097165991902834
747,voter,too_many_missing_determinants,20,0.04048582995951417
747,voter,usable_complete,268,0.5425101214574899
747,voter,usable_complete_limited_metadata,9,0.018218623481781375
747,voter,usable_partial,118,0.2388663967611336
747,voter,usable_partial_limited_metadata,1,0.0020242914979757085
748,abstention,no_determinants,31,0.06126482213438735
748,abstention,suspicious_determinants,2,0.003952569169960474
748,abstention,too_many_missing_determinants,5,0.009881422924901186
748,abstention,usable_complete,401,0.7924901185770751
748,abstention,usable_complete_limited_metadata,12,0.023715415019762844
748,abstention,usable_partial,51,0.1007905138339921
748,abstention,usable_partial_limited_metadata,4,0.007905138339920948
748,voter,no_determinants,59,0.1194331983805668
748,voter,suspicious_determinants,3,0.006072874493927126
748,voter,too_many_missing_determinants,16,0.032388663967611336
748,voter,usable_complete,300,0.6072874493927125
748,voter,usable_complete_limited_metadata,12,0.024291497975708502
748,voter,usable_partial,104,0.21052631578947367
749,abstention,no_determinants,26,0.05138339920948617
749,abstention,suspicious_determinants,1,0.001976284584980237
749,abstention,too_many_missing_determinants,4,0.007905138339920948
749,abstention,usable_complete,392,0.7747035573122529
749,abstention,usable_complete_limited_metadata,19,0.037549407114624504
749,abstention,usable_partial,59,0.116600790513834
749,abstention,usable_partial_limited_metadata,5,0.009881422924901186
749,voter,no_determinants,58,0.11740890688259109
749,voter,suspicious_determinants,1,0.0020242914979757085
749,voter,too_many_missing_determinants,20,0.04048582995951417
749,voter,usable_complete,302,0.611336032388664
749,voter,usable_complete_limited_metadata,13,0.02631578947368421
749,voter,usable_partial,100,0.20242914979757085
750,abstention,no_determinants,42,0.08300395256916997
750,abstention,suspicious_determinants,2,0.003952569169960474
750,abstention,too_many_missing_determinants,3,0.005928853754940711
750,abstention,usable_complete,397,0.7845849802371542
750,abstention,usable_complete_limited_metadata,16,0.03162055335968379
750,abstention,usable_partial,44,0.08695652173913043
750,abstention,usable_partial_limited_metadata,2,0.003952569169960474
750,voter,no_determinants,77,0.15587044534412955
750,voter,suspicious_determinants,1,0.0020242914979757085
750,voter,too_many_missing_determinants,16,0.032388663967611336
750,voter,usable_complete,282,0.5708502024291497
750,voter,usable_complete_limited_metadata,10,0.020242914979757085
750,voter,usable_partial,107,0.2165991902834008
750,voter,usable_partial_limited_metadata,1,0.0020242914979757085
751,abstention,no_determinants,29,0.05731225296442688
751,abstention,suspicious_determinants,2,0.003952569169960474
751,abstention,too_many_missing_determinants,4,0.007905138339920948
751,abstention,usable_complete,390,0.7707509881422925
751,abstention,usable_complete_limited_metadata,20,0.039525691699604744
751,abstention,usable_partial,58,0.11462450592885376
751,abstention,usable_partial_limited_metadata,3,0.005928853754940711
751,voter,no_determinants,72,0.145748987854251
751,voter,suspicious_determinants,1,0.0020242914979757085
751,voter,too_many_missing_determinants,22,0.044534412955465584
751,voter,usable_complete,295,0.597165991902834
751,voter,usable_complete_limited_metadata,9,0.018218623481781375
751,voter,usable_partial,95,0.19230769230769232
752,abstention,no_determinants,31,0.06126482213438735
752,abstention,suspicious_determinants,2,0.003952569169960474
752,abstention,too_many_missing_determinants,5,0.009881422924901186
752,abstention,usable_complete,403,0.7964426877470355
752,abstention,usable_complete_limited_metadata,21,0.041501976284584984
752,abstention,usable_partial,43,0.08498023715415019
752,abstention,usable_partial_limited_metadata,1,0.001976284584980237
752,voter,no_determinants,68,0.13765182186234817
752,voter,too_many_missing_determinants,20,0.04048582995951417
752,voter,usable_complete,279,0.5647773279352226
752,voter,usable_complete_limited_metadata,12,0.024291497975708502
752,voter,usable_partial,113,0.22874493927125505
752,voter,usable_partial_limited_metadata,2,0.004048582995951417
753,abstention,no_determinants,28,0.05533596837944664
753,abstention,too_many_missing_determinants,6,0.011857707509881422
753,abstention,usable_complete,412,0.8142292490118577
753,abstention,usable_complete_limited_metadata,10,0.019762845849802372
753,abstention,usable_partial,48,0.09486166007905138
753,abstention,usable_partial_limited_metadata,2,0.003952569169960474
753,voter,no_determinants,79,0.15991902834008098
753,voter,suspicious_determinants,3,0.006072874493927126
753,voter,too_many_missing_determinants,22,0.044534412955465584
753,voter,usable_complete,260,0.5263157894736842
753,voter,usable_complete_limited_metadata,10,0.020242914979757085
753,voter,usable_partial,120,0.242914979757085
754,abstention,no_determinants,35,0.0691699604743083
754,abstention,too_many_missing_determinants,5,0.009881422924901186
754,abstention,usable_complete,410,0.8102766798418972
754,abstention,usable_complete_limited_metadata,10,0.019762845849802372
754,abstention,usable_partial,42,0.08300395256916997
754,abstention,usable_partial_limited_metadata,4,0.007905138339920948
754,voter,no_determinants,68,0.13765182186234817
754,voter,too_many_missing_determinants,16,0.032388663967611336
754,voter,usable_complete,286,0.5789473684210527
754,voter,usable_complete_limited_metadata,11,0.022267206477732792
754,voter,usable_partial,113,0.22874493927125505
755,abstention,no_determinants,16,0.03162055335968379
755,abstention,suspicious_determinants,3,0.005928853754940711
755,abstention,too_many_missing_determinants,4,0.007905138339920948
755,abstention,usable_complete,424,0.8379446640316206
755,abstention,usable_complete_limited_metadata,20,0.039525691699604744
755,abstention,usable_partial,37,0.07312252964426877
755,abstention,usable_partial_limited_metadata,2,0.003952569169960474
755,voter,no_determinants,62,0.12550607287449392
755,voter,suspicious_determinants,2,0.004048582995951417
755,voter,too_many_missing_determinants,23,0.0465587044534413
755,voter,usable_complete,298,0.6032388663967612
755,voter,usable_complete_limited_metadata,7,0.01417004048582996
755,voter,usable_partial,102,0.20647773279352227
756,abstention,no_determinants,29,0.05731225296442688
756,abstention,suspicious_determinants,3,0.005928853754940711
756,abstention,too_many_missing_determinants,4,0.007905138339920948
756,abstention,usable_complete,397,0.7845849802371542
756,abstention,usable_complete_limited_metadata,15,0.029644268774703556
756,abstention,usable_partial,55,0.10869565217391304
756,abstention,usable_partial_limited_metadata,3,0.005928853754940711
756,voter,no_determinants,76,0.15384615384615385
756,voter,too_many_missing_determinants,13,0.02631578947368421
756,voter,usable_complete,278,0.562753036437247
756,voter,usable_complete_limited_metadata,8,0.016194331983805668
756,voter,usable_partial,119,0.2408906882591093
757,abstention,no_determinants,32,0.06324110671936758
757,abstention,too_many_missing_determinants,2,0.003952569169960474
757,abstention,usable_complete,386,0.7628458498023716
757,abstention,usable_complete_limited_metadata,29,0.05731225296442688
757,abstention,usable_partial,55,0.10869565217391304
757,abstention,usable_partial_limited_metadata,2,0.003952569169960474
757,voter,no_determinants,67,0.13562753036437247
757,voter,suspicious_determinants,2,0.004048582995951417
757,voter,too_many_missing_determinants,18,0.03643724696356275
757,voter,usable_complete,302,0.611336032388664
757,voter,usable_complete_limited_metadata,9,0.018218623481781375
757,voter,usable_partial,96,0.19433198380566802
758,abstention,no_determinants,31,0.06126482213438735
758,abstention,too_many_missing_determinants,5,0.009881422924901186
758,abstention,usable_complete,405,0.8003952569169961
758,abstention,usable_complete_limited_metadata,23,0.045454545454545456
758,abstention,usable_partial,39,0.07707509881422925
758,abstention,usable_partial_limited_metadata,3,0.005928853754940711
758,voter,no_determinants,82,0.1659919028340081
758,voter,suspicious_determinants,2,0.004048582995951417
758,voter,too_many_missing_determinants,12,0.024291497975708502
758,voter,usable_complete,283,0.5728744939271255
758,voter,usable_complete_limited_metadata,11,0.022267206477732792
758,voter,usable_partial,104,0.21052631578947367
759,abstention,no_determinants,24,0.04743083003952569
759,abstention,too_many_missing_determinants,2,0.003952569169960474
759,abstention,usable_complete,412,0.8142292490118577
759,abstention,usable_complete_limited_metadata,17,0.03359683794466403
759,abstention,usable_partial,47,0.09288537549407115
759,abstention,usable_partial_limited_metadata,4,0.007905138339920948
759,voter,no_determinants,81,0.16396761133603238
759,voter,suspicious_determinants,2,0.004048582995951417
759,voter,too_many_missing_determinants,17,0.03441295546558704
759,voter,usable_complete,277,0.5607287449392713
759,voter,usable_complete_limited_metadata,9,0.018218623481781375
759,voter,usable_partial,108,0.21862348178137653
760,abstention,no_determinants,25,0.04940711462450593
760,abstention,too_many_missing_determinants,6,0.011857707509881422
760,abstention,usable_complete,401,0.7924901185770751
760,abstention,usable_complete_limited_metadata,20,0.039525691699604744
760,abstention,usable_partial,51,0.1007905138339921
760,abstention,usable_partial_limited_metadata,3,0.005928853754940711
760,voter,no_determinants,53,0.10728744939271255
760,voter,suspicious_determinants,3,0.006072874493927126
760,voter,too_many_missing_determinants,23,0.0465587044534413
760,voter,usable_complete,294,0.5951417004048583
760,voter,usable_complete_limited_metadata,9,0.018218623481781375
760,voter,usable_partial,112,0.22672064777327935
761,abstention,no_determinants,33,0.06521739130434782
761,abstention,suspicious_determinants,2,0.003952569169960474
761,abstention,too_many_missing_determinants,6,0.011857707509881422
761,abstention,usable_complete,400,0.7905138339920948
761,abstention,usable_complete_limited_metadata,19,0.037549407114624504
761,abstention,usable_partial,43,0.08498023715415019
761,abstention,usable_partial_limited_metadata,3,0.005928853754940711
761,voter,no_determinants,47,0.0951417004048583
761,voter,too_many_missing_determinants,15,0.030364372469635626
761,voter,usable_complete,308,0.6234817813765182
761,voter,usable_complete_limited_metadata,9,0.018218623481781375
761,voter,usable_partial,115,0.23279352226720648
762,abstention,no_determinants,37,0.07312252964426877
762,abstention,suspicious_determinants,2,0.003952569169960474
762,abstention,too_many_missing_determinants,6,0.011857707509881422
762,abstention,usable_complete,398,0.7865612648221344
762,abstention,usable_complete_limited_metadata,13,0.025691699604743084
762,abstention,usable_partial,44,0.08695652173913043
762,abstention,usable_partial_limited_metadata,6,0.011857707509881422
762,voter,no_determinants,60,0.1214574898785425
762,voter,suspicious_determinants,4,0.008097165991902834
762,voter,too_many_missing_determinants,10,0.020242914979757085
762,voter,usable_complete,292,0.5910931174089069
762,voter,usable_complete_limited_metadata,17,0.03441295546558704
762,voter,usable_partial,111,0.22469635627530365
763,abstention,no_determinants,29,0.05731225296442688
763,abstention,too_many_missing_determinants,5,0.009881422924901186
763,abstention,usable_complete,402,0.7944664031620553
763,abstention,usable_complete_limited_metadata,21,0.041501976284584984
763,abstention,usable_partial,46,0.09090909090909091
763,abstention,usable_partial_limited_metadata,3,0.005928853754940711
763,voter,no_determinants,68,0.13765182186234817
763,voter,suspicious_determinants,2,0.004048582995951417
763,voter,too_many_missing_determinants,10,0.020242914979757085
763,voter,usable_complete,284,0.5748987854251012
763,voter,usable_complete_limited_metadata,8,0.016194331983805668
763,voter,usable_partial,120,0.242914979757085
763,voter,usable_partial_limited_metadata,2,0.004048582995951417
764,abstention,no_determinants,26,0.05138339920948617
764,abstention,suspicious_determinants,1,0.001976284584980237
764,abstention,too_many_missing_determinants,3,0.005928853754940711
764,abstention,usable_complete,404,0.7984189723320159
764,abstention,usable_complete_limited_metadata,18,0.03557312252964427
764,abstention,usable_partial,53,0.10474308300395258
764,abstention,usable_partial_limited_metadata,1,0.001976284584980237
764,voter,no_determinants,54,0.10931174089068826
764,voter,suspicious_determinants,3,0.006072874493927126
764,voter,too_many_missing_determinants,21,0.04251012145748988
764,voter,usable_complete,301,0.6093117408906883
764,voter,usable_complete_limited_metadata,6,0.012145748987854251
764,voter,usable_partial,108,0.21862348178137653
764,voter,usable_partial_limited_metadata,1,0.0020242914979757085
765,abstention,no_determinants,36,0.07114624505928854
765,abstention,too_many_missing_determinants,3,0.005928853754940711
765,abstention,usable_complete,383,0.7569169960474308
765,abstention,usable_complete_limited_metadata,23,0.045454545454545456
765,abstention,usable_partial,61,0.12055335968379446
765,voter,no_determinants,70,0.1417004048582996
765,voter,suspicious_determinants,1,0.0020242914979757085
765,voter,too_many_missing_determinants,25,0.05060728744939271
765,voter,usable_complete,282,0.5708502024291497
765,voter,usable_complete_limited_metadata,12,0.024291497975708502
765,voter,usable_partial,104,0.21052631578947367
766,abstention,no_determinants,24,0.04743083003952569
766,abstention,too_many_missing_determinants,9,0.017786561264822136
766,abstention,usable_complete,401,0.7924901185770751
766,abstention,usable_complete_limited_metadata,20,0.039525691699604744
766,abstention,usable_partial,48,0.09486166007905138
766,abstention,usable_partial_limited_metadata,4,0.007905138339920948
766,voter,no_determinants,66,0.13360323886639677
766,voter,suspicious_determinants,3,0.006072874493927126
766,voter,too_many_missing_determinants,17,0.03441295546558704
766,voter,usable_complete,284,0.5748987854251012
766,voter,usable_complete_limited_metadata,11,0.022267206477732792
766,voter,usable_partial,113,0.22874493927125505
767,abstention,no_determinants,21,0.041501976284584984
767,abstention,suspicious_determinants,1,0.001976284584980237
767,abstention,too_many_missing_determinants,2,0.003952569169960474
767,abstention,usable_complete,420,0.8300395256916996
767,abstention,usable_complete_limited_metadata,23,0.045454545454545456
767,abstention,usable_partial,37,0.07312252964426877
767,abstention,usable_partial_limited_metadata,2,0.003952569169960474
767,voter,no_determinants,71,0.1437246963562753
767,voter,suspicious_determinants,2,0.004048582995951417
767,voter,too_many_missing_determinants,15,0.030364372469635626
767,voter,usable_complete,293,0.5931174089068826
767,voter,usable_complete_limited_metadata,12,0.024291497975708502
767,voter,usable_partial,101,0.20445344129554655
768,abstention,no_determinants,39,0.07707509881422925
768,abstention,too_many_missing_determinants,6,0.011857707509881422
768,abstention,usable_complete,388,0.766798418972332
768,abstention,usable_complete_limited_metadata,14,0.02766798418972332
768,abstention,usable_partial,58,0.11462450592885376
768,abstention,usable_partial_limited_metadata,1,0.001976284584980237
768,voter,no_determinants,55,0.11133603238866396
768,voter,suspicious_determinants,6,0.012145748987854251
768,voter,too_many_missing_determinants,18,0.03643724696356275
768,voter,usable_complete,284,0.5748987854251012
768,voter,usable_complete_limited_metadata,16,0.032388663967611336
768,voter,usable_partial,113,0.22874493927125505
768,voter,usable_partial_limited_metadata,2,0.004048582995951417
769,abstention,no_determinants,22,0.043478260869565216
769,abstention,suspicious_determinants,1,0.001976284584980237
769,abstention,too_many_missing_determinants,4,0.007905138339920948
769,abstention,usable_complete,404,0.7984189723320159
769,abstention,usable_complete_limited_metadata,16,0.03162055335968379
769,abstention,usable_partial,55,0.10869565217391304
769,abstention,usable_partial_limited_metadata,4,0.007905138339920948
769,voter,no_determinants,75,0.15182186234817813
769,voter,suspicious_determinants,2,0.004048582995951417
769,voter,too_many_missing_determinants,17,0.03441295546558704
769,voter,usable_complete,271,0.548582995951417
769,voter,usable_complete_limited_metadata,9,0.018218623481781375
769,voter,usable_partial,120,0.242914979757085
770,abstention,no_determinants,34,0.06719367588932806
770,abstention,too_many_missing_determinants,4,0.007905138339920948
770,abstention,usable_complete,403,0.7964426877470355
770,abstention,usable_complete_limited_metadata,15,0.029644268774703556
770,abstention,usable_partial,48,0.09486166007905138
770,abstention,usable_partial_limited_metadata,2,0.003952569169960474
770,voter,no_determinants,61,0.12348178137651822
770,voter,suspicious_determinants,2,0.004048582995951417
770,voter,too_many_missing_determinants,18,0.03643724696356275
770,voter,usable_complete,308,0.6234817813765182
770,voter,usable_complete_limited_metadata,10,0.020242914979757085
770,voter,usable_partial,95,0.19230769230769232
771,abstention,no_determinants,30,0.05928853754940711
771,abstention,suspicious_determinants,1,0.001976284584980237
771,abstention,too_many_missing_determinants,2,0.003952569169960474
771,abstention,usable_complete,405,0.8003952569169961
771,abstention,usable_complete_limited_metadata,15,0.029644268774703556
771,abstention,usable_partial,50,0.09881422924901186
771,abstention,usable_partial_limited_metadata,3,0.005928853754940711
771,voter,no_determinants,92,0.1862348178137652
771,voter,suspicious_determinants,7,0.01417004048582996
771,voter,too_many_missing_determinants,19,0.038461538461538464
771,voter,usable_complete,281,0.5688259109311741
771,voter,usable_complete_limited_metadata,7,0.01417004048582996
771,voter,usable_partial,88,0.17813765182186234
772,abstention,no_determinants,35,0.0691699604743083
772,abstention,too_many_missing_determinants,5,0.009881422924901186
772,abstention,usable_complete,414,0.8181818181818182
772,abstention,usable_complete_limited_metadata,11,0.021739130434782608
772,abstention,usable_partial,40,0.07905138339920949
772,abstention,usable_partial_limited_metadata,1,0.001976284584980237
772,voter,no_determinants,64,0.12955465587044535
772,voter,too_many_missing_determinants,19,0.038461538461538464
772,voter,usable_complete,311,0.6295546558704453
772,voter,usable_complete_limited_metadata,9,0.018218623481781375
772,voter,usable_partial,90,0.18218623481781376
772,voter,usable_partial_limited_metadata,1,0.0020242914979757085
773,abstention,no_determinants,32,0.06324110671936758
773,abstention,suspicious_determinants,1,0.001976284584980237
773,abstention,too_many_missing_determinants,2,0.003952569169960474
773,abstention,usable_complete,391,0.7727272727272727
773,abstention,usable_complete_limited_metadata,19,0.037549407114624504
773,abstention,usable_partial,58,0.11462450592885376
773,abstention,usable_partial_limited_metadata,3,0.005928853754940711
773,voter,no_determinants,65,0.13157894736842105
773,voter,suspicious_determinants,3,0.006072874493927126
773,voter,too_many_missing_determinants,24,0.048582995951417005
773,voter,usable_complete,277,0.5607287449392713
773,voter,usable_complete_limited_metadata,6,0.012145748987854251
773,voter,usable_partial,119,0.2408906882591093
774,abstention,no_determinants,25,0.04940711462450593
774,abstention,suspicious_determinants,2,0.003952569169960474
774,abstention,too_many_missing_determinants,5,0.009881422924901186
774,abstention,usable_complete,401,0.7924901185770751
774,abstention,usable_complete_limited_metadata,16,0.03162055335968379
774,abstention,usable_partial,56,0.11067193675889328
774,abstention,usable_partial_limited_metadata,1,0.001976284584980237
774,voter,no_determinants,68,0.13765182186234817
774,voter,suspicious_determinants,6,0.012145748987854251
774,voter,too_many_missing_determinants,13,0.02631578947368421
774,voter,usable_complete,292,0.5910931174089069
774,voter,usable_complete_limited_metadata,8,0.016194331983805668
774,voter,usable_partial,106,0.2145748987854251
774,voter,usable_partial_limited_metadata,1,0.0020242914979757085
775,abstention,no_determinants,33,0.06521739130434782
775,abstention,suspicious_determinants,2,0.003952569169960474
775,abstention,too_many_missing_determinants,3,0.005928853754940711
775,abstention,usable_complete,400,0.7905138339920948
775,abstention,usable_complete_limited_metadata,17,0.03359683794466403
775,abstention,usable_partial,48,0.09486166007905138
775,abstention,usable_partial_limited_metadata,3,0.005928853754940711
775,voter,no_determinants,59,0.1194331983805668
775,voter,suspicious_determinants,3,0.006072874493927126
775,voter,too_many_missing_determinants,27,0.05465587044534413
775,voter,usable_complete,281,0.5688259109311741
775,voter,usable_complete_limited_metadata,14,0.02834008097165992
775,voter,usable_partial,109,0.22064777327935223
775,voter,usable_partial_limited_metadata,1,0.0020242914979757085
776,abstention,no_determinants,41,0.08102766798418973
776,abstention,suspicious_determinants,1,0.001976284584980237
776,abstention,too_many_missing_determinants,1,0.001976284584980237
776,abstention,usable_complete,384,0.758893280632411
776,abstention,usable_complete_limited_metadata,23,0.045454545454545456
776,abstention,usable_partial,51,0.1007905138339921
776,abstention,usable_partial_limited_metadata,5,0.009881422924901186
776,voter,no_determinants,59,0.1194331983805668
776,voter,suspicious_determinants,3,0.006072874493927126
776,voter,too_many_missing_determinants,21,0.04251012145748988
776,voter,usable_complete,293,0.5931174089068826
776,voter,usable_complete_limited_metadata,11,0.022267206477732792
776,voter,usable_partial,106,0.2145748987854251
776,voter,usable_partial_limited_metadata,1,0.0020242914979757085
777,abstention,no_determinants,33,0.06521739130434782
777,abstention,suspicious_determinants,2,0.003952569169960474
777,abstention,too_many_missing_determinants,3,0.005928853754940711
777,abstention,usable_complete,407,0.8043478260869565
777,abstention,usable_complete_limited_metadata,11,0.021739130434782608
777,abstention,usable_partial,48,0.09486166007905138
777,abstention,usable_partial_limited_metadata,2,0.003952569169960474
777,voter,no_determinants,77,0.15587044534412955
777,voter,suspicious_determinants,4,0.008097165991902834
777,voter,too_many_missing_determinants,17,0.03441295546558704
777,voter,usable_complete,269,0.5445344129554656
777,voter,usable_complete_limited_metadata,10,0.020242914979757085
777,voter,usable_partial,117,0.23684210526315788
778,abstention,no_determinants,35,0.0691699604743083
778,abstention,suspicious_determinants,1,0.001976284584980237
778,abstention,too_many_missing_determinants,2,0.003952569169960474
778,abstention,usable_complete,409,0.808300395256917
778,abstention,usable_complete_limited_metadata,22,0.043478260869565216
778,abstention,usable_partial,33,0.06521739130434782
778,abstention,usable_partial_limited_metadata,4,0.007905138339920948
778,voter,no_determinants,62,0.12550607287449392
778,voter,too_many_missing_determinants,17,0.03441295546558704
778,voter,usable_complete,288,0.582995951417004
778,voter,usable_complete_limited_metadata,8,0.016194331983805668
778,voter,usable_partial,117,0.23684210526315788
778,voter,usable_partial_limited_metadata,2,0.004048582995951417
779,abstention,no_determinants,23,0.045454545454545456
779,abstention,suspicious_determinants,1,0.001976284584980237
779,abstention,too_many_missing_determinants,9,0.017786561264822136
779,abstention,usable_complete,408,0.8063241106719368
779,abstention,usable_complete_limited_metadata,18,0.03557312252964427
779,abstention,usable_partial,44,0.08695652173913043
779,abstention,usable_partial_limited_metadata,3,0.005928853754940711
779,voter,no_determinants,70,0.1417004048582996
779,voter,suspicious_determinants,2,0.004048582995951417
779,voter,too_many_missing_determinants,22,0.044534412955465584
779,voter,usable_complete,280,0.5668016194331984
779,voter,usable_complete_limited_metadata,13,0.02631578947368421
779,voter,usable_partial,107,0.2165991902834008
780,abstention,no_determinants,30,0.05928853754940711
780,abstention,suspicious_determinants,2,0.003952569169960474
780,abstention,too_many_missing_determinants,3,0.005928853754940711
780,abstention,usable_complete,405,0.8003952569169961
780,abstention,usable_complete_limited_metadata,19,0.037549407114624504
780,abstention,usable_partial,45,0.08893280632411067
780,abstention,usable_partial_limited_metadata,2,0.003952569169960474
780,voter,no_determinants,64,0.12955465587044535
780,voter,suspicious_determinants,1,0.0020242914979757085
780,voter,too_many_missing_determinants,13,0.02631578947368421
780,voter,usable_complete,279,0.5647773279352226
780,voter,usable_complete_limited_metadata,6,0.012145748987854251
780,voter,usable_partial,130,0.2631578947368421
780,voter,usable_partial_limited_metadata,1,0.0020242914979757085
781,abstention,no_determinants,32,0.06324110671936758
781,abstention,too_many_missing_determinants,3,0.005928853754940711
781,abstention,usable_complete,398,0.7865612648221344
781,abstention,usable_complete_limited_metadata,21,0.041501976284584984
781,abstention,usable_partial,49,0.09683794466403162
781,abstention,usable_partial_limited_metadata,3,0.005928853754940711
781,voter,no_determinants,60,0.1214574898785425
781,voter,suspicious_determinants,1,0.0020242914979757085
781,voter,too_many_missing_determinants,17,0.03441295546558704
781,voter,usable_complete,298,0.6032388663967612
781,voter,usable_complete_limited_metadata,7,0.01417004048582996
781,voter,usable_partial,111,0.22469635627530365
782,abstention,no_determinants,28,0.05533596837944664
782,abstention,suspicious_determinants,2,0.003952569169960474
782,abstention,too_many_missing_determinants,7,0.01383399209486166
782,abstention,usable_complete,405,0.8003952569169961
782,abstention,usable_complete_limited_metadata,14,0.02766798418972332
782,abstention,usable_partial,49,0.09683794466403162
782,abstention,usable_partial_limited_metadata,1,0.001976284584980237
782,voter,no_determinants,71,0.1437246963562753
782,voter,too_many_missing_determinants,17,0.03441295546558704
782,voter,usable_complete,266,0.5384615384615384
782,voter,usable_complete_limited_metadata,14,0.02834008097165992
782,voter,usable_partial,126,0.2550607287449393
783,abstention,no_determinants,31,0.06126482213438735
783,abstention,too_many_missing_determinants,3,0.005928853754940711
783,abstention,usable_complete,414,0.8181818181818182
783,abstention,usable_complete_limited_metadata,18,0.03557312252964427
783,abstention,usable_partial,35,0.0691699604743083
783,abstention,usable_partial_limited_metadata,5,0.009881422924901186
783,voter,no_determinants,79,0.15991902834008098
783,voter,suspicious_determinants,4,0.008097165991902834
783,voter,too_many_missing_determinants,29,0.058704453441295545
783,voter,usable_complete,297,0.6012145748987854
783,voter,usable_complete_limited_metadata,6,0.012145748987854251
783,voter,usable_partial,79,0.15991902834008098
784,abstention,no_determinants,28,0.05533596837944664
784,abstention,suspicious_determinants,2,0.003952569169960474
784,abstention,too_many_missing_determinants,3,0.005928853754940711
784,abstention,usable_complete,403,0.7964426877470355
784,abstention,usable_complete_limited_metadata,13,0.025691699604743084
784,abstention,usable_partial,55,0.10869565217391304
784,abstention,usable_partial_limited_metadata,2,0.003952569169960474
784,voter,no_determinants,60,0.1214574898785425
784,voter,suspicious_determinants,4,0.008097165991902834
784,voter,too_many_missing_determinants,21,0.04251012145748988
784,voter,usable_complete,305,0.6174089068825911
784,voter,usable_complete_limited_metadata,7,0.01417004048582996
784,voter,usable_partial,97,0.19635627530364372
785,abstention,no_determinants,24,0.04743083003952569
785,abstention,suspicious_determinants,1,0.001976284584980237
785,abstention,too_many_missing_determinants,5,0.009881422924901186
785,abstention,usable_complete,404,0.7984189723320159
785,abstention,usable_complete_limited_metadata,23,0.045454545454545456
785,abstention,usable_partial,49,0.09683794466403162
785,voter,no_determinants,68,0.13765182186234817
785,voter,too_many_missing_determinants,14,0.02834008097165992
785,voter,usable_complete,291,0.5890688259109311
785,voter,usable_complete_limited_metadata,10,0.020242914979757085
785,voter,usable_partial,111,0.22469635627530365
786,abstention,no_determinants,29,0.05731225296442688
786,abstention,suspicious_determinants,1,0.001976284584980237
786,abstention,too_many_missing_determinants,5,0.009881422924901186
786,abstention,usable_complete,408,0.8063241106719368
786,abstention,usable_complete_limited_metadata,17,0.03359683794466403
786,abstention,usable_partial,45,0.08893280632411067
786,abstention,usable_partial_limited_metadata,1,0.001976284584980237
786,voter,no_determinants,55,0.11133603238866396
786,voter,suspicious_determinants,2,0.004048582995951417
786,voter,too_many_missing_determinants,13,0.02631578947368421
786,voter,usable_complete,293,0.5931174089068826
786,voter,usable_complete_limited_metadata,12,0.024291497975708502
786,voter,usable_partial,119,0.2408906882591093
787,abstention,no_determinants,32,0.06324110671936758
787,abstention,suspicious_determinants,4,0.007905138339920948
787,abstention,too_many_missing_determinants,2,0.003952569169960474
787,abstention,usable_complete,403,0.7964426877470355
787,abstention,usable_complete_limited_metadata,16,0.03162055335968379
787,abstention,usable_partial,46,0.09090909090909091
787,abstention,usable_partial_limited_metadata,3,0.005928853754940711
787,voter,no_determinants,92,0.1862348178137652
787,voter,suspicious_determinants,2,0.004048582995951417
787,voter,too_many_missing_determinants,10,0.020242914979757085
787,voter,usable_complete,280,0.5668016194331984
787,voter,usable_complete_limited_metadata,12,0.024291497975708502
787,voter,usable_partial,97,0.19635627530364372
787,voter,usable_partial_limited_metadata,1,0.0020242914979757085
788,abstention,no_determinants,30,0.05928853754940711
788,abstention,suspicious_determinants,2,0.003952569169960474
788,abstention,too_many_missing_determinants,6,0.011857707509881422
788,abstention,usable_complete,387,0.7648221343873518
788,abstention,usable_complete_limited_metadata,22,0.043478260869565216
788,abstention,usable_partial,55,0.10869565217391304
788,abstention,usable_partial_limited_metadata,4,0.007905138339920948
788,voter,no_determinants,45,0.09109311740890688
788,voter,suspicious_determinants,2,0.004048582995951417
788,voter,too_many_missing_determinants,8,0.016194331983805668
788,voter,usable_complete,310,0.6275303643724697
788,voter,usable_complete_limited_metadata,7,0.01417004048582996
788,voter,usable_partial,122,0.24696356275303644
789,abstention,no_determinants,30,0.05928853754940711
789,abstention,too_many_missing_determinants,5,0.009881422924901186
789,abstention,usable_complete,403,0.7964426877470355
789,abstention,usable_complete_limited_metadata,21,0.041501976284584984
789,abstention,usable_partial,44,0.08695652173913043
789,abstention,usable_partial_limited_metadata,3,0.005928853754940711
789,voter,no_determinants,59,0.1194331983805668
789,voter,suspicious_determinants,1,0.0020242914979757085
789,voter,too_many_missing_determinants,20,0.04048582995951417
789,voter,usable_complete,272,0.5506072874493927
789,voter,usable_complete_limited_metadata,12,0.024291497975708502
789,voter,usable_partial,129,0.2611336032388664
789,voter,usable_partial_limited_metadata,1,0.0020242914979757085
790,abstention,no_determinants,39,0.07707509881422925
790,abstention,too_many_missing_determinants,3,0.005928853754940711
790,abstention,usable_complete,390,0.7707509881422925
790,abstention,usable_complete_limited_metadata,20,0.039525691699604744
790,abstention,usable_partial,52,0.10276679841897234
790,abstention,usable_partial_limited_metadata,2,0.003952569169960474
790,voter,no_determinants,63,0.12753036437246965
790,voter,too_many_missing_determinants,12,0.024291497975708502
790,voter,usable_complete,299,0.6052631578947368
790,voter,usable_complete_limited_metadata,10,0.020242914979757085
790,voter,usable_partial,109,0.22064777327935223
790,voter,usable_partial_limited_metadata,1,0.0020242914979757085
791,abstention,no_determinants,28,0.05533596837944664
791,abstention,too_many_missing_determinants,4,0.007905138339920948
791,abstention,usable_complete,413,0.8162055335968379
791,abstention,usable_complete_limited_metadata,14,0.02766798418972332
791,abstention,usable_partial,42,0.08300395256916997
791,abstention,usable_partial_limited_metadata,5,0.009881422924901186
791,voter,no_determinants,81,0.16396761133603238
791,voter,suspicious_determinants,3,0.006072874493927126
791,voter,too_many_missing_determinants,12,0.024291497975708502
791,voter,usable_complete,276,0.5587044534412956
791,voter,usable_complete_limited_metadata,13,0.02631578947368421
791,voter,usable_partial,108,0.21862348178137653
791,voter,usable_partial_limited_metadata,1,0.0020242914979757085
792,abstention,no_determinants,31,0.06126482213438735
792,abstention,suspicious_determinants,2,0.003952569169960474
792,abstention,too_many_missing_determinants,9,0.017786561264822136
792,abstention,usable_complete,407,0.8043478260869565
792,abstention,usable_complete_limited_metadata,13,0.025691699604743084
792,abstention,usable_partial,39,0.07707509881422925
792,abstention,usable_partial_limited_metadata,5,0.009881422924901186
792,voter,no_determinants,84,0.1700404858299595
792,voter,suspicious_determinants,1,0.0020242914979757085
792,voter,too_many_missing_determinants,20,0.04048582995951417
792,voter,usable_complete,275,0.5566801619433198
792,voter,usable_complete_limited_metadata,8,0.016194331983805668
792,voter,usable_partial,106,0.2145748987854251
793,abstention,no_determinants,27,0.0533596837944664
793,abstention,too_many_missing_determinants,4,0.007905138339920948
793,abstention,usable_complete,408,0.8063241106719368
793,abstention,usable_complete_limited_metadata,13,0.025691699604743084
793,abstention,usable_partial,53,0.10474308300395258
793,abstention,usable_partial_limited_metadata,1,0.001976284584980237
793,voter,no_determinants,69,0.1396761133603239
793,voter,too_many_missing_determinants,15,0.030364372469635626
793,voter,usable_complete,316,0.6396761133603239
793,voter,usable_complete_limited_metadata,10,0.020242914979757085
793,voter,usable_partial,83,0.1680161943319838
793,voter,usable_partial_limited_metadata,1,0.0020242914979757085
794,abstention,no_determinants,30,0.05928853754940711
794,abstention,suspicious_determinants,3,0.005928853754940711
794,abstention,too_many_missing_determinants,3,0.005928853754940711
794,abstention,usable_complete,393,0.7766798418972332
794,abstention,usable_complete_limited_metadata,21,0.041501976284584984
794,abstention,usable_partial,52,0.10276679841897234
794,abstention,usable_partial_limited_metadata,4,0.007905138339920948
794,voter,no_determinants,57,0.11538461538461539
794,voter,suspicious_determinants,3,0.006072874493927126
794,voter,too_many_missing_determinants,15,0.030364372469635626
794,voter,usable_complete,298,0.6032388663967612
794,voter,usable_complete_limited_metadata,9,0.018218623481781375
794,voter,usable_partial,112,0.22672064777327935
795,abstention,no_determinants,25,0.04940711462450593
795,abstention,too_many_missing_determinants,3,0.005928853754940711
795,abstention,usable_complete,398,0.7865612648221344
795,abstention,usable_complete_limited_metadata,23,0.045454545454545456
795,abstention,usable_partial,50,0.09881422924901186
795,abstention,usable_partial_limited_metadata,7,0.01383399209486166
795,voter,no_determinants,70,0.1417004048582996
795,voter,suspicious_determinants,4,0.008097165991902834
795,voter,too_many_missing_determinants,18,0.03643724696356275
795,voter,usable_complete,286,0.5789473684210527
795,voter,usable_complete_limited_metadata,9,0.018218623481781375
795,voter,usable_partial,107,0.2165991902834008
796,abstention,no_determinants,22,0.043478260869565216
796,abstention,suspicious_determinants,3,0.005928853754940711
796,abstention,too_many_missing_determinants,3,0.005928853754940711
796,abstention,usable_complete,409,0.808300395256917
796,abstention,usable_complete_limited_metadata,22,0.043478260869565216
796,abstention,usable_partial,45,0.08893280632411067
796,abstention,usable_partial_limited_metadata,2,0.003952569169960474
796,voter,no_determinants,74,0.14979757085020243
796,voter,suspicious_determinants,2,0.004048582995951417
796,voter,too_many_missing_determinants,19,0.038461538461538464
796,voter,usable_complete,278,0.562753036437247
796,voter,usable_complete_limited_metadata,9,0.018218623481781375
796,voter,usable_partial,112,0.22672064777327935
797,abstention,no_determinants,20,0.039525691699604744
797,abstention,suspicious_determinants,2,0.003952569169960474
797,abstention,too_many_missing_determinants,5,0.009881422924901186
797,abstention,usable_complete,399,0.7885375494071146
797,abstention,usable_complete_limited_metadata,19,0.037549407114624504
797,abstention,usable_partial,55,0.10869565217391304
797,abstention,usable_partial_limited_metadata,6,0.011857707509881422
797,voter,no_determinants,80,0.16194331983805668
797,voter,suspicious_determinants,1,0.0020242914979757085
797,voter,too_many_missing_determinants,15,0.030364372469635626
797,voter,usable_complete,295,0.597165991902834
797,voter,usable_complete_limited_metadata,11,0.022267206477732792
797,voter,usable_partial,92,0.1862348178137652
798,abstention,no_determinants,37,0.07312252964426877
798,abstention,suspicious_determinants,2,0.003952569169960474
798,abstention,too_many_missing_determinants,6,0.011857707509881422
798,abstention,usable_complete,385,0.7608695652173914
798,abstention,usable_complete_limited_metadata,20,0.039525691699604744
798,abstention,usable_partial,55,0.10869565217391304
798,abstention,usable_partial_limited_metadata,1,0.001976284584980237
798,voter,no_determinants,72,0.145748987854251
798,voter,suspicious_determinants,4,0.008097165991902834
798,voter,too_many_missing_determinants,22,0.044534412955465584
798,voter,usable_complete,299,0.6052631578947368
798,voter,usable_complete_limited_metadata,6,0.012145748987854251
798,voter,usable_partial,91,0.18421052631578946
799,abstention,no_determinants,30,0.05928853754940711
799,abstention,suspicious_determinants,1,0.001976284584980237
799,abstention,too_many_missing_determinants,1,0.001976284584980237
799,abstention,usable_complete,405,0.8003952569169961
799,abstention,usable_complete_limited_metadata,19,0.037549407114624504
799,abstention,usable_partial,48,0.09486166007905138
799,abstention,usable_partial_limited_metadata,2,0.003952569169960474
799,voter,no_determinants,77,0.15587044534412955
799,voter,suspicious_determinants,2,0.004048582995951417
799,voter,too_many_missing_determinants,16,0.032388663967611336
799,voter,usable_complete,297,0.6012145748987854
799,voter,usable_complete_limited_metadata,7,0.01417004048582996
799,voter,usable_partial,95,0.19230769230769232
800,abstention,no_determinants,28,0.05533596837944664
800,abstention,too_many_missing_determinants,2,0.003952569169960474
800,abstention,usable_complete,410,0.8102766798418972
800,abstention,usable_complete_limited_metadata,20,0.039525691699604744
800,abstention,usable_partial,44,0.08695652173913043
800,abstention,usable_partial_limited_metadata,2,0.003952569169960474
800,voter,no_determinants,71,0.1437246963562753
800,voter,too_many_missing_determinants,17,0.03441295546558704
800,voter,usable_complete,293,0.5931174089068826
800,voter,usable_complete_limited_metadata,12,0.024291497975708502
800,voter,usable_partial,101,0.20445344129554655
801,abstention,no_determinants,37,0.07312252964426877
801,abstention,suspicious_determinants,1,0.001976284584980237
801,abstention,too_many_missing_determinants,4,0.007905138339920948
801,abstention,usable_complete,402,0.7944664031620553
801,abstention,usable_complete_limited_metadata,15,0.029644268774703556
801,abstention,usable_partial,46,0.09090909090909091
801,abstention,usable_partial_limited_metadata,1,0.001976284584980237
801,voter,no_determinants,66,0.13360323886639677
801,voter,suspicious_determinants,2,0.004048582995951417
801,voter,too_many_missing_determinants,14,0.02834008097165992
801,voter,usable_complete,306,0.6194331983805668
801,voter,usable_complete_limited_metadata,4,0.008097165991902834
801,voter,usable_partial,102,0.20647773279352227
802,abstention,no_determinants,28,0.05533596837944664
802,abstention,too_many_missing_determinants,10,0.019762845849802372
802,abstention,usable_complete,404,0.7984189723320159
802,abstention,usable_complete_limited_metadata,19,0.037549407114624504
802,abstention,usable_partial,42,0.08300395256916997
802,abstention,usable_partial_limited_metadata,3,0.005928853754940711
802,voter,no_determinants,66,0.13360323886639677
802,voter,suspicious_determinants,2,0.004048582995951417
802,voter,too_many_missing_determinants,17,0.03441295546558704
802,voter,usable_complete,297,0.6012145748987854
802,voter,usable_complete_limited_metadata,6,0.012145748987854251
802,voter,usable_partial,106,0.2145748987854251
803,abstention,no_determinants,31,0.06126482213438735
803,abstention,suspicious_determinants,2,0.003952569169960474
803,abstention,too_many_missing_determinants,8,0.015810276679841896
803,abstention,usable_complete,395,0.7806324110671937
803,abstention,usable_complete_limited_metadata,21,0.041501976284584984
803,abstention,usable_partial,45,0.08893280632411067
803,abstention,usable_partial_limited_metadata,4,0.007905138339920948
803,voter,no_determinants,55,0.11133603238866396
803,voter,suspicious_determinants,3,0.006072874493927126
803,voter,too_many_missing_determinants,15,0.030364372469635626
803,voter,usable_complete,304,0.6153846153846154
803,voter,usable_complete_limited_metadata,3,0.006072874493927126
803,voter,usable_partial,114,0.23076923076923078
804,abstention,no_determinants,26,0.05138339920948617
804,abstention,suspicious_determinants,1,0.001976284584980237
804,abstention,too_many_missing_determinants,5,0.009881422924901186
804,abstention,usable_complete,406,0.8023715415019763
804,abstention,usable_complete_limited_metadata,16,0.03162055335968379
804,abstention,usable_partial,49,0.09683794466403162
804,abstention,usable_partial_limited_metadata,3,0.005928853754940711
804,voter,no_determinants,56,0.11336032388663968
804,voter,suspicious_determinants,1,0.0020242914979757085
804,voter,too_many_missing_determinants,14,0.02834008097165992
804,voter,usable_complete,296,0.5991902834008097
804,voter,usable_complete_limited_metadata,12,0.024291497975708502
804,voter,usable_partial,115,0.23279352226720648
805,abstention,no_determinants,30,0.05928853754940711
805,abstention,too_many_missing_determinants,2,0.003952569169960474
805,abstention,usable_complete,407,0.8043478260869565
805,abstention,usable_complete_limited_metadata,21,0.041501976284584984
805,abstention,usable_partial,44,0.08695652173913043
805,abstention,usable_partial_limited_metadata,2,0.003952569169960474
805,voter,no_determinants,62,0.12550607287449392
805,voter,suspicious_determinants,5,0.010121457489878543
805,voter,too_many_missing_determinants,19,0.038461538461538464
805,voter,usable_complete,292,0.5910931174089069
805,voter,usable_complete_limited_metadata,9,0.018218623481781375
805,voter,usable_partial,107,0.2165991902834008
806,abstention,no_determinants,37,0.07312252964426877
806,abstention,suspicious_determinants,2,0.003952569169960474
806,abstention,too_many_missing_determinants,5,0.009881422924901186
806,abstention,usable_complete,396,0.782608695652174
806,abstention,usable_complete_limited_metadata,15,0.029644268774703556
806,abstention,usable_partial,49,0.09683794466403162
806,abstention,usable_partial_limited_metadata,2,0.003952569169960474
806,voter,no_determinants,73,0.14777327935222673
806,voter,suspicious_determinants,2,0.004048582995951417
806,voter,too_many_missing_determinants,18,0.03643724696356275
806,voter,usable_complete,285,0.5769230769230769
806,voter,usable_complete_limited_metadata,11,0.022267206477732792
806,voter,usable_partial,105,0.2125506072874494
807,abstention,no_determinants,27,0.0533596837944664
807,abstention,too_many_missing_determinants,7,0.01383399209486166
807,abstention,usable_complete,398,0.7865612648221344
807,abstention,usable_complete_limited_metadata,20,0.039525691699604744
807,abstention,usable_partial,51,0.1007905138339921
807,abstention,usable_partial_limited_metadata,3,0.005928853754940711
807,voter,no_determinants,74,0.14979757085020243
807,voter,suspicious_determinants,4,0.008097165991902834
807,voter,too_many_missing_determinants,21,0.04251012145748988
807,voter,usable_complete,284,0.5748987854251012
807,voter,usable_complete_limited_metadata,12,0.024291497975708502
807,voter,usable_partial,99,0.20040485829959515
808,abstention,no_determinants,25,0.04940711462450593
808,abstention,suspicious_determinants,1,0.001976284584980237
808,abstention,too_many_missing_determinants,7,0.01383399209486166
808,abstention,usable_complete,414,0.8181818181818182
808,abstention,usable_complete_limited_metadata,12,0.023715415019762844
808,abstention,usable_partial,43,0.08498023715415019
808,abstention,usable_partial_limited_metadata,4,0.007905138339920948
808,voter,no_determinants,71,0.1437246963562753
808,voter,suspicious_determinants,5,0.010121457489878543
808,voter,too_many_missing_determinants,13,0.02631578947368421
808,voter,usable_complete,294,0.5951417004048583
808,voter,usable_complete_limited_metadata,5,0.010121457489878543
808,voter,usable_partial,106,0.2145748987854251
809,abstention,no_determinants,27,0.0533596837944664
809,abstention,too_many_missing_determinants,4,0.007905138339920948
809,abstention,usable_complete,397,0.7845849802371542
809,abstention,usable_complete_limited_metadata,22,0.043478260869565216
809,abstention,usable_partial,54,0.1067193675889328
809,abstention,usable_partial_limited_metadata,2,0.003952569169960474
809,voter,no_determinants,59,0.1194331983805668
809,voter,suspicious_determinants,4,0.008097165991902834
809,voter,too_many_missing_determinants,19,0.038461538461538464
809,voter,usable_complete,292,0.5910931174089069
809,voter,usable_complete_limited_metadata,7,0.01417004048582996
809,voter,usable_partial,113,0.22874493927125505
810,abstention,no_determinants,29,0.05731225296442688
810,abstention,suspicious_determinants,3,0.005928853754940711
810,abstention,too_many_missing_determinants,3,0.005928853754940711
810,abstention,usable_complete,408,0.8063241106719368
810,abstention,usable_complete_limited_metadata,15,0.029644268774703556
810,abstention,usable_partial,46,0.09090909090909091
810,abstention,usable_partial_limited_metadata,2,0.003952569169960474
810,voter,no_determinants,65,0.13157894736842105
810,voter,suspicious_determinants,3,0.006072874493927126
810,voter,too_many_missing_determinants,22,0.044534412955465584
810,voter,usable_complete,304,0.6153846153846154
810,voter,usable_complete_limited_metadata,8,0.016194331983805668
810,voter,usable_partial,92,0.1862348178137652
811,abstention,no_determinants,31,0.06126482213438735
811,abstention,suspicious_determinants,1,0.001976284584980237
811,abstention,too_many_missing_determinants,6,0.011857707509881422
811,abstention,usable_complete,413,0.8162055335968379
811,abstention,usable_complete_limited_metadata,16,0.03162055335968379
811,abstention,usable_partial,39,0.07707509881422925
811,voter,no_determinants,63,0.12753036437246965
811,voter,suspicious_determinants,3,0.006072874493927126
811,voter,too_many_missing_determinants,22,0.044534412955465584
811,voter,usable_complete,287,0.5809716599190283
811,voter,usable_complete_limited_metadata,7,0.01417004048582996
811,voter,usable_partial,111,0.22469635627530365
811,voter,usable_partial_limited_metadata,1,0.0020242914979757085
812,abstention,no_determinants,23,0.045454545454545456
812,abstention,too_many_missing_determinants,5,0.009881422924901186
812,abstention,usable_complete,414,0.8181818181818182
812,abstention,usable_complete_limited_metadata,13,0.025691699604743084
812,abstention,usable_partial,49,0.09683794466403162
812,abstention,usable_partial_limited_metadata,2,0.003952569169960474
812,voter,no_determinants,80,0.16194331983805668
812,voter,suspicious_determinants,1,0.0020242914979757085
812,voter,too_many_missing_determinants,11,0.022267206477732792
812,voter,usable_complete,295,0.597165991902834
812,voter,usable_complete_limited_metadata,8,0.016194331983805668
812,voter,usable_partial,99,0.20040485829959515
813,abstention,no_determinants,25,0.04940711462450593
813,abstention,too_many_missing_determinants,3,0.005928853754940711
813,abstention,usable_complete,415,0.8201581027667985
813,abstention,usable_complete_limited_metadata,22,0.043478260869565216
813,abstention,usable_partial,38,0.07509881422924901
813,abstention,usable_partial_limited_metadata,3,0.005928853754940711
813,voter,no_determinants,58,0.11740890688259109
813,voter,suspicious_determinants,1,0.0020242914979757085
813,voter,too_many_missing_determinants,16,0.032388663967611336
813,voter,usable_complete,288,0.582995951417004
813,voter,usable_complete_limited_metadata,12,0.024291497975708502
813,voter,usable_partial,119,0.2408906882591093
814,abstention,no_determinants,37,0.07312252964426877
814,abstention,suspicious_determinants,1,0.001976284584980237
814,abstention,too_many_missing_determinants,4,0.007905138339920948
814,abstention,usable_complete,388,0.766798418972332
814,abstention,usable_complete_limited_metadata,30,0.05928853754940711
814,abstention,usable_partial,44,0.08695652173913043
814,abstention,usable_partial_limited_metadata,2,0.003952569169960474
814,voter,no_determinants,62,0.12550607287449392
814,voter,suspicious_determinants,4,0.008097165991902834
814,voter,too_many_missing_determinants,17,0.03441295546558704
814,voter,usable_complete,300,0.6072874493927125
814,voter,usable_complete_limited_metadata,6,0.012145748987854251
814,voter,usable_partial,105,0.2125506072874494
815,abstention,no_determinants,29,0.05731225296442688
815,abstention,suspicious_determinants,4,0.007905138339920948
815,abstention,too_many_missing_determinants,9,0.017786561264822136
815,abstention,usable_complete,403,0.7964426877470355
815,abstention,usable_complete_limited_metadata,14,0.02766798418972332
815,abstention,usable_partial,47,0.09288537549407115
815,voter,no_determinants,75,0.15182186234817813
815,voter,too_many_missing_determinants,19,0.038461538461538464
815,voter,usable_complete,284,0.5748987854251012
815,voter,usable_complete_limited_metadata,4,0.008097165991902834
815,voter,usable_partial,112,0.22672064777327935
816,abstention,no_determinants,28,0.05533596837944664
816,abstention,suspicious_determinants,1,0.001976284584980237
816,abstention,too_many_missing_determinants,5,0.009881422924901186
816,abstention,usable_complete,398,0.7865612648221344
816,abstention,usable_complete_limited_metadata,17,0.03359683794466403
816,abstention,usable_partial,54,0.1067193675889328
816,abstention,usable_partial_limited_metadata,3,0.005928853754940711
816,voter,no_determinants,78,0.15789473684210525
816,voter,suspicious_determinants,2,0.004048582995951417
816,voter,too_many_missing_determinants,11,0.022267206477732792
816,voter,usable_complete,289,0.5850202429149798
816,voter,usable_complete_limited_metadata,7,0.01417004048582996
816,voter,usable_partial,107,0.2165991902834008
817,abstention,no_determinants,35,0.0691699604743083
817,abstention,suspicious_determinants,2,0.003952569169960474
817,abstention,too_many_missing_determinants,9,0.017786561264822136
817,abstention,usable_complete,392,0.7747035573122529
817,abstention,usable_complete_limited_metadata,26,0.05138339920948617
817,abstention,usable_partial,41,0.08102766798418973
817,abstention,usable_partial_limited_metadata,1,0.001976284584980237
817,voter,no_determinants,73,0.14777327935222673
817,voter,suspicious_determinants,2,0.004048582995951417
817,voter,too_many_missing_determinants,21,0.04251012145748988
817,voter,usable_complete,278,0.562753036437247
817,voter,usable_complete_limited_metadata,8,0.016194331983805668
817,voter,usable_partial,111,0.22469635627530365
817,voter,usable_partial_limited_metadata,1,0.0020242914979757085
818,abstention,no_determinants,30,0.05928853754940711
818,abstention,suspicious_determinants,3,0.005928853754940711
818,abstention,too_many_missing_determinants,8,0.015810276679841896
818,abstention,usable_complete,401,0.7924901185770751
818,abstention,usable_complete_limited_metadata,17,0.03359683794466403
818,abstention,usable_partial,46,0.09090909090909091
818,abstention,usable_partial_limited_metadata,1,0.001976284584980237
818,voter,no_determinants,65,0.13157894736842105
818,voter,suspicious_determinants,1,0.0020242914979757085
818,voter,too_many_missing_determinants,12,0.024291497975708502
818,voter,usable_complete,287,0.5809716599190283
818,voter,usable_complete_limited_metadata,10,0.020242914979757085
818,voter,usable_partial,119,0.2408906882591093
819,abstention,no_determinants,33,0.06521739130434782
819,abstention,too_many_missing_determinants,4,0.007905138339920948
819,abstention,usable_complete,404,0.7984189723320159
819,abstention,usable_complete_limited_metadata,23,0.045454545454545456
819,abstention,usable_partial,41,0.08102766798418973
819,abstention,usable_partial_limited_metadata,1,0.001976284584980237
819,voter,no_determinants,72,0.145748987854251
819,voter,suspicious_determinants,7,0.01417004048582996
819,voter,too_many_missing_determinants,14,0.02834008097165992
819,voter,usable_complete,278,0.562753036437247
819,voter,usable_complete_limited_metadata,8,0.016194331983805668
819,voter,usable_partial,114,0.23076923076923078
819,voter,usable_partial_limited_metadata,1,0.0020242914979757085
820,abstention,no_determinants,41,0.08102766798418973
820,abstention,too_many_missing_determinants,3,0.005928853754940711
820,abstention,usable_complete,397,0.7845849802371542
820,abstention,usable_complete_limited_metadata,16,0.03162055335968379
820,abstention,usable_partial,45,0.08893280632411067
820,abstention,usable_partial_limited_metadata,4,0.007905138339920948
820,voter,no_determinants,65,0.13157894736842105
820,voter,suspicious_determinants,1,0.0020242914979757085
820,voter,too_many_missing_determinants,17,0.03441295546558704
820,voter,usable_complete,302,0.611336032388664
820,voter,usable_complete_limited_metadata,6,0.012145748987854251
820,voter,usable_partial,102,0.20647773279352227
820,voter,usable_partial_limited_metadata,1,0.0020242914979757085
821,abstention,no_determinants,29,0.05731225296442688
821,abstention,too_many_missing_determinants,5,0.009881422924901186
821,abstention,usable_complete,390,0.7707509881422925
821,abstention,usable_complete_limited_metadata,18,0.03557312252964427
821,abstention,usable_partial,62,0.1225296442687747
821,abstention,usable_partial_limited_metadata,2,0.003952569169960474
821,voter,no_determinants,55,0.11133603238866396
821,voter,suspicious_determinants,2,0.004048582995951417
821,voter,too_many_missing_determinants,17,0.03441295546558704
821,voter,usable_complete,296,0.5991902834008097
821,voter,usable_complete_limited_metadata,7,0.01417004048582996
821,voter,usable_partial,117,0.23684210526315788
822,abstention,no_determinants,34,0.06719367588932806
822,abstention,suspicious_determinants,1,0.001976284584980237
822,abstention,too_many_missing_determinants,8,0.015810276679841896
822,abstention,usable_complete,408,0.8063241106719368
822,abstention,usable_complete_limited_metadata,15,0.029644268774703556
822,abstention,usable_partial,38,0.07509881422924901
822,abstention,usable_partial_limited_metadata,2,0.003952569169960474
822,voter,no_determinants,70,0.1417004048582996
822,voter,suspicious_determinants,4,0.008097165991902834
822,voter,too_many_missing_determinants,20,0.04048582995951417
822,voter,usable_complete,291,0.5890688259109311
822,voter,usable_complete_limited_metadata,10,0.020242914979757085
822,voter,usable_partial,98,0.19838056680161945
822,voter,usable_partial_limited_metadata,1,0.0020242914979757085
823,abstention,no_determinants,38,0.07509881422924901
823,abstention,too_many_missing_determinants,2,0.003952569169960474
823,abstention,usable_complete,402,0.7944664031620553
823,abstention,usable_complete_limited_metadata,16,0.03162055335968379
823,abstention,usable_partial,47,0.09288537549407115
823,abstention,usable_partial_limited_metadata,1,0.001976284584980237
823,voter,no_determinants,78,0.15789473684210525
823,voter,suspicious_determinants,2,0.004048582995951417
823,voter,too_many_missing_determinants,12,0.024291497975708502
823,voter,usable_complete,284,0.5748987854251012
823,voter,usable_complete_limited_metadata,13,0.02631578947368421
823,voter,usable_partial,105,0.2125506072874494
824,abstention,no_determinants,33,0.06521739130434782
824,abstention,suspicious_determinants,2,0.003952569169960474
824,abstention,too_many_missing_determinants,4,0.007905138339920948
824,abstention,usable_complete,406,0.8023715415019763
824,abstention,usable_complete_limited_metadata,15,0.029644268774703556
824,abstention,usable_partial,46,0.09090909090909091
824,voter,no_determinants,55,0.11133603238866396
824,voter,suspicious_determinants,3,0.006072874493927126
824,voter,too_many_missing_determinants,15,0.030364372469635626
824,voter,usable_complete,309,0.6255060728744939
824,voter,usable_complete_limited_metadata,9,0.018218623481781375
824,voter,usable_partial,103,0.20850202429149797
825,abstention,no_determinants,28,0.05533596837944664
825,abstention,suspicious_determinants,1,0.001976284584980237
825,abstention,too_many_missing_determinants,5,0.009881422924901186
825,abstention,usable_complete,400,0.7905138339920948
825,abstention,usable_complete_limited_metadata,20,0.039525691699604744
825,abstention,usable_partial,47,0.09288537549407115
825,abstention,usable_partial_limited_metadata,5,0.009881422924901186
825,voter,no_determinants,62,0.12550607287449392
825,voter,suspicious_determinants,1,0.0020242914979757085
825,voter,too_many_missing_determinants,19,0.038461538461538464
825,voter,usable_complete,292,0.5910931174089069
825,voter,usable_complete_limited_metadata,12,0.024291497975708502
825,voter,usable_partial,108,0.21862348178137653
826,abstention,no_determinants,31,0.06126482213438735
826,abstention,suspicious_determinants,1,0.001976284584980237
826,abstention,too_many_missing_determinants,6,0.011857707509881422
826,abstention,usable_complete,397,0.7845849802371542
826,abstention,usable_complete_limited_metadata,20,0.039525691699604744
826,abstention,usable_partial,47,0.09288537549407115
826,abstention,usable_partial_limited_metadata,4,0.007905138339920948
826,voter,no_determinants,74,0.14979757085020243
826,voter,suspicious_determinants,3,0.006072874493927126
826,voter,too_many_missing_determinants,15,0.030364372469635626
826,voter,usable_complete,293,0.5931174089068826
826,voter,usable_complete_limited_metadata,9,0.018218623481781375
826,voter,usable_partial,100,0.20242914979757085
827,abstention,no_determinants,39,0.07707509881422925
827,abstention,suspicious_determinants,1,0.001976284584980237
827,abstention,too_many_missing_determinants,2,0.003952569169960474
827,abstention,usable_complete,385,0.7608695652173914
827,abstention,usable_complete_limited_metadata,19,0.037549407114624504
827,abstention,usable_partial,57,0.11264822134387352
827,abstention,usable_partial_limited_metadata,3,0.005928853754940711
827,voter,no_determinants,62,0.12550607287449392
827,voter,suspicious_determinants,6,0.012145748987854251
827,voter,too_many_missing_determinants,13,0.02631578947368421
827,voter,usable_complete,288,0.582995951417004
827,voter,usable_complete_limited_metadata,9,0.018218623481781375
827,voter,usable_partial,116,0.23481781376518218
828,abstention,no_determinants,34,0.06719367588932806
828,abstention,too_many_missing_determinants,4,0.007905138339920948
828,abstention,usable_complete,391,0.7727272727272727
828,abstention,usable_complete_limited_metadata,19,0.037549407114624504
828,abstention,usable_partial,54,0.1067193675889328
828,abstention,usable_partial_limited_metadata,4,0.007905138339920948
828,voter,no_determinants,88,0.17813765182186234
828,voter,suspicious_determinants,3,0.006072874493927126
828,voter,too_many_missing_determinants,19,0.038461538461538464
828,voter,usable_complete,268,0.5425101214574899
828,voter,usable_complete_limited_metadata,16,0.032388663967611336
828,voter,usable_partial,100,0.20242914979757085
829,abstention,no_determinants,30,0.05928853754940711
829,abstention,suspicious_determinants,1,0.001976284584980237
829,abstention,too_many_missing_determinants,2,0.003952569169960474
829,abstention,usable_complete,417,0.8241106719367589
829,abstention,usable_complete_limited_metadata,18,0.03557312252964427
829,abstention,usable_partial,38,0.07509881422924901
829,voter,no_determinants,61,0.12348178137651822
829,voter,suspicious_determinants,2,0.004048582995951417
829,voter,too_many_missing_determinants,20,0.04048582995951417
829,voter,usable_complete,300,0.6072874493927125
829,voter,usable_complete_limited_metadata,9,0.018218623481781375
829,voter,usable_partial,102,0.20647773279352227
830,abstention,no_determinants,29,0.05731225296442688
830,abstention,too_many_missing_determinants,5,0.009881422924901186
830,abstention,usable_complete,402,0.7944664031620553
830,abstention,usable_complete_limited_metadata,17,0.03359683794466403
830,abstention,usable_partial,50,0.09881422924901186
830,abstention,usable_partial_limited_metadata,3,0.005928853754940711
830,voter,no_determinants,72,0.145748987854251
830,voter,suspicious_determinants,1,0.0020242914979757085
830,voter,too_many_missing_determinants,19,0.038461538461538464
830,voter,usable_complete,284,0.5748987854251012
830,voter,usable_complete_limited_metadata,8,0.016194331983805668
830,voter,usable_partial,110,0.22267206477732793
831,abstention,no_determinants,34,0.06719367588932806
831,abstention,suspicious_determinants,3,0.005928853754940711
831,abstention,too_many_missing_determinants,6,0.011857707509881422
831,abstention,usable_complete,381,0.7529644268774703
831,abstention,usable_complete_limited_metadata,18,0.03557312252964427
831,abstention,usable_partial,62,0.1225296442687747
831,abstention,usable_partial_limited_metadata,2,0.003952569169960474
831,voter,no_determinants,53,0.10728744939271255
831,voter,suspicious_determinants,1,0.0020242914979757085
831,voter,too_many_missing_determinants,24,0.048582995951417005
831,voter,usable_complete,282,0.5708502024291497
831,voter,usable_complete_limited_metadata,8,0.016194331983805668
831,voter,usable_partial,126,0.2550607287449393
832,abstention,no_determinants,34,0.06719367588932806
832,abstention,too_many_missing_determinants,3,0.005928853754940711
832,abstention,usable_complete,400,0.7905138339920948
832,abstention,usable_complete_limited_metadata,19,0.037549407114624504
832,abstention,usable_partial,48,0.09486166007905138
832,abstention,usable_partial_limited_metadata,2,0.003952569169960474
832,voter,no_determinants,60,0.1214574898785425
832,voter,suspicious_determinants,3,0.006072874493927126
832,voter,too_many_missing_determinants,21,0.04251012145748988
832,voter,usable_complete,274,0.5546558704453441
832,voter,usable_complete_limited_metadata,13,0.02631578947368421
832,voter,usable_partial,123,0.24898785425101214
833,abstention,no_determinants,32,0.06324110671936758
833,abstention,suspicious_determinants,1,0.001976284584980237
833,abstention,too_many_missing_determinants,3,0.005928853754940711
833,abstention,usable_complete,403,0.7964426877470355
833,abstention,usable_complete_limited_metadata,14,0.02766798418972332
833,abstention,usable_partial,50,0.09881422924901186
833,abstention,usable_partial_limited_metadata,3,0.005928853754940711
833,voter,no_determinants,80,0.16194331983805668
833,voter,suspicious_determinants,5,0.010121457489878543
833,voter,too_many_missing_determinants,12,0.024291497975708502
833,voter,usable_complete,274,0.5546558704453441
833,voter,usable_complete_limited_metadata,13,0.02631578947368421
833,voter,usable_partial,110,0.22267206477732793
834,abstention,no_determinants,31,0.06126482213438735
834,abstention,suspicious_determinants,2,0.003952569169960474
834,abstention,too_many_missing_determinants,1,0.001976284584980237
834,abstention,usable_complete,399,0.7885375494071146
834,abstention,usable_complete_limited_metadata,17,0.03359683794466403
834,abstention,usable_partial,53,0.10474308300395258
834,abstention,usable_partial_limited_metadata,3,0.005928853754940711
834,voter,no_determinants,76,0.15384615384615385
834,voter,suspicious_determinants,2,0.004048582995951417
834,voter,too_many_missing_determinants,16,0.032388663967611336
834,voter,usable_complete,278,0.562753036437247
834,voter,usable_complete_limited_metadata,8,0.016194331983805668
834,voter,usable_partial,114,0.23076923076923078
835,abstention,no_determinants,31,0.06126482213438735
835,abstention,suspicious_determinants,1,0.001976284584980237
835,abstention,too_many_missing_determinants,4,0.007905138339920948
835,abstention,usable_complete,399,0.7885375494071146
835,abstention,usable_complete_limited_metadata,21,0.041501976284584984
835,abstention,usable_partial,48,0.09486166007905138
835,abstention,usable_partial_limited_metadata,2,0.003952569169960474
835,voter,no_determinants,64,0.12955465587044535
835,voter,suspicious_determinants,3,0.006072874493927126
835,voter,too_many_missing_determinants,13,0.02631578947368421
835,voter,usable_complete,293,0.5931174089068826
835,voter,usable_complete_limited_metadata,7,0.01417004048582996
835,voter,usable_partial,114,0.23076923076923078
836,abstention,no_determinants,32,0.06324110671936758
836,abstention,too_many_missing_determinants,3,0.005928853754940711
836,abstention,usable_complete,413,0.8162055335968379
836,abstention,usable_complete_limited_metadata,15,0.029644268774703556
836,abstention,usable_partial,40,0.07905138339920949
836,abstention,usable_partial_limited_metadata,3,0.005928853754940711
836,voter,no_determinants,79,0.15991902834008098
836,voter,suspicious_determinants,2,0.004048582995951417
836,voter,too_many_missing_determinants,15,0.030364372469635626
836,voter,usable_complete,292,0.5910931174089069
836,voter,usable_complete_limited_metadata,11,0.022267206477732792
836,voter,usable_partial,95,0.19230769230769232
837,abstention,no_determinants,21,0.041501976284584984
837,abstention,suspicious_determinants,1,0.001976284584980237
837,abstention,too_many_missing_determinants,2,0.003952569169960474
837,abstention,usable_complete,413,0.8162055335968379
837,abstention,usable_complete_limited_metadata,22,0.043478260869565216
837,abstention,usable_partial,44,0.08695652173913043
837,abstention,usable_partial_limited_metadata,3,0.005928853754940711
837,voter,no_determinants,69,0.1396761133603239
837,voter,suspicious_determinants,1,0.0020242914979757085
837,voter,too_many_missing_determinants,16,0.032388663967611336
837,voter,usable_complete,290,0.5870445344129555
837,voter,usable_complete_limited_metadata,6,0.012145748987854251
837,voter,usable_partial,112,0.22672064777327935
838,abstention,no_determinants,29,0.05731225296442688
838,abstention,suspicious_determinants,1,0.001976284584980237
838,abstention,too_many_missing_determinants,4,0.007905138339920948
838,abstention,usable_complete,407,0.8043478260869565
838,abstention,usable_complete_limited_metadata,17,0.03359683794466403
838,abstention,usable_partial,47,0.09288537549407115
838,abstention,usable_partial_limited_metadata,1,0.001976284584980237
838,voter,no_determinants,59,0.1194331983805668
838,voter,suspicious_determinants,1,0.0020242914979757085
838,voter,too_many_missing_determinants,20,0.04048582995951417
838,voter,usable_complete,292,0.5910931174089069
838,voter,usable_complete_limited_metadata,11,0.022267206477732792
838,voter,usable_partial,111,0.22469635627530365
839,abstention,no_determinants,39,0.07707509881422925
839,abstention,suspicious_determinants,3,0.005928853754940711
839,abstention,too_many_missing_determinants,4,0.007905138339920948
839,abstention,usable_complete,382,0.7549407114624506
839,abstention,usable_complete_limited_metadata,25,0.04940711462450593
839,abstention,usable_partial,51,0.1007905138339921
839,abstention,usable_partial_limited_metadata,2,0.003952569169960474
839,voter,no_determinants,62,0.12550607287449392
839,voter,too_many_missing_determinants,20,0.04048582995951417
839,voter,usable_complete,290,0.5870445344129555
839,voter,usable_complete_limited_metadata,6,0.012145748987854251
839,voter,usable_partial,116,0.23481781376518218
840,abstention,no_determinants,33,0.06521739130434782
840,abstention,suspicious_determinants,1,0.001976284584980237
840,abstention,too_many_missing_determinants,8,0.015810276679841896
840,abstention,usable_complete,396,0.782608695652174
840,abstention,usable_complete_limited_metadata,14,0.02766798418972332
840,abstention,usable_partial,49,0.09683794466403162
840,abstention,usable_partial_limited_metadata,5,0.009881422924901186
840,voter,no_determinants,69,0.1396761133603239
840,voter,suspicious_determinants,3,0.006072874493927126
840,voter,too_many_missing_determinants,26,0.05263157894736842
840,voter,usable_complete,299,0.6052631578947368
840,voter,usable_complete_limited_metadata,6,0.012145748987854251
840,voter,usable_partial,91,0.18421052631578946
841,abstention,no_determinants,28,0.05533596837944664
841,abstention,too_many_missing_determinants,3,0.005928853754940711
841,abstention,usable_complete,396,0.782608695652174
841,abstention,usable_complete_limited_metadata,24,0.04743083003952569
841,abstention,usable_partial,47,0.09288537549407115
841,abstention,usable_partial_limited_metadata,8,0.015810276679841896
841,voter,no_determinants,76,0.15384615384615385
841,voter,suspicious_determinants,2,0.004048582995951417
841,voter,too_many_missing_determinants,15,0.030364372469635626
841,voter,usable_complete,273,0.5526315789473685
841,voter,usable_complete_limited_metadata,14,0.02834008097165992
841,voter,usable_partial,114,0.23076923076923078
842,abstention,no_determinants,30,0.05928853754940711
842,abstention,too_many_missing_determinants,10,0.019762845849802372
842,abstention,usable_complete,396,0.782608695652174
842,abstention,usable_complete_limited_metadata,16,0.03162055335968379
842,abstention,usable_partial,51,0.1007905138339921
842,abstention,usable_partial_limited_metadata,3,0.005928853754940711
842,voter,no_determinants,75,0.15182186234817813
842,voter,suspicious_determinants,1,0.0020242914979757085
842,voter,too_many_missing_determinants,15,0.030364372469635626
842,voter,usable_complete,274,0.5546558704453441
842,voter,usable_complete_limited_metadata,10,0.020242914979757085
842,voter,usable_partial,119,0.2408906882591093
843,abstention,no_determinants,26,0.05138339920948617
843,abstention,suspicious_determinants,1,0.001976284584980237
843,abstention,too_many_missing_determinants,7,0.01383399209486166
843,abstention,usable_complete,409,0.808300395256917
843,abstention,usable_complete_limited_metadata,15,0.029644268774703556
843,abstention,usable_partial,48,0.09486166007905138
843,voter,no_determinants,76,0.15384615384615385
843,voter,suspicious_determinants,3,0.006072874493927126
843,voter,too_many_missing_determinants,17,0.03441295546558704
843,voter,usable_complete,271,0.548582995951417
843,voter,usable_complete_limited_metadata,10,0.020242914979757085
843,voter,usable_partial,115,0.23279352226720648
843,voter,usable_partial_limited_metadata,2,0.004048582995951417
844,abstention,no_determinants,25,0.04940711462450593
844,abstention,too_many_missing_determinants,3,0.005928853754940711
844,abstention,usable_complete,411,0.8122529644268774
844,abstention,usable_complete_limited_metadata,20,0.039525691699604744
844,abstention,usable_partial,47,0.09288537549407115
844,voter,no_determinants,79,0.15991902834008098
844,voter,suspicious_determinants,3,0.006072874493927126
844,voter,too_many_missing_determinants,15,0.030364372469635626
844,voter,usable_complete,282,0.5708502024291497
844,voter,usable_complete_limited_metadata,6,0.012145748987854251
844,voter,usable_partial,109,0.22064777327935223
845,abstention,no_determinants,31,0.06126482213438735
845,abstention,suspicious_determinants,1,0.001976284584980237
845,abstention,too_many_missing_determinants,10,0.019762845849802372
845,abstention,usable_complete,392,0.7747035573122529
845,abstention,usable_complete_limited_metadata,21,0.041501976284584984
845,abstention,usable_partial,49,0.09683794466403162
845,abstention,usable_partial_limited_metadata,2,0.003952569169960474
845,voter,no_determinants,74,0.14979757085020243
845,voter,suspicious_determinants,2,0.004048582995951417
845,voter,too_many_missing_determinants,14,0.02834008097165992
845,voter,usable_complete,288,0.582995951417004
845,voter,usable_complete_limited_metadata,7,0.01417004048582996
845,voter,usable_partial,109,0.22064777327935223
846,abstention,no_determinants,34,0.06719367588932806
846,abstention,suspicious_determinants,1,0.001976284584980237
846,abstention,too_many_missing_determinants,5,0.009881422924901186
846,abstention,usable_complete,389,0.7687747035573123
846,abstention,usable_complete_limited_metadata,18,0.03557312252964427
846,abstention,usable_partial,56,0.11067193675889328
846,abstention,usable_partial_limited_metadata,3,0.005928853754940711
846,voter,no_determinants,54,0.10931174089068826
846,voter,suspicious_determinants,3,0.006072874493927126
846,voter,too_many_missing_determinants,19,0.038461538461538464
846,voter,usable_complete,291,0.5890688259109311
846,voter,usable_complete_limited_metadata,7,0.01417004048582996
846,voter,usable_partial,120,0.242914979757085
847,abstention,no_determinants,27,0.0533596837944664
847,abstention,suspicious_determinants,2,0.003952569169960474
847,abstention,too_many_missing_determinants,3,0.005928853754940711
847,abstention,usable_complete,406,0.8023715415019763
847,abstention,usable_complete_limited_metadata,13,0.025691699604743084
847,abstention,usable_partial,52,0.10276679841897234
847,abstention,usable_partial_limited_metadata,3,0.005928853754940711
847,voter,no_determinants,57,0.11538461538461539
847,voter,suspicious_determinants,3,0.006072874493927126
847,voter,too_many_missing_determinants,24,0.048582995951417005
847,voter,usable_complete,285,0.5769230769230769
847,voter,usable_complete_limited_metadata,7,0.01417004048582996
847,voter,usable_partial,118,0.2388663967611336
848,abstention,no_determinants,33,0.06521739130434782
848,abstention,suspicious_determinants,1,0.001976284584980237
848,abstention,too_many_missing_determinants,4,0.007905138339920948
848,abstention,usable_complete,410,0.8102766798418972
848,abstention,usable_complete_limited_metadata,12,0.023715415019762844
848,abstention,usable_partial,46,0.09090909090909091
848,voter,no_determinants,72,0.145748987854251
848,voter,suspicious_determinants,3,0.006072874493927126
848,voter,too_many_missing_determinants,15,0.030364372469635626
848,voter,usable_complete,291,0.5890688259109311
848,voter,usable_complete_limited_metadata,8,0.016194331983805668
848,voter,usable_partial,105,0.2125506072874494
849,abstention,no_determinants,32,0.06324110671936758
849,abstention,suspicious_determinants,2,0.003952569169960474
849,abstention,too_many_missing_determinants,6,0.011857707509881422
849,abstention,usable_complete,389,0.7687747035573123
849,abstention,usable_complete_limited_metadata,24,0.04743083003952569
849,abstention,usable_partial,53,0.10474308300395258
849,voter,no_determinants,75,0.15182186234817813
849,voter,suspicious_determinants,1,0.0020242914979757085
849,voter,too_many_missing_determinants,15,0.030364372469635626
849,voter,usable_complete,273,0.5526315789473685
849,voter,usable_complete_limited_metadata,10,0.020242914979757085
849,voter,usable_partial,120,0.242914979757085
850,abstention,no_determinants,26,0.05138339920948617
850,abstention,too_many_missing_determinants,4,0.007905138339920948
850,abstention,usable_complete,401,0.7924901185770751
850,abstention,usable_complete_limited_metadata,15,0.029644268774703556
850,abstention,usable_partial,56,0.11067193675889328
850,abstention,usable_partial_limited_metadata,4,0.007905138339920948
850,voter,no_determinants,71,0.1437246963562753
850,voter,suspicious_determinants,3,0.006072874493927126
850,voter,too_many_missing_determinants,9,0.018218623481781375
850,voter,usable_complete,289,0.5850202429149798
850,voter,usable_complete_limited_metadata,9,0.018218623481781375
850,voter,usable_partial,113,0.22874493927125505
851,abstention,no_determinants,33,0.06521739130434782
851,abstention,too_many_missing_determinants,2,0.003952569169960474
851,abstention,usable_complete,407,0.8043478260869565
851,abstention,usable_complete_limited_metadata,19,0.037549407114624504
851,abstention,usable_partial,44,0.08695652173913043
851,abstention,usable_partial_limited_metadata,1,0.001976284584980237
851,voter,no_determinants,71,0.1437246963562753
851,voter,suspicious_determinants,3,0.006072874493927126
851,voter,too_many_missing_determinants,16,0.032388663967611336
851,voter,usable_complete,286,0.5789473684210527
851,voter,usable_complete_limited_metadata,7,0.01417004048582996
851,voter,usable_partial,111,0.22469635627530365
852,abstention,no_determinants,35,0.0691699604743083
852,abstention,suspicious_determinants,1,0.001976284584980237
852,abstention,too_many_missing_determinants,5,0.009881422924901186
852,abstention,usable_complete,394,0.7786561264822134
852,abstention,usable_complete_limited_metadata,16,0.03162055335968379
852,abstention,usable_partial,52,0.10276679841897234
852,abstention,usable_partial_limited_metadata,3,0.005928853754940711
852,voter,no_determinants,64,0.12955465587044535
852,voter,suspicious_determinants,2,0.004048582995951417
852,voter,too_many_missing_determinants,18,0.03643724696356275
852,voter,usable_complete,274,0.5546558704453441
852,voter,usable_complete_limited_metadata,10,0.020242914979757085
852,voter,usable_partial,126,0.2550607287449393
853,abstention,no_determinants,30,0.05928853754940711
853,abstention,suspicious_determinants,1,0.001976284584980237
853,abstention,too_many_missing_determinants,4,0.007905138339920948
853,abstention,usable_complete,411,0.8122529644268774
853,abstention,usable_complete_limited_metadata,15,0.029644268774703556
853,abstention,usable_partial,44,0.08695652173913043
853,abstention,usable_partial_limited_metadata,1,0.001976284584980237
853,voter,no_determinants,59,0.1194331983805668
853,voter,suspicious_determinants,4,0.008097165991902834
853,voter,too_many_missing_determinants,21,0.04251012145748988
853,voter,usable_complete,284,0.5748987854251012
853,voter,usable_complete_limited_metadata,6,0.012145748987854251
853,voter,usable_partial,120,0.242914979757085
854,abstention,no_determinants,32,0.06324110671936758
854,abstention,suspicious_determinants,2,0.003952569169960474
854,abstention,too_many_missing_determinants,7,0.01383399209486166
854,abstention,usable_complete,398,0.7865612648221344
854,abstention,usable_complete_limited_metadata,14,0.02766798418972332
854,abstention,usable_partial,51,0.1007905138339921
854,abstention,usable_partial_limited_metadata,2,0.003952569169960474
854,voter,no_determinants,56,0.11336032388663968
854,voter,suspicious_determinants,4,0.008097165991902834
854,voter,too_many_missing_determinants,9,0.018218623481781375
854,voter,usable_complete,307,0.6214574898785425
854,voter,usable_complete_limited_metadata,9,0.018218623481781375
854,voter,usable_partial,109,0.22064777327935223
855,abstention,no_determinants,27,0.0533596837944664
855,abstention,suspicious_determinants,1,0.001976284584980237
855,abstention,too_many_missing_determinants,5,0.009881422924901186
855,abstention,usable_complete,409,0.808300395256917
855,abstention,usable_complete_limited_metadata,14,0.02766798418972332
855,abstention,usable_partial,48,0.09486166007905138
855,abstention,usable_partial_limited_metadata,2,0.003952569169960474
855,voter,no_determinants,79,0.15991902834008098
855,voter,suspicious_determinants,2,0.004048582995951417
855,voter,too_many_missing_determinants,16,0.032388663967611336
855,voter,usable_complete,280,0.5668016194331984
855,voter,usable_complete_limited_metadata,6,0.012145748987854251
855,voter,usable_partial,111,0.22469635627530365
856,abstention,no_determinants,30,0.05928853754940711
856,abstention,suspicious_determinants,1,0.001976284584980237
856,abstention,too_many_missing_determinants,8,0.015810276679841896
856,abstention,usable_complete,400,0.7905138339920948
856,abstention,usable_complete_limited_metadata,16,0.03162055335968379
856,abstention,usable_partial,48,0.09486166007905138
856,abstention,usable_partial_limited_metadata,3,0.005928853754940711
856,voter,no_determinants,69,0.1396761133603239
856,voter,suspicious_determinants,4,0.008097165991902834
856,voter,too_many_missing_determinants,13,0.02631578947368421
856,voter,usable_complete,287,0.5809716599190283
856,voter,usable_complete_limited_metadata,10,0.020242914979757085
856,voter,usable_partial,110,0.22267206477732793
856,voter,usable_partial_limited_metadata,1,0.0020242914979757085
857,abstention,no_determinants,29,0.05731225296442688
857,abstention,suspicious_determinants,2,0.003952569169960474
857,abstention,too_many_missing_determinants,6,0.011857707509881422
857,abstention,usable_complete,400,0.7905138339920948
857,abstention,usable_complete_limited_metadata,11,0.021739130434782608
857,abstention,usable_partial,55,0.10869565217391304
857,abstention,usable_partial_limited_metadata,3,0.005928853754940711
857,voter,no_determinants,65,0.13157894736842105
857,voter,too_many_missing_determinants,13,0.02631578947368421
857,voter,usable_complete,309,0.6255060728744939
857,voter,usable_complete_limited_metadata,7,0.01417004048582996
857,voter,usable_partial,100,0.20242914979757085
858,abstention,no_determinants,44,0.08695652173913043
858,abstention,suspicious_determinants,1,0.001976284584980237
858,abstention,too_many_missing_determinants,10,0.019762845849802372
858,abstention,usable_complete,383,0.7569169960474308
858,abstention,usable_complete_limited_metadata,20,0.039525691699604744
858,abstention,usable_partial,47,0.09288537549407115
858,abstention,usable_partial_limited_metadata,1,0.001976284584980237
858,voter,no_determinants,69,0.1396761133603239
858,voter,suspicious_determinants,5,0.010121457489878543
858,voter,too_many_missing_determinants,21,0.04251012145748988
858,voter,usable_complete,275,0.5566801619433198
858,voter,usable_complete_limited_metadata,12,0.024291497975708502
858,voter,usable_partial,112,0.22672064777327935
859,abstention,no_determinants,35,0.0691699604743083
859,abstention,suspicious_determinants,1,0.001976284584980237
859,abstention,too_many_missing_determinants,2,0.003952569169960474
859,abstention,usable_complete,398,0.7865612648221344
859,abstention,usable_complete_limited_metadata,16,0.03162055335968379
859,abstention,usable_partial,52,0.10276679841897234
859,abstention,usable_partial_limited_metadata,2,0.003952569169960474
859,voter,no_determinants,64,0.12955465587044535
859,voter,suspicious_determinants,2,0.004048582995951417
859,voter,too_many_missing_determinants,16,0.032388663967611336
859,voter,usable_complete,288,0.582995951417004
859,voter,usable_complete_limited_metadata,14,0.02834008097165992
859,voter,usable_partial,109,0.22064777327935223
859,voter,usable_partial_limited_metadata,1,0.0020242914979757085
860,abstention,no_determinants,22,0.043478260869565216
860,abstention,suspicious_determinants,1,0.001976284584980237
860,abstention,too_many_missing_determinants,4,0.007905138339920948
860,abstention,usable_complete,414,0.8181818181818182
860,abstention,usable_complete_limited_metadata,17,0.03359683794466403
860,abstention,usable_partial,44,0.08695652173913043
860,abstention,usable_partial_limited_metadata,4,0.007905138339920948
860,voter,no_determinants,65,0.13157894736842105
860,voter,suspicious_determinants,2,0.004048582995951417
860,voter,too_many_missing_determinants,18,0.03643724696356275
860,voter,usable_complete,281,0.5688259109311741
860,voter,usable_complete_limited_metadata,6,0.012145748987854251
860,voter,usable_partial,119,0.2408906882591093
860,voter,usable_partial_limited_metadata,3,0.006072874493927126
861,abstention,no_determinants,30,0.05928853754940711
861,abstention,suspicious_determinants,2,0.003952569169960474
861,abstention,too_many_missing_determinants,2,0.003952569169960474
861,abstention,usable_complete,376,0.7430830039525692
861,abstention,usable_complete_limited_metadata,30,0.05928853754940711
861,abstention,usable_partial,61,0.12055335968379446
861,abstention,usable_partial_limited_metadata,5,0.009881422924901186
861,voter,no_determinants,64,0.12955465587044535
861,voter,suspicious_determinants,3,0.006072874493927126
861,voter,too_many_missing_determinants,22,0.044534412955465584
861,voter,usable_complete,279,0.5647773279352226
861,voter,usable_complete_limited_metadata,9,0.018218623481781375
861,voter,usable_partial,117,0.23684210526315788
862,abstention,no_determinants,19,0.037549407114624504
862,abstention,suspicious_determinants,1,0.001976284584980237
862,abstention,too_many_missing_determinants,2,0.003952569169960474
862,abstention,usable_complete,388,0.766798418972332
862,abstention,usable_complete_limited_metadata,33,0.06521739130434782
862,abstention,usable_partial,59,0.116600790513834
862,abstention,usable_partial_limited_metadata,4,0.007905138339920948
862,voter,no_determinants,70,0.1417004048582996
862,voter,suspicious_determinants,4,0.008097165991902834
862,voter,too_many_missing_determinants,16,0.032388663967611336
862,voter,usable_complete,282,0.5708502024291497
862,voter,usable_complete_limited_metadata,11,0.022267206477732792
862,voter,usable_partial,111,0.22469635627530365
863,abstention,no_determinants,33,0.06521739130434782
863,abstention,too_many_missing_determinants,12,0.023715415019762844
863,abstention,usable_complete,402,0.7944664031620553
863,abstention,usable_complete_limited_metadata,16,0.03162055335968379
863,abstention,usable_partial,42,0.08300395256916997
863,abstention,usable_partial_limited_metadata,1,0.001976284584980237
863,voter,no_determinants,62,0.12550607287449392
863,voter,suspicious_determinants,5,0.010121457489878543
863,voter,too_many_missing_determinants,21,0.04251012145748988
863,voter,usable_complete,288,0.582995951417004
863,voter,usable_complete_limited_metadata,12,0.024291497975708502
863,voter,usable_partial,106,0.2145748987854251
864,abstention,no_determinants,39,0.07707509881422925
864,abstention,suspicious_determinants,1,0.001976284584980237
864,abstention,too_many_missing_determinants,5,0.009881422924901186
864,abstention,usable_complete,400,0.7905138339920948
864,abstention,usable_complete_limited_metadata,24,0.04743083003952569
864,abstention,usable_partial,34,0.06719367588932806
864,abstention,usable_partial_limited_metadata,3,0.005928853754940711
864,voter,no_determinants,65,0.13157894736842105
864,voter,suspicious_determinants,1,0.0020242914979757085
864,voter,too_many_missing_determinants,20,0.04048582995951417
864,voter,usable_complete,306,0.6194331983805668
864,voter,usable_complete_limited_metadata,2,0.004048582995951417
864,voter,usable_partial,99,0.20040485829959515
864,voter,usable_partial_limited_metadata,1,0.0020242914979757085
865,abstention,no_determinants,21,0.041501976284584984
865,abstention,suspicious_determinants,1,0.001976284584980237
865,abstention,too_many_missing_determinants,3,0.005928853754940711
865,abstention,usable_complete,408,0.8063241106719368
865,abstention,usable_complete_limited_metadata,21,0.041501976284584984
865,abstention,usable_partial,49,0.09683794466403162
865,abstention,usable_partial_limited_metadata,3,0.005928853754940711
865,voter,no_determinants,62,0.12550607287449392
865,voter,suspicious_determinants,1,0.0020242914979757085
865,voter,too_many_missing_determinants,15,0.030364372469635626
865,voter,usable_complete,298,0.6032388663967612
865,voter,usable_complete_limited_metadata,6,0.012145748987854251
865,voter,usable_partial,112,0.22672064777327935
866,abstention,no_determinants,28,0.05533596837944664
866,abstention,too_many_missing_determinants,7,0.01383399209486166
866,abstention,usable_complete,409,0.808300395256917
866,abstention,usable_complete_limited_metadata,26,0.05138339920948617
866,abstention,usable_partial,34,0.06719367588932806
866,abstention,usable_partial_limited_metadata,2,0.003952569169960474
866,voter,no_determinants,57,0.11538461538461539
866,voter,suspicious_determinants,2,0.004048582995951417
866,voter,too_many_missing_determinants,9,0.018218623481781375
866,voter,usable_complete,300,0.6072874493927125
866,voter,usable_complete_limited_metadata,6,0.012145748987854251
866,voter,usable_partial,120,0.242914979757085
867,abstention,no_determinants,29,0.05731225296442688
867,abstention,suspicious_determinants,1,0.001976284584980237
867,abstention,too_many_missing_determinants,7,0.01383399209486166
867,abstention,usable_complete,399,0.7885375494071146
867,abstention,usable_complete_limited_metadata,27,0.0533596837944664
867,abstention,usable_partial,41,0.08102766798418973
867,abstention,usable_partial_limited_metadata,2,0.003952569169960474
867,voter,no_determinants,69,0.1396761133603239
867,voter,suspicious_determinants,1,0.0020242914979757085
867,voter,too_many_missing_determinants,9,0.018218623481781375
867,voter,usable_complete,303,0.6133603238866396
867,voter,usable_complete_limited_metadata,7,0.01417004048582996
867,voter,usable_partial,105,0.2125506072874494
868,abstention,no_determinants,20,0.039525691699604744
868,abstention,suspicious_determinants,3,0.005928853754940711
868,abstention,too_many_missing_determinants,5,0.009881422924901186
868,abstention,usable_complete,401,0.7924901185770751
868,abstention,usable_complete_limited_metadata,24,0.04743083003952569
868,abstention,usable_partial,49,0.09683794466403162
868,abstention,usable_partial_limited_metadata,4,0.007905138339920948
868,voter,no_determinants,86,0.17408906882591094
868,voter,suspicious_determinants,3,0.006072874493927126
868,voter,too_many_missing_determinants,10,0.020242914979757085
868,voter,usable_complete,280,0.5668016194331984
868,voter,usable_complete_limited_metadata,8,0.016194331983805668
868,voter,usable_partial,107,0.2165991902834008
869,abstention,no_determinants,20,0.039525691699604744
869,abstention,suspicious_determinants,1,0.001976284584980237
869,abstention,too_many_missing_determinants,3,0.005928853754940711
869,abstention,usable_complete,406,0.8023715415019763
869,abstention,usable_complete_limited_metadata,23,0.045454545454545456
869,abstention,usable_partial,49,0.09683794466403162
869,abstention,usable_partial_limited_metadata,4,0.007905138339920948
869,voter,no_determinants,64,0.12955465587044535
869,voter,suspicious_determinants,4,0.008097165991902834
869,voter,too_many_missing_determinants,12,0.024291497975708502
869,voter,usable_complete,290,0.5870445344129555
869,voter,usable_complete_limited_metadata,7,0.01417004048582996
869,voter,usable_partial,117,0.23684210526315788
870,abstention,no_determinants,30,0.05928853754940711
870,abstention,too_many_missing_determinants,3,0.005928853754940711
870,abstention,usable_complete,412,0.8142292490118577
870,abstention,usable_complete_limited_metadata,15,0.029644268774703556
870,abstention,usable_partial,44,0.08695652173913043
870,abstention,usable_partial_limited_metadata,2,0.003952569169960474
870,voter,no_determinants,60,0.1214574898785425
870,voter,suspicious_determinants,3,0.006072874493927126
870,voter,too_many_missing_determinants,18,0.03643724696356275
870,voter,usable_complete,274,0.5546558704453441
870,voter,usable_complete_limited_metadata,12,0.024291497975708502
870,voter,usable_partial,127,0.25708502024291496
871,abstention,no_determinants,25,0.04940711462450593
871,abstention,too_many_missing_determinants,3,0.005928853754940711
871,abstention,usable_complete,418,0.8260869565217391
871,abstention,usable_complete_limited_metadata,15,0.029644268774703556
871,abstention,usable_partial,42,0.08300395256916997
871,abstention,usable_partial_limited_metadata,3,0.005928853754940711
871,voter,no_determinants,74,0.14979757085020243
871,voter,suspicious_determinants,3,0.006072874493927126
871,voter,too_many_missing_determinants,13,0.02631578947368421
871,voter,usable_complete,284,0.5748987854251012
871,voter,usable_complete_limited_metadata,4,0.008097165991902834
871,voter,usable_partial,116,0.23481781376518218
872,abstention,no_determinants,30,0.05928853754940711
872,abstention,suspicious_determinants,1,0.001976284584980237
872,abstention,too_many_missing_determinants,9,0.017786561264822136
872,abstention,usable_complete,400,0.7905138339920948
872,abstention,usable_complete_limited_metadata,9,0.017786561264822136
872,abstention,usable_partial,56,0.11067193675889328
872,abstention,usable_partial_limited_metadata,1,0.001976284584980237
872,voter,no_determinants,68,0.13765182186234817
872,voter,suspicious_determinants,3,0.006072874493927126
872,voter,too_many_missing_determinants,14,0.02834008097165992
872,voter,usable_complete,299,0.6052631578947368
872,voter,usable_complete_limited_metadata,10,0.020242914979757085
872,voter,usable_partial,99,0.20040485829959515
872,voter,usable_partial_limited_metadata,1,0.0020242914979757085
873,abstention,no_determinants,26,0.05138339920948617
873,abstention,suspicious_determinants,1,0.001976284584980237
873,abstention,too_many_missing_determinants,8,0.015810276679841896
873,abstention,usable_complete,391,0.7727272727272727
873,abstention,usable_complete_limited_metadata,20,0.039525691699604744
873,abstention,usable_partial,57,0.11264822134387352
873,abstention,usable_partial_limited_metadata,3,0.005928853754940711
873,voter,no_determinants,86,0.17408906882591094
873,voter,too_many_missing_determinants,17,0.03441295546558704
873,voter,usable_complete,268,0.5425101214574899
873,voter,usable_complete_limited_metadata,9,0.018218623481781375
873,voter,usable_partial,114,0.23076923076923078
874,abstention,no_determinants,39,0.07707509881422925
874,abstention,suspicious_determinants,2,0.003952569169960474
874,abstention,too_many_missing_determinants,3,0.005928853754940711
874,abstention,usable_complete,402,0.7944664031620553
874,abstention,usable_complete_limited_metadata,17,0.03359683794466403
874,abstention,usable_partial,42,0.08300395256916997
874,abstention,usable_partial_limited_metadata,1,0.001976284584980237
874,voter,no_determinants,81,0.16396761133603238
874,voter,suspicious_determinants,2,0.004048582995951417
874,voter,too_many_missing_determinants,10,0.020242914979757085
874,voter,usable_complete,286,0.5789473684210527
874,voter,usable_complete_limited_metadata,8,0.016194331983805668
874,voter,usable_partial,106,0.2145748987854251
874,voter,usable_partial_limited_metadata,1,0.0020242914979757085
875,abstention,no_determinants,28,0.05533596837944664
875,abstention,suspicious_determinants,2,0.003952569169960474
875,abstention,too_many_missing_determinants,3,0.005928853754940711
875,abstention,usable_complete,402,0.7944664031620553
875,abstention,usable_complete_limited_metadata,22,0.043478260869565216
875,abstention,usable_partial,46,0.09090909090909091
875,abstention,usable_partial_limited_metadata,3,0.005928853754940711
875,voter,no_determinants,67,0.13562753036437247
875,voter,suspicious_determinants,1,0.0020242914979757085
875,voter,too_many_missing_determinants,22,0.044534412955465584
875,voter,usable_complete,278,0.562753036437247
875,voter,usable_complete_limited_metadata,6,0.012145748987854251
875,voter,usable_partial,120,0.242914979757085
876,abstention,no_determinants,29,0.05731225296442688
876,abstention,too_many_missing_determinants,9,0.017786561264822136
876,abstention,usable_complete,396,0.782608695652174
876,abstention,usable_complete_limited_metadata,16,0.03162055335968379
876,abstention,usable_partial,54,0.1067193675889328
876,abstention,usable_partial_limited_metadata,2,0.003952569169960474
876,voter,no_determinants,76,0.15384615384615385
876,voter,suspicious_determinants,2,0.004048582995951417
876,voter,too_many_missing_determinants,18,0.03643724696356275
876,voter,usable_complete,285,0.5769230769230769
876,voter,usable_complete_limited_metadata,17,0.03441295546558704
876,voter,usable_partial,95,0.19230769230769232
876,voter,usable_partial_limited_metadata,1,0.0020242914979757085
877,abstention,no_determinants,36,0.07114624505928854
877,abstention,suspicious_determinants,3,0.005928853754940711
877,abstention,too_many_missing_determinants,3,0.005928853754940711
877,abstention,usable_complete,401,0.7924901185770751
877,abstention,usable_complete_limited_metadata,17,0.03359683794466403
877,abstention,usable_partial,45,0.08893280632411067
877,abstention,usable_partial_limited_metadata,1,0.001976284584980237
877,voter,no_determinants,74,0.14979757085020243
877,voter,suspicious_determinants,2,0.004048582995951417
877,voter,too_many_missing_determinants,15,0.030364372469635626
877,voter,usable_complete,286,0.5789473684210527
877,voter,usable_complete_limited_metadata,9,0.018218623481781375
877,voter,usable_partial,108,0.21862348178137653
878,abstention,no_determinants,21,0.041501976284584984
878,abstention,suspicious_determinants,2,0.003952569169960474
878,abstention,too_many_missing_determinants,3,0.005928853754940711
878,abstention,usable_complete,407,0.8043478260869565
878,abstention,usable_complete_limited_metadata,21,0.041501976284584984
878,abstention,usable_partial,47,0.09288537549407115
878,abstention,usable_partial_limited_metadata,5,0.009881422924901186
878,voter,no_determinants,62,0.12550607287449392
878,voter,suspicious_determinants,1,0.0020242914979757085
878,voter,too_many_missing_determinants,13,0.02631578947368421
878,voter,usable_complete,312,0.631578947368421
878,voter,usable_complete_limited_metadata,10,0.020242914979757085
878,voter,usable_partial,96,0.19433198380566802
879,abstention,no_determinants,21,0.041501976284584984
879,abstention,suspicious_determinants,1,0.001976284584980237
879,abstention,too_many_missing_determinants,1,0.001976284584980237
879,abstention,usable_complete,403,0.7964426877470355
879,abstention,usable_complete_limited_metadata,26,0.05138339920948617
879,abstention,usable_partial,52,0.10276679841897234
879,abstention,usable_partial_limited_metadata,2,0.003952569169960474
879,voter,no_determinants,58,0.11740890688259109
879,voter,suspicious_determinants,1,0.0020242914979757085
879,voter,too_many_missing_determinants,19,0.038461538461538464
879,voter,usable_complete,292,0.5910931174089069
879,voter,usable_complete_limited_metadata,13,0.02631578947368421
879,voter,usable_partial,111,0.22469635627530365
880,abstention,no_determinants,35,0.0691699604743083
880,abstention,suspicious_determinants,1,0.001976284584980237
880,abstention,too_many_missing_determinants,3,0.005928853754940711
880,abstention,usable_complete,392,0.7747035573122529
880,abstention,usable_complete_limited_metadata,22,0.043478260869565216
880,abstention,usable_partial,50,0.09881422924901186
880,abstention,usable_partial_limited_metadata,3,0.005928853754940711
880,voter,no_determinants,71,0.1437246963562753
880,voter,too_many_missing_determinants,16,0.032388663967611336
880,voter,usable_complete,283,0.5728744939271255
880,voter,usable_complete_limited_metadata,8,0.016194331983805668
880,voter,usable_partial,116,0.23481781376518218
881,abstention,no_determinants,38,0.07509881422924901
881,abstention,too_many_missing_determinants,4,0.007905138339920948
881,abstention,usable_complete,398,0.7865612648221344
881,abstention,usable_complete_limited_metadata,18,0.03557312252964427
881,abstention,usable_partial,48,0.09486166007905138
881,voter,no_determinants,58,0.11740890688259109
881,voter,suspicious_determinants,3,0.006072874493927126
881,voter,too_many_missing_determinants,13,0.02631578947368421
881,voter,usable_complete,283,0.5728744939271255
881,voter,usable_complete_limited_metadata,12,0.024291497975708502
881,voter,usable_partial,124,0.25101214574898784
881,voter,usable_partial_limited_metadata,1,0.0020242914979757085
882,abstention,no_determinants,36,0.07114624505928854
882,abstention,suspicious_determinants,1,0.001976284584980237
882,abstention,too_many_missing_determinants,7,0.01383399209486166
882,abstention,usable_complete,392,0.7747035573122529
882,abstention,usable_complete_limited_metadata,20,0.039525691699604744
882,abstention,usable_partial,48,0.09486166007905138
882,abstention,usable_partial_limited_metadata,2,0.003952569169960474
882,voter,no_determinants,70,0.1417004048582996
882,voter,suspicious_determinants,4,0.008097165991902834
882,voter,too_many_missing_determinants,15,0.030364372469635626
882,voter,usable_complete,295,0.597165991902834
882,voter,usable_complete_limited_metadata,7,0.01417004048582996
882,voter,usable_partial,103,0.20850202429149797
883,abstention,no_determinants,28,0.05533596837944664
883,abstention,usable_complete,403,0.7964426877470355
883,abstention,usable_complete_limited_metadata,21,0.041501976284584984
883,abstention,usable_partial,53,0.10474308300395258
883,abstention,usable_partial_limited_metadata,1,0.001976284584980237
883,voter,no_determinants,70,0.1417004048582996
883,voter,suspicious_determinants,3,0.006072874493927126
883,voter,too_many_missing_determinants,21,0.04251012145748988
883,voter,usable_complete,277,0.5607287449392713
883,voter,usable_complete_limited_metadata,10,0.020242914979757085
883,voter,usable_partial,113,0.22874493927125505
884,abstention,no_determinants,33,0.06521739130434782
884,abstention,too_many_missing_determinants,2,0.003952569169960474
884,abstention,usable_complete,408,0.8063241106719368
884,abstention,usable_complete_limited_metadata,19,0.037549407114624504
884,abstention,usable_partial,41,0.08102766798418973
884,abstention,usable_partial_limited_metadata,3,0.005928853754940711
884,voter,no_determinants,66,0.13360323886639677
884,voter,suspicious_determinants,2,0.004048582995951417
884,voter,too_many_missing_determinants,15,0.030364372469635626
884,voter,usable_complete,296,0.5991902834008097
884,voter,usable_complete_limited_metadata,7,0.01417004048582996
884,voter,usable_partial,107,0.2165991902834008
884,voter,usable_partial_limited_metadata,1,0.0020242914979757085
885,abstention,no_determinants,31,0.06126482213438735
885,abstention,suspicious_determinants,1,0.001976284584980237
885,abstention,too_many_missing_determinants,5,0.009881422924901186
885,abstention,usable_complete,404,0.7984189723320159
885,abstention,usable_complete_limited_metadata,16,0.03162055335968379
885,abstention,usable_partial,45,0.08893280632411067
885,abstention,usable_partial_limited_metadata,4,0.007905138339920948
885,voter,no_determinants,66,0.13360323886639677
885,voter,suspicious_determinants,5,0.010121457489878543
885,voter,too_many_missing_determinants,14,0.02834008097165992
885,voter,usable_complete,279,0.5647773279352226
885,voter,usable_complete_limited_metadata,10,0.020242914979757085
885,voter,usable_partial,120,0.242914979757085
886,abstention,no_determinants,29,0.05731225296442688
886,abstention,too_many_missing_determinants,5,0.009881422924901186
886,abstention,usable_complete,410,0.8102766798418972
886,abstention,usable_complete_limited_metadata,21,0.041501976284584984
886,abstention,usable_partial,38,0.07509881422924901
886,abstention,usable_partial_limited_metadata,3,0.005928853754940711
886,voter,no_determinants,75,0.15182186234817813
886,voter,suspicious_determinants,3,0.006072874493927126
886,voter,too_many_missing_determinants,18,0.03643724696356275
886,voter,usable_complete,282,0.5708502024291497
886,voter,usable_complete_limited_metadata,7,0.01417004048582996
886,voter,usable_partial,109,0.22064777327935223
887,abstention,no_determinants,38,0.07509881422924901
887,abstention,suspicious_determinants,2,0.003952569169960474
887,abstention,too_many_missing_determinants,6,0.011857707509881422
887,abstention,usable_complete,398,0.7865612648221344
887,abstention,usable_complete_limited_metadata,23,0.045454545454545456
887,abstention,usable_partial,39,0.07707509881422925
887,voter,no_determinants,70,0.1417004048582996
887,voter,suspicious_determinants,2,0.004048582995951417
887,voter,too_many_missing_determinants,21,0.04251012145748988
887,voter,usable_complete,294,0.5951417004048583
887,voter,usable_complete_limited_metadata,16,0.032388663967611336
887,voter,usable_partial,90,0.18218623481781376
887,voter,usable_partial_limited_metadata,1,0.0020242914979757085
888,abstention,no_determinants,34,0.06719367588932806
888,abstention,suspicious_determinants,2,0.003952569169960474
888,abstention,too_many_missing_determinants,5,0.009881422924901186
888,abstention,usable_complete,395,0.7806324110671937
888,abstention,usable_complete_limited_metadata,20,0.039525691699604744
888,abstention,usable_partial,46,0.09090909090909091
888,abstention,usable_partial_limited_metadata,4,0.007905138339920948
888,voter,no_determinants,60,0.1214574898785425
888,voter,suspicious_determinants,4,0.008097165991902834
888,voter,too_many_missing_determinants,21,0.04251012145748988
888,voter,usable_complete,289,0.5850202429149798
888,voter,usable_complete_limited_metadata,8,0.016194331983805668
888,voter,usable_partial,112,0.22672064777327935
889,abstention,no_determinants,28,0.05533596837944664
889,abstention,suspicious_determinants,2,0.003952569169960474
889,abstention,too_many_missing_determinants,4,0.007905138339920948
889,abstention,usable_complete,410,0.8102766798418972
889,abstention,usable_complete_limited_metadata,17,0.03359683794466403
889,abstention,usable_partial,43,0.08498023715415019
889,abstention,usable_partial_limited_metadata,2,0.003952569169960474
889,voter,no_determinants,59,0.1194331983805668
889,voter,suspicious_determinants,3,0.006072874493927126
889,voter,too_many_missing_determinants,15,0.030364372469635626
889,voter,usable_complete,300,0.6072874493927125
889,voter,usable_complete_limited_metadata,10,0.020242914979757085
889,voter,usable_partial,107,0.2165991902834008
890,abstention,no_determinants,30,0.05928853754940711
890,abstention,suspicious_determinants,1,0.001976284584980237
890,abstention,too_many_missing_determinants,6,0.011857707509881422
890,abstention,usable_complete,388,0.766798418972332
890,abstention,usable_complete_limited_metadata,30,0.05928853754940711
890,abstention,usable_partial,48,0.09486166007905138
890,abstention,usable_partial_limited_metadata,3,0.005928853754940711
890,voter,no_determinants,58,0.11740890688259109
890,voter,suspicious_determinants,2,0.004048582995951417
890,voter,too_many_missing_determinants,16,0.032388663967611336
890,voter,usable_complete,300,0.6072874493927125
890,voter,usable_complete_limited_metadata,8,0.016194331983805668
890,voter,usable_partial,110,0.22267206477732793
891,abstention,no_determinants,29,0.05731225296442688
891,abstention,suspicious_determinants,2,0.003952569169960474
891,abstention,too_many_missing_determinants,6,0.011857707509881422
891,abstention,usable_complete,398,0.7865612648221344
891,abstention,usable_complete_limited_metadata,21,0.041501976284584984
891,abstention,usable_partial,47,0.09288537549407115
891,abstention,usable_partial_limited_metadata,3,0.005928853754940711
891,voter,no_determinants,67,0.13562753036437247
891,voter,suspicious_determinants,3,0.006072874493927126
891,voter,too_many_missing_determinants,24,0.048582995951417005
891,voter,usable_complete,289,0.5850202429149798
891,voter,usable_complete_limited_metadata,4,0.008097165991902834
891,voter,usable_partial,107,0.2165991902834008
892,abstention,no_determinants,35,0.0691699604743083
892,abstention,too_many_missing_determinants,2,0.003952569169960474
892,abstention,usable_complete,391,0.7727272727272727
892,abstention,usable_complete_limited_metadata,17,0.03359683794466403
892,abstention,usable_partial,57,0.11264822134387352
892,abstention,usable_partial_limited_metadata,4,0.007905138339920948
892,voter,no_determinants,66,0.13360323886639677
892,voter,suspicious_determinants,3,0.006072874493927126
892,voter,too_many_missing_determinants,17,0.03441295546558704
892,voter,usable_complete,284,0.5748987854251012
892,voter,usable_complete_limited_metadata,8,0.016194331983805668
892,voter,usable_partial,115,0.23279352226720648
892,voter,usable_partial_limited_metadata,1,0.0020242914979757085
893,abstention,no_determinants,32,0.06324110671936758
893,abstention,suspicious_determinants,2,0.003952569169960474
893,abstention,too_many_missing_determinants,5,0.009881422924901186
893,abstention,usable_complete,395,0.7806324110671937
893,abstention,usable_complete_limited_metadata,23,0.045454545454545456
893,abstention,usable_partial,45,0.08893280632411067
893,abstention,usable_partial_limited_metadata,4,0.007905138339920948
893,voter,no_determinants,80,0.16194331983805668
893,voter,suspicious_determinants,1,0.0020242914979757085
893,voter,too_many_missing_determinants,10,0.020242914979757085
893,voter,usable_complete,299,0.6052631578947368
893,voter,usable_complete_limited_metadata,7,0.01417004048582996
893,voter,usable_partial,97,0.19635627530364372
894,abstention,no_determinants,29,0.05731225296442688
894,abstention,suspicious_determinants,1,0.001976284584980237
894,abstention,too_many_missing_determinants,1,0.001976284584980237
894,abstention,usable_complete,405,0.8003952569169961
894,abstention,usable_complete_limited_metadata,16,0.03162055335968379
894,abstention,usable_partial,52,0.10276679841897234
894,abstention,usable_partial_limited_metadata,2,0.003952569169960474
894,voter,no_determinants,80,0.16194331983805668
894,voter,suspicious_determinants,1,0.0020242914979757085
894,voter,too_many_missing_determinants,11,0.022267206477732792
894,voter,usable_complete,288,0.582995951417004
894,voter,usable_complete_limited_metadata,9,0.018218623481781375
894,voter,usable_partial,105,0.2125506072874494
895,abstention,no_determinants,23,0.045454545454545456
895,abstention,suspicious_determinants,1,0.001976284584980237
895,abstention,too_many_missing_determinants,2,0.003952569169960474
895,abstention,usable_complete,405,0.8003952569169961
895,abstention,usable_complete_limited_metadata,25,0.04940711462450593
895,abstention,usable_partial,49,0.09683794466403162
895,abstention,usable_partial_limited_metadata,1,0.001976284584980237
895,voter,no_determinants,88,0.17813765182186234
895,voter,suspicious_determinants,3,0.006072874493927126
895,voter,too_many_missing_determinants,12,0.024291497975708502
895,voter,usable_complete,270,0.5465587044534413
895,voter,usable_complete_limited_metadata,11,0.022267206477732792
895,voter,usable_partial,109,0.22064777327935223
895,voter,usable_partial_limited_metadata,1,0.0020242914979757085
896,abstention,no_determinants,32,0.06324110671936758
896,abstention,too_many_missing_determinants,2,0.003952569169960474
896,abstention,usable_complete,402,0.7944664031620553
896,abstention,usable_complete_limited_metadata,19,0.037549407114624504
896,abstention,usable_partial,50,0.09881422924901186
896,abstention,usable_partial_limited_metadata,1,0.001976284584980237
896,voter,no_determinants,68,0.13765182186234817
896,voter,suspicious_determinants,3,0.006072874493927126
896,voter,too_many_missing_determinants,22,0.044534412955465584
896,voter,usable_complete,277,0.5607287449392713
896,voter,usable_complete_limited_metadata,14,0.02834008097165992
896,voter,usable_partial,110,0.22267206477732793
897,abstention,no_determinants,32,0.06324110671936758
897,abstention,suspicious_determinants,2,0.003952569169960474
897,abstention,too_many_missing_determinants,4,0.007905138339920948
897,abstention,usable_complete,394,0.7786561264822134
897,abstention,usable_complete_limited_metadata,23,0.045454545454545456
897,abstention,usable_partial,48,0.09486166007905138
897,abstention,usable_partial_limited_metadata,3,0.005928853754940711
897,voter,no_determinants,73,0.14777327935222673
897,voter,suspicious_determinants,1,0.0020242914979757085
897,voter,too_many_missing_determinants,7,0.01417004048582996
897,voter,usable_complete,296,0.5991902834008097
897,voter,usable_complete_limited_metadata,5,0.010121457489878543
897,voter,usable_partial,112,0.22672064777327935
898,abstention,no_determinants,28,0.05533596837944664
898,abstention,suspicious_determinants,1,0.001976284584980237
898,abstention,too_many_missing_determinants,6,0.011857707509881422
898,abstention,usable_complete,399,0.7885375494071146
898,abstention,usable_complete_limited_metadata,26,0.05138339920948617
898,abstention,usable_partial,42,0.08300395256916997
898,abstention,usable_partial_limited_metadata,4,0.007905138339920948
898,voter,no_determinants,76,0.15384615384615385
898,voter,suspicious_determinants,2,0.004048582995951417
898,voter,too_many_missing_determinants,16,0.032388663967611336
898,voter,usable_complete,275,0.5566801619433198
898,voter,usable_complete_limited_metadata,8,0.016194331983805668
898,voter,usable_partial,116,0.23481781376518218
898,voter,usable_partial_limited_metadata,1,0.0020242914979757085
899,abstention,no_determinants,29,0.05731225296442688
899,abstention,suspicious_determinants,1,0.001976284584980237
899,abstention,too_many_missing_determinants,3,0.005928853754940711
899,abstention,usable_complete,395,0.7806324110671937
899,abstention,usable_complete_limited_metadata,21,0.041501976284584984
899,abstention,usable_partial,55,0.10869565217391304
899,abstention,usable_partial_limited_metadata,2,0.003952569169960474
899,voter,no_determinants,73,0.14777327935222673
899,voter,suspicious_determinants,2,0.004048582995951417
899,voter,too_many_missing_determinants,23,0.0465587044534413
899,voter,usable_complete,270,0.5465587044534413
899,voter,usable_complete_limited_metadata,2,0.004048582995951417
899,voter,usable_partial,124,0.25101214574898784
900,abstention,no_determinants,32,0.06324110671936758
900,abstention,suspicious_determinants,1,0.001976284584980237
900,abstention,too_many_missing_determinants,4,0.007905138339920948
900,abstention,usable_complete,400,0.7905138339920948
900,abstention,usable_complete_limited_metadata,23,0.045454545454545456
900,abstention,usable_partial,41,0.08102766798418973
900,abstention,usable_partial_limited_metadata,5,0.009881422924901186
900,voter,no_determinants,71,0.1437246963562753
900,voter,suspicious_determinants,2,0.004048582995951417
900,voter,too_many_missing_determinants,12,0.024291497975708502
900,voter,usable_complete,298,0.6032388663967612
900,voter,usable_complete_limited_metadata,9,0.018218623481781375
900,voter,usable_partial,102,0.20647773279352227
901,abstention,no_determinants,27,0.0533596837944664
901,abstention,too_many_missing_determinants,4,0.007905138339920948
901,abstention,usable_complete,411,0.8122529644268774
901,abstention,usable_complete_limited_metadata,18,0.03557312252964427
901,abstention,usable_partial,44,0.08695652173913043
901,abstention,usable_partial_limited_metadata,2,0.003952569169960474
901,voter,no_determinants,65,0.13157894736842105
901,voter,suspicious_determinants,7,0.01417004048582996
901,voter,too_many_missing_determinants,18,0.03643724696356275
901,voter,usable_complete,292,0.5910931174089069
901,voter,usable_complete_limited_metadata,10,0.020242914979757085
901,voter,usable_partial,102,0.20647773279352227
902,abstention,no_determinants,29,0.05731225296442688
902,abstention,suspicious_determinants,1,0.001976284584980237
902,abstention,too_many_missing_determinants,5,0.009881422924901186
902,abstention,usable_complete,395,0.7806324110671937
902,abstention,usable_complete_limited_metadata,22,0.043478260869565216
902,abstention,usable_partial,52,0.10276679841897234
902,abstention,usable_partial_limited_metadata,2,0.003952569169960474
902,voter,no_determinants,70,0.1417004048582996
902,voter,suspicious_determinants,3,0.006072874493927126
902,voter,too_many_missing_determinants,16,0.032388663967611336
902,voter,usable_complete,284,0.5748987854251012
902,voter,usable_complete_limited_metadata,10,0.020242914979757085
902,voter,usable_partial,111,0.22469635627530365
903,abstention,no_determinants,26,0.05138339920948617
903,abstention,too_many_missing_determinants,5,0.009881422924901186
903,abstention,usable_complete,406,0.8023715415019763
903,abstention,usable_complete_limited_metadata,17,0.03359683794466403
903,abstention,usable_partial,50,0.09881422924901186
903,abstention,usable_partial_limited_metadata,2,0.003952569169960474
903,voter,no_determinants,63,0.12753036437246965
903,voter,suspicious_determinants,4,0.008097165991902834
903,voter,too_many_missing_determinants,16,0.032388663967611336
903,voter,usable_complete,285,0.5769230769230769
903,voter,usable_complete_limited_metadata,13,0.02631578947368421
903,voter,usable_partial,113,0.22874493927125505
904,abstention,no_determinants,32,0.06324110671936758
904,abstention,suspicious_determinants,1,0.001976284584980237
904,abstention,too_many_missing_determinants,5,0.009881422924901186
904,abstention,usable_complete,385,0.7608695652173914
904,abstention,usable_complete_limited_metadata,26,0.05138339920948617
904,abstention,usable_partial,55,0.10869565217391304
904,abstention,usable_partial_limited_metadata,2,0.003952569169960474
904,voter,no_determinants,68,0.13765182186234817
904,voter,suspicious_determinants,4,0.008097165991902834
904,voter,too_many_missing_determinants,18,0.03643724696356275
904,voter,usable_complete,288,0.582995951417004
904,voter,usable_complete_limited_metadata,5,0.010121457489878543
904,voter,usable_partial,111,0.22469635627530365
905,abstention,no_determinants,30,0.05928853754940711
905,abstention,suspicious_determinants,1,0.001976284584980237
905,abstention,too_many_missing_determinants,5,0.009881422924901186
905,abstention,usable_complete,408,0.8063241106719368
905,abstention,usable_complete_limited_metadata,13,0.025691699604743084
905,abstention,usable_partial,44,0.08695652173913043
905,abstention,usable_partial_limited_metadata,5,0.009881422924901186
905,voter,no_determinants,62,0.12550607287449392
905,voter,suspicious_determinants,1,0.0020242914979757085
905,voter,too_many_missing_determinants,13,0.02631578947368421
905,voter,usable_complete,303,0.6133603238866396
905,voter,usable_complete_limited_metadata,8,0.016194331983805668
905,voter,usable_partial,107,0.2165991902834008
906,abstention,no_determinants,30,0.05928853754940711
906,abstention,too_many_missing_determinants,12,0.023715415019762844
906,abstention,usable_complete,397,0.7845849802371542
906,abstention,usable_complete_limited_metadata,15,0.029644268774703556
906,abstention,usable_partial,48,0.09486166007905138
906,abstention,usable_partial_limited_metadata,4,0.007905138339920948
906,voter,no_determinants,82,0.1659919028340081
906,voter,suspicious_determinants,1,0.0020242914979757085
906,voter,too_many_missing_determinants,11,0.022267206477732792
906,voter,usable_complete,287,0.5809716599190283
906,voter,usable_complete_limited_metadata,9,0.018218623481781375
906,voter,usable_partial,104,0.21052631578947367
907,abstention,no_determinants,32,0.06324110671936758
907,abstention,suspicious_determinants,1,0.001976284584980237
907,abstention,too_many_missing_determinants,7,0.01383399209486166
907,abstention,usable_complete,394,0.7786561264822134
907,abstention,usable_complete_limited_metadata,21,0.041501976284584984
907,abstention,usable_partial,50,0.09881422924901186
907,abstention,usable_partial_limited_metadata,1,0.001976284584980237
907,voter,no_determinants,75,0.15182186234817813
907,voter,suspicious_determinants,4,0.008097165991902834
907,voter,too_many_missing_determinants,16,0.032388663967611336
907,voter,usable_complete,276,0.5587044534412956
907,voter,usable_complete_limited_metadata,5,0.010121457489878543
907,voter,usable_partial,118,0.2388663967611336
908,abstention,no_determinants,31,0.06126482213438735
908,abstention,suspicious_determinants,2,0.003952569169960474
908,abstention,too_many_missing_determinants,2,0.003952569169960474
908,abstention,usable_complete,408,0.8063241106719368
908,abstention,usable_complete_limited_metadata,21,0.041501976284584984
908,abstention,usable_partial,38,0.07509881422924901
908,abstention,usable_partial_limited_metadata,4,0.007905138339920948
908,voter,no_determinants,70,0.1417004048582996
908,voter,suspicious_determinants,2,0.004048582995951417
908,voter,too_many_missing_determinants,19,0.038461538461538464
908,voter,usable_complete,279,0.5647773279352226
908,voter,usable_complete_limited_metadata,7,0.01417004048582996
908,voter,usable_partial,117,0.23684210526315788
909,abstention,no_determinants,27,0.0533596837944664
909,abstention,suspicious_determinants,2,0.003952569169960474
909,abstention,too_many_missing_determinants,4,0.007905138339920948
909,abstention,usable_complete,396,0.782608695652174
909,abstention,usable_complete_limited_metadata,18,0.03557312252964427
909,abstention,usable_partial,58,0.11462450592885376
909,abstention,usable_partial_limited_metadata,1,0.001976284584980237
909,voter,no_determinants,57,0.11538461538461539
909,voter,suspicious_determinants,3,0.006072874493927126
909,voter,too_many_missing_determinants,18,0.03643724696356275
909,voter,usable_complete,287,0.5809716599190283
909,voter,usable_complete_limited_metadata,9,0.018218623481781375
909,voter,usable_partial,120,0.242914979757085
910,abstention,no_determinants,31,0.06126482213438735
910,abstention,suspicious_determinants,2,0.003952569169960474
910,abstention,too_many_missing_determinants,8,0.015810276679841896
910,abstention,usable_complete,384,0.758893280632411
910,abstention,usable_complete_limited_metadata,24,0.04743083003952569
910,abstention,usable_partial,56,0.11067193675889328
910,abstention,usable_partial_limited_metadata,1,0.001976284584980237
910,voter,no_determinants,72,0.145748987854251
910,voter,suspicious_determinants,3,0.006072874493927126
910,voter,too_many_missing_determinants,19,0.038461538461538464
910,voter,usable_complete,280,0.5668016194331984
910,voter,usable_complete_limited_metadata,13,0.02631578947368421
910,voter,usable_partial,106,0.2145748987854251
910,voter,usable_partial_limited_metadata,1,0.0020242914979757085
911,abstention,no_determinants,24,0.04743083003952569
911,abstention,too_many_missing_determinants,5,0.009881422924901186
911,abstention,usable_complete,414,0.8181818181818182
911,abstention,usable_complete_limited_metadata,14,0.02766798418972332
911,abstention,usable_partial,47,0.09288537549407115
911,abstention,usable_partial_limited_metadata,2,0.003952569169960474
911,voter,no_determinants,74,0.14979757085020243
911,voter,suspicious_determinants,2,0.004048582995951417
911,voter,too_many_missing_determinants,14,0.02834008097165992
911,voter,usable_complete,283,0.5728744939271255
911,voter,usable_complete_limited_metadata,10,0.020242914979757085
911,voter,usable_partial,110,0.22267206477732793
911,voter,usable_partial_limited_metadata,1,0.0020242914979757085
912,abstention,no_determinants,40,0.07905138339920949
912,abstention,suspicious_determinants,1,0.001976284584980237
912,abstention,too_many_missing_determinants,3,0.005928853754940711
912,abstention,usable_complete,393,0.7766798418972332
912,abstention,usable_complete_limited_metadata,22,0.043478260869565216
912,abstention,usable_partial,42,0.08300395256916997
912,abstention,usable_partial_limited_metadata,5,0.009881422924901186
912,voter,no_determinants,72,0.145748987854251
912,voter,suspicious_determinants,2,0.004048582995951417
912,voter,too_many_missing_determinants,14,0.02834008097165992
912,voter,usable_complete,286,0.5789473684210527
912,voter,usable_complete_limited_metadata,7,0.01417004048582996
912,voter,usable_partial,113,0.22874493927125505
913,abstention,no_determinants,43,0.08498023715415019
913,abstention,suspicious_determinants,1,0.001976284584980237
913,abstention,too_many_missing_determinants,5,0.009881422924901186
913,abstention,usable_complete,393,0.7766798418972332
913,abstention,usable_complete_limited_metadata,18,0.03557312252964427
913,abstention,usable_partial,43,0.08498023715415019
913,abstention,usable_partial_limited_metadata,3,0.005928853754940711
913,voter,no_determinants,84,0.1700404858299595
913,voter,suspicious_determinants,6,0.012145748987854251
913,voter,too_many_missing_determinants,13,0.02631578947368421
913,voter,usable_complete,260,0.5263157894736842
913,voter,usable_complete_limited_metadata,13,0.02631578947368421
913,voter,usable_partial,118,0.2388663967611336
914,abstention,no_determinants,26,0.05138339920948617
914,abstention,suspicious_determinants,1,0.001976284584980237
914,abstention,too_many_missing_determinants,4,0.007905138339920948
914,abstention,usable_complete,404,0.7984189723320159
914,abstention,usable_complete_limited_metadata,21,0.041501976284584984
914,abstention,usable_partial,49,0.09683794466403162
914,abstention,usable_partial_limited_metadata,1,0.001976284584980237
914,voter,no_determinants,68,0.13765182186234817
914,voter,suspicious_determinants,2,0.004048582995951417
914,voter,too_many_missing_determinants,22,0.044534412955465584
914,voter,usable_complete,293,0.5931174089068826
914,voter,usable_complete_limited_metadata,11,0.022267206477732792
914,voter,usable_partial,98,0.19838056680161945
915,abstention,no_determinants,35,0.0691699604743083
915,abstention,suspicious_determinants,2,0.003952569169960474
915,abstention,too_many_missing_determinants,1,0.001976284584980237
915,abstention,usable_complete,407,0.8043478260869565
915,abstention,usable_complete_limited_metadata,15,0.029644268774703556
915,abstention,usable_partial,42,0.08300395256916997
915,abstention,usable_partial_limited_metadata,4,0.007905138339920948
915,voter,no_determinants,67,0.13562753036437247
915,voter,suspicious_determinants,5,0.010121457489878543
915,voter,too_many_missing_determinants,16,0.032388663967611336
915,voter,usable_complete,275,0.5566801619433198
915,voter,usable_complete_limited_metadata,4,0.008097165991902834
915,voter,usable_partial,127,0.25708502024291496
916,abstention,no_determinants,27,0.0533596837944664
916,abstention,suspicious_determinants,1,0.001976284584980237
916,abstention,too_many_missing_determinants,6,0.011857707509881422
916,abstention,usable_complete,398,0.7865612648221344
916,abstention,usable_complete_limited_metadata,22,0.043478260869565216
916,abstention,usable_partial,47,0.09288537549407115
916,abstention,usable_partial_limited_metadata,5,0.009881422924901186
916,voter,no_determinants,74,0.14979757085020243
916,voter,suspicious_determinants,4,0.008097165991902834
916,voter,too_many_missing_determinants,13,0.02631578947368421
916,voter,usable_complete,282,0.5708502024291497
916,voter,usable_complete_limited_metadata,16,0.032388663967611336
916,voter,usable_partial,105,0.2125506072874494
917,abstention,no_determinants,37,0.07312252964426877
917,abstention,too_many_missing_determinants,2,0.003952569169960474
917,abstention,usable_complete,393,0.7766798418972332
917,abstention,usable_complete_limited_metadata,23,0.045454545454545456
917,abstention,usable_partial,50,0.09881422924901186
917,abstention,usable_partial_limited_metadata,1,0.001976284584980237
917,voter,no_determinants,58,0.11740890688259109
917,voter,suspicious_determinants,2,0.004048582995951417
917,voter,too_many_missing_determinants,21,0.04251012145748988
917,voter,usable_complete,287,0.5809716599190283
917,voter,usable_complete_limited_metadata,15,0.030364372469635626
917,voter,usable_partial,111,0.22469635627530365
918,abstention,no_determinants,26,0.05138339920948617
918,abstention,suspicious_determinants,3,0.005928853754940711
918,abstention,too_many_missing_determinants,4,0.007905138339920948
918,abstention,usable_complete,392,0.7747035573122529
918,abstention,usable_complete_limited_metadata,19,0.037549407114624504
918,abstention,usable_partial,59,0.116600790513834
918,abstention,usable_partial_limited_metadata,3,0.005928853754940711
918,voter,no_determinants,75,0.15182186234817813
918,voter,suspicious_determinants,2,0.004048582995951417
918,voter,too_many_missing_determinants,16,0.032388663967611336
918,voter,usable_complete,273,0.5526315789473685
918,voter,usable_complete_limited_metadata,13,0.02631578947368421
918,voter,usable_partial,115,0.23279352226720648
919,abstention,no_determinants,31,0.06126482213438735
919,abstention,suspicious_determinants,3,0.005928853754940711
919,abstention,too_many_missing_determinants,4,0.007905138339920948
919,abstention,usable_complete,393,0.7766798418972332
919,abstention,usable_complete_limited_metadata,28,0.05533596837944664
919,abstention,usable_partial,46,0.09090909090909091
919,abstention,usable_partial_limited_metadata,1,0.001976284584980237
919,voter,no_determinants,80,0.16194331983805668
919,voter,suspicious_determinants,2,0.004048582995951417
919,voter,too_many_missing_determinants,17,0.03441295546558704
919,voter,usable_complete,281,0.5688259109311741
919,voter,usable_complete_limited_metadata,3,0.006072874493927126
919,voter,usable_partial,111,0.22469635627530365
920,abstention,no_determinants,19,0.037549407114624504
920,abstention,suspicious_determinants,2,0.003952569169960474
920,abstention,too_many_missing_determinants,5,0.009881422924901186
920,abstention,usable_complete,417,0.8241106719367589
920,abstention,usable_complete_limited_metadata,18,0.03557312252964427
920,abstention,usable_partial,45,0.08893280632411067
920,voter,no_determinants,59,0.1194331983805668
920,voter,suspicious_determinants,5,0.010121457489878543
920,voter,too_many_missing_determinants,14,0.02834008097165992
920,voter,usable_complete,294,0.5951417004048583
920,voter,usable_complete_limited_metadata,8,0.016194331983805668
920,voter,usable_partial,114,0.23076923076923078
921,abstention,no_determinants,37,0.07312252964426877
921,abstention,too_many_missing_determinants,2,0.003952569169960474
921,abstention,usable_complete,393,0.7766798418972332
921,abstention,usable_complete_limited_metadata,17,0.03359683794466403
921,abstention,usable_partial,55,0.10869565217391304
921,abstention,usable_partial_limited_metadata,2,0.003952569169960474
921,voter,no_determinants,75,0.15182186234817813
921,voter,suspicious_determinants,1,0.0020242914979757085
921,voter,too_many_missing_determinants,17,0.03441295546558704
921,voter,usable_complete,283,0.5728744939271255
921,voter,usable_complete_limited_metadata,10,0.020242914979757085
921,voter,usable_partial,107,0.2165991902834008
921,voter,usable_partial_limited_metadata,1,0.0020242914979757085
922,abstention,no_determinants,36,0.07114624505928854
922,abstention,suspicious_determinants,1,0.001976284584980237
922,abstention,too_many_missing_determinants,8,0.015810276679841896
922,abstention,usable_complete,403,0.7964426877470355
922,abstention,usable_complete_limited_metadata,18,0.03557312252964427
922,abstention,usable_partial,38,0.07509881422924901
922,abstention,usable_partial_limited_metadata,2,0.003952569169960474
922,voter,no_determinants,78,0.15789473684210525
922,voter,suspicious_determinants,2,0.004048582995951417
922,voter,too_many_missing_determinants,21,0.04251012145748988
922,voter,usable_complete,265,0.5364372469635628
922,voter,usable_complete_limited_metadata,9,0.018218623481781375
922,voter,usable_partial,118,0.2388663967611336
922,voter,usable_partial_limited_metadata,1,0.0020242914979757085
923,abstention,no_determinants,36,0.07114624505928854
923,abstention,suspicious_determinants,1,0.001976284584980237
923,abstention,too_many_missing_determinants,6,0.011857707509881422
923,abstention,usable_complete,393,0.7766798418972332
923,abstention,usable_complete_limited_metadata,17,0.03359683794466403
923,abstention,usable_partial,45,0.08893280632411067
923,abstention,usable_partial_limited_metadata,8,0.015810276679841896
923,voter,no_determinants,52,0.10526315789473684
923,voter,suspicious_determinants,5,0.010121457489878543
923,voter,too_many_missing_determinants,17,0.03441295546558704
923,voter,usable_complete,297,0.6012145748987854
923,voter,usable_complete_limited_metadata,5,0.010121457489878543
923,voter,usable_partial,118,0.2388663967611336
924,abstention,no_determinants,30,0.05928853754940711
924,abstention,suspicious_determinants,1,0.001976284584980237
924,abstention,too_many_missing_determinants,7,0.01383399209486166
924,abstention,usable_complete,393,0.7766798418972332
924,abstention,usable_complete_limited_metadata,24,0.04743083003952569
924,abstention,usable_partial,49,0.09683794466403162
924,abstention,usable_partial_limited_metadata,2,0.003952569169960474
924,voter,no_determinants,61,0.12348178137651822
924,voter,suspicious_determinants,3,0.006072874493927126
924,voter,too_many_missing_determinants,16,0.032388663967611336
924,voter,usable_complete,310,0.6275303643724697
924,voter,usable_complete_limited_metadata,5,0.010121457489878543
924,voter,usable_partial,99,0.20040485829959515
925,abstention,no_determinants,27,0.0533596837944664
925,abstention,suspicious_determinants,1,0.001976284584980237
925,abstention,too_many_missing_determinants,5,0.009881422924901186
925,abstention,usable_complete,385,0.7608695652173914
925,abstention,usable_complete_limited_metadata,24,0.04743083003952569
925,abstention,usable_partial,60,0.11857707509881422
925,abstention,usable_partial_limited_metadata,4,0.007905138339920948
925,voter,no_determinants,66,0.13360323886639677
925,voter,suspicious_determinants,1,0.0020242914979757085
925,voter,too_many_missing_determinants,15,0.030364372469635626
925,voter,usable_complete,282,0.5708502024291497
925,voter,usable_complete_limited_metadata,9,0.018218623481781375
925,voter,usable_partial,121,0.24493927125506074
926,abstention,no_determinants,29,0.05731225296442688
926,abstention,suspicious_determinants,1,0.001976284584980237
926,abstention,too_many_missing_determinants,6,0.011857707509881422
926,abstention,usable_complete,405,0.8003952569169961
926,abstention,usable_complete_limited_metadata,21,0.041501976284584984
926,abstention,usable_partial,42,0.08300395256916997
926,abstention,usable_partial_limited_metadata,2,0.003952569169960474
926,voter,no_determinants,80,0.16194331983805668
926,voter,suspicious_determinants,3,0.006072874493927126
926,voter,too_many_missing_determinants,12,0.024291497975708502
926,voter,usable_complete,275,0.5566801619433198
926,voter,usable_complete_limited_metadata,13,0.02631578947368421
926,voter,usable_partial,111,0.22469635627530365
927,abstention,no_determinants,35,0.0691699604743083
927,abstention,suspicious_determinants,1,0.001976284584980237
927,abstention,too_many_missing_determinants,8,0.015810276679841896
927,abstention,usable_complete,410,0.8102766798418972
927,abstention,usable_complete_limited_metadata,15,0.029644268774703556
927,abstention,usable_partial,36,0.07114624505928854
927,abstention,usable_partial_limited_metadata,1,0.001976284584980237
927,voter,no_determinants,71,0.1437246963562753
927,voter,suspicious_determinants,3,0.006072874493927126
927,voter,too_many_missing_determinants,13,0.02631578947368421
927,voter,usable_complete,283,0.5728744939271255
927,voter,usable_complete_limited_metadata,8,0.016194331983805668
927,voter,usable_partial,115,0.23279352226720648
927,voter,usable_partial_limited_metadata,1,0.0020242914979757085
928,abstention,no_determinants,29,0.05731225296442688
928,abstention,suspicious_determinants,1,0.001976284584980237
928,abstention,too_many_missing_determinants,1,0.001976284584980237
928,abstention,usable_complete,384,0.758893280632411
928,abstention,usable_complete_limited_metadata,28,0.05533596837944664
928,abstention,usable_partial,62,0.1225296442687747
928,abstention,usable_partial_limited_metadata,1,0.001976284584980237
928,voter,no_determinants,72,0.145748987854251
928,voter,suspicious_determinants,8,0.016194331983805668
928,voter,too_many_missing_determinants,14,0.02834008097165992
928,voter,usable_complete,285,0.5769230769230769
928,voter,usable_complete_limited_metadata,4,0.008097165991902834
928,voter,usable_partial,110,0.22267206477732793
928,voter,usable_partial_limited_metadata,1,0.0020242914979757085
929,abstention,no_determinants,33,0.06521739130434782
929,abstention,suspicious_determinants,1,0.001976284584980237
929,abstention,too_many_missing_determinants,5,0.009881422924901186
929,abstention,usable_complete,394,0.7786561264822134
929,abstention,usable_complete_limited_metadata,17,0.03359683794466403
929,abstention,usable_partial,52,0.10276679841897234
929,abstention,usable_partial_limited_metadata,4,0.007905138339920948
929,voter,no_determinants,71,0.1437246963562753
929,voter,suspicious_determinants,2,0.004048582995951417
929,voter,too_many_missing_determinants,23,0.0465587044534413
929,voter,usable_complete,289,0.5850202429149798
929,voter,usable_complete_limited_metadata,12,0.024291497975708502
929,voter,usable_partial,97,0.19635627530364372
930,abstention,no_determinants,21,0.041501976284584984
930,abstention,suspicious_determinants,2,0.003952569169960474
930,abstention,too_many_missing_determinants,5,0.009881422924901186
930,abstention,usable_complete,412,0.8142292490118577
930,abstention,usable_complete_limited_metadata,22,0.043478260869565216
930,abstention,usable_partial,42,0.08300395256916997
930,abstention,usable_partial_limited_metadata,2,0.003952569169960474
930,voter,no_determinants,78,0.15789473684210525
930,voter,suspicious_determinants,2,0.004048582995951417
930,voter,too_many_missing_determinants,13,0.02631578947368421
930,voter,usable_complete,275,0.5566801619433198
930,voter,usable_complete_limited_metadata,13,0.02631578947368421
930,voter,usable_partial,112,0.22672064777327935
930,voter,usable_partial_limited_metadata,1,0.0020242914979757085
931,abstention,no_determinants,34,0.06719367588932806
931,abstention,suspicious_determinants,2,0.003952569169960474
931,abstention,too_many_missing_determinants,5,0.009881422924901186
931,abstention,usable_complete,403,0.7964426877470355
931,abstention,usable_complete_limited_metadata,15,0.029644268774703556
931,abstention,usable_partial,43,0.08498023715415019
931,abstention,usable_partial_limited_metadata,4,0.007905138339920948
931,voter,no_determinants,81,0.16396761133603238
931,voter,suspicious_determinants,2,0.004048582995951417
931,voter,too_many_missing_determinants,11,0.022267206477732792
931,voter,usable_complete,284,0.5748987854251012
931,voter,usable_complete_limited_metadata,6,0.012145748987854251
931,voter,usable_partial,109,0.22064777327935223
931,voter,usable_partial_limited_metadata,1,0.0020242914979757085
932,abstention,no_determinants,33,0.06521739130434782
932,abstention,suspicious_determinants,1,0.001976284584980237
932,abstention,too_many_missing_determinants,3,0.005928853754940711
932,abstention,usable_complete,404,0.7984189723320159
932,abstention,usable_complete_limited_metadata,17,0.03359683794466403
932,abstention,usable_partial,44,0.08695652173913043
932,abstention,usable_partial_limited_metadata,4,0.007905138339920948
932,voter,no_determinants,76,0.15384615384615385
932,voter,suspicious_determinants,3,0.006072874493927126
932,voter,too_many_missing_determinants,18,0.03643724696356275
932,voter,usable_complete,277,0.5607287449392713
932,voter,usable_complete_limited_metadata,8,0.016194331983805668
932,voter,usable_partial,112,0.22672064777327935
933,abstention,no_determinants,25,0.04940711462450593
933,abstention,suspicious_determinants,1,0.001976284584980237
933,abstention,too_many_missing_determinants,4,0.007905138339920948
933,abstention,usable_complete,416,0.8221343873517787
933,abstention,usable_complete_limited_metadata,18,0.03557312252964427
933,abstention,usable_partial,41,0.08102766798418973
933,abstention,usable_partial_limited_metadata,1,0.001976284584980237
933,voter,no_determinants,70,0.1417004048582996
933,voter,suspicious_determinants,1,0.0020242914979757085
933,voter,too_many_missing_determinants,21,0.04251012145748988
933,voter,usable_complete,298,0.6032388663967612
933,voter,usable_complete_limited_metadata,9,0.018218623481781375
933,voter,usable_partial,95,0.19230769230769232
934,abstention,no_determinants,31,0.06126482213438735
934,abstention,suspicious_determinants,1,0.001976284584980237
934,abstention,too_many_missing_determinants,2,0.003952569169960474
934,abstention,usable_complete,412,0.8142292490118577
934,abstention,usable_complete_limited_metadata,21,0.041501976284584984
934,abstention,usable_partial,36,0.07114624505928854
934,abstention,usable_partial_limited_metadata,3,0.005928853754940711
934,voter,no_determinants,98,0.19838056680161945
934,voter,suspicious_determinants,2,0.004048582995951417
934,voter,too_many_missing_determinants,15,0.030364372469635626
934,voter,usable_complete,274,0.5546558704453441
934,voter,usable_complete_limited_metadata,7,0.01417004048582996
934,voter,usable_partial,98,0.19838056680161945
935,abstention,no_determinants,26,0.05138339920948617
935,abstention,suspicious_determinants,3,0.005928853754940711
935,abstention,too_many_missing_determinants,5,0.009881422924901186
935,abstention,usable_complete,411,0.8122529644268774
935,abstention,usable_complete_limited_metadata,14,0.02766798418972332
935,abstention,usable_partial,45,0.08893280632411067
935,abstention,usable_partial_limited_metadata,2,0.003952569169960474
935,voter,no_determinants,63,0.12753036437246965
935,voter,suspicious_determinants,1,0.0020242914979757085
935,voter,too_many_missing_determinants,15,0.030364372469635626
935,voter,usable_complete,300,0.6072874493927125
935,voter,usable_complete_limited_metadata,12,0.024291497975708502
935,voter,usable_partial,103,0.20850202429149797
936,abstention,no_determinants,29,0.05731225296442688
936,abstention,suspicious_determinants,2,0.003952569169960474
936,abstention,too_many_missing_determinants,8,0.015810276679841896
936,abstention,usable_complete,404,0.7984189723320159
936,abstention,usable_complete_limited_metadata,17,0.03359683794466403
936,abstention,usable_partial,46,0.09090909090909091
936,voter,no_determinants,72,0.145748987854251
936,voter,suspicious_determinants,1,0.0020242914979757085
936,voter,too_many_missing_determinants,18,0.03643724696356275
936,voter,usable_complete,298,0.6032388663967612
936,voter,usable_complete_limited_metadata,10,0.020242914979757085
936,voter,usable_partial,95,0.19230769230769232
937,abstention,no_determinants,21,0.041501976284584984
937,abstention,suspicious_determinants,4,0.007905138339920948
937,abstention,too_many_missing_determinants,2,0.003952569169960474
937,abstention,usable_complete,394,0.7786561264822134
937,abstention,usable_complete_limited_metadata,25,0.04940711462450593
937,abstention,usable_partial,55,0.10869565217391304
937,abstention,usable_partial_limited_metadata,5,0.009881422924901186
937,voter,no_determinants,71,0.1437246963562753
937,voter,suspicious_determinants,1,0.0020242914979757085
937,voter,too_many_missing_determinants,19,0.038461538461538464
937,voter,usable_complete,304,0.6153846153846154
937,voter,usable_complete_limited_metadata,3,0.006072874493927126
937,voter,usable_partial,96,0.19433198380566802
938,abstention,no_determinants,24,0.04743083003952569
938,abstention,suspicious_determinants,1,0.001976284584980237
938,abstention,too_many_missing_determinants,3,0.005928853754940711
938,abstention,usable_complete,408,0.8063241106719368
938,abstention,usable_complete_limited_metadata,19,0.037549407114624504
938,abstention,usable_partial,48,0.09486166007905138
938,abstention,usable_partial_limited_metadata,3,0.005928853754940711
938,voter,no_determinants,81,0.16396761133603238
938,voter,too_many_missing_determinants,16,0.032388663967611336
938,voter,usable_complete,280,0.5668016194331984
938,voter,usable_complete_limited_metadata,7,0.01417004048582996
938,voter,usable_partial,110,0.22267206477732793
939,abstention,no_determinants,25,0.04940711462450593
939,abstention,too_many_missing_determinants,1,0.001976284584980237
939,abstention,usable_complete,413,0.8162055335968379
939,abstention,usable_complete_limited_metadata,21,0.041501976284584984
939,abstention,usable_partial,40,0.07905138339920949
939,abstention,usable_partial_limited_metadata,6,0.011857707509881422
939,voter,no_determinants,82,0.1659919028340081
939,voter,suspicious_determinants,4,0.008097165991902834
939,voter,too_many_missing_determinants,20,0.04048582995951417
939,voter,usable_complete,273,0.5526315789473685
939,voter,usable_complete_limited_metadata,9,0.018218623481781375
939,voter,usable_partial,106,0.2145748987854251
940,abstention,no_determinants,29,0.05731225296442688
940,abstention,suspicious_determinants,3,0.005928853754940711
940,abstention,too_many_missing_determinants,1,0.001976284584980237
940,abstention,usable_complete,396,0.782608695652174
940,abstention,usable_complete_limited_metadata,23,0.045454545454545456
940,abstention,usable_partial,48,0.09486166007905138
940,abstention,usable_partial_limited_metadata,6,0.011857707509881422
940,voter,no_determinants,63,0.12753036437246965
940,voter,suspicious_determinants,6,0.012145748987854251
940,voter,too_many_missing_determinants,13,0.02631578947368421
940,voter,usable_complete,290,0.5870445344129555
940,voter,usable_complete_limited_metadata,13,0.02631578947368421
940,voter,usable_partial,108,0.21862348178137653
940,voter,usable_partial_limited_metadata,1,0.0020242914979757085
941,abstention,no_determinants,35,0.0691699604743083
941,abstention,suspicious_determinants,1,0.001976284584980237
941,abstention,too_many_missing_determinants,4,0.007905138339920948
941,abstention,usable_complete,390,0.7707509881422925
941,abstention,usable_complete_limited_metadata,26,0.05138339920948617
941,abstention,usable_partial,48,0.09486166007905138
941,abstention,usable_partial_limited_metadata,2,0.003952569169960474
941,voter,no_determinants,62,0.12550607287449392
941,voter,suspicious_determinants,1,0.0020242914979757085
941,voter,too_many_missing_determinants,15,0.030364372469635626
941,voter,usable_complete,305,0.6174089068825911
941,voter,usable_complete_limited_metadata,6,0.012145748987854251
941,voter,usable_partial,104,0.21052631578947367
941,voter,usable_partial_limited_metadata,1,0.0020242914979757085
942,abstention,no_determinants,26,0.05138339920948617
942,abstention,too_many_missing_determinants,3,0.005928853754940711
942,abstention,usable_complete,412,0.8142292490118577
942,abstention,usable_complete_limited_metadata,14,0.02766798418972332
942,abstention,usable_partial,50,0.09881422924901186
942,abstention,usable_partial_limited_metadata,1,0.001976284584980237
942,voter,no_determinants,62,0.12550607287449392
942,voter,suspicious_determinants,5,0.010121457489878543
942,voter,too_many_missing_determinants,13,0.02631578947368421
942,voter,usable_complete,290,0.5870445344129555
942,voter,usable_complete_limited_metadata,13,0.02631578947368421
942,voter,usable_partial,111,0.22469635627530365
943,abstention,no_determinants,31,0.06126482213438735
943,abstention,suspicious_determinants,2,0.003952569169960474
943,abstention,too_many_missing_determinants,4,0.007905138339920948
943,abstention,usable_complete,404,0.7984189723320159
943,abstention,usable_complete_limited_metadata,15,0.029644268774703556
943,abstention,usable_partial,48,0.09486166007905138
943,abstention,usable_partial_limited_metadata,2,0.003952569169960474
943,voter,no_determinants,63,0.12753036437246965
943,voter,suspicious_determinants,3,0.006072874493927126
943,voter,too_many_missing_determinants,19,0.038461538461538464
943,voter,usable_complete,284,0.5748987854251012
943,voter,usable_complete_limited_metadata,8,0.016194331983805668
943,voter,usable_partial,117,0.23684210526315788
944,abstention,no_determinants,28,0.05533596837944664
944,abstention,too_many_missing_determinants,4,0.007905138339920948
944,abstention,usable_complete,392,0.7747035573122529
944,abstention,usable_complete_limited_metadata,28,0.05533596837944664
944,abstention,usable_partial,47,0.09288537549407115
944,abstention,usable_partial_limited_metadata,7,0.01383399209486166
944,voter,no_determinants,73,0.14777327935222673
944,voter,suspicious_determinants,3,0.006072874493927126
944,voter,too_many_missing_determinants,18,0.03643724696356275
944,voter,usable_complete,286,0.5789473684210527
944,voter,usable_complete_limited_metadata,7,0.01417004048582996
944,voter,usable_partial,107,0.2165991902834008
945,abstention,no_determinants,27,0.0533596837944664
945,abstention,suspicious_determinants,2,0.003952569169960474
945,abstention,too_many_missing_determinants,7,0.01383399209486166
945,abstention,usable_complete,393,0.7766798418972332
945,abstention,usable_complete_limited_metadata,24,0.04743083003952569
945,abstention,usable_partial,51,0.1007905138339921
945,abstention,usable_partial_limited_metadata,2,0.003952569169960474
945,voter,no_determinants,66,0.13360323886639677
945,voter,suspicious_determinants,3,0.006072874493927126
945,voter,too_many_missing_determinants,18,0.03643724696356275
945,voter,usable_complete,289,0.5850202429149798
945,voter,usable_complete_limited_metadata,13,0.02631578947368421
945,voter,usable_partial,105,0.2125506072874494
946,abstention,no_determinants,33,0.06521739130434782
946,abstention,suspicious_determinants,2,0.003952569169960474
946,abstention,too_many_missing_determinants,2,0.003952569169960474
946,abstention,usable_complete,410,0.8102766798418972
946,abstention,usable_complete_limited_metadata,22,0.043478260869565216
946,abstention,usable_partial,36,0.07114624505928854
946,abstention,usable_partial_limited_metadata,1,0.001976284584980237
946,voter,no_determinants,59,0.1194331983805668
946,voter,suspicious_determinants,1,0.0020242914979757085
946,voter,too_many_missing_determinants,17,0.03441295546558704
946,voter,usable_complete,298,0.6032388663967612
946,voter,usable_complete_limited_metadata,8,0.016194331983805668
946,voter,usable_partial,110,0.22267206477732793
946,voter,usable_partial_limited_metadata,1,0.0020242914979757085
947,abstention,no_determinants,24,0.04743083003952569
947,abstention,suspicious_determinants,1,0.001976284584980237
947,abstention,too_many_missing_determinants,6,0.011857707509881422
947,abstention,usable_complete,413,0.8162055335968379
947,abstention,usable_complete_limited_metadata,23,0.045454545454545456
947,abstention,usable_partial,38,0.07509881422924901
947,abstention,usable_partial_limited_metadata,1,0.001976284584980237
947,voter,no_determinants,61,0.12348178137651822
947,voter,suspicious_determinants,2,0.004048582995951417
947,voter,too_many_missing_determinants,15,0.030364372469635626
947,voter,usable_complete,313,0.6336032388663968
947,voter,usable_complete_limited_metadata,12,0.024291497975708502
947,voter,usable_partial,91,0.18421052631578946
948,abstention,no_determinants,31,0.06126482213438735
948,abstention,suspicious_determinants,1,0.001976284584980237
948,abstention,too_many_missing_determinants,6,0.011857707509881422
948,abstention,usable_complete,400,0.7905138339920948
948,abstention,usable_complete_limited_metadata,16,0.03162055335968379
948,abstention,usable_partial,49,0.09683794466403162
948,abstention,usable_partial_limited_metadata,3,0.005928853754940711
948,voter,no_determinants,76,0.15384615384615385
948,voter,suspicious_determinants,2,0.004048582995951417
948,voter,too_many_missing_determinants,9,0.018218623481781375
948,voter,usable_complete,305,0.6174089068825911
948,voter,usable_complete_limited_metadata,13,0.02631578947368421
948,voter,usable_partial,89,0.18016194331983806
949,abstention,no_determinants,36,0.07114624505928854
949,abstention,too_many_missing_determinants,6,0.011857707509881422
949,abstention,usable_complete,408,0.8063241106719368
949,abstention,usable_complete_limited_metadata,16,0.03162055335968379
949,abstention,usable_partial,37,0.07312252964426877
949,abstention,usable_partial_limited_metadata,3,0.005928853754940711
949,voter,no_determinants,53,0.10728744939271255
949,voter,suspicious_determinants,4,0.008097165991902834
949,voter,too_many_missing_determinants,13,0.02631578947368421
949,voter,usable_complete,310,0.6275303643724697
949,voter,usable_complete_limited_metadata,10,0.020242914979757085
949,voter,usable_partial,103,0.20850202429149797
949,voter,usable_partial_limited_metadata,1,0.0020242914979757085
950,abstention,no_determinants,35,0.0691699604743083
950,abstention,suspicious_determinants,2,0.003952569169960474
950,abstention,too_many_missing_determinants,6,0.011857707509881422
950,abstention,usable_complete,383,0.7569169960474308
950,abstention,usable_complete_limited_metadata,29,0.05731225296442688
950,abstention,usable_partial,48,0.09486166007905138
950,abstention,usable_partial_limited_metadata,3,0.005928853754940711
950,voter,no_determinants,58,0.11740890688259109
950,voter,suspicious_determinants,2,0.004048582995951417
950,voter,too_many_missing_determinants,8,0.016194331983805668
950,voter,usable_complete,300,0.6072874493927125
950,voter,usable_complete_limited_metadata,6,0.012145748987854251
950,voter,usable_partial,118,0.2388663967611336
950,voter,usable_partial_limited_metadata,2,0.004048582995951417
951,abstention,no_determinants,37,0.07312252964426877
951,abstention,suspicious_determinants,1,0.001976284584980237
951,abstention,too_many_missing_determinants,5,0.009881422924901186
951,abstention,usable_complete,398,0.7865612648221344
951,abstention,usable_complete_limited_metadata,14,0.02766798418972332
951,abstention,usable_partial,50,0.09881422924901186
951,abstention,usable_partial_limited_metadata,1,0.001976284584980237
951,voter,no_determinants,63,0.12753036437246965
951,voter,suspicious_determinants,2,0.004048582995951417
951,voter,too_many_missing_determinants,18,0.03643724696356275
951,voter,usable_complete,292,0.5910931174089069
951,voter,usable_complete_limited_metadata,12,0.024291497975708502
951,voter,usable_partial,107,0.2165991902834008
952,abstention,no_determinants,31,0.06126482213438735
952,abstention,too_many_missing_determinants,7,0.01383399209486166
952,abstention,usable_complete,410,0.8102766798418972
952,abstention,usable_complete_limited_metadata,13,0.025691699604743084
952,abstention,usable_partial,43,0.08498023715415019
952,abstention,usable_partial_limited_metadata,2,0.003952569169960474
952,voter,no_determinants,80,0.16194331983805668
952,voter,suspicious_determinants,3,0.006072874493927126
952,voter,too_many_missing_determinants,16,0.032388663967611336
952,voter,usable_complete,286,0.5789473684210527
952,voter,usable_complete_limited_metadata,4,0.008097165991902834
952,voter,usable_partial,104,0.21052631578947367
952,voter,usable_partial_limited_metadata,1,0.0020242914979757085
953,abstention,no_determinants,19,0.037549407114624504
953,abstention,too_many_missing_determinants,6,0.011857707509881422
953,abstention,usable_complete,416,0.8221343873517787
953,abstention,usable_complete_limited_metadata,24,0.04743083003952569
953,abstention,usable_partial,38,0.07509881422924901
953,abstention,usable_partial_limited_metadata,3,0.005928853754940711
953,voter,no_determinants,77,0.15587044534412955
953,voter,suspicious_determinants,3,0.006072874493927126
953,voter,too_many_missing_determinants,14,0.02834008097165992
953,voter,usable_complete,292,0.5910931174089069
953,voter,usable_complete_limited_metadata,13,0.02631578947368421
953,voter,usable_partial,95,0.19230769230769232
954,abstention,no_determinants,35,0.0691699604743083
954,abstention,suspicious_determinants,3,0.005928853754940711
954,abstention,too_many_missing_determinants,6,0.011857707509881422
954,abstention,usable_complete,392,0.7747035573122529
954,abstention,usable_complete_limited_metadata,19,0.037549407114624504
954,abstention,usable_partial,50,0.09881422924901186
954,abstention,usable_partial_limited_metadata,1,0.001976284584980237
954,voter,no_determinants,78,0.15789473684210525
954,voter,suspicious_determinants,3,0.006072874493927126
954,voter,too_many_missing_determinants,22,0.044534412955465584
954,voter,usable_complete,277,0.5607287449392713
954,voter,usable_complete_limited_metadata,10,0.020242914979757085
954,voter,usable_partial,104,0.21052631578947367
955,abstention,no_determinants,35,0.0691699604743083
955,abstention,suspicious_determinants,1,0.001976284584980237
955,abstention,too_many_missing_determinants,6,0.011857707509881422
955,abstention,usable_complete,400,0.7905138339920948
955,abstention,usable_complete_limited_metadata,21,0.041501976284584984
955,abstention,usable_partial,40,0.07905138339920949
955,abstention,usable_partial_limited_metadata,3,0.005928853754940711
955,voter,no_determinants,53,0.10728744939271255
955,voter,suspicious_determinants,1,0.0020242914979757085
955,voter,too_many_missing_determinants,19,0.038461538461538464
955,voter,usable_complete,298,0.6032388663967612
955,voter,usable_complete_limited_metadata,7,0.01417004048582996
955,voter,usable_partial,116,0.23481781376518218
956,abstention,no_determinants,30,0.05928853754940711
956,abstention,suspicious_determinants,3,0.005928853754940711
956,abstention,too_many_missing_determinants,6,0.011857707509881422
956,abstention,usable_complete,389,0.7687747035573123
956,abstention,usable_complete_limited_metadata,34,0.06719367588932806
956,abstention,usable_partial,41,0.08102766798418973
956,abstention,usable_partial_limited_metadata,3,0.005928853754940711
956,voter,no_determinants,61,0.12348178137651822
956,voter,suspicious_determinants,3,0.006072874493927126
956,voter,too_many_missing_determinants,17,0.03441295546558704
956,voter,usable_complete,280,0.5668016194331984
956,voter,usable_complete_limited_metadata,10,0.020242914979757085
956,voter,usable_partial,122,0.24696356275303644
956,voter,usable_partial_limited_metadata,1,0.0020242914979757085
957,abstention,no_determinants,28,0.05533596837944664
957,abstention,too_many_missing_determinants,4,0.007905138339920948
957,abstention,usable_complete,401,0.7924901185770751
957,abstention,usable_complete_limited_metadata,14,0.02766798418972332
957,abstention,usable_partial,55,0.10869565217391304
957,abstention,usable_partial_limited_metadata,4,0.007905138339920948
957,voter,no_determinants,64,0.12955465587044535
957,voter,suspicious_determinants,4,0.008097165991902834
957,voter,too_many_missing_determinants,12,0.024291497975708502
957,voter,usable_complete,277,0.5607287449392713
957,voter,usable_complete_limited_metadata,12,0.024291497975708502
957,voter,usable_partial,125,0.25303643724696356
958,abstention,no_determinants,33,0.06521739130434782
958,abstention,too_many_missing_determinants,3,0.005928853754940711
958,abstention,usable_complete,404,0.7984189723320159
958,abstention,usable_complete_limited_metadata,11,0.021739130434782608
958,abstention,usable_partial,52,0.10276679841897234
958,abstention,usable_partial_limited_metadata,3,0.005928853754940711
958,voter,no_determinants,73,0.14777327935222673
958,voter,suspicious_determinants,2,0.004048582995951417
958,voter,too_many_missing_determinants,19,0.038461538461538464
958,voter,usable_complete,299,0.6052631578947368
958,voter,usable_complete_limited_metadata,11,0.022267206477732792
958,voter,usable_partial,89,0.18016194331983806
958,voter,usable_partial_limited_metadata,1,0.0020242914979757085
959,abstention,no_determinants,30,0.05928853754940711
959,abstention,too_many_missing_determinants,3,0.005928853754940711
959,abstention,usable_complete,406,0.8023715415019763
959,abstention,usable_complete_limited_metadata,25,0.04940711462450593
959,abstention,usable_partial,41,0.08102766798418973
959,abstention,usable_partial_limited_metadata,1,0.001976284584980237
959,voter,no_determinants,80,0.16194331983805668
959,voter,suspicious_determinants,1,0.0020242914979757085
959,voter,too_many_missing_determinants,21,0.04251012145748988
959,voter,usable_complete,282,0.5708502024291497
959,voter,usable_complete_limited_metadata,6,0.012145748987854251
959,voter,usable_partial,104,0.21052631578947367
960,abstention,no_determinants,29,0.05731225296442688
960,abstention,suspicious_determinants,1,0.001976284584980237
960,abstention,too_many_missing_determinants,6,0.011857707509881422
960,abstention,usable_complete,409,0.808300395256917
960,abstention,usable_complete_limited_metadata,9,0.017786561264822136
960,abstention,usable_partial,48,0.09486166007905138
960,abstention,usable_partial_limited_metadata,4,0.007905138339920948
960,voter,no_determinants,52,0.10526315789473684
960,voter,suspicious_determinants,3,0.006072874493927126
960,voter,too_many_missing_determinants,17,0.03441295546558704
960,voter,usable_complete,289,0.5850202429149798
960,voter,usable_complete_limited_metadata,6,0.012145748987854251
960,voter,usable_partial,127,0.25708502024291496
961,abstention,no_determinants,26,0.05138339920948617
961,abstention,too_many_missing_determinants,5,0.009881422924901186
961,abstention,usable_complete,401,0.7924901185770751
961,abstention,usable_complete_limited_metadata,18,0.03557312252964427
961,abstention,usable_partial,52,0.10276679841897234
961,abstention,usable_partial_limited_metadata,4,0.007905138339920948
961,voter,no_determinants,61,0.12348178137651822
961,voter,too_many_missing_determinants,23,0.0465587044534413
961,voter,usable_complete,291,0.5890688259109311
961,voter,usable_complete_limited_metadata,8,0.016194331983805668
961,voter,usable_partial,111,0.22469635627530365
962,abstention,no_determinants,28,0.05533596837944664
962,abstention,suspicious_determinants,1,0.001976284584980237
962,abstention,too_many_missing_determinants,3,0.005928853754940711
962,abstention,usable_complete,405,0.8003952569169961
962,abstention,usable_complete_limited_metadata,23,0.045454545454545456
962,abstention,usable_partial,44,0.08695652173913043
962,abstention,usable_partial_limited_metadata,2,0.003952569169960474
962,voter,no_determinants,65,0.13157894736842105
962,voter,suspicious_determinants,2,0.004048582995951417
962,voter,too_many_missing_determinants,15,0.030364372469635626
962,voter,usable_complete,297,0.6012145748987854
962,voter,usable_complete_limited_metadata,8,0.016194331983805668
962,voter,usable_partial,107,0.2165991902834008
963,abstention,no_determinants,32,0.06324110671936758
963,abstention,too_many_missing_determinants,5,0.009881422924901186
963,abstention,usable_complete,404,0.7984189723320159
963,abstention,usable_complete_limited_metadata,15,0.029644268774703556
963,abstention,usable_partial,46,0.09090909090909091
963,abstention,usable_partial_limited_metadata,4,0.007905138339920948
963,voter,no_determinants,63,0.12753036437246965
963,voter,suspicious_determinants,2,0.004048582995951417
963,voter,too_many_missing_determinants,12,0.024291497975708502
963,voter,usable_complete,290,0.5870445344129555
963,voter,usable_complete_limited_metadata,12,0.024291497975708502
963,voter,usable_partial,115,0.23279352226720648
964,abstention,no_determinants,31,0.06126482213438735
964,abstention,suspicious_determinants,1,0.001976284584980237
964,abstention,too_many_missing_determinants,4,0.007905138339920948
964,abstention,usable_complete,394,0.7786561264822134
964,abstention,usable_complete_limited_metadata,22,0.043478260869565216
964,abstention,usable_partial,51,0.1007905138339921
964,abstention,usable_partial_limited_metadata,3,0.005928853754940711
964,voter,no_determinants,64,0.12955465587044535
964,voter,suspicious_determinants,1,0.0020242914979757085
964,voter,too_many_missing_determinants,15,0.030364372469635626
964,voter,usable_complete,271,0.548582995951417
964,voter,usable_complete_limited_metadata,13,0.02631578947368421
964,voter,usable_partial,130,0.2631578947368421
965,abstention,no_determinants,28,0.05533596837944664
965,abstention,suspicious_determinants,2,0.003952569169960474
965,abstention,too_many_missing_determinants,4,0.007905138339920948
965,abstention,usable_complete,401,0.7924901185770751
965,abstention,usable_complete_limited_metadata,16,0.03162055335968379
965,abstention,usable_partial,53,0.10474308300395258
965,abstention,usable_partial_limited_metadata,2,0.003952569169960474
965,voter,no_determinants,73,0.14777327935222673
965,voter,suspicious_determinants,1,0.0020242914979757085
965,voter,too_many_missing_determinants,13,0.02631578947368421
965,voter,usable_complete,283,0.5728744939271255
965,voter,usable_complete_limited_metadata,11,0.022267206477732792
965,voter,usable_partial,113,0.22874493927125505
966,abstention,no_determinants,23,0.045454545454545456
966,abstention,suspicious_determinants,1,0.001976284584980237
966,abstention,too_many_missing_determinants,7,0.01383399209486166
966,abstention,usable_complete,413,0.8162055335968379
966,abstention,usable_complete_limited_metadata,9,0.017786561264822136
966,abstention,usable_partial,51,0.1007905138339921
966,abstention,usable_partial_limited_metadata,2,0.003952569169960474
966,voter,no_determinants,74,0.14979757085020243
966,voter,suspicious_determinants,1,0.0020242914979757085
966,voter,too_many_missing_determinants,19,0.038461538461538464
966,voter,usable_complete,288,0.582995951417004
966,voter,usable_complete_limited_metadata,11,0.022267206477732792
966,voter,usable_partial,101,0.20445344129554655
967,abstention,no_determinants,25,0.04940711462450593
967,abstention,suspicious_determinants,2,0.003952569169960474
967,abstention,too_many_missing_determinants,11,0.021739130434782608
967,abstention,usable_complete,394,0.7786561264822134
967,abstention,usable_complete_limited_metadata,21,0.041501976284584984
967,abstention,usable_partial,47,0.09288537549407115
967,abstention,usable_partial_limited_metadata,6,0.011857707509881422
967,voter,no_determinants,59,0.1194331983805668
967,voter,suspicious_determinants,3,0.006072874493927126
967,voter,too_many_missing_determinants,10,0.020242914979757085
967,voter,usable_complete,292,0.5910931174089069
967,voter,usable_complete_limited_metadata,8,0.016194331983805668
967,voter,usable_partial,121,0.24493927125506074
967,voter,usable_partial_limited_metadata,1,0.0020242914979757085
968,abstention,no_determinants,33,0.06521739130434782
968,abstention,too_many_missing_determinants,2,0.003952569169960474
968,abstention,usable_complete,402,0.7944664031620553
968,abstention,usable_complete_limited_metadata,16,0.03162055335968379
968,abstention,usable_partial,51,0.1007905138339921
968,abstention,usable_partial_limited_metadata,2,0.003952569169960474
968,voter,no_determinants,77,0.15587044534412955
968,voter,suspicious_determinants,3,0.006072874493927126
968,voter,too_many_missing_determinants,16,0.032388663967611336
968,voter,usable_complete,278,0.562753036437247
968,voter,usable_complete_limited_metadata,9,0.018218623481781375
968,voter,usable_partial,111,0.22469635627530365
969,abstention,no_determinants,30,0.05928853754940711
969,abstention,too_many_missing_determinants,4,0.007905138339920948
969,abstention,usable_complete,404,0.7984189723320159
969,abstention,usable_complete_limited_metadata,20,0.039525691699604744
969,abstention,usable_partial,46,0.09090909090909091
969,abstention,usable_partial_limited_metadata,2,0.003952569169960474
969,voter,no_determinants,66,0.13360323886639677
969,voter,suspicious_determinants,4,0.008097165991902834
969,voter,too_many_missing_determinants,18,0.03643724696356275
969,voter,usable_complete,271,0.548582995951417
969,voter,usable_complete_limited_metadata,15,0.030364372469635626
969,voter,usable_partial,119,0.2408906882591093
969,voter,usable_partial_limited_metadata,1,0.0020242914979757085
970,abstention,no_determinants,28,0.05533596837944664
970,abstention,too_many_missing_determinants,6,0.011857707509881422
970,abstention,usable_complete,400,0.7905138339920948
970,abstention,usable_complete_limited_metadata,15,0.029644268774703556
970,abstention,usable_partial,56,0.11067193675889328
970,abstention,usable_partial_limited_metadata,1,0.001976284584980237
970,voter,no_determinants,72,0.145748987854251
970,voter,suspicious_determinants,4,0.008097165991902834
970,voter,too_many_missing_determinants,13,0.02631578947368421
970,voter,usable_complete,281,0.5688259109311741
970,voter,usable_complete_limited_metadata,12,0.024291497975708502
970,voter,usable_partial,111,0.22469635627530365
970,voter,usable_partial_limited_metadata,1,0.0020242914979757085
971,abstention,no_determinants,37,0.07312252964426877
971,abstention,suspicious_determinants,4,0.007905138339920948
971,abstention,too_many_missing_determinants,6,0.011857707509881422
971,abstention,usable_complete,398,0.7865612648221344
971,abstention,usable_complete_limited_metadata,18,0.03557312252964427
971,abstention,usable_partial,37,0.07312252964426877
971,abstention,usable_partial_limited_metadata,6,0.011857707509881422
971,voter,no_determinants,72,0.145748987854251
971,voter,suspicious_determinants,3,0.006072874493927126
971,voter,too_many_missing_determinants,18,0.03643724696356275
971,voter,usable_complete,293,0.5931174089068826
971,voter,usable_complete_limited_metadata,4,0.008097165991902834
971,voter,usable_partial,104,0.21052631578947367
972,abstention,no_determinants,28,0.05533596837944664
972,abstention,too_many_missing_determinants,2,0.003952569169960474
972,abstention,usable_complete,413,0.8162055335968379
972,abstention,usable_complete_limited_metadata,12,0.023715415019762844
972,abstention,usable_partial,49,0.09683794466403162
972,abstention,usable_partial_limited_metadata,2,0.003952569169960474
972,voter,no_determinants,60,0.1214574898785425
972,voter,suspicious_determinants,2,0.004048582995951417
972,voter,too_many_missing_determinants,21,0.04251012145748988
972,voter,usable_complete,291,0.5890688259109311
972,voter,usable_complete_limited_metadata,8,0.016194331983805668
972,voter,usable_partial,112,0.22672064777327935
973,abstention,no_determinants,21,0.041501976284584984
973,abstention,too_many_missing_determinants,3,0.005928853754940711
973,abstention,usable_complete,407,0.8043478260869565
973,abstention,usable_complete_limited_metadata,22,0.043478260869565216
973,abstention,usable_partial,50,0.09881422924901186
973,abstention,usable_partial_limited_metadata,3,0.005928853754940711
973,voter,no_determinants,59,0.1194331983805668
973,voter,suspicious_determinants,3,0.006072874493927126
973,voter,too_many_missing_determinants,10,0.020242914979757085
973,voter,usable_complete,279,0.5647773279352226
973,voter,usable_complete_limited_metadata,7,0.01417004048582996
973,voter,usable_partial,136,0.27530364372469635
974,abstention,no_determinants,31,0.06126482213438735
974,abstention,suspicious_determinants,3,0.005928853754940711
974,abstention,too_many_missing_determinants,5,0.009881422924901186
974,abstention,usable_complete,398,0.7865612648221344
974,abstention,usable_complete_limited_metadata,17,0.03359683794466403
974,abstention,usable_partial,51,0.1007905138339921
974,abstention,usable_partial_limited_metadata,1,0.001976284584980237
974,voter,no_determinants,76,0.15384615384615385
974,voter,too_many_missing_determinants,21,0.04251012145748988
974,voter,usable_complete,277,0.5607287449392713
974,voter,usable_complete_limited_metadata,5,0.010121457489878543
974,voter,usable_partial,115,0.23279352226720648
975,abstention,no_determinants,30,0.05928853754940711
975,abstention,suspicious_determinants,1,0.001976284584980237
975,abstention,too_many_missing_determinants,1,0.001976284584980237
975,abstention,usable_complete,393,0.7766798418972332
975,abstention,usable_complete_limited_metadata,21,0.041501976284584984
975,abstention,usable_partial,58,0.11462450592885376
975,abstention,usable_partial_limited_metadata,2,0.003952569169960474
975,voter,no_determinants,77,0.15587044534412955
975,voter,suspicious_determinants,2,0.004048582995951417
975,voter,too_many_missing_determinants,18,0.03643724696356275
975,voter,usable_complete,287,0.5809716599190283
975,voter,usable_complete_limited_metadata,5,0.010121457489878543
975,voter,usable_partial,105,0.2125506072874494
976,abstention,no_determinants,34,0.06719367588932806
976,abstention,too_many_missing_determinants,1,0.001976284584980237
976,abstention,usable_complete,397,0.7845849802371542
976,abstention,usable_complete_limited_metadata,17,0.03359683794466403
976,abstention,usable_partial,56,0.11067193675889328
976,abstention,usable_partial_limited_metadata,1,0.001976284584980237
976,voter,no_determinants,57,0.11538461538461539
976,voter,suspicious_determinants,3,0.006072874493927126
976,voter,too_many_missing_determinants,28,0.05668016194331984
976,voter,usable_complete,298,0.6032388663967612
976,voter,usable_complete_limited_metadata,9,0.018218623481781375
976,voter,usable_partial,98,0.19838056680161945
976,voter,usable_partial_limited_metadata,1,0.0020242914979757085
977,abstention,no_determinants,36,0.07114624505928854
977,abstention,suspicious_determinants,2,0.003952569169960474
977,abstention,too_many_missing_determinants,1,0.001976284584980237
977,abstention,usable_complete,393,0.7766798418972332
977,abstention,usable_complete_limited_metadata,17,0.03359683794466403
977,abstention,usable_partial,56,0.11067193675889328
977,abstention,usable_partial_limited_metadata,1,0.001976284584980237
977,voter,no_determinants,68,0.13765182186234817
977,voter,too_many_missing_determinants,12,0.024291497975708502
977,voter,usable_complete,294,0.5951417004048583
977,voter,usable_complete_limited_metadata,13,0.02631578947368421
977,voter,usable_partial,107,0.2165991902834008
978,abstention,no_determinants,34,0.06719367588932806
978,abstention,suspicious_determinants,2,0.003952569169960474
978,abstention,too_many_missing_determinants,1,0.001976284584980237
978,abstention,usable_complete,402,0.7944664031620553
978,abstention,usable_complete_limited_metadata,13,0.025691699604743084
978,abstention,usable_partial,53,0.10474308300395258
978,abstention,usable_partial_limited_metadata,1,0.001976284584980237
978,voter,no_determinants,63,0.12753036437246965
978,voter,suspicious_determinants,5,0.010121457489878543
978,voter,too_many_missing_determinants,23,0.0465587044534413
978,voter,usable_complete,279,0.5647773279352226
978,voter,usable_complete_limited_metadata,5,0.010121457489878543
978,voter,usable_partial,117,0.23684210526315788
978,voter,usable_partial_limited_metadata,2,0.004048582995951417
979,abstention,no_determinants,29,0.05731225296442688
979,abstention,too_many_missing_determinants,6,0.011857707509881422
979,abstention,usable_complete,392,0.7747035573122529
979,abstention,usable_complete_limited_metadata,16,0.03162055335968379
979,abstention,usable_partial,61,0.12055335968379446
979,abstention,usable_partial_limited_metadata,2,0.003952569169960474
979,voter,no_determinants,59,0.1194331983805668
979,voter,suspicious_determinants,1,0.0020242914979757085
979,voter,too_many_missing_determinants,20,0.04048582995951417
979,voter,usable_complete,287,0.5809716599190283
979,voter,usable_complete_limited_metadata,9,0.018218623481781375
979,voter,usable_partial,118,0.2388663967611336
980,abstention,no_determinants,37,0.07312252964426877
980,abstention,suspicious_determinants,1,0.001976284584980237
980,abstention,too_many_missing_determinants,1,0.001976284584980237
980,abstention,usable_complete,396,0.782608695652174
980,abstention,usable_complete_limited_metadata,14,0.02766798418972332
980,abstention,usable_partial,57,0.11264822134387352
980,voter,no_determinants,78,0.15789473684210525
980,voter,suspicious_determinants,4,0.008097165991902834
980,voter,too_many_missing_determinants,19,0.038461538461538464
980,voter,usable_complete,266,0.5384615384615384
980,voter,usable_complete_limited_metadata,12,0.024291497975708502
980,voter,usable_partial,115,0.23279352226720648
981,abstention,no_determinants,23,0.045454545454545456
981,abstention,suspicious_determinants,2,0.003952569169960474
981,abstention,too_many_missing_determinants,3,0.005928853754940711
981,abstention,usable_complete,409,0.808300395256917
981,abstention,usable_complete_limited_metadata,24,0.04743083003952569
981,abstention,usable_partial,43,0.08498023715415019
981,abstention,usable_partial_limited_metadata,2,0.003952569169960474
981,voter,no_determinants,69,0.1396761133603239
981,voter,suspicious_determinants,1,0.0020242914979757085
981,voter,too_many_missing_determinants,19,0.038461538461538464
981,voter,usable_complete,288,0.582995951417004
981,voter,usable_complete_limited_metadata,17,0.03441295546558704
981,voter,usable_partial,100,0.20242914979757085
982,abstention,no_determinants,35,0.0691699604743083
982,abstention,suspicious_determinants,1,0.001976284584980237
982,abstention,too_many_missing_determinants,8,0.015810276679841896
982,abstention,usable_complete,400,0.7905138339920948
982,abstention,usable_complete_limited_metadata,18,0.03557312252964427
982,abstention,usable_partial,43,0.08498023715415019
982,abstention,usable_partial_limited_metadata,1,0.001976284584980237
982,voter,no_determinants,58,0.11740890688259109
982,voter,suspicious_determinants,1,0.0020242914979757085
982,voter,too_many_missing_determinants,11,0.022267206477732792
982,voter,usable_complete,301,0.6093117408906883
982,voter,usable_complete_limited_metadata,11,0.022267206477732792
982,voter,usable_partial,111,0.22469635627530365
982,voter,usable_partial_limited_metadata,1,0.0020242914979757085
983,abstention,no_determinants,28,0.05533596837944664
983,abstention,too_many_missing_determinants,2,0.003952569169960474
983,abstention,usable_complete,398,0.7865612648221344
983,abstention,usable_complete_limited_metadata,23,0.045454545454545456
983,abstention,usable_partial,54,0.1067193675889328
983,abstention,usable_partial_limited_metadata,1,0.001976284584980237
983,voter,no_determinants,64,0.12955465587044535
983,voter,suspicious_determinants,6,0.012145748987854251
983,voter,too_many_missing_determinants,23,0.0465587044534413
983,voter,usable_complete,281,0.5688259109311741
983,voter,usable_complete_limited_metadata,7,0.01417004048582996
983,voter,usable_partial,112,0.22672064777327935
983,voter,usable_partial_limited_metadata,1,0.0020242914979757085
984,abstention,no_determinants,35,0.0691699604743083
984,abstention,too_many_missing_determinants,3,0.005928853754940711
984,abstention,usable_complete,394,0.7786561264822134
984,abstention,usable_complete_limited_metadata,16,0.03162055335968379
984,abstention,usable_partial,55,0.10869565217391304
984,abstention,usable_partial_limited_metadata,3,0.005928853754940711
984,voter,no_determinants,64,0.12955465587044535
984,voter,suspicious_determinants,5,0.010121457489878543
984,voter,too_many_missing_determinants,18,0.03643724696356275
984,voter,usable_complete,291,0.5890688259109311
984,voter,usable_complete_limited_metadata,11,0.022267206477732792
984,voter,usable_partial,105,0.2125506072874494
985,abstention,no_determinants,36,0.07114624505928854
985,abstention,too_many_missing_determinants,4,0.007905138339920948
985,abstention,usable_complete,387,0.7648221343873518
985,abstention,usable_complete_limited_metadata,24,0.04743083003952569
985,abstention,usable_partial,52,0.10276679841897234
985,abstention,usable_partial_limited_metadata,3,0.005928853754940711
985,voter,no_determinants,63,0.12753036437246965
985,voter,suspicious_determinants,1,0.0020242914979757085
985,voter,too_many_missing_determinants,23,0.0465587044534413
985,voter,usable_complete,293,0.5931174089068826
985,voter,usable_complete_limited_metadata,9,0.018218623481781375
985,voter,usable_partial,105,0.2125506072874494
986,abstention,no_determinants,22,0.043478260869565216
986,abstention,suspicious_determinants,1,0.001976284584980237
986,abstention,too_many_missing_determinants,2,0.003952569169960474
986,abstention,usable_complete,415,0.8201581027667985
986,abstention,usable_complete_limited_metadata,17,0.03359683794466403
986,abstention,usable_partial,46,0.09090909090909091
986,abstention,usable_partial_limited_metadata,3,0.005928853754940711
986,voter,no_determinants,72,0.145748987854251
986,voter,suspicious_determinants,2,0.004048582995951417
986,voter,too_many_missing_determinants,23,0.0465587044534413
986,voter,usable_complete,282,0.5708502024291497
986,voter,usable_complete_limited_metadata,10,0.020242914979757085
986,voter,usable_partial,105,0.2125506072874494
987,abstention,no_determinants,40,0.07905138339920949
987,abstention,suspicious_determinants,1,0.001976284584980237
987,abstention,too_many_missing_determinants,3,0.005928853754940711
987,abstention,usable_complete,389,0.7687747035573123
987,abstention,usable_complete_limited_metadata,19,0.037549407114624504
987,abstention,usable_partial,49,0.09683794466403162
987,abstention,usable_partial_limited_metadata,5,0.009881422924901186
987,voter,no_determinants,71,0.1437246963562753
987,voter,suspicious_determinants,1,0.0020242914979757085
987,voter,too_many_missing_determinants,18,0.03643724696356275
987,voter,usable_complete,297,0.6012145748987854
987,voter,usable_complete_limited_metadata,13,0.02631578947368421
987,voter,usable_partial,93,0.1882591093117409
987,voter,usable_partial_limited_metadata,1,0.0020242914979757085
988,abstention,no_determinants,36,0.07114624505928854
988,abstention,suspicious_determinants,1,0.001976284584980237
988,abstention,too_many_missing_determinants,3,0.005928853754940711
988,abstention,usable_complete,394,0.7786561264822134
988,abstention,usable_complete_limited_metadata,19,0.037549407114624504
988,abstention,usable_partial,52,0.10276679841897234
988,abstention,usable_partial_limited_metadata,1,0.001976284584980237
988,voter,no_determinants,67,0.13562753036437247
988,voter,suspicious_determinants,1,0.0020242914979757085
988,voter,too_many_missing_determinants,14,0.02834008097165992
988,voter,usable_complete,275,0.5566801619433198
988,voter,usable_complete_limited_metadata,13,0.02631578947368421
988,voter,usable_partial,124,0.25101214574898784
989,abstention,no_determinants,20,0.039525691699604744
989,abstention,too_many_missing_determinants,4,0.007905138339920948
989,abstention,usable_complete,420,0.8300395256916996
989,abstention,usable_complete_limited_metadata,13,0.025691699604743084
989,abstention,usable_partial,49,0.09683794466403162
989,voter,no_determinants,83,0.1680161943319838
989,voter,suspicious_determinants,2,0.004048582995951417
989,voter,too_many_missing_determinants,16,0.032388663967611336
989,voter,usable_complete,285,0.5769230769230769
989,voter,usable_complete_limited_metadata,6,0.012145748987854251
989,voter,usable_partial,102,0.20647773279352227
990,abstention,no_determinants,38,0.07509881422924901
990,abstention,too_many_missing_determinants,2,0.003952569169960474
990,abstention,usable_complete,399,0.7885375494071146
990,abstention,usable_complete_limited_metadata,22,0.043478260869565216
990,abstention,usable_partial,41,0.08102766798418973
990,abstention,usable_partial_limited_metadata,4,0.007905138339920948
990,voter,no_determinants,73,0.14777327935222673
990,voter,suspicious_determinants,2,0.004048582995951417
990,voter,too_many_missing_determinants,13,0.02631578947368421
990,voter,usable_complete,285,0.5769230769230769
990,voter,usable_complete_limited_metadata,9,0.018218623481781375
990,voter,usable_partial,111,0.22469635627530365
990,voter,usable_partial_limited_metadata,1,0.0020242914979757085
991,abstention,no_determinants,36,0.07114624505928854
991,abstention,too_many_missing_determinants,7,0.01383399209486166
991,abstention,usable_complete,397,0.7845849802371542
991,abstention,usable_complete_limited_metadata,22,0.043478260869565216
991,abstention,usable_partial,42,0.08300395256916997
991,abstention,usable_partial_limited_metadata,2,0.003952569169960474
991,voter,no_determinants,52,0.10526315789473684
991,voter,suspicious_determinants,2,0.004048582995951417
991,voter,too_many_missing_determinants,18,0.03643724696356275
991,voter,usable_complete,307,0.6214574898785425
991,voter,usable_complete_limited_metadata,10,0.020242914979757085
991,voter,usable_partial,105,0.2125506072874494
992,abstention,no_determinants,25,0.04940711462450593
992,abstention,suspicious_determinants,1,0.001976284584980237
992,abstention,too_many_missing_determinants,5,0.009881422924901186
992,abstention,usable_complete,404,0.7984189723320159
992,abstention,usable_complete_limited_metadata,17,0.03359683794466403
992,abstention,usable_partial,53,0.10474308300395258
992,abstention,usable_partial_limited_metadata,1,0.001976284584980237
992,voter,no_determinants,55,0.11133603238866396
992,voter,suspicious_determinants,1,0.0020242914979757085
992,voter,too_many_missing_determinants,17,0.03441295546558704
992,voter,usable_complete,315,0.6376518218623481
992,voter,usable_complete_limited_metadata,9,0.018218623481781375
992,voter,usable_partial,97,0.19635627530364372
993,abstention,no_determinants,25,0.04940711462450593
993,abstention,too_many_missing_determinants,4,0.007905138339920948
993,abstention,usable_complete,404,0.7984189723320159
993,abstention,usable_complete_limited_metadata,23,0.045454545454545456
993,abstention,usable_partial,47,0.09288537549407115
993,abstention,usable_partial_limited_metadata,3,0.005928853754940711
993,voter,no_determinants,57,0.11538461538461539
993,voter,suspicious_determinants,4,0.008097165991902834
993,voter,too_many_missing_determinants,16,0.032388663967611336
993,voter,usable_complete,298,0.6032388663967612
993,voter,usable_complete_limited_metadata,9,0.018218623481781375
993,voter,usable_partial,110,0.22267206477732793
994,abstention,no_determinants,31,0.06126482213438735
994,abstention,suspicious_determinants,1,0.001976284584980237
994,abstention,too_many_missing_determinants,5,0.009881422924901186
994,abstention,usable_complete,387,0.7648221343873518
994,abstention,usable_complete_limited_metadata,23,0.045454545454545456
994,abstention,usable_partial,56,0.11067193675889328
994,abstention,usable_partial_limited_metadata,3,0.005928853754940711
994,voter,no_determinants,84,0.1700404858299595
994,voter,too_many_missing_determinants,13,0.02631578947368421
994,voter,usable_complete,278,0.562753036437247
994,voter,usable_complete_limited_metadata,4,0.008097165991902834
994,voter,usable_partial,114,0.23076923076923078
994,voter,usable_partial_limited_metadata,1,0.0020242914979757085
995,abstention,no_determinants,30,0.05928853754940711
995,abstention,suspicious_determinants,1,0.001976284584980237
995,abstention,too_many_missing_determinants,2,0.003952569169960474
995,abstention,usable_complete,393,0.7766798418972332
995,abstention,usable_complete_limited_metadata,15,0.029644268774703556
995,abstention,usable_partial,62,0.1225296442687747
995,abstention,usable_partial_limited_metadata,3,0.005928853754940711
995,voter,no_determinants,57,0.11538461538461539
995,voter,too_many_missing_determinants,12,0.024291497975708502
995,voter,usable_complete,296,0.5991902834008097
995,voter,usable_complete_limited_metadata,13,0.02631578947368421
995,voter,usable_partial,116,0.23481781376518218
996,abstention,no_determinants,35,0.0691699604743083
996,abstention,too_many_missing_determinants,9,0.017786561264822136
996,abstention,usable_complete,397,0.7845849802371542
996,abstention,usable_complete_limited_metadata,18,0.03557312252964427
996,abstention,usable_partial,47,0.09288537549407115
996,voter,no_determinants,52,0.10526315789473684
996,voter,suspicious_determinants,4,0.008097165991902834
996,voter,too_many_missing_determinants,26,0.05263157894736842
996,voter,usable_complete,287,0.5809716599190283
996,voter,usable_complete_limited_metadata,11,0.022267206477732792
996,voter,usable_partial,114,0.23076923076923078
997,abstention,no_determinants,24,0.04743083003952569
997,abstention,suspicious_determinants,2,0.003952569169960474
997,abstention,too_many_missing_determinants,3,0.005928853754940711
997,abstention,usable_complete,418,0.8260869565217391
997,abstention,usable_complete_limited_metadata,19,0.037549407114624504
997,abstention,usable_partial,36,0.07114624505928854
997,abstention,usable_partial_limited_metadata,4,0.007905138339920948
997,voter,no_determinants,73,0.14777327935222673
997,voter,suspicious_determinants,2,0.004048582995951417
997,voter,too_many_missing_determinants,20,0.04048582995951417
997,voter,usable_complete,286,0.5789473684210527
997,voter,usable_complete_limited_metadata,5,0.010121457489878543
997,voter,usable_partial,108,0.21862348178137653
998,abstention,no_determinants,33,0.06521739130434782
998,abstention,suspicious_determinants,1,0.001976284584980237
998,abstention,too_many_missing_determinants,7,0.01383399209486166
998,abstention,usable_complete,396,0.782608695652174
998,abstention,usable_complete_limited_metadata,14,0.02766798418972332
998,abstention,usable_partial,50,0.09881422924901186
998,abstention,usable_partial_limited_metadata,5,0.009881422924901186
998,voter,no_determinants,57,0.11538461538461539
998,voter,suspicious_determinants,2,0.004048582995951417
998,voter,too_many_missing_determinants,13,0.02631578947368421
998,voter,usable_complete,313,0.6336032388663968
998,voter,usable_complete_limited_metadata,11,0.022267206477732792
998,voter,usable_partial,98,0.19838056680161945
999,abstention,no_determinants,28,0.05533596837944664
999,abstention,too_many_missing_determinants,3,0.005928853754940711
999,abstention,usable_complete,407,0.8043478260869565
999,abstention,usable_complete_limited_metadata,21,0.041501976284584984
999,abstention,usable_partial,43,0.08498023715415019
999,abstention,usable_partial_limited_metadata,4,0.007905138339920948
999,voter,no_determinants,69,0.1396761133603239
999,voter,suspicious_determinants,4,0.008097165991902834
999,voter,too_many_missing_determinants,18,0.03643724696356275
999,voter,usable_complete,281,0.5688259109311741
999,voter,usable_complete_limited_metadata,13,0.02631578947368421
999,voter,usable_partial,109,0.22064777327935223
1000,abstention,no_determinants,26,0.05138339920948617
1000,abstention,too_many_missing_determinants,4,0.007905138339920948
1000,abstention,usable_complete,394,0.7786561264822134
1000,abstention,usable_complete_limited_metadata,23,0.045454545454545456
1000,abstention,usable_partial,56,0.11067193675889328
1000,abstention,usable_partial_limited_metadata,3,0.005928853754940711
1000,voter,no_determinants,53,0.10728744939271255
1000,voter,suspicious_determinants,1,0.0020242914979757085
1000,voter,too_many_missing_determinants,13,0.02631578947368421
1000,voter,usable_complete,300,0.6072874493927125
1000,voter,usable_complete_limited_metadata,7,0.01417004048582996
1000,voter,usable_partial,120,0.242914979757085
