"D","assigned_pct","unassigned_pct"
0,1.44230769230769,98.5576923076923
2,41.8269230769231,58.1730769230769
4,100,0
6,100,0
8,100,0
10,100,0
