"D","assigned_pct","unassigned_pct"
0,2.17391304347826,97.8260869565217
1,17.3913043478261,82.6086956521739
2,49.2753623188406,50.7246376811594
3,84.7826086956522,15.2173913043478
4,100,0
5,100,0
6,100,0
7,100,0
8,100,0
9,100,0
10,100,0
11,100,0
12,100,0
13,100,0
14,100,0
15,100,0
16,100,0
17,100,0
18,100,0
19,100,0
20,100,0
