"D","assigned_pct","unassigned_pct"
0,47.6078875,52.3921125
2,92.2523625,7.7476375
4,100,0
6,100,0
8,100,0
10,100,0
