integrated_row_id,comparison_region,subsample,dataset_source,n_det_valid_original,n_det_missing_original,n_det_imputed_50,prop_det_imputed_50,has_det_imputed_50,det_cols_imputed_50,n_det_valid,n_det_missing,usable_for_clustering
1,EUROPE,RENOVISOR,rv,0,32,0,0,FALSE,NA,0,32,FALSE
2,EUROPE,RENOVISOR,rv,0,32,0,0,FALSE,NA,0,32,FALSE
3,EUROPE,RENOVISOR,rv,0,32,0,0,FALSE,NA,0,32,FALSE
4,EUROPE,RENOVISOR,rv,0,32,0,0,FALSE,NA,0,32,FALSE
5,EUROPE,RENOVISOR,rv,32,0,0,0,FALSE,NA,32,0,TRUE
6,EUROPE,RENOVISOR,rv,32,0,0,0,FALSE,NA,32,0,TRUE
7,EUROPE,RENOVISOR,rv,0,32,0,0,FALSE,NA,0,32,FALSE
8,EUROPE,RENOVISOR,rv,32,0,0,0,FALSE,NA,32,0,TRUE
9,EUROPE,RENOVISOR,rv,0,32,0,0,FALSE,NA,0,32,FALSE
10,EUROPE,RENOVISOR,rv,32,0,0,0,FALSE,NA,32,0,TRUE
11,EUROPE,RENOVISOR,rv,32,0,0,0,FALSE,NA,32,0,TRUE
12,EUROPE,RENOVISOR,rv,31,1,1,0.03125,TRUE,det_23_support,32,0,TRUE
13,EUROPE,RENOVISOR,rv,32,0,0,0,FALSE,NA,32,0,TRUE
14,EUROPE,RENOVISOR,rv,0,32,0,0,FALSE,NA,0,32,FALSE
15,EUROPE,RENOVISOR,rv,0,32,0,0,FALSE,NA,0,32,FALSE
16,EUROPE,RENOVISOR,rv,32,0,0,0,FALSE,NA,32,0,FALSE
17,EUROPE,RENOVISOR,rv,0,32,0,0,FALSE,NA,0,32,FALSE
18,EUROPE,RENOVISOR,rv,32,0,0,0,FALSE,NA,32,0,TRUE
19,EUROPE,RENOVISOR,rv,0,32,0,0,FALSE,NA,0,32,FALSE
20,EUROPE,RENOVISOR,rv,0,32,0,0,FALSE,NA,0,32,FALSE
21,EUROPE,RENOVISOR,rv,31,1,1,0.03125,TRUE,det_07_legal,32,0,TRUE
22,EUROPE,RENOVISOR,rv,32,0,0,0,FALSE,NA,32,0,TRUE
23,EUROPE,RENOVISOR,rv,0,32,0,0,FALSE,NA,0,32,FALSE
24,EUROPE,RENOVISOR,rv,0,32,0,0,FALSE,NA,0,32,FALSE
25,EUROPE,RENOVISOR,rv,31,1,1,0.03125,TRUE,det_20_coziness,32,0,TRUE
26,EUROPE,RENOVISOR,rv,32,0,0,0,FALSE,NA,32,0,TRUE
27,EUROPE,RENOVISOR,rv,32,0,0,0,FALSE,NA,32,0,TRUE
28,EUROPE,RENOVISOR,rv,0,32,0,0,FALSE,NA,0,32,FALSE
29,EUROPE,RENOVISOR,rv,32,0,0,0,FALSE,NA,32,0,TRUE
30,EUROPE,RENOVISOR,rv,32,0,0,0,FALSE,NA,32,0,TRUE
31,EUROPE,RENOVISOR,rv,32,0,0,0,FALSE,NA,32,0,TRUE
32,EUROPE,RENOVISOR,rv,31,1,1,0.03125,TRUE,det_26_novelty,32,0,TRUE
33,EUROPE,RENOVISOR,rv,0,32,0,0,FALSE,NA,0,32,FALSE
34,EUROPE,RENOVISOR,rv,0,32,0,0,FALSE,NA,0,32,FALSE
35,EUROPE,RENOVISOR,rv,32,0,0,0,FALSE,NA,32,0,TRUE
36,EUROPE,RENOVISOR,rv,32,0,0,0,FALSE,NA,32,0,TRUE
37,EUROPE,RENOVISOR,rv,31,1,1,0.03125,TRUE,det_29_trends,32,0,TRUE
38,EUROPE,RENOVISOR,rv,32,0,0,0,FALSE,NA,32,0,TRUE
39,EUROPE,RENOVISOR,rv,32,0,0,0,FALSE,NA,32,0,TRUE
40,EUROPE,RENOVISOR,rv,0,32,0,0,FALSE,NA,0,32,FALSE
41,EUROPE,RENOVISOR,rv,0,32,0,0,FALSE,NA,0,32,FALSE
42,EUROPE,RENOVISOR,rv,0,32,0,0,FALSE,NA,0,32,FALSE
43,EUROPE,RENOVISOR,rv,0,32,0,0,FALSE,NA,0,32,FALSE
44,EUROPE,RENOVISOR,rv,0,32,0,0,FALSE,NA,0,32,FALSE
45,EUROPE,RENOVISOR,rv,32,0,0,0,FALSE,NA,32,0,TRUE
46,EUROPE,RENOVISOR,rv,0,32,0,0,FALSE,NA,0,32,FALSE
47,EUROPE,RENOVISOR,rv,32,0,0,0,FALSE,NA,32,0,TRUE
48,EUROPE,RENOVISOR,rv,0,32,0,0,FALSE,NA,0,32,FALSE
49,EUROPE,RENOVISOR,rv,31,1,1,0.03125,TRUE,det_10_cost_efficiency,32,0,TRUE
50,EUROPE,RENOVISOR,rv,0,32,0,0,FALSE,NA,0,32,FALSE
51,EUROPE,RENOVISOR,rv,32,0,0,0,FALSE,NA,32,0,TRUE
52,EUROPE,RENOVISOR,rv,32,0,0,0,FALSE,NA,32,0,TRUE
53,EUROPE,RENOVISOR,rv,0,32,0,0,FALSE,NA,0,32,FALSE
54,EUROPE,RENOVISOR,rv,0,32,0,0,FALSE,NA,0,32,FALSE
55,EUROPE,RENOVISOR,rv,0,32,0,0,FALSE,NA,0,32,FALSE
56,EUROPE,RENOVISOR,rv,32,0,0,0,FALSE,NA,32,0,TRUE
57,EUROPE,RENOVISOR,rv,0,32,0,0,FALSE,NA,0,32,FALSE
58,EUROPE,RENOVISOR,rv,32,0,0,0,FALSE,NA,32,0,TRUE
59,EUROPE,RENOVISOR,rv,32,0,0,0,FALSE,NA,32,0,TRUE
60,EUROPE,RENOVISOR,rv,0,32,0,0,FALSE,NA,0,32,FALSE
61,EUROPE,RENOVISOR,rv,0,32,0,0,FALSE,NA,0,32,FALSE
62,EUROPE,RENOVISOR,rv,0,32,0,0,FALSE,NA,0,32,FALSE
63,EUROPE,RENOVISOR,rv,0,32,0,0,FALSE,NA,0,32,FALSE
64,EUROPE,RENOVISOR,rv,32,0,0,0,FALSE,NA,32,0,TRUE
65,EUROPE,RENOVISOR,rv,0,32,0,0,FALSE,NA,0,32,FALSE
66,EUROPE,RENOVISOR,rv,32,0,0,0,FALSE,NA,32,0,TRUE
67,EUROPE,RENOVISOR,rv,32,0,0,0,FALSE,NA,32,0,FALSE
68,EUROPE,RENOVISOR,rv,0,32,0,0,FALSE,NA,0,32,FALSE
69,EUROPE,RENOVISOR,rv,31,1,1,0.03125,TRUE,det_04_added_value,32,0,TRUE
70,EUROPE,RENOVISOR,rv,0,32,0,0,FALSE,NA,0,32,FALSE
71,EUROPE,RENOVISOR,rv,32,0,0,0,FALSE,NA,32,0,TRUE
72,EUROPE,RENOVISOR,rv,0,32,0,0,FALSE,NA,0,32,FALSE
73,EUROPE,RENOVISOR,rv,30,2,2,0.0625,TRUE,det_06_climate_protection; det_23_support,32,0,TRUE
74,EUROPE,RENOVISOR,rv,31,1,1,0.03125,TRUE,det_26_novelty,32,0,TRUE
75,EUROPE,RENOVISOR,rv,32,0,0,0,FALSE,NA,32,0,TRUE
76,EUROPE,RENOVISOR,rv,32,0,0,0,FALSE,NA,32,0,TRUE
77,EUROPE,RENOVISOR,rv,0,32,0,0,FALSE,NA,0,32,FALSE
78,EUROPE,RENOVISOR,rv,0,32,0,0,FALSE,NA,0,32,FALSE
79,EUROPE,RENOVISOR,rv,32,0,0,0,FALSE,NA,32,0,TRUE
80,EUROPE,RENOVISOR,rv,32,0,0,0,FALSE,NA,32,0,TRUE
81,EUROPE,RENOVISOR,rv,30,2,2,0.0625,TRUE,det_04_added_value; det_06_climate_protection,32,0,TRUE
82,EUROPE,RENOVISOR,rv,31,1,1,0.03125,TRUE,det_14_environmental_concerns,32,0,TRUE
83,EUROPE,RENOVISOR,rv,32,0,0,0,FALSE,NA,32,0,TRUE
84,EUROPE,RENOVISOR,rv,0,32,0,0,FALSE,NA,0,32,FALSE
85,EUROPE,RENOVISOR,rv,32,0,0,0,FALSE,NA,32,0,TRUE
86,EUROPE,RENOVISOR,rv,32,0,0,0,FALSE,NA,32,0,TRUE
87,EUROPE,RENOVISOR,rv,0,32,0,0,FALSE,NA,0,32,FALSE
88,EUROPE,RENOVISOR,rv,32,0,0,0,FALSE,NA,32,0,TRUE
89,EUROPE,RENOVISOR,rv,0,32,0,0,FALSE,NA,0,32,FALSE
90,EUROPE,RENOVISOR,rv,0,32,0,0,FALSE,NA,0,32,FALSE
91,EUROPE,RENOVISOR,rv,32,0,0,0,FALSE,NA,32,0,TRUE
92,EUROPE,RENOVISOR,rv,31,1,1,0.03125,TRUE,det_27_fun,32,0,TRUE
93,EUROPE,RENOVISOR,rv,0,32,0,0,FALSE,NA,0,32,FALSE
94,EUROPE,RENOVISOR,rv,0,32,0,0,FALSE,NA,0,32,FALSE
95,EUROPE,RENOVISOR,rv,0,32,0,0,FALSE,NA,0,32,FALSE
96,EUROPE,RENOVISOR,rv,32,0,0,0,FALSE,NA,32,0,TRUE
97,EUROPE,RENOVISOR,rv,32,0,0,0,FALSE,NA,32,0,TRUE
98,EUROPE,RENOVISOR,rv,0,32,0,0,FALSE,NA,0,32,FALSE
99,EUROPE,RENOVISOR,rv,32,0,0,0,FALSE,NA,32,0,TRUE
100,EUROPE,RENOVISOR,rv,0,32,0,0,FALSE,NA,0,32,FALSE
101,EUROPE,RENOVISOR,rv,32,0,0,0,FALSE,NA,32,0,TRUE
102,EUROPE,RENOVISOR,rv,0,32,0,0,FALSE,NA,0,32,FALSE
103,EUROPE,RENOVISOR,rv,32,0,0,0,FALSE,NA,32,0,TRUE
104,EUROPE,RENOVISOR,rv,31,1,1,0.03125,TRUE,det_25_agreement,32,0,TRUE
105,EUROPE,RENOVISOR,rv,31,1,1,0.03125,TRUE,det_12_own_competence,32,0,TRUE
106,EUROPE,RENOVISOR,rv,0,32,0,0,FALSE,NA,0,32,FALSE
107,EUROPE,RENOVISOR,rv,32,0,0,0,FALSE,NA,32,0,TRUE
108,EUROPE,RENOVISOR,rv,32,0,0,0,FALSE,NA,32,0,TRUE
109,EUROPE,RENOVISOR,rv,0,32,0,0,FALSE,NA,0,32,FALSE
110,EUROPE,RENOVISOR,rv,0,32,0,0,FALSE,NA,0,32,FALSE
111,EUROPE,RENOVISOR,rv,32,0,0,0,FALSE,NA,32,0,TRUE
112,EUROPE,RENOVISOR,rv,32,0,0,0,FALSE,NA,32,0,TRUE
113,EUROPE,RENOVISOR,rv,0,32,0,0,FALSE,NA,0,32,FALSE
114,EUROPE,RENOVISOR,rv,32,0,0,0,FALSE,NA,32,0,TRUE
115,EUROPE,RENOVISOR,rv,32,0,0,0,FALSE,NA,32,0,TRUE
116,EUROPE,RENOVISOR,rv,32,0,0,0,FALSE,NA,32,0,TRUE
117,EUROPE,RENOVISOR,rv,32,0,0,0,FALSE,NA,32,0,TRUE
118,EUROPE,RENOVISOR,rv,32,0,0,0,FALSE,NA,32,0,TRUE
119,EUROPE,RENOVISOR,rv,29,3,3,0.09375,TRUE,det_03_risk_profile; det_20_coziness; det_28_recognition,32,0,TRUE
120,EUROPE,RENOVISOR,rv,0,32,0,0,FALSE,NA,0,32,FALSE
121,EUROPE,RENOVISOR,rv,32,0,0,0,FALSE,NA,32,0,TRUE
122,EUROPE,RENOVISOR,rv,32,0,0,0,FALSE,NA,32,0,TRUE
123,EUROPE,RENOVISOR,rv,32,0,0,0,FALSE,NA,32,0,TRUE
124,EUROPE,RENOVISOR,rv,0,32,0,0,FALSE,NA,0,32,FALSE
125,EUROPE,RENOVISOR,rv,32,0,0,0,FALSE,NA,32,0,TRUE
126,EUROPE,RENOVISOR,rv,32,0,0,0,FALSE,NA,32,0,TRUE
127,EUROPE,RENOVISOR,rv,0,32,0,0,FALSE,NA,0,32,FALSE
128,EUROPE,RENOVISOR,rv,32,0,0,0,FALSE,NA,32,0,TRUE
129,EUROPE,RENOVISOR,rv,32,0,0,0,FALSE,NA,32,0,TRUE
130,EUROPE,RENOVISOR,rv,32,0,0,0,FALSE,NA,32,0,TRUE
131,EUROPE,RENOVISOR,rv,30,2,2,0.0625,TRUE,det_10_cost_efficiency; det_16_commitment,32,0,TRUE
132,EUROPE,RENOVISOR,rv,0,32,0,0,FALSE,NA,0,32,FALSE
133,EUROPE,RENOVISOR,rv,32,0,0,0,FALSE,NA,32,0,TRUE
134,EUROPE,RENOVISOR,rv,0,32,0,0,FALSE,NA,0,32,FALSE
135,EUROPE,RENOVISOR,rv,32,0,0,0,FALSE,NA,32,0,TRUE
136,EUROPE,RENOVISOR,rv,0,32,0,0,FALSE,NA,0,32,FALSE
137,EUROPE,RENOVISOR,rv,32,0,0,0,FALSE,NA,32,0,TRUE
138,EUROPE,RENOVISOR,rv,32,0,0,0,FALSE,NA,32,0,TRUE
139,EUROPE,RENOVISOR,rv,32,0,0,0,FALSE,NA,32,0,TRUE
140,EUROPE,RENOVISOR,rv,31,1,1,0.03125,TRUE,det_05_frugality,32,0,TRUE
141,EUROPE,RENOVISOR,rv,0,32,0,0,FALSE,NA,0,32,FALSE
142,EUROPE,RENOVISOR,rv,32,0,0,0,FALSE,NA,32,0,TRUE
143,EUROPE,RENOVISOR,rv,32,0,0,0,FALSE,NA,32,0,TRUE
144,EUROPE,RENOVISOR,rv,32,0,0,0,FALSE,NA,32,0,TRUE
145,EUROPE,RENOVISOR,rv,0,32,0,0,FALSE,NA,0,32,FALSE
146,EUROPE,RENOVISOR,rv,32,0,0,0,FALSE,NA,32,0,TRUE
147,EUROPE,RENOVISOR,rv,32,0,0,0,FALSE,NA,32,0,TRUE
148,EUROPE,RENOVISOR,rv,0,32,0,0,FALSE,NA,0,32,FALSE
149,EUROPE,RENOVISOR,rv,0,32,0,0,FALSE,NA,0,32,FALSE
150,EUROPE,RENOVISOR,rv,31,1,1,0.03125,TRUE,det_14_environmental_concerns,32,0,TRUE
151,EUROPE,RENOVISOR,rv,32,0,0,0,FALSE,NA,32,0,TRUE
152,EUROPE,RENOVISOR,rv,0,32,0,0,FALSE,NA,0,32,FALSE
153,EUROPE,RENOVISOR,rv,32,0,0,0,FALSE,NA,32,0,TRUE
154,EUROPE,RENOVISOR,rv,32,0,0,0,FALSE,NA,32,0,TRUE
155,EUROPE,RENOVISOR,rv,32,0,0,0,FALSE,NA,32,0,TRUE
156,EUROPE,RENOVISOR,rv,32,0,0,0,FALSE,NA,32,0,TRUE
157,EUROPE,RENOVISOR,rv,0,32,0,0,FALSE,NA,0,32,FALSE
158,EUROPE,RENOVISOR,rv,31,1,1,0.03125,TRUE,det_04_added_value,32,0,TRUE
159,EUROPE,RENOVISOR,rv,32,0,0,0,FALSE,NA,32,0,TRUE
160,EUROPE,RENOVISOR,rv,0,32,0,0,FALSE,NA,0,32,FALSE
161,EUROPE,RENOVISOR,rv,32,0,0,0,FALSE,NA,32,0,TRUE
162,EUROPE,RENOVISOR,rv,32,0,0,0,FALSE,NA,32,0,TRUE
163,EUROPE,RENOVISOR,rv,0,32,0,0,FALSE,NA,0,32,FALSE
164,EUROPE,RENOVISOR,rv,32,0,0,0,FALSE,NA,32,0,TRUE
165,EUROPE,RENOVISOR,rv,32,0,0,0,FALSE,NA,32,0,TRUE
166,EUROPE,RENOVISOR,rv,32,0,0,0,FALSE,NA,32,0,TRUE
167,EUROPE,RENOVISOR,rv,0,32,0,0,FALSE,NA,0,32,FALSE
168,EUROPE,RENOVISOR,rv,32,0,0,0,FALSE,NA,32,0,TRUE
169,EUROPE,RENOVISOR,rv,32,0,0,0,FALSE,NA,32,0,TRUE
170,EUROPE,RENOVISOR,rv,32,0,0,0,FALSE,NA,32,0,TRUE
171,EUROPE,RENOVISOR,rv,32,0,0,0,FALSE,NA,32,0,TRUE
172,EUROPE,RENOVISOR,rv,32,0,0,0,FALSE,NA,32,0,TRUE
173,EUROPE,RENOVISOR,rv,0,32,0,0,FALSE,NA,0,32,FALSE
174,EUROPE,RENOVISOR,rv,32,0,0,0,FALSE,NA,32,0,TRUE
175,EUROPE,RENOVISOR,rv,32,0,0,0,FALSE,NA,32,0,TRUE
176,EUROPE,RENOVISOR,rv,0,32,0,0,FALSE,NA,0,32,FALSE
177,EUROPE,RENOVISOR,rv,32,0,0,0,FALSE,NA,32,0,TRUE
178,EUROPE,RENOVISOR,rv,31,1,1,0.03125,TRUE,det_08_trust,32,0,TRUE
179,EUROPE,RENOVISOR,rv,0,32,0,0,FALSE,NA,0,32,FALSE
180,EUROPE,RENOVISOR,rv,32,0,0,0,FALSE,NA,32,0,TRUE
181,EUROPE,RENOVISOR,rv,32,0,0,0,FALSE,NA,32,0,TRUE
182,EUROPE,RENOVISOR,rv,32,0,0,0,FALSE,NA,32,0,TRUE
183,EUROPE,RENOVISOR,rv,0,32,0,0,FALSE,NA,0,32,FALSE
184,EUROPE,RENOVISOR,rv,32,0,0,0,FALSE,NA,32,0,TRUE
185,EUROPE,RENOVISOR,rv,32,0,0,0,FALSE,NA,32,0,TRUE
186,EUROPE,RENOVISOR,rv,32,0,0,0,FALSE,NA,32,0,TRUE
187,EUROPE,RENOVISOR,rv,32,0,0,0,FALSE,NA,32,0,TRUE
188,EUROPE,RENOVISOR,rv,32,0,0,0,FALSE,NA,32,0,TRUE
189,EUROPE,RENOVISOR,rv,31,1,1,0.03125,TRUE,det_05_frugality,32,0,TRUE
190,EUROPE,RENOVISOR,rv,31,1,1,0.03125,TRUE,det_22_peer_pressure,32,0,TRUE
191,EUROPE,RENOVISOR,rv,32,0,0,0,FALSE,NA,32,0,TRUE
192,EUROPE,RENOVISOR,rv,31,1,1,0.03125,TRUE,det_18_autonomy,32,0,TRUE
193,EUROPE,RENOVISOR,rv,32,0,0,0,FALSE,NA,32,0,TRUE
194,EUROPE,RENOVISOR,rv,32,0,0,0,FALSE,NA,32,0,TRUE
195,EUROPE,RENOVISOR,rv,0,32,0,0,FALSE,NA,0,32,FALSE
196,EUROPE,RENOVISOR,rv,31,1,1,0.03125,TRUE,det_02_credit_score,32,0,TRUE
197,EUROPE,RENOVISOR,rv,31,1,1,0.03125,TRUE,det_12_own_competence,32,0,TRUE
198,EUROPE,RENOVISOR,rv,32,0,0,0,FALSE,NA,32,0,TRUE
199,EUROPE,RENOVISOR,rv,31,1,1,0.03125,TRUE,det_23_support,32,0,TRUE
200,EUROPE,RENOVISOR,rv,32,0,0,0,FALSE,NA,32,0,TRUE
201,EUROPE,RENOVISOR,rv,32,0,0,0,FALSE,NA,32,0,TRUE
202,EUROPE,RENOVISOR,rv,32,0,0,0,FALSE,NA,32,0,TRUE
203,EUROPE,RENOVISOR,rv,0,32,0,0,FALSE,NA,0,32,FALSE
204,EUROPE,RENOVISOR,rv,31,1,1,0.03125,TRUE,det_24_socialising,32,0,TRUE
205,EUROPE,RENOVISOR,rv,0,32,0,0,FALSE,NA,0,32,FALSE
206,EUROPE,RENOVISOR,rv,32,0,0,0,FALSE,NA,32,0,TRUE
207,EUROPE,RENOVISOR,rv,32,0,0,0,FALSE,NA,32,0,TRUE
208,EUROPE,RENOVISOR,rv,31,1,1,0.03125,TRUE,det_05_frugality,32,0,TRUE
209,EUROPE,RENOVISOR,rv,32,0,0,0,FALSE,NA,32,0,TRUE
210,EUROPE,RENOVISOR,rv,29,3,3,0.09375,TRUE,det_03_risk_profile; det_14_environmental_concerns; det_23_support,32,0,TRUE
211,EUROPE,RENOVISOR,rv,0,32,0,0,FALSE,NA,0,32,FALSE
212,EUROPE,RENOVISOR,rv,32,0,0,0,FALSE,NA,32,0,TRUE
213,EUROPE,RENOVISOR,rv,0,32,0,0,FALSE,NA,0,32,FALSE
214,EUROPE,RENOVISOR,rv,32,0,0,0,FALSE,NA,32,0,TRUE
215,EUROPE,RENOVISOR,rv,32,0,0,0,FALSE,NA,32,0,TRUE
216,EUROPE,RENOVISOR,rv,0,32,0,0,FALSE,NA,0,32,FALSE
217,EUROPE,RENOVISOR,rv,31,1,1,0.03125,TRUE,det_01_profits,32,0,TRUE
218,EUROPE,RENOVISOR,rv,32,0,0,0,FALSE,NA,32,0,TRUE
219,EUROPE,RENOVISOR,rv,0,32,0,0,FALSE,NA,0,32,FALSE
220,EUROPE,RENOVISOR,rv,31,1,1,0.03125,TRUE,det_12_own_competence,32,0,TRUE
221,EUROPE,RENOVISOR,rv,0,32,0,0,FALSE,NA,0,32,FALSE
222,EUROPE,RENOVISOR,rv,0,32,0,0,FALSE,NA,0,32,FALSE
223,EUROPE,RENOVISOR,rv,32,0,0,0,FALSE,NA,32,0,TRUE
224,EUROPE,RENOVISOR,rv,32,0,0,0,FALSE,NA,32,0,TRUE
225,EUROPE,RENOVISOR,rv,32,0,0,0,FALSE,NA,32,0,TRUE
226,EUROPE,RENOVISOR,rv,32,0,0,0,FALSE,NA,32,0,TRUE
227,EUROPE,RENOVISOR,rv,0,32,0,0,FALSE,NA,0,32,FALSE
228,EUROPE,RENOVISOR,rv,31,1,1,0.03125,TRUE,det_12_own_competence,32,0,TRUE
229,EUROPE,RENOVISOR,rv,0,32,0,0,FALSE,NA,0,32,FALSE
230,EUROPE,RENOVISOR,rv,32,0,0,0,FALSE,NA,32,0,TRUE
231,EUROPE,RENOVISOR,rv,32,0,0,0,FALSE,NA,32,0,TRUE
232,EUROPE,RENOVISOR,rv,0,32,0,0,FALSE,NA,0,32,FALSE
233,EUROPE,RENOVISOR,rv,32,0,0,0,FALSE,NA,32,0,TRUE
234,EUROPE,RENOVISOR,rv,32,0,0,0,FALSE,NA,32,0,TRUE
235,EUROPE,RENOVISOR,rv,32,0,0,0,FALSE,NA,32,0,TRUE
236,EUROPE,RENOVISOR,rv,32,0,0,0,FALSE,NA,32,0,TRUE
237,EUROPE,RENOVISOR,rv,32,0,0,0,FALSE,NA,32,0,TRUE
238,EUROPE,RENOVISOR,rv,32,0,0,0,FALSE,NA,32,0,TRUE
239,EUROPE,RENOVISOR,rv,0,32,0,0,FALSE,NA,0,32,FALSE
240,EUROPE,RENOVISOR,rv,31,1,1,0.03125,TRUE,det_26_novelty,32,0,TRUE
241,EUROPE,RENOVISOR,rv,31,1,1,0.03125,TRUE,det_32_own_significance,32,0,TRUE
242,EUROPE,RENOVISOR,rv,0,32,0,0,FALSE,NA,0,32,FALSE
243,EUROPE,RENOVISOR,rv,32,0,0,0,FALSE,NA,32,0,TRUE
244,EUROPE,RENOVISOR,rv,32,0,0,0,FALSE,NA,32,0,TRUE
245,EUROPE,RENOVISOR,rv,30,2,2,0.0625,TRUE,det_17_adherence; det_26_novelty,32,0,TRUE
246,EUROPE,RENOVISOR,rv,32,0,0,0,FALSE,NA,32,0,TRUE
247,EUROPE,RENOVISOR,rv,32,0,0,0,FALSE,NA,32,0,TRUE
248,EUROPE,RENOVISOR,rv,32,0,0,0,FALSE,NA,32,0,TRUE
249,EUROPE,RENOVISOR,rv,32,0,0,0,FALSE,NA,32,0,TRUE
250,EUROPE,RENOVISOR,rv,32,0,0,0,FALSE,NA,32,0,TRUE
251,EUROPE,RENOVISOR,rv,0,32,0,0,FALSE,NA,0,32,FALSE
252,EUROPE,RENOVISOR,rv,32,0,0,0,FALSE,NA,32,0,TRUE
253,EUROPE,RENOVISOR,rv,31,1,1,0.03125,TRUE,det_10_cost_efficiency,32,0,TRUE
254,EUROPE,RENOVISOR,rv,32,0,0,0,FALSE,NA,32,0,TRUE
255,EUROPE,RENOVISOR,rv,0,32,0,0,FALSE,NA,0,32,FALSE
256,EUROPE,RENOVISOR,rv,32,0,0,0,FALSE,NA,32,0,TRUE
257,EUROPE,RENOVISOR,rv,32,0,0,0,FALSE,NA,32,0,TRUE
258,EUROPE,RENOVISOR,rv,32,0,0,0,FALSE,NA,32,0,TRUE
259,EUROPE,RENOVISOR,rv,32,0,0,0,FALSE,NA,32,0,TRUE
260,EUROPE,RENOVISOR,rv,32,0,0,0,FALSE,NA,32,0,TRUE
261,EUROPE,RENOVISOR,rv,0,32,0,0,FALSE,NA,0,32,FALSE
262,EUROPE,RENOVISOR,rv,32,0,0,0,FALSE,NA,32,0,TRUE
263,EUROPE,RENOVISOR,rv,32,0,0,0,FALSE,NA,32,0,FALSE
264,EUROPE,RENOVISOR,rv,29,3,3,0.09375,TRUE,det_18_autonomy; det_26_novelty; det_27_fun,32,0,TRUE
265,EUROPE,RENOVISOR,rv,32,0,0,0,FALSE,NA,32,0,TRUE
266,EUROPE,RENOVISOR,rv,32,0,0,0,FALSE,NA,32,0,TRUE
267,EUROPE,RENOVISOR,rv,32,0,0,0,FALSE,NA,32,0,TRUE
268,EUROPE,RENOVISOR,rv,31,1,1,0.03125,TRUE,det_20_coziness,32,0,TRUE
269,EUROPE,RENOVISOR,rv,30,2,2,0.0625,TRUE,det_20_coziness; det_23_support,32,0,TRUE
270,EUROPE,RENOVISOR,rv,32,0,0,0,FALSE,NA,32,0,TRUE
271,EUROPE,RENOVISOR,rv,15,17,0,0,FALSE,NA,15,17,FALSE
272,EUROPE,RENOVISOR,rv,32,0,0,0,FALSE,NA,32,0,TRUE
273,EUROPE,RENOVISOR,rv,32,0,0,0,FALSE,NA,32,0,TRUE
274,EUROPE,RENOVISOR,rv,32,0,0,0,FALSE,NA,32,0,TRUE
275,EUROPE,RENOVISOR,rv,32,0,0,0,FALSE,NA,32,0,TRUE
276,EUROPE,RENOVISOR,rv,30,2,2,0.0625,TRUE,det_08_trust; det_20_coziness,32,0,TRUE
277,EUROPE,RENOVISOR,rv,0,32,0,0,FALSE,NA,0,32,FALSE
278,EUROPE,RENOVISOR,rv,21,11,0,0,FALSE,NA,21,11,FALSE
279,EUROPE,RENOVISOR,rv,32,0,0,0,FALSE,NA,32,0,TRUE
280,EUROPE,RENOVISOR,rv,32,0,0,0,FALSE,NA,32,0,TRUE
281,EUROPE,RENOVISOR,rv,0,32,0,0,FALSE,NA,0,32,FALSE
282,EUROPE,RENOVISOR,rv,0,32,0,0,FALSE,NA,0,32,FALSE
283,EUROPE,RENOVISOR,rv,32,0,0,0,FALSE,NA,32,0,TRUE
284,EUROPE,RENOVISOR,rv,32,0,0,0,FALSE,NA,32,0,TRUE
285,EUROPE,RENOVISOR,rv,32,0,0,0,FALSE,NA,32,0,TRUE
286,EUROPE,RENOVISOR,rv,32,0,0,0,FALSE,NA,32,0,TRUE
287,EUROPE,RENOVISOR,rv,31,1,1,0.03125,TRUE,det_13_technical_fit,32,0,TRUE
288,EUROPE,RENOVISOR,rv,32,0,0,0,FALSE,NA,32,0,TRUE
289,EUROPE,RENOVISOR,rv,32,0,0,0,FALSE,NA,32,0,TRUE
290,EUROPE,RENOVISOR,rv,30,2,2,0.0625,TRUE,det_24_socialising; det_27_fun,32,0,TRUE
291,EUROPE,RENOVISOR,rv,31,1,1,0.03125,TRUE,det_14_environmental_concerns,32,0,TRUE
292,EUROPE,RENOVISOR,rv,0,32,0,0,FALSE,NA,0,32,FALSE
293,EUROPE,RENOVISOR,rv,0,32,0,0,FALSE,NA,0,32,FALSE
294,EUROPE,RENOVISOR,rv,0,32,0,0,FALSE,NA,0,32,FALSE
295,EUROPE,RENOVISOR,rv,32,0,0,0,FALSE,NA,32,0,TRUE
296,EUROPE,RENOVISOR,rv,31,1,1,0.03125,TRUE,det_01_profits,32,0,TRUE
297,EUROPE,RENOVISOR,rv,32,0,0,0,FALSE,NA,32,0,TRUE
298,EUROPE,RENOVISOR,rv,32,0,0,0,FALSE,NA,32,0,TRUE
299,EUROPE,RENOVISOR,rv,32,0,0,0,FALSE,NA,32,0,TRUE
300,EUROPE,RENOVISOR,rv,32,0,0,0,FALSE,NA,32,0,TRUE
301,EUROPE,RENOVISOR,rv,0,32,0,0,FALSE,NA,0,32,FALSE
302,EUROPE,RENOVISOR,rv,0,32,0,0,FALSE,NA,0,32,FALSE
303,EUROPE,RENOVISOR,rv,32,0,0,0,FALSE,NA,32,0,TRUE
304,EUROPE,RENOVISOR,rv,32,0,0,0,FALSE,NA,32,0,TRUE
305,EUROPE,RENOVISOR,rv,23,9,0,0,FALSE,NA,23,9,FALSE
306,EUROPE,RENOVISOR,rv,32,0,0,0,FALSE,NA,32,0,TRUE
307,EUROPE,RENOVISOR,rv,32,0,0,0,FALSE,NA,32,0,TRUE
308,EUROPE,RENOVISOR,rv,0,32,0,0,FALSE,NA,0,32,FALSE
309,EUROPE,RENOVISOR,rv,32,0,0,0,FALSE,NA,32,0,TRUE
310,EUROPE,RENOVISOR,rv,0,32,0,0,FALSE,NA,0,32,FALSE
311,EUROPE,RENOVISOR,rv,0,32,0,0,FALSE,NA,0,32,FALSE
312,EUROPE,RENOVISOR,rv,0,32,0,0,FALSE,NA,0,32,FALSE
313,EUROPE,RENOVISOR,rv,32,0,0,0,FALSE,NA,32,0,TRUE
314,EUROPE,RENOVISOR,rv,32,0,0,0,FALSE,NA,32,0,TRUE
315,EUROPE,RENOVISOR,rv,32,0,0,0,FALSE,NA,32,0,TRUE
316,EUROPE,RENOVISOR,rv,32,0,0,0,FALSE,NA,32,0,TRUE
317,EUROPE,RENOVISOR,rv,0,32,0,0,FALSE,NA,0,32,FALSE
318,EUROPE,RENOVISOR,rv,30,2,2,0.0625,TRUE,det_12_own_competence; det_17_adherence,32,0,TRUE
319,EUROPE,RENOVISOR,rv,0,32,0,0,FALSE,NA,0,32,FALSE
320,EUROPE,RENOVISOR,rv,0,32,0,0,FALSE,NA,0,32,FALSE
321,EUROPE,RENOVISOR,rv,0,32,0,0,FALSE,NA,0,32,FALSE
322,EUROPE,RENOVISOR,rv,0,32,0,0,FALSE,NA,0,32,FALSE
323,EUROPE,RENOVISOR,rv,32,0,0,0,FALSE,NA,32,0,TRUE
324,EUROPE,RENOVISOR,rv,32,0,0,0,FALSE,NA,32,0,TRUE
325,EUROPE,RENOVISOR,rv,0,32,0,0,FALSE,NA,0,32,FALSE
326,EUROPE,RENOVISOR,rv,32,0,0,0,FALSE,NA,32,0,TRUE
327,EUROPE,RENOVISOR,rv,32,0,0,0,FALSE,NA,32,0,TRUE
328,EUROPE,RENOVISOR,rv,31,1,1,0.03125,TRUE,det_32_own_significance,32,0,TRUE
329,EUROPE,RENOVISOR,rv,32,0,0,0,FALSE,NA,32,0,TRUE
330,EUROPE,RENOVISOR,rv,0,32,0,0,FALSE,NA,0,32,FALSE
331,EUROPE,RENOVISOR,rv,0,32,0,0,FALSE,NA,0,32,FALSE
332,EUROPE,RENOVISOR,rv,31,1,1,0.03125,TRUE,det_03_risk_profile,32,0,TRUE
333,EUROPE,RENOVISOR,rv,32,0,0,0,FALSE,NA,32,0,TRUE
334,EUROPE,RENOVISOR,rv,0,32,0,0,FALSE,NA,0,32,FALSE
335,EUROPE,RENOVISOR,rv,0,32,0,0,FALSE,NA,0,32,FALSE
336,EUROPE,RENOVISOR,rv,0,32,0,0,FALSE,NA,0,32,FALSE
337,EUROPE,RENOVISOR,rv,0,32,0,0,FALSE,NA,0,32,FALSE
338,EUROPE,RENOVISOR,rv,0,32,0,0,FALSE,NA,0,32,FALSE
339,EUROPE,RENOVISOR,rv,32,0,0,0,FALSE,NA,32,0,TRUE
340,EUROPE,RENOVISOR,rv,32,0,0,0,FALSE,NA,32,0,TRUE
341,EUROPE,RENOVISOR,rv,31,1,1,0.03125,TRUE,det_32_own_significance,32,0,TRUE
342,EUROPE,RENOVISOR,rv,0,32,0,0,FALSE,NA,0,32,FALSE
343,EUROPE,RENOVISOR,rv,32,0,0,0,FALSE,NA,32,0,TRUE
344,EUROPE,RENOVISOR,rv,32,0,0,0,FALSE,NA,32,0,TRUE
345,EUROPE,RENOVISOR,rv,32,0,0,0,FALSE,NA,32,0,TRUE
346,EUROPE,RENOVISOR,rv,32,0,0,0,FALSE,NA,32,0,TRUE
347,EUROPE,RENOVISOR,rv,30,2,2,0.0625,TRUE,det_02_credit_score; det_18_autonomy,32,0,TRUE
348,EUROPE,RENOVISOR,rv,32,0,0,0,FALSE,NA,32,0,TRUE
349,EUROPE,RENOVISOR,rv,32,0,0,0,FALSE,NA,32,0,TRUE
350,EUROPE,RENOVISOR,rv,0,32,0,0,FALSE,NA,0,32,FALSE
351,EUROPE,RENOVISOR,rv,32,0,0,0,FALSE,NA,32,0,TRUE
352,EUROPE,RENOVISOR,rv,32,0,0,0,FALSE,NA,32,0,TRUE
353,EUROPE,RENOVISOR,rv,0,32,0,0,FALSE,NA,0,32,FALSE
354,EUROPE,RENOVISOR,rv,28,4,4,0.125,TRUE,det_02_credit_score; det_07_legal; det_08_trust; det_27_fun,32,0,TRUE
355,EUROPE,RENOVISOR,rv,32,0,0,0,FALSE,NA,32,0,TRUE
356,EUROPE,RENOVISOR,rv,32,0,0,0,FALSE,NA,32,0,TRUE
357,EUROPE,RENOVISOR,rv,0,32,0,0,FALSE,NA,0,32,FALSE
358,EUROPE,RENOVISOR,rv,32,0,0,0,FALSE,NA,32,0,TRUE
359,EUROPE,RENOVISOR,rv,31,1,1,0.03125,TRUE,det_16_commitment,32,0,TRUE
360,EUROPE,RENOVISOR,rv,32,0,0,0,FALSE,NA,32,0,TRUE
361,EUROPE,RENOVISOR,rv,32,0,0,0,FALSE,NA,32,0,TRUE
362,EUROPE,RENOVISOR,rv,32,0,0,0,FALSE,NA,32,0,TRUE
363,EUROPE,RENOVISOR,rv,32,0,0,0,FALSE,NA,32,0,TRUE
364,EUROPE,RENOVISOR,rv,32,0,0,0,FALSE,NA,32,0,TRUE
365,EUROPE,RENOVISOR,rv,31,1,1,0.03125,TRUE,det_13_technical_fit,32,0,TRUE
366,EUROPE,RENOVISOR,rv,0,32,0,0,FALSE,NA,0,32,FALSE
367,EUROPE,RENOVISOR,rv,32,0,0,0,FALSE,NA,32,0,TRUE
368,EUROPE,RENOVISOR,rv,0,32,0,0,FALSE,NA,0,32,FALSE
369,EUROPE,RENOVISOR,rv,32,0,0,0,FALSE,NA,32,0,TRUE
370,EUROPE,RENOVISOR,rv,32,0,0,0,FALSE,NA,32,0,TRUE
371,EUROPE,RENOVISOR,rv,0,32,0,0,FALSE,NA,0,32,FALSE
372,EUROPE,RENOVISOR,rv,32,0,0,0,FALSE,NA,32,0,TRUE
373,EUROPE,RENOVISOR,rv,32,0,0,0,FALSE,NA,32,0,TRUE
374,EUROPE,RENOVISOR,rv,32,0,0,0,FALSE,NA,32,0,TRUE
375,EUROPE,RENOVISOR,rv,32,0,0,0,FALSE,NA,32,0,TRUE
376,EUROPE,RENOVISOR,rv,32,0,0,0,FALSE,NA,32,0,TRUE
377,EUROPE,RENOVISOR,rv,0,32,0,0,FALSE,NA,0,32,FALSE
378,EUROPE,RENOVISOR,rv,32,0,0,0,FALSE,NA,32,0,TRUE
379,EUROPE,RENOVISOR,rv,32,0,0,0,FALSE,NA,32,0,TRUE
380,EUROPE,RENOVISOR,rv,32,0,0,0,FALSE,NA,32,0,TRUE
381,EUROPE,RENOVISOR,rv,32,0,0,0,FALSE,NA,32,0,TRUE
382,EUROPE,RENOVISOR,rv,0,32,0,0,FALSE,NA,0,32,FALSE
383,EUROPE,RENOVISOR,rv,0,32,0,0,FALSE,NA,0,32,FALSE
384,EUROPE,RENOVISOR,rv,30,2,2,0.0625,TRUE,det_01_profits; det_15_self_satisfaction,32,0,TRUE
385,EUROPE,RENOVISOR,rv,0,32,0,0,FALSE,NA,0,32,FALSE
386,EUROPE,RENOVISOR,rv,0,32,0,0,FALSE,NA,0,32,FALSE
387,EUROPE,RENOVISOR,rv,0,32,0,0,FALSE,NA,0,32,FALSE
388,EUROPE,RENOVISOR,rv,32,0,0,0,FALSE,NA,32,0,TRUE
389,EUROPE,RENOVISOR,rv,32,0,0,0,FALSE,NA,32,0,TRUE
390,EUROPE,RENOVISOR,rv,32,0,0,0,FALSE,NA,32,0,TRUE
391,EUROPE,RENOVISOR,rv,32,0,0,0,FALSE,NA,32,0,TRUE
392,EUROPE,RENOVISOR,rv,31,1,1,0.03125,TRUE,det_16_commitment,32,0,TRUE
393,EUROPE,RENOVISOR,rv,0,32,0,0,FALSE,NA,0,32,FALSE
394,EUROPE,RENOVISOR,rv,32,0,0,0,FALSE,NA,32,0,TRUE
395,EUROPE,RENOVISOR,rv,32,0,0,0,FALSE,NA,32,0,TRUE
396,EUROPE,RENOVISOR,rv,32,0,0,0,FALSE,NA,32,0,FALSE
397,EUROPE,RENOVISOR,rv,32,0,0,0,FALSE,NA,32,0,TRUE
398,EUROPE,RENOVISOR,rv,0,32,0,0,FALSE,NA,0,32,FALSE
399,EUROPE,RENOVISOR,rv,32,0,0,0,FALSE,NA,32,0,TRUE
400,EUROPE,RENOVISOR,rv,30,2,2,0.0625,TRUE,det_03_risk_profile; det_06_climate_protection,32,0,TRUE
401,EUROPE,RENOVISOR,rv,32,0,0,0,FALSE,NA,32,0,TRUE
402,EUROPE,RENOVISOR,rv,32,0,0,0,FALSE,NA,32,0,TRUE
403,EUROPE,RENOVISOR,rv,32,0,0,0,FALSE,NA,32,0,TRUE
404,EUROPE,RENOVISOR,rv,32,0,0,0,FALSE,NA,32,0,TRUE
405,EUROPE,RENOVISOR,rv,0,32,0,0,FALSE,NA,0,32,FALSE
406,EUROPE,RENOVISOR,rv,0,32,0,0,FALSE,NA,0,32,FALSE
407,EUROPE,RENOVISOR,rv,32,0,0,0,FALSE,NA,32,0,TRUE
408,EUROPE,RENOVISOR,rv,0,32,0,0,FALSE,NA,0,32,FALSE
409,EUROPE,RENOVISOR,rv,32,0,0,0,FALSE,NA,32,0,TRUE
410,EUROPE,RENOVISOR,rv,32,0,0,0,FALSE,NA,32,0,TRUE
411,EUROPE,RENOVISOR,rv,0,32,0,0,FALSE,NA,0,32,FALSE
412,EUROPE,RENOVISOR,rv,32,0,0,0,FALSE,NA,32,0,TRUE
413,EUROPE,RENOVISOR,rv,32,0,0,0,FALSE,NA,32,0,TRUE
414,EUROPE,RENOVISOR,rv,0,32,0,0,FALSE,NA,0,32,FALSE
415,EUROPE,RENOVISOR,rv,31,1,1,0.03125,TRUE,det_20_coziness,32,0,TRUE
416,EUROPE,RENOVISOR,rv,32,0,0,0,FALSE,NA,32,0,TRUE
417,EUROPE,RENOVISOR,rv,0,32,0,0,FALSE,NA,0,32,FALSE
418,EUROPE,RENOVISOR,rv,32,0,0,0,FALSE,NA,32,0,TRUE
419,EUROPE,RENOVISOR,rv,0,32,0,0,FALSE,NA,0,32,FALSE
420,EUROPE,RENOVISOR,rv,0,32,0,0,FALSE,NA,0,32,FALSE
421,EUROPE,RENOVISOR,rv,32,0,0,0,FALSE,NA,32,0,TRUE
422,EUROPE,RENOVISOR,rv,32,0,0,0,FALSE,NA,32,0,TRUE
423,EUROPE,RENOVISOR,rv,32,0,0,0,FALSE,NA,32,0,TRUE
424,EUROPE,RENOVISOR,rv,32,0,0,0,FALSE,NA,32,0,TRUE
425,EUROPE,RENOVISOR,rv,32,0,0,0,FALSE,NA,32,0,TRUE
426,EUROPE,RENOVISOR,rv,32,0,0,0,FALSE,NA,32,0,TRUE
427,EUROPE,RENOVISOR,rv,0,32,0,0,FALSE,NA,0,32,FALSE
428,EUROPE,RENOVISOR,rv,32,0,0,0,FALSE,NA,32,0,TRUE
429,EUROPE,RENOVISOR,rv,31,1,1,0.03125,TRUE,det_19_wellbeing,32,0,TRUE
430,EUROPE,RENOVISOR,rv,32,0,0,0,FALSE,NA,32,0,TRUE
431,EUROPE,RENOVISOR,rv,0,32,0,0,FALSE,NA,0,32,FALSE
432,EUROPE,RENOVISOR,rv,31,1,1,0.03125,TRUE,det_24_socialising,32,0,TRUE
433,EUROPE,RENOVISOR,rv,32,0,0,0,FALSE,NA,32,0,TRUE
434,EUROPE,RENOVISOR,rv,0,32,0,0,FALSE,NA,0,32,FALSE
435,EUROPE,RENOVISOR,rv,32,0,0,0,FALSE,NA,32,0,TRUE
436,EUROPE,RENOVISOR,rv,32,0,0,0,FALSE,NA,32,0,TRUE
437,EUROPE,RENOVISOR,rv,32,0,0,0,FALSE,NA,32,0,TRUE
438,EUROPE,RENOVISOR,rv,32,0,0,0,FALSE,NA,32,0,TRUE
439,EUROPE,RENOVISOR,rv,32,0,0,0,FALSE,NA,32,0,TRUE
440,EUROPE,RENOVISOR,rv,32,0,0,0,FALSE,NA,32,0,TRUE
441,EUROPE,RENOVISOR,rv,31,1,1,0.03125,TRUE,det_15_self_satisfaction,32,0,TRUE
442,EUROPE,RENOVISOR,rv,0,32,0,0,FALSE,NA,0,32,FALSE
443,EUROPE,RENOVISOR,rv,32,0,0,0,FALSE,NA,32,0,TRUE
444,EUROPE,RENOVISOR,rv,32,0,0,0,FALSE,NA,32,0,TRUE
445,EUROPE,RENOVISOR,rv,32,0,0,0,FALSE,NA,32,0,TRUE
446,EUROPE,RENOVISOR,rv,0,32,0,0,FALSE,NA,0,32,FALSE
447,EUROPE,RENOVISOR,rv,0,32,0,0,FALSE,NA,0,32,FALSE
448,EUROPE,RENOVISOR,rv,29,3,3,0.09375,TRUE,det_11_knowledge; det_16_commitment; det_26_novelty,32,0,TRUE
449,EUROPE,RENOVISOR,rv,32,0,0,0,FALSE,NA,32,0,TRUE
450,EUROPE,RENOVISOR,rv,32,0,0,0,FALSE,NA,32,0,TRUE
451,EUROPE,RENOVISOR,rv,32,0,0,0,FALSE,NA,32,0,TRUE
452,EUROPE,RENOVISOR,rv,24,8,8,0.25,TRUE,det_02_credit_score; det_08_trust; det_12_own_competence; det_13_technical_fit; det_15_self_satisfaction; det_16_commitment; det_21_rights_and_duties; det_25_agreement,32,0,TRUE
453,EUROPE,RENOVISOR,rv,31,1,1,0.03125,TRUE,det_32_own_significance,32,0,TRUE
454,EUROPE,RENOVISOR,rv,0,32,0,0,FALSE,NA,0,32,FALSE
455,EUROPE,RENOVISOR,rv,32,0,0,0,FALSE,NA,32,0,TRUE
456,EUROPE,RENOVISOR,rv,32,0,0,0,FALSE,NA,32,0,TRUE
457,EUROPE,RENOVISOR,rv,32,0,0,0,FALSE,NA,32,0,TRUE
458,EUROPE,RENOVISOR,rv,32,0,0,0,FALSE,NA,32,0,TRUE
459,EUROPE,RENOVISOR,rv,28,4,4,0.125,TRUE,det_23_support; det_24_socialising; det_27_fun; det_30_authority,32,0,TRUE
460,EUROPE,RENOVISOR,rv,0,32,0,0,FALSE,NA,0,32,FALSE
461,EUROPE,RENOVISOR,rv,31,1,1,0.03125,TRUE,det_14_environmental_concerns,32,0,TRUE
462,EUROPE,RENOVISOR,rv,0,32,0,0,FALSE,NA,0,32,FALSE
463,EUROPE,RENOVISOR,rv,0,32,0,0,FALSE,NA,0,32,FALSE
464,EUROPE,RENOVISOR,rv,32,0,0,0,FALSE,NA,32,0,TRUE
465,EUROPE,RENOVISOR,rv,0,32,0,0,FALSE,NA,0,32,FALSE
466,EUROPE,RENOVISOR,rv,32,0,0,0,FALSE,NA,32,0,TRUE
467,EUROPE,RENOVISOR,rv,32,0,0,0,FALSE,NA,32,0,TRUE
468,EUROPE,RENOVISOR,rv,32,0,0,0,FALSE,NA,32,0,TRUE
469,EUROPE,RENOVISOR,rv,32,0,0,0,FALSE,NA,32,0,TRUE
470,EUROPE,RENOVISOR,rv,32,0,0,0,FALSE,NA,32,0,TRUE
471,EUROPE,RENOVISOR,rv,0,32,0,0,FALSE,NA,0,32,FALSE
472,EUROPE,RENOVISOR,rv,32,0,0,0,FALSE,NA,32,0,TRUE
473,EUROPE,RENOVISOR,rv,31,1,1,0.03125,TRUE,det_21_rights_and_duties,32,0,TRUE
474,EUROPE,RENOVISOR,rv,0,32,0,0,FALSE,NA,0,32,FALSE
475,EUROPE,RENOVISOR,rv,0,32,0,0,FALSE,NA,0,32,FALSE
476,EUROPE,RENOVISOR,rv,32,0,0,0,FALSE,NA,32,0,TRUE
477,EUROPE,RENOVISOR,rv,32,0,0,0,FALSE,NA,32,0,TRUE
478,EUROPE,RENOVISOR,rv,28,4,4,0.125,TRUE,det_18_autonomy; det_30_authority; det_31_approval; det_32_own_significance,32,0,TRUE
479,EUROPE,RENOVISOR,rv,32,0,0,0,FALSE,NA,32,0,TRUE
480,EUROPE,RENOVISOR,rv,26,6,6,0.1875,TRUE,det_02_credit_score; det_05_frugality; det_18_autonomy; det_27_fun; det_28_recognition; det_30_authority,32,0,TRUE
481,EUROPE,RENOVISOR,rv,32,0,0,0,FALSE,NA,32,0,TRUE
482,EUROPE,RENOVISOR,rv,0,32,0,0,FALSE,NA,0,32,FALSE
483,EUROPE,RENOVISOR,rv,32,0,0,0,FALSE,NA,32,0,TRUE
484,EUROPE,RENOVISOR,rv,31,1,1,0.03125,TRUE,det_25_agreement,32,0,TRUE
485,EUROPE,RENOVISOR,rv,32,0,0,0,FALSE,NA,32,0,TRUE
486,EUROPE,RENOVISOR,rv,0,32,0,0,FALSE,NA,0,32,FALSE
487,EUROPE,RENOVISOR,rv,32,0,0,0,FALSE,NA,32,0,TRUE
488,EUROPE,RENOVISOR,rv,32,0,0,0,FALSE,NA,32,0,TRUE
489,EUROPE,RENOVISOR,rv,0,32,0,0,FALSE,NA,0,32,FALSE
490,EUROPE,RENOVISOR,rv,32,0,0,0,FALSE,NA,32,0,TRUE
491,EUROPE,RENOVISOR,rv,32,0,0,0,FALSE,NA,32,0,TRUE
492,EUROPE,RENOVISOR,rv,0,32,0,0,FALSE,NA,0,32,FALSE
493,EUROPE,RENOVISOR,rv,32,0,0,0,FALSE,NA,32,0,TRUE
494,EUROPE,RENOVISOR,rv,32,0,0,0,FALSE,NA,32,0,TRUE
495,EUROPE,RENOVISOR,rv,32,0,0,0,FALSE,NA,32,0,TRUE
496,EUROPE,RENOVISOR,rv,0,32,0,0,FALSE,NA,0,32,FALSE
497,EUROPE,RENOVISOR,rv,32,0,0,0,FALSE,NA,32,0,TRUE
498,EUROPE,RENOVISOR,rv,32,0,0,0,FALSE,NA,32,0,TRUE
499,EUROPE,RENOVISOR,rv,0,32,0,0,FALSE,NA,0,32,FALSE
500,EUROPE,RENOVISOR,rv,32,0,0,0,FALSE,NA,32,0,TRUE
501,EUROPE,RENOVISOR,rv,28,4,4,0.125,TRUE,det_09_safety; det_12_own_competence; det_15_self_satisfaction; det_20_coziness,32,0,TRUE
502,EUROPE,RENOVISOR,rv,31,1,1,0.03125,TRUE,det_23_support,32,0,TRUE
503,EUROPE,RENOVISOR,rv,32,0,0,0,FALSE,NA,32,0,TRUE
504,EUROPE,RENOVISOR,rv,32,0,0,0,FALSE,NA,32,0,FALSE
505,EUROPE,RENOVISOR,rv,0,32,0,0,FALSE,NA,0,32,FALSE
506,EUROPE,RENOVISOR,rv,32,0,0,0,FALSE,NA,32,0,TRUE
507,EUROPE,RENOVISOR,rv,32,0,0,0,FALSE,NA,32,0,TRUE
508,EUROPE,RENOVISOR,rv,32,0,0,0,FALSE,NA,32,0,TRUE
509,EUROPE,RENOVISOR,rv,0,32,0,0,FALSE,NA,0,32,FALSE
510,EUROPE,RENOVISOR,rv,32,0,0,0,FALSE,NA,32,0,TRUE
511,EUROPE,RENOVISOR,rv,32,0,0,0,FALSE,NA,32,0,TRUE
512,EUROPE,RENOVISOR,rv,32,0,0,0,FALSE,NA,32,0,TRUE
513,EUROPE,RENOVISOR,rv,32,0,0,0,FALSE,NA,32,0,TRUE
514,EUROPE,RENOVISOR,rv,32,0,0,0,FALSE,NA,32,0,TRUE
515,EUROPE,RENOVISOR,rv,32,0,0,0,FALSE,NA,32,0,TRUE
516,EUROPE,RENOVISOR,rv,32,0,0,0,FALSE,NA,32,0,TRUE
517,EUROPE,RENOVISOR,rv,20,12,0,0,FALSE,NA,20,12,FALSE
518,EUROPE,RENOVISOR,rv,32,0,0,0,FALSE,NA,32,0,TRUE
519,EUROPE,RENOVISOR,rv,31,1,1,0.03125,TRUE,det_04_added_value,32,0,TRUE
520,EUROPE,RENOVISOR,rv,32,0,0,0,FALSE,NA,32,0,TRUE
521,EUROPE,RENOVISOR,rv,32,0,0,0,FALSE,NA,32,0,TRUE
522,EUROPE,RENOVISOR,rv,32,0,0,0,FALSE,NA,32,0,TRUE
523,EUROPE,RENOVISOR,rv,0,32,0,0,FALSE,NA,0,32,FALSE
524,EUROPE,RENOVISOR,rv,32,0,0,0,FALSE,NA,32,0,TRUE
525,EUROPE,RENOVISOR,rv,0,32,0,0,FALSE,NA,0,32,FALSE
526,EUROPE,RENOVISOR,rv,31,1,1,0.03125,TRUE,det_25_agreement,32,0,TRUE
527,EUROPE,RENOVISOR,rv,32,0,0,0,FALSE,NA,32,0,TRUE
528,EUROPE,RENOVISOR,rv,32,0,0,0,FALSE,NA,32,0,TRUE
529,EUROPE,RENOVISOR,rv,32,0,0,0,FALSE,NA,32,0,TRUE
530,EUROPE,RENOVISOR,rv,32,0,0,0,FALSE,NA,32,0,TRUE
531,EUROPE,RENOVISOR,rv,32,0,0,0,FALSE,NA,32,0,TRUE
532,EUROPE,RENOVISOR,rv,29,3,3,0.09375,TRUE,det_20_coziness; det_26_novelty; det_27_fun,32,0,TRUE
533,EUROPE,RENOVISOR,rv,32,0,0,0,FALSE,NA,32,0,TRUE
534,EUROPE,RENOVISOR,rv,32,0,0,0,FALSE,NA,32,0,TRUE
535,EUROPE,RENOVISOR,rv,32,0,0,0,FALSE,NA,32,0,TRUE
536,EUROPE,RENOVISOR,rv,30,2,2,0.0625,TRUE,det_18_autonomy; det_32_own_significance,32,0,TRUE
537,EUROPE,RENOVISOR,rv,32,0,0,0,FALSE,NA,32,0,TRUE
538,EUROPE,RENOVISOR,rv,32,0,0,0,FALSE,NA,32,0,TRUE
539,EUROPE,RENOVISOR,rv,32,0,0,0,FALSE,NA,32,0,TRUE
540,EUROPE,RENOVISOR,rv,31,1,1,0.03125,TRUE,det_01_profits,32,0,TRUE
541,EUROPE,RENOVISOR,rv,29,3,3,0.09375,TRUE,det_05_frugality; det_17_adherence; det_27_fun,32,0,TRUE
542,EUROPE,RENOVISOR,rv,32,0,0,0,FALSE,NA,32,0,TRUE
543,EUROPE,RENOVISOR,rv,32,0,0,0,FALSE,NA,32,0,TRUE
544,EUROPE,RENOVISOR,rv,0,32,0,0,FALSE,NA,0,32,FALSE
545,EUROPE,RENOVISOR,rv,0,32,0,0,FALSE,NA,0,32,FALSE
546,EUROPE,RENOVISOR,rv,0,32,0,0,FALSE,NA,0,32,FALSE
547,EUROPE,RENOVISOR,rv,32,0,0,0,FALSE,NA,32,0,TRUE
548,EUROPE,RENOVISOR,rv,31,1,1,0.03125,TRUE,det_31_approval,32,0,TRUE
549,EUROPE,RENOVISOR,rv,32,0,0,0,FALSE,NA,32,0,TRUE
550,EUROPE,RENOVISOR,rv,31,1,1,0.03125,TRUE,det_28_recognition,32,0,TRUE
551,EUROPE,RENOVISOR,rv,32,0,0,0,FALSE,NA,32,0,TRUE
552,EUROPE,RENOVISOR,rv,32,0,0,0,FALSE,NA,32,0,TRUE
553,EUROPE,RENOVISOR,rv,0,32,0,0,FALSE,NA,0,32,FALSE
554,EUROPE,RENOVISOR,rv,32,0,0,0,FALSE,NA,32,0,TRUE
555,EUROPE,RENOVISOR,rv,32,0,0,0,FALSE,NA,32,0,TRUE
556,EUROPE,RENOVISOR,rv,31,1,1,0.03125,TRUE,det_19_wellbeing,32,0,TRUE
557,EUROPE,RENOVISOR,rv,0,32,0,0,FALSE,NA,0,32,FALSE
558,EUROPE,RENOVISOR,rv,32,0,0,0,FALSE,NA,32,0,TRUE
559,EUROPE,RENOVISOR,rv,32,0,0,0,FALSE,NA,32,0,TRUE
560,EUROPE,RENOVISOR,rv,32,0,0,0,FALSE,NA,32,0,TRUE
561,EUROPE,RENOVISOR,rv,32,0,0,0,FALSE,NA,32,0,TRUE
562,EUROPE,RENOVISOR,rv,32,0,0,0,FALSE,NA,32,0,TRUE
563,EUROPE,RENOVISOR,rv,32,0,0,0,FALSE,NA,32,0,TRUE
564,EUROPE,RENOVISOR,rv,32,0,0,0,FALSE,NA,32,0,TRUE
565,EUROPE,RENOVISOR,rv,32,0,0,0,FALSE,NA,32,0,TRUE
566,EUROPE,RENOVISOR,rv,6,26,0,0,FALSE,NA,6,26,FALSE
567,EUROPE,RENOVISOR,rv,0,32,0,0,FALSE,NA,0,32,FALSE
568,EUROPE,RENOVISOR,rv,0,32,0,0,FALSE,NA,0,32,FALSE
569,EUROPE,RENOVISOR,rv,0,32,0,0,FALSE,NA,0,32,FALSE
570,EUROPE,RENOVISOR,rv,32,0,0,0,FALSE,NA,32,0,TRUE
571,EUROPE,RENOVISOR,rv,29,3,3,0.09375,TRUE,det_23_support; det_25_agreement; det_30_authority,32,0,TRUE
572,EUROPE,RENOVISOR,rv,0,32,0,0,FALSE,NA,0,32,FALSE
573,EUROPE,RENOVISOR,rv,32,0,0,0,FALSE,NA,32,0,TRUE
574,EUROPE,RENOVISOR,rv,30,2,2,0.0625,TRUE,det_03_risk_profile; det_04_added_value,32,0,TRUE
575,EUROPE,RENOVISOR,rv,31,1,1,0.03125,TRUE,det_12_own_competence,32,0,TRUE
576,EUROPE,RENOVISOR,rv,32,0,0,0,FALSE,NA,32,0,TRUE
577,EUROPE,RENOVISOR,rv,32,0,0,0,FALSE,NA,32,0,TRUE
578,EUROPE,RENOVISOR,rv,32,0,0,0,FALSE,NA,32,0,TRUE
579,EUROPE,RENOVISOR,rv,0,32,0,0,FALSE,NA,0,32,FALSE
580,EUROPE,RENOVISOR,rv,31,1,1,0.03125,TRUE,det_17_adherence,32,0,TRUE
581,EUROPE,RENOVISOR,rv,32,0,0,0,FALSE,NA,32,0,TRUE
582,EUROPE,RENOVISOR,rv,32,0,0,0,FALSE,NA,32,0,TRUE
583,EUROPE,RENOVISOR,rv,32,0,0,0,FALSE,NA,32,0,TRUE
584,EUROPE,RENOVISOR,rv,0,32,0,0,FALSE,NA,0,32,FALSE
585,EUROPE,RENOVISOR,rv,32,0,0,0,FALSE,NA,32,0,TRUE
586,EUROPE,RENOVISOR,rv,32,0,0,0,FALSE,NA,32,0,TRUE
587,EUROPE,RENOVISOR,rv,31,1,1,0.03125,TRUE,det_02_credit_score,32,0,TRUE
588,EUROPE,RENOVISOR,rv,0,32,0,0,FALSE,NA,0,32,FALSE
589,EUROPE,RENOVISOR,rv,32,0,0,0,FALSE,NA,32,0,TRUE
590,EUROPE,RENOVISOR,rv,32,0,0,0,FALSE,NA,32,0,TRUE
591,EUROPE,RENOVISOR,rv,32,0,0,0,FALSE,NA,32,0,TRUE
592,EUROPE,RENOVISOR,rv,0,32,0,0,FALSE,NA,0,32,FALSE
593,EUROPE,RENOVISOR,rv,0,32,0,0,FALSE,NA,0,32,FALSE
594,EUROPE,RENOVISOR,rv,32,0,0,0,FALSE,NA,32,0,TRUE
595,EUROPE,RENOVISOR,rv,0,32,0,0,FALSE,NA,0,32,FALSE
596,EUROPE,RENOVISOR,rv,0,32,0,0,FALSE,NA,0,32,FALSE
597,EUROPE,RENOVISOR,rv,32,0,0,0,FALSE,NA,32,0,TRUE
598,EUROPE,RENOVISOR,rv,32,0,0,0,FALSE,NA,32,0,TRUE
599,EUROPE,RENOVISOR,rv,32,0,0,0,FALSE,NA,32,0,TRUE
600,EUROPE,RENOVISOR,rv,0,32,0,0,FALSE,NA,0,32,FALSE
601,EUROPE,RENOVISOR,rv,0,32,0,0,FALSE,NA,0,32,FALSE
602,EUROPE,RENOVISOR,rv,32,0,0,0,FALSE,NA,32,0,TRUE
603,EUROPE,RENOVISOR,rv,32,0,0,0,FALSE,NA,32,0,TRUE
604,EUROPE,RENOVISOR,rv,30,2,2,0.0625,TRUE,det_20_coziness; det_30_authority,32,0,TRUE
605,EUROPE,RENOVISOR,rv,32,0,0,0,FALSE,NA,32,0,TRUE
606,EUROPE,RENOVISOR,rv,0,32,0,0,FALSE,NA,0,32,FALSE
607,EUROPE,RENOVISOR,rv,32,0,0,0,FALSE,NA,32,0,TRUE
608,EUROPE,RENOVISOR,rv,0,32,0,0,FALSE,NA,0,32,FALSE
609,EUROPE,RENOVISOR,rv,0,32,0,0,FALSE,NA,0,32,FALSE
610,EUROPE,RENOVISOR,rv,32,0,0,0,FALSE,NA,32,0,TRUE
611,EUROPE,RENOVISOR,rv,32,0,0,0,FALSE,NA,32,0,TRUE
612,EUROPE,RENOVISOR,rv,27,5,5,0.15625,TRUE,det_04_added_value; det_14_environmental_concerns; det_16_commitment; det_25_agreement; det_26_novelty,32,0,TRUE
613,EUROPE,RENOVISOR,rv,32,0,0,0,FALSE,NA,32,0,TRUE
614,EUROPE,RENOVISOR,rv,32,0,0,0,FALSE,NA,32,0,TRUE
615,EUROPE,RENOVISOR,rv,32,0,0,0,FALSE,NA,32,0,TRUE
616,EUROPE,RENOVISOR,rv,32,0,0,0,FALSE,NA,32,0,TRUE
617,EUROPE,RENOVISOR,rv,0,32,0,0,FALSE,NA,0,32,FALSE
618,EUROPE,RENOVISOR,rv,32,0,0,0,FALSE,NA,32,0,TRUE
619,EUROPE,RENOVISOR,rv,0,32,0,0,FALSE,NA,0,32,FALSE
620,EUROPE,RENOVISOR,rv,32,0,0,0,FALSE,NA,32,0,TRUE
621,EUROPE,RENOVISOR,rv,0,32,0,0,FALSE,NA,0,32,FALSE
622,EUROPE,RENOVISOR,rv,32,0,0,0,FALSE,NA,32,0,TRUE
623,EUROPE,RENOVISOR,rv,32,0,0,0,FALSE,NA,32,0,TRUE
624,EUROPE,RENOVISOR,rv,32,0,0,0,FALSE,NA,32,0,TRUE
625,EUROPE,RENOVISOR,rv,32,0,0,0,FALSE,NA,32,0,TRUE
626,EUROPE,RENOVISOR,rv,0,32,0,0,FALSE,NA,0,32,FALSE
627,EUROPE,RENOVISOR,rv,32,0,0,0,FALSE,NA,32,0,TRUE
628,EUROPE,RENOVISOR,rv,32,0,0,0,FALSE,NA,32,0,TRUE
629,EUROPE,RENOVISOR,rv,29,3,3,0.09375,TRUE,det_05_frugality; det_10_cost_efficiency; det_23_support,32,0,TRUE
630,EUROPE,RENOVISOR,rv,32,0,0,0,FALSE,NA,32,0,TRUE
631,EUROPE,RENOVISOR,rv,32,0,0,0,FALSE,NA,32,0,TRUE
632,EUROPE,RENOVISOR,rv,32,0,0,0,FALSE,NA,32,0,TRUE
633,EUROPE,RENOVISOR,rv,32,0,0,0,FALSE,NA,32,0,TRUE
634,EUROPE,RENOVISOR,rv,32,0,0,0,FALSE,NA,32,0,TRUE
635,EUROPE,RENOVISOR,rv,32,0,0,0,FALSE,NA,32,0,TRUE
636,EUROPE,RENOVISOR,rv,32,0,0,0,FALSE,NA,32,0,TRUE
637,EUROPE,RENOVISOR,rv,32,0,0,0,FALSE,NA,32,0,TRUE
638,EUROPE,RENOVISOR,rv,22,10,0,0,FALSE,NA,22,10,FALSE
639,EUROPE,RENOVISOR,rv,32,0,0,0,FALSE,NA,32,0,TRUE
640,EUROPE,RENOVISOR,rv,32,0,0,0,FALSE,NA,32,0,TRUE
641,EUROPE,RENOVISOR,rv,31,1,1,0.03125,TRUE,det_30_authority,32,0,TRUE
642,EUROPE,RENOVISOR,rv,32,0,0,0,FALSE,NA,32,0,TRUE
643,EUROPE,RENOVISOR,rv,30,2,2,0.0625,TRUE,det_23_support; det_29_trends,32,0,TRUE
644,EUROPE,RENOVISOR,rv,32,0,0,0,FALSE,NA,32,0,TRUE
645,EUROPE,RENOVISOR,rv,27,5,5,0.15625,TRUE,det_04_added_value; det_19_wellbeing; det_21_rights_and_duties; det_23_support; det_27_fun,32,0,TRUE
646,EUROPE,RENOVISOR,rv,32,0,0,0,FALSE,NA,32,0,TRUE
647,EUROPE,RENOVISOR,rv,32,0,0,0,FALSE,NA,32,0,TRUE
648,EUROPE,RENOVISOR,rv,32,0,0,0,FALSE,NA,32,0,TRUE
649,EUROPE,RENOVISOR,rv,32,0,0,0,FALSE,NA,32,0,TRUE
650,EUROPE,RENOVISOR,rv,32,0,0,0,FALSE,NA,32,0,TRUE
651,EUROPE,RENOVISOR,rv,32,0,0,0,FALSE,NA,32,0,TRUE
652,EUROPE,RENOVISOR,rv,32,0,0,0,FALSE,NA,32,0,TRUE
653,EUROPE,RENOVISOR,rv,32,0,0,0,FALSE,NA,32,0,TRUE
654,EUROPE,RENOVISOR,rv,32,0,0,0,FALSE,NA,32,0,TRUE
655,EUROPE,RENOVISOR,rv,32,0,0,0,FALSE,NA,32,0,TRUE
656,EUROPE,RENOVISOR,rv,32,0,0,0,FALSE,NA,32,0,TRUE
657,EUROPE,RENOVISOR,rv,31,1,1,0.03125,TRUE,det_07_legal,32,0,TRUE
658,EUROPE,RENOVISOR,rv,32,0,0,0,FALSE,NA,32,0,TRUE
659,EUROPE,RENOVISOR,rv,32,0,0,0,FALSE,NA,32,0,TRUE
660,EUROPE,RENOVISOR,rv,32,0,0,0,FALSE,NA,32,0,TRUE
661,EUROPE,RENOVISOR,rv,32,0,0,0,FALSE,NA,32,0,TRUE
662,EUROPE,RENOVISOR,rv,32,0,0,0,FALSE,NA,32,0,TRUE
663,EUROPE,RENOVISOR,rv,30,2,2,0.0625,TRUE,det_10_cost_efficiency; det_25_agreement,32,0,TRUE
664,EUROPE,RENOVISOR,rv,32,0,0,0,FALSE,NA,32,0,TRUE
665,EUROPE,RENOVISOR,rv,32,0,0,0,FALSE,NA,32,0,TRUE
666,EUROPE,RENOVISOR,rv,30,2,2,0.0625,TRUE,det_05_frugality; det_09_safety,32,0,TRUE
667,EUROPE,RENOVISOR,rv,32,0,0,0,FALSE,NA,32,0,TRUE
668,EUROPE,RENOVISOR,rv,32,0,0,0,FALSE,NA,32,0,TRUE
669,EUROPE,RENOVISOR,rv,32,0,0,0,FALSE,NA,32,0,TRUE
670,EUROPE,RENOVISOR,rv,32,0,0,0,FALSE,NA,32,0,TRUE
671,EUROPE,RENOVISOR,rv,32,0,0,0,FALSE,NA,32,0,TRUE
672,EUROPE,RENOVISOR,rv,32,0,0,0,FALSE,NA,32,0,TRUE
673,EUROPE,RENOVISOR,rv,32,0,0,0,FALSE,NA,32,0,TRUE
674,EUROPE,RENOVISOR,rv,32,0,0,0,FALSE,NA,32,0,TRUE
675,EUROPE,RENOVISOR,rv,32,0,0,0,FALSE,NA,32,0,TRUE
676,EUROPE,RENOVISOR,rv,30,2,2,0.0625,TRUE,det_12_own_competence; det_26_novelty,32,0,TRUE
677,EUROPE,RENOVISOR,rv,32,0,0,0,FALSE,NA,32,0,TRUE
678,EUROPE,RENOVISOR,rv,32,0,0,0,FALSE,NA,32,0,TRUE
679,EUROPE,RENOVISOR,rv,32,0,0,0,FALSE,NA,32,0,TRUE
680,EUROPE,RENOVISOR,rv,32,0,0,0,FALSE,NA,32,0,TRUE
681,EUROPE,RENOVISOR,rv,27,5,5,0.15625,TRUE,det_13_technical_fit; det_16_commitment; det_20_coziness; det_22_peer_pressure; det_25_agreement,32,0,TRUE
682,EUROPE,RENOVISOR,rv,31,1,1,0.03125,TRUE,det_12_own_competence,32,0,TRUE
683,EUROPE,RENOVISOR,rv,32,0,0,0,FALSE,NA,32,0,TRUE
684,EUROPE,RENOVISOR,rv,32,0,0,0,FALSE,NA,32,0,TRUE
685,EUROPE,RENOVISOR,rv,32,0,0,0,FALSE,NA,32,0,TRUE
686,EUROPE,RENOVISOR,rv,32,0,0,0,FALSE,NA,32,0,TRUE
687,EUROPE,RENOVISOR,rv,32,0,0,0,FALSE,NA,32,0,TRUE
688,EUROPE,RENOVISOR,rv,32,0,0,0,FALSE,NA,32,0,TRUE
689,EUROPE,RENOVISOR,rv,32,0,0,0,FALSE,NA,32,0,TRUE
690,EUROPE,RENOVISOR,rv,32,0,0,0,FALSE,NA,32,0,TRUE
691,EUROPE,RENOVISOR,rv,32,0,0,0,FALSE,NA,32,0,TRUE
692,EUROPE,RENOVISOR,rv,30,2,2,0.0625,TRUE,det_04_added_value; det_28_recognition,32,0,TRUE
693,EUROPE,RENOVISOR,rv,32,0,0,0,FALSE,NA,32,0,TRUE
694,EUROPE,RENOVISOR,rv,32,0,0,0,FALSE,NA,32,0,TRUE
695,EUROPE,RENOVISOR,rv,32,0,0,0,FALSE,NA,32,0,TRUE
696,EUROPE,RENOVISOR,rv,32,0,0,0,FALSE,NA,32,0,TRUE
697,EUROPE,RENOVISOR,rv,31,1,1,0.03125,TRUE,det_04_added_value,32,0,TRUE
698,EUROPE,RENOVISOR,rv,32,0,0,0,FALSE,NA,32,0,TRUE
699,EUROPE,RENOVISOR,rv,32,0,0,0,FALSE,NA,32,0,TRUE
700,EUROPE,RENOVISOR,rv,30,2,2,0.0625,TRUE,det_06_climate_protection; det_14_environmental_concerns,32,0,TRUE
701,EUROPE,RENOVISOR,rv,32,0,0,0,FALSE,NA,32,0,TRUE
702,EUROPE,RENOVISOR,rv,31,1,1,0.03125,TRUE,det_04_added_value,32,0,TRUE
703,EUROPE,RENOVISOR,rv,32,0,0,0,FALSE,NA,32,0,TRUE
704,EUROPE,RENOVISOR,rv,32,0,0,0,FALSE,NA,32,0,TRUE
705,EUROPE,RENOVISOR,rv,32,0,0,0,FALSE,NA,32,0,TRUE
706,EUROPE,RENOVISOR,rv,32,0,0,0,FALSE,NA,32,0,TRUE
707,EUROPE,RENOVISOR,rv,32,0,0,0,FALSE,NA,32,0,TRUE
708,EUROPE,RENOVISOR,rv,30,2,2,0.0625,TRUE,det_05_frugality; det_24_socialising,32,0,TRUE
709,EUROPE,RENOVISOR,rv,30,2,2,0.0625,TRUE,det_01_profits; det_24_socialising,32,0,TRUE
710,EUROPE,RENOVISOR,rv,32,0,0,0,FALSE,NA,32,0,TRUE
711,EUROPE,RENOVISOR,rv,29,3,3,0.09375,TRUE,det_04_added_value; det_26_novelty; det_30_authority,32,0,TRUE
712,EUROPE,RENOVISOR,rv,32,0,0,0,FALSE,NA,32,0,TRUE
713,EUROPE,RENOVISOR,rv,32,0,0,0,FALSE,NA,32,0,TRUE
714,EUROPE,RENOVISOR,rv,29,3,3,0.09375,TRUE,det_08_trust; det_09_safety; det_16_commitment,32,0,TRUE
715,EUROPE,RENOVISOR,rv,32,0,0,0,FALSE,NA,32,0,TRUE
716,EUROPE,RENOVISOR,rv,28,4,4,0.125,TRUE,det_05_frugality; det_15_self_satisfaction; det_25_agreement; det_26_novelty,32,0,TRUE
717,EUROPE,RENOVISOR,rv,32,0,0,0,FALSE,NA,32,0,TRUE
718,EUROPE,RENOVISOR,rv,32,0,0,0,FALSE,NA,32,0,TRUE
719,EUROPE,RENOVISOR,rv,32,0,0,0,FALSE,NA,32,0,TRUE
720,EUROPE,RENOVISOR,rv,32,0,0,0,FALSE,NA,32,0,TRUE
721,EUROPE,RENOVISOR,rv,32,0,0,0,FALSE,NA,32,0,TRUE
722,EUROPE,RENOVISOR,rv,32,0,0,0,FALSE,NA,32,0,TRUE
723,EUROPE,RENOVISOR,rv,32,0,0,0,FALSE,NA,32,0,TRUE
724,EUROPE,RENOVISOR,rv,32,0,0,0,FALSE,NA,32,0,TRUE
725,EUROPE,RENOVISOR,rv,31,1,1,0.03125,TRUE,det_07_legal,32,0,TRUE
726,EUROPE,RENOVISOR,rv,30,2,2,0.0625,TRUE,det_16_commitment; det_30_authority,32,0,TRUE
727,EUROPE,RENOVISOR,rv,32,0,0,0,FALSE,NA,32,0,TRUE
728,EUROPE,RENOVISOR,rv,32,0,0,0,FALSE,NA,32,0,TRUE
729,EUROPE,RENOVISOR,rv,29,3,3,0.09375,TRUE,det_16_commitment; det_21_rights_and_duties; det_24_socialising,32,0,TRUE
730,EUROPE,RENOVISOR,rv,32,0,0,0,FALSE,NA,32,0,TRUE
731,EUROPE,RENOVISOR,rv,32,0,0,0,FALSE,NA,32,0,TRUE
732,EUROPE,RENOVISOR,rv,32,0,0,0,FALSE,NA,32,0,TRUE
733,EUROPE,RENOVISOR,rv,32,0,0,0,FALSE,NA,32,0,TRUE
734,EUROPE,RENOVISOR,rv,32,0,0,0,FALSE,NA,32,0,TRUE
735,EUROPE,RENOVISOR,rv,32,0,0,0,FALSE,NA,32,0,TRUE
736,EUROPE,RENOVISOR,rv,32,0,0,0,FALSE,NA,32,0,TRUE
737,EUROPE,RENOVISOR,rv,31,1,1,0.03125,TRUE,det_18_autonomy,32,0,TRUE
738,EUROPE,RENOVISOR,rv,32,0,0,0,FALSE,NA,32,0,TRUE
739,EUROPE,RENOVISOR,rv,30,2,2,0.0625,TRUE,det_17_adherence; det_29_trends,32,0,TRUE
740,EUROPE,RENOVISOR,rv,32,0,0,0,FALSE,NA,32,0,TRUE
741,EUROPE,RENOVISOR,rv,32,0,0,0,FALSE,NA,32,0,TRUE
742,EUROPE,RENOVISOR,rv,29,3,3,0.09375,TRUE,det_23_support; det_25_agreement; det_32_own_significance,32,0,TRUE
743,EUROPE,RENOVISOR,rv,32,0,0,0,FALSE,NA,32,0,TRUE
744,EUROPE,RENOVISOR,rv,32,0,0,0,FALSE,NA,32,0,TRUE
745,EUROPE,RENOVISOR,rv,31,1,1,0.03125,TRUE,det_12_own_competence,32,0,TRUE
746,EUROPE,RENOVISOR,rv,32,0,0,0,FALSE,NA,32,0,TRUE
747,EUROPE,RENOVISOR,rv,29,3,3,0.09375,TRUE,det_22_peer_pressure; det_30_authority; det_32_own_significance,32,0,TRUE
748,EUROPE,RENOVISOR,rv,32,0,0,0,FALSE,NA,32,0,TRUE
749,EUROPE,RENOVISOR,rv,32,0,0,0,FALSE,NA,32,0,TRUE
750,EUROPE,RENOVISOR,rv,32,0,0,0,FALSE,NA,32,0,TRUE
751,EUROPE,RENOVISOR,rv,32,0,0,0,FALSE,NA,32,0,TRUE
752,EUROPE,RENOVISOR,rv,29,3,3,0.09375,TRUE,det_06_climate_protection; det_14_environmental_concerns; det_27_fun,32,0,TRUE
753,EUROPE,RENOVISOR,rv,32,0,0,0,FALSE,NA,32,0,TRUE
754,EUROPE,RENOVISOR,rv,31,1,1,0.03125,TRUE,det_18_autonomy,32,0,TRUE
755,EUROPE,RENOVISOR,rv,32,0,0,0,FALSE,NA,32,0,TRUE
756,EUROPE,RENOVISOR,rv,30,2,2,0.0625,TRUE,det_07_legal; det_21_rights_and_duties,32,0,TRUE
757,EUROPE,RENOVISOR,rv,32,0,0,0,FALSE,NA,32,0,TRUE
758,EUROPE,RENOVISOR,rv,32,0,0,0,FALSE,NA,32,0,TRUE
759,EUROPE,RENOVISOR,rv,32,0,0,0,FALSE,NA,32,0,TRUE
760,EUROPE,RENOVISOR,rv,21,11,0,0,FALSE,NA,21,11,FALSE
761,EUROPE,RENOVISOR,rv,32,0,0,0,FALSE,NA,32,0,TRUE
762,EUROPE,RENOVISOR,rv,32,0,0,0,FALSE,NA,32,0,TRUE
763,EUROPE,RENOVISOR,rv,32,0,0,0,FALSE,NA,32,0,TRUE
764,EUROPE,RENOVISOR,rv,32,0,0,0,FALSE,NA,32,0,TRUE
765,EUROPE,RENOVISOR,rv,32,0,0,0,FALSE,NA,32,0,TRUE
766,EUROPE,RENOVISOR,rv,32,0,0,0,FALSE,NA,32,0,TRUE
767,EUROPE,RENOVISOR,rv,32,0,0,0,FALSE,NA,32,0,TRUE
768,EUROPE,RENOVISOR,rv,32,0,0,0,FALSE,NA,32,0,TRUE
769,EUROPE,RENOVISOR,rv,32,0,0,0,FALSE,NA,32,0,TRUE
770,EUROPE,RENOVISOR,rv,31,1,1,0.03125,TRUE,det_25_agreement,32,0,TRUE
771,EUROPE,RENOVISOR,rv,32,0,0,0,FALSE,NA,32,0,TRUE
772,EUROPE,RENOVISOR,rv,32,0,0,0,FALSE,NA,32,0,TRUE
773,EUROPE,RENOVISOR,rv,32,0,0,0,FALSE,NA,32,0,TRUE
774,EUROPE,RENOVISOR,rv,32,0,0,0,FALSE,NA,32,0,TRUE
775,EUROPE,RENOVISOR,rv,32,0,0,0,FALSE,NA,32,0,TRUE
776,EUROPE,RENOVISOR,rv,32,0,0,0,FALSE,NA,32,0,TRUE
777,EUROPE,RENOVISOR,rv,32,0,0,0,FALSE,NA,32,0,TRUE
778,EUROPE,RENOVISOR,rv,30,2,2,0.0625,TRUE,det_28_recognition; det_30_authority,32,0,TRUE
779,EUROPE,RENOVISOR,rv,32,0,0,0,FALSE,NA,32,0,TRUE
780,EUROPE,RENOVISOR,rv,32,0,0,0,FALSE,NA,32,0,TRUE
781,EUROPE,RENOVISOR,rv,32,0,0,0,FALSE,NA,32,0,TRUE
782,EUROPE,RENOVISOR,rv,28,4,4,0.125,TRUE,det_04_added_value; det_06_climate_protection; det_16_commitment; det_18_autonomy,32,0,TRUE
783,EUROPE,RENOVISOR,rv,32,0,0,0,FALSE,NA,32,0,TRUE
784,EUROPE,RENOVISOR,rv,32,0,0,0,FALSE,NA,32,0,TRUE
785,EUROPE,RENOVISOR,rv,31,1,1,0.03125,TRUE,det_03_risk_profile,32,0,TRUE
786,EUROPE,RENOVISOR,rv,32,0,0,0,FALSE,NA,32,0,TRUE
787,EUROPE,RENOVISOR,rv,28,4,4,0.125,TRUE,det_18_autonomy; det_29_trends; det_30_authority; det_32_own_significance,32,0,TRUE
788,EUROPE,RENOVISOR,rv,29,3,3,0.09375,TRUE,det_01_profits; det_04_added_value; det_05_frugality,32,0,TRUE
789,EUROPE,RENOVISOR,rv,32,0,0,0,FALSE,NA,32,0,TRUE
790,EUROPE,RENOVISOR,rv,29,3,3,0.09375,TRUE,det_04_added_value; det_21_rights_and_duties; det_30_authority,32,0,TRUE
791,EUROPE,RENOVISOR,rv,32,0,0,0,FALSE,NA,32,0,TRUE
792,EUROPE,RENOVISOR,rv,32,0,0,0,FALSE,NA,32,0,TRUE
793,EUROPE,RENOVISOR,rv,32,0,0,0,FALSE,NA,32,0,TRUE
794,EUROPE,RENOVISOR,rv,31,1,1,0.03125,TRUE,det_29_trends,32,0,TRUE
795,EUROPE,RENOVISOR,rv,32,0,0,0,FALSE,NA,32,0,TRUE
796,EUROPE,RENOVISOR,rv,31,1,1,0.03125,TRUE,det_21_rights_and_duties,32,0,TRUE
797,EUROPE,RENOVISOR,rv,32,0,0,0,FALSE,NA,32,0,TRUE
798,EUROPE,RENOVISOR,rv,30,2,2,0.0625,TRUE,det_16_commitment; det_22_peer_pressure,32,0,TRUE
799,EUROPE,RENOVISOR,rv,31,1,1,0.03125,TRUE,det_06_climate_protection,32,0,TRUE
800,EUROPE,RENOVISOR,rv,32,0,0,0,FALSE,NA,32,0,TRUE
801,EUROPE,RENOVISOR,rv,32,0,0,0,FALSE,NA,32,0,TRUE
802,EUROPE,RENOVISOR,rv,32,0,0,0,FALSE,NA,32,0,TRUE
803,EUROPE,RENOVISOR,rv,31,1,1,0.03125,TRUE,det_30_authority,32,0,TRUE
804,EUROPE,RENOVISOR,rv,32,0,0,0,FALSE,NA,32,0,TRUE
805,EUROPE,RENOVISOR,rv,32,0,0,0,FALSE,NA,32,0,TRUE
806,EUROPE,RENOVISOR,rv,31,1,1,0.03125,TRUE,det_28_recognition,32,0,TRUE
807,EUROPE,RENOVISOR,rv,32,0,0,0,FALSE,NA,32,0,TRUE
808,EUROPE,RENOVISOR,rv,32,0,0,0,FALSE,NA,32,0,TRUE
809,EUROPE,RENOVISOR,rv,32,0,0,0,FALSE,NA,32,0,TRUE
810,EUROPE,RENOVISOR,rv,32,0,0,0,FALSE,NA,32,0,TRUE
811,EUROPE,RENOVISOR,rv,31,1,1,0.03125,TRUE,det_11_knowledge,32,0,TRUE
812,EUROPE,RENOVISOR,rv,32,0,0,0,FALSE,NA,32,0,TRUE
813,EUROPE,RENOVISOR,rv,32,0,0,0,FALSE,NA,32,0,TRUE
814,EUROPE,RENOVISOR,rv,32,0,0,0,FALSE,NA,32,0,TRUE
815,EUROPE,RENOVISOR,rv,32,0,0,0,FALSE,NA,32,0,TRUE
816,EUROPE,RENOVISOR,rv,32,0,0,0,FALSE,NA,32,0,TRUE
817,EUROPE,RENOVISOR,rv,32,0,0,0,FALSE,NA,32,0,TRUE
818,EUROPE,RENOVISOR,rv,31,1,1,0.03125,TRUE,det_08_trust,32,0,TRUE
819,EUROPE,RENOVISOR,rv,32,0,0,0,FALSE,NA,32,0,TRUE
820,EUROPE,RENOVISOR,rv,32,0,0,0,FALSE,NA,32,0,TRUE
821,EUROPE,RENOVISOR,rv,32,0,0,0,FALSE,NA,32,0,TRUE
822,EUROPE,RENOVISOR,rv,32,0,0,0,FALSE,NA,32,0,TRUE
823,EUROPE,RENOVISOR,rv,32,0,0,0,FALSE,NA,32,0,TRUE
824,EUROPE,RENOVISOR,rv,32,0,0,0,FALSE,NA,32,0,TRUE
825,EUROPE,RENOVISOR,rv,11,21,0,0,FALSE,NA,11,21,FALSE
826,EUROPE,RENOVISOR,rv,32,0,0,0,FALSE,NA,32,0,TRUE
827,EUROPE,RENOVISOR,rv,32,0,0,0,FALSE,NA,32,0,TRUE
828,EUROPE,RENOVISOR,rv,29,3,3,0.09375,TRUE,det_03_risk_profile; det_26_novelty; det_27_fun,32,0,TRUE
829,EUROPE,RENOVISOR,rv,32,0,0,0,FALSE,NA,32,0,TRUE
830,EUROPE,RENOVISOR,rv,32,0,0,0,FALSE,NA,32,0,TRUE
831,EUROPE,RENOVISOR,rv,31,1,1,0.03125,TRUE,det_05_frugality,32,0,TRUE
832,EUROPE,RENOVISOR,rv,31,1,1,0.03125,TRUE,det_15_self_satisfaction,32,0,TRUE
833,EUROPE,RENOVISOR,rv,32,0,0,0,FALSE,NA,32,0,TRUE
834,EUROPE,RENOVISOR,rv,32,0,0,0,FALSE,NA,32,0,TRUE
835,EUROPE,RENOVISOR,rv,30,2,2,0.0625,TRUE,det_03_risk_profile; det_18_autonomy,32,0,TRUE
836,EUROPE,RENOVISOR,rv,32,0,0,0,FALSE,NA,32,0,TRUE
837,EUROPE,RENOVISOR,rv,31,1,1,0.03125,TRUE,det_11_knowledge,32,0,TRUE
838,EUROPE,RENOVISOR,rv,32,0,0,0,FALSE,NA,32,0,TRUE
839,EUROPE,RENOVISOR,rv,32,0,0,0,FALSE,NA,32,0,TRUE
840,EUROPE,RENOVISOR,rv,29,3,3,0.09375,TRUE,det_05_frugality; det_24_socialising; det_27_fun,32,0,TRUE
841,EUROPE,RENOVISOR,rv,31,1,1,0.03125,TRUE,det_21_rights_and_duties,32,0,TRUE
842,EUROPE,RENOVISOR,rv,24,8,8,0.25,TRUE,det_03_risk_profile; det_04_added_value; det_06_climate_protection; det_14_environmental_concerns; det_23_support; det_26_novelty; det_28_recognition; det_31_approval,32,0,TRUE
843,EUROPE,RENOVISOR,rv,32,0,0,0,FALSE,NA,32,0,TRUE
844,EUROPE,RENOVISOR,rv,31,1,1,0.03125,TRUE,det_07_legal,32,0,TRUE
845,EUROPE,RENOVISOR,rv,32,0,0,0,FALSE,NA,32,0,TRUE
846,EUROPE,RENOVISOR,rv,32,0,0,0,FALSE,NA,32,0,TRUE
847,EUROPE,RENOVISOR,rv,30,2,2,0.0625,TRUE,det_13_technical_fit; det_20_coziness,32,0,TRUE
848,EUROPE,RENOVISOR,rv,31,1,1,0.03125,TRUE,det_12_own_competence,32,0,TRUE
849,EUROPE,RENOVISOR,rv,32,0,0,0,FALSE,NA,32,0,TRUE
850,EUROPE,RENOVISOR,rv,31,1,1,0.03125,TRUE,det_06_climate_protection,32,0,TRUE
851,EUROPE,RENOVISOR,rv,30,2,2,0.0625,TRUE,det_05_frugality; det_10_cost_efficiency,32,0,TRUE
852,EUROPE,RENOVISOR,rv,28,4,4,0.125,TRUE,det_14_environmental_concerns; det_18_autonomy; det_26_novelty; det_32_own_significance,32,0,TRUE
853,EUROPE,RENOVISOR,rv,32,0,0,0,FALSE,NA,32,0,TRUE
854,EUROPE,RENOVISOR,rv,32,0,0,0,FALSE,NA,32,0,TRUE
855,EUROPE,RENOVISOR,rv,32,0,0,0,FALSE,NA,32,0,TRUE
856,EUROPE,RENOVISOR,rv,32,0,0,0,FALSE,NA,32,0,TRUE
857,EUROPE,RENOVISOR,rv,32,0,0,0,FALSE,NA,32,0,TRUE
858,EUROPE,RENOVISOR,rv,32,0,0,0,FALSE,NA,32,0,TRUE
859,EUROPE,RENOVISOR,rv,31,1,1,0.03125,TRUE,det_22_peer_pressure,32,0,TRUE
860,EUROPE,RENOVISOR,rv,32,0,0,0,FALSE,NA,32,0,TRUE
861,EUROPE,RENOVISOR,rv,32,0,0,0,FALSE,NA,32,0,TRUE
862,EUROPE,RENOVISOR,rv,32,0,0,0,FALSE,NA,32,0,TRUE
863,EUROPE,RENOVISOR,rv,32,0,0,0,FALSE,NA,32,0,TRUE
864,EUROPE,RENOVISOR,rv,32,0,0,0,FALSE,NA,32,0,TRUE
865,EUROPE,RENOVISOR,rv,32,0,0,0,FALSE,NA,32,0,TRUE
866,EUROPE,RENOVISOR,rv,29,3,3,0.09375,TRUE,det_06_climate_protection; det_08_trust; det_29_trends,32,0,TRUE
867,EUROPE,RENOVISOR,rv,28,4,4,0.125,TRUE,det_02_credit_score; det_13_technical_fit; det_16_commitment; det_27_fun,32,0,TRUE
868,EUROPE,RENOVISOR,rv,32,0,0,0,FALSE,NA,32,0,TRUE
869,EUROPE,RENOVISOR,rv,31,1,1,0.03125,TRUE,det_28_recognition,32,0,TRUE
870,EUROPE,RENOVISOR,rv,32,0,0,0,FALSE,NA,32,0,TRUE
871,EUROPE,RENOVISOR,rv,32,0,0,0,FALSE,NA,32,0,TRUE
872,EUROPE,RENOVISOR,rv,32,0,0,0,FALSE,NA,32,0,TRUE
873,EUROPE,RENOVISOR,rv,24,8,8,0.25,TRUE,det_01_profits; det_12_own_competence; det_18_autonomy; det_22_peer_pressure; det_23_support; det_26_novelty; det_29_trends; det_30_authority,32,0,TRUE
874,EUROPE,RENOVISOR,rv,31,1,1,0.03125,TRUE,det_07_legal,32,0,TRUE
875,EUROPE,RENOVISOR,rv,23,9,0,0,FALSE,NA,23,9,FALSE
876,EUROPE,RENOVISOR,rv,29,3,3,0.09375,TRUE,det_02_credit_score; det_03_risk_profile; det_26_novelty,32,0,TRUE
877,EUROPE,RENOVISOR,rv,31,1,1,0.03125,TRUE,det_05_frugality,32,0,TRUE
878,EUROPE,RENOVISOR,rv,32,0,0,0,FALSE,NA,32,0,TRUE
879,EUROPE,RENOVISOR,rv,32,0,0,0,FALSE,NA,32,0,TRUE
880,EUROPE,RENOVISOR,rv,31,1,1,0.03125,TRUE,det_23_support,32,0,TRUE
881,EUROPE,RENOVISOR,rv,29,3,3,0.09375,TRUE,det_05_frugality; det_15_self_satisfaction; det_30_authority,32,0,TRUE
882,EUROPE,RENOVISOR,rv,30,2,2,0.0625,TRUE,det_20_coziness; det_31_approval,32,0,TRUE
883,EUROPE,RENOVISOR,rv,31,1,1,0.03125,TRUE,det_29_trends,32,0,TRUE
884,EUROPE,RENOVISOR,rv,32,0,0,0,FALSE,NA,32,0,TRUE
885,EUROPE,RENOVISOR,rv,31,1,1,0.03125,TRUE,det_14_environmental_concerns,32,0,TRUE
886,EUROPE,RENOVISOR,rv,32,0,0,0,FALSE,NA,32,0,TRUE
887,EUROPE,RENOVISOR,rv,32,0,0,0,FALSE,NA,32,0,TRUE
888,EUROPE,RENOVISOR,rv,32,0,0,0,FALSE,NA,32,0,TRUE
889,EUROPE,RENOVISOR,rv,30,2,2,0.0625,TRUE,det_26_novelty; det_27_fun,32,0,TRUE
890,EUROPE,RENOVISOR,rv,32,0,0,0,FALSE,NA,32,0,TRUE
891,EUROPE,RENOVISOR,rv,32,0,0,0,FALSE,NA,32,0,TRUE
892,EUROPE,RENOVISOR,rv,32,0,0,0,FALSE,NA,32,0,TRUE
893,EUROPE,RENOVISOR,rv,32,0,0,0,FALSE,NA,32,0,TRUE
894,EUROPE,RENOVISOR,rv,27,5,5,0.15625,TRUE,det_16_commitment; det_17_adherence; det_23_support; det_31_approval; det_32_own_significance,32,0,TRUE
895,EUROPE,RENOVISOR,rv,32,0,0,0,FALSE,NA,32,0,TRUE
896,EUROPE,RENOVISOR,rv,32,0,0,0,FALSE,NA,32,0,TRUE
897,EUROPE,RENOVISOR,rv,32,0,0,0,FALSE,NA,32,0,TRUE
898,EUROPE,RENOVISOR,rv,32,0,0,0,FALSE,NA,32,0,TRUE
899,EUROPE,RENOVISOR,rv,32,0,0,0,FALSE,NA,32,0,TRUE
900,EUROPE,RENOVISOR,rv,32,0,0,0,FALSE,NA,32,0,TRUE
901,EUROPE,RENOVISOR,rv,30,2,2,0.0625,TRUE,det_25_agreement; det_29_trends,32,0,TRUE
902,EUROPE,RENOVISOR,rv,31,1,1,0.03125,TRUE,det_16_commitment,32,0,TRUE
903,EUROPE,RENOVISOR,rv,32,0,0,0,FALSE,NA,32,0,TRUE
904,EUROPE,RENOVISOR,rv,32,0,0,0,FALSE,NA,32,0,TRUE
905,EUROPE,RENOVISOR,rv,32,0,0,0,FALSE,NA,32,0,TRUE
906,EUROPE,RENOVISOR,rv,27,5,5,0.15625,TRUE,det_04_added_value; det_09_safety; det_18_autonomy; det_23_support; det_25_agreement,32,0,TRUE
907,EUROPE,RENOVISOR,rv,32,0,0,0,FALSE,NA,32,0,TRUE
908,EUROPE,RENOVISOR,rv,32,0,0,0,FALSE,NA,32,0,TRUE
909,EUROPE,RENOVISOR,rv,30,2,2,0.0625,TRUE,det_26_novelty; det_29_trends,32,0,TRUE
910,EUROPE,RENOVISOR,rv,31,1,1,0.03125,TRUE,det_12_own_competence,32,0,TRUE
911,EUROPE,RENOVISOR,rv,32,0,0,0,FALSE,NA,32,0,TRUE
912,EUROPE,RENOVISOR,rv,32,0,0,0,FALSE,NA,32,0,TRUE
913,EUROPE,RENOVISOR,rv,32,0,0,0,FALSE,NA,32,0,TRUE
914,EUROPE,RENOVISOR,rv,31,1,1,0.03125,TRUE,det_05_frugality,32,0,TRUE
915,EUROPE,RENOVISOR,rv,27,5,5,0.15625,TRUE,det_16_commitment; det_25_agreement; det_26_novelty; det_27_fun; det_32_own_significance,32,0,TRUE
916,EUROPE,RENOVISOR,rv,32,0,0,0,FALSE,NA,32,0,TRUE
917,EUROPE,RENOVISOR,rv,32,0,0,0,FALSE,NA,32,0,TRUE
918,EUROPE,RENOVISOR,rv,31,1,1,0.03125,TRUE,det_30_authority,32,0,TRUE
919,EUROPE,RENOVISOR,rv,32,0,0,0,FALSE,NA,32,0,TRUE
920,EUROPE,RENOVISOR,rv,29,3,3,0.09375,TRUE,det_27_fun; det_28_recognition; det_30_authority,32,0,TRUE
921,EUROPE,RENOVISOR,rv,32,0,0,0,FALSE,NA,32,0,TRUE
922,EUROPE,RENOVISOR,rv,31,1,1,0.03125,TRUE,det_16_commitment,32,0,TRUE
923,EUROPE,RENOVISOR,rv,32,0,0,0,FALSE,NA,32,0,TRUE
924,EUROPE,RENOVISOR,rv,32,0,0,0,FALSE,NA,32,0,TRUE
925,EUROPE,RENOVISOR,rv,32,0,0,0,FALSE,NA,32,0,TRUE
926,EUROPE,RENOVISOR,rv,32,0,0,0,FALSE,NA,32,0,TRUE
927,EUROPE,RENOVISOR,rv,29,3,3,0.09375,TRUE,det_04_added_value; det_12_own_competence; det_17_adherence,32,0,TRUE
928,EUROPE,RENOVISOR,rv,0,32,0,0,FALSE,NA,0,32,FALSE
929,EUROPE,RENOVISOR,rv,24,8,8,0.25,TRUE,det_04_added_value; det_09_safety; det_11_knowledge; det_12_own_competence; det_15_self_satisfaction; det_17_adherence; det_24_socialising; det_30_authority,32,0,TRUE
930,EUROPE,RENOVISOR,rv,0,32,0,0,FALSE,NA,0,32,FALSE
931,EUROPE,RENOVISOR,rv,0,32,0,0,FALSE,NA,0,32,FALSE
932,EUROPE,RENOVISOR,rv,0,32,0,0,FALSE,NA,0,32,FALSE
933,EUROPE,RENOVISOR,rv,0,32,0,0,FALSE,NA,0,32,FALSE
934,EUROPE,RENOVISOR,rv,0,32,0,0,FALSE,NA,0,32,FALSE
935,EUROPE,RENOVISOR,rv,0,32,0,0,FALSE,NA,0,32,FALSE
936,EUROPE,RENOVISOR,rv,32,0,0,0,FALSE,NA,32,0,TRUE
937,EUROPE,RENOVISOR,rv,0,32,0,0,FALSE,NA,0,32,FALSE
938,EUROPE,RENOVISOR,rv,0,32,0,0,FALSE,NA,0,32,FALSE
939,EUROPE,RENOVISOR,rv,30,2,2,0.0625,TRUE,det_03_risk_profile; det_05_frugality,32,0,TRUE
940,EUROPE,RENOVISOR,rv,0,32,0,0,FALSE,NA,0,32,FALSE
941,EUROPE,RENOVISOR,rv,0,32,0,0,FALSE,NA,0,32,FALSE
942,EUROPE,RENOVISOR,rv,22,10,0,0,FALSE,NA,22,10,FALSE
943,EUROPE,RENOVISOR,rv,26,6,6,0.1875,TRUE,det_02_credit_score; det_05_frugality; det_08_trust; det_20_coziness; det_24_socialising; det_27_fun,32,0,TRUE
944,EUROPE,RENOVISOR,rv,0,32,0,0,FALSE,NA,0,32,FALSE
945,EUROPE,RENOVISOR,rv,31,1,1,0.03125,TRUE,det_18_autonomy,32,0,TRUE
946,EUROPE,RENOVISOR,rv,0,32,0,0,FALSE,NA,0,32,FALSE
947,EUROPE,RENOVISOR,rv,0,32,0,0,FALSE,NA,0,32,FALSE
948,EUROPE,RENOVISOR,rv,29,3,3,0.09375,TRUE,det_12_own_competence; det_13_technical_fit; det_30_authority,32,0,TRUE
949,EUROPE,RENOVISOR,rv,0,32,0,0,FALSE,NA,0,32,FALSE
950,EUROPE,RENOVISOR,rv,0,32,0,0,FALSE,NA,0,32,FALSE
951,EUROPE,RENOVISOR,rv,0,32,0,0,FALSE,NA,0,32,FALSE
952,EUROPE,RENOVISOR,rv,0,32,0,0,FALSE,NA,0,32,FALSE
953,EUROPE,RENOVISOR,rv,0,32,0,0,FALSE,NA,0,32,FALSE
954,EUROPE,RENOVISOR,rv,0,32,0,0,FALSE,NA,0,32,FALSE
955,EUROPE,RENOVISOR,rv,0,32,0,0,FALSE,NA,0,32,FALSE
956,EUROPE,RENOVISOR,rv,0,32,0,0,FALSE,NA,0,32,FALSE
957,EUROPE,RENOVISOR,rv,0,32,0,0,FALSE,NA,0,32,FALSE
958,EUROPE,RENOVISOR,rv,0,32,0,0,FALSE,NA,0,32,FALSE
959,EUROPE,RENOVISOR,rv,0,32,0,0,FALSE,NA,0,32,FALSE
960,EUROPE,RENOVISOR,rv,0,32,0,0,FALSE,NA,0,32,FALSE
961,EUROPE,RENOVISOR,rv,31,1,1,0.03125,TRUE,det_10_cost_efficiency,32,0,TRUE
962,EUROPE,RENOVISOR,rv,0,32,0,0,FALSE,NA,0,32,FALSE
963,EUROPE,RENOVISOR,rv,0,32,0,0,FALSE,NA,0,32,FALSE
964,EUROPE,RENOVISOR,rv,0,32,0,0,FALSE,NA,0,32,FALSE
965,EUROPE,RENOVISOR,rv,0,32,0,0,FALSE,NA,0,32,FALSE
966,EUROPE,RENOVISOR,rv,27,5,5,0.15625,TRUE,det_01_profits; det_05_frugality; det_14_environmental_concerns; det_18_autonomy; det_32_own_significance,32,0,TRUE
967,EUROPE,RENOVISOR,rv,16,16,0,0,FALSE,NA,16,16,FALSE
968,EUROPE,RENOVISOR,rv,0,32,0,0,FALSE,NA,0,32,FALSE
969,EUROPE,RENOVISOR,rv,31,1,1,0.03125,TRUE,det_22_peer_pressure,32,0,TRUE
970,EUROPE,RENOVISOR,rv,0,32,0,0,FALSE,NA,0,32,FALSE
971,EUROPE,RENOVISOR,rv,0,32,0,0,FALSE,NA,0,32,FALSE
972,EUROPE,RENOVISOR,rv,0,32,0,0,FALSE,NA,0,32,FALSE
973,EUROPE,RENOVISOR,rv,0,32,0,0,FALSE,NA,0,32,FALSE
974,EUROPE,RENOVISOR,rv,0,32,0,0,FALSE,NA,0,32,FALSE
975,EUROPE,RENOVISOR,rv,0,32,0,0,FALSE,NA,0,32,FALSE
976,EUROPE,RENOVISOR,rv,0,32,0,0,FALSE,NA,0,32,FALSE
977,EUROPE,RENOVISOR,rv,0,32,0,0,FALSE,NA,0,32,FALSE
978,EUROPE,RENOVISOR,rv,0,32,0,0,FALSE,NA,0,32,FALSE
979,EUROPE,RENOVISOR,rv,0,32,0,0,FALSE,NA,0,32,FALSE
980,EUROPE,RENOVISOR,rv,0,32,0,0,FALSE,NA,0,32,FALSE
981,EUROPE,RENOVISOR,rv,0,32,0,0,FALSE,NA,0,32,FALSE
982,EUROPE,RENOVISOR,rv,0,32,0,0,FALSE,NA,0,32,FALSE
983,EUROPE,RENOVISOR,rv,0,32,0,0,FALSE,NA,0,32,FALSE
984,EUROPE,RENOVISOR,rv,0,32,0,0,FALSE,NA,0,32,FALSE
985,EUROPE,RENOVISOR,rv,28,4,4,0.125,TRUE,det_01_profits; det_04_added_value; det_17_adherence; det_30_authority,32,0,TRUE
986,EUROPE,RENOVISOR,rv,29,3,3,0.09375,TRUE,det_02_credit_score; det_18_autonomy; det_30_authority,32,0,TRUE
987,EUROPE,RENOVISOR,rv,22,10,0,0,FALSE,NA,22,10,FALSE
988,EUROPE,RENOVISOR,rv,24,8,8,0.25,TRUE,det_07_legal; det_08_trust; det_09_safety; det_12_own_competence; det_18_autonomy; det_19_wellbeing; det_20_coziness; det_27_fun,32,0,TRUE
989,EUROPE,RENOVISOR,rv,32,0,0,0,FALSE,NA,32,0,TRUE
990,EUROPE,RENOVISOR,rv,31,1,1,0.03125,TRUE,det_04_added_value,32,0,TRUE
991,EUROPE,RENOVISOR,rv,23,9,0,0,FALSE,NA,23,9,FALSE
992,EUROPE,RENOVISOR,rv,23,9,0,0,FALSE,NA,23,9,FALSE
993,EUROPE,RENOVISOR,rv,24,8,8,0.25,TRUE,det_01_profits; det_07_legal; det_11_knowledge; det_24_socialising; det_27_fun; det_28_recognition; det_29_trends; det_31_approval,32,0,TRUE
994,EUROPE,RENOVISOR,rv,23,9,0,0,FALSE,NA,23,9,FALSE
995,EUROPE,RENOVISOR,rv,30,2,2,0.0625,TRUE,det_21_rights_and_duties; det_24_socialising,32,0,TRUE
996,EUROPE,RENOVISOR,rv,26,6,6,0.1875,TRUE,det_01_profits; det_19_wellbeing; det_20_coziness; det_22_peer_pressure; det_24_socialising; det_29_trends,32,0,TRUE
997,EUROPE,RENOVISOR,rv,32,0,0,0,FALSE,NA,32,0,TRUE
998,EUROPE,RENOVISOR,rv,12,20,0,0,FALSE,NA,12,20,FALSE
999,EUROPE,RENOVISOR,rv,29,3,3,0.09375,TRUE,det_04_added_value; det_17_adherence; det_26_novelty,32,0,TRUE
1000,EUROPE,RENOVISOR,rv,28,4,4,0.125,TRUE,det_01_profits; det_07_legal; det_10_cost_efficiency; det_30_authority,32,0,TRUE
1001,EUROPE,RENOVISOR,rv,24,8,8,0.25,TRUE,det_01_profits; det_04_added_value; det_21_rights_and_duties; det_22_peer_pressure; det_23_support; det_24_socialising; det_25_agreement; det_29_trends,32,0,TRUE
1002,EUROPE,RENOVISOR,rv,25,7,7,0.21875,TRUE,det_01_profits; det_02_credit_score; det_05_frugality; det_12_own_competence; det_24_socialising; det_26_novelty; det_31_approval,32,0,TRUE
1003,EUROPE,RENOVISOR,rv,32,0,0,0,FALSE,NA,32,0,TRUE
1004,EUROPE,RENOVISOR,rv,30,2,2,0.0625,TRUE,det_02_credit_score; det_11_knowledge,32,0,TRUE
1005,EUROPE,RENOVISOR,rv,31,1,1,0.03125,TRUE,det_05_frugality,32,0,TRUE
1006,EUROPE,RENOVISOR,rv,32,0,0,0,FALSE,NA,32,0,TRUE
1007,EUROPE,RENOVISOR,rv,32,0,0,0,FALSE,NA,32,0,TRUE
1008,EUROPE,RENOVISOR,rv,32,0,0,0,FALSE,NA,32,0,TRUE
1009,EUROPE,RENOVISOR,rv,31,1,1,0.03125,TRUE,det_32_own_significance,32,0,TRUE
1010,EUROPE,RENOVISOR,rv,32,0,0,0,FALSE,NA,32,0,TRUE
1011,EUROPE,RENOVISOR,rv,10,22,0,0,FALSE,NA,10,22,FALSE
1012,EUROPE,RENOVISOR,rv,30,2,2,0.0625,TRUE,det_03_risk_profile; det_30_authority,32,0,TRUE
1013,EUROPE,RENOVISOR,rv,29,3,3,0.09375,TRUE,det_08_trust; det_22_peer_pressure; det_31_approval,32,0,TRUE
1014,EUROPE,RENOVISOR,rv,31,1,1,0.03125,TRUE,det_18_autonomy,32,0,TRUE
1015,EUROPE,RENOVISOR,rv,19,13,0,0,FALSE,NA,19,13,FALSE
1016,EUROPE,RENOVISOR,rv,30,2,2,0.0625,TRUE,det_10_cost_efficiency; det_12_own_competence,32,0,TRUE
1017,EUROPE,RENOVISOR,rv,29,3,3,0.09375,TRUE,det_05_frugality; det_18_autonomy; det_29_trends,32,0,TRUE
1018,EUROPE,RENOVISOR,rv,29,3,3,0.09375,TRUE,det_05_frugality; det_09_safety; det_31_approval,32,0,TRUE
1019,EUROPE,RENOVISOR,rv,22,10,0,0,FALSE,NA,22,10,FALSE
1020,EUROPE,RENOVISOR,rv,32,0,0,0,FALSE,NA,32,0,TRUE
1021,EUROPE,RENOVISOR,rv,32,0,0,0,FALSE,NA,32,0,FALSE
1022,EUROPE,RENOVISOR,rv,10,22,0,0,FALSE,NA,10,22,FALSE
1023,EUROPE,RENOVISOR,rv,18,14,0,0,FALSE,NA,18,14,FALSE
1024,EUROPE,RENOVISOR,rv,30,2,2,0.0625,TRUE,det_12_own_competence; det_23_support,32,0,TRUE
1025,EUROPE,RENOVISOR,rv,29,3,3,0.09375,TRUE,det_21_rights_and_duties; det_26_novelty; det_28_recognition,32,0,TRUE
1026,EUROPE,RENOVISOR,rv,30,2,2,0.0625,TRUE,det_08_trust; det_16_commitment,32,0,TRUE
1027,EUROPE,RENOVISOR,rv,18,14,0,0,FALSE,NA,18,14,FALSE
1028,EUROPE,RENOVISOR,rv,26,6,6,0.1875,TRUE,det_03_risk_profile; det_22_peer_pressure; det_25_agreement; det_29_trends; det_30_authority; det_32_own_significance,32,0,TRUE
1029,EUROPE,RENOVISOR,rv,28,4,4,0.125,TRUE,det_04_added_value; det_05_frugality; det_12_own_competence; det_23_support,32,0,TRUE
1030,EUROPE,RENOVISOR,rv,32,0,0,0,FALSE,NA,32,0,TRUE
1031,EUROPE,RENOVISOR,rv,29,3,3,0.09375,TRUE,det_07_legal; det_17_adherence; det_24_socialising,32,0,TRUE
1032,EUROPE,RENOVISOR,rv,26,6,6,0.1875,TRUE,det_01_profits; det_03_risk_profile; det_10_cost_efficiency; det_24_socialising; det_27_fun; det_30_authority,32,0,TRUE
1033,EUROPE,RENOVISOR,rv,27,5,5,0.15625,TRUE,det_12_own_competence; det_26_novelty; det_27_fun; det_30_authority; det_32_own_significance,32,0,TRUE
1034,EUROPE,RENOVISOR,rv,32,0,0,0,FALSE,NA,32,0,TRUE
1035,EUROPE,RENOVISOR,rv,29,3,3,0.09375,TRUE,det_12_own_competence; det_18_autonomy; det_19_wellbeing,32,0,TRUE
1036,EUROPE,RENOVISOR,rv,30,2,2,0.0625,TRUE,det_04_added_value; det_17_adherence,32,0,TRUE
1037,EUROPE,RENOVISOR,rv,31,1,1,0.03125,TRUE,det_23_support,32,0,TRUE
1038,EUROPE,RENOVISOR,rv,30,2,2,0.0625,TRUE,det_09_safety; det_30_authority,32,0,TRUE
1039,EUROPE,RENOVISOR,rv,15,17,0,0,FALSE,NA,15,17,FALSE
1040,EUROPE,RENOVISOR,rv,28,4,4,0.125,TRUE,det_05_frugality; det_15_self_satisfaction; det_20_coziness; det_22_peer_pressure,32,0,TRUE
1041,EUROPE,RENOVISOR,rv,28,4,4,0.125,TRUE,det_01_profits; det_05_frugality; det_08_trust; det_13_technical_fit,32,0,TRUE
1042,EUROPE,RENOVISOR,rv,26,6,6,0.1875,TRUE,det_02_credit_score; det_04_added_value; det_08_trust; det_18_autonomy; det_21_rights_and_duties; det_24_socialising,32,0,TRUE
1043,EUROPE,RENOVISOR,rv,32,0,0,0,FALSE,NA,32,0,TRUE
1044,EUROPE,RENOVISOR,rv,21,11,0,0,FALSE,NA,21,11,FALSE
1045,EUROPE,RENOVISOR,rv,29,3,3,0.09375,TRUE,det_13_technical_fit; det_23_support; det_25_agreement,32,0,TRUE
1046,EUROPE,RENOVISOR,rv,26,6,6,0.1875,TRUE,det_01_profits; det_10_cost_efficiency; det_12_own_competence; det_21_rights_and_duties; det_23_support; det_27_fun,32,0,TRUE
1047,EUROPE,RENOVISOR,rv,11,21,0,0,FALSE,NA,11,21,FALSE
1048,EUROPE,RENOVISOR,rv,29,3,3,0.09375,TRUE,det_04_added_value; det_15_self_satisfaction; det_17_adherence,32,0,TRUE
1049,EUROPE,RENOVISOR,rv,3,29,0,0,FALSE,NA,3,29,FALSE
1050,EUROPE,RENOVISOR,rv,21,11,0,0,FALSE,NA,21,11,FALSE
1051,EUROPE,RENOVISOR,rv,32,0,0,0,FALSE,NA,32,0,TRUE
1052,EUROPE,RENOVISOR,rv,25,7,7,0.21875,TRUE,det_04_added_value; det_11_knowledge; det_17_adherence; det_23_support; det_25_agreement; det_29_trends; det_30_authority,32,0,TRUE
1053,EUROPE,RENOVISOR,rv,27,5,5,0.15625,TRUE,det_03_risk_profile; det_12_own_competence; det_24_socialising; det_29_trends; det_30_authority,32,0,TRUE
1054,EUROPE,RENOVISOR,rv,23,9,0,0,FALSE,NA,23,9,FALSE
1055,EUROPE,RENOVISOR,rv,32,0,0,0,FALSE,NA,32,0,TRUE
1056,EUROPE,RENOVISOR,rv,21,11,0,0,FALSE,NA,21,11,FALSE
1057,EUROPE,RENOVISOR,rv,26,6,6,0.1875,TRUE,det_03_risk_profile; det_07_legal; det_09_safety; det_12_own_competence; det_26_novelty; det_27_fun,32,0,TRUE
1058,EUROPE,RENOVISOR,rv,17,15,0,0,FALSE,NA,17,15,FALSE
1059,EUROPE,RENOVISOR,rv,31,1,1,0.03125,TRUE,det_18_autonomy,32,0,TRUE
1060,EUROPE,RENOVISOR,rv,29,3,3,0.09375,TRUE,det_16_commitment; det_19_wellbeing; det_20_coziness,32,0,TRUE
1061,EUROPE,RENOVISOR,rv,24,8,8,0.25,TRUE,det_01_profits; det_03_risk_profile; det_06_climate_protection; det_09_safety; det_23_support; det_24_socialising; det_30_authority; det_32_own_significance,32,0,TRUE
1062,EUROPE,RENOVISOR,rv,31,1,1,0.03125,TRUE,det_14_environmental_concerns,32,0,TRUE
1063,EUROPE,RENOVISOR,rv,27,5,5,0.15625,TRUE,det_02_credit_score; det_03_risk_profile; det_04_added_value; det_06_climate_protection; det_14_environmental_concerns,32,0,TRUE
1064,EUROPE,RENOVISOR,rv,28,4,4,0.125,TRUE,det_07_legal; det_23_support; det_28_recognition; det_31_approval,32,0,TRUE
1065,EUROPE,RENOVISOR,rv,32,0,0,0,FALSE,NA,32,0,TRUE
1066,EUROPE,RENOVISOR,rv,31,1,1,0.03125,TRUE,det_21_rights_and_duties,32,0,TRUE
1067,EUROPE,RENOVISOR,rv,27,5,5,0.15625,TRUE,det_02_credit_score; det_03_risk_profile; det_05_frugality; det_07_legal; det_32_own_significance,32,0,TRUE
1068,EUROPE,RENOVISOR,rv,29,3,3,0.09375,TRUE,det_02_credit_score; det_04_added_value; det_28_recognition,32,0,TRUE
1069,EUROPE,RENOVISOR,rv,32,0,0,0,FALSE,NA,32,0,TRUE
1070,EUROPE,RENOVISOR,rv,28,4,4,0.125,TRUE,det_15_self_satisfaction; det_22_peer_pressure; det_23_support; det_30_authority,32,0,TRUE
1071,EUROPE,RENOVISOR,rv,29,3,3,0.09375,TRUE,det_03_risk_profile; det_17_adherence; det_27_fun,32,0,TRUE
1072,EUROPE,RENOVISOR,rv,27,5,5,0.15625,TRUE,det_07_legal; det_21_rights_and_duties; det_24_socialising; det_29_trends; det_30_authority,32,0,TRUE
1073,EUROPE,RENOVISOR,rv,26,6,6,0.1875,TRUE,det_07_legal; det_08_trust; det_09_safety; det_21_rights_and_duties; det_31_approval; det_32_own_significance,32,0,TRUE
1074,EUROPE,RENOVISOR,rv,31,1,1,0.03125,TRUE,det_24_socialising,32,0,TRUE
1075,EUROPE,RENOVISOR,rv,17,15,0,0,FALSE,NA,17,15,FALSE
1076,EUROPE,RENOVISOR,rv,32,0,0,0,FALSE,NA,32,0,TRUE
1077,EUROPE,RENOVISOR,rv,20,12,0,0,FALSE,NA,20,12,FALSE
1078,EUROPE,RENOVISOR,rv,30,2,2,0.0625,TRUE,det_27_fun; det_28_recognition,32,0,TRUE
1079,EUROPE,RENOVISOR,rv,25,7,7,0.21875,TRUE,det_08_trust; det_12_own_competence; det_17_adherence; det_18_autonomy; det_20_coziness; det_21_rights_and_duties; det_25_agreement,32,0,TRUE
1080,EUROPE,RENOVISOR,rv,23,9,0,0,FALSE,NA,23,9,FALSE
1081,EUROPE,RENOVISOR,rv,30,2,2,0.0625,TRUE,det_26_novelty; det_29_trends,32,0,TRUE
1082,EUROPE,RENOVISOR,rv,29,3,3,0.09375,TRUE,det_12_own_competence; det_17_adherence; det_23_support,32,0,TRUE
1083,EUROPE,RENOVISOR,rv,30,2,2,0.0625,TRUE,det_03_risk_profile; det_09_safety,32,0,TRUE
1084,EUROPE,RENOVISOR,rv,32,0,0,0,FALSE,NA,32,0,TRUE
1085,EUROPE,RENOVISOR,rv,28,4,4,0.125,TRUE,det_04_added_value; det_17_adherence; det_25_agreement; det_32_own_significance,32,0,TRUE
1086,EUROPE,RENOVISOR,rv,26,6,6,0.1875,TRUE,det_08_trust; det_18_autonomy; det_26_novelty; det_27_fun; det_30_authority; det_32_own_significance,32,0,TRUE
1087,EUROPE,RENOVISOR,rv,15,17,0,0,FALSE,NA,15,17,FALSE
1088,EUROPE,RENOVISOR,rv,26,6,6,0.1875,TRUE,det_03_risk_profile; det_12_own_competence; det_21_rights_and_duties; det_24_socialising; det_25_agreement; det_27_fun,32,0,TRUE
1089,EUROPE,RENOVISOR,rv,27,5,5,0.15625,TRUE,det_03_risk_profile; det_04_added_value; det_17_adherence; det_23_support; det_27_fun,32,0,TRUE
1090,EUROPE,RENOVISOR,rv,30,2,2,0.0625,TRUE,det_03_risk_profile; det_30_authority,32,0,TRUE
1091,EUROPE,RENOVISOR,rv,30,2,2,0.0625,TRUE,det_03_risk_profile; det_12_own_competence,32,0,TRUE
1092,EUROPE,RENOVISOR,rv,22,10,0,0,FALSE,NA,22,10,FALSE
1093,EUROPE,RENOVISOR,rv,28,4,4,0.125,TRUE,det_03_risk_profile; det_12_own_competence; det_18_autonomy; det_30_authority,32,0,TRUE
1094,EUROPE,RENOVISOR,rv,27,5,5,0.15625,TRUE,det_03_risk_profile; det_07_legal; det_17_adherence; det_23_support; det_28_recognition,32,0,TRUE
1095,EUROPE,RENOVISOR,rv,30,2,2,0.0625,TRUE,det_17_adherence; det_23_support,32,0,TRUE
1096,EUROPE,RENOVISOR,rv,24,8,8,0.25,TRUE,det_03_risk_profile; det_04_added_value; det_05_frugality; det_07_legal; det_11_knowledge; det_13_technical_fit; det_17_adherence; det_18_autonomy,32,0,TRUE
1097,EUROPE,RENOVISOR,rv,26,6,6,0.1875,TRUE,det_07_legal; det_09_safety; det_15_self_satisfaction; det_20_coziness; det_22_peer_pressure; det_23_support,32,0,TRUE
1098,EUROPE,RENOVISOR,rv,20,12,0,0,FALSE,NA,20,12,FALSE
1099,EUROPE,RENOVISOR,rv,25,7,7,0.21875,TRUE,det_01_profits; det_04_added_value; det_06_climate_protection; det_17_adherence; det_24_socialising; det_27_fun; det_31_approval,32,0,TRUE
1100,EUROPE,RENOVISOR,rv,31,1,1,0.03125,TRUE,det_01_profits,32,0,TRUE
1101,EUROPE,RENOVISOR,rv,30,2,2,0.0625,TRUE,det_18_autonomy; det_21_rights_and_duties,32,0,TRUE
1102,EUROPE,RENOVISOR,rv,21,11,0,0,FALSE,NA,21,11,FALSE
1103,EUROPE,RENOVISOR,rv,31,1,1,0.03125,TRUE,det_19_wellbeing,32,0,TRUE
1104,EUROPE,RENOVISOR,rv,22,10,0,0,FALSE,NA,22,10,FALSE
1105,EUROPE,RENOVISOR,rv,27,5,5,0.15625,TRUE,det_06_climate_protection; det_18_autonomy; det_21_rights_and_duties; det_23_support; det_26_novelty,32,0,TRUE
1106,EUROPE,RENOVISOR,rv,32,0,0,0,FALSE,NA,32,0,TRUE
1107,EUROPE,RENOVISOR,rv,32,0,0,0,FALSE,NA,32,0,TRUE
1108,EUROPE,RENOVISOR,rv,29,3,3,0.09375,TRUE,det_27_fun; det_30_authority; det_31_approval,32,0,TRUE
1109,EUROPE,RENOVISOR,rv,27,5,5,0.15625,TRUE,det_08_trust; det_23_support; det_24_socialising; det_31_approval; det_32_own_significance,32,0,TRUE
1110,EUROPE,RENOVISOR,rv,26,6,6,0.1875,TRUE,det_03_risk_profile; det_07_legal; det_09_safety; det_13_technical_fit; det_16_commitment; det_26_novelty,32,0,TRUE
1111,EUROPE,RENOVISOR,rv,27,5,5,0.15625,TRUE,det_05_frugality; det_09_safety; det_20_coziness; det_26_novelty; det_30_authority,32,0,TRUE
1112,EUROPE,RENOVISOR,rv,30,2,2,0.0625,TRUE,det_27_fun; det_31_approval,32,0,TRUE
1113,EUROPE,RENOVISOR,rv,32,0,0,0,FALSE,NA,32,0,TRUE
1114,EUROPE,RENOVISOR,rv,29,3,3,0.09375,TRUE,det_20_coziness; det_26_novelty; det_29_trends,32,0,TRUE
1115,EUROPE,RENOVISOR,rv,26,6,6,0.1875,TRUE,det_02_credit_score; det_04_added_value; det_20_coziness; det_21_rights_and_duties; det_25_agreement; det_27_fun,32,0,TRUE
1116,EUROPE,RENOVISOR,rv,32,0,0,0,FALSE,NA,32,0,TRUE
1117,EUROPE,RENOVISOR,rv,27,5,5,0.15625,TRUE,det_02_credit_score; det_04_added_value; det_07_legal; det_12_own_competence; det_24_socialising,32,0,TRUE
1118,EUROPE,RENOVISOR,rv,27,5,5,0.15625,TRUE,det_08_trust; det_09_safety; det_16_commitment; det_24_socialising; det_27_fun,32,0,TRUE
1119,EUROPE,RENOVISOR,rv,19,13,0,0,FALSE,NA,19,13,FALSE
1120,EUROPE,RENOVISOR,rv,27,5,5,0.15625,TRUE,det_01_profits; det_10_cost_efficiency; det_13_technical_fit; det_23_support; det_30_authority,32,0,TRUE
1121,EUROPE,RENOVISOR,rv,20,12,0,0,FALSE,NA,20,12,FALSE
1122,EUROPE,RENOVISOR,rv,32,0,0,0,FALSE,NA,32,0,TRUE
1123,EUROPE,RENOVISOR,rv,29,3,3,0.09375,TRUE,det_24_socialising; det_27_fun; det_30_authority,32,0,TRUE
1124,EUROPE,RENOVISOR,rv,25,7,7,0.21875,TRUE,det_01_profits; det_02_credit_score; det_06_climate_protection; det_07_legal; det_09_safety; det_22_peer_pressure; det_24_socialising,32,0,TRUE
1125,EUROPE,RENOVISOR,rv,24,8,8,0.25,TRUE,det_02_credit_score; det_08_trust; det_12_own_competence; det_13_technical_fit; det_19_wellbeing; det_20_coziness; det_24_socialising; det_27_fun,32,0,TRUE
1126,EUROPE,RENOVISOR,rv,26,6,6,0.1875,TRUE,det_01_profits; det_03_risk_profile; det_04_added_value; det_09_safety; det_20_coziness; det_26_novelty,32,0,TRUE
1127,EUROPE,RENOVISOR,rv,28,4,4,0.125,TRUE,det_06_climate_protection; det_23_support; det_29_trends; det_32_own_significance,32,0,TRUE
1128,EUROPE,RENOVISOR,rv,32,0,0,0,FALSE,NA,32,0,TRUE
1129,EUROPE,RENOVISOR,rv,12,20,0,0,FALSE,NA,12,20,FALSE
1130,EUROPE,RENOVISOR,rv,32,0,0,0,FALSE,NA,32,0,TRUE
1131,EUROPE,RENOVISOR,rv,32,0,0,0,FALSE,NA,32,0,TRUE
1132,EUROPE,RENOVISOR,rv,22,10,0,0,FALSE,NA,22,10,FALSE
1133,EUROPE,RENOVISOR,rv,29,3,3,0.09375,TRUE,det_04_added_value; det_27_fun; det_32_own_significance,32,0,TRUE
1134,EUROPE,RENOVISOR,rv,28,4,4,0.125,TRUE,det_12_own_competence; det_14_environmental_concerns; det_23_support; det_29_trends,32,0,TRUE
1135,EUROPE,RENOVISOR,rv,28,4,4,0.125,TRUE,det_10_cost_efficiency; det_17_adherence; det_23_support; det_29_trends,32,0,TRUE
1136,EUROPE,RENOVISOR,rv,25,7,7,0.21875,TRUE,det_02_credit_score; det_03_risk_profile; det_05_frugality; det_12_own_competence; det_21_rights_and_duties; det_27_fun; det_30_authority,32,0,TRUE
1137,EUROPE,RENOVISOR,rv,27,5,5,0.15625,TRUE,det_12_own_competence; det_14_environmental_concerns; det_17_adherence; det_22_peer_pressure; det_23_support,32,0,TRUE
1138,EUROPE,RENOVISOR,rv,22,10,0,0,FALSE,NA,22,10,FALSE
1139,EUROPE,RENOVISOR,rv,31,1,1,0.03125,TRUE,det_27_fun,32,0,TRUE
1140,EUROPE,RENOVISOR,rv,30,2,2,0.0625,TRUE,det_07_legal; det_27_fun,32,0,TRUE
1141,EUROPE,RENOVISOR,rv,32,0,0,0,FALSE,NA,32,0,TRUE
1142,EUROPE,RENOVISOR,rv,20,12,0,0,FALSE,NA,20,12,FALSE
1143,EUROPE,RENOVISOR,rv,27,5,5,0.15625,TRUE,det_04_added_value; det_11_knowledge; det_21_rights_and_duties; det_25_agreement; det_26_novelty,32,0,TRUE
1144,EUROPE,RENOVISOR,rv,26,6,6,0.1875,TRUE,det_07_legal; det_12_own_competence; det_17_adherence; det_21_rights_and_duties; det_26_novelty; det_32_own_significance,32,0,TRUE
1145,EUROPE,RENOVISOR,rv,30,2,2,0.0625,TRUE,det_24_socialising; det_25_agreement,32,0,TRUE
1146,EUROPE,RENOVISOR,rv,29,3,3,0.09375,TRUE,det_16_commitment; det_27_fun; det_31_approval,32,0,TRUE
1147,EUROPE,RENOVISOR,rv,27,5,5,0.15625,TRUE,det_10_cost_efficiency; det_11_knowledge; det_12_own_competence; det_16_commitment; det_22_peer_pressure,32,0,TRUE
1148,EUROPE,RENOVISOR,rv,24,8,8,0.25,TRUE,det_02_credit_score; det_09_safety; det_12_own_competence; det_18_autonomy; det_20_coziness; det_26_novelty; det_27_fun; det_32_own_significance,32,0,TRUE
1149,EUROPE,RENOVISOR,rv,21,11,0,0,FALSE,NA,21,11,FALSE
1150,EUROPE,RENOVISOR,rv,29,3,3,0.09375,TRUE,det_02_credit_score; det_03_risk_profile; det_13_technical_fit,32,0,TRUE
1151,EUROPE,RENOVISOR,rv,29,3,3,0.09375,TRUE,det_05_frugality; det_09_safety; det_25_agreement,32,0,TRUE
1152,EUROPE,RENOVISOR,rv,28,4,4,0.125,TRUE,det_02_credit_score; det_08_trust; det_19_wellbeing; det_22_peer_pressure,32,0,TRUE
1153,EUROPE,RENOVISOR,rv,28,4,4,0.125,TRUE,det_02_credit_score; det_07_legal; det_12_own_competence; det_24_socialising,32,0,TRUE
1154,EUROPE,RENOVISOR,rv,27,5,5,0.15625,TRUE,det_01_profits; det_09_safety; det_11_knowledge; det_19_wellbeing; det_20_coziness,32,0,TRUE
1155,EUROPE,RENOVISOR,rv,31,1,1,0.03125,TRUE,det_28_recognition,32,0,TRUE
1156,EUROPE,RENOVISOR,rv,0,32,0,0,FALSE,NA,0,32,FALSE
1157,EUROPE,RENOVISOR,rv,16,16,0,0,FALSE,NA,16,16,FALSE
1158,EUROPE,RENOVISOR,rv,28,4,4,0.125,TRUE,det_05_frugality; det_07_legal; det_20_coziness; det_32_own_significance,32,0,TRUE
1159,EUROPE,RENOVISOR,rv,14,18,0,0,FALSE,NA,14,18,FALSE
1160,EUROPE,RENOVISOR,rv,25,7,7,0.21875,TRUE,det_08_trust; det_09_safety; det_11_knowledge; det_13_technical_fit; det_17_adherence; det_19_wellbeing; det_24_socialising,32,0,TRUE
1161,EUROPE,RENOVISOR,rv,25,7,7,0.21875,TRUE,det_07_legal; det_10_cost_efficiency; det_11_knowledge; det_12_own_competence; det_26_novelty; det_29_trends; det_30_authority,32,0,TRUE
1162,EUROPE,RENOVISOR,rv,32,0,0,0,FALSE,NA,32,0,TRUE
1163,EUROPE,RENOVISOR,rv,30,2,2,0.0625,TRUE,det_05_frugality; det_09_safety,32,0,TRUE
1164,EUROPE,RENOVISOR,rv,32,0,0,0,FALSE,NA,32,0,TRUE
1165,EUROPE,RENOVISOR,rv,20,12,0,0,FALSE,NA,20,12,FALSE
1166,EUROPE,RENOVISOR,rv,32,0,0,0,FALSE,NA,32,0,TRUE
1167,EUROPE,RENOVISOR,rv,21,11,0,0,FALSE,NA,21,11,FALSE
1168,EUROPE,RENOVISOR,rv,18,14,0,0,FALSE,NA,18,14,FALSE
1169,EUROPE,RENOVISOR,rv,20,12,0,0,FALSE,NA,20,12,FALSE
1170,EUROPE,RENOVISOR,rv,28,4,4,0.125,TRUE,det_08_trust; det_19_wellbeing; det_21_rights_and_duties; det_26_novelty,32,0,TRUE
1171,EUROPE,RENOVISOR,rv,29,3,3,0.09375,TRUE,det_09_safety; det_23_support; det_26_novelty,32,0,TRUE
1172,EUROPE,RENOVISOR,rv,32,0,0,0,FALSE,NA,32,0,TRUE
1173,EUROPE,RENOVISOR,rv,29,3,3,0.09375,TRUE,det_22_peer_pressure; det_26_novelty; det_29_trends,32,0,TRUE
1174,EUROPE,RENOVISOR,rv,32,0,0,0,FALSE,NA,32,0,TRUE
1175,EUROPE,RENOVISOR,rv,16,16,0,0,FALSE,NA,16,16,FALSE
1176,EUROPE,RENOVISOR,rv,20,12,0,0,FALSE,NA,20,12,FALSE
1177,EUROPE,RENOVISOR,rv,32,0,0,0,FALSE,NA,32,0,TRUE
1178,EUROPE,RENOVISOR,rv,0,32,0,0,FALSE,NA,0,32,FALSE
1179,EUROPE,RENOVISOR,rv,32,0,0,0,FALSE,NA,32,0,TRUE
1180,EUROPE,RENOVISOR,rv,30,2,2,0.0625,TRUE,det_02_credit_score; det_23_support,32,0,TRUE
1181,EUROPE,RENOVISOR,rv,26,6,6,0.1875,TRUE,det_02_credit_score; det_05_frugality; det_15_self_satisfaction; det_16_commitment; det_17_adherence; det_30_authority,32,0,TRUE
1182,EUROPE,RENOVISOR,rv,32,0,0,0,FALSE,NA,32,0,TRUE
1183,EUROPE,RENOVISOR,rv,31,1,1,0.03125,TRUE,det_25_agreement,32,0,TRUE
1184,EUROPE,RENOVISOR,rv,0,32,0,0,FALSE,NA,0,32,FALSE
1185,EUROPE,RENOVISOR,rv,26,6,6,0.1875,TRUE,det_04_added_value; det_12_own_competence; det_14_environmental_concerns; det_23_support; det_25_agreement; det_31_approval,32,0,TRUE
1186,EUROPE,RENOVISOR,rv,23,9,0,0,FALSE,NA,23,9,FALSE
1187,EUROPE,RENOVISOR,rv,0,32,0,0,FALSE,NA,0,32,FALSE
1188,EUROPE,RENOVISOR,rv,0,32,0,0,FALSE,NA,0,32,FALSE
1189,EUROPE,RENOVISOR,rv,0,32,0,0,FALSE,NA,0,32,FALSE
1190,EUROPE,RENOVISOR,rv,0,32,0,0,FALSE,NA,0,32,FALSE
1191,EUROPE,RENOVISOR,rv,0,32,0,0,FALSE,NA,0,32,FALSE
1192,EUROPE,RENOVISOR,rv,0,32,0,0,FALSE,NA,0,32,FALSE
1193,EUROPE,RENOVISOR,rv,0,32,0,0,FALSE,NA,0,32,FALSE
1194,EUROPE,RENOVISOR,rv,0,32,0,0,FALSE,NA,0,32,FALSE
1195,EUROPE,RENOVISOR,rv,0,32,0,0,FALSE,NA,0,32,FALSE
1196,EUROPE,RENOVISOR,rv,0,32,0,0,FALSE,NA,0,32,FALSE
1197,EUROPE,RENOVISOR,rv,0,32,0,0,FALSE,NA,0,32,FALSE
1198,EUROPE,RENOVISOR,rv,0,32,0,0,FALSE,NA,0,32,FALSE
1199,EUROPE,RENOVISOR,rv,0,32,0,0,FALSE,NA,0,32,FALSE
1200,EUROPE,RENOVISOR,rv,0,32,0,0,FALSE,NA,0,32,FALSE
1201,EUROPE,RENOVISOR,rv,0,32,0,0,FALSE,NA,0,32,FALSE
1202,EUROPE,RENOVISOR,rv,0,32,0,0,FALSE,NA,0,32,FALSE
1203,EUROPE,RENOVISOR,rv,0,32,0,0,FALSE,NA,0,32,FALSE
1204,EUROPE,RENOVISOR,rv,0,32,0,0,FALSE,NA,0,32,FALSE
1205,EUROPE,RENOVISOR,rv,0,32,0,0,FALSE,NA,0,32,FALSE
1206,EUROPE,RENOVISOR,rv,0,32,0,0,FALSE,NA,0,32,FALSE
1207,EUROPE,RENOVISOR,rv,0,32,0,0,FALSE,NA,0,32,FALSE
1208,EUROPE,RENOVISOR,rv,0,32,0,0,FALSE,NA,0,32,FALSE
1209,EUROPE,RENOVISOR,rv,0,32,0,0,FALSE,NA,0,32,FALSE
1210,EUROPE,RENOVISOR,rv,0,32,0,0,FALSE,NA,0,32,FALSE
1211,EUROPE,RENOVISOR,rv,0,32,0,0,FALSE,NA,0,32,FALSE
1212,EUROPE,RENOVISOR,rv,0,32,0,0,FALSE,NA,0,32,FALSE
1213,EUROPE,RENOVISOR,rv,0,32,0,0,FALSE,NA,0,32,FALSE
1214,EUROPE,RENOVISOR,rv,0,32,0,0,FALSE,NA,0,32,FALSE
1215,EUROPE,RENOVISOR,rv,0,32,0,0,FALSE,NA,0,32,FALSE
1216,EUROPE,RENOVISOR,rv,0,32,0,0,FALSE,NA,0,32,FALSE
1217,EUROPE,RENOVISOR,rv,0,32,0,0,FALSE,NA,0,32,FALSE
1218,EUROPE,RENOVISOR,rv,0,32,0,0,FALSE,NA,0,32,FALSE
1219,EUROPE,RENOVISOR,rv,0,32,0,0,FALSE,NA,0,32,FALSE
1220,EUROPE,RENOVISOR,rv,0,32,0,0,FALSE,NA,0,32,FALSE
1221,EUROPE,RENOVISOR,rv,0,32,0,0,FALSE,NA,0,32,FALSE
1222,EUROPE,RENOVISOR,rv,0,32,0,0,FALSE,NA,0,32,FALSE
1223,EUROPE,RENOVISOR,rv,0,32,0,0,FALSE,NA,0,32,FALSE
1224,EUROPE,RENOVISOR,rv,0,32,0,0,FALSE,NA,0,32,FALSE
1225,EUROPE,RENOVISOR,rv,0,32,0,0,FALSE,NA,0,32,FALSE
1226,EUROPE,RENOVISOR,rv,31,1,1,0.03125,TRUE,det_25_agreement,32,0,TRUE
1227,EUROPE,RENOVISOR,rv,0,32,0,0,FALSE,NA,0,32,FALSE
1228,EUROPE,RENOVISOR,rv,31,1,1,0.03125,TRUE,det_27_fun,32,0,TRUE
1229,EUROPE,RENOVISOR,rv,32,0,0,0,FALSE,NA,32,0,TRUE
1230,EUROPE,WHY_EUROPE,why,30,2,2,0.0625,TRUE,det_19_wellbeing; det_28_recognition,32,0,TRUE
1231,EUROPE,WHY_EUROPE,why,31,1,1,0.03125,TRUE,det_16_commitment,32,0,TRUE
1232,EUROPE,WHY_EUROPE,why,32,0,0,0,FALSE,NA,32,0,TRUE
1233,EUROPE,WHY_EUROPE,why,32,0,0,0,FALSE,NA,32,0,TRUE
1234,EUROPE,WHY_EUROPE,why,32,0,0,0,FALSE,NA,32,0,TRUE
1235,EUROPE,WHY_EUROPE,why,31,1,1,0.03125,TRUE,det_03_risk_profile,32,0,TRUE
1236,EUROPE,WHY_EUROPE,why,32,0,0,0,FALSE,NA,32,0,TRUE
1237,EUROPE,WHY_EUROPE,why,32,0,0,0,FALSE,NA,32,0,TRUE
1238,EUROPE,WHY_EUROPE,why,32,0,0,0,FALSE,NA,32,0,TRUE
1239,EUROPE,WHY_EUROPE,why,32,0,0,0,FALSE,NA,32,0,TRUE
1240,EUROPE,WHY_EUROPE,why,32,0,0,0,FALSE,NA,32,0,TRUE
1241,EUROPE,WHY_EUROPE,why,32,0,0,0,FALSE,NA,32,0,TRUE
1242,EUROPE,WHY_EUROPE,why,32,0,0,0,FALSE,NA,32,0,TRUE
1243,EUROPE,WHY_EUROPE,why,32,0,0,0,FALSE,NA,32,0,TRUE
1244,EUROPE,WHY_EUROPE,why,32,0,0,0,FALSE,NA,32,0,TRUE
1245,EUROPE,WHY_EUROPE,why,32,0,0,0,FALSE,NA,32,0,TRUE
1246,EUROPE,WHY_EUROPE,why,32,0,0,0,FALSE,NA,32,0,TRUE
1247,EUROPE,WHY_EUROPE,why,32,0,0,0,FALSE,NA,32,0,TRUE
1248,EUROPE,WHY_EUROPE,why,32,0,0,0,FALSE,NA,32,0,TRUE
1249,EUROPE,WHY_EUROPE,why,31,1,1,0.03125,TRUE,det_09_safety,32,0,TRUE
1250,EUROPE,WHY_EUROPE,why,32,0,0,0,FALSE,NA,32,0,TRUE
1251,EUROPE,WHY_EUROPE,why,32,0,0,0,FALSE,NA,32,0,TRUE
1252,EUROPE,WHY_EUROPE,why,32,0,0,0,FALSE,NA,32,0,TRUE
1253,EUROPE,WHY_EUROPE,why,32,0,0,0,FALSE,NA,32,0,TRUE
1254,EUROPE,WHY_EUROPE,why,32,0,0,0,FALSE,NA,32,0,TRUE
1255,EUROPE,WHY_EUROPE,why,32,0,0,0,FALSE,NA,32,0,TRUE
1256,EUROPE,WHY_EUROPE,why,32,0,0,0,FALSE,NA,32,0,TRUE
1257,EUROPE,WHY_EUROPE,why,32,0,0,0,FALSE,NA,32,0,TRUE
1258,EUROPE,WHY_EUROPE,why,32,0,0,0,FALSE,NA,32,0,TRUE
1259,EUROPE,WHY_EUROPE,why,31,1,1,0.03125,TRUE,det_08_trust,32,0,TRUE
1260,EUROPE,WHY_EUROPE,why,32,0,0,0,FALSE,NA,32,0,TRUE
1261,EUROPE,WHY_EUROPE,why,31,1,1,0.03125,TRUE,det_04_added_value,32,0,TRUE
1262,EUROPE,WHY_EUROPE,why,32,0,0,0,FALSE,NA,32,0,TRUE
1263,EUROPE,WHY_EUROPE,why,31,1,1,0.03125,TRUE,det_22_peer_pressure,32,0,TRUE
1264,EUROPE,WHY_EUROPE,why,30,2,2,0.0625,TRUE,det_07_legal; det_20_coziness,32,0,TRUE
1265,EUROPE,WHY_EUROPE,why,32,0,0,0,FALSE,NA,32,0,TRUE
1266,EUROPE,WHY_EUROPE,why,32,0,0,0,FALSE,NA,32,0,TRUE
1267,EUROPE,WHY_EUROPE,why,32,0,0,0,FALSE,NA,32,0,TRUE
1268,EUROPE,WHY_EUROPE,why,32,0,0,0,FALSE,NA,32,0,FALSE
1269,EUROPE,WHY_EUROPE,why,32,0,0,0,FALSE,NA,32,0,TRUE
1270,EUROPE,WHY_EUROPE,why,32,0,0,0,FALSE,NA,32,0,TRUE
1271,EUROPE,WHY_EUROPE,why,32,0,0,0,FALSE,NA,32,0,TRUE
1272,EUROPE,WHY_EUROPE,why,32,0,0,0,FALSE,NA,32,0,TRUE
1273,EUROPE,WHY_EUROPE,why,32,0,0,0,FALSE,NA,32,0,TRUE
1274,EUROPE,WHY_EUROPE,why,32,0,0,0,FALSE,NA,32,0,TRUE
1275,EUROPE,WHY_EUROPE,why,32,0,0,0,FALSE,NA,32,0,TRUE
1276,EUROPE,WHY_EUROPE,why,32,0,0,0,FALSE,NA,32,0,TRUE
1277,EUROPE,WHY_EUROPE,why,32,0,0,0,FALSE,NA,32,0,TRUE
1278,EUROPE,WHY_EUROPE,why,32,0,0,0,FALSE,NA,32,0,TRUE
1279,EUROPE,WHY_EUROPE,why,32,0,0,0,FALSE,NA,32,0,TRUE
1280,EUROPE,WHY_EUROPE,why,31,1,1,0.03125,TRUE,det_18_autonomy,32,0,TRUE
1281,EUROPE,WHY_EUROPE,why,32,0,0,0,FALSE,NA,32,0,TRUE
1282,EUROPE,WHY_EUROPE,why,32,0,0,0,FALSE,NA,32,0,TRUE
1283,EUROPE,WHY_EUROPE,why,31,1,1,0.03125,TRUE,det_08_trust,32,0,TRUE
1284,EUROPE,WHY_EUROPE,why,32,0,0,0,FALSE,NA,32,0,TRUE
1285,EUROPE,WHY_EUROPE,why,32,0,0,0,FALSE,NA,32,0,TRUE
1286,EUROPE,WHY_EUROPE,why,32,0,0,0,FALSE,NA,32,0,TRUE
1287,EUROPE,WHY_EUROPE,why,31,1,1,0.03125,TRUE,det_18_autonomy,32,0,TRUE
1288,EUROPE,WHY_EUROPE,why,32,0,0,0,FALSE,NA,32,0,TRUE
1289,EUROPE,WHY_EUROPE,why,32,0,0,0,FALSE,NA,32,0,TRUE
1290,EUROPE,WHY_EUROPE,why,32,0,0,0,FALSE,NA,32,0,TRUE
1291,EUROPE,WHY_EUROPE,why,32,0,0,0,FALSE,NA,32,0,TRUE
1292,EUROPE,WHY_EUROPE,why,32,0,0,0,FALSE,NA,32,0,TRUE
1293,EUROPE,WHY_EUROPE,why,32,0,0,0,FALSE,NA,32,0,TRUE
1294,EUROPE,WHY_EUROPE,why,32,0,0,0,FALSE,NA,32,0,TRUE
1295,EUROPE,WHY_EUROPE,why,31,1,1,0.03125,TRUE,det_12_own_competence,32,0,TRUE
1296,EUROPE,WHY_EUROPE,why,32,0,0,0,FALSE,NA,32,0,TRUE
1297,EUROPE,WHY_EUROPE,why,32,0,0,0,FALSE,NA,32,0,TRUE
1298,EUROPE,WHY_EUROPE,why,32,0,0,0,FALSE,NA,32,0,TRUE
1299,EUROPE,WHY_EUROPE,why,32,0,0,0,FALSE,NA,32,0,TRUE
1300,EUROPE,WHY_EUROPE,why,32,0,0,0,FALSE,NA,32,0,TRUE
1301,EUROPE,WHY_EUROPE,why,32,0,0,0,FALSE,NA,32,0,TRUE
1302,EUROPE,WHY_EUROPE,why,32,0,0,0,FALSE,NA,32,0,TRUE
1303,EUROPE,WHY_EUROPE,why,32,0,0,0,FALSE,NA,32,0,TRUE
1304,EUROPE,WHY_EUROPE,why,32,0,0,0,FALSE,NA,32,0,TRUE
1305,EUROPE,WHY_EUROPE,why,32,0,0,0,FALSE,NA,32,0,TRUE
1306,EUROPE,WHY_EUROPE,why,32,0,0,0,FALSE,NA,32,0,TRUE
1307,EUROPE,WHY_EUROPE,why,32,0,0,0,FALSE,NA,32,0,TRUE
1308,EUROPE,WHY_EUROPE,why,31,1,1,0.03125,TRUE,det_09_safety,32,0,TRUE
1309,EUROPE,WHY_EUROPE,why,32,0,0,0,FALSE,NA,32,0,TRUE
1310,EUROPE,WHY_EUROPE,why,32,0,0,0,FALSE,NA,32,0,TRUE
1311,EUROPE,WHY_EUROPE,why,30,2,2,0.0625,TRUE,det_01_profits; det_13_technical_fit,32,0,TRUE
1312,EUROPE,WHY_EUROPE,why,32,0,0,0,FALSE,NA,32,0,TRUE
1313,EUROPE,WHY_EUROPE,why,32,0,0,0,FALSE,NA,32,0,TRUE
1314,EUROPE,WHY_EUROPE,why,31,1,1,0.03125,TRUE,det_08_trust,32,0,TRUE
1315,EUROPE,WHY_EUROPE,why,32,0,0,0,FALSE,NA,32,0,TRUE
1316,EUROPE,WHY_EUROPE,why,32,0,0,0,FALSE,NA,32,0,TRUE
1317,EUROPE,WHY_EUROPE,why,32,0,0,0,FALSE,NA,32,0,TRUE
1318,EUROPE,WHY_EUROPE,why,31,1,1,0.03125,TRUE,det_03_risk_profile,32,0,TRUE
1319,EUROPE,WHY_EUROPE,why,32,0,0,0,FALSE,NA,32,0,TRUE
1320,EUROPE,WHY_EUROPE,why,32,0,0,0,FALSE,NA,32,0,TRUE
1321,EUROPE,WHY_EUROPE,why,31,1,1,0.03125,TRUE,det_04_added_value,32,0,TRUE
1322,EUROPE,WHY_EUROPE,why,32,0,0,0,FALSE,NA,32,0,TRUE
1323,EUROPE,WHY_EUROPE,why,32,0,0,0,FALSE,NA,32,0,TRUE
1324,EUROPE,WHY_EUROPE,why,32,0,0,0,FALSE,NA,32,0,TRUE
1325,EUROPE,WHY_EUROPE,why,32,0,0,0,FALSE,NA,32,0,TRUE
1326,EUROPE,WHY_EUROPE,why,32,0,0,0,FALSE,NA,32,0,TRUE
1327,EUROPE,WHY_EUROPE,why,30,2,2,0.0625,TRUE,det_04_added_value; det_28_recognition,32,0,TRUE
1328,EUROPE,WHY_EUROPE,why,32,0,0,0,FALSE,NA,32,0,TRUE
1329,EUROPE,WHY_EUROPE,why,32,0,0,0,FALSE,NA,32,0,TRUE
1330,EUROPE,WHY_EUROPE,why,32,0,0,0,FALSE,NA,32,0,TRUE
1331,EUROPE,WHY_EUROPE,why,32,0,0,0,FALSE,NA,32,0,TRUE
1332,EUROPE,WHY_EUROPE,why,32,0,0,0,FALSE,NA,32,0,TRUE
1333,EUROPE,WHY_EUROPE,why,32,0,0,0,FALSE,NA,32,0,TRUE
1334,EUROPE,WHY_EUROPE,why,32,0,0,0,FALSE,NA,32,0,TRUE
1335,EUROPE,WHY_EUROPE,why,32,0,0,0,FALSE,NA,32,0,TRUE
1336,EUROPE,WHY_EUROPE,why,32,0,0,0,FALSE,NA,32,0,TRUE
1337,EUROPE,WHY_EUROPE,why,32,0,0,0,FALSE,NA,32,0,TRUE
1338,EUROPE,WHY_EUROPE,why,31,1,1,0.03125,TRUE,det_20_coziness,32,0,TRUE
1339,EUROPE,WHY_EUROPE,why,32,0,0,0,FALSE,NA,32,0,TRUE
1340,EUROPE,WHY_EUROPE,why,31,1,1,0.03125,TRUE,det_03_risk_profile,32,0,TRUE
1341,EUROPE,WHY_EUROPE,why,32,0,0,0,FALSE,NA,32,0,TRUE
1342,EUROPE,WHY_EUROPE,why,32,0,0,0,FALSE,NA,32,0,TRUE
1343,EUROPE,WHY_EUROPE,why,32,0,0,0,FALSE,NA,32,0,TRUE
1344,EUROPE,WHY_EUROPE,why,32,0,0,0,FALSE,NA,32,0,TRUE
1345,EUROPE,WHY_EUROPE,why,32,0,0,0,FALSE,NA,32,0,TRUE
1346,EUROPE,WHY_EUROPE,why,32,0,0,0,FALSE,NA,32,0,TRUE
1347,EUROPE,WHY_EUROPE,why,32,0,0,0,FALSE,NA,32,0,TRUE
1348,EUROPE,WHY_EUROPE,why,32,0,0,0,FALSE,NA,32,0,TRUE
1349,EUROPE,WHY_EUROPE,why,32,0,0,0,FALSE,NA,32,0,TRUE
1350,EUROPE,WHY_EUROPE,why,32,0,0,0,FALSE,NA,32,0,TRUE
1351,EUROPE,WHY_EUROPE,why,32,0,0,0,FALSE,NA,32,0,TRUE
1352,EUROPE,WHY_EUROPE,why,32,0,0,0,FALSE,NA,32,0,TRUE
1353,EUROPE,WHY_EUROPE,why,32,0,0,0,FALSE,NA,32,0,TRUE
1354,EUROPE,WHY_EUROPE,why,32,0,0,0,FALSE,NA,32,0,TRUE
1355,EUROPE,WHY_EUROPE,why,31,1,1,0.03125,TRUE,det_12_own_competence,32,0,TRUE
1356,EUROPE,WHY_EUROPE,why,32,0,0,0,FALSE,NA,32,0,TRUE
1357,EUROPE,WHY_EUROPE,why,32,0,0,0,FALSE,NA,32,0,TRUE
1358,EUROPE,WHY_EUROPE,why,32,0,0,0,FALSE,NA,32,0,TRUE
1359,EUROPE,WHY_EUROPE,why,32,0,0,0,FALSE,NA,32,0,TRUE
1360,EUROPE,WHY_EUROPE,why,32,0,0,0,FALSE,NA,32,0,TRUE
1361,EUROPE,WHY_EUROPE,why,32,0,0,0,FALSE,NA,32,0,TRUE
1362,EUROPE,WHY_EUROPE,why,31,1,1,0.03125,TRUE,det_18_autonomy,32,0,TRUE
1363,EUROPE,WHY_EUROPE,why,32,0,0,0,FALSE,NA,32,0,TRUE
1364,EUROPE,WHY_EUROPE,why,32,0,0,0,FALSE,NA,32,0,TRUE
1365,EUROPE,WHY_EUROPE,why,31,1,1,0.03125,TRUE,det_18_autonomy,32,0,TRUE
1366,EUROPE,WHY_EUROPE,why,32,0,0,0,FALSE,NA,32,0,TRUE
1367,EUROPE,WHY_EUROPE,why,31,1,1,0.03125,TRUE,det_01_profits,32,0,TRUE
1368,EUROPE,WHY_EUROPE,why,32,0,0,0,FALSE,NA,32,0,TRUE
1369,EUROPE,WHY_EUROPE,why,32,0,0,0,FALSE,NA,32,0,TRUE
1370,EUROPE,WHY_EUROPE,why,32,0,0,0,FALSE,NA,32,0,TRUE
1371,EUROPE,WHY_EUROPE,why,32,0,0,0,FALSE,NA,32,0,TRUE
1372,EUROPE,WHY_EUROPE,why,32,0,0,0,FALSE,NA,32,0,TRUE
1373,EUROPE,WHY_EUROPE,why,32,0,0,0,FALSE,NA,32,0,TRUE
1374,EUROPE,WHY_EUROPE,why,31,1,1,0.03125,TRUE,det_25_agreement,32,0,TRUE
1375,EUROPE,WHY_EUROPE,why,32,0,0,0,FALSE,NA,32,0,TRUE
1376,EUROPE,WHY_EUROPE,why,32,0,0,0,FALSE,NA,32,0,TRUE
1377,EUROPE,WHY_EUROPE,why,32,0,0,0,FALSE,NA,32,0,TRUE
1378,EUROPE,WHY_EUROPE,why,32,0,0,0,FALSE,NA,32,0,TRUE
1379,EUROPE,WHY_EUROPE,why,32,0,0,0,FALSE,NA,32,0,TRUE
1380,EUROPE,WHY_EUROPE,why,32,0,0,0,FALSE,NA,32,0,TRUE
1381,EUROPE,WHY_EUROPE,why,32,0,0,0,FALSE,NA,32,0,TRUE
1382,EUROPE,WHY_EUROPE,why,32,0,0,0,FALSE,NA,32,0,TRUE
1383,EUROPE,WHY_EUROPE,why,32,0,0,0,FALSE,NA,32,0,TRUE
1384,EUROPE,WHY_EUROPE,why,32,0,0,0,FALSE,NA,32,0,TRUE
1385,EUROPE,WHY_EUROPE,why,32,0,0,0,FALSE,NA,32,0,TRUE
1386,EUROPE,WHY_EUROPE,why,32,0,0,0,FALSE,NA,32,0,TRUE
1387,EUROPE,WHY_EUROPE,why,32,0,0,0,FALSE,NA,32,0,TRUE
1388,EUROPE,WHY_EUROPE,why,32,0,0,0,FALSE,NA,32,0,TRUE
1389,EUROPE,WHY_EUROPE,why,32,0,0,0,FALSE,NA,32,0,TRUE
1390,EUROPE,WHY_EUROPE,why,32,0,0,0,FALSE,NA,32,0,TRUE
1391,EUROPE,WHY_EUROPE,why,32,0,0,0,FALSE,NA,32,0,TRUE
1392,EUROPE,WHY_EUROPE,why,32,0,0,0,FALSE,NA,32,0,TRUE
1393,EUROPE,WHY_EUROPE,why,32,0,0,0,FALSE,NA,32,0,TRUE
1394,EUROPE,WHY_EUROPE,why,32,0,0,0,FALSE,NA,32,0,TRUE
1395,EUROPE,WHY_EUROPE,why,32,0,0,0,FALSE,NA,32,0,TRUE
1396,EUROPE,WHY_EUROPE,why,32,0,0,0,FALSE,NA,32,0,TRUE
1397,EUROPE,WHY_EUROPE,why,32,0,0,0,FALSE,NA,32,0,TRUE
1398,EUROPE,WHY_EUROPE,why,32,0,0,0,FALSE,NA,32,0,TRUE
1399,EUROPE,WHY_EUROPE,why,32,0,0,0,FALSE,NA,32,0,TRUE
1400,EUROPE,WHY_EUROPE,why,32,0,0,0,FALSE,NA,32,0,TRUE
1401,EUROPE,WHY_EUROPE,why,32,0,0,0,FALSE,NA,32,0,TRUE
1402,EUROPE,WHY_EUROPE,why,30,2,2,0.0625,TRUE,det_01_profits; det_04_added_value,32,0,TRUE
1403,EUROPE,WHY_EUROPE,why,32,0,0,0,FALSE,NA,32,0,TRUE
1404,EUROPE,WHY_EUROPE,why,32,0,0,0,FALSE,NA,32,0,TRUE
1405,EUROPE,WHY_EUROPE,why,32,0,0,0,FALSE,NA,32,0,TRUE
1406,EUROPE,WHY_EUROPE,why,32,0,0,0,FALSE,NA,32,0,TRUE
1407,EUROPE,WHY_EUROPE,why,32,0,0,0,FALSE,NA,32,0,TRUE
1408,EUROPE,WHY_EUROPE,why,32,0,0,0,FALSE,NA,32,0,TRUE
1409,EUROPE,WHY_EUROPE,why,32,0,0,0,FALSE,NA,32,0,TRUE
1410,EUROPE,WHY_EUROPE,why,31,1,1,0.03125,TRUE,det_02_credit_score,32,0,TRUE
1411,EUROPE,WHY_EUROPE,why,32,0,0,0,FALSE,NA,32,0,TRUE
1412,EUROPE,WHY_EUROPE,why,30,2,2,0.0625,TRUE,det_25_agreement; det_32_own_significance,32,0,TRUE
1413,EUROPE,WHY_EUROPE,why,31,1,1,0.03125,TRUE,det_23_support,32,0,TRUE
1414,EUROPE,WHY_EUROPE,why,32,0,0,0,FALSE,NA,32,0,TRUE
1415,EUROPE,WHY_EUROPE,why,32,0,0,0,FALSE,NA,32,0,TRUE
1416,EUROPE,WHY_EUROPE,why,32,0,0,0,FALSE,NA,32,0,TRUE
1417,EUROPE,WHY_EUROPE,why,32,0,0,0,FALSE,NA,32,0,TRUE
1418,EUROPE,WHY_EUROPE,why,32,0,0,0,FALSE,NA,32,0,TRUE
1419,EUROPE,WHY_EUROPE,why,32,0,0,0,FALSE,NA,32,0,TRUE
1420,EUROPE,WHY_EUROPE,why,32,0,0,0,FALSE,NA,32,0,TRUE
1421,EUROPE,WHY_EUROPE,why,32,0,0,0,FALSE,NA,32,0,TRUE
1422,EUROPE,WHY_EUROPE,why,32,0,0,0,FALSE,NA,32,0,TRUE
1423,EUROPE,WHY_EUROPE,why,32,0,0,0,FALSE,NA,32,0,TRUE
1424,EUROPE,WHY_EUROPE,why,32,0,0,0,FALSE,NA,32,0,TRUE
1425,EUROPE,WHY_EUROPE,why,31,1,1,0.03125,TRUE,det_13_technical_fit,32,0,TRUE
1426,EUROPE,WHY_EUROPE,why,32,0,0,0,FALSE,NA,32,0,TRUE
1427,EUROPE,WHY_EUROPE,why,32,0,0,0,FALSE,NA,32,0,TRUE
1428,EUROPE,WHY_EUROPE,why,32,0,0,0,FALSE,NA,32,0,TRUE
1429,EUROPE,WHY_EUROPE,why,31,1,1,0.03125,TRUE,det_19_wellbeing,32,0,TRUE
1430,EUROPE,WHY_EUROPE,why,32,0,0,0,FALSE,NA,32,0,TRUE
1431,EUROPE,WHY_EUROPE,why,32,0,0,0,FALSE,NA,32,0,TRUE
1432,EUROPE,WHY_EUROPE,why,29,3,3,0.09375,TRUE,det_09_safety; det_22_peer_pressure; det_26_novelty,32,0,TRUE
1433,EUROPE,WHY_EUROPE,why,32,0,0,0,FALSE,NA,32,0,TRUE
1434,EUROPE,WHY_EUROPE,why,32,0,0,0,FALSE,NA,32,0,TRUE
1435,EUROPE,WHY_EUROPE,why,32,0,0,0,FALSE,NA,32,0,TRUE
1436,EUROPE,WHY_EUROPE,why,32,0,0,0,FALSE,NA,32,0,TRUE
1437,EUROPE,WHY_EUROPE,why,32,0,0,0,FALSE,NA,32,0,TRUE
1438,EUROPE,WHY_EUROPE,why,29,3,3,0.09375,TRUE,det_07_legal; det_12_own_competence; det_25_agreement,32,0,TRUE
1439,EUROPE,WHY_EUROPE,why,32,0,0,0,FALSE,NA,32,0,TRUE
1440,EUROPE,WHY_EUROPE,why,32,0,0,0,FALSE,NA,32,0,TRUE
1441,EUROPE,WHY_EUROPE,why,31,1,1,0.03125,TRUE,det_31_approval,32,0,TRUE
1442,EUROPE,WHY_EUROPE,why,30,2,2,0.0625,TRUE,det_10_cost_efficiency; det_17_adherence,32,0,TRUE
1443,EUROPE,WHY_EUROPE,why,32,0,0,0,FALSE,NA,32,0,TRUE
1444,EUROPE,WHY_EUROPE,why,32,0,0,0,FALSE,NA,32,0,TRUE
1445,EUROPE,WHY_EUROPE,why,31,1,1,0.03125,TRUE,det_23_support,32,0,TRUE
1446,EUROPE,WHY_EUROPE,why,31,1,1,0.03125,TRUE,det_25_agreement,32,0,TRUE
1447,EUROPE,WHY_EUROPE,why,31,1,1,0.03125,TRUE,det_08_trust,32,0,TRUE
1448,EUROPE,WHY_EUROPE,why,32,0,0,0,FALSE,NA,32,0,TRUE
1449,EUROPE,WHY_EUROPE,why,32,0,0,0,FALSE,NA,32,0,TRUE
1450,EUROPE,WHY_EUROPE,why,32,0,0,0,FALSE,NA,32,0,TRUE
1451,EUROPE,WHY_EUROPE,why,32,0,0,0,FALSE,NA,32,0,TRUE
1452,EUROPE,WHY_EUROPE,why,32,0,0,0,FALSE,NA,32,0,TRUE
1453,EUROPE,WHY_EUROPE,why,32,0,0,0,FALSE,NA,32,0,TRUE
1454,EUROPE,WHY_EUROPE,why,32,0,0,0,FALSE,NA,32,0,TRUE
1455,EUROPE,WHY_EUROPE,why,32,0,0,0,FALSE,NA,32,0,TRUE
1456,EUROPE,WHY_EUROPE,why,32,0,0,0,FALSE,NA,32,0,TRUE
1457,EUROPE,WHY_EUROPE,why,32,0,0,0,FALSE,NA,32,0,TRUE
1458,EUROPE,WHY_EUROPE,why,10,22,0,0,FALSE,NA,10,22,FALSE
1459,EUROPE,WHY_EUROPE,why,32,0,0,0,FALSE,NA,32,0,TRUE
1460,EUROPE,WHY_EUROPE,why,32,0,0,0,FALSE,NA,32,0,TRUE
1461,EUROPE,WHY_EUROPE,why,32,0,0,0,FALSE,NA,32,0,TRUE
1462,EUROPE,WHY_EUROPE,why,32,0,0,0,FALSE,NA,32,0,TRUE
1463,EUROPE,WHY_EUROPE,why,29,3,3,0.09375,TRUE,det_04_added_value; det_12_own_competence; det_13_technical_fit,32,0,TRUE
1464,EUROPE,WHY_EUROPE,why,32,0,0,0,FALSE,NA,32,0,TRUE
1465,EUROPE,WHY_EUROPE,why,32,0,0,0,FALSE,NA,32,0,TRUE
1466,EUROPE,WHY_EUROPE,why,32,0,0,0,FALSE,NA,32,0,TRUE
1467,EUROPE,WHY_EUROPE,why,32,0,0,0,FALSE,NA,32,0,TRUE
1468,EUROPE,WHY_EUROPE,why,32,0,0,0,FALSE,NA,32,0,TRUE
1469,EUROPE,WHY_EUROPE,why,32,0,0,0,FALSE,NA,32,0,TRUE
1470,EUROPE,WHY_EUROPE,why,32,0,0,0,FALSE,NA,32,0,TRUE
1471,EUROPE,WHY_EUROPE,why,31,1,1,0.03125,TRUE,det_08_trust,32,0,TRUE
1472,EUROPE,WHY_EUROPE,why,32,0,0,0,FALSE,NA,32,0,TRUE
1473,EUROPE,WHY_EUROPE,why,31,1,1,0.03125,TRUE,det_16_commitment,32,0,TRUE
1474,EUROPE,WHY_EUROPE,why,32,0,0,0,FALSE,NA,32,0,TRUE
1475,EUROPE,WHY_EUROPE,why,32,0,0,0,FALSE,NA,32,0,TRUE
1476,EUROPE,WHY_EUROPE,why,32,0,0,0,FALSE,NA,32,0,TRUE
1477,EUROPE,WHY_EUROPE,why,32,0,0,0,FALSE,NA,32,0,TRUE
1478,EUROPE,WHY_EUROPE,why,32,0,0,0,FALSE,NA,32,0,TRUE
1479,EUROPE,WHY_EUROPE,why,32,0,0,0,FALSE,NA,32,0,TRUE
1480,EUROPE,WHY_EUROPE,why,32,0,0,0,FALSE,NA,32,0,TRUE
1481,EUROPE,WHY_EUROPE,why,32,0,0,0,FALSE,NA,32,0,TRUE
1482,EUROPE,WHY_EUROPE,why,32,0,0,0,FALSE,NA,32,0,TRUE
1483,EUROPE,WHY_EUROPE,why,32,0,0,0,FALSE,NA,32,0,TRUE
1484,EUROPE,WHY_EUROPE,why,32,0,0,0,FALSE,NA,32,0,TRUE
1485,EUROPE,WHY_EUROPE,why,27,5,5,0.15625,TRUE,det_01_profits; det_03_risk_profile; det_06_climate_protection; det_22_peer_pressure; det_29_trends,32,0,TRUE
1486,EUROPE,WHY_EUROPE,why,32,0,0,0,FALSE,NA,32,0,TRUE
1487,EUROPE,WHY_EUROPE,why,31,1,1,0.03125,TRUE,det_02_credit_score,32,0,TRUE
1488,EUROPE,WHY_EUROPE,why,31,1,1,0.03125,TRUE,det_32_own_significance,32,0,TRUE
1489,EUROPE,WHY_EUROPE,why,2,30,0,0,FALSE,NA,2,30,FALSE
1490,EUROPE,WHY_EUROPE,why,32,0,0,0,FALSE,NA,32,0,TRUE
1491,EUROPE,WHY_EUROPE,why,32,0,0,0,FALSE,NA,32,0,TRUE
1492,EUROPE,WHY_EUROPE,why,30,2,2,0.0625,TRUE,det_24_socialising; det_27_fun,32,0,TRUE
1493,EUROPE,WHY_EUROPE,why,32,0,0,0,FALSE,NA,32,0,TRUE
1494,EUROPE,WHY_EUROPE,why,32,0,0,0,FALSE,NA,32,0,TRUE
1495,EUROPE,WHY_EUROPE,why,32,0,0,0,FALSE,NA,32,0,TRUE
1496,EUROPE,WHY_EUROPE,why,32,0,0,0,FALSE,NA,32,0,TRUE
1497,EUROPE,WHY_EUROPE,why,32,0,0,0,FALSE,NA,32,0,TRUE
1498,EUROPE,WHY_EUROPE,why,32,0,0,0,FALSE,NA,32,0,TRUE
1499,EUROPE,WHY_EUROPE,why,32,0,0,0,FALSE,NA,32,0,TRUE
1500,EUROPE,WHY_EUROPE,why,32,0,0,0,FALSE,NA,32,0,TRUE
1501,EUROPE,WHY_EUROPE,why,32,0,0,0,FALSE,NA,32,0,TRUE
1502,EUROPE,WHY_EUROPE,why,32,0,0,0,FALSE,NA,32,0,TRUE
1503,EUROPE,WHY_EUROPE,why,32,0,0,0,FALSE,NA,32,0,TRUE
1504,EUROPE,WHY_EUROPE,why,32,0,0,0,FALSE,NA,32,0,TRUE
1505,EUROPE,WHY_EUROPE,why,32,0,0,0,FALSE,NA,32,0,TRUE
1506,EUROPE,WHY_EUROPE,why,32,0,0,0,FALSE,NA,32,0,TRUE
1507,EUROPE,WHY_EUROPE,why,32,0,0,0,FALSE,NA,32,0,TRUE
1508,EUROPE,WHY_EUROPE,why,32,0,0,0,FALSE,NA,32,0,TRUE
1509,EUROPE,WHY_EUROPE,why,31,1,1,0.03125,TRUE,det_23_support,32,0,TRUE
1510,EUROPE,WHY_EUROPE,why,31,1,1,0.03125,TRUE,det_02_credit_score,32,0,TRUE
1511,EUROPE,WHY_EUROPE,why,32,0,0,0,FALSE,NA,32,0,TRUE
1512,EUROPE,WHY_EUROPE,why,32,0,0,0,FALSE,NA,32,0,TRUE
1513,EUROPE,WHY_EUROPE,why,32,0,0,0,FALSE,NA,32,0,TRUE
1514,EUROPE,WHY_EUROPE,why,32,0,0,0,FALSE,NA,32,0,TRUE
1515,EUROPE,WHY_EUROPE,why,32,0,0,0,FALSE,NA,32,0,TRUE
1516,EUROPE,WHY_EUROPE,why,32,0,0,0,FALSE,NA,32,0,TRUE
1517,EUROPE,WHY_EUROPE,why,32,0,0,0,FALSE,NA,32,0,TRUE
1518,EUROPE,WHY_EUROPE,why,32,0,0,0,FALSE,NA,32,0,TRUE
1519,EUROPE,WHY_EUROPE,why,32,0,0,0,FALSE,NA,32,0,TRUE
1520,EUROPE,WHY_EUROPE,why,32,0,0,0,FALSE,NA,32,0,TRUE
1521,EUROPE,WHY_EUROPE,why,32,0,0,0,FALSE,NA,32,0,TRUE
1522,EUROPE,WHY_EUROPE,why,32,0,0,0,FALSE,NA,32,0,TRUE
1523,EUROPE,WHY_EUROPE,why,32,0,0,0,FALSE,NA,32,0,TRUE
1524,EUROPE,WHY_EUROPE,why,32,0,0,0,FALSE,NA,32,0,TRUE
1525,EUROPE,WHY_EUROPE,why,32,0,0,0,FALSE,NA,32,0,TRUE
1526,EUROPE,WHY_EUROPE,why,26,6,6,0.1875,TRUE,det_06_climate_protection; det_08_trust; det_13_technical_fit; det_19_wellbeing; det_21_rights_and_duties; det_23_support,32,0,TRUE
1527,EUROPE,WHY_EUROPE,why,32,0,0,0,FALSE,NA,32,0,TRUE
1528,EUROPE,WHY_EUROPE,why,28,4,4,0.125,TRUE,det_18_autonomy; det_20_coziness; det_21_rights_and_duties; det_27_fun,32,0,TRUE
1529,EUROPE,WHY_EUROPE,why,32,0,0,0,FALSE,NA,32,0,TRUE
1530,EUROPE,WHY_EUROPE,why,32,0,0,0,FALSE,NA,32,0,TRUE
1531,EUROPE,WHY_EUROPE,why,32,0,0,0,FALSE,NA,32,0,TRUE
1532,EUROPE,WHY_EUROPE,why,32,0,0,0,FALSE,NA,32,0,TRUE
1533,EUROPE,WHY_EUROPE,why,30,2,2,0.0625,TRUE,det_08_trust; det_12_own_competence,32,0,TRUE
1534,EUROPE,WHY_EUROPE,why,32,0,0,0,FALSE,NA,32,0,TRUE
1535,EUROPE,WHY_EUROPE,why,32,0,0,0,FALSE,NA,32,0,TRUE
1536,EUROPE,WHY_EUROPE,why,32,0,0,0,FALSE,NA,32,0,TRUE
1537,EUROPE,WHY_EUROPE,why,31,1,1,0.03125,TRUE,det_03_risk_profile,32,0,TRUE
1538,EUROPE,WHY_EUROPE,why,32,0,0,0,FALSE,NA,32,0,TRUE
1539,EUROPE,WHY_EUROPE,why,31,1,1,0.03125,TRUE,det_05_frugality,32,0,TRUE
1540,EUROPE,WHY_EUROPE,why,31,1,1,0.03125,TRUE,det_32_own_significance,32,0,TRUE
1541,EUROPE,WHY_EUROPE,why,32,0,0,0,FALSE,NA,32,0,TRUE
1542,EUROPE,WHY_EUROPE,why,32,0,0,0,FALSE,NA,32,0,TRUE
1543,EUROPE,WHY_EUROPE,why,32,0,0,0,FALSE,NA,32,0,TRUE
1544,EUROPE,WHY_EUROPE,why,32,0,0,0,FALSE,NA,32,0,TRUE
1545,EUROPE,WHY_EUROPE,why,32,0,0,0,FALSE,NA,32,0,TRUE
1546,EUROPE,WHY_EUROPE,why,31,1,1,0.03125,TRUE,det_20_coziness,32,0,TRUE
1547,EUROPE,WHY_EUROPE,why,30,2,2,0.0625,TRUE,det_13_technical_fit; det_16_commitment,32,0,TRUE
1548,EUROPE,WHY_EUROPE,why,32,0,0,0,FALSE,NA,32,0,TRUE
1549,EUROPE,WHY_EUROPE,why,0,32,0,0,FALSE,NA,0,32,FALSE
1550,EUROPE,WHY_EUROPE,why,32,0,0,0,FALSE,NA,32,0,TRUE
1551,EUROPE,WHY_EUROPE,why,31,1,1,0.03125,TRUE,det_06_climate_protection,32,0,TRUE
1552,EUROPE,WHY_EUROPE,why,32,0,0,0,FALSE,NA,32,0,TRUE
1553,EUROPE,WHY_EUROPE,why,32,0,0,0,FALSE,NA,32,0,TRUE
1554,EUROPE,WHY_EUROPE,why,32,0,0,0,FALSE,NA,32,0,TRUE
1555,EUROPE,WHY_EUROPE,why,32,0,0,0,FALSE,NA,32,0,TRUE
1556,EUROPE,WHY_EUROPE,why,32,0,0,0,FALSE,NA,32,0,TRUE
1557,EUROPE,WHY_EUROPE,why,32,0,0,0,FALSE,NA,32,0,TRUE
1558,EUROPE,WHY_EUROPE,why,32,0,0,0,FALSE,NA,32,0,TRUE
1559,EUROPE,WHY_EUROPE,why,31,1,1,0.03125,TRUE,det_01_profits,32,0,TRUE
1560,EUROPE,WHY_EUROPE,why,32,0,0,0,FALSE,NA,32,0,TRUE
1561,EUROPE,WHY_EUROPE,why,32,0,0,0,FALSE,NA,32,0,TRUE
1562,EUROPE,WHY_EUROPE,why,32,0,0,0,FALSE,NA,32,0,TRUE
1563,EUROPE,WHY_EUROPE,why,32,0,0,0,FALSE,NA,32,0,TRUE
1564,EUROPE,WHY_EUROPE,why,32,0,0,0,FALSE,NA,32,0,TRUE
1565,EUROPE,WHY_EUROPE,why,32,0,0,0,FALSE,NA,32,0,TRUE
1566,EUROPE,WHY_EUROPE,why,32,0,0,0,FALSE,NA,32,0,TRUE
1567,EUROPE,WHY_EUROPE,why,32,0,0,0,FALSE,NA,32,0,TRUE
1568,EUROPE,WHY_EUROPE,why,32,0,0,0,FALSE,NA,32,0,TRUE
1569,EUROPE,WHY_EUROPE,why,32,0,0,0,FALSE,NA,32,0,TRUE
1570,EUROPE,WHY_EUROPE,why,32,0,0,0,FALSE,NA,32,0,TRUE
1571,EUROPE,WHY_EUROPE,why,32,0,0,0,FALSE,NA,32,0,TRUE
1572,EUROPE,WHY_EUROPE,why,32,0,0,0,FALSE,NA,32,0,TRUE
1573,EUROPE,WHY_EUROPE,why,32,0,0,0,FALSE,NA,32,0,TRUE
1574,EUROPE,WHY_EUROPE,why,32,0,0,0,FALSE,NA,32,0,TRUE
1575,EUROPE,WHY_EUROPE,why,32,0,0,0,FALSE,NA,32,0,TRUE
1576,EUROPE,WHY_EUROPE,why,32,0,0,0,FALSE,NA,32,0,TRUE
1577,EUROPE,WHY_EUROPE,why,30,2,2,0.0625,TRUE,det_06_climate_protection; det_18_autonomy,32,0,TRUE
1578,EUROPE,WHY_EUROPE,why,31,1,1,0.03125,TRUE,det_07_legal,32,0,TRUE
1579,EUROPE,WHY_EUROPE,why,32,0,0,0,FALSE,NA,32,0,TRUE
1580,EUROPE,WHY_EUROPE,why,32,0,0,0,FALSE,NA,32,0,TRUE
1581,EUROPE,WHY_EUROPE,why,31,1,1,0.03125,TRUE,det_32_own_significance,32,0,TRUE
1582,EUROPE,WHY_EUROPE,why,32,0,0,0,FALSE,NA,32,0,TRUE
1583,EUROPE,WHY_EUROPE,why,32,0,0,0,FALSE,NA,32,0,TRUE
1584,EUROPE,WHY_EUROPE,why,32,0,0,0,FALSE,NA,32,0,TRUE
1585,EUROPE,WHY_EUROPE,why,32,0,0,0,FALSE,NA,32,0,TRUE
1586,EUROPE,WHY_EUROPE,why,32,0,0,0,FALSE,NA,32,0,TRUE
1587,EUROPE,WHY_EUROPE,why,30,2,2,0.0625,TRUE,det_25_agreement; det_31_approval,32,0,TRUE
1588,EUROPE,WHY_EUROPE,why,32,0,0,0,FALSE,NA,32,0,TRUE
1589,EUROPE,WHY_EUROPE,why,32,0,0,0,FALSE,NA,32,0,TRUE
1590,EUROPE,WHY_EUROPE,why,32,0,0,0,FALSE,NA,32,0,TRUE
1591,EUROPE,WHY_EUROPE,why,32,0,0,0,FALSE,NA,32,0,TRUE
1592,EUROPE,WHY_EUROPE,why,32,0,0,0,FALSE,NA,32,0,TRUE
1593,EUROPE,WHY_EUROPE,why,32,0,0,0,FALSE,NA,32,0,TRUE
1594,EUROPE,WHY_EUROPE,why,32,0,0,0,FALSE,NA,32,0,TRUE
1595,EUROPE,WHY_EUROPE,why,31,1,1,0.03125,TRUE,det_21_rights_and_duties,32,0,TRUE
1596,EUROPE,WHY_EUROPE,why,32,0,0,0,FALSE,NA,32,0,TRUE
1597,EUROPE,WHY_EUROPE,why,28,4,4,0.125,TRUE,det_06_climate_protection; det_25_agreement; det_26_novelty; det_32_own_significance,32,0,TRUE
1598,EUROPE,WHY_EUROPE,why,32,0,0,0,FALSE,NA,32,0,TRUE
1599,EUROPE,WHY_EUROPE,why,31,1,1,0.03125,TRUE,det_19_wellbeing,32,0,TRUE
1600,EUROPE,WHY_EUROPE,why,31,1,1,0.03125,TRUE,det_02_credit_score,32,0,TRUE
1601,EUROPE,WHY_EUROPE,why,32,0,0,0,FALSE,NA,32,0,TRUE
1602,EUROPE,WHY_EUROPE,why,32,0,0,0,FALSE,NA,32,0,TRUE
1603,EUROPE,WHY_EUROPE,why,30,2,2,0.0625,TRUE,det_16_commitment; det_20_coziness,32,0,TRUE
1604,EUROPE,WHY_EUROPE,why,32,0,0,0,FALSE,NA,32,0,TRUE
1605,EUROPE,WHY_EUROPE,why,32,0,0,0,FALSE,NA,32,0,TRUE
1606,EUROPE,WHY_EUROPE,why,32,0,0,0,FALSE,NA,32,0,TRUE
1607,EUROPE,WHY_EUROPE,why,32,0,0,0,FALSE,NA,32,0,TRUE
1608,EUROPE,WHY_EUROPE,why,32,0,0,0,FALSE,NA,32,0,TRUE
1609,EUROPE,WHY_EUROPE,why,32,0,0,0,FALSE,NA,32,0,FALSE
1610,EUROPE,WHY_EUROPE,why,32,0,0,0,FALSE,NA,32,0,TRUE
1611,EUROPE,WHY_EUROPE,why,32,0,0,0,FALSE,NA,32,0,TRUE
1612,EUROPE,WHY_EUROPE,why,32,0,0,0,FALSE,NA,32,0,TRUE
1613,EUROPE,WHY_EUROPE,why,32,0,0,0,FALSE,NA,32,0,TRUE
1614,EUROPE,WHY_EUROPE,why,32,0,0,0,FALSE,NA,32,0,TRUE
1615,EUROPE,WHY_EUROPE,why,32,0,0,0,FALSE,NA,32,0,TRUE
1616,EUROPE,WHY_EUROPE,why,32,0,0,0,FALSE,NA,32,0,TRUE
1617,EUROPE,WHY_EUROPE,why,32,0,0,0,FALSE,NA,32,0,TRUE
1618,EUROPE,WHY_EUROPE,why,32,0,0,0,FALSE,NA,32,0,TRUE
1619,EUROPE,WHY_EUROPE,why,31,1,1,0.03125,TRUE,det_21_rights_and_duties,32,0,TRUE
1620,EUROPE,WHY_EUROPE,why,32,0,0,0,FALSE,NA,32,0,TRUE
1621,EUROPE,WHY_EUROPE,why,32,0,0,0,FALSE,NA,32,0,TRUE
1622,EUROPE,WHY_EUROPE,why,32,0,0,0,FALSE,NA,32,0,TRUE
1623,EUROPE,WHY_EUROPE,why,32,0,0,0,FALSE,NA,32,0,TRUE
1624,EUROPE,WHY_EUROPE,why,32,0,0,0,FALSE,NA,32,0,TRUE
1625,EUROPE,WHY_EUROPE,why,32,0,0,0,FALSE,NA,32,0,TRUE
1626,EUROPE,WHY_EUROPE,why,32,0,0,0,FALSE,NA,32,0,TRUE
1627,EUROPE,WHY_EUROPE,why,32,0,0,0,FALSE,NA,32,0,TRUE
1628,EUROPE,WHY_EUROPE,why,32,0,0,0,FALSE,NA,32,0,TRUE
1629,EUROPE,WHY_EUROPE,why,32,0,0,0,FALSE,NA,32,0,TRUE
1630,EUROPE,WHY_EUROPE,why,32,0,0,0,FALSE,NA,32,0,TRUE
1631,EUROPE,WHY_EUROPE,why,32,0,0,0,FALSE,NA,32,0,TRUE
1632,EUROPE,WHY_EUROPE,why,32,0,0,0,FALSE,NA,32,0,TRUE
1633,EUROPE,WHY_EUROPE,why,32,0,0,0,FALSE,NA,32,0,TRUE
1634,EUROPE,WHY_EUROPE,why,32,0,0,0,FALSE,NA,32,0,TRUE
1635,EUROPE,WHY_EUROPE,why,32,0,0,0,FALSE,NA,32,0,TRUE
1636,EUROPE,WHY_EUROPE,why,32,0,0,0,FALSE,NA,32,0,TRUE
1637,EUROPE,WHY_EUROPE,why,32,0,0,0,FALSE,NA,32,0,TRUE
1638,EUROPE,WHY_EUROPE,why,32,0,0,0,FALSE,NA,32,0,TRUE
1639,EUROPE,WHY_EUROPE,why,32,0,0,0,FALSE,NA,32,0,TRUE
1640,EUROPE,WHY_EUROPE,why,32,0,0,0,FALSE,NA,32,0,TRUE
1641,EUROPE,WHY_EUROPE,why,28,4,4,0.125,TRUE,det_05_frugality; det_14_environmental_concerns; det_16_commitment; det_18_autonomy,32,0,TRUE
1642,EUROPE,WHY_EUROPE,why,32,0,0,0,FALSE,NA,32,0,TRUE
1643,EUROPE,WHY_EUROPE,why,32,0,0,0,FALSE,NA,32,0,TRUE
1644,EUROPE,WHY_EUROPE,why,32,0,0,0,FALSE,NA,32,0,TRUE
1645,EUROPE,WHY_EUROPE,why,32,0,0,0,FALSE,NA,32,0,TRUE
1646,EUROPE,WHY_EUROPE,why,32,0,0,0,FALSE,NA,32,0,TRUE
1647,EUROPE,WHY_EUROPE,why,28,4,4,0.125,TRUE,det_03_risk_profile; det_09_safety; det_19_wellbeing; det_22_peer_pressure,32,0,TRUE
1648,EUROPE,WHY_EUROPE,why,32,0,0,0,FALSE,NA,32,0,TRUE
1649,EUROPE,WHY_EUROPE,why,31,1,1,0.03125,TRUE,det_30_authority,32,0,TRUE
1650,EUROPE,WHY_EUROPE,why,32,0,0,0,FALSE,NA,32,0,TRUE
1651,EUROPE,WHY_EUROPE,why,32,0,0,0,FALSE,NA,32,0,TRUE
1652,EUROPE,WHY_EUROPE,why,32,0,0,0,FALSE,NA,32,0,TRUE
1653,EUROPE,WHY_EUROPE,why,32,0,0,0,FALSE,NA,32,0,TRUE
1654,EUROPE,WHY_EUROPE,why,32,0,0,0,FALSE,NA,32,0,TRUE
1655,EUROPE,WHY_EUROPE,why,32,0,0,0,FALSE,NA,32,0,TRUE
1656,EUROPE,WHY_EUROPE,why,32,0,0,0,FALSE,NA,32,0,TRUE
1657,EUROPE,WHY_EUROPE,why,32,0,0,0,FALSE,NA,32,0,TRUE
1658,EUROPE,WHY_EUROPE,why,32,0,0,0,FALSE,NA,32,0,TRUE
1659,EUROPE,WHY_EUROPE,why,32,0,0,0,FALSE,NA,32,0,TRUE
1660,EUROPE,WHY_EUROPE,why,32,0,0,0,FALSE,NA,32,0,TRUE
1661,EUROPE,WHY_EUROPE,why,32,0,0,0,FALSE,NA,32,0,TRUE
1662,EUROPE,WHY_EUROPE,why,32,0,0,0,FALSE,NA,32,0,TRUE
1663,EUROPE,WHY_EUROPE,why,32,0,0,0,FALSE,NA,32,0,TRUE
1664,EUROPE,WHY_EUROPE,why,0,32,0,0,FALSE,NA,0,32,FALSE
1665,EUROPE,WHY_EUROPE,why,32,0,0,0,FALSE,NA,32,0,TRUE
1666,EUROPE,WHY_EUROPE,why,32,0,0,0,FALSE,NA,32,0,TRUE
1667,EUROPE,WHY_EUROPE,why,32,0,0,0,FALSE,NA,32,0,TRUE
1668,EUROPE,WHY_EUROPE,why,32,0,0,0,FALSE,NA,32,0,TRUE
1669,EUROPE,WHY_EUROPE,why,31,1,1,0.03125,TRUE,det_05_frugality,32,0,TRUE
1670,EUROPE,WHY_EUROPE,why,32,0,0,0,FALSE,NA,32,0,TRUE
1671,EUROPE,WHY_EUROPE,why,32,0,0,0,FALSE,NA,32,0,TRUE
1672,EUROPE,WHY_EUROPE,why,30,2,2,0.0625,TRUE,det_03_risk_profile; det_04_added_value,32,0,TRUE
1673,EUROPE,WHY_EUROPE,why,32,0,0,0,FALSE,NA,32,0,TRUE
1674,EUROPE,WHY_EUROPE,why,32,0,0,0,FALSE,NA,32,0,TRUE
1675,EUROPE,WHY_EUROPE,why,31,1,1,0.03125,TRUE,det_05_frugality,32,0,TRUE
1676,EUROPE,WHY_EUROPE,why,32,0,0,0,FALSE,NA,32,0,TRUE
1677,EUROPE,WHY_EUROPE,why,32,0,0,0,FALSE,NA,32,0,TRUE
1678,EUROPE,WHY_EUROPE,why,30,2,2,0.0625,TRUE,det_16_commitment; det_17_adherence,32,0,TRUE
1679,EUROPE,WHY_EUROPE,why,32,0,0,0,FALSE,NA,32,0,TRUE
1680,EUROPE,WHY_EUROPE,why,32,0,0,0,FALSE,NA,32,0,TRUE
1681,EUROPE,WHY_EUROPE,why,30,2,2,0.0625,TRUE,det_08_trust; det_17_adherence,32,0,TRUE
1682,EUROPE,WHY_EUROPE,why,31,1,1,0.03125,TRUE,det_12_own_competence,32,0,TRUE
1683,EUROPE,WHY_EUROPE,why,32,0,0,0,FALSE,NA,32,0,TRUE
1684,EUROPE,WHY_EUROPE,why,32,0,0,0,FALSE,NA,32,0,TRUE
1685,EUROPE,WHY_EUROPE,why,32,0,0,0,FALSE,NA,32,0,TRUE
1686,EUROPE,WHY_EUROPE,why,32,0,0,0,FALSE,NA,32,0,TRUE
1687,EUROPE,WHY_EUROPE,why,32,0,0,0,FALSE,NA,32,0,TRUE
1688,EUROPE,WHY_EUROPE,why,32,0,0,0,FALSE,NA,32,0,TRUE
1689,EUROPE,WHY_EUROPE,why,30,2,2,0.0625,TRUE,det_16_commitment; det_24_socialising,32,0,TRUE
1690,EUROPE,WHY_EUROPE,why,28,4,4,0.125,TRUE,det_06_climate_protection; det_20_coziness; det_30_authority; det_32_own_significance,32,0,TRUE
1691,EUROPE,WHY_EUROPE,why,31,1,1,0.03125,TRUE,det_17_adherence,32,0,TRUE
1692,EUROPE,WHY_EUROPE,why,32,0,0,0,FALSE,NA,32,0,TRUE
1693,EUROPE,WHY_EUROPE,why,31,1,1,0.03125,TRUE,det_01_profits,32,0,TRUE
1694,EUROPE,WHY_EUROPE,why,32,0,0,0,FALSE,NA,32,0,TRUE
1695,EUROPE,WHY_EUROPE,why,32,0,0,0,FALSE,NA,32,0,TRUE
1696,EUROPE,WHY_EUROPE,why,28,4,4,0.125,TRUE,det_07_legal; det_12_own_competence; det_21_rights_and_duties; det_32_own_significance,32,0,TRUE
1697,EUROPE,WHY_EUROPE,why,32,0,0,0,FALSE,NA,32,0,TRUE
1698,EUROPE,WHY_EUROPE,why,32,0,0,0,FALSE,NA,32,0,TRUE
1699,EUROPE,WHY_EUROPE,why,32,0,0,0,FALSE,NA,32,0,TRUE
1700,EUROPE,WHY_EUROPE,why,32,0,0,0,FALSE,NA,32,0,TRUE
1701,EUROPE,WHY_EUROPE,why,32,0,0,0,FALSE,NA,32,0,TRUE
1702,EUROPE,WHY_EUROPE,why,32,0,0,0,FALSE,NA,32,0,TRUE
1703,EUROPE,WHY_EUROPE,why,32,0,0,0,FALSE,NA,32,0,TRUE
1704,EUROPE,WHY_EUROPE,why,32,0,0,0,FALSE,NA,32,0,TRUE
1705,EUROPE,WHY_EUROPE,why,32,0,0,0,FALSE,NA,32,0,TRUE
1706,EUROPE,WHY_EUROPE,why,32,0,0,0,FALSE,NA,32,0,TRUE
1707,EUROPE,WHY_EUROPE,why,32,0,0,0,FALSE,NA,32,0,TRUE
1708,EUROPE,WHY_EUROPE,why,32,0,0,0,FALSE,NA,32,0,TRUE
1709,EUROPE,WHY_EUROPE,why,32,0,0,0,FALSE,NA,32,0,TRUE
1710,EUROPE,WHY_EUROPE,why,31,1,1,0.03125,TRUE,det_30_authority,32,0,TRUE
1711,EUROPE,WHY_EUROPE,why,31,1,1,0.03125,TRUE,det_10_cost_efficiency,32,0,TRUE
1712,EUROPE,WHY_EUROPE,why,30,2,2,0.0625,TRUE,det_29_trends; det_31_approval,32,0,TRUE
1713,EUROPE,WHY_EUROPE,why,32,0,0,0,FALSE,NA,32,0,TRUE
1714,EUROPE,WHY_EUROPE,why,31,1,1,0.03125,TRUE,det_03_risk_profile,32,0,TRUE
1715,EUROPE,WHY_EUROPE,why,32,0,0,0,FALSE,NA,32,0,TRUE
1716,EUROPE,WHY_EUROPE,why,32,0,0,0,FALSE,NA,32,0,TRUE
1717,EUROPE,WHY_EUROPE,why,32,0,0,0,FALSE,NA,32,0,TRUE
1718,EUROPE,WHY_EUROPE,why,31,1,1,0.03125,TRUE,det_26_novelty,32,0,TRUE
1719,EUROPE,WHY_EUROPE,why,32,0,0,0,FALSE,NA,32,0,TRUE
1720,EUROPE,WHY_EUROPE,why,31,1,1,0.03125,TRUE,det_14_environmental_concerns,32,0,TRUE
1721,EUROPE,WHY_EUROPE,why,31,1,1,0.03125,TRUE,det_32_own_significance,32,0,TRUE
1722,EUROPE,WHY_EUROPE,why,32,0,0,0,FALSE,NA,32,0,TRUE
1723,EUROPE,WHY_EUROPE,why,26,6,6,0.1875,TRUE,det_04_added_value; det_11_knowledge; det_12_own_competence; det_15_self_satisfaction; det_18_autonomy; det_27_fun,32,0,TRUE
1724,EUROPE,WHY_EUROPE,why,32,0,0,0,FALSE,NA,32,0,TRUE
1725,EUROPE,WHY_EUROPE,why,32,0,0,0,FALSE,NA,32,0,TRUE
1726,EUROPE,WHY_EUROPE,why,32,0,0,0,FALSE,NA,32,0,TRUE
1727,EUROPE,WHY_EUROPE,why,32,0,0,0,FALSE,NA,32,0,TRUE
1728,EUROPE,WHY_EUROPE,why,32,0,0,0,FALSE,NA,32,0,TRUE
1729,EUROPE,WHY_EUROPE,why,32,0,0,0,FALSE,NA,32,0,TRUE
1730,EUROPE,WHY_EUROPE,why,31,1,1,0.03125,TRUE,det_27_fun,32,0,TRUE
1731,EUROPE,WHY_EUROPE,why,32,0,0,0,FALSE,NA,32,0,TRUE
1732,EUROPE,WHY_EUROPE,why,32,0,0,0,FALSE,NA,32,0,TRUE
1733,EUROPE,WHY_EUROPE,why,32,0,0,0,FALSE,NA,32,0,TRUE
1734,EUROPE,WHY_EUROPE,why,32,0,0,0,FALSE,NA,32,0,TRUE
1735,EUROPE,WHY_EUROPE,why,32,0,0,0,FALSE,NA,32,0,TRUE
1736,EUROPE,WHY_EUROPE,why,32,0,0,0,FALSE,NA,32,0,TRUE
1737,EUROPE,WHY_EUROPE,why,32,0,0,0,FALSE,NA,32,0,TRUE
1738,EUROPE,WHY_EUROPE,why,32,0,0,0,FALSE,NA,32,0,TRUE
1739,EUROPE,WHY_EUROPE,why,32,0,0,0,FALSE,NA,32,0,TRUE
1740,EUROPE,WHY_EUROPE,why,32,0,0,0,FALSE,NA,32,0,TRUE
1741,EUROPE,WHY_EUROPE,why,32,0,0,0,FALSE,NA,32,0,TRUE
1742,EUROPE,WHY_EUROPE,why,32,0,0,0,FALSE,NA,32,0,TRUE
1743,EUROPE,WHY_EUROPE,why,32,0,0,0,FALSE,NA,32,0,TRUE
1744,EUROPE,WHY_EUROPE,why,32,0,0,0,FALSE,NA,32,0,TRUE
1745,EUROPE,WHY_EUROPE,why,32,0,0,0,FALSE,NA,32,0,TRUE
1746,EUROPE,WHY_EUROPE,why,32,0,0,0,FALSE,NA,32,0,TRUE
1747,EUROPE,WHY_EUROPE,why,32,0,0,0,FALSE,NA,32,0,TRUE
1748,EUROPE,WHY_EUROPE,why,32,0,0,0,FALSE,NA,32,0,TRUE
1749,EUROPE,WHY_EUROPE,why,32,0,0,0,FALSE,NA,32,0,TRUE
1750,EUROPE,WHY_EUROPE,why,32,0,0,0,FALSE,NA,32,0,TRUE
1751,EUROPE,WHY_EUROPE,why,30,2,2,0.0625,TRUE,det_22_peer_pressure; det_27_fun,32,0,TRUE
1752,EUROPE,WHY_EUROPE,why,32,0,0,0,FALSE,NA,32,0,TRUE
1753,EUROPE,WHY_EUROPE,why,30,2,2,0.0625,TRUE,det_15_self_satisfaction; det_30_authority,32,0,TRUE
1754,EUROPE,WHY_EUROPE,why,32,0,0,0,FALSE,NA,32,0,TRUE
1755,EUROPE,WHY_EUROPE,why,32,0,0,0,FALSE,NA,32,0,TRUE
1756,EUROPE,WHY_EUROPE,why,32,0,0,0,FALSE,NA,32,0,TRUE
1757,EUROPE,WHY_EUROPE,why,32,0,0,0,FALSE,NA,32,0,TRUE
1758,EUROPE,WHY_EUROPE,why,32,0,0,0,FALSE,NA,32,0,TRUE
1759,EUROPE,WHY_EUROPE,why,32,0,0,0,FALSE,NA,32,0,TRUE
1760,EUROPE,WHY_EUROPE,why,32,0,0,0,FALSE,NA,32,0,TRUE
1761,EUROPE,WHY_EUROPE,why,32,0,0,0,FALSE,NA,32,0,TRUE
1762,EUROPE,WHY_EUROPE,why,31,1,1,0.03125,TRUE,det_17_adherence,32,0,TRUE
1763,EUROPE,WHY_EUROPE,why,32,0,0,0,FALSE,NA,32,0,TRUE
1764,EUROPE,WHY_EUROPE,why,32,0,0,0,FALSE,NA,32,0,TRUE
1765,EUROPE,WHY_EUROPE,why,32,0,0,0,FALSE,NA,32,0,TRUE
1766,EUROPE,WHY_EUROPE,why,32,0,0,0,FALSE,NA,32,0,TRUE
1767,EUROPE,WHY_EUROPE,why,32,0,0,0,FALSE,NA,32,0,TRUE
1768,EUROPE,WHY_EUROPE,why,32,0,0,0,FALSE,NA,32,0,TRUE
1769,EUROPE,WHY_EUROPE,why,32,0,0,0,FALSE,NA,32,0,TRUE
1770,EUROPE,WHY_EUROPE,why,32,0,0,0,FALSE,NA,32,0,TRUE
1771,EUROPE,WHY_EUROPE,why,32,0,0,0,FALSE,NA,32,0,TRUE
1772,EUROPE,WHY_EUROPE,why,32,0,0,0,FALSE,NA,32,0,TRUE
1773,EUROPE,WHY_EUROPE,why,30,2,2,0.0625,TRUE,det_10_cost_efficiency; det_18_autonomy,32,0,TRUE
1774,EUROPE,WHY_EUROPE,why,32,0,0,0,FALSE,NA,32,0,TRUE
1775,EUROPE,WHY_EUROPE,why,32,0,0,0,FALSE,NA,32,0,TRUE
1776,EUROPE,WHY_EUROPE,why,32,0,0,0,FALSE,NA,32,0,TRUE
1777,EUROPE,WHY_EUROPE,why,32,0,0,0,FALSE,NA,32,0,TRUE
1778,EUROPE,WHY_EUROPE,why,31,1,1,0.03125,TRUE,det_25_agreement,32,0,TRUE
1779,EUROPE,WHY_EUROPE,why,31,1,1,0.03125,TRUE,det_04_added_value,32,0,TRUE
1780,EUROPE,WHY_EUROPE,why,32,0,0,0,FALSE,NA,32,0,TRUE
1781,EUROPE,WHY_EUROPE,why,32,0,0,0,FALSE,NA,32,0,TRUE
1782,EUROPE,WHY_EUROPE,why,32,0,0,0,FALSE,NA,32,0,TRUE
1783,EUROPE,WHY_EUROPE,why,32,0,0,0,FALSE,NA,32,0,TRUE
1784,EUROPE,WHY_EUROPE,why,32,0,0,0,FALSE,NA,32,0,TRUE
1785,EUROPE,WHY_EUROPE,why,32,0,0,0,FALSE,NA,32,0,TRUE
1786,EUROPE,WHY_EUROPE,why,32,0,0,0,FALSE,NA,32,0,TRUE
1787,EUROPE,WHY_EUROPE,why,30,2,2,0.0625,TRUE,det_05_frugality; det_06_climate_protection,32,0,TRUE
1788,EUROPE,WHY_EUROPE,why,32,0,0,0,FALSE,NA,32,0,TRUE
1789,EUROPE,WHY_EUROPE,why,32,0,0,0,FALSE,NA,32,0,TRUE
1790,EUROPE,WHY_EUROPE,why,32,0,0,0,FALSE,NA,32,0,TRUE
1791,EUROPE,WHY_EUROPE,why,32,0,0,0,FALSE,NA,32,0,TRUE
1792,EUROPE,WHY_EUROPE,why,2,30,0,0,FALSE,NA,2,30,FALSE
1793,EUROPE,WHY_EUROPE,why,32,0,0,0,FALSE,NA,32,0,TRUE
1794,EUROPE,WHY_EUROPE,why,32,0,0,0,FALSE,NA,32,0,TRUE
1795,EUROPE,WHY_EUROPE,why,32,0,0,0,FALSE,NA,32,0,TRUE
1796,EUROPE,WHY_EUROPE,why,32,0,0,0,FALSE,NA,32,0,TRUE
1797,EUROPE,WHY_EUROPE,why,32,0,0,0,FALSE,NA,32,0,TRUE
1798,EUROPE,WHY_EUROPE,why,32,0,0,0,FALSE,NA,32,0,TRUE
1799,EUROPE,WHY_EUROPE,why,32,0,0,0,FALSE,NA,32,0,TRUE
1800,EUROPE,WHY_EUROPE,why,31,1,1,0.03125,TRUE,det_18_autonomy,32,0,TRUE
1801,EUROPE,WHY_EUROPE,why,32,0,0,0,FALSE,NA,32,0,TRUE
1802,EUROPE,WHY_EUROPE,why,30,2,2,0.0625,TRUE,det_02_credit_score; det_29_trends,32,0,TRUE
1803,EUROPE,WHY_EUROPE,why,32,0,0,0,FALSE,NA,32,0,TRUE
1804,EUROPE,WHY_EUROPE,why,31,1,1,0.03125,TRUE,det_08_trust,32,0,TRUE
1805,EUROPE,WHY_EUROPE,why,14,18,0,0,FALSE,NA,14,18,FALSE
1806,EUROPE,WHY_EUROPE,why,32,0,0,0,FALSE,NA,32,0,TRUE
1807,EUROPE,WHY_EUROPE,why,32,0,0,0,FALSE,NA,32,0,TRUE
1808,EUROPE,WHY_EUROPE,why,32,0,0,0,FALSE,NA,32,0,TRUE
1809,EUROPE,WHY_EUROPE,why,32,0,0,0,FALSE,NA,32,0,TRUE
1810,EUROPE,WHY_EUROPE,why,32,0,0,0,FALSE,NA,32,0,TRUE
1811,EUROPE,WHY_EUROPE,why,32,0,0,0,FALSE,NA,32,0,TRUE
1812,EUROPE,WHY_EUROPE,why,32,0,0,0,FALSE,NA,32,0,TRUE
1813,EUROPE,WHY_EUROPE,why,32,0,0,0,FALSE,NA,32,0,TRUE
1814,EUROPE,WHY_EUROPE,why,0,32,0,0,FALSE,NA,0,32,FALSE
1815,EUROPE,WHY_EUROPE,why,32,0,0,0,FALSE,NA,32,0,TRUE
1816,EUROPE,WHY_EUROPE,why,32,0,0,0,FALSE,NA,32,0,TRUE
1817,EUROPE,WHY_EUROPE,why,32,0,0,0,FALSE,NA,32,0,TRUE
1818,EUROPE,WHY_EUROPE,why,32,0,0,0,FALSE,NA,32,0,TRUE
1819,EUROPE,WHY_EUROPE,why,32,0,0,0,FALSE,NA,32,0,TRUE
1820,EUROPE,WHY_EUROPE,why,30,2,2,0.0625,TRUE,det_14_environmental_concerns; det_27_fun,32,0,TRUE
1821,EUROPE,WHY_EUROPE,why,32,0,0,0,FALSE,NA,32,0,TRUE
1822,EUROPE,WHY_EUROPE,why,32,0,0,0,FALSE,NA,32,0,TRUE
1823,EUROPE,WHY_EUROPE,why,32,0,0,0,FALSE,NA,32,0,TRUE
1824,EUROPE,WHY_EUROPE,why,32,0,0,0,FALSE,NA,32,0,TRUE
1825,EUROPE,WHY_EUROPE,why,32,0,0,0,FALSE,NA,32,0,TRUE
1826,EUROPE,WHY_EUROPE,why,32,0,0,0,FALSE,NA,32,0,TRUE
1827,EUROPE,WHY_EUROPE,why,32,0,0,0,FALSE,NA,32,0,TRUE
1828,EUROPE,WHY_EUROPE,why,32,0,0,0,FALSE,NA,32,0,TRUE
1829,EUROPE,WHY_EUROPE,why,32,0,0,0,FALSE,NA,32,0,TRUE
1830,EUROPE,WHY_EUROPE,why,32,0,0,0,FALSE,NA,32,0,TRUE
1831,EUROPE,WHY_EUROPE,why,32,0,0,0,FALSE,NA,32,0,TRUE
1832,EUROPE,WHY_EUROPE,why,32,0,0,0,FALSE,NA,32,0,TRUE
1833,EUROPE,WHY_EUROPE,why,32,0,0,0,FALSE,NA,32,0,TRUE
1834,EUROPE,WHY_EUROPE,why,32,0,0,0,FALSE,NA,32,0,TRUE
1835,EUROPE,WHY_EUROPE,why,31,1,1,0.03125,TRUE,det_23_support,32,0,TRUE
1836,EUROPE,WHY_EUROPE,why,32,0,0,0,FALSE,NA,32,0,TRUE
1837,EUROPE,WHY_EUROPE,why,32,0,0,0,FALSE,NA,32,0,TRUE
1838,EUROPE,WHY_EUROPE,why,32,0,0,0,FALSE,NA,32,0,TRUE
1839,EUROPE,WHY_EUROPE,why,32,0,0,0,FALSE,NA,32,0,TRUE
1840,EUROPE,WHY_EUROPE,why,32,0,0,0,FALSE,NA,32,0,TRUE
1841,EUROPE,WHY_EUROPE,why,30,2,2,0.0625,TRUE,det_08_trust; det_26_novelty,32,0,TRUE
1842,EUROPE,WHY_EUROPE,why,32,0,0,0,FALSE,NA,32,0,TRUE
1843,EUROPE,WHY_EUROPE,why,32,0,0,0,FALSE,NA,32,0,TRUE
1844,EUROPE,WHY_EUROPE,why,32,0,0,0,FALSE,NA,32,0,TRUE
1845,EUROPE,WHY_EUROPE,why,31,1,1,0.03125,TRUE,det_20_coziness,32,0,TRUE
1846,EUROPE,WHY_EUROPE,why,32,0,0,0,FALSE,NA,32,0,TRUE
1847,EUROPE,WHY_EUROPE,why,32,0,0,0,FALSE,NA,32,0,TRUE
1848,EUROPE,WHY_EUROPE,why,32,0,0,0,FALSE,NA,32,0,TRUE
1849,EUROPE,WHY_EUROPE,why,32,0,0,0,FALSE,NA,32,0,TRUE
1850,EUROPE,WHY_EUROPE,why,32,0,0,0,FALSE,NA,32,0,TRUE
1851,EUROPE,WHY_EUROPE,why,30,2,2,0.0625,TRUE,det_26_novelty; det_27_fun,32,0,TRUE
1852,EUROPE,WHY_EUROPE,why,32,0,0,0,FALSE,NA,32,0,TRUE
1853,EUROPE,WHY_EUROPE,why,32,0,0,0,FALSE,NA,32,0,TRUE
1854,EUROPE,WHY_EUROPE,why,32,0,0,0,FALSE,NA,32,0,TRUE
1855,EUROPE,WHY_EUROPE,why,32,0,0,0,FALSE,NA,32,0,TRUE
1856,EUROPE,WHY_EUROPE,why,32,0,0,0,FALSE,NA,32,0,TRUE
1857,EUROPE,WHY_EUROPE,why,32,0,0,0,FALSE,NA,32,0,TRUE
1858,EUROPE,WHY_EUROPE,why,32,0,0,0,FALSE,NA,32,0,TRUE
1859,EUROPE,WHY_EUROPE,why,32,0,0,0,FALSE,NA,32,0,TRUE
1860,EUROPE,WHY_EUROPE,why,32,0,0,0,FALSE,NA,32,0,TRUE
1861,EUROPE,WHY_EUROPE,why,31,1,1,0.03125,TRUE,det_24_socialising,32,0,TRUE
1862,EUROPE,WHY_EUROPE,why,32,0,0,0,FALSE,NA,32,0,TRUE
1863,EUROPE,WHY_EUROPE,why,32,0,0,0,FALSE,NA,32,0,TRUE
1864,EUROPE,WHY_EUROPE,why,31,1,1,0.03125,TRUE,det_18_autonomy,32,0,TRUE
1865,EUROPE,WHY_EUROPE,why,30,2,2,0.0625,TRUE,det_02_credit_score; det_16_commitment,32,0,TRUE
1866,EUROPE,WHY_EUROPE,why,32,0,0,0,FALSE,NA,32,0,TRUE
1867,EUROPE,WHY_EUROPE,why,31,1,1,0.03125,TRUE,det_18_autonomy,32,0,TRUE
1868,EUROPE,WHY_EUROPE,why,0,32,0,0,FALSE,NA,0,32,FALSE
1869,EUROPE,WHY_EUROPE,why,32,0,0,0,FALSE,NA,32,0,TRUE
1870,EUROPE,WHY_EUROPE,why,32,0,0,0,FALSE,NA,32,0,TRUE
1871,EUROPE,WHY_EUROPE,why,32,0,0,0,FALSE,NA,32,0,TRUE
1872,EUROPE,WHY_EUROPE,why,32,0,0,0,FALSE,NA,32,0,TRUE
1873,EUROPE,WHY_EUROPE,why,32,0,0,0,FALSE,NA,32,0,TRUE
1874,EUROPE,WHY_EUROPE,why,32,0,0,0,FALSE,NA,32,0,TRUE
1875,EUROPE,WHY_EUROPE,why,32,0,0,0,FALSE,NA,32,0,TRUE
1876,EUROPE,WHY_EUROPE,why,32,0,0,0,FALSE,NA,32,0,TRUE
1877,EUROPE,WHY_EUROPE,why,30,2,2,0.0625,TRUE,det_09_safety; det_12_own_competence,32,0,TRUE
1878,EUROPE,WHY_EUROPE,why,32,0,0,0,FALSE,NA,32,0,TRUE
1879,EUROPE,WHY_EUROPE,why,31,1,1,0.03125,TRUE,det_19_wellbeing,32,0,TRUE
1880,EUROPE,WHY_EUROPE,why,32,0,0,0,FALSE,NA,32,0,TRUE
1881,EUROPE,WHY_EUROPE,why,31,1,1,0.03125,TRUE,det_07_legal,32,0,TRUE
1882,EUROPE,WHY_EUROPE,why,32,0,0,0,FALSE,NA,32,0,TRUE
1883,EUROPE,WHY_EUROPE,why,32,0,0,0,FALSE,NA,32,0,TRUE
1884,EUROPE,WHY_EUROPE,why,32,0,0,0,FALSE,NA,32,0,TRUE
1885,EUROPE,WHY_EUROPE,why,32,0,0,0,FALSE,NA,32,0,TRUE
1886,EUROPE,WHY_EUROPE,why,32,0,0,0,FALSE,NA,32,0,TRUE
1887,EUROPE,WHY_EUROPE,why,32,0,0,0,FALSE,NA,32,0,TRUE
1888,EUROPE,WHY_EUROPE,why,32,0,0,0,FALSE,NA,32,0,TRUE
1889,EUROPE,WHY_EUROPE,why,32,0,0,0,FALSE,NA,32,0,TRUE
1890,EUROPE,WHY_EUROPE,why,32,0,0,0,FALSE,NA,32,0,TRUE
1891,EUROPE,WHY_EUROPE,why,30,2,2,0.0625,TRUE,det_02_credit_score; det_12_own_competence,32,0,TRUE
1892,EUROPE,WHY_EUROPE,why,32,0,0,0,FALSE,NA,32,0,TRUE
1893,EUROPE,WHY_EUROPE,why,32,0,0,0,FALSE,NA,32,0,TRUE
1894,EUROPE,WHY_EUROPE,why,32,0,0,0,FALSE,NA,32,0,TRUE
1895,EUROPE,WHY_EUROPE,why,32,0,0,0,FALSE,NA,32,0,TRUE
1896,EUROPE,WHY_EUROPE,why,32,0,0,0,FALSE,NA,32,0,TRUE
1897,EUROPE,WHY_EUROPE,why,31,1,1,0.03125,TRUE,det_22_peer_pressure,32,0,TRUE
1898,EUROPE,WHY_EUROPE,why,32,0,0,0,FALSE,NA,32,0,TRUE
1899,EUROPE,WHY_EUROPE,why,31,1,1,0.03125,TRUE,det_26_novelty,32,0,TRUE
1900,EUROPE,WHY_EUROPE,why,32,0,0,0,FALSE,NA,32,0,TRUE
1901,EUROPE,WHY_EUROPE,why,0,32,0,0,FALSE,NA,0,32,FALSE
1902,EUROPE,WHY_EUROPE,why,32,0,0,0,FALSE,NA,32,0,TRUE
1903,EUROPE,WHY_EUROPE,why,31,1,1,0.03125,TRUE,det_04_added_value,32,0,TRUE
1904,EUROPE,WHY_EUROPE,why,32,0,0,0,FALSE,NA,32,0,TRUE
1905,EUROPE,WHY_EUROPE,why,32,0,0,0,FALSE,NA,32,0,TRUE
1906,EUROPE,WHY_EUROPE,why,32,0,0,0,FALSE,NA,32,0,TRUE
1907,EUROPE,WHY_EUROPE,why,31,1,1,0.03125,TRUE,det_24_socialising,32,0,TRUE
1908,EUROPE,WHY_EUROPE,why,31,1,1,0.03125,TRUE,det_21_rights_and_duties,32,0,TRUE
1909,EUROPE,WHY_EUROPE,why,0,32,0,0,FALSE,NA,0,32,FALSE
1910,EUROPE,WHY_EUROPE,why,32,0,0,0,FALSE,NA,32,0,TRUE
1911,EUROPE,WHY_EUROPE,why,25,7,7,0.21875,TRUE,det_08_trust; det_17_adherence; det_18_autonomy; det_19_wellbeing; det_21_rights_and_duties; det_24_socialising; det_26_novelty,32,0,TRUE
1912,EUROPE,WHY_EUROPE,why,32,0,0,0,FALSE,NA,32,0,TRUE
1913,EUROPE,WHY_EUROPE,why,32,0,0,0,FALSE,NA,32,0,TRUE
1914,EUROPE,WHY_EUROPE,why,31,1,1,0.03125,TRUE,det_21_rights_and_duties,32,0,TRUE
1915,EUROPE,WHY_EUROPE,why,32,0,0,0,FALSE,NA,32,0,TRUE
1916,EUROPE,WHY_EUROPE,why,32,0,0,0,FALSE,NA,32,0,TRUE
1917,EUROPE,WHY_EUROPE,why,32,0,0,0,FALSE,NA,32,0,TRUE
1918,EUROPE,WHY_EUROPE,why,32,0,0,0,FALSE,NA,32,0,TRUE
1919,EUROPE,WHY_EUROPE,why,32,0,0,0,FALSE,NA,32,0,TRUE
1920,EUROPE,WHY_EUROPE,why,32,0,0,0,FALSE,NA,32,0,TRUE
1921,EUROPE,WHY_EUROPE,why,32,0,0,0,FALSE,NA,32,0,TRUE
1922,EUROPE,WHY_EUROPE,why,32,0,0,0,FALSE,NA,32,0,TRUE
1923,EUROPE,WHY_EUROPE,why,32,0,0,0,FALSE,NA,32,0,TRUE
1924,EUROPE,WHY_EUROPE,why,32,0,0,0,FALSE,NA,32,0,TRUE
1925,EUROPE,WHY_EUROPE,why,32,0,0,0,FALSE,NA,32,0,TRUE
1926,EUROPE,WHY_EUROPE,why,32,0,0,0,FALSE,NA,32,0,TRUE
1927,EUROPE,WHY_EUROPE,why,32,0,0,0,FALSE,NA,32,0,TRUE
1928,EUROPE,WHY_EUROPE,why,32,0,0,0,FALSE,NA,32,0,TRUE
1929,EUROPE,WHY_EUROPE,why,32,0,0,0,FALSE,NA,32,0,TRUE
1930,EUROPE,WHY_EUROPE,why,32,0,0,0,FALSE,NA,32,0,TRUE
1931,EUROPE,WHY_EUROPE,why,32,0,0,0,FALSE,NA,32,0,TRUE
1932,EUROPE,WHY_EUROPE,why,32,0,0,0,FALSE,NA,32,0,TRUE
1933,EUROPE,WHY_EUROPE,why,32,0,0,0,FALSE,NA,32,0,TRUE
1934,EUROPE,WHY_EUROPE,why,32,0,0,0,FALSE,NA,32,0,TRUE
1935,EUROPE,WHY_EUROPE,why,32,0,0,0,FALSE,NA,32,0,TRUE
1936,EUROPE,WHY_EUROPE,why,32,0,0,0,FALSE,NA,32,0,TRUE
1937,EUROPE,WHY_EUROPE,why,32,0,0,0,FALSE,NA,32,0,TRUE
1938,EUROPE,WHY_EUROPE,why,32,0,0,0,FALSE,NA,32,0,TRUE
1939,EUROPE,WHY_EUROPE,why,32,0,0,0,FALSE,NA,32,0,TRUE
1940,EUROPE,WHY_EUROPE,why,32,0,0,0,FALSE,NA,32,0,TRUE
1941,EUROPE,WHY_EUROPE,why,32,0,0,0,FALSE,NA,32,0,TRUE
1942,EUROPE,WHY_EUROPE,why,32,0,0,0,FALSE,NA,32,0,TRUE
1943,EUROPE,WHY_EUROPE,why,32,0,0,0,FALSE,NA,32,0,TRUE
1944,EUROPE,WHY_EUROPE,why,32,0,0,0,FALSE,NA,32,0,TRUE
1945,EUROPE,WHY_EUROPE,why,32,0,0,0,FALSE,NA,32,0,TRUE
1946,EUROPE,WHY_EUROPE,why,32,0,0,0,FALSE,NA,32,0,TRUE
1947,EUROPE,WHY_EUROPE,why,32,0,0,0,FALSE,NA,32,0,TRUE
1948,EUROPE,WHY_EUROPE,why,32,0,0,0,FALSE,NA,32,0,TRUE
1949,EUROPE,WHY_EUROPE,why,32,0,0,0,FALSE,NA,32,0,TRUE
1950,EUROPE,WHY_EUROPE,why,32,0,0,0,FALSE,NA,32,0,TRUE
1951,EUROPE,WHY_EUROPE,why,29,3,3,0.09375,TRUE,det_28_recognition; det_30_authority; det_31_approval,32,0,TRUE
1952,EUROPE,WHY_EUROPE,why,32,0,0,0,FALSE,NA,32,0,TRUE
1953,EUROPE,WHY_EUROPE,why,32,0,0,0,FALSE,NA,32,0,TRUE
1954,EUROPE,WHY_EUROPE,why,32,0,0,0,FALSE,NA,32,0,TRUE
1955,EUROPE,WHY_EUROPE,why,32,0,0,0,FALSE,NA,32,0,TRUE
1956,EUROPE,WHY_EUROPE,why,32,0,0,0,FALSE,NA,32,0,TRUE
1957,EUROPE,WHY_EUROPE,why,0,32,0,0,FALSE,NA,0,32,FALSE
1958,EUROPE,WHY_EUROPE,why,32,0,0,0,FALSE,NA,32,0,TRUE
1959,EUROPE,WHY_EUROPE,why,32,0,0,0,FALSE,NA,32,0,TRUE
1960,EUROPE,WHY_EUROPE,why,31,1,1,0.03125,TRUE,det_20_coziness,32,0,TRUE
1961,EUROPE,WHY_EUROPE,why,32,0,0,0,FALSE,NA,32,0,TRUE
1962,EUROPE,WHY_EUROPE,why,32,0,0,0,FALSE,NA,32,0,TRUE
1963,EUROPE,WHY_EUROPE,why,32,0,0,0,FALSE,NA,32,0,TRUE
1964,EUROPE,WHY_EUROPE,why,32,0,0,0,FALSE,NA,32,0,TRUE
1965,EUROPE,WHY_EUROPE,why,32,0,0,0,FALSE,NA,32,0,TRUE
1966,EUROPE,WHY_EUROPE,why,32,0,0,0,FALSE,NA,32,0,TRUE
1967,EUROPE,WHY_EUROPE,why,32,0,0,0,FALSE,NA,32,0,TRUE
1968,EUROPE,WHY_EUROPE,why,32,0,0,0,FALSE,NA,32,0,TRUE
1969,EUROPE,WHY_EUROPE,why,32,0,0,0,FALSE,NA,32,0,TRUE
1970,EUROPE,WHY_EUROPE,why,32,0,0,0,FALSE,NA,32,0,TRUE
1971,EUROPE,WHY_EUROPE,why,32,0,0,0,FALSE,NA,32,0,TRUE
1972,EUROPE,WHY_EUROPE,why,32,0,0,0,FALSE,NA,32,0,TRUE
1973,EUROPE,WHY_EUROPE,why,32,0,0,0,FALSE,NA,32,0,TRUE
1974,EUROPE,WHY_EUROPE,why,32,0,0,0,FALSE,NA,32,0,TRUE
1975,EUROPE,WHY_EUROPE,why,32,0,0,0,FALSE,NA,32,0,TRUE
1976,EUROPE,WHY_EUROPE,why,32,0,0,0,FALSE,NA,32,0,TRUE
1977,EUROPE,WHY_EUROPE,why,32,0,0,0,FALSE,NA,32,0,TRUE
1978,EUROPE,WHY_EUROPE,why,32,0,0,0,FALSE,NA,32,0,TRUE
1979,EUROPE,WHY_EUROPE,why,32,0,0,0,FALSE,NA,32,0,TRUE
1980,EUROPE,WHY_EUROPE,why,32,0,0,0,FALSE,NA,32,0,TRUE
1981,EUROPE,WHY_EUROPE,why,32,0,0,0,FALSE,NA,32,0,TRUE
1982,EUROPE,WHY_EUROPE,why,32,0,0,0,FALSE,NA,32,0,TRUE
1983,EUROPE,WHY_EUROPE,why,32,0,0,0,FALSE,NA,32,0,TRUE
1984,EUROPE,WHY_EUROPE,why,32,0,0,0,FALSE,NA,32,0,TRUE
1985,EUROPE,WHY_EUROPE,why,32,0,0,0,FALSE,NA,32,0,TRUE
1986,EUROPE,WHY_EUROPE,why,14,18,0,0,FALSE,NA,14,18,FALSE
1987,EUROPE,WHY_EUROPE,why,32,0,0,0,FALSE,NA,32,0,TRUE
1988,EUROPE,WHY_EUROPE,why,32,0,0,0,FALSE,NA,32,0,TRUE
1989,EUROPE,WHY_EUROPE,why,32,0,0,0,FALSE,NA,32,0,TRUE
1990,EUROPE,WHY_EUROPE,why,32,0,0,0,FALSE,NA,32,0,TRUE
1991,EUROPE,WHY_EUROPE,why,32,0,0,0,FALSE,NA,32,0,TRUE
1992,EUROPE,WHY_EUROPE,why,32,0,0,0,FALSE,NA,32,0,TRUE
1993,EUROPE,WHY_EUROPE,why,0,32,0,0,FALSE,NA,0,32,FALSE
1994,EUROPE,WHY_EUROPE,why,31,1,1,0.03125,TRUE,det_07_legal,32,0,TRUE
1995,EUROPE,WHY_EUROPE,why,32,0,0,0,FALSE,NA,32,0,TRUE
1996,EUROPE,WHY_EUROPE,why,32,0,0,0,FALSE,NA,32,0,TRUE
1997,EUROPE,WHY_EUROPE,why,32,0,0,0,FALSE,NA,32,0,TRUE
1998,EUROPE,WHY_EUROPE,why,31,1,1,0.03125,TRUE,det_04_added_value,32,0,TRUE
1999,EUROPE,WHY_EUROPE,why,32,0,0,0,FALSE,NA,32,0,TRUE
2000,EUROPE,WHY_EUROPE,why,32,0,0,0,FALSE,NA,32,0,TRUE
2001,EUROPE,WHY_EUROPE,why,32,0,0,0,FALSE,NA,32,0,TRUE
2002,EUROPE,WHY_EUROPE,why,32,0,0,0,FALSE,NA,32,0,TRUE
2003,EUROPE,WHY_EUROPE,why,32,0,0,0,FALSE,NA,32,0,TRUE
2004,EUROPE,WHY_EUROPE,why,32,0,0,0,FALSE,NA,32,0,TRUE
2005,EUROPE,WHY_EUROPE,why,32,0,0,0,FALSE,NA,32,0,TRUE
2006,EUROPE,WHY_EUROPE,why,32,0,0,0,FALSE,NA,32,0,TRUE
2007,EUROPE,WHY_EUROPE,why,32,0,0,0,FALSE,NA,32,0,TRUE
2008,EUROPE,WHY_EUROPE,why,32,0,0,0,FALSE,NA,32,0,TRUE
2009,EUROPE,WHY_EUROPE,why,31,1,1,0.03125,TRUE,det_30_authority,32,0,TRUE
2010,EUROPE,WHY_EUROPE,why,32,0,0,0,FALSE,NA,32,0,TRUE
2011,EUROPE,WHY_EUROPE,why,31,1,1,0.03125,TRUE,det_10_cost_efficiency,32,0,TRUE
2012,EUROPE,WHY_EUROPE,why,32,0,0,0,FALSE,NA,32,0,TRUE
2013,EUROPE,WHY_EUROPE,why,32,0,0,0,FALSE,NA,32,0,TRUE
2014,EUROPE,WHY_EUROPE,why,32,0,0,0,FALSE,NA,32,0,TRUE
2015,EUROPE,WHY_EUROPE,why,28,4,4,0.125,TRUE,det_06_climate_protection; det_12_own_competence; det_18_autonomy; det_32_own_significance,32,0,TRUE
2016,EUROPE,WHY_EUROPE,why,32,0,0,0,FALSE,NA,32,0,TRUE
2017,EUROPE,WHY_EUROPE,why,32,0,0,0,FALSE,NA,32,0,TRUE
2018,EUROPE,WHY_EUROPE,why,32,0,0,0,FALSE,NA,32,0,TRUE
2019,EUROPE,WHY_EUROPE,why,32,0,0,0,FALSE,NA,32,0,TRUE
2020,EUROPE,WHY_EUROPE,why,32,0,0,0,FALSE,NA,32,0,TRUE
2021,EUROPE,WHY_EUROPE,why,32,0,0,0,FALSE,NA,32,0,TRUE
2022,EUROPE,WHY_EUROPE,why,32,0,0,0,FALSE,NA,32,0,TRUE
2023,EUROPE,WHY_EUROPE,why,32,0,0,0,FALSE,NA,32,0,TRUE
2024,EUROPE,WHY_EUROPE,why,32,0,0,0,FALSE,NA,32,0,TRUE
2025,EUROPE,WHY_EUROPE,why,0,32,0,0,FALSE,NA,0,32,FALSE
2026,EUROPE,WHY_EUROPE,why,32,0,0,0,FALSE,NA,32,0,TRUE
2027,EUROPE,WHY_EUROPE,why,32,0,0,0,FALSE,NA,32,0,TRUE
2028,EUROPE,WHY_EUROPE,why,31,1,1,0.03125,TRUE,det_19_wellbeing,32,0,TRUE
2029,EUROPE,WHY_EUROPE,why,32,0,0,0,FALSE,NA,32,0,TRUE
2030,EUROPE,WHY_EUROPE,why,32,0,0,0,FALSE,NA,32,0,TRUE
2031,EUROPE,WHY_EUROPE,why,32,0,0,0,FALSE,NA,32,0,TRUE
2032,EUROPE,WHY_EUROPE,why,32,0,0,0,FALSE,NA,32,0,TRUE
2033,EUROPE,WHY_EUROPE,why,32,0,0,0,FALSE,NA,32,0,TRUE
2034,EUROPE,WHY_EUROPE,why,32,0,0,0,FALSE,NA,32,0,TRUE
2035,EUROPE,WHY_EUROPE,why,32,0,0,0,FALSE,NA,32,0,TRUE
2036,EUROPE,WHY_EUROPE,why,32,0,0,0,FALSE,NA,32,0,TRUE
2037,EUROPE,WHY_EUROPE,why,32,0,0,0,FALSE,NA,32,0,TRUE
2038,EUROPE,WHY_EUROPE,why,31,1,1,0.03125,TRUE,det_21_rights_and_duties,32,0,TRUE
2039,EUROPE,WHY_EUROPE,why,31,1,1,0.03125,TRUE,det_18_autonomy,32,0,TRUE
2040,EUROPE,WHY_EUROPE,why,32,0,0,0,FALSE,NA,32,0,TRUE
2041,EUROPE,WHY_EUROPE,why,31,1,1,0.03125,TRUE,det_06_climate_protection,32,0,TRUE
2042,EUROPE,WHY_EUROPE,why,32,0,0,0,FALSE,NA,32,0,TRUE
2043,EUROPE,WHY_EUROPE,why,32,0,0,0,FALSE,NA,32,0,TRUE
2044,EUROPE,WHY_EUROPE,why,32,0,0,0,FALSE,NA,32,0,TRUE
2045,EUROPE,WHY_EUROPE,why,32,0,0,0,FALSE,NA,32,0,TRUE
2046,EUROPE,WHY_EUROPE,why,32,0,0,0,FALSE,NA,32,0,TRUE
2047,EUROPE,WHY_EUROPE,why,32,0,0,0,FALSE,NA,32,0,TRUE
2048,EUROPE,WHY_EUROPE,why,32,0,0,0,FALSE,NA,32,0,TRUE
2049,EUROPE,WHY_EUROPE,why,32,0,0,0,FALSE,NA,32,0,TRUE
2050,EUROPE,WHY_EUROPE,why,32,0,0,0,FALSE,NA,32,0,TRUE
2051,EUROPE,WHY_EUROPE,why,32,0,0,0,FALSE,NA,32,0,TRUE
2052,EUROPE,WHY_EUROPE,why,32,0,0,0,FALSE,NA,32,0,TRUE
2053,EUROPE,WHY_EUROPE,why,32,0,0,0,FALSE,NA,32,0,TRUE
2054,EUROPE,WHY_EUROPE,why,32,0,0,0,FALSE,NA,32,0,TRUE
2055,EUROPE,WHY_EUROPE,why,32,0,0,0,FALSE,NA,32,0,TRUE
2056,EUROPE,WHY_EUROPE,why,32,0,0,0,FALSE,NA,32,0,TRUE
2057,EUROPE,WHY_EUROPE,why,32,0,0,0,FALSE,NA,32,0,TRUE
2058,EUROPE,WHY_EUROPE,why,32,0,0,0,FALSE,NA,32,0,TRUE
2059,EUROPE,WHY_EUROPE,why,32,0,0,0,FALSE,NA,32,0,TRUE
2060,EUROPE,WHY_EUROPE,why,32,0,0,0,FALSE,NA,32,0,TRUE
2061,EUROPE,WHY_EUROPE,why,30,2,2,0.0625,TRUE,det_25_agreement; det_30_authority,32,0,TRUE
2062,EUROPE,WHY_EUROPE,why,32,0,0,0,FALSE,NA,32,0,TRUE
2063,EUROPE,WHY_EUROPE,why,32,0,0,0,FALSE,NA,32,0,TRUE
2064,EUROPE,WHY_EUROPE,why,32,0,0,0,FALSE,NA,32,0,TRUE
2065,EUROPE,WHY_EUROPE,why,32,0,0,0,FALSE,NA,32,0,TRUE
2066,EUROPE,WHY_EUROPE,why,32,0,0,0,FALSE,NA,32,0,TRUE
2067,EUROPE,WHY_EUROPE,why,32,0,0,0,FALSE,NA,32,0,TRUE
2068,EUROPE,WHY_EUROPE,why,32,0,0,0,FALSE,NA,32,0,TRUE
2069,EUROPE,WHY_EUROPE,why,32,0,0,0,FALSE,NA,32,0,TRUE
2070,EUROPE,WHY_EUROPE,why,32,0,0,0,FALSE,NA,32,0,TRUE
2071,EUROPE,WHY_EUROPE,why,32,0,0,0,FALSE,NA,32,0,TRUE
2072,EUROPE,WHY_EUROPE,why,32,0,0,0,FALSE,NA,32,0,TRUE
2073,EUROPE,WHY_EUROPE,why,32,0,0,0,FALSE,NA,32,0,TRUE
2074,EUROPE,WHY_EUROPE,why,32,0,0,0,FALSE,NA,32,0,TRUE
2075,EUROPE,WHY_EUROPE,why,32,0,0,0,FALSE,NA,32,0,TRUE
2076,EUROPE,WHY_EUROPE,why,31,1,1,0.03125,TRUE,det_25_agreement,32,0,TRUE
2077,EUROPE,WHY_EUROPE,why,32,0,0,0,FALSE,NA,32,0,TRUE
2078,EUROPE,WHY_EUROPE,why,32,0,0,0,FALSE,NA,32,0,TRUE
2079,EUROPE,WHY_EUROPE,why,32,0,0,0,FALSE,NA,32,0,TRUE
2080,EUROPE,WHY_EUROPE,why,32,0,0,0,FALSE,NA,32,0,TRUE
2081,EUROPE,WHY_EUROPE,why,32,0,0,0,FALSE,NA,32,0,TRUE
2082,EUROPE,WHY_EUROPE,why,31,1,1,0.03125,TRUE,det_18_autonomy,32,0,TRUE
2083,EUROPE,WHY_EUROPE,why,32,0,0,0,FALSE,NA,32,0,TRUE
2084,EUROPE,WHY_EUROPE,why,32,0,0,0,FALSE,NA,32,0,TRUE
2085,EUROPE,WHY_EUROPE,why,32,0,0,0,FALSE,NA,32,0,TRUE
2086,EUROPE,WHY_EUROPE,why,30,2,2,0.0625,TRUE,det_21_rights_and_duties; det_27_fun,32,0,TRUE
2087,EUROPE,WHY_EUROPE,why,32,0,0,0,FALSE,NA,32,0,TRUE
2088,EUROPE,WHY_EUROPE,why,32,0,0,0,FALSE,NA,32,0,TRUE
2089,EUROPE,WHY_EUROPE,why,32,0,0,0,FALSE,NA,32,0,TRUE
2090,EUROPE,WHY_EUROPE,why,29,3,3,0.09375,TRUE,det_07_legal; det_09_safety; det_22_peer_pressure,32,0,TRUE
2091,EUROPE,WHY_EUROPE,why,32,0,0,0,FALSE,NA,32,0,TRUE
2092,EUROPE,WHY_EUROPE,why,32,0,0,0,FALSE,NA,32,0,TRUE
2093,EUROPE,WHY_EUROPE,why,29,3,3,0.09375,TRUE,det_03_risk_profile; det_05_frugality; det_14_environmental_concerns,32,0,TRUE
2094,EUROPE,WHY_EUROPE,why,32,0,0,0,FALSE,NA,32,0,TRUE
2095,EUROPE,WHY_EUROPE,why,31,1,1,0.03125,TRUE,det_10_cost_efficiency,32,0,TRUE
2096,EUROPE,WHY_EUROPE,why,32,0,0,0,FALSE,NA,32,0,TRUE
2097,EUROPE,WHY_EUROPE,why,32,0,0,0,FALSE,NA,32,0,TRUE
2098,EUROPE,WHY_EUROPE,why,1,31,0,0,FALSE,NA,1,31,FALSE
2099,EUROPE,WHY_EUROPE,why,32,0,0,0,FALSE,NA,32,0,TRUE
2100,EUROPE,WHY_EUROPE,why,32,0,0,0,FALSE,NA,32,0,TRUE
2101,EUROPE,WHY_EUROPE,why,31,1,1,0.03125,TRUE,det_14_environmental_concerns,32,0,TRUE
2102,EUROPE,WHY_EUROPE,why,32,0,0,0,FALSE,NA,32,0,TRUE
2103,EUROPE,WHY_EUROPE,why,32,0,0,0,FALSE,NA,32,0,TRUE
2104,EUROPE,WHY_EUROPE,why,32,0,0,0,FALSE,NA,32,0,TRUE
2105,EUROPE,WHY_EUROPE,why,32,0,0,0,FALSE,NA,32,0,TRUE
2106,EUROPE,WHY_EUROPE,why,32,0,0,0,FALSE,NA,32,0,TRUE
2107,EUROPE,WHY_EUROPE,why,31,1,1,0.03125,TRUE,det_24_socialising,32,0,TRUE
2108,EUROPE,WHY_EUROPE,why,32,0,0,0,FALSE,NA,32,0,TRUE
2109,EUROPE,WHY_EUROPE,why,32,0,0,0,FALSE,NA,32,0,TRUE
2110,EUROPE,WHY_EUROPE,why,29,3,3,0.09375,TRUE,det_04_added_value; det_08_trust; det_17_adherence,32,0,TRUE
2111,EUROPE,WHY_EUROPE,why,32,0,0,0,FALSE,NA,32,0,TRUE
2112,EUROPE,WHY_EUROPE,why,31,1,1,0.03125,TRUE,det_04_added_value,32,0,TRUE
2113,EUROPE,WHY_EUROPE,why,31,1,1,0.03125,TRUE,det_30_authority,32,0,TRUE
2114,EUROPE,WHY_EUROPE,why,32,0,0,0,FALSE,NA,32,0,TRUE
2115,EUROPE,WHY_EUROPE,why,31,1,1,0.03125,TRUE,det_18_autonomy,32,0,TRUE
2116,EUROPE,WHY_EUROPE,why,32,0,0,0,FALSE,NA,32,0,TRUE
2117,EUROPE,WHY_EUROPE,why,32,0,0,0,FALSE,NA,32,0,TRUE
2118,EUROPE,WHY_EUROPE,why,32,0,0,0,FALSE,NA,32,0,TRUE
2119,EUROPE,WHY_EUROPE,why,32,0,0,0,FALSE,NA,32,0,TRUE
2120,EUROPE,WHY_EUROPE,why,28,4,4,0.125,TRUE,det_14_environmental_concerns; det_27_fun; det_28_recognition; det_29_trends,32,0,TRUE
2121,EUROPE,WHY_EUROPE,why,32,0,0,0,FALSE,NA,32,0,TRUE
2122,EUROPE,WHY_EUROPE,why,32,0,0,0,FALSE,NA,32,0,TRUE
2123,EUROPE,WHY_EUROPE,why,31,1,1,0.03125,TRUE,det_04_added_value,32,0,TRUE
2124,EUROPE,WHY_EUROPE,why,32,0,0,0,FALSE,NA,32,0,TRUE
2125,EUROPE,WHY_EUROPE,why,30,2,2,0.0625,TRUE,det_02_credit_score; det_23_support,32,0,TRUE
2126,EUROPE,WHY_EUROPE,why,32,0,0,0,FALSE,NA,32,0,TRUE
2127,EUROPE,WHY_EUROPE,why,32,0,0,0,FALSE,NA,32,0,TRUE
2128,EUROPE,WHY_EUROPE,why,27,5,5,0.15625,TRUE,det_10_cost_efficiency; det_11_knowledge; det_19_wellbeing; det_21_rights_and_duties; det_25_agreement,32,0,TRUE
2129,EUROPE,WHY_EUROPE,why,30,2,2,0.0625,TRUE,det_02_credit_score; det_06_climate_protection,32,0,TRUE
2130,EUROPE,WHY_EUROPE,why,32,0,0,0,FALSE,NA,32,0,TRUE
2131,EUROPE,WHY_EUROPE,why,32,0,0,0,FALSE,NA,32,0,TRUE
2132,EUROPE,WHY_EUROPE,why,32,0,0,0,FALSE,NA,32,0,TRUE
2133,EUROPE,WHY_EUROPE,why,32,0,0,0,FALSE,NA,32,0,TRUE
2134,EUROPE,WHY_EUROPE,why,31,1,1,0.03125,TRUE,det_22_peer_pressure,32,0,TRUE
2135,EUROPE,WHY_EUROPE,why,28,4,4,0.125,TRUE,det_09_safety; det_18_autonomy; det_23_support; det_30_authority,32,0,TRUE
2136,EUROPE,WHY_EUROPE,why,31,1,1,0.03125,TRUE,det_05_frugality,32,0,TRUE
2137,EUROPE,WHY_EUROPE,why,31,1,1,0.03125,TRUE,det_32_own_significance,32,0,TRUE
2138,EUROPE,WHY_EUROPE,why,32,0,0,0,FALSE,NA,32,0,TRUE
2139,EUROPE,WHY_EUROPE,why,32,0,0,0,FALSE,NA,32,0,TRUE
2140,EUROPE,WHY_EUROPE,why,32,0,0,0,FALSE,NA,32,0,TRUE
2141,EUROPE,WHY_EUROPE,why,32,0,0,0,FALSE,NA,32,0,TRUE
2142,EUROPE,WHY_EUROPE,why,32,0,0,0,FALSE,NA,32,0,TRUE
2143,EUROPE,WHY_EUROPE,why,32,0,0,0,FALSE,NA,32,0,TRUE
2144,EUROPE,WHY_EUROPE,why,32,0,0,0,FALSE,NA,32,0,TRUE
2145,EUROPE,WHY_EUROPE,why,31,1,1,0.03125,TRUE,det_20_coziness,32,0,TRUE
2146,EUROPE,WHY_EUROPE,why,32,0,0,0,FALSE,NA,32,0,TRUE
2147,EUROPE,WHY_EUROPE,why,32,0,0,0,FALSE,NA,32,0,TRUE
2148,EUROPE,WHY_EUROPE,why,32,0,0,0,FALSE,NA,32,0,TRUE
2149,EUROPE,WHY_EUROPE,why,32,0,0,0,FALSE,NA,32,0,TRUE
2150,EUROPE,WHY_EUROPE,why,32,0,0,0,FALSE,NA,32,0,TRUE
2151,EUROPE,WHY_EUROPE,why,32,0,0,0,FALSE,NA,32,0,TRUE
2152,EUROPE,WHY_EUROPE,why,32,0,0,0,FALSE,NA,32,0,TRUE
2153,EUROPE,WHY_EUROPE,why,32,0,0,0,FALSE,NA,32,0,TRUE
2154,EUROPE,WHY_EUROPE,why,32,0,0,0,FALSE,NA,32,0,TRUE
2155,EUROPE,WHY_EUROPE,why,32,0,0,0,FALSE,NA,32,0,TRUE
2156,EUROPE,WHY_EUROPE,why,32,0,0,0,FALSE,NA,32,0,TRUE
2157,EUROPE,WHY_EUROPE,why,32,0,0,0,FALSE,NA,32,0,TRUE
2158,EUROPE,WHY_EUROPE,why,32,0,0,0,FALSE,NA,32,0,TRUE
2159,EUROPE,WHY_EUROPE,why,32,0,0,0,FALSE,NA,32,0,TRUE
2160,EUROPE,WHY_EUROPE,why,32,0,0,0,FALSE,NA,32,0,TRUE
2161,EUROPE,WHY_EUROPE,why,32,0,0,0,FALSE,NA,32,0,TRUE
2162,EUROPE,WHY_EUROPE,why,32,0,0,0,FALSE,NA,32,0,TRUE
2163,EUROPE,WHY_EUROPE,why,32,0,0,0,FALSE,NA,32,0,TRUE
2164,EUROPE,WHY_EUROPE,why,32,0,0,0,FALSE,NA,32,0,TRUE
2165,EUROPE,WHY_EUROPE,why,32,0,0,0,FALSE,NA,32,0,TRUE
2166,EUROPE,WHY_EUROPE,why,32,0,0,0,FALSE,NA,32,0,TRUE
2167,EUROPE,WHY_EUROPE,why,32,0,0,0,FALSE,NA,32,0,TRUE
2168,EUROPE,WHY_EUROPE,why,32,0,0,0,FALSE,NA,32,0,TRUE
2169,EUROPE,WHY_EUROPE,why,30,2,2,0.0625,TRUE,det_03_risk_profile; det_12_own_competence,32,0,TRUE
2170,EUROPE,WHY_EUROPE,why,32,0,0,0,FALSE,NA,32,0,TRUE
2171,EUROPE,WHY_EUROPE,why,32,0,0,0,FALSE,NA,32,0,TRUE
2172,EUROPE,WHY_EUROPE,why,32,0,0,0,FALSE,NA,32,0,TRUE
2173,EUROPE,WHY_EUROPE,why,32,0,0,0,FALSE,NA,32,0,TRUE
2174,EUROPE,WHY_EUROPE,why,32,0,0,0,FALSE,NA,32,0,TRUE
2175,EUROPE,WHY_EUROPE,why,32,0,0,0,FALSE,NA,32,0,TRUE
2176,EUROPE,WHY_EUROPE,why,31,1,1,0.03125,TRUE,det_02_credit_score,32,0,TRUE
2177,EUROPE,WHY_EUROPE,why,32,0,0,0,FALSE,NA,32,0,TRUE
2178,EUROPE,WHY_EUROPE,why,32,0,0,0,FALSE,NA,32,0,TRUE
2179,EUROPE,WHY_EUROPE,why,32,0,0,0,FALSE,NA,32,0,TRUE
2180,EUROPE,WHY_EUROPE,why,30,2,2,0.0625,TRUE,det_01_profits; det_26_novelty,32,0,TRUE
2181,EUROPE,WHY_EUROPE,why,32,0,0,0,FALSE,NA,32,0,TRUE
2182,EUROPE,WHY_EUROPE,why,32,0,0,0,FALSE,NA,32,0,TRUE
2183,EUROPE,WHY_EUROPE,why,32,0,0,0,FALSE,NA,32,0,TRUE
2184,EUROPE,WHY_EUROPE,why,31,1,1,0.03125,TRUE,det_27_fun,32,0,TRUE
2185,EUROPE,WHY_EUROPE,why,9,23,0,0,FALSE,NA,9,23,FALSE
2186,EUROPE,WHY_EUROPE,why,32,0,0,0,FALSE,NA,32,0,TRUE
2187,EUROPE,WHY_EUROPE,why,32,0,0,0,FALSE,NA,32,0,TRUE
2188,EUROPE,WHY_EUROPE,why,31,1,1,0.03125,TRUE,det_25_agreement,32,0,TRUE
2189,EUROPE,WHY_EUROPE,why,30,2,2,0.0625,TRUE,det_03_risk_profile; det_18_autonomy,32,0,TRUE
2190,EUROPE,WHY_EUROPE,why,32,0,0,0,FALSE,NA,32,0,TRUE
2191,EUROPE,WHY_EUROPE,why,32,0,0,0,FALSE,NA,32,0,TRUE
2192,EUROPE,WHY_EUROPE,why,32,0,0,0,FALSE,NA,32,0,TRUE
2193,EUROPE,WHY_EUROPE,why,32,0,0,0,FALSE,NA,32,0,TRUE
2194,EUROPE,WHY_EUROPE,why,32,0,0,0,FALSE,NA,32,0,TRUE
2195,EUROPE,WHY_EUROPE,why,32,0,0,0,FALSE,NA,32,0,TRUE
2196,EUROPE,WHY_EUROPE,why,32,0,0,0,FALSE,NA,32,0,TRUE
2197,EUROPE,WHY_EUROPE,why,32,0,0,0,FALSE,NA,32,0,TRUE
2198,EUROPE,WHY_EUROPE,why,32,0,0,0,FALSE,NA,32,0,TRUE
2199,EUROPE,WHY_EUROPE,why,32,0,0,0,FALSE,NA,32,0,TRUE
2200,EUROPE,WHY_EUROPE,why,32,0,0,0,FALSE,NA,32,0,TRUE
2201,EUROPE,WHY_EUROPE,why,32,0,0,0,FALSE,NA,32,0,TRUE
2202,EUROPE,WHY_EUROPE,why,32,0,0,0,FALSE,NA,32,0,TRUE
2203,EUROPE,WHY_EUROPE,why,29,3,3,0.09375,TRUE,det_04_added_value; det_12_own_competence; det_24_socialising,32,0,TRUE
2204,EUROPE,WHY_EUROPE,why,32,0,0,0,FALSE,NA,32,0,TRUE
2205,EUROPE,WHY_EUROPE,why,32,0,0,0,FALSE,NA,32,0,TRUE
2206,EUROPE,WHY_EUROPE,why,32,0,0,0,FALSE,NA,32,0,TRUE
2207,EUROPE,WHY_EUROPE,why,32,0,0,0,FALSE,NA,32,0,TRUE
2208,EUROPE,WHY_EUROPE,why,32,0,0,0,FALSE,NA,32,0,TRUE
2209,EUROPE,WHY_EUROPE,why,32,0,0,0,FALSE,NA,32,0,TRUE
2210,EUROPE,WHY_EUROPE,why,32,0,0,0,FALSE,NA,32,0,TRUE
2211,EUROPE,WHY_EUROPE,why,32,0,0,0,FALSE,NA,32,0,TRUE
2212,EUROPE,WHY_EUROPE,why,32,0,0,0,FALSE,NA,32,0,TRUE
2213,EUROPE,WHY_EUROPE,why,32,0,0,0,FALSE,NA,32,0,TRUE
2214,EUROPE,WHY_EUROPE,why,31,1,1,0.03125,TRUE,det_18_autonomy,32,0,TRUE
2215,EUROPE,WHY_EUROPE,why,30,2,2,0.0625,TRUE,det_18_autonomy; det_27_fun,32,0,TRUE
2216,EUROPE,WHY_EUROPE,why,32,0,0,0,FALSE,NA,32,0,TRUE
2217,EUROPE,WHY_EUROPE,why,31,1,1,0.03125,TRUE,det_16_commitment,32,0,TRUE
2218,EUROPE,WHY_EUROPE,why,4,28,0,0,FALSE,NA,4,28,FALSE
2219,EUROPE,WHY_EUROPE,why,31,1,1,0.03125,TRUE,det_27_fun,32,0,TRUE
2220,LATAM,WHY_LATAM,why,31,1,1,0.03125,TRUE,det_06_climate_protection,32,0,TRUE
2221,LATAM,WHY_LATAM,why,32,0,0,0,FALSE,NA,32,0,TRUE
2222,LATAM,WHY_LATAM,why,32,0,0,0,FALSE,NA,32,0,TRUE
2223,LATAM,WHY_LATAM,why,32,0,0,0,FALSE,NA,32,0,TRUE
2224,LATAM,WHY_LATAM,why,31,1,1,0.03125,TRUE,det_31_approval,32,0,TRUE
2225,LATAM,WHY_LATAM,why,32,0,0,0,FALSE,NA,32,0,TRUE
2226,LATAM,WHY_LATAM,why,32,0,0,0,FALSE,NA,32,0,TRUE
2227,LATAM,WHY_LATAM,why,32,0,0,0,FALSE,NA,32,0,TRUE
2228,LATAM,WHY_LATAM,why,32,0,0,0,FALSE,NA,32,0,TRUE
2229,LATAM,WHY_LATAM,why,32,0,0,0,FALSE,NA,32,0,TRUE
2230,LATAM,WHY_LATAM,why,32,0,0,0,FALSE,NA,32,0,TRUE
2231,LATAM,WHY_LATAM,why,31,1,1,0.03125,TRUE,det_06_climate_protection,32,0,TRUE
2232,LATAM,WHY_LATAM,why,30,2,2,0.0625,TRUE,det_23_support; det_31_approval,32,0,TRUE
2233,LATAM,WHY_LATAM,why,32,0,0,0,FALSE,NA,32,0,TRUE
2234,LATAM,WHY_LATAM,why,32,0,0,0,FALSE,NA,32,0,TRUE
2235,LATAM,WHY_LATAM,why,32,0,0,0,FALSE,NA,32,0,TRUE
2236,LATAM,WHY_LATAM,why,32,0,0,0,FALSE,NA,32,0,TRUE
2237,LATAM,WHY_LATAM,why,32,0,0,0,FALSE,NA,32,0,TRUE
2238,LATAM,WHY_LATAM,why,32,0,0,0,FALSE,NA,32,0,TRUE
2239,LATAM,WHY_LATAM,why,32,0,0,0,FALSE,NA,32,0,TRUE
2240,LATAM,WHY_LATAM,why,21,11,0,0,FALSE,NA,21,11,FALSE
2241,LATAM,WHY_LATAM,why,32,0,0,0,FALSE,NA,32,0,TRUE
2242,LATAM,WHY_LATAM,why,32,0,0,0,FALSE,NA,32,0,TRUE
2243,LATAM,WHY_LATAM,why,32,0,0,0,FALSE,NA,32,0,TRUE
2244,LATAM,WHY_LATAM,why,32,0,0,0,FALSE,NA,32,0,TRUE
2245,LATAM,WHY_LATAM,why,32,0,0,0,FALSE,NA,32,0,TRUE
2246,LATAM,WHY_LATAM,why,32,0,0,0,FALSE,NA,32,0,TRUE
2247,LATAM,WHY_LATAM,why,32,0,0,0,FALSE,NA,32,0,TRUE
2248,LATAM,WHY_LATAM,why,32,0,0,0,FALSE,NA,32,0,TRUE
2249,LATAM,WHY_LATAM,why,32,0,0,0,FALSE,NA,32,0,TRUE
2250,LATAM,WHY_LATAM,why,32,0,0,0,FALSE,NA,32,0,TRUE
2251,LATAM,WHY_LATAM,why,32,0,0,0,FALSE,NA,32,0,TRUE
2252,LATAM,WHY_LATAM,why,32,0,0,0,FALSE,NA,32,0,TRUE
2253,LATAM,WHY_LATAM,why,32,0,0,0,FALSE,NA,32,0,TRUE
2254,LATAM,WHY_LATAM,why,31,1,1,0.03125,TRUE,det_30_authority,32,0,TRUE
2255,LATAM,WHY_LATAM,why,32,0,0,0,FALSE,NA,32,0,TRUE
2256,LATAM,WHY_LATAM,why,32,0,0,0,FALSE,NA,32,0,TRUE
2257,LATAM,WHY_LATAM,why,32,0,0,0,FALSE,NA,32,0,TRUE
2258,LATAM,WHY_LATAM,why,31,1,1,0.03125,TRUE,det_26_novelty,32,0,TRUE
2259,LATAM,WHY_LATAM,why,32,0,0,0,FALSE,NA,32,0,TRUE
2260,LATAM,WHY_LATAM,why,32,0,0,0,FALSE,NA,32,0,TRUE
2261,LATAM,WHY_LATAM,why,32,0,0,0,FALSE,NA,32,0,TRUE
2262,LATAM,WHY_LATAM,why,32,0,0,0,FALSE,NA,32,0,TRUE
2263,LATAM,WHY_LATAM,why,32,0,0,0,FALSE,NA,32,0,TRUE
2264,LATAM,WHY_LATAM,why,32,0,0,0,FALSE,NA,32,0,TRUE
2265,LATAM,WHY_LATAM,why,32,0,0,0,FALSE,NA,32,0,TRUE
2266,LATAM,WHY_LATAM,why,32,0,0,0,FALSE,NA,32,0,TRUE
2267,LATAM,WHY_LATAM,why,32,0,0,0,FALSE,NA,32,0,TRUE
2268,LATAM,WHY_LATAM,why,32,0,0,0,FALSE,NA,32,0,TRUE
2269,LATAM,WHY_LATAM,why,32,0,0,0,FALSE,NA,32,0,TRUE
2270,LATAM,WHY_LATAM,why,32,0,0,0,FALSE,NA,32,0,TRUE
2271,LATAM,WHY_LATAM,why,32,0,0,0,FALSE,NA,32,0,TRUE
2272,LATAM,WHY_LATAM,why,32,0,0,0,FALSE,NA,32,0,TRUE
2273,LATAM,WHY_LATAM,why,32,0,0,0,FALSE,NA,32,0,TRUE
2274,LATAM,WHY_LATAM,why,32,0,0,0,FALSE,NA,32,0,TRUE
2275,LATAM,WHY_LATAM,why,32,0,0,0,FALSE,NA,32,0,TRUE
2276,LATAM,WHY_LATAM,why,32,0,0,0,FALSE,NA,32,0,TRUE
2277,LATAM,WHY_LATAM,why,32,0,0,0,FALSE,NA,32,0,TRUE
2278,LATAM,WHY_LATAM,why,32,0,0,0,FALSE,NA,32,0,TRUE
2279,LATAM,WHY_LATAM,why,32,0,0,0,FALSE,NA,32,0,TRUE
2280,LATAM,WHY_LATAM,why,32,0,0,0,FALSE,NA,32,0,TRUE
2281,LATAM,WHY_LATAM,why,32,0,0,0,FALSE,NA,32,0,TRUE
2282,LATAM,WHY_LATAM,why,31,1,1,0.03125,TRUE,det_03_risk_profile,32,0,TRUE
2283,LATAM,WHY_LATAM,why,32,0,0,0,FALSE,NA,32,0,TRUE
2284,LATAM,WHY_LATAM,why,32,0,0,0,FALSE,NA,32,0,TRUE
2285,LATAM,WHY_LATAM,why,32,0,0,0,FALSE,NA,32,0,TRUE
2286,LATAM,WHY_LATAM,why,32,0,0,0,FALSE,NA,32,0,TRUE
2287,LATAM,WHY_LATAM,why,31,1,1,0.03125,TRUE,det_29_trends,32,0,TRUE
2288,LATAM,WHY_LATAM,why,32,0,0,0,FALSE,NA,32,0,TRUE
2289,LATAM,WHY_LATAM,why,32,0,0,0,FALSE,NA,32,0,TRUE
2290,LATAM,WHY_LATAM,why,32,0,0,0,FALSE,NA,32,0,TRUE
2291,LATAM,WHY_LATAM,why,32,0,0,0,FALSE,NA,32,0,TRUE
2292,LATAM,WHY_LATAM,why,30,2,2,0.0625,TRUE,det_12_own_competence; det_32_own_significance,32,0,TRUE
2293,LATAM,WHY_LATAM,why,32,0,0,0,FALSE,NA,32,0,TRUE
2294,LATAM,WHY_LATAM,why,32,0,0,0,FALSE,NA,32,0,TRUE
2295,LATAM,WHY_LATAM,why,32,0,0,0,FALSE,NA,32,0,TRUE
2296,LATAM,WHY_LATAM,why,26,6,6,0.1875,TRUE,det_04_added_value; det_18_autonomy; det_20_coziness; det_23_support; det_27_fun; det_30_authority,32,0,TRUE
2297,LATAM,WHY_LATAM,why,32,0,0,0,FALSE,NA,32,0,TRUE
2298,LATAM,WHY_LATAM,why,32,0,0,0,FALSE,NA,32,0,TRUE
2299,LATAM,WHY_LATAM,why,28,4,4,0.125,TRUE,det_01_profits; det_03_risk_profile; det_04_added_value; det_22_peer_pressure,32,0,TRUE
2300,LATAM,WHY_LATAM,why,32,0,0,0,FALSE,NA,32,0,TRUE
2301,LATAM,WHY_LATAM,why,32,0,0,0,FALSE,NA,32,0,TRUE
2302,LATAM,WHY_LATAM,why,32,0,0,0,FALSE,NA,32,0,TRUE
2303,LATAM,WHY_LATAM,why,32,0,0,0,FALSE,NA,32,0,TRUE
2304,LATAM,WHY_LATAM,why,32,0,0,0,FALSE,NA,32,0,TRUE
2305,LATAM,WHY_LATAM,why,32,0,0,0,FALSE,NA,32,0,TRUE
2306,LATAM,WHY_LATAM,why,32,0,0,0,FALSE,NA,32,0,TRUE
2307,LATAM,WHY_LATAM,why,32,0,0,0,FALSE,NA,32,0,TRUE
2308,LATAM,WHY_LATAM,why,32,0,0,0,FALSE,NA,32,0,TRUE
2309,LATAM,WHY_LATAM,why,32,0,0,0,FALSE,NA,32,0,TRUE
2310,LATAM,WHY_LATAM,why,32,0,0,0,FALSE,NA,32,0,TRUE
2311,LATAM,WHY_LATAM,why,32,0,0,0,FALSE,NA,32,0,TRUE
2312,LATAM,WHY_LATAM,why,32,0,0,0,FALSE,NA,32,0,TRUE
2313,LATAM,WHY_LATAM,why,32,0,0,0,FALSE,NA,32,0,TRUE
2314,LATAM,WHY_LATAM,why,32,0,0,0,FALSE,NA,32,0,TRUE
2315,LATAM,WHY_LATAM,why,32,0,0,0,FALSE,NA,32,0,TRUE
2316,LATAM,WHY_LATAM,why,32,0,0,0,FALSE,NA,32,0,TRUE
2317,LATAM,WHY_LATAM,why,32,0,0,0,FALSE,NA,32,0,TRUE
2318,LATAM,WHY_LATAM,why,32,0,0,0,FALSE,NA,32,0,TRUE
2319,LATAM,WHY_LATAM,why,32,0,0,0,FALSE,NA,32,0,TRUE
2320,LATAM,WHY_LATAM,why,32,0,0,0,FALSE,NA,32,0,TRUE
2321,LATAM,WHY_LATAM,why,32,0,0,0,FALSE,NA,32,0,TRUE
2322,LATAM,WHY_LATAM,why,32,0,0,0,FALSE,NA,32,0,TRUE
2323,LATAM,WHY_LATAM,why,32,0,0,0,FALSE,NA,32,0,TRUE
2324,LATAM,WHY_LATAM,why,32,0,0,0,FALSE,NA,32,0,TRUE
2325,LATAM,WHY_LATAM,why,32,0,0,0,FALSE,NA,32,0,TRUE
2326,LATAM,WHY_LATAM,why,32,0,0,0,FALSE,NA,32,0,TRUE
2327,LATAM,WHY_LATAM,why,32,0,0,0,FALSE,NA,32,0,TRUE
2328,LATAM,WHY_LATAM,why,32,0,0,0,FALSE,NA,32,0,TRUE
2329,LATAM,WHY_LATAM,why,32,0,0,0,FALSE,NA,32,0,TRUE
2330,LATAM,WHY_LATAM,why,32,0,0,0,FALSE,NA,32,0,TRUE
2331,LATAM,WHY_LATAM,why,32,0,0,0,FALSE,NA,32,0,TRUE
2332,LATAM,WHY_LATAM,why,32,0,0,0,FALSE,NA,32,0,TRUE
2333,LATAM,WHY_LATAM,why,32,0,0,0,FALSE,NA,32,0,TRUE
2334,LATAM,WHY_LATAM,why,32,0,0,0,FALSE,NA,32,0,TRUE
2335,LATAM,WHY_LATAM,why,32,0,0,0,FALSE,NA,32,0,TRUE
2336,LATAM,WHY_LATAM,why,32,0,0,0,FALSE,NA,32,0,TRUE
2337,LATAM,WHY_LATAM,why,32,0,0,0,FALSE,NA,32,0,TRUE
2338,LATAM,WHY_LATAM,why,31,1,1,0.03125,TRUE,det_24_socialising,32,0,TRUE
2339,LATAM,WHY_LATAM,why,32,0,0,0,FALSE,NA,32,0,TRUE
2340,LATAM,WHY_LATAM,why,32,0,0,0,FALSE,NA,32,0,TRUE
2341,LATAM,WHY_LATAM,why,32,0,0,0,FALSE,NA,32,0,TRUE
2342,LATAM,WHY_LATAM,why,32,0,0,0,FALSE,NA,32,0,TRUE
2343,LATAM,WHY_LATAM,why,32,0,0,0,FALSE,NA,32,0,TRUE
2344,LATAM,WHY_LATAM,why,32,0,0,0,FALSE,NA,32,0,TRUE
2345,LATAM,WHY_LATAM,why,32,0,0,0,FALSE,NA,32,0,TRUE
2346,LATAM,WHY_LATAM,why,32,0,0,0,FALSE,NA,32,0,TRUE
2347,LATAM,WHY_LATAM,why,32,0,0,0,FALSE,NA,32,0,TRUE
2348,LATAM,WHY_LATAM,why,32,0,0,0,FALSE,NA,32,0,TRUE
2349,LATAM,WHY_LATAM,why,32,0,0,0,FALSE,NA,32,0,TRUE
2350,LATAM,WHY_LATAM,why,32,0,0,0,FALSE,NA,32,0,TRUE
2351,LATAM,WHY_LATAM,why,32,0,0,0,FALSE,NA,32,0,TRUE
2352,LATAM,WHY_LATAM,why,32,0,0,0,FALSE,NA,32,0,TRUE
2353,LATAM,WHY_LATAM,why,32,0,0,0,FALSE,NA,32,0,TRUE
2354,LATAM,WHY_LATAM,why,32,0,0,0,FALSE,NA,32,0,TRUE
2355,LATAM,WHY_LATAM,why,32,0,0,0,FALSE,NA,32,0,TRUE
2356,LATAM,WHY_LATAM,why,32,0,0,0,FALSE,NA,32,0,TRUE
2357,LATAM,WHY_LATAM,why,32,0,0,0,FALSE,NA,32,0,TRUE
2358,LATAM,WHY_LATAM,why,32,0,0,0,FALSE,NA,32,0,TRUE
2359,LATAM,WHY_LATAM,why,32,0,0,0,FALSE,NA,32,0,TRUE
2360,LATAM,WHY_LATAM,why,32,0,0,0,FALSE,NA,32,0,TRUE
2361,LATAM,WHY_LATAM,why,32,0,0,0,FALSE,NA,32,0,TRUE
2362,LATAM,WHY_LATAM,why,32,0,0,0,FALSE,NA,32,0,TRUE
2363,LATAM,WHY_LATAM,why,32,0,0,0,FALSE,NA,32,0,TRUE
2364,LATAM,WHY_LATAM,why,32,0,0,0,FALSE,NA,32,0,TRUE
2365,LATAM,WHY_LATAM,why,32,0,0,0,FALSE,NA,32,0,TRUE
2366,LATAM,WHY_LATAM,why,31,1,1,0.03125,TRUE,det_07_legal,32,0,TRUE
2367,LATAM,WHY_LATAM,why,32,0,0,0,FALSE,NA,32,0,TRUE
2368,LATAM,WHY_LATAM,why,32,0,0,0,FALSE,NA,32,0,TRUE
2369,LATAM,WHY_LATAM,why,32,0,0,0,FALSE,NA,32,0,TRUE
2370,LATAM,WHY_LATAM,why,32,0,0,0,FALSE,NA,32,0,TRUE
2371,LATAM,WHY_LATAM,why,32,0,0,0,FALSE,NA,32,0,TRUE
2372,LATAM,WHY_LATAM,why,32,0,0,0,FALSE,NA,32,0,TRUE
2373,LATAM,WHY_LATAM,why,32,0,0,0,FALSE,NA,32,0,TRUE
2374,LATAM,WHY_LATAM,why,32,0,0,0,FALSE,NA,32,0,TRUE
2375,LATAM,WHY_LATAM,why,32,0,0,0,FALSE,NA,32,0,TRUE
2376,LATAM,WHY_LATAM,why,32,0,0,0,FALSE,NA,32,0,TRUE
2377,LATAM,WHY_LATAM,why,32,0,0,0,FALSE,NA,32,0,TRUE
2378,LATAM,WHY_LATAM,why,32,0,0,0,FALSE,NA,32,0,TRUE
2379,LATAM,WHY_LATAM,why,32,0,0,0,FALSE,NA,32,0,TRUE
2380,LATAM,WHY_LATAM,why,32,0,0,0,FALSE,NA,32,0,TRUE
2381,LATAM,WHY_LATAM,why,31,1,1,0.03125,TRUE,det_24_socialising,32,0,TRUE
2382,LATAM,WHY_LATAM,why,32,0,0,0,FALSE,NA,32,0,TRUE
2383,LATAM,WHY_LATAM,why,30,2,2,0.0625,TRUE,det_08_trust; det_17_adherence,32,0,TRUE
2384,LATAM,WHY_LATAM,why,32,0,0,0,FALSE,NA,32,0,TRUE
2385,LATAM,WHY_LATAM,why,32,0,0,0,FALSE,NA,32,0,TRUE
2386,LATAM,WHY_LATAM,why,29,3,3,0.09375,TRUE,det_13_technical_fit; det_16_commitment; det_18_autonomy,32,0,TRUE
2387,LATAM,WHY_LATAM,why,28,4,4,0.125,TRUE,det_01_profits; det_04_added_value; det_06_climate_protection; det_22_peer_pressure,32,0,TRUE
2388,LATAM,WHY_LATAM,why,32,0,0,0,FALSE,NA,32,0,TRUE
2389,LATAM,WHY_LATAM,why,32,0,0,0,FALSE,NA,32,0,TRUE
2390,LATAM,WHY_LATAM,why,31,1,1,0.03125,TRUE,det_16_commitment,32,0,TRUE
2391,LATAM,WHY_LATAM,why,32,0,0,0,FALSE,NA,32,0,TRUE
2392,LATAM,WHY_LATAM,why,32,0,0,0,FALSE,NA,32,0,TRUE
2393,LATAM,WHY_LATAM,why,32,0,0,0,FALSE,NA,32,0,TRUE
2394,LATAM,WHY_LATAM,why,30,2,2,0.0625,TRUE,det_19_wellbeing; det_25_agreement,32,0,TRUE
2395,LATAM,WHY_LATAM,why,32,0,0,0,FALSE,NA,32,0,TRUE
2396,LATAM,WHY_LATAM,why,32,0,0,0,FALSE,NA,32,0,TRUE
2397,LATAM,WHY_LATAM,why,32,0,0,0,FALSE,NA,32,0,TRUE
2398,LATAM,WHY_LATAM,why,32,0,0,0,FALSE,NA,32,0,TRUE
2399,LATAM,WHY_LATAM,why,31,1,1,0.03125,TRUE,det_10_cost_efficiency,32,0,TRUE
2400,LATAM,WHY_LATAM,why,32,0,0,0,FALSE,NA,32,0,TRUE
2401,LATAM,WHY_LATAM,why,32,0,0,0,FALSE,NA,32,0,TRUE
2402,LATAM,WHY_LATAM,why,32,0,0,0,FALSE,NA,32,0,TRUE
2403,LATAM,WHY_LATAM,why,32,0,0,0,FALSE,NA,32,0,TRUE
2404,LATAM,WHY_LATAM,why,32,0,0,0,FALSE,NA,32,0,TRUE
2405,LATAM,WHY_LATAM,why,32,0,0,0,FALSE,NA,32,0,TRUE
2406,LATAM,WHY_LATAM,why,32,0,0,0,FALSE,NA,32,0,TRUE
2407,LATAM,WHY_LATAM,why,31,1,1,0.03125,TRUE,det_26_novelty,32,0,TRUE
2408,LATAM,WHY_LATAM,why,32,0,0,0,FALSE,NA,32,0,TRUE
2409,LATAM,WHY_LATAM,why,32,0,0,0,FALSE,NA,32,0,TRUE
2410,LATAM,WHY_LATAM,why,32,0,0,0,FALSE,NA,32,0,FALSE
2411,LATAM,WHY_LATAM,why,32,0,0,0,FALSE,NA,32,0,TRUE
2412,LATAM,WHY_LATAM,why,32,0,0,0,FALSE,NA,32,0,TRUE
2413,LATAM,WHY_LATAM,why,27,5,5,0.15625,TRUE,det_05_frugality; det_06_climate_protection; det_08_trust; det_14_environmental_concerns; det_23_support,32,0,TRUE
2414,LATAM,WHY_LATAM,why,32,0,0,0,FALSE,NA,32,0,TRUE
2415,LATAM,WHY_LATAM,why,32,0,0,0,FALSE,NA,32,0,TRUE
2416,LATAM,WHY_LATAM,why,30,2,2,0.0625,TRUE,det_22_peer_pressure; det_29_trends,32,0,TRUE
2417,LATAM,WHY_LATAM,why,32,0,0,0,FALSE,NA,32,0,TRUE
2418,LATAM,WHY_LATAM,why,32,0,0,0,FALSE,NA,32,0,TRUE
2419,LATAM,WHY_LATAM,why,32,0,0,0,FALSE,NA,32,0,TRUE
2420,LATAM,WHY_LATAM,why,31,1,1,0.03125,TRUE,det_12_own_competence,32,0,TRUE
2421,LATAM,WHY_LATAM,why,32,0,0,0,FALSE,NA,32,0,TRUE
2422,LATAM,WHY_LATAM,why,32,0,0,0,FALSE,NA,32,0,TRUE
2423,LATAM,WHY_LATAM,why,32,0,0,0,FALSE,NA,32,0,TRUE
2424,LATAM,WHY_LATAM,why,32,0,0,0,FALSE,NA,32,0,TRUE
2425,LATAM,WHY_LATAM,why,32,0,0,0,FALSE,NA,32,0,TRUE
2426,LATAM,WHY_LATAM,why,32,0,0,0,FALSE,NA,32,0,TRUE
2427,LATAM,WHY_LATAM,why,32,0,0,0,FALSE,NA,32,0,TRUE
2428,LATAM,WHY_LATAM,why,32,0,0,0,FALSE,NA,32,0,TRUE
2429,LATAM,WHY_LATAM,why,32,0,0,0,FALSE,NA,32,0,TRUE
2430,LATAM,WHY_LATAM,why,32,0,0,0,FALSE,NA,32,0,TRUE
2431,LATAM,WHY_LATAM,why,32,0,0,0,FALSE,NA,32,0,TRUE
2432,LATAM,WHY_LATAM,why,32,0,0,0,FALSE,NA,32,0,TRUE
2433,LATAM,WHY_LATAM,why,32,0,0,0,FALSE,NA,32,0,TRUE
2434,LATAM,WHY_LATAM,why,32,0,0,0,FALSE,NA,32,0,TRUE
2435,LATAM,WHY_LATAM,why,32,0,0,0,FALSE,NA,32,0,TRUE
2436,LATAM,WHY_LATAM,why,32,0,0,0,FALSE,NA,32,0,TRUE
2437,LATAM,WHY_LATAM,why,32,0,0,0,FALSE,NA,32,0,TRUE
2438,LATAM,WHY_LATAM,why,32,0,0,0,FALSE,NA,32,0,TRUE
2439,LATAM,WHY_LATAM,why,32,0,0,0,FALSE,NA,32,0,TRUE
2440,LATAM,WHY_LATAM,why,32,0,0,0,FALSE,NA,32,0,TRUE
2441,LATAM,WHY_LATAM,why,32,0,0,0,FALSE,NA,32,0,TRUE
2442,LATAM,WHY_LATAM,why,32,0,0,0,FALSE,NA,32,0,TRUE
2443,LATAM,WHY_LATAM,why,32,0,0,0,FALSE,NA,32,0,TRUE
2444,LATAM,WHY_LATAM,why,32,0,0,0,FALSE,NA,32,0,TRUE
2445,LATAM,WHY_LATAM,why,32,0,0,0,FALSE,NA,32,0,TRUE
2446,LATAM,WHY_LATAM,why,32,0,0,0,FALSE,NA,32,0,TRUE
2447,LATAM,WHY_LATAM,why,31,1,1,0.03125,TRUE,det_24_socialising,32,0,TRUE
2448,LATAM,WHY_LATAM,why,30,2,2,0.0625,TRUE,det_04_added_value; det_29_trends,32,0,TRUE
2449,LATAM,WHY_LATAM,why,32,0,0,0,FALSE,NA,32,0,TRUE
2450,LATAM,WHY_LATAM,why,32,0,0,0,FALSE,NA,32,0,TRUE
2451,LATAM,WHY_LATAM,why,32,0,0,0,FALSE,NA,32,0,TRUE
2452,LATAM,WHY_LATAM,why,32,0,0,0,FALSE,NA,32,0,TRUE
2453,LATAM,WHY_LATAM,why,32,0,0,0,FALSE,NA,32,0,TRUE
2454,LATAM,WHY_LATAM,why,32,0,0,0,FALSE,NA,32,0,TRUE
2455,LATAM,WHY_LATAM,why,32,0,0,0,FALSE,NA,32,0,TRUE
2456,LATAM,WHY_LATAM,why,31,1,1,0.03125,TRUE,det_09_safety,32,0,TRUE
2457,LATAM,WHY_LATAM,why,32,0,0,0,FALSE,NA,32,0,TRUE
2458,LATAM,WHY_LATAM,why,32,0,0,0,FALSE,NA,32,0,TRUE
2459,LATAM,WHY_LATAM,why,32,0,0,0,FALSE,NA,32,0,TRUE
2460,LATAM,WHY_LATAM,why,32,0,0,0,FALSE,NA,32,0,TRUE
2461,LATAM,WHY_LATAM,why,32,0,0,0,FALSE,NA,32,0,TRUE
2462,LATAM,WHY_LATAM,why,32,0,0,0,FALSE,NA,32,0,TRUE
2463,LATAM,WHY_LATAM,why,32,0,0,0,FALSE,NA,32,0,TRUE
2464,LATAM,WHY_LATAM,why,32,0,0,0,FALSE,NA,32,0,TRUE
2465,LATAM,WHY_LATAM,why,32,0,0,0,FALSE,NA,32,0,TRUE
2466,LATAM,WHY_LATAM,why,32,0,0,0,FALSE,NA,32,0,TRUE
2467,LATAM,WHY_LATAM,why,32,0,0,0,FALSE,NA,32,0,TRUE
2468,LATAM,WHY_LATAM,why,32,0,0,0,FALSE,NA,32,0,TRUE
2469,LATAM,WHY_LATAM,why,32,0,0,0,FALSE,NA,32,0,TRUE
2470,LATAM,WHY_LATAM,why,30,2,2,0.0625,TRUE,det_05_frugality; det_18_autonomy,32,0,TRUE
2471,LATAM,WHY_LATAM,why,31,1,1,0.03125,TRUE,det_18_autonomy,32,0,TRUE
2472,LATAM,WHY_LATAM,why,32,0,0,0,FALSE,NA,32,0,TRUE
2473,LATAM,WHY_LATAM,why,32,0,0,0,FALSE,NA,32,0,TRUE
2474,LATAM,WHY_LATAM,why,32,0,0,0,FALSE,NA,32,0,TRUE
2475,LATAM,WHY_LATAM,why,32,0,0,0,FALSE,NA,32,0,TRUE
2476,LATAM,WHY_LATAM,why,32,0,0,0,FALSE,NA,32,0,TRUE
2477,LATAM,WHY_LATAM,why,32,0,0,0,FALSE,NA,32,0,TRUE
2478,LATAM,WHY_LATAM,why,32,0,0,0,FALSE,NA,32,0,TRUE
2479,LATAM,WHY_LATAM,why,32,0,0,0,FALSE,NA,32,0,TRUE
2480,LATAM,WHY_LATAM,why,32,0,0,0,FALSE,NA,32,0,TRUE
2481,LATAM,WHY_LATAM,why,32,0,0,0,FALSE,NA,32,0,TRUE
2482,LATAM,WHY_LATAM,why,32,0,0,0,FALSE,NA,32,0,TRUE
2483,LATAM,WHY_LATAM,why,32,0,0,0,FALSE,NA,32,0,TRUE
2484,LATAM,WHY_LATAM,why,32,0,0,0,FALSE,NA,32,0,TRUE
2485,LATAM,WHY_LATAM,why,32,0,0,0,FALSE,NA,32,0,TRUE
2486,LATAM,WHY_LATAM,why,32,0,0,0,FALSE,NA,32,0,TRUE
2487,LATAM,WHY_LATAM,why,32,0,0,0,FALSE,NA,32,0,TRUE
2488,LATAM,WHY_LATAM,why,29,3,3,0.09375,TRUE,det_03_risk_profile; det_06_climate_protection; det_20_coziness,32,0,TRUE
2489,LATAM,WHY_LATAM,why,31,1,1,0.03125,TRUE,det_14_environmental_concerns,32,0,TRUE
2490,LATAM,WHY_LATAM,why,32,0,0,0,FALSE,NA,32,0,TRUE
2491,LATAM,WHY_LATAM,why,32,0,0,0,FALSE,NA,32,0,TRUE
2492,LATAM,WHY_LATAM,why,32,0,0,0,FALSE,NA,32,0,TRUE
2493,LATAM,WHY_LATAM,why,32,0,0,0,FALSE,NA,32,0,TRUE
2494,LATAM,WHY_LATAM,why,32,0,0,0,FALSE,NA,32,0,TRUE
2495,LATAM,WHY_LATAM,why,32,0,0,0,FALSE,NA,32,0,TRUE
2496,LATAM,WHY_LATAM,why,32,0,0,0,FALSE,NA,32,0,TRUE
2497,LATAM,WHY_LATAM,why,32,0,0,0,FALSE,NA,32,0,TRUE
2498,LATAM,WHY_LATAM,why,32,0,0,0,FALSE,NA,32,0,TRUE
2499,LATAM,WHY_LATAM,why,32,0,0,0,FALSE,NA,32,0,TRUE
2500,LATAM,WHY_LATAM,why,31,1,1,0.03125,TRUE,det_27_fun,32,0,TRUE
2501,LATAM,WHY_LATAM,why,32,0,0,0,FALSE,NA,32,0,TRUE
2502,LATAM,WHY_LATAM,why,31,1,1,0.03125,TRUE,det_04_added_value,32,0,TRUE
2503,LATAM,WHY_LATAM,why,32,0,0,0,FALSE,NA,32,0,TRUE
2504,LATAM,WHY_LATAM,why,32,0,0,0,FALSE,NA,32,0,TRUE
2505,LATAM,WHY_LATAM,why,32,0,0,0,FALSE,NA,32,0,TRUE
2506,LATAM,WHY_LATAM,why,32,0,0,0,FALSE,NA,32,0,TRUE
2507,LATAM,WHY_LATAM,why,32,0,0,0,FALSE,NA,32,0,TRUE
2508,LATAM,WHY_LATAM,why,31,1,1,0.03125,TRUE,det_09_safety,32,0,TRUE
2509,LATAM,WHY_LATAM,why,30,2,2,0.0625,TRUE,det_05_frugality; det_26_novelty,32,0,TRUE
2510,LATAM,WHY_LATAM,why,32,0,0,0,FALSE,NA,32,0,TRUE
2511,LATAM,WHY_LATAM,why,32,0,0,0,FALSE,NA,32,0,TRUE
2512,LATAM,WHY_LATAM,why,32,0,0,0,FALSE,NA,32,0,TRUE
2513,LATAM,WHY_LATAM,why,32,0,0,0,FALSE,NA,32,0,TRUE
2514,LATAM,WHY_LATAM,why,32,0,0,0,FALSE,NA,32,0,TRUE
2515,LATAM,WHY_LATAM,why,32,0,0,0,FALSE,NA,32,0,TRUE
2516,LATAM,WHY_LATAM,why,32,0,0,0,FALSE,NA,32,0,TRUE
2517,LATAM,WHY_LATAM,why,32,0,0,0,FALSE,NA,32,0,TRUE
2518,LATAM,WHY_LATAM,why,32,0,0,0,FALSE,NA,32,0,TRUE
2519,LATAM,WHY_LATAM,why,32,0,0,0,FALSE,NA,32,0,TRUE
2520,LATAM,WHY_LATAM,why,32,0,0,0,FALSE,NA,32,0,TRUE
2521,LATAM,WHY_LATAM,why,32,0,0,0,FALSE,NA,32,0,TRUE
2522,LATAM,WHY_LATAM,why,32,0,0,0,FALSE,NA,32,0,TRUE
2523,LATAM,WHY_LATAM,why,31,1,1,0.03125,TRUE,det_01_profits,32,0,TRUE
2524,LATAM,WHY_LATAM,why,32,0,0,0,FALSE,NA,32,0,TRUE
2525,LATAM,WHY_LATAM,why,32,0,0,0,FALSE,NA,32,0,TRUE
2526,LATAM,WHY_LATAM,why,31,1,1,0.03125,TRUE,det_04_added_value,32,0,TRUE
2527,LATAM,WHY_LATAM,why,32,0,0,0,FALSE,NA,32,0,TRUE
2528,LATAM,WHY_LATAM,why,32,0,0,0,FALSE,NA,32,0,TRUE
2529,LATAM,WHY_LATAM,why,32,0,0,0,FALSE,NA,32,0,TRUE
2530,LATAM,WHY_LATAM,why,31,1,1,0.03125,TRUE,det_30_authority,32,0,TRUE
2531,LATAM,WHY_LATAM,why,32,0,0,0,FALSE,NA,32,0,TRUE
2532,LATAM,WHY_LATAM,why,32,0,0,0,FALSE,NA,32,0,TRUE
2533,LATAM,WHY_LATAM,why,32,0,0,0,FALSE,NA,32,0,TRUE
2534,LATAM,WHY_LATAM,why,29,3,3,0.09375,TRUE,det_05_frugality; det_06_climate_protection; det_18_autonomy,32,0,TRUE
2535,LATAM,WHY_LATAM,why,32,0,0,0,FALSE,NA,32,0,TRUE
2536,LATAM,WHY_LATAM,why,32,0,0,0,FALSE,NA,32,0,TRUE
2537,LATAM,WHY_LATAM,why,32,0,0,0,FALSE,NA,32,0,TRUE
2538,LATAM,WHY_LATAM,why,31,1,1,0.03125,TRUE,det_20_coziness,32,0,TRUE
2539,LATAM,WHY_LATAM,why,32,0,0,0,FALSE,NA,32,0,TRUE
2540,LATAM,WHY_LATAM,why,32,0,0,0,FALSE,NA,32,0,TRUE
2541,LATAM,WHY_LATAM,why,32,0,0,0,FALSE,NA,32,0,TRUE
2542,LATAM,WHY_LATAM,why,32,0,0,0,FALSE,NA,32,0,TRUE
2543,LATAM,WHY_LATAM,why,32,0,0,0,FALSE,NA,32,0,TRUE
2544,LATAM,WHY_LATAM,why,31,1,1,0.03125,TRUE,det_30_authority,32,0,TRUE
2545,LATAM,WHY_LATAM,why,32,0,0,0,FALSE,NA,32,0,TRUE
2546,LATAM,WHY_LATAM,why,32,0,0,0,FALSE,NA,32,0,TRUE
2547,LATAM,WHY_LATAM,why,32,0,0,0,FALSE,NA,32,0,TRUE
2548,LATAM,WHY_LATAM,why,32,0,0,0,FALSE,NA,32,0,TRUE
2549,LATAM,WHY_LATAM,why,32,0,0,0,FALSE,NA,32,0,TRUE
2550,LATAM,WHY_LATAM,why,32,0,0,0,FALSE,NA,32,0,TRUE
2551,LATAM,WHY_LATAM,why,32,0,0,0,FALSE,NA,32,0,TRUE
2552,LATAM,WHY_LATAM,why,32,0,0,0,FALSE,NA,32,0,TRUE
2553,LATAM,WHY_LATAM,why,31,1,1,0.03125,TRUE,det_03_risk_profile,32,0,TRUE
2554,LATAM,WHY_LATAM,why,32,0,0,0,FALSE,NA,32,0,TRUE
2555,LATAM,WHY_LATAM,why,32,0,0,0,FALSE,NA,32,0,TRUE
2556,LATAM,WHY_LATAM,why,32,0,0,0,FALSE,NA,32,0,TRUE
2557,LATAM,WHY_LATAM,why,32,0,0,0,FALSE,NA,32,0,TRUE
2558,LATAM,WHY_LATAM,why,32,0,0,0,FALSE,NA,32,0,TRUE
2559,LATAM,WHY_LATAM,why,32,0,0,0,FALSE,NA,32,0,TRUE
2560,LATAM,WHY_LATAM,why,32,0,0,0,FALSE,NA,32,0,TRUE
2561,LATAM,WHY_LATAM,why,32,0,0,0,FALSE,NA,32,0,TRUE
2562,LATAM,WHY_LATAM,why,32,0,0,0,FALSE,NA,32,0,TRUE
2563,LATAM,WHY_LATAM,why,31,1,1,0.03125,TRUE,det_08_trust,32,0,TRUE
2564,LATAM,WHY_LATAM,why,32,0,0,0,FALSE,NA,32,0,TRUE
2565,LATAM,WHY_LATAM,why,0,32,0,0,FALSE,NA,0,32,FALSE
2566,LATAM,WHY_LATAM,why,32,0,0,0,FALSE,NA,32,0,TRUE
2567,LATAM,WHY_LATAM,why,32,0,0,0,FALSE,NA,32,0,TRUE
2568,LATAM,WHY_LATAM,why,32,0,0,0,FALSE,NA,32,0,TRUE
2569,LATAM,WHY_LATAM,why,32,0,0,0,FALSE,NA,32,0,TRUE
2570,LATAM,WHY_LATAM,why,30,2,2,0.0625,TRUE,det_06_climate_protection; det_07_legal,32,0,TRUE
2571,LATAM,WHY_LATAM,why,32,0,0,0,FALSE,NA,32,0,TRUE
2572,LATAM,WHY_LATAM,why,32,0,0,0,FALSE,NA,32,0,TRUE
2573,LATAM,WHY_LATAM,why,32,0,0,0,FALSE,NA,32,0,TRUE
2574,LATAM,WHY_LATAM,why,32,0,0,0,FALSE,NA,32,0,TRUE
2575,LATAM,WHY_LATAM,why,32,0,0,0,FALSE,NA,32,0,TRUE
2576,LATAM,WHY_LATAM,why,32,0,0,0,FALSE,NA,32,0,TRUE
2577,LATAM,WHY_LATAM,why,32,0,0,0,FALSE,NA,32,0,TRUE
2578,LATAM,WHY_LATAM,why,32,0,0,0,FALSE,NA,32,0,TRUE
2579,LATAM,WHY_LATAM,why,32,0,0,0,FALSE,NA,32,0,TRUE
2580,LATAM,WHY_LATAM,why,32,0,0,0,FALSE,NA,32,0,TRUE
2581,LATAM,WHY_LATAM,why,32,0,0,0,FALSE,NA,32,0,TRUE
2582,LATAM,WHY_LATAM,why,32,0,0,0,FALSE,NA,32,0,TRUE
2583,LATAM,WHY_LATAM,why,32,0,0,0,FALSE,NA,32,0,TRUE
2584,LATAM,WHY_LATAM,why,32,0,0,0,FALSE,NA,32,0,TRUE
2585,LATAM,WHY_LATAM,why,32,0,0,0,FALSE,NA,32,0,TRUE
2586,LATAM,WHY_LATAM,why,32,0,0,0,FALSE,NA,32,0,TRUE
2587,LATAM,WHY_LATAM,why,27,5,5,0.15625,TRUE,det_05_frugality; det_24_socialising; det_27_fun; det_28_recognition; det_30_authority,32,0,TRUE
2588,LATAM,WHY_LATAM,why,32,0,0,0,FALSE,NA,32,0,TRUE
2589,LATAM,WHY_LATAM,why,32,0,0,0,FALSE,NA,32,0,TRUE
2590,LATAM,WHY_LATAM,why,32,0,0,0,FALSE,NA,32,0,TRUE
2591,LATAM,WHY_LATAM,why,32,0,0,0,FALSE,NA,32,0,TRUE
2592,LATAM,WHY_LATAM,why,30,2,2,0.0625,TRUE,det_06_climate_protection; det_21_rights_and_duties,32,0,TRUE
2593,LATAM,WHY_LATAM,why,32,0,0,0,FALSE,NA,32,0,TRUE
2594,LATAM,WHY_LATAM,why,32,0,0,0,FALSE,NA,32,0,TRUE
2595,LATAM,WHY_LATAM,why,32,0,0,0,FALSE,NA,32,0,TRUE
2596,LATAM,WHY_LATAM,why,32,0,0,0,FALSE,NA,32,0,TRUE
2597,LATAM,WHY_LATAM,why,32,0,0,0,FALSE,NA,32,0,TRUE
2598,LATAM,WHY_LATAM,why,32,0,0,0,FALSE,NA,32,0,TRUE
2599,LATAM,WHY_LATAM,why,32,0,0,0,FALSE,NA,32,0,TRUE
2600,LATAM,WHY_LATAM,why,32,0,0,0,FALSE,NA,32,0,TRUE
2601,LATAM,WHY_LATAM,why,31,1,1,0.03125,TRUE,det_21_rights_and_duties,32,0,TRUE
2602,LATAM,WHY_LATAM,why,32,0,0,0,FALSE,NA,32,0,TRUE
2603,LATAM,WHY_LATAM,why,32,0,0,0,FALSE,NA,32,0,TRUE
2604,LATAM,WHY_LATAM,why,30,2,2,0.0625,TRUE,det_18_autonomy; det_27_fun,32,0,TRUE
2605,LATAM,WHY_LATAM,why,31,1,1,0.03125,TRUE,det_29_trends,32,0,TRUE
2606,LATAM,WHY_LATAM,why,32,0,0,0,FALSE,NA,32,0,TRUE
2607,LATAM,WHY_LATAM,why,32,0,0,0,FALSE,NA,32,0,TRUE
2608,LATAM,WHY_LATAM,why,32,0,0,0,FALSE,NA,32,0,TRUE
2609,LATAM,WHY_LATAM,why,32,0,0,0,FALSE,NA,32,0,TRUE
2610,LATAM,WHY_LATAM,why,32,0,0,0,FALSE,NA,32,0,TRUE
2611,LATAM,WHY_LATAM,why,32,0,0,0,FALSE,NA,32,0,TRUE
2612,LATAM,WHY_LATAM,why,0,32,0,0,FALSE,NA,0,32,FALSE
2613,LATAM,WHY_LATAM,why,32,0,0,0,FALSE,NA,32,0,TRUE
2614,LATAM,WHY_LATAM,why,32,0,0,0,FALSE,NA,32,0,TRUE
2615,LATAM,WHY_LATAM,why,32,0,0,0,FALSE,NA,32,0,TRUE
2616,LATAM,WHY_LATAM,why,32,0,0,0,FALSE,NA,32,0,TRUE
2617,LATAM,WHY_LATAM,why,30,2,2,0.0625,TRUE,det_10_cost_efficiency; det_23_support,32,0,TRUE
2618,LATAM,WHY_LATAM,why,31,1,1,0.03125,TRUE,det_20_coziness,32,0,TRUE
2619,LATAM,WHY_LATAM,why,32,0,0,0,FALSE,NA,32,0,TRUE
2620,LATAM,WHY_LATAM,why,32,0,0,0,FALSE,NA,32,0,TRUE
2621,LATAM,WHY_LATAM,why,32,0,0,0,FALSE,NA,32,0,TRUE
2622,LATAM,WHY_LATAM,why,32,0,0,0,FALSE,NA,32,0,TRUE
2623,LATAM,WHY_LATAM,why,32,0,0,0,FALSE,NA,32,0,TRUE
2624,LATAM,WHY_LATAM,why,29,3,3,0.09375,TRUE,det_02_credit_score; det_07_legal; det_16_commitment,32,0,TRUE
2625,LATAM,WHY_LATAM,why,32,0,0,0,FALSE,NA,32,0,TRUE
2626,LATAM,WHY_LATAM,why,32,0,0,0,FALSE,NA,32,0,TRUE
2627,LATAM,WHY_LATAM,why,31,1,1,0.03125,TRUE,det_32_own_significance,32,0,TRUE
2628,LATAM,WHY_LATAM,why,32,0,0,0,FALSE,NA,32,0,TRUE
2629,LATAM,WHY_LATAM,why,32,0,0,0,FALSE,NA,32,0,TRUE
2630,LATAM,WHY_LATAM,why,26,6,6,0.1875,TRUE,det_07_legal; det_08_trust; det_09_safety; det_16_commitment; det_18_autonomy; det_20_coziness,32,0,TRUE
2631,LATAM,WHY_LATAM,why,32,0,0,0,FALSE,NA,32,0,TRUE
2632,LATAM,WHY_LATAM,why,32,0,0,0,FALSE,NA,32,0,TRUE
2633,LATAM,WHY_LATAM,why,32,0,0,0,FALSE,NA,32,0,TRUE
2634,LATAM,WHY_LATAM,why,32,0,0,0,FALSE,NA,32,0,TRUE
2635,LATAM,WHY_LATAM,why,32,0,0,0,FALSE,NA,32,0,TRUE
2636,LATAM,WHY_LATAM,why,32,0,0,0,FALSE,NA,32,0,TRUE
2637,LATAM,WHY_LATAM,why,32,0,0,0,FALSE,NA,32,0,TRUE
2638,LATAM,WHY_LATAM,why,32,0,0,0,FALSE,NA,32,0,TRUE
2639,LATAM,WHY_LATAM,why,31,1,1,0.03125,TRUE,det_12_own_competence,32,0,TRUE
2640,LATAM,WHY_LATAM,why,32,0,0,0,FALSE,NA,32,0,TRUE
2641,LATAM,WHY_LATAM,why,32,0,0,0,FALSE,NA,32,0,TRUE
2642,LATAM,WHY_LATAM,why,32,0,0,0,FALSE,NA,32,0,TRUE
2643,LATAM,WHY_LATAM,why,30,2,2,0.0625,TRUE,det_07_legal; det_08_trust,32,0,TRUE
2644,LATAM,WHY_LATAM,why,32,0,0,0,FALSE,NA,32,0,TRUE
2645,LATAM,WHY_LATAM,why,32,0,0,0,FALSE,NA,32,0,TRUE
2646,LATAM,WHY_LATAM,why,32,0,0,0,FALSE,NA,32,0,TRUE
2647,LATAM,WHY_LATAM,why,32,0,0,0,FALSE,NA,32,0,TRUE
2648,LATAM,WHY_LATAM,why,32,0,0,0,FALSE,NA,32,0,TRUE
2649,LATAM,WHY_LATAM,why,32,0,0,0,FALSE,NA,32,0,TRUE
2650,LATAM,WHY_LATAM,why,32,0,0,0,FALSE,NA,32,0,TRUE
2651,LATAM,WHY_LATAM,why,32,0,0,0,FALSE,NA,32,0,TRUE
2652,LATAM,WHY_LATAM,why,31,1,1,0.03125,TRUE,det_31_approval,32,0,TRUE
2653,LATAM,WHY_LATAM,why,32,0,0,0,FALSE,NA,32,0,TRUE
2654,LATAM,WHY_LATAM,why,32,0,0,0,FALSE,NA,32,0,TRUE
2655,LATAM,WHY_LATAM,why,32,0,0,0,FALSE,NA,32,0,TRUE
2656,LATAM,WHY_LATAM,why,32,0,0,0,FALSE,NA,32,0,TRUE
2657,LATAM,WHY_LATAM,why,32,0,0,0,FALSE,NA,32,0,TRUE
2658,LATAM,WHY_LATAM,why,32,0,0,0,FALSE,NA,32,0,TRUE
2659,LATAM,WHY_LATAM,why,32,0,0,0,FALSE,NA,32,0,TRUE
2660,LATAM,WHY_LATAM,why,32,0,0,0,FALSE,NA,32,0,TRUE
2661,LATAM,WHY_LATAM,why,32,0,0,0,FALSE,NA,32,0,TRUE
2662,LATAM,WHY_LATAM,why,31,1,1,0.03125,TRUE,det_21_rights_and_duties,32,0,TRUE
2663,LATAM,WHY_LATAM,why,32,0,0,0,FALSE,NA,32,0,TRUE
2664,LATAM,WHY_LATAM,why,32,0,0,0,FALSE,NA,32,0,TRUE
2665,LATAM,WHY_LATAM,why,32,0,0,0,FALSE,NA,32,0,TRUE
2666,LATAM,WHY_LATAM,why,32,0,0,0,FALSE,NA,32,0,TRUE
2667,LATAM,WHY_LATAM,why,29,3,3,0.09375,TRUE,det_08_trust; det_21_rights_and_duties; det_26_novelty,32,0,TRUE
2668,LATAM,WHY_LATAM,why,32,0,0,0,FALSE,NA,32,0,TRUE
2669,LATAM,WHY_LATAM,why,32,0,0,0,FALSE,NA,32,0,TRUE
2670,LATAM,WHY_LATAM,why,32,0,0,0,FALSE,NA,32,0,TRUE
2671,LATAM,WHY_LATAM,why,32,0,0,0,FALSE,NA,32,0,TRUE
2672,LATAM,WHY_LATAM,why,32,0,0,0,FALSE,NA,32,0,TRUE
2673,LATAM,WHY_LATAM,why,31,1,1,0.03125,TRUE,det_31_approval,32,0,TRUE
2674,LATAM,WHY_LATAM,why,32,0,0,0,FALSE,NA,32,0,TRUE
2675,LATAM,WHY_LATAM,why,29,3,3,0.09375,TRUE,det_06_climate_protection; det_08_trust; det_19_wellbeing,32,0,TRUE
2676,LATAM,WHY_LATAM,why,31,1,1,0.03125,TRUE,det_26_novelty,32,0,TRUE
2677,LATAM,WHY_LATAM,why,32,0,0,0,FALSE,NA,32,0,TRUE
2678,LATAM,WHY_LATAM,why,32,0,0,0,FALSE,NA,32,0,TRUE
2679,LATAM,WHY_LATAM,why,32,0,0,0,FALSE,NA,32,0,TRUE
2680,LATAM,WHY_LATAM,why,32,0,0,0,FALSE,NA,32,0,TRUE
2681,LATAM,WHY_LATAM,why,32,0,0,0,FALSE,NA,32,0,TRUE
2682,LATAM,WHY_LATAM,why,32,0,0,0,FALSE,NA,32,0,TRUE
2683,LATAM,WHY_LATAM,why,32,0,0,0,FALSE,NA,32,0,TRUE
2684,LATAM,WHY_LATAM,why,32,0,0,0,FALSE,NA,32,0,TRUE
2685,LATAM,WHY_LATAM,why,32,0,0,0,FALSE,NA,32,0,TRUE
2686,LATAM,WHY_LATAM,why,31,1,1,0.03125,TRUE,det_08_trust,32,0,TRUE
2687,LATAM,WHY_LATAM,why,30,2,2,0.0625,TRUE,det_04_added_value; det_30_authority,32,0,TRUE
2688,LATAM,WHY_LATAM,why,32,0,0,0,FALSE,NA,32,0,TRUE
2689,LATAM,WHY_LATAM,why,31,1,1,0.03125,TRUE,det_22_peer_pressure,32,0,TRUE
2690,LATAM,WHY_LATAM,why,32,0,0,0,FALSE,NA,32,0,TRUE
2691,LATAM,WHY_LATAM,why,32,0,0,0,FALSE,NA,32,0,TRUE
2692,LATAM,WHY_LATAM,why,32,0,0,0,FALSE,NA,32,0,TRUE
2693,LATAM,WHY_LATAM,why,32,0,0,0,FALSE,NA,32,0,TRUE
2694,LATAM,WHY_LATAM,why,30,2,2,0.0625,TRUE,det_04_added_value; det_23_support,32,0,TRUE
2695,LATAM,WHY_LATAM,why,31,1,1,0.03125,TRUE,det_09_safety,32,0,TRUE
2696,LATAM,WHY_LATAM,why,32,0,0,0,FALSE,NA,32,0,TRUE
2697,LATAM,WHY_LATAM,why,32,0,0,0,FALSE,NA,32,0,TRUE
2698,LATAM,WHY_LATAM,why,32,0,0,0,FALSE,NA,32,0,TRUE
2699,LATAM,WHY_LATAM,why,32,0,0,0,FALSE,NA,32,0,TRUE
2700,LATAM,WHY_LATAM,why,32,0,0,0,FALSE,NA,32,0,TRUE
2701,LATAM,WHY_LATAM,why,32,0,0,0,FALSE,NA,32,0,TRUE
2702,LATAM,WHY_LATAM,why,32,0,0,0,FALSE,NA,32,0,TRUE
2703,LATAM,WHY_LATAM,why,31,1,1,0.03125,TRUE,det_01_profits,32,0,TRUE
2704,LATAM,WHY_LATAM,why,32,0,0,0,FALSE,NA,32,0,TRUE
2705,LATAM,WHY_LATAM,why,32,0,0,0,FALSE,NA,32,0,TRUE
2706,LATAM,WHY_LATAM,why,32,0,0,0,FALSE,NA,32,0,TRUE
2707,LATAM,WHY_LATAM,why,28,4,4,0.125,TRUE,det_10_cost_efficiency; det_19_wellbeing; det_31_approval; det_32_own_significance,32,0,TRUE
2708,LATAM,WHY_LATAM,why,29,3,3,0.09375,TRUE,det_05_frugality; det_06_climate_protection; det_15_self_satisfaction,32,0,TRUE
2709,LATAM,WHY_LATAM,why,30,2,2,0.0625,TRUE,det_17_adherence; det_20_coziness,32,0,TRUE
2710,LATAM,WHY_LATAM,why,31,1,1,0.03125,TRUE,det_31_approval,32,0,TRUE
2711,LATAM,WHY_LATAM,why,31,1,1,0.03125,TRUE,det_05_frugality,32,0,TRUE
2712,LATAM,WHY_LATAM,why,31,1,1,0.03125,TRUE,det_16_commitment,32,0,TRUE
2713,LATAM,WHY_LATAM,why,30,2,2,0.0625,TRUE,det_22_peer_pressure; det_23_support,32,0,TRUE
2714,LATAM,WHY_LATAM,why,24,8,8,0.25,TRUE,det_01_profits; det_03_risk_profile; det_09_safety; det_10_cost_efficiency; det_19_wellbeing; det_24_socialising; det_30_authority; det_31_approval,32,0,TRUE
2715,LATAM,WHY_LATAM,why,31,1,1,0.03125,TRUE,det_04_added_value,32,0,TRUE
2716,LATAM,WHY_LATAM,why,30,2,2,0.0625,TRUE,det_01_profits; det_26_novelty,32,0,TRUE
2717,LATAM,WHY_LATAM,why,31,1,1,0.03125,TRUE,det_05_frugality,32,0,TRUE
2718,LATAM,WHY_LATAM,why,31,1,1,0.03125,TRUE,det_05_frugality,32,0,TRUE
2719,LATAM,WHY_LATAM,why,32,0,0,0,FALSE,NA,32,0,FALSE
2720,LATAM,WHY_LATAM,why,23,9,0,0,FALSE,NA,23,9,FALSE
2721,LATAM,WHY_LATAM,why,32,0,0,0,FALSE,NA,32,0,TRUE
2722,LATAM,WHY_LATAM,why,32,0,0,0,FALSE,NA,32,0,TRUE
2723,LATAM,WHY_LATAM,why,32,0,0,0,FALSE,NA,32,0,TRUE
2724,LATAM,WHY_LATAM,why,31,1,1,0.03125,TRUE,det_14_environmental_concerns,32,0,TRUE
2725,LATAM,WHY_LATAM,why,5,27,0,0,FALSE,NA,5,27,FALSE
2726,LATAM,WHY_LATAM,why,32,0,0,0,FALSE,NA,32,0,TRUE
2727,LATAM,WHY_LATAM,why,28,4,4,0.125,TRUE,det_05_frugality; det_09_safety; det_13_technical_fit; det_19_wellbeing,32,0,TRUE
2728,LATAM,WHY_LATAM,why,3,29,0,0,FALSE,NA,3,29,FALSE
2729,LATAM,WHY_LATAM,why,30,2,2,0.0625,TRUE,det_05_frugality; det_16_commitment,32,0,TRUE
2730,LATAM,WHY_LATAM,why,0,32,0,0,FALSE,NA,0,32,FALSE
2731,LATAM,WHY_LATAM,why,29,3,3,0.09375,TRUE,det_05_frugality; det_07_legal; det_16_commitment,32,0,TRUE
2732,LATAM,WHY_LATAM,why,26,6,6,0.1875,TRUE,det_02_credit_score; det_03_risk_profile; det_04_added_value; det_06_climate_protection; det_10_cost_efficiency; det_23_support,32,0,TRUE
2733,LATAM,WHY_LATAM,why,0,32,0,0,FALSE,NA,0,32,FALSE
2734,LATAM,WHY_LATAM,why,32,0,0,0,FALSE,NA,32,0,TRUE
2735,LATAM,WHY_LATAM,why,26,6,6,0.1875,TRUE,det_07_legal; det_08_trust; det_13_technical_fit; det_19_wellbeing; det_21_rights_and_duties; det_32_own_significance,32,0,TRUE
2736,LATAM,WHY_LATAM,why,31,1,1,0.03125,TRUE,det_07_legal,32,0,TRUE
2737,LATAM,WHY_LATAM,why,29,3,3,0.09375,TRUE,det_04_added_value; det_26_novelty; det_29_trends,32,0,TRUE
2738,LATAM,WHY_LATAM,why,0,32,0,0,FALSE,NA,0,32,FALSE
2739,LATAM,WHY_LATAM,why,31,1,1,0.03125,TRUE,det_27_fun,32,0,TRUE
2740,LATAM,WHY_LATAM,why,32,0,0,0,FALSE,NA,32,0,TRUE
2741,LATAM,WHY_LATAM,why,32,0,0,0,FALSE,NA,32,0,TRUE
2742,LATAM,WHY_LATAM,why,29,3,3,0.09375,TRUE,det_16_commitment; det_29_trends; det_31_approval,32,0,TRUE
2743,LATAM,WHY_LATAM,why,32,0,0,0,FALSE,NA,32,0,TRUE
2744,LATAM,WHY_LATAM,why,31,1,1,0.03125,TRUE,det_19_wellbeing,32,0,TRUE
2745,LATAM,WHY_LATAM,why,31,1,1,0.03125,TRUE,det_23_support,32,0,TRUE
2746,LATAM,WHY_LATAM,why,32,0,0,0,FALSE,NA,32,0,TRUE
2747,LATAM,WHY_LATAM,why,32,0,0,0,FALSE,NA,32,0,TRUE
2748,LATAM,WHY_LATAM,why,0,32,0,0,FALSE,NA,0,32,FALSE
2749,LATAM,WHY_LATAM,why,32,0,0,0,FALSE,NA,32,0,TRUE
2750,LATAM,WHY_LATAM,why,32,0,0,0,FALSE,NA,32,0,TRUE
2751,LATAM,WHY_LATAM,why,32,0,0,0,FALSE,NA,32,0,TRUE
2752,LATAM,WHY_LATAM,why,32,0,0,0,FALSE,NA,32,0,FALSE
2753,LATAM,WHY_LATAM,why,29,3,3,0.09375,TRUE,det_10_cost_efficiency; det_14_environmental_concerns; det_20_coziness,32,0,TRUE
2754,LATAM,WHY_LATAM,why,31,1,1,0.03125,TRUE,det_32_own_significance,32,0,TRUE
2755,LATAM,WHY_LATAM,why,32,0,0,0,FALSE,NA,32,0,TRUE
2756,LATAM,WHY_LATAM,why,31,1,1,0.03125,TRUE,det_08_trust,32,0,TRUE
2757,LATAM,WHY_LATAM,why,25,7,7,0.21875,TRUE,det_06_climate_protection; det_09_safety; det_14_environmental_concerns; det_16_commitment; det_26_novelty; det_28_recognition; det_30_authority,32,0,TRUE
2758,LATAM,WHY_LATAM,why,22,10,0,0,FALSE,NA,22,10,FALSE
2759,LATAM,WHY_LATAM,why,32,0,0,0,FALSE,NA,32,0,TRUE
2760,LATAM,WHY_LATAM,why,30,2,2,0.0625,TRUE,det_18_autonomy; det_27_fun,32,0,TRUE
2761,LATAM,WHY_LATAM,why,32,0,0,0,FALSE,NA,32,0,TRUE
2762,LATAM,WHY_LATAM,why,32,0,0,0,FALSE,NA,32,0,TRUE
2763,LATAM,WHY_LATAM,why,32,0,0,0,FALSE,NA,32,0,TRUE
2764,LATAM,WHY_LATAM,why,3,29,0,0,FALSE,NA,3,29,FALSE
2765,LATAM,WHY_LATAM,why,23,9,0,0,FALSE,NA,23,9,FALSE
2766,LATAM,WHY_LATAM,why,29,3,3,0.09375,TRUE,det_20_coziness; det_25_agreement; det_31_approval,32,0,TRUE
2767,LATAM,WHY_LATAM,why,32,0,0,0,FALSE,NA,32,0,TRUE
2768,LATAM,WHY_LATAM,why,25,7,7,0.21875,TRUE,det_05_frugality; det_08_trust; det_11_knowledge; det_13_technical_fit; det_14_environmental_concerns; det_24_socialising; det_30_authority,32,0,TRUE
2769,LATAM,WHY_LATAM,why,32,0,0,0,FALSE,NA,32,0,TRUE
2770,LATAM,WHY_LATAM,why,25,7,7,0.21875,TRUE,det_06_climate_protection; det_19_wellbeing; det_20_coziness; det_21_rights_and_duties; det_22_peer_pressure; det_28_recognition; det_31_approval,32,0,TRUE
2771,LATAM,WHY_LATAM,why,32,0,0,0,FALSE,NA,32,0,TRUE
2772,LATAM,WHY_LATAM,why,31,1,1,0.03125,TRUE,det_23_support,32,0,TRUE
2773,LATAM,WHY_LATAM,why,31,1,1,0.03125,TRUE,det_18_autonomy,32,0,TRUE
2774,LATAM,WHY_LATAM,why,31,1,1,0.03125,TRUE,det_19_wellbeing,32,0,TRUE
2775,LATAM,WHY_LATAM,why,32,0,0,0,FALSE,NA,32,0,TRUE
2776,LATAM,WHY_LATAM,why,31,1,1,0.03125,TRUE,det_06_climate_protection,32,0,TRUE
2777,LATAM,WHY_LATAM,why,32,0,0,0,FALSE,NA,32,0,TRUE
2778,LATAM,WHY_LATAM,why,31,1,1,0.03125,TRUE,det_07_legal,32,0,TRUE
2779,LATAM,WHY_LATAM,why,29,3,3,0.09375,TRUE,det_14_environmental_concerns; det_18_autonomy; det_30_authority,32,0,TRUE
2780,LATAM,WHY_LATAM,why,31,1,1,0.03125,TRUE,det_13_technical_fit,32,0,TRUE
2781,LATAM,WHY_LATAM,why,32,0,0,0,FALSE,NA,32,0,TRUE
2782,LATAM,WHY_LATAM,why,31,1,1,0.03125,TRUE,det_25_agreement,32,0,TRUE
2783,LATAM,WHY_LATAM,why,32,0,0,0,FALSE,NA,32,0,TRUE
2784,LATAM,WHY_LATAM,why,30,2,2,0.0625,TRUE,det_15_self_satisfaction; det_29_trends,32,0,TRUE
2785,LATAM,WHY_LATAM,why,32,0,0,0,FALSE,NA,32,0,TRUE
2786,LATAM,WHY_LATAM,why,29,3,3,0.09375,TRUE,det_01_profits; det_02_credit_score; det_13_technical_fit,32,0,TRUE
2787,LATAM,WHY_LATAM,why,28,4,4,0.125,TRUE,det_13_technical_fit; det_15_self_satisfaction; det_22_peer_pressure; det_25_agreement,32,0,TRUE
2788,LATAM,WHY_LATAM,why,32,0,0,0,FALSE,NA,32,0,TRUE
2789,LATAM,WHY_LATAM,why,32,0,0,0,FALSE,NA,32,0,TRUE
2790,LATAM,WHY_LATAM,why,31,1,1,0.03125,TRUE,det_05_frugality,32,0,TRUE
2791,LATAM,WHY_LATAM,why,0,32,0,0,FALSE,NA,0,32,FALSE
2792,LATAM,WHY_LATAM,why,32,0,0,0,FALSE,NA,32,0,FALSE
2793,LATAM,WHY_LATAM,why,32,0,0,0,FALSE,NA,32,0,TRUE
2794,LATAM,WHY_LATAM,why,32,0,0,0,FALSE,NA,32,0,TRUE
2795,LATAM,WHY_LATAM,why,26,6,6,0.1875,TRUE,det_07_legal; det_08_trust; det_14_environmental_concerns; det_18_autonomy; det_26_novelty; det_32_own_significance,32,0,TRUE
2796,LATAM,WHY_LATAM,why,0,32,0,0,FALSE,NA,0,32,FALSE
2797,LATAM,WHY_LATAM,why,31,1,1,0.03125,TRUE,det_20_coziness,32,0,TRUE
2798,LATAM,WHY_LATAM,why,31,1,1,0.03125,TRUE,det_12_own_competence,32,0,TRUE
2799,LATAM,WHY_LATAM,why,32,0,0,0,FALSE,NA,32,0,TRUE
2800,LATAM,WHY_LATAM,why,32,0,0,0,FALSE,NA,32,0,TRUE
2801,LATAM,WHY_LATAM,why,1,31,0,0,FALSE,NA,1,31,FALSE
2802,LATAM,WHY_LATAM,why,30,2,2,0.0625,TRUE,det_09_safety; det_28_recognition,32,0,TRUE
2803,LATAM,WHY_LATAM,why,3,29,0,0,FALSE,NA,3,29,FALSE
2804,LATAM,WHY_LATAM,why,32,0,0,0,FALSE,NA,32,0,TRUE
2805,LATAM,WHY_LATAM,why,31,1,1,0.03125,TRUE,det_32_own_significance,32,0,TRUE
2806,LATAM,WHY_LATAM,why,32,0,0,0,FALSE,NA,32,0,TRUE
2807,LATAM,WHY_LATAM,why,30,2,2,0.0625,TRUE,det_11_knowledge; det_14_environmental_concerns,32,0,TRUE
2808,LATAM,WHY_LATAM,why,32,0,0,0,FALSE,NA,32,0,TRUE
2809,LATAM,WHY_LATAM,why,32,0,0,0,FALSE,NA,32,0,TRUE
2810,LATAM,WHY_LATAM,why,31,1,1,0.03125,TRUE,det_32_own_significance,32,0,TRUE
2811,LATAM,WHY_LATAM,why,32,0,0,0,FALSE,NA,32,0,TRUE
2812,LATAM,WHY_LATAM,why,32,0,0,0,FALSE,NA,32,0,TRUE
2813,LATAM,WHY_LATAM,why,32,0,0,0,FALSE,NA,32,0,TRUE
2814,LATAM,WHY_LATAM,why,32,0,0,0,FALSE,NA,32,0,TRUE
2815,LATAM,WHY_LATAM,why,32,0,0,0,FALSE,NA,32,0,TRUE
2816,LATAM,WHY_LATAM,why,32,0,0,0,FALSE,NA,32,0,FALSE
2817,LATAM,WHY_LATAM,why,29,3,3,0.09375,TRUE,det_13_technical_fit; det_22_peer_pressure; det_30_authority,32,0,TRUE
2818,LATAM,WHY_LATAM,why,31,1,1,0.03125,TRUE,det_20_coziness,32,0,TRUE
2819,LATAM,WHY_LATAM,why,14,18,0,0,FALSE,NA,14,18,FALSE
2820,LATAM,WHY_LATAM,why,32,0,0,0,FALSE,NA,32,0,TRUE
2821,LATAM,WHY_LATAM,why,32,0,0,0,FALSE,NA,32,0,TRUE
2822,LATAM,WHY_LATAM,why,32,0,0,0,FALSE,NA,32,0,TRUE
2823,LATAM,WHY_LATAM,why,7,25,0,0,FALSE,NA,7,25,FALSE
2824,LATAM,WHY_LATAM,why,32,0,0,0,FALSE,NA,32,0,TRUE
2825,LATAM,WHY_LATAM,why,32,0,0,0,FALSE,NA,32,0,TRUE
2826,LATAM,WHY_LATAM,why,28,4,4,0.125,TRUE,det_11_knowledge; det_12_own_competence; det_19_wellbeing; det_22_peer_pressure,32,0,TRUE
2827,LATAM,WHY_LATAM,why,30,2,2,0.0625,TRUE,det_11_knowledge; det_27_fun,32,0,TRUE
2828,LATAM,WHY_LATAM,why,32,0,0,0,FALSE,NA,32,0,TRUE
2829,LATAM,WHY_LATAM,why,31,1,1,0.03125,TRUE,det_25_agreement,32,0,TRUE
2830,LATAM,WHY_LATAM,why,32,0,0,0,FALSE,NA,32,0,TRUE
2831,LATAM,WHY_LATAM,why,32,0,0,0,FALSE,NA,32,0,TRUE
2832,LATAM,WHY_LATAM,why,31,1,1,0.03125,TRUE,det_12_own_competence,32,0,TRUE
2833,LATAM,WHY_LATAM,why,32,0,0,0,FALSE,NA,32,0,TRUE
2834,LATAM,WHY_LATAM,why,32,0,0,0,FALSE,NA,32,0,TRUE
2835,LATAM,WHY_LATAM,why,29,3,3,0.09375,TRUE,det_08_trust; det_11_knowledge; det_15_self_satisfaction,32,0,TRUE
2836,LATAM,WHY_LATAM,why,31,1,1,0.03125,TRUE,det_21_rights_and_duties,32,0,TRUE
2837,LATAM,WHY_LATAM,why,32,0,0,0,FALSE,NA,32,0,TRUE
2838,LATAM,WHY_LATAM,why,32,0,0,0,FALSE,NA,32,0,TRUE
2839,LATAM,WHY_LATAM,why,32,0,0,0,FALSE,NA,32,0,TRUE
2840,LATAM,WHY_LATAM,why,0,32,0,0,FALSE,NA,0,32,FALSE
2841,LATAM,WHY_LATAM,why,2,30,0,0,FALSE,NA,2,30,FALSE
2842,LATAM,WHY_LATAM,why,0,32,0,0,FALSE,NA,0,32,FALSE
2843,LATAM,WHY_LATAM,why,28,4,4,0.125,TRUE,det_04_added_value; det_09_safety; det_18_autonomy; det_19_wellbeing,32,0,TRUE
2844,LATAM,WHY_LATAM,why,29,3,3,0.09375,TRUE,det_14_environmental_concerns; det_25_agreement; det_31_approval,32,0,TRUE
2845,LATAM,WHY_LATAM,why,26,6,6,0.1875,TRUE,det_01_profits; det_10_cost_efficiency; det_20_coziness; det_24_socialising; det_25_agreement; det_28_recognition,32,0,TRUE
2846,LATAM,WHY_LATAM,why,32,0,0,0,FALSE,NA,32,0,TRUE
2847,LATAM,WHY_LATAM,why,23,9,0,0,FALSE,NA,23,9,FALSE
2848,LATAM,WHY_LATAM,why,32,0,0,0,FALSE,NA,32,0,TRUE
2849,LATAM,WHY_LATAM,why,32,0,0,0,FALSE,NA,32,0,TRUE
2850,LATAM,WHY_LATAM,why,32,0,0,0,FALSE,NA,32,0,TRUE
2851,LATAM,WHY_LATAM,why,32,0,0,0,FALSE,NA,32,0,TRUE
2852,LATAM,WHY_LATAM,why,32,0,0,0,FALSE,NA,32,0,TRUE
2853,LATAM,WHY_LATAM,why,32,0,0,0,FALSE,NA,32,0,TRUE
2854,LATAM,WHY_LATAM,why,32,0,0,0,FALSE,NA,32,0,TRUE
2855,LATAM,WHY_LATAM,why,0,32,0,0,FALSE,NA,0,32,FALSE
2856,LATAM,WHY_LATAM,why,32,0,0,0,FALSE,NA,32,0,TRUE
2857,LATAM,WHY_LATAM,why,32,0,0,0,FALSE,NA,32,0,TRUE
2858,EUROPE,DIEGO,diego,32,0,0,0,FALSE,NA,32,0,TRUE
2859,EUROPE,DIEGO,diego,32,0,0,0,FALSE,NA,32,0,TRUE
2860,EUROPE,DIEGO,diego,32,0,0,0,FALSE,NA,32,0,TRUE
2861,EUROPE,DIEGO,diego,32,0,0,0,FALSE,NA,32,0,TRUE
2862,EUROPE,DIEGO,diego,32,0,0,0,FALSE,NA,32,0,TRUE
2863,EUROPE,DIEGO,diego,32,0,0,0,FALSE,NA,32,0,TRUE
2864,EUROPE,DIEGO,diego,32,0,0,0,FALSE,NA,32,0,TRUE
2865,EUROPE,DIEGO,diego,32,0,0,0,FALSE,NA,32,0,TRUE
2866,EUROPE,DIEGO,diego,32,0,0,0,FALSE,NA,32,0,TRUE
2867,EUROPE,DIEGO,diego,32,0,0,0,FALSE,NA,32,0,TRUE
2868,EUROPE,DIEGO,diego,32,0,0,0,FALSE,NA,32,0,TRUE
2869,EUROPE,DIEGO,diego,32,0,0,0,FALSE,NA,32,0,TRUE
2870,EUROPE,DIEGO,diego,32,0,0,0,FALSE,NA,32,0,TRUE
2871,EUROPE,DIEGO,diego,32,0,0,0,FALSE,NA,32,0,TRUE
2872,EUROPE,DIEGO,diego,32,0,0,0,FALSE,NA,32,0,TRUE
2873,EUROPE,DIEGO,diego,32,0,0,0,FALSE,NA,32,0,TRUE
2874,EUROPE,DIEGO,diego,32,0,0,0,FALSE,NA,32,0,TRUE
2875,EUROPE,DIEGO,diego,32,0,0,0,FALSE,NA,32,0,TRUE
2876,EUROPE,DIEGO,diego,32,0,0,0,FALSE,NA,32,0,TRUE
2877,EUROPE,DIEGO,diego,32,0,0,0,FALSE,NA,32,0,TRUE
2878,EUROPE,DIEGO,diego,32,0,0,0,FALSE,NA,32,0,TRUE
2879,EUROPE,DIEGO,diego,32,0,0,0,FALSE,NA,32,0,TRUE
2880,EUROPE,DIEGO,diego,32,0,0,0,FALSE,NA,32,0,TRUE
2881,EUROPE,DIEGO,diego,32,0,0,0,FALSE,NA,32,0,TRUE
2882,EUROPE,DIEGO,diego,32,0,0,0,FALSE,NA,32,0,TRUE
2883,EUROPE,DIEGO,diego,32,0,0,0,FALSE,NA,32,0,TRUE
2884,EUROPE,DIEGO,diego,32,0,0,0,FALSE,NA,32,0,TRUE
2885,EUROPE,DIEGO,diego,32,0,0,0,FALSE,NA,32,0,TRUE
2886,EUROPE,DIEGO,diego,32,0,0,0,FALSE,NA,32,0,TRUE
2887,EUROPE,DIEGO,diego,32,0,0,0,FALSE,NA,32,0,TRUE
2888,EUROPE,DIEGO,diego,32,0,0,0,FALSE,NA,32,0,TRUE
2889,EUROPE,DIEGO,diego,32,0,0,0,FALSE,NA,32,0,TRUE
2890,EUROPE,DIEGO,diego,32,0,0,0,FALSE,NA,32,0,TRUE
2891,EUROPE,DIEGO,diego,32,0,0,0,FALSE,NA,32,0,TRUE
2892,EUROPE,DIEGO,diego,32,0,0,0,FALSE,NA,32,0,TRUE
2893,EUROPE,DIEGO,diego,32,0,0,0,FALSE,NA,32,0,TRUE
2894,EUROPE,DIEGO,diego,32,0,0,0,FALSE,NA,32,0,TRUE
2895,EUROPE,DIEGO,diego,32,0,0,0,FALSE,NA,32,0,TRUE
2896,EUROPE,DIEGO,diego,32,0,0,0,FALSE,NA,32,0,TRUE
2897,EUROPE,DIEGO,diego,32,0,0,0,FALSE,NA,32,0,TRUE
2898,EUROPE,DIEGO,diego,32,0,0,0,FALSE,NA,32,0,TRUE
2899,EUROPE,DIEGO,diego,32,0,0,0,FALSE,NA,32,0,TRUE
2900,EUROPE,DIEGO,diego,32,0,0,0,FALSE,NA,32,0,TRUE
2901,EUROPE,DIEGO,diego,32,0,0,0,FALSE,NA,32,0,TRUE
2902,EUROPE,DIEGO,diego,32,0,0,0,FALSE,NA,32,0,TRUE
2903,EUROPE,DIEGO,diego,32,0,0,0,FALSE,NA,32,0,TRUE
2904,EUROPE,DIEGO,diego,32,0,0,0,FALSE,NA,32,0,TRUE
2905,EUROPE,DIEGO,diego,32,0,0,0,FALSE,NA,32,0,TRUE
2906,EUROPE,DIEGO,diego,32,0,0,0,FALSE,NA,32,0,TRUE
2907,EUROPE,DIEGO,diego,32,0,0,0,FALSE,NA,32,0,TRUE
2908,EUROPE,DIEGO,diego,32,0,0,0,FALSE,NA,32,0,TRUE
2909,EUROPE,DIEGO,diego,32,0,0,0,FALSE,NA,32,0,TRUE
2910,EUROPE,DIEGO,diego,32,0,0,0,FALSE,NA,32,0,TRUE
2911,EUROPE,DIEGO,diego,32,0,0,0,FALSE,NA,32,0,TRUE
2912,EUROPE,DIEGO,diego,32,0,0,0,FALSE,NA,32,0,TRUE
2913,EUROPE,DIEGO,diego,32,0,0,0,FALSE,NA,32,0,TRUE
2914,EUROPE,DIEGO,diego,32,0,0,0,FALSE,NA,32,0,TRUE
2915,EUROPE,DIEGO,diego,32,0,0,0,FALSE,NA,32,0,TRUE
2916,EUROPE,DIEGO,diego,32,0,0,0,FALSE,NA,32,0,TRUE
2917,EUROPE,DIEGO,diego,32,0,0,0,FALSE,NA,32,0,TRUE
2918,EUROPE,DIEGO,diego,32,0,0,0,FALSE,NA,32,0,TRUE
2919,EUROPE,DIEGO,diego,32,0,0,0,FALSE,NA,32,0,TRUE
2920,EUROPE,DIEGO,diego,32,0,0,0,FALSE,NA,32,0,TRUE
2921,EUROPE,DIEGO,diego,32,0,0,0,FALSE,NA,32,0,TRUE
2922,EUROPE,DIEGO,diego,32,0,0,0,FALSE,NA,32,0,TRUE
2923,EUROPE,DIEGO,diego,32,0,0,0,FALSE,NA,32,0,TRUE
2924,EUROPE,DIEGO,diego,32,0,0,0,FALSE,NA,32,0,TRUE
2925,EUROPE,DIEGO,diego,32,0,0,0,FALSE,NA,32,0,TRUE
2926,EUROPE,DIEGO,diego,32,0,0,0,FALSE,NA,32,0,TRUE
2927,EUROPE,DIEGO,diego,32,0,0,0,FALSE,NA,32,0,TRUE
2928,EUROPE,DIEGO,diego,32,0,0,0,FALSE,NA,32,0,TRUE
2929,EUROPE,DIEGO,diego,32,0,0,0,FALSE,NA,32,0,TRUE
2930,EUROPE,DIEGO,diego,32,0,0,0,FALSE,NA,32,0,TRUE
2931,EUROPE,DIEGO,diego,32,0,0,0,FALSE,NA,32,0,TRUE
2932,EUROPE,DIEGO,diego,32,0,0,0,FALSE,NA,32,0,TRUE
2933,EUROPE,DIEGO,diego,32,0,0,0,FALSE,NA,32,0,TRUE
2934,EUROPE,DIEGO,diego,32,0,0,0,FALSE,NA,32,0,TRUE
2935,EUROPE,DIEGO,diego,32,0,0,0,FALSE,NA,32,0,TRUE
2936,EUROPE,DIEGO,diego,32,0,0,0,FALSE,NA,32,0,TRUE
2937,EUROPE,DIEGO,diego,32,0,0,0,FALSE,NA,32,0,TRUE
2938,EUROPE,DIEGO,diego,32,0,0,0,FALSE,NA,32,0,TRUE
2939,EUROPE,DIEGO,diego,32,0,0,0,FALSE,NA,32,0,TRUE
2940,EUROPE,DIEGO,diego,32,0,0,0,FALSE,NA,32,0,TRUE
2941,EUROPE,DIEGO,diego,32,0,0,0,FALSE,NA,32,0,TRUE
2942,EUROPE,DIEGO,diego,32,0,0,0,FALSE,NA,32,0,TRUE
2943,EUROPE,DIEGO,diego,32,0,0,0,FALSE,NA,32,0,TRUE
2944,EUROPE,DIEGO,diego,32,0,0,0,FALSE,NA,32,0,TRUE
2945,EUROPE,DIEGO,diego,32,0,0,0,FALSE,NA,32,0,TRUE
2946,EUROPE,DIEGO,diego,32,0,0,0,FALSE,NA,32,0,TRUE
2947,EUROPE,DIEGO,diego,32,0,0,0,FALSE,NA,32,0,TRUE
2948,EUROPE,DIEGO,diego,32,0,0,0,FALSE,NA,32,0,TRUE
2949,EUROPE,DIEGO,diego,32,0,0,0,FALSE,NA,32,0,TRUE
2950,EUROPE,DIEGO,diego,32,0,0,0,FALSE,NA,32,0,TRUE
2951,EUROPE,DIEGO,diego,32,0,0,0,FALSE,NA,32,0,TRUE
2952,EUROPE,DIEGO,diego,32,0,0,0,FALSE,NA,32,0,TRUE
2953,EUROPE,DIEGO,diego,32,0,0,0,FALSE,NA,32,0,TRUE
2954,EUROPE,DIEGO,diego,32,0,0,0,FALSE,NA,32,0,TRUE
2955,EUROPE,DIEGO,diego,32,0,0,0,FALSE,NA,32,0,TRUE
2956,EUROPE,DIEGO,diego,32,0,0,0,FALSE,NA,32,0,TRUE
2957,EUROPE,DIEGO,diego,32,0,0,0,FALSE,NA,32,0,TRUE
2958,EUROPE,DIEGO,diego,32,0,0,0,FALSE,NA,32,0,TRUE
2959,EUROPE,DIEGO,diego,32,0,0,0,FALSE,NA,32,0,TRUE
2960,EUROPE,DIEGO,diego,32,0,0,0,FALSE,NA,32,0,TRUE
2961,EUROPE,DIEGO,diego,32,0,0,0,FALSE,NA,32,0,TRUE
2962,EUROPE,DIEGO,diego,32,0,0,0,FALSE,NA,32,0,TRUE
2963,EUROPE,DIEGO,diego,32,0,0,0,FALSE,NA,32,0,TRUE
2964,EUROPE,DIEGO,diego,32,0,0,0,FALSE,NA,32,0,TRUE
2965,EUROPE,DIEGO,diego,32,0,0,0,FALSE,NA,32,0,TRUE
2966,EUROPE,DIEGO,diego,32,0,0,0,FALSE,NA,32,0,TRUE
2967,EUROPE,DIEGO,diego,32,0,0,0,FALSE,NA,32,0,TRUE
2968,EUROPE,DIEGO,diego,32,0,0,0,FALSE,NA,32,0,TRUE
2969,EUROPE,DIEGO,diego,32,0,0,0,FALSE,NA,32,0,TRUE
2970,EUROPE,DIEGO,diego,32,0,0,0,FALSE,NA,32,0,TRUE
2971,EUROPE,DIEGO,diego,32,0,0,0,FALSE,NA,32,0,TRUE
2972,EUROPE,DIEGO,diego,32,0,0,0,FALSE,NA,32,0,TRUE
2973,EUROPE,DIEGO,diego,32,0,0,0,FALSE,NA,32,0,TRUE
2974,EUROPE,DIEGO,diego,32,0,0,0,FALSE,NA,32,0,TRUE
2975,EUROPE,DIEGO,diego,32,0,0,0,FALSE,NA,32,0,TRUE
2976,EUROPE,DIEGO,diego,32,0,0,0,FALSE,NA,32,0,TRUE
2977,EUROPE,DIEGO,diego,32,0,0,0,FALSE,NA,32,0,TRUE
2978,EUROPE,DIEGO,diego,32,0,0,0,FALSE,NA,32,0,TRUE
2979,EUROPE,DIEGO,diego,32,0,0,0,FALSE,NA,32,0,TRUE
2980,EUROPE,DIEGO,diego,32,0,0,0,FALSE,NA,32,0,TRUE
2981,EUROPE,DIEGO,diego,32,0,0,0,FALSE,NA,32,0,TRUE
2982,EUROPE,DIEGO,diego,32,0,0,0,FALSE,NA,32,0,TRUE
2983,EUROPE,DIEGO,diego,32,0,0,0,FALSE,NA,32,0,TRUE
2984,EUROPE,DIEGO,diego,32,0,0,0,FALSE,NA,32,0,TRUE
2985,EUROPE,DIEGO,diego,32,0,0,0,FALSE,NA,32,0,TRUE
2986,EUROPE,DIEGO,diego,32,0,0,0,FALSE,NA,32,0,TRUE
2987,EUROPE,DIEGO,diego,32,0,0,0,FALSE,NA,32,0,TRUE
2988,EUROPE,DIEGO,diego,32,0,0,0,FALSE,NA,32,0,TRUE
2989,EUROPE,DIEGO,diego,32,0,0,0,FALSE,NA,32,0,TRUE
2990,EUROPE,DIEGO,diego,32,0,0,0,FALSE,NA,32,0,TRUE
2991,EUROPE,DIEGO,diego,32,0,0,0,FALSE,NA,32,0,TRUE
2992,EUROPE,DIEGO,diego,32,0,0,0,FALSE,NA,32,0,TRUE
2993,EUROPE,DIEGO,diego,32,0,0,0,FALSE,NA,32,0,TRUE
2994,EUROPE,DIEGO,diego,32,0,0,0,FALSE,NA,32,0,TRUE
2995,EUROPE,DIEGO,diego,32,0,0,0,FALSE,NA,32,0,TRUE
2996,EUROPE,DIEGO,diego,32,0,0,0,FALSE,NA,32,0,TRUE
2997,EUROPE,DIEGO,diego,32,0,0,0,FALSE,NA,32,0,TRUE
2998,EUROPE,DIEGO,diego,32,0,0,0,FALSE,NA,32,0,TRUE
2999,EUROPE,DIEGO,diego,32,0,0,0,FALSE,NA,32,0,TRUE
3000,EUROPE,DIEGO,diego,32,0,0,0,FALSE,NA,32,0,TRUE
3001,EUROPE,DIEGO,diego,32,0,0,0,FALSE,NA,32,0,TRUE
3002,EUROPE,DIEGO,diego,32,0,0,0,FALSE,NA,32,0,TRUE
3003,EUROPE,DIEGO,diego,32,0,0,0,FALSE,NA,32,0,TRUE
3004,EUROPE,DIEGO,diego,32,0,0,0,FALSE,NA,32,0,TRUE
3005,EUROPE,DIEGO,diego,32,0,0,0,FALSE,NA,32,0,TRUE
3006,EUROPE,DIEGO,diego,32,0,0,0,FALSE,NA,32,0,TRUE
3007,EUROPE,DIEGO,diego,32,0,0,0,FALSE,NA,32,0,TRUE
3008,EUROPE,DIEGO,diego,32,0,0,0,FALSE,NA,32,0,TRUE
3009,EUROPE,DIEGO,diego,32,0,0,0,FALSE,NA,32,0,TRUE
3010,EUROPE,DIEGO,diego,32,0,0,0,FALSE,NA,32,0,TRUE
3011,EUROPE,DIEGO,diego,32,0,0,0,FALSE,NA,32,0,TRUE
3012,EUROPE,DIEGO,diego,32,0,0,0,FALSE,NA,32,0,TRUE
3013,EUROPE,DIEGO,diego,32,0,0,0,FALSE,NA,32,0,TRUE
3014,EUROPE,DIEGO,diego,32,0,0,0,FALSE,NA,32,0,TRUE
3015,EUROPE,DIEGO,diego,32,0,0,0,FALSE,NA,32,0,TRUE
3016,EUROPE,DIEGO,diego,32,0,0,0,FALSE,NA,32,0,TRUE
3017,EUROPE,DIEGO,diego,32,0,0,0,FALSE,NA,32,0,TRUE
3018,EUROPE,DIEGO,diego,32,0,0,0,FALSE,NA,32,0,TRUE
3019,EUROPE,DIEGO,diego,32,0,0,0,FALSE,NA,32,0,TRUE
3020,EUROPE,DIEGO,diego,32,0,0,0,FALSE,NA,32,0,TRUE
3021,EUROPE,DIEGO,diego,32,0,0,0,FALSE,NA,32,0,TRUE
3022,EUROPE,DIEGO,diego,32,0,0,0,FALSE,NA,32,0,TRUE
3023,EUROPE,DIEGO,diego,32,0,0,0,FALSE,NA,32,0,TRUE
3024,EUROPE,DIEGO,diego,32,0,0,0,FALSE,NA,32,0,TRUE
3025,EUROPE,DIEGO,diego,32,0,0,0,FALSE,NA,32,0,TRUE
3026,EUROPE,DIEGO,diego,32,0,0,0,FALSE,NA,32,0,TRUE
3027,EUROPE,DIEGO,diego,32,0,0,0,FALSE,NA,32,0,TRUE
3028,EUROPE,DIEGO,diego,32,0,0,0,FALSE,NA,32,0,TRUE
3029,EUROPE,DIEGO,diego,32,0,0,0,FALSE,NA,32,0,TRUE
3030,EUROPE,DIEGO,diego,32,0,0,0,FALSE,NA,32,0,TRUE
3031,EUROPE,DIEGO,diego,32,0,0,0,FALSE,NA,32,0,TRUE
3032,EUROPE,DIEGO,diego,32,0,0,0,FALSE,NA,32,0,TRUE
3033,EUROPE,DIEGO,diego,32,0,0,0,FALSE,NA,32,0,TRUE
3034,EUROPE,DIEGO,diego,32,0,0,0,FALSE,NA,32,0,TRUE
3035,EUROPE,DIEGO,diego,32,0,0,0,FALSE,NA,32,0,TRUE
3036,EUROPE,DIEGO,diego,32,0,0,0,FALSE,NA,32,0,TRUE
3037,EUROPE,DIEGO,diego,32,0,0,0,FALSE,NA,32,0,TRUE
3038,EUROPE,DIEGO,diego,32,0,0,0,FALSE,NA,32,0,TRUE
3039,EUROPE,DIEGO,diego,32,0,0,0,FALSE,NA,32,0,TRUE
3040,EUROPE,DIEGO,diego,32,0,0,0,FALSE,NA,32,0,TRUE
3041,EUROPE,DIEGO,diego,32,0,0,0,FALSE,NA,32,0,TRUE
3042,EUROPE,DIEGO,diego,32,0,0,0,FALSE,NA,32,0,TRUE
3043,EUROPE,DIEGO,diego,32,0,0,0,FALSE,NA,32,0,TRUE
3044,EUROPE,DIEGO,diego,32,0,0,0,FALSE,NA,32,0,TRUE
3045,EUROPE,DIEGO,diego,32,0,0,0,FALSE,NA,32,0,TRUE
3046,EUROPE,DIEGO,diego,32,0,0,0,FALSE,NA,32,0,TRUE
3047,EUROPE,DIEGO,diego,32,0,0,0,FALSE,NA,32,0,TRUE
3048,EUROPE,DIEGO,diego,32,0,0,0,FALSE,NA,32,0,TRUE
3049,EUROPE,DIEGO,diego,32,0,0,0,FALSE,NA,32,0,TRUE
3050,EUROPE,DIEGO,diego,32,0,0,0,FALSE,NA,32,0,TRUE
3051,EUROPE,DIEGO,diego,32,0,0,0,FALSE,NA,32,0,TRUE
3052,EUROPE,DIEGO,diego,32,0,0,0,FALSE,NA,32,0,TRUE
3053,EUROPE,DIEGO,diego,32,0,0,0,FALSE,NA,32,0,TRUE
3054,EUROPE,DIEGO,diego,32,0,0,0,FALSE,NA,32,0,TRUE
3055,EUROPE,DIEGO,diego,32,0,0,0,FALSE,NA,32,0,TRUE
3056,EUROPE,DIEGO,diego,32,0,0,0,FALSE,NA,32,0,TRUE
3057,EUROPE,DIEGO,diego,32,0,0,0,FALSE,NA,32,0,TRUE
3058,EUROPE,DIEGO,diego,32,0,0,0,FALSE,NA,32,0,TRUE
3059,EUROPE,DIEGO,diego,32,0,0,0,FALSE,NA,32,0,TRUE
3060,EUROPE,DIEGO,diego,32,0,0,0,FALSE,NA,32,0,TRUE
3061,EUROPE,DIEGO,diego,32,0,0,0,FALSE,NA,32,0,TRUE
3062,EUROPE,DIEGO,diego,32,0,0,0,FALSE,NA,32,0,TRUE
3063,EUROPE,DIEGO,diego,32,0,0,0,FALSE,NA,32,0,TRUE
3064,EUROPE,DIEGO,diego,32,0,0,0,FALSE,NA,32,0,TRUE
3065,EUROPE,DIEGO,diego,32,0,0,0,FALSE,NA,32,0,TRUE
3066,EUROPE,DIEGO,diego,32,0,0,0,FALSE,NA,32,0,TRUE
3067,EUROPE,DIEGO,diego,32,0,0,0,FALSE,NA,32,0,TRUE
3068,EUROPE,DIEGO,diego,32,0,0,0,FALSE,NA,32,0,TRUE
3069,EUROPE,DIEGO,diego,32,0,0,0,FALSE,NA,32,0,TRUE
3070,EUROPE,DIEGO,diego,32,0,0,0,FALSE,NA,32,0,TRUE
3071,EUROPE,DIEGO,diego,32,0,0,0,FALSE,NA,32,0,TRUE
3072,EUROPE,DIEGO,diego,32,0,0,0,FALSE,NA,32,0,TRUE
3073,EUROPE,DIEGO,diego,32,0,0,0,FALSE,NA,32,0,TRUE
3074,EUROPE,DIEGO,diego,32,0,0,0,FALSE,NA,32,0,TRUE
3075,EUROPE,DIEGO,diego,32,0,0,0,FALSE,NA,32,0,TRUE
3076,EUROPE,DIEGO,diego,32,0,0,0,FALSE,NA,32,0,TRUE
3077,EUROPE,DIEGO,diego,32,0,0,0,FALSE,NA,32,0,TRUE
3078,EUROPE,DIEGO,diego,32,0,0,0,FALSE,NA,32,0,TRUE
3079,EUROPE,DIEGO,diego,32,0,0,0,FALSE,NA,32,0,TRUE
3080,EUROPE,DIEGO,diego,32,0,0,0,FALSE,NA,32,0,TRUE
3081,EUROPE,DIEGO,diego,32,0,0,0,FALSE,NA,32,0,TRUE
3082,EUROPE,DIEGO,diego,32,0,0,0,FALSE,NA,32,0,TRUE
3083,EUROPE,DIEGO,diego,32,0,0,0,FALSE,NA,32,0,TRUE
3084,EUROPE,DIEGO,diego,32,0,0,0,FALSE,NA,32,0,TRUE
3085,EUROPE,DIEGO,diego,32,0,0,0,FALSE,NA,32,0,TRUE
3086,EUROPE,DIEGO,diego,32,0,0,0,FALSE,NA,32,0,TRUE
3087,EUROPE,DIEGO,diego,32,0,0,0,FALSE,NA,32,0,TRUE
3088,EUROPE,DIEGO,diego,32,0,0,0,FALSE,NA,32,0,TRUE
3089,EUROPE,DIEGO,diego,32,0,0,0,FALSE,NA,32,0,TRUE
3090,EUROPE,DIEGO,diego,32,0,0,0,FALSE,NA,32,0,TRUE
3091,EUROPE,DIEGO,diego,32,0,0,0,FALSE,NA,32,0,TRUE
3092,EUROPE,DIEGO,diego,32,0,0,0,FALSE,NA,32,0,TRUE
3093,EUROPE,DIEGO,diego,32,0,0,0,FALSE,NA,32,0,TRUE
3094,EUROPE,DIEGO,diego,32,0,0,0,FALSE,NA,32,0,TRUE
3095,EUROPE,DIEGO,diego,32,0,0,0,FALSE,NA,32,0,TRUE
3096,EUROPE,DIEGO,diego,32,0,0,0,FALSE,NA,32,0,TRUE
3097,EUROPE,DIEGO,diego,32,0,0,0,FALSE,NA,32,0,TRUE
3098,EUROPE,DIEGO,diego,32,0,0,0,FALSE,NA,32,0,TRUE
3099,EUROPE,DIEGO,diego,32,0,0,0,FALSE,NA,32,0,TRUE
3100,EUROPE,DIEGO,diego,32,0,0,0,FALSE,NA,32,0,TRUE
3101,EUROPE,DIEGO,diego,32,0,0,0,FALSE,NA,32,0,TRUE
3102,EUROPE,DIEGO,diego,32,0,0,0,FALSE,NA,32,0,TRUE
3103,EUROPE,DIEGO,diego,32,0,0,0,FALSE,NA,32,0,TRUE
3104,EUROPE,DIEGO,diego,32,0,0,0,FALSE,NA,32,0,TRUE
3105,EUROPE,DIEGO,diego,32,0,0,0,FALSE,NA,32,0,TRUE
3106,EUROPE,DIEGO,diego,32,0,0,0,FALSE,NA,32,0,TRUE
3107,EUROPE,DIEGO,diego,32,0,0,0,FALSE,NA,32,0,TRUE
3108,EUROPE,DIEGO,diego,32,0,0,0,FALSE,NA,32,0,TRUE
3109,EUROPE,DIEGO,diego,32,0,0,0,FALSE,NA,32,0,TRUE
3110,EUROPE,DIEGO,diego,32,0,0,0,FALSE,NA,32,0,TRUE
3111,EUROPE,DIEGO,diego,32,0,0,0,FALSE,NA,32,0,TRUE
3112,EUROPE,DIEGO,diego,32,0,0,0,FALSE,NA,32,0,TRUE
3113,EUROPE,DIEGO,diego,32,0,0,0,FALSE,NA,32,0,TRUE
3114,EUROPE,DIEGO,diego,32,0,0,0,FALSE,NA,32,0,TRUE
3115,EUROPE,DIEGO,diego,32,0,0,0,FALSE,NA,32,0,TRUE
3116,EUROPE,DIEGO,diego,32,0,0,0,FALSE,NA,32,0,TRUE
3117,EUROPE,DIEGO,diego,32,0,0,0,FALSE,NA,32,0,TRUE
3118,EUROPE,DIEGO,diego,32,0,0,0,FALSE,NA,32,0,TRUE
3119,EUROPE,DIEGO,diego,32,0,0,0,FALSE,NA,32,0,TRUE
3120,EUROPE,DIEGO,diego,32,0,0,0,FALSE,NA,32,0,TRUE
3121,EUROPE,DIEGO,diego,32,0,0,0,FALSE,NA,32,0,TRUE
3122,EUROPE,DIEGO,diego,32,0,0,0,FALSE,NA,32,0,TRUE
3123,EUROPE,DIEGO,diego,32,0,0,0,FALSE,NA,32,0,TRUE
3124,EUROPE,DIEGO,diego,32,0,0,0,FALSE,NA,32,0,TRUE
3125,EUROPE,DIEGO,diego,32,0,0,0,FALSE,NA,32,0,TRUE
3126,EUROPE,DIEGO,diego,32,0,0,0,FALSE,NA,32,0,TRUE
3127,EUROPE,DIEGO,diego,32,0,0,0,FALSE,NA,32,0,TRUE
3128,EUROPE,DIEGO,diego,32,0,0,0,FALSE,NA,32,0,TRUE
3129,EUROPE,DIEGO,diego,32,0,0,0,FALSE,NA,32,0,TRUE
3130,EUROPE,DIEGO,diego,32,0,0,0,FALSE,NA,32,0,TRUE
3131,EUROPE,DIEGO,diego,32,0,0,0,FALSE,NA,32,0,TRUE
3132,EUROPE,DIEGO,diego,32,0,0,0,FALSE,NA,32,0,TRUE
3133,EUROPE,DIEGO,diego,32,0,0,0,FALSE,NA,32,0,TRUE
3134,EUROPE,DIEGO,diego,32,0,0,0,FALSE,NA,32,0,TRUE
3135,EUROPE,DIEGO,diego,32,0,0,0,FALSE,NA,32,0,TRUE
3136,EUROPE,DIEGO,diego,32,0,0,0,FALSE,NA,32,0,TRUE
3137,EUROPE,DIEGO,diego,32,0,0,0,FALSE,NA,32,0,TRUE
3138,EUROPE,DIEGO,diego,32,0,0,0,FALSE,NA,32,0,TRUE
3139,EUROPE,DIEGO,diego,32,0,0,0,FALSE,NA,32,0,TRUE
3140,EUROPE,DIEGO,diego,32,0,0,0,FALSE,NA,32,0,TRUE
3141,EUROPE,DIEGO,diego,32,0,0,0,FALSE,NA,32,0,TRUE
3142,EUROPE,DIEGO,diego,32,0,0,0,FALSE,NA,32,0,TRUE
3143,EUROPE,DIEGO,diego,32,0,0,0,FALSE,NA,32,0,TRUE
3144,EUROPE,DIEGO,diego,32,0,0,0,FALSE,NA,32,0,TRUE
3145,EUROPE,DIEGO,diego,32,0,0,0,FALSE,NA,32,0,TRUE
3146,EUROPE,DIEGO,diego,32,0,0,0,FALSE,NA,32,0,TRUE
3147,EUROPE,DIEGO,diego,32,0,0,0,FALSE,NA,32,0,TRUE
3148,EUROPE,DIEGO,diego,32,0,0,0,FALSE,NA,32,0,TRUE
3149,EUROPE,DIEGO,diego,32,0,0,0,FALSE,NA,32,0,TRUE
3150,EUROPE,DIEGO,diego,32,0,0,0,FALSE,NA,32,0,TRUE
3151,EUROPE,DIEGO,diego,32,0,0,0,FALSE,NA,32,0,TRUE
3152,EUROPE,DIEGO,diego,32,0,0,0,FALSE,NA,32,0,TRUE
3153,EUROPE,DIEGO,diego,32,0,0,0,FALSE,NA,32,0,TRUE
3154,EUROPE,DIEGO,diego,32,0,0,0,FALSE,NA,32,0,TRUE
3155,EUROPE,DIEGO,diego,32,0,0,0,FALSE,NA,32,0,TRUE
3156,EUROPE,DIEGO,diego,32,0,0,0,FALSE,NA,32,0,TRUE
3157,EUROPE,DIEGO,diego,32,0,0,0,FALSE,NA,32,0,TRUE
3158,EUROPE,DIEGO,diego,32,0,0,0,FALSE,NA,32,0,TRUE
3159,EUROPE,DIEGO,diego,32,0,0,0,FALSE,NA,32,0,TRUE
3160,EUROPE,DIEGO,diego,32,0,0,0,FALSE,NA,32,0,TRUE
3161,EUROPE,DIEGO,diego,32,0,0,0,FALSE,NA,32,0,TRUE
3162,EUROPE,DIEGO,diego,32,0,0,0,FALSE,NA,32,0,TRUE
3163,EUROPE,DIEGO,diego,32,0,0,0,FALSE,NA,32,0,TRUE
3164,EUROPE,DIEGO,diego,32,0,0,0,FALSE,NA,32,0,TRUE
3165,EUROPE,DIEGO,diego,32,0,0,0,FALSE,NA,32,0,TRUE
3166,EUROPE,DIEGO,diego,32,0,0,0,FALSE,NA,32,0,TRUE
3167,EUROPE,DIEGO,diego,32,0,0,0,FALSE,NA,32,0,TRUE
3168,EUROPE,DIEGO,diego,32,0,0,0,FALSE,NA,32,0,TRUE
3169,EUROPE,DIEGO,diego,32,0,0,0,FALSE,NA,32,0,TRUE
3170,EUROPE,DIEGO,diego,32,0,0,0,FALSE,NA,32,0,TRUE
3171,EUROPE,DIEGO,diego,32,0,0,0,FALSE,NA,32,0,TRUE
3172,EUROPE,DIEGO,diego,32,0,0,0,FALSE,NA,32,0,TRUE
3173,EUROPE,DIEGO,diego,32,0,0,0,FALSE,NA,32,0,TRUE
3174,EUROPE,DIEGO,diego,32,0,0,0,FALSE,NA,32,0,TRUE
3175,EUROPE,DIEGO,diego,32,0,0,0,FALSE,NA,32,0,TRUE
3176,EUROPE,DIEGO,diego,32,0,0,0,FALSE,NA,32,0,TRUE
3177,EUROPE,DIEGO,diego,32,0,0,0,FALSE,NA,32,0,TRUE
3178,EUROPE,DIEGO,diego,32,0,0,0,FALSE,NA,32,0,TRUE
3179,EUROPE,DIEGO,diego,32,0,0,0,FALSE,NA,32,0,TRUE
3180,EUROPE,DIEGO,diego,32,0,0,0,FALSE,NA,32,0,TRUE
3181,EUROPE,DIEGO,diego,32,0,0,0,FALSE,NA,32,0,TRUE
3182,EUROPE,DIEGO,diego,32,0,0,0,FALSE,NA,32,0,TRUE
3183,EUROPE,DIEGO,diego,32,0,0,0,FALSE,NA,32,0,TRUE
3184,EUROPE,DIEGO,diego,32,0,0,0,FALSE,NA,32,0,TRUE
3185,EUROPE,DIEGO,diego,32,0,0,0,FALSE,NA,32,0,TRUE
3186,EUROPE,DIEGO,diego,32,0,0,0,FALSE,NA,32,0,TRUE
3187,EUROPE,DIEGO,diego,32,0,0,0,FALSE,NA,32,0,TRUE
3188,EUROPE,DIEGO,diego,32,0,0,0,FALSE,NA,32,0,TRUE
3189,EUROPE,DIEGO,diego,32,0,0,0,FALSE,NA,32,0,TRUE
3190,EUROPE,DIEGO,diego,32,0,0,0,FALSE,NA,32,0,TRUE
3191,EUROPE,DIEGO,diego,32,0,0,0,FALSE,NA,32,0,TRUE
3192,EUROPE,DIEGO,diego,32,0,0,0,FALSE,NA,32,0,TRUE
3193,EUROPE,DIEGO,diego,32,0,0,0,FALSE,NA,32,0,TRUE
3194,EUROPE,DIEGO,diego,32,0,0,0,FALSE,NA,32,0,TRUE
3195,EUROPE,DIEGO,diego,32,0,0,0,FALSE,NA,32,0,TRUE
3196,EUROPE,DIEGO,diego,32,0,0,0,FALSE,NA,32,0,TRUE
3197,EUROPE,DIEGO,diego,32,0,0,0,FALSE,NA,32,0,TRUE
3198,EUROPE,DIEGO,diego,32,0,0,0,FALSE,NA,32,0,TRUE
3199,EUROPE,DIEGO,diego,32,0,0,0,FALSE,NA,32,0,TRUE
3200,EUROPE,DIEGO,diego,32,0,0,0,FALSE,NA,32,0,TRUE
3201,EUROPE,DIEGO,diego,32,0,0,0,FALSE,NA,32,0,TRUE
3202,EUROPE,DIEGO,diego,32,0,0,0,FALSE,NA,32,0,TRUE
3203,EUROPE,DIEGO,diego,32,0,0,0,FALSE,NA,32,0,TRUE
3204,EUROPE,DIEGO,diego,32,0,0,0,FALSE,NA,32,0,TRUE
3205,EUROPE,DIEGO,diego,32,0,0,0,FALSE,NA,32,0,TRUE
3206,EUROPE,DIEGO,diego,32,0,0,0,FALSE,NA,32,0,TRUE
3207,EUROPE,DIEGO,diego,32,0,0,0,FALSE,NA,32,0,TRUE
3208,EUROPE,DIEGO,diego,32,0,0,0,FALSE,NA,32,0,TRUE
3209,EUROPE,DIEGO,diego,32,0,0,0,FALSE,NA,32,0,TRUE
3210,EUROPE,DIEGO,diego,32,0,0,0,FALSE,NA,32,0,TRUE
3211,EUROPE,DIEGO,diego,32,0,0,0,FALSE,NA,32,0,TRUE
3212,EUROPE,DIEGO,diego,32,0,0,0,FALSE,NA,32,0,TRUE
3213,EUROPE,DIEGO,diego,32,0,0,0,FALSE,NA,32,0,TRUE
3214,EUROPE,DIEGO,diego,32,0,0,0,FALSE,NA,32,0,TRUE
3215,EUROPE,DIEGO,diego,32,0,0,0,FALSE,NA,32,0,TRUE
3216,EUROPE,DIEGO,diego,32,0,0,0,FALSE,NA,32,0,TRUE
3217,EUROPE,DIEGO,diego,32,0,0,0,FALSE,NA,32,0,TRUE
3218,EUROPE,DIEGO,diego,32,0,0,0,FALSE,NA,32,0,TRUE
3219,EUROPE,DIEGO,diego,32,0,0,0,FALSE,NA,32,0,TRUE
3220,EUROPE,DIEGO,diego,32,0,0,0,FALSE,NA,32,0,TRUE
3221,EUROPE,DIEGO,diego,32,0,0,0,FALSE,NA,32,0,TRUE
3222,EUROPE,DIEGO,diego,32,0,0,0,FALSE,NA,32,0,TRUE
3223,EUROPE,DIEGO,diego,32,0,0,0,FALSE,NA,32,0,TRUE
3224,EUROPE,DIEGO,diego,32,0,0,0,FALSE,NA,32,0,TRUE
3225,EUROPE,DIEGO,diego,32,0,0,0,FALSE,NA,32,0,TRUE
3226,EUROPE,DIEGO,diego,32,0,0,0,FALSE,NA,32,0,TRUE
3227,EUROPE,DIEGO,diego,32,0,0,0,FALSE,NA,32,0,TRUE
3228,EUROPE,DIEGO,diego,32,0,0,0,FALSE,NA,32,0,TRUE
3229,EUROPE,DIEGO,diego,32,0,0,0,FALSE,NA,32,0,TRUE
3230,EUROPE,DIEGO,diego,32,0,0,0,FALSE,NA,32,0,TRUE
3231,EUROPE,DIEGO,diego,32,0,0,0,FALSE,NA,32,0,TRUE
3232,EUROPE,DIEGO,diego,32,0,0,0,FALSE,NA,32,0,TRUE
3233,EUROPE,DIEGO,diego,32,0,0,0,FALSE,NA,32,0,TRUE
3234,EUROPE,DIEGO,diego,32,0,0,0,FALSE,NA,32,0,TRUE
3235,EUROPE,DIEGO,diego,32,0,0,0,FALSE,NA,32,0,TRUE
3236,EUROPE,DIEGO,diego,32,0,0,0,FALSE,NA,32,0,TRUE
3237,EUROPE,DIEGO,diego,32,0,0,0,FALSE,NA,32,0,TRUE
3238,EUROPE,DIEGO,diego,32,0,0,0,FALSE,NA,32,0,TRUE
3239,EUROPE,DIEGO,diego,32,0,0,0,FALSE,NA,32,0,TRUE
3240,EUROPE,DIEGO,diego,32,0,0,0,FALSE,NA,32,0,TRUE
3241,EUROPE,DIEGO,diego,32,0,0,0,FALSE,NA,32,0,TRUE
3242,EUROPE,DIEGO,diego,32,0,0,0,FALSE,NA,32,0,TRUE
3243,EUROPE,DIEGO,diego,32,0,0,0,FALSE,NA,32,0,TRUE
3244,EUROPE,DIEGO,diego,32,0,0,0,FALSE,NA,32,0,TRUE
3245,EUROPE,DIEGO,diego,32,0,0,0,FALSE,NA,32,0,TRUE
3246,EUROPE,DIEGO,diego,32,0,0,0,FALSE,NA,32,0,TRUE
3247,EUROPE,DIEGO,diego,32,0,0,0,FALSE,NA,32,0,TRUE
3248,EUROPE,DIEGO,diego,32,0,0,0,FALSE,NA,32,0,TRUE
3249,EUROPE,DIEGO,diego,32,0,0,0,FALSE,NA,32,0,TRUE
3250,EUROPE,DIEGO,diego,32,0,0,0,FALSE,NA,32,0,TRUE
3251,EUROPE,DIEGO,diego,32,0,0,0,FALSE,NA,32,0,TRUE
3252,EUROPE,DIEGO,diego,32,0,0,0,FALSE,NA,32,0,TRUE
3253,EUROPE,DIEGO,diego,32,0,0,0,FALSE,NA,32,0,TRUE
3254,EUROPE,DIEGO,diego,32,0,0,0,FALSE,NA,32,0,TRUE
3255,EUROPE,DIEGO,diego,32,0,0,0,FALSE,NA,32,0,TRUE
3256,EUROPE,DIEGO,diego,32,0,0,0,FALSE,NA,32,0,TRUE
3257,EUROPE,DIEGO,diego,32,0,0,0,FALSE,NA,32,0,TRUE
3258,EUROPE,DIEGO,diego,32,0,0,0,FALSE,NA,32,0,TRUE
3259,EUROPE,DIEGO,diego,32,0,0,0,FALSE,NA,32,0,TRUE
3260,EUROPE,DIEGO,diego,32,0,0,0,FALSE,NA,32,0,TRUE
3261,EUROPE,DIEGO,diego,32,0,0,0,FALSE,NA,32,0,TRUE
3262,EUROPE,DIEGO,diego,32,0,0,0,FALSE,NA,32,0,TRUE
3263,EUROPE,DIEGO,diego,32,0,0,0,FALSE,NA,32,0,TRUE
3264,EUROPE,DIEGO,diego,32,0,0,0,FALSE,NA,32,0,TRUE
3265,EUROPE,DIEGO,diego,32,0,0,0,FALSE,NA,32,0,TRUE
3266,EUROPE,DIEGO,diego,32,0,0,0,FALSE,NA,32,0,TRUE
3267,EUROPE,DIEGO,diego,32,0,0,0,FALSE,NA,32,0,TRUE
3268,EUROPE,DIEGO,diego,32,0,0,0,FALSE,NA,32,0,TRUE
3269,EUROPE,DIEGO,diego,32,0,0,0,FALSE,NA,32,0,TRUE
3270,EUROPE,DIEGO,diego,32,0,0,0,FALSE,NA,32,0,TRUE
3271,EUROPE,DIEGO,diego,32,0,0,0,FALSE,NA,32,0,TRUE
3272,EUROPE,DIEGO,diego,32,0,0,0,FALSE,NA,32,0,TRUE
3273,EUROPE,DIEGO,diego,32,0,0,0,FALSE,NA,32,0,TRUE
3274,EUROPE,DIEGO,diego,32,0,0,0,FALSE,NA,32,0,TRUE
3275,EUROPE,DIEGO,diego,32,0,0,0,FALSE,NA,32,0,TRUE
3276,EUROPE,DIEGO,diego,32,0,0,0,FALSE,NA,32,0,TRUE
3277,EUROPE,DIEGO,diego,32,0,0,0,FALSE,NA,32,0,TRUE
3278,EUROPE,DIEGO,diego,32,0,0,0,FALSE,NA,32,0,TRUE
3279,EUROPE,DIEGO,diego,32,0,0,0,FALSE,NA,32,0,TRUE
3280,EUROPE,DIEGO,diego,32,0,0,0,FALSE,NA,32,0,TRUE
3281,EUROPE,DIEGO,diego,32,0,0,0,FALSE,NA,32,0,TRUE
3282,EUROPE,DIEGO,diego,32,0,0,0,FALSE,NA,32,0,TRUE
3283,EUROPE,DIEGO,diego,32,0,0,0,FALSE,NA,32,0,TRUE
3284,EUROPE,DIEGO,diego,32,0,0,0,FALSE,NA,32,0,TRUE
3285,EUROPE,DIEGO,diego,32,0,0,0,FALSE,NA,32,0,TRUE
3286,EUROPE,DIEGO,diego,32,0,0,0,FALSE,NA,32,0,TRUE
3287,EUROPE,DIEGO,diego,32,0,0,0,FALSE,NA,32,0,TRUE
3288,EUROPE,DIEGO,diego,32,0,0,0,FALSE,NA,32,0,TRUE
3289,EUROPE,DIEGO,diego,32,0,0,0,FALSE,NA,32,0,TRUE
3290,EUROPE,DIEGO,diego,32,0,0,0,FALSE,NA,32,0,TRUE
3291,EUROPE,DIEGO,diego,32,0,0,0,FALSE,NA,32,0,TRUE
3292,EUROPE,DIEGO,diego,32,0,0,0,FALSE,NA,32,0,TRUE
3293,EUROPE,DIEGO,diego,32,0,0,0,FALSE,NA,32,0,TRUE
3294,EUROPE,DIEGO,diego,32,0,0,0,FALSE,NA,32,0,TRUE
3295,EUROPE,DIEGO,diego,32,0,0,0,FALSE,NA,32,0,TRUE
3296,EUROPE,DIEGO,diego,32,0,0,0,FALSE,NA,32,0,TRUE
3297,EUROPE,DIEGO,diego,32,0,0,0,FALSE,NA,32,0,TRUE
3298,EUROPE,DIEGO,diego,32,0,0,0,FALSE,NA,32,0,TRUE
3299,EUROPE,DIEGO,diego,32,0,0,0,FALSE,NA,32,0,TRUE
3300,EUROPE,DIEGO,diego,32,0,0,0,FALSE,NA,32,0,TRUE
3301,EUROPE,DIEGO,diego,32,0,0,0,FALSE,NA,32,0,TRUE
3302,EUROPE,DIEGO,diego,32,0,0,0,FALSE,NA,32,0,TRUE
3303,EUROPE,DIEGO,diego,32,0,0,0,FALSE,NA,32,0,TRUE
3304,EUROPE,DIEGO,diego,32,0,0,0,FALSE,NA,32,0,TRUE
3305,EUROPE,DIEGO,diego,32,0,0,0,FALSE,NA,32,0,TRUE
3306,EUROPE,DIEGO,diego,32,0,0,0,FALSE,NA,32,0,TRUE
3307,EUROPE,DIEGO,diego,32,0,0,0,FALSE,NA,32,0,TRUE
3308,EUROPE,DIEGO,diego,32,0,0,0,FALSE,NA,32,0,TRUE
3309,EUROPE,DIEGO,diego,32,0,0,0,FALSE,NA,32,0,TRUE
3310,EUROPE,DIEGO,diego,32,0,0,0,FALSE,NA,32,0,TRUE
3311,EUROPE,DIEGO,diego,32,0,0,0,FALSE,NA,32,0,TRUE
3312,EUROPE,DIEGO,diego,32,0,0,0,FALSE,NA,32,0,TRUE
3313,EUROPE,DIEGO,diego,32,0,0,0,FALSE,NA,32,0,TRUE
3314,EUROPE,DIEGO,diego,32,0,0,0,FALSE,NA,32,0,TRUE
3315,EUROPE,DIEGO,diego,32,0,0,0,FALSE,NA,32,0,TRUE
3316,EUROPE,DIEGO,diego,32,0,0,0,FALSE,NA,32,0,TRUE
3317,EUROPE,DIEGO,diego,32,0,0,0,FALSE,NA,32,0,TRUE
3318,EUROPE,DIEGO,diego,32,0,0,0,FALSE,NA,32,0,TRUE
3319,EUROPE,DIEGO,diego,32,0,0,0,FALSE,NA,32,0,TRUE
3320,EUROPE,DIEGO,diego,32,0,0,0,FALSE,NA,32,0,TRUE
3321,EUROPE,DIEGO,diego,32,0,0,0,FALSE,NA,32,0,TRUE
3322,EUROPE,DIEGO,diego,32,0,0,0,FALSE,NA,32,0,TRUE
3323,EUROPE,DIEGO,diego,32,0,0,0,FALSE,NA,32,0,TRUE
3324,EUROPE,DIEGO,diego,32,0,0,0,FALSE,NA,32,0,TRUE
3325,EUROPE,DIEGO,diego,32,0,0,0,FALSE,NA,32,0,TRUE
3326,EUROPE,DIEGO,diego,32,0,0,0,FALSE,NA,32,0,TRUE
3327,EUROPE,DIEGO,diego,32,0,0,0,FALSE,NA,32,0,TRUE
3328,EUROPE,DIEGO,diego,32,0,0,0,FALSE,NA,32,0,TRUE
3329,EUROPE,DIEGO,diego,32,0,0,0,FALSE,NA,32,0,TRUE
3330,EUROPE,DIEGO,diego,32,0,0,0,FALSE,NA,32,0,TRUE
3331,EUROPE,DIEGO,diego,32,0,0,0,FALSE,NA,32,0,TRUE
3332,EUROPE,DIEGO,diego,32,0,0,0,FALSE,NA,32,0,TRUE
3333,EUROPE,DIEGO,diego,32,0,0,0,FALSE,NA,32,0,TRUE
3334,EUROPE,DIEGO,diego,32,0,0,0,FALSE,NA,32,0,TRUE
3335,EUROPE,DIEGO,diego,32,0,0,0,FALSE,NA,32,0,TRUE
3336,EUROPE,DIEGO,diego,32,0,0,0,FALSE,NA,32,0,TRUE
3337,EUROPE,DIEGO,diego,32,0,0,0,FALSE,NA,32,0,TRUE
3338,EUROPE,DIEGO,diego,32,0,0,0,FALSE,NA,32,0,TRUE
3339,EUROPE,DIEGO,diego,32,0,0,0,FALSE,NA,32,0,TRUE
3340,EUROPE,DIEGO,diego,32,0,0,0,FALSE,NA,32,0,TRUE
3341,EUROPE,DIEGO,diego,32,0,0,0,FALSE,NA,32,0,TRUE
3342,EUROPE,DIEGO,diego,32,0,0,0,FALSE,NA,32,0,TRUE
3343,EUROPE,DIEGO,diego,32,0,0,0,FALSE,NA,32,0,TRUE
3344,EUROPE,DIEGO,diego,32,0,0,0,FALSE,NA,32,0,TRUE
3345,EUROPE,DIEGO,diego,32,0,0,0,FALSE,NA,32,0,TRUE
3346,EUROPE,DIEGO,diego,32,0,0,0,FALSE,NA,32,0,TRUE
3347,EUROPE,DIEGO,diego,32,0,0,0,FALSE,NA,32,0,TRUE
3348,EUROPE,DIEGO,diego,32,0,0,0,FALSE,NA,32,0,TRUE
3349,EUROPE,DIEGO,diego,32,0,0,0,FALSE,NA,32,0,TRUE
3350,EUROPE,DIEGO,diego,32,0,0,0,FALSE,NA,32,0,TRUE
3351,EUROPE,DIEGO,diego,32,0,0,0,FALSE,NA,32,0,TRUE
3352,EUROPE,DIEGO,diego,32,0,0,0,FALSE,NA,32,0,TRUE
3353,EUROPE,DIEGO,diego,32,0,0,0,FALSE,NA,32,0,TRUE
3354,EUROPE,DIEGO,diego,32,0,0,0,FALSE,NA,32,0,TRUE
3355,EUROPE,DIEGO,diego,32,0,0,0,FALSE,NA,32,0,TRUE
3356,EUROPE,DIEGO,diego,32,0,0,0,FALSE,NA,32,0,TRUE
3357,EUROPE,DIEGO,diego,32,0,0,0,FALSE,NA,32,0,TRUE
3358,EUROPE,DIEGO,diego,32,0,0,0,FALSE,NA,32,0,TRUE
3359,EUROPE,DIEGO,diego,32,0,0,0,FALSE,NA,32,0,TRUE
3360,EUROPE,DIEGO,diego,32,0,0,0,FALSE,NA,32,0,TRUE
3361,EUROPE,DIEGO,diego,32,0,0,0,FALSE,NA,32,0,TRUE
3362,EUROPE,DIEGO,diego,32,0,0,0,FALSE,NA,32,0,TRUE
3363,EUROPE,DIEGO,diego,32,0,0,0,FALSE,NA,32,0,TRUE
3364,EUROPE,DIEGO,diego,32,0,0,0,FALSE,NA,32,0,TRUE
3365,EUROPE,DIEGO,diego,32,0,0,0,FALSE,NA,32,0,TRUE
3366,EUROPE,DIEGO,diego,32,0,0,0,FALSE,NA,32,0,TRUE
3367,EUROPE,DIEGO,diego,32,0,0,0,FALSE,NA,32,0,TRUE
3368,EUROPE,DIEGO,diego,32,0,0,0,FALSE,NA,32,0,TRUE
3369,EUROPE,DIEGO,diego,32,0,0,0,FALSE,NA,32,0,TRUE
3370,EUROPE,DIEGO,diego,32,0,0,0,FALSE,NA,32,0,TRUE
3371,EUROPE,DIEGO,diego,32,0,0,0,FALSE,NA,32,0,TRUE
3372,EUROPE,DIEGO,diego,32,0,0,0,FALSE,NA,32,0,TRUE
3373,EUROPE,DIEGO,diego,32,0,0,0,FALSE,NA,32,0,TRUE
3374,EUROPE,DIEGO,diego,32,0,0,0,FALSE,NA,32,0,TRUE
3375,EUROPE,DIEGO,diego,32,0,0,0,FALSE,NA,32,0,TRUE
3376,EUROPE,DIEGO,diego,32,0,0,0,FALSE,NA,32,0,TRUE
3377,EUROPE,DIEGO,diego,32,0,0,0,FALSE,NA,32,0,TRUE
3378,EUROPE,DIEGO,diego,32,0,0,0,FALSE,NA,32,0,TRUE
3379,EUROPE,DIEGO,diego,32,0,0,0,FALSE,NA,32,0,TRUE
3380,EUROPE,DIEGO,diego,32,0,0,0,FALSE,NA,32,0,TRUE
3381,EUROPE,DIEGO,diego,32,0,0,0,FALSE,NA,32,0,TRUE
3382,EUROPE,DIEGO,diego,32,0,0,0,FALSE,NA,32,0,TRUE
3383,EUROPE,DIEGO,diego,32,0,0,0,FALSE,NA,32,0,TRUE
3384,EUROPE,DIEGO,diego,32,0,0,0,FALSE,NA,32,0,TRUE
3385,EUROPE,DIEGO,diego,32,0,0,0,FALSE,NA,32,0,TRUE
3386,EUROPE,DIEGO,diego,32,0,0,0,FALSE,NA,32,0,TRUE
3387,EUROPE,DIEGO,diego,32,0,0,0,FALSE,NA,32,0,TRUE
3388,EUROPE,DIEGO,diego,32,0,0,0,FALSE,NA,32,0,TRUE
3389,EUROPE,DIEGO,diego,32,0,0,0,FALSE,NA,32,0,TRUE
3390,EUROPE,DIEGO,diego,32,0,0,0,FALSE,NA,32,0,TRUE
3391,EUROPE,DIEGO,diego,32,0,0,0,FALSE,NA,32,0,TRUE
3392,EUROPE,DIEGO,diego,32,0,0,0,FALSE,NA,32,0,TRUE
3393,EUROPE,DIEGO,diego,32,0,0,0,FALSE,NA,32,0,TRUE
3394,EUROPE,DIEGO,diego,32,0,0,0,FALSE,NA,32,0,TRUE
3395,EUROPE,DIEGO,diego,32,0,0,0,FALSE,NA,32,0,TRUE
3396,EUROPE,DIEGO,diego,32,0,0,0,FALSE,NA,32,0,TRUE
3397,EUROPE,DIEGO,diego,32,0,0,0,FALSE,NA,32,0,TRUE
3398,EUROPE,DIEGO,diego,32,0,0,0,FALSE,NA,32,0,TRUE
3399,EUROPE,DIEGO,diego,32,0,0,0,FALSE,NA,32,0,TRUE
3400,EUROPE,DIEGO,diego,32,0,0,0,FALSE,NA,32,0,TRUE
3401,EUROPE,DIEGO,diego,32,0,0,0,FALSE,NA,32,0,TRUE
3402,EUROPE,DIEGO,diego,32,0,0,0,FALSE,NA,32,0,TRUE
3403,EUROPE,DIEGO,diego,32,0,0,0,FALSE,NA,32,0,TRUE
3404,EUROPE,DIEGO,diego,32,0,0,0,FALSE,NA,32,0,TRUE
3405,EUROPE,DIEGO,diego,32,0,0,0,FALSE,NA,32,0,TRUE
3406,EUROPE,DIEGO,diego,32,0,0,0,FALSE,NA,32,0,TRUE
3407,EUROPE,DIEGO,diego,32,0,0,0,FALSE,NA,32,0,TRUE
3408,EUROPE,DIEGO,diego,32,0,0,0,FALSE,NA,32,0,TRUE
3409,EUROPE,DIEGO,diego,32,0,0,0,FALSE,NA,32,0,TRUE
3410,EUROPE,DIEGO,diego,32,0,0,0,FALSE,NA,32,0,TRUE
3411,EUROPE,DIEGO,diego,32,0,0,0,FALSE,NA,32,0,TRUE
3412,EUROPE,DIEGO,diego,32,0,0,0,FALSE,NA,32,0,TRUE
3413,EUROPE,DIEGO,diego,32,0,0,0,FALSE,NA,32,0,TRUE
3414,EUROPE,DIEGO,diego,32,0,0,0,FALSE,NA,32,0,TRUE
3415,EUROPE,DIEGO,diego,32,0,0,0,FALSE,NA,32,0,TRUE
3416,EUROPE,DIEGO,diego,32,0,0,0,FALSE,NA,32,0,TRUE
3417,EUROPE,DIEGO,diego,32,0,0,0,FALSE,NA,32,0,TRUE
3418,EUROPE,DIEGO,diego,32,0,0,0,FALSE,NA,32,0,TRUE
3419,EUROPE,DIEGO,diego,32,0,0,0,FALSE,NA,32,0,TRUE
3420,EUROPE,DIEGO,diego,32,0,0,0,FALSE,NA,32,0,TRUE
3421,EUROPE,DIEGO,diego,32,0,0,0,FALSE,NA,32,0,TRUE
3422,EUROPE,DIEGO,diego,32,0,0,0,FALSE,NA,32,0,TRUE
3423,EUROPE,DIEGO,diego,32,0,0,0,FALSE,NA,32,0,TRUE
3424,EUROPE,DIEGO,diego,32,0,0,0,FALSE,NA,32,0,TRUE
3425,EUROPE,DIEGO,diego,32,0,0,0,FALSE,NA,32,0,TRUE
3426,EUROPE,DIEGO,diego,32,0,0,0,FALSE,NA,32,0,TRUE
3427,EUROPE,DIEGO,diego,32,0,0,0,FALSE,NA,32,0,TRUE
3428,EUROPE,DIEGO,diego,32,0,0,0,FALSE,NA,32,0,TRUE
3429,EUROPE,DIEGO,diego,32,0,0,0,FALSE,NA,32,0,TRUE
3430,EUROPE,DIEGO,diego,32,0,0,0,FALSE,NA,32,0,TRUE
3431,EUROPE,DIEGO,diego,32,0,0,0,FALSE,NA,32,0,TRUE
3432,EUROPE,DIEGO,diego,32,0,0,0,FALSE,NA,32,0,TRUE
3433,EUROPE,DIEGO,diego,32,0,0,0,FALSE,NA,32,0,TRUE
3434,EUROPE,DIEGO,diego,32,0,0,0,FALSE,NA,32,0,TRUE
3435,EUROPE,DIEGO,diego,32,0,0,0,FALSE,NA,32,0,TRUE
3436,EUROPE,DIEGO,diego,32,0,0,0,FALSE,NA,32,0,TRUE
3437,EUROPE,DIEGO,diego,32,0,0,0,FALSE,NA,32,0,TRUE
3438,EUROPE,DIEGO,diego,32,0,0,0,FALSE,NA,32,0,TRUE
3439,EUROPE,DIEGO,diego,32,0,0,0,FALSE,NA,32,0,TRUE
3440,EUROPE,DIEGO,diego,32,0,0,0,FALSE,NA,32,0,TRUE
3441,EUROPE,DIEGO,diego,32,0,0,0,FALSE,NA,32,0,TRUE
3442,EUROPE,DIEGO,diego,32,0,0,0,FALSE,NA,32,0,TRUE
3443,EUROPE,DIEGO,diego,32,0,0,0,FALSE,NA,32,0,TRUE
3444,EUROPE,DIEGO,diego,32,0,0,0,FALSE,NA,32,0,TRUE
3445,EUROPE,DIEGO,diego,32,0,0,0,FALSE,NA,32,0,TRUE
3446,EUROPE,DIEGO,diego,32,0,0,0,FALSE,NA,32,0,TRUE
3447,EUROPE,DIEGO,diego,32,0,0,0,FALSE,NA,32,0,TRUE
3448,EUROPE,DIEGO,diego,32,0,0,0,FALSE,NA,32,0,TRUE
3449,EUROPE,DIEGO,diego,32,0,0,0,FALSE,NA,32,0,TRUE
3450,EUROPE,DIEGO,diego,32,0,0,0,FALSE,NA,32,0,TRUE
3451,EUROPE,DIEGO,diego,32,0,0,0,FALSE,NA,32,0,TRUE
3452,EUROPE,DIEGO,diego,32,0,0,0,FALSE,NA,32,0,TRUE
3453,EUROPE,DIEGO,diego,32,0,0,0,FALSE,NA,32,0,TRUE
3454,EUROPE,DIEGO,diego,32,0,0,0,FALSE,NA,32,0,TRUE
3455,EUROPE,DIEGO,diego,32,0,0,0,FALSE,NA,32,0,TRUE
3456,EUROPE,DIEGO,diego,32,0,0,0,FALSE,NA,32,0,TRUE
3457,EUROPE,DIEGO,diego,32,0,0,0,FALSE,NA,32,0,TRUE
3458,EUROPE,DIEGO,diego,32,0,0,0,FALSE,NA,32,0,TRUE
3459,EUROPE,DIEGO,diego,32,0,0,0,FALSE,NA,32,0,TRUE
3460,EUROPE,DIEGO,diego,32,0,0,0,FALSE,NA,32,0,TRUE
3461,EUROPE,DIEGO,diego,32,0,0,0,FALSE,NA,32,0,TRUE
3462,EUROPE,DIEGO,diego,32,0,0,0,FALSE,NA,32,0,TRUE
3463,EUROPE,DIEGO,diego,32,0,0,0,FALSE,NA,32,0,TRUE
3464,EUROPE,DIEGO,diego,32,0,0,0,FALSE,NA,32,0,TRUE
3465,EUROPE,DIEGO,diego,32,0,0,0,FALSE,NA,32,0,TRUE
3466,EUROPE,DIEGO,diego,32,0,0,0,FALSE,NA,32,0,TRUE
3467,EUROPE,DIEGO,diego,32,0,0,0,FALSE,NA,32,0,TRUE
3468,EUROPE,DIEGO,diego,32,0,0,0,FALSE,NA,32,0,TRUE
3469,EUROPE,DIEGO,diego,32,0,0,0,FALSE,NA,32,0,TRUE
3470,EUROPE,DIEGO,diego,32,0,0,0,FALSE,NA,32,0,TRUE
3471,EUROPE,DIEGO,diego,32,0,0,0,FALSE,NA,32,0,TRUE
3472,EUROPE,DIEGO,diego,32,0,0,0,FALSE,NA,32,0,TRUE
3473,EUROPE,DIEGO,diego,32,0,0,0,FALSE,NA,32,0,TRUE
3474,EUROPE,DIEGO,diego,32,0,0,0,FALSE,NA,32,0,TRUE
3475,EUROPE,DIEGO,diego,32,0,0,0,FALSE,NA,32,0,TRUE
3476,EUROPE,DIEGO,diego,32,0,0,0,FALSE,NA,32,0,TRUE
3477,EUROPE,DIEGO,diego,32,0,0,0,FALSE,NA,32,0,TRUE
3478,EUROPE,DIEGO,diego,32,0,0,0,FALSE,NA,32,0,TRUE
3479,EUROPE,DIEGO,diego,32,0,0,0,FALSE,NA,32,0,TRUE
3480,EUROPE,DIEGO,diego,32,0,0,0,FALSE,NA,32,0,TRUE
3481,EUROPE,DIEGO,diego,32,0,0,0,FALSE,NA,32,0,TRUE
3482,EUROPE,DIEGO,diego,32,0,0,0,FALSE,NA,32,0,TRUE
3483,EUROPE,DIEGO,diego,32,0,0,0,FALSE,NA,32,0,TRUE
3484,EUROPE,DIEGO,diego,32,0,0,0,FALSE,NA,32,0,TRUE
3485,EUROPE,DIEGO,diego,32,0,0,0,FALSE,NA,32,0,TRUE
3486,EUROPE,DIEGO,diego,32,0,0,0,FALSE,NA,32,0,TRUE
3487,EUROPE,DIEGO,diego,32,0,0,0,FALSE,NA,32,0,TRUE
3488,EUROPE,DIEGO,diego,32,0,0,0,FALSE,NA,32,0,TRUE
3489,EUROPE,DIEGO,diego,32,0,0,0,FALSE,NA,32,0,TRUE
3490,EUROPE,DIEGO,diego,32,0,0,0,FALSE,NA,32,0,TRUE
3491,EUROPE,DIEGO,diego,32,0,0,0,FALSE,NA,32,0,TRUE
3492,EUROPE,DIEGO,diego,32,0,0,0,FALSE,NA,32,0,TRUE
3493,EUROPE,DIEGO,diego,32,0,0,0,FALSE,NA,32,0,TRUE
3494,EUROPE,DIEGO,diego,32,0,0,0,FALSE,NA,32,0,TRUE
3495,EUROPE,DIEGO,diego,32,0,0,0,FALSE,NA,32,0,TRUE
3496,EUROPE,DIEGO,diego,32,0,0,0,FALSE,NA,32,0,TRUE
3497,EUROPE,DIEGO,diego,32,0,0,0,FALSE,NA,32,0,TRUE
3498,EUROPE,DIEGO,diego,32,0,0,0,FALSE,NA,32,0,TRUE
3499,EUROPE,DIEGO,diego,32,0,0,0,FALSE,NA,32,0,TRUE
3500,EUROPE,DIEGO,diego,32,0,0,0,FALSE,NA,32,0,TRUE
3501,EUROPE,DIEGO,diego,32,0,0,0,FALSE,NA,32,0,TRUE
3502,EUROPE,DIEGO,diego,32,0,0,0,FALSE,NA,32,0,TRUE
3503,EUROPE,DIEGO,diego,32,0,0,0,FALSE,NA,32,0,TRUE
3504,EUROPE,DIEGO,diego,32,0,0,0,FALSE,NA,32,0,TRUE
3505,EUROPE,DIEGO,diego,32,0,0,0,FALSE,NA,32,0,TRUE
3506,EUROPE,DIEGO,diego,32,0,0,0,FALSE,NA,32,0,TRUE
3507,EUROPE,DIEGO,diego,32,0,0,0,FALSE,NA,32,0,TRUE
3508,EUROPE,DIEGO,diego,32,0,0,0,FALSE,NA,32,0,TRUE
3509,EUROPE,DIEGO,diego,32,0,0,0,FALSE,NA,32,0,TRUE
3510,EUROPE,DIEGO,diego,32,0,0,0,FALSE,NA,32,0,TRUE
3511,EUROPE,DIEGO,diego,32,0,0,0,FALSE,NA,32,0,TRUE
3512,EUROPE,DIEGO,diego,32,0,0,0,FALSE,NA,32,0,TRUE
3513,EUROPE,DIEGO,diego,32,0,0,0,FALSE,NA,32,0,TRUE
3514,EUROPE,DIEGO,diego,32,0,0,0,FALSE,NA,32,0,TRUE
3515,EUROPE,DIEGO,diego,32,0,0,0,FALSE,NA,32,0,TRUE
3516,EUROPE,DIEGO,diego,32,0,0,0,FALSE,NA,32,0,TRUE
3517,EUROPE,DIEGO,diego,32,0,0,0,FALSE,NA,32,0,TRUE
3518,EUROPE,DIEGO,diego,32,0,0,0,FALSE,NA,32,0,TRUE
3519,EUROPE,DIEGO,diego,32,0,0,0,FALSE,NA,32,0,TRUE
3520,EUROPE,DIEGO,diego,32,0,0,0,FALSE,NA,32,0,TRUE
3521,EUROPE,DIEGO,diego,32,0,0,0,FALSE,NA,32,0,TRUE
3522,EUROPE,DIEGO,diego,32,0,0,0,FALSE,NA,32,0,TRUE
3523,EUROPE,DIEGO,diego,32,0,0,0,FALSE,NA,32,0,TRUE
3524,EUROPE,DIEGO,diego,32,0,0,0,FALSE,NA,32,0,TRUE
3525,EUROPE,DIEGO,diego,32,0,0,0,FALSE,NA,32,0,TRUE
3526,EUROPE,DIEGO,diego,32,0,0,0,FALSE,NA,32,0,TRUE
3527,EUROPE,DIEGO,diego,32,0,0,0,FALSE,NA,32,0,TRUE
3528,EUROPE,DIEGO,diego,32,0,0,0,FALSE,NA,32,0,TRUE
3529,EUROPE,DIEGO,diego,32,0,0,0,FALSE,NA,32,0,TRUE
3530,EUROPE,DIEGO,diego,32,0,0,0,FALSE,NA,32,0,TRUE
3531,EUROPE,DIEGO,diego,32,0,0,0,FALSE,NA,32,0,TRUE
3532,EUROPE,DIEGO,diego,32,0,0,0,FALSE,NA,32,0,TRUE
3533,EUROPE,DIEGO,diego,32,0,0,0,FALSE,NA,32,0,TRUE
3534,EUROPE,DIEGO,diego,32,0,0,0,FALSE,NA,32,0,TRUE
3535,EUROPE,DIEGO,diego,32,0,0,0,FALSE,NA,32,0,TRUE
3536,EUROPE,DIEGO,diego,32,0,0,0,FALSE,NA,32,0,TRUE
3537,EUROPE,DIEGO,diego,32,0,0,0,FALSE,NA,32,0,TRUE
3538,EUROPE,DIEGO,diego,32,0,0,0,FALSE,NA,32,0,TRUE
3539,EUROPE,DIEGO,diego,32,0,0,0,FALSE,NA,32,0,TRUE
3540,EUROPE,DIEGO,diego,32,0,0,0,FALSE,NA,32,0,TRUE
3541,EUROPE,DIEGO,diego,32,0,0,0,FALSE,NA,32,0,TRUE
3542,EUROPE,DIEGO,diego,32,0,0,0,FALSE,NA,32,0,TRUE
3543,EUROPE,DIEGO,diego,32,0,0,0,FALSE,NA,32,0,TRUE
3544,EUROPE,DIEGO,diego,32,0,0,0,FALSE,NA,32,0,TRUE
3545,EUROPE,DIEGO,diego,32,0,0,0,FALSE,NA,32,0,TRUE
3546,EUROPE,DIEGO,diego,32,0,0,0,FALSE,NA,32,0,TRUE
3547,EUROPE,DIEGO,diego,32,0,0,0,FALSE,NA,32,0,TRUE
3548,EUROPE,DIEGO,diego,32,0,0,0,FALSE,NA,32,0,TRUE
3549,EUROPE,DIEGO,diego,32,0,0,0,FALSE,NA,32,0,TRUE
3550,EUROPE,DIEGO,diego,32,0,0,0,FALSE,NA,32,0,TRUE
3551,EUROPE,DIEGO,diego,32,0,0,0,FALSE,NA,32,0,TRUE
3552,EUROPE,DIEGO,diego,32,0,0,0,FALSE,NA,32,0,TRUE
3553,EUROPE,DIEGO,diego,32,0,0,0,FALSE,NA,32,0,TRUE
3554,EUROPE,DIEGO,diego,32,0,0,0,FALSE,NA,32,0,TRUE
3555,EUROPE,DIEGO,diego,32,0,0,0,FALSE,NA,32,0,TRUE
3556,EUROPE,DIEGO,diego,32,0,0,0,FALSE,NA,32,0,TRUE
3557,EUROPE,DIEGO,diego,32,0,0,0,FALSE,NA,32,0,TRUE
3558,EUROPE,DIEGO,diego,32,0,0,0,FALSE,NA,32,0,TRUE
3559,EUROPE,DIEGO,diego,32,0,0,0,FALSE,NA,32,0,TRUE
3560,EUROPE,DIEGO,diego,32,0,0,0,FALSE,NA,32,0,TRUE
3561,EUROPE,DIEGO,diego,32,0,0,0,FALSE,NA,32,0,TRUE
3562,EUROPE,DIEGO,diego,32,0,0,0,FALSE,NA,32,0,TRUE
3563,EUROPE,DIEGO,diego,32,0,0,0,FALSE,NA,32,0,TRUE
3564,EUROPE,DIEGO,diego,32,0,0,0,FALSE,NA,32,0,TRUE
3565,EUROPE,DIEGO,diego,32,0,0,0,FALSE,NA,32,0,TRUE
3566,EUROPE,DIEGO,diego,32,0,0,0,FALSE,NA,32,0,TRUE
3567,EUROPE,DIEGO,diego,32,0,0,0,FALSE,NA,32,0,TRUE
3568,EUROPE,DIEGO,diego,32,0,0,0,FALSE,NA,32,0,TRUE
3569,EUROPE,DIEGO,diego,32,0,0,0,FALSE,NA,32,0,TRUE
3570,EUROPE,DIEGO,diego,32,0,0,0,FALSE,NA,32,0,TRUE
3571,EUROPE,DIEGO,diego,32,0,0,0,FALSE,NA,32,0,TRUE
3572,EUROPE,DIEGO,diego,32,0,0,0,FALSE,NA,32,0,TRUE
3573,EUROPE,DIEGO,diego,32,0,0,0,FALSE,NA,32,0,TRUE
3574,EUROPE,DIEGO,diego,32,0,0,0,FALSE,NA,32,0,TRUE
3575,EUROPE,DIEGO,diego,32,0,0,0,FALSE,NA,32,0,TRUE
3576,EUROPE,DIEGO,diego,32,0,0,0,FALSE,NA,32,0,TRUE
3577,EUROPE,DIEGO,diego,32,0,0,0,FALSE,NA,32,0,TRUE
3578,EUROPE,DIEGO,diego,32,0,0,0,FALSE,NA,32,0,TRUE
3579,EUROPE,DIEGO,diego,32,0,0,0,FALSE,NA,32,0,TRUE
3580,EUROPE,DIEGO,diego,32,0,0,0,FALSE,NA,32,0,TRUE
3581,EUROPE,DIEGO,diego,32,0,0,0,FALSE,NA,32,0,TRUE
3582,EUROPE,DIEGO,diego,32,0,0,0,FALSE,NA,32,0,TRUE
3583,EUROPE,DIEGO,diego,32,0,0,0,FALSE,NA,32,0,TRUE
3584,EUROPE,DIEGO,diego,32,0,0,0,FALSE,NA,32,0,TRUE
3585,EUROPE,DIEGO,diego,32,0,0,0,FALSE,NA,32,0,TRUE
3586,EUROPE,DIEGO,diego,32,0,0,0,FALSE,NA,32,0,TRUE
3587,EUROPE,DIEGO,diego,32,0,0,0,FALSE,NA,32,0,TRUE
3588,EUROPE,DIEGO,diego,32,0,0,0,FALSE,NA,32,0,TRUE
3589,EUROPE,DIEGO,diego,32,0,0,0,FALSE,NA,32,0,TRUE
3590,EUROPE,DIEGO,diego,32,0,0,0,FALSE,NA,32,0,TRUE
3591,EUROPE,DIEGO,diego,32,0,0,0,FALSE,NA,32,0,TRUE
3592,EUROPE,DIEGO,diego,32,0,0,0,FALSE,NA,32,0,TRUE
3593,EUROPE,DIEGO,diego,32,0,0,0,FALSE,NA,32,0,TRUE
3594,EUROPE,DIEGO,diego,32,0,0,0,FALSE,NA,32,0,TRUE
3595,EUROPE,DIEGO,diego,32,0,0,0,FALSE,NA,32,0,TRUE
3596,EUROPE,DIEGO,diego,32,0,0,0,FALSE,NA,32,0,TRUE
3597,EUROPE,DIEGO,diego,32,0,0,0,FALSE,NA,32,0,TRUE
3598,EUROPE,DIEGO,diego,32,0,0,0,FALSE,NA,32,0,TRUE
3599,EUROPE,DIEGO,diego,32,0,0,0,FALSE,NA,32,0,TRUE
3600,EUROPE,DIEGO,diego,32,0,0,0,FALSE,NA,32,0,TRUE
3601,EUROPE,DIEGO,diego,32,0,0,0,FALSE,NA,32,0,TRUE
3602,EUROPE,DIEGO,diego,32,0,0,0,FALSE,NA,32,0,TRUE
3603,EUROPE,DIEGO,diego,32,0,0,0,FALSE,NA,32,0,TRUE
3604,EUROPE,DIEGO,diego,32,0,0,0,FALSE,NA,32,0,TRUE
3605,EUROPE,DIEGO,diego,32,0,0,0,FALSE,NA,32,0,TRUE
3606,EUROPE,DIEGO,diego,32,0,0,0,FALSE,NA,32,0,TRUE
3607,EUROPE,DIEGO,diego,32,0,0,0,FALSE,NA,32,0,TRUE
3608,EUROPE,DIEGO,diego,32,0,0,0,FALSE,NA,32,0,TRUE
3609,EUROPE,DIEGO,diego,32,0,0,0,FALSE,NA,32,0,TRUE
3610,EUROPE,DIEGO,diego,32,0,0,0,FALSE,NA,32,0,TRUE
3611,EUROPE,DIEGO,diego,32,0,0,0,FALSE,NA,32,0,TRUE
3612,EUROPE,DIEGO,diego,32,0,0,0,FALSE,NA,32,0,TRUE
3613,EUROPE,DIEGO,diego,32,0,0,0,FALSE,NA,32,0,TRUE
3614,EUROPE,DIEGO,diego,32,0,0,0,FALSE,NA,32,0,TRUE
3615,EUROPE,DIEGO,diego,32,0,0,0,FALSE,NA,32,0,TRUE
3616,EUROPE,DIEGO,diego,32,0,0,0,FALSE,NA,32,0,TRUE
3617,EUROPE,DIEGO,diego,32,0,0,0,FALSE,NA,32,0,TRUE
3618,EUROPE,DIEGO,diego,32,0,0,0,FALSE,NA,32,0,TRUE
3619,EUROPE,DIEGO,diego,32,0,0,0,FALSE,NA,32,0,TRUE
3620,EUROPE,DIEGO,diego,32,0,0,0,FALSE,NA,32,0,TRUE
3621,EUROPE,DIEGO,diego,32,0,0,0,FALSE,NA,32,0,TRUE
3622,EUROPE,DIEGO,diego,32,0,0,0,FALSE,NA,32,0,TRUE
3623,EUROPE,DIEGO,diego,32,0,0,0,FALSE,NA,32,0,TRUE
3624,EUROPE,DIEGO,diego,32,0,0,0,FALSE,NA,32,0,TRUE
3625,EUROPE,DIEGO,diego,32,0,0,0,FALSE,NA,32,0,TRUE
3626,EUROPE,DIEGO,diego,32,0,0,0,FALSE,NA,32,0,TRUE
3627,EUROPE,DIEGO,diego,32,0,0,0,FALSE,NA,32,0,TRUE
3628,EUROPE,DIEGO,diego,32,0,0,0,FALSE,NA,32,0,TRUE
3629,EUROPE,DIEGO,diego,32,0,0,0,FALSE,NA,32,0,TRUE
3630,EUROPE,DIEGO,diego,32,0,0,0,FALSE,NA,32,0,TRUE
3631,EUROPE,DIEGO,diego,32,0,0,0,FALSE,NA,32,0,TRUE
3632,EUROPE,DIEGO,diego,32,0,0,0,FALSE,NA,32,0,TRUE
3633,EUROPE,DIEGO,diego,32,0,0,0,FALSE,NA,32,0,TRUE
3634,EUROPE,DIEGO,diego,32,0,0,0,FALSE,NA,32,0,TRUE
3635,EUROPE,DIEGO,diego,32,0,0,0,FALSE,NA,32,0,TRUE
3636,EUROPE,DIEGO,diego,32,0,0,0,FALSE,NA,32,0,TRUE
3637,EUROPE,DIEGO,diego,32,0,0,0,FALSE,NA,32,0,TRUE
3638,EUROPE,DIEGO,diego,32,0,0,0,FALSE,NA,32,0,TRUE
3639,EUROPE,DIEGO,diego,32,0,0,0,FALSE,NA,32,0,TRUE
3640,EUROPE,DIEGO,diego,32,0,0,0,FALSE,NA,32,0,TRUE
3641,EUROPE,DIEGO,diego,32,0,0,0,FALSE,NA,32,0,TRUE
3642,EUROPE,DIEGO,diego,32,0,0,0,FALSE,NA,32,0,TRUE
3643,EUROPE,DIEGO,diego,32,0,0,0,FALSE,NA,32,0,TRUE
3644,EUROPE,DIEGO,diego,32,0,0,0,FALSE,NA,32,0,TRUE
3645,EUROPE,DIEGO,diego,32,0,0,0,FALSE,NA,32,0,TRUE
3646,EUROPE,DIEGO,diego,32,0,0,0,FALSE,NA,32,0,TRUE
3647,EUROPE,DIEGO,diego,32,0,0,0,FALSE,NA,32,0,TRUE
3648,EUROPE,DIEGO,diego,32,0,0,0,FALSE,NA,32,0,TRUE
3649,EUROPE,DIEGO,diego,32,0,0,0,FALSE,NA,32,0,TRUE
3650,EUROPE,DIEGO,diego,32,0,0,0,FALSE,NA,32,0,TRUE
3651,EUROPE,DIEGO,diego,32,0,0,0,FALSE,NA,32,0,TRUE
3652,EUROPE,DIEGO,diego,32,0,0,0,FALSE,NA,32,0,TRUE
3653,EUROPE,DIEGO,diego,32,0,0,0,FALSE,NA,32,0,TRUE
3654,EUROPE,DIEGO,diego,32,0,0,0,FALSE,NA,32,0,TRUE
3655,EUROPE,DIEGO,diego,32,0,0,0,FALSE,NA,32,0,TRUE
3656,EUROPE,DIEGO,diego,32,0,0,0,FALSE,NA,32,0,TRUE
3657,EUROPE,DIEGO,diego,32,0,0,0,FALSE,NA,32,0,TRUE
3658,EUROPE,DIEGO,diego,32,0,0,0,FALSE,NA,32,0,TRUE
3659,EUROPE,DIEGO,diego,32,0,0,0,FALSE,NA,32,0,TRUE
3660,EUROPE,DIEGO,diego,32,0,0,0,FALSE,NA,32,0,TRUE
3661,EUROPE,DIEGO,diego,32,0,0,0,FALSE,NA,32,0,TRUE
3662,EUROPE,DIEGO,diego,32,0,0,0,FALSE,NA,32,0,TRUE
3663,EUROPE,DIEGO,diego,32,0,0,0,FALSE,NA,32,0,TRUE
3664,EUROPE,DIEGO,diego,32,0,0,0,FALSE,NA,32,0,TRUE
3665,EUROPE,DIEGO,diego,32,0,0,0,FALSE,NA,32,0,TRUE
3666,EUROPE,DIEGO,diego,32,0,0,0,FALSE,NA,32,0,TRUE
3667,EUROPE,DIEGO,diego,32,0,0,0,FALSE,NA,32,0,TRUE
3668,EUROPE,DIEGO,diego,32,0,0,0,FALSE,NA,32,0,TRUE
3669,EUROPE,DIEGO,diego,32,0,0,0,FALSE,NA,32,0,TRUE
3670,EUROPE,DIEGO,diego,32,0,0,0,FALSE,NA,32,0,TRUE
3671,EUROPE,DIEGO,diego,32,0,0,0,FALSE,NA,32,0,TRUE
3672,EUROPE,DIEGO,diego,32,0,0,0,FALSE,NA,32,0,TRUE
3673,EUROPE,DIEGO,diego,32,0,0,0,FALSE,NA,32,0,TRUE
3674,EUROPE,DIEGO,diego,32,0,0,0,FALSE,NA,32,0,TRUE
3675,EUROPE,DIEGO,diego,32,0,0,0,FALSE,NA,32,0,TRUE
3676,EUROPE,DIEGO,diego,32,0,0,0,FALSE,NA,32,0,TRUE
3677,EUROPE,DIEGO,diego,32,0,0,0,FALSE,NA,32,0,TRUE
3678,EUROPE,DIEGO,diego,32,0,0,0,FALSE,NA,32,0,TRUE
3679,EUROPE,DIEGO,diego,32,0,0,0,FALSE,NA,32,0,TRUE
3680,EUROPE,DIEGO,diego,32,0,0,0,FALSE,NA,32,0,TRUE
3681,EUROPE,DIEGO,diego,32,0,0,0,FALSE,NA,32,0,TRUE
3682,EUROPE,DIEGO,diego,32,0,0,0,FALSE,NA,32,0,TRUE
3683,EUROPE,DIEGO,diego,32,0,0,0,FALSE,NA,32,0,TRUE
3684,EUROPE,DIEGO,diego,32,0,0,0,FALSE,NA,32,0,TRUE
3685,EUROPE,DIEGO,diego,32,0,0,0,FALSE,NA,32,0,TRUE
3686,EUROPE,DIEGO,diego,32,0,0,0,FALSE,NA,32,0,TRUE
3687,EUROPE,DIEGO,diego,32,0,0,0,FALSE,NA,32,0,TRUE
3688,EUROPE,DIEGO,diego,32,0,0,0,FALSE,NA,32,0,TRUE
3689,EUROPE,DIEGO,diego,32,0,0,0,FALSE,NA,32,0,TRUE
3690,EUROPE,DIEGO,diego,32,0,0,0,FALSE,NA,32,0,TRUE
3691,EUROPE,DIEGO,diego,32,0,0,0,FALSE,NA,32,0,TRUE
3692,EUROPE,DIEGO,diego,32,0,0,0,FALSE,NA,32,0,TRUE
3693,EUROPE,DIEGO,diego,32,0,0,0,FALSE,NA,32,0,TRUE
3694,EUROPE,DIEGO,diego,32,0,0,0,FALSE,NA,32,0,TRUE
3695,EUROPE,DIEGO,diego,32,0,0,0,FALSE,NA,32,0,TRUE
3696,EUROPE,DIEGO,diego,32,0,0,0,FALSE,NA,32,0,TRUE
3697,EUROPE,DIEGO,diego,32,0,0,0,FALSE,NA,32,0,TRUE
3698,EUROPE,DIEGO,diego,32,0,0,0,FALSE,NA,32,0,TRUE
3699,EUROPE,DIEGO,diego,32,0,0,0,FALSE,NA,32,0,TRUE
3700,EUROPE,DIEGO,diego,32,0,0,0,FALSE,NA,32,0,TRUE
3701,EUROPE,DIEGO,diego,32,0,0,0,FALSE,NA,32,0,TRUE
3702,EUROPE,DIEGO,diego,32,0,0,0,FALSE,NA,32,0,TRUE
3703,EUROPE,DIEGO,diego,32,0,0,0,FALSE,NA,32,0,TRUE
3704,EUROPE,DIEGO,diego,32,0,0,0,FALSE,NA,32,0,TRUE
3705,EUROPE,DIEGO,diego,32,0,0,0,FALSE,NA,32,0,TRUE
3706,EUROPE,DIEGO,diego,32,0,0,0,FALSE,NA,32,0,TRUE
3707,EUROPE,DIEGO,diego,32,0,0,0,FALSE,NA,32,0,TRUE
3708,EUROPE,DIEGO,diego,32,0,0,0,FALSE,NA,32,0,TRUE
3709,EUROPE,DIEGO,diego,32,0,0,0,FALSE,NA,32,0,TRUE
3710,EUROPE,DIEGO,diego,32,0,0,0,FALSE,NA,32,0,TRUE
3711,EUROPE,DIEGO,diego,32,0,0,0,FALSE,NA,32,0,TRUE
3712,EUROPE,DIEGO,diego,32,0,0,0,FALSE,NA,32,0,TRUE
3713,EUROPE,DIEGO,diego,32,0,0,0,FALSE,NA,32,0,TRUE
3714,EUROPE,DIEGO,diego,32,0,0,0,FALSE,NA,32,0,TRUE
3715,EUROPE,DIEGO,diego,32,0,0,0,FALSE,NA,32,0,TRUE
3716,EUROPE,DIEGO,diego,32,0,0,0,FALSE,NA,32,0,TRUE
3717,EUROPE,DIEGO,diego,32,0,0,0,FALSE,NA,32,0,TRUE
3718,EUROPE,DIEGO,diego,32,0,0,0,FALSE,NA,32,0,TRUE
3719,EUROPE,DIEGO,diego,32,0,0,0,FALSE,NA,32,0,TRUE
3720,EUROPE,DIEGO,diego,32,0,0,0,FALSE,NA,32,0,TRUE
3721,EUROPE,DIEGO,diego,32,0,0,0,FALSE,NA,32,0,TRUE
3722,EUROPE,DIEGO,diego,32,0,0,0,FALSE,NA,32,0,TRUE
3723,EUROPE,DIEGO,diego,32,0,0,0,FALSE,NA,32,0,TRUE
3724,EUROPE,DIEGO,diego,32,0,0,0,FALSE,NA,32,0,TRUE
3725,EUROPE,DIEGO,diego,32,0,0,0,FALSE,NA,32,0,TRUE
3726,EUROPE,DIEGO,diego,32,0,0,0,FALSE,NA,32,0,TRUE
3727,EUROPE,DIEGO,diego,32,0,0,0,FALSE,NA,32,0,TRUE
3728,EUROPE,DIEGO,diego,32,0,0,0,FALSE,NA,32,0,TRUE
3729,EUROPE,DIEGO,diego,32,0,0,0,FALSE,NA,32,0,TRUE
3730,EUROPE,DIEGO,diego,32,0,0,0,FALSE,NA,32,0,TRUE
3731,EUROPE,DIEGO,diego,32,0,0,0,FALSE,NA,32,0,TRUE
3732,EUROPE,DIEGO,diego,32,0,0,0,FALSE,NA,32,0,TRUE
3733,EUROPE,DIEGO,diego,32,0,0,0,FALSE,NA,32,0,TRUE
3734,EUROPE,DIEGO,diego,32,0,0,0,FALSE,NA,32,0,TRUE
3735,EUROPE,DIEGO,diego,32,0,0,0,FALSE,NA,32,0,TRUE
3736,EUROPE,DIEGO,diego,32,0,0,0,FALSE,NA,32,0,TRUE
3737,EUROPE,DIEGO,diego,32,0,0,0,FALSE,NA,32,0,TRUE
3738,EUROPE,DIEGO,diego,32,0,0,0,FALSE,NA,32,0,TRUE
3739,EUROPE,DIEGO,diego,32,0,0,0,FALSE,NA,32,0,TRUE
3740,EUROPE,DIEGO,diego,32,0,0,0,FALSE,NA,32,0,TRUE
3741,EUROPE,DIEGO,diego,32,0,0,0,FALSE,NA,32,0,TRUE
3742,EUROPE,DIEGO,diego,32,0,0,0,FALSE,NA,32,0,TRUE
3743,EUROPE,DIEGO,diego,32,0,0,0,FALSE,NA,32,0,TRUE
3744,EUROPE,DIEGO,diego,32,0,0,0,FALSE,NA,32,0,TRUE
3745,EUROPE,DIEGO,diego,32,0,0,0,FALSE,NA,32,0,TRUE
3746,EUROPE,DIEGO,diego,32,0,0,0,FALSE,NA,32,0,TRUE
3747,EUROPE,DIEGO,diego,32,0,0,0,FALSE,NA,32,0,TRUE
3748,EUROPE,DIEGO,diego,32,0,0,0,FALSE,NA,32,0,TRUE
3749,EUROPE,DIEGO,diego,32,0,0,0,FALSE,NA,32,0,TRUE
3750,EUROPE,DIEGO,diego,32,0,0,0,FALSE,NA,32,0,TRUE
3751,EUROPE,DIEGO,diego,32,0,0,0,FALSE,NA,32,0,TRUE
3752,EUROPE,DIEGO,diego,32,0,0,0,FALSE,NA,32,0,TRUE
3753,EUROPE,DIEGO,diego,32,0,0,0,FALSE,NA,32,0,TRUE
3754,EUROPE,DIEGO,diego,32,0,0,0,FALSE,NA,32,0,TRUE
3755,EUROPE,DIEGO,diego,32,0,0,0,FALSE,NA,32,0,TRUE
3756,EUROPE,DIEGO,diego,32,0,0,0,FALSE,NA,32,0,TRUE
3757,EUROPE,DIEGO,diego,32,0,0,0,FALSE,NA,32,0,TRUE
3758,EUROPE,DIEGO,diego,32,0,0,0,FALSE,NA,32,0,TRUE
3759,EUROPE,DIEGO,diego,32,0,0,0,FALSE,NA,32,0,TRUE
3760,EUROPE,DIEGO,diego,32,0,0,0,FALSE,NA,32,0,TRUE
3761,EUROPE,DIEGO,diego,32,0,0,0,FALSE,NA,32,0,TRUE
3762,EUROPE,DIEGO,diego,32,0,0,0,FALSE,NA,32,0,TRUE
3763,EUROPE,DIEGO,diego,32,0,0,0,FALSE,NA,32,0,TRUE
3764,EUROPE,DIEGO,diego,32,0,0,0,FALSE,NA,32,0,TRUE
3765,EUROPE,DIEGO,diego,32,0,0,0,FALSE,NA,32,0,TRUE
3766,EUROPE,DIEGO,diego,32,0,0,0,FALSE,NA,32,0,TRUE
3767,EUROPE,DIEGO,diego,32,0,0,0,FALSE,NA,32,0,TRUE
3768,EUROPE,DIEGO,diego,32,0,0,0,FALSE,NA,32,0,TRUE
3769,EUROPE,DIEGO,diego,32,0,0,0,FALSE,NA,32,0,TRUE
3770,EUROPE,DIEGO,diego,32,0,0,0,FALSE,NA,32,0,TRUE
3771,EUROPE,DIEGO,diego,32,0,0,0,FALSE,NA,32,0,TRUE
3772,EUROPE,DIEGO,diego,32,0,0,0,FALSE,NA,32,0,TRUE
3773,EUROPE,DIEGO,diego,32,0,0,0,FALSE,NA,32,0,TRUE
3774,EUROPE,DIEGO,diego,32,0,0,0,FALSE,NA,32,0,TRUE
3775,EUROPE,DIEGO,diego,32,0,0,0,FALSE,NA,32,0,TRUE
3776,EUROPE,DIEGO,diego,32,0,0,0,FALSE,NA,32,0,TRUE
3777,EUROPE,DIEGO,diego,32,0,0,0,FALSE,NA,32,0,TRUE
3778,EUROPE,DIEGO,diego,32,0,0,0,FALSE,NA,32,0,TRUE
3779,EUROPE,DIEGO,diego,32,0,0,0,FALSE,NA,32,0,TRUE
3780,EUROPE,DIEGO,diego,32,0,0,0,FALSE,NA,32,0,TRUE
3781,EUROPE,DIEGO,diego,32,0,0,0,FALSE,NA,32,0,TRUE
3782,EUROPE,DIEGO,diego,32,0,0,0,FALSE,NA,32,0,TRUE
3783,EUROPE,DIEGO,diego,32,0,0,0,FALSE,NA,32,0,TRUE
3784,EUROPE,DIEGO,diego,32,0,0,0,FALSE,NA,32,0,TRUE
3785,EUROPE,DIEGO,diego,32,0,0,0,FALSE,NA,32,0,TRUE
3786,EUROPE,DIEGO,diego,32,0,0,0,FALSE,NA,32,0,TRUE
3787,EUROPE,DIEGO,diego,32,0,0,0,FALSE,NA,32,0,TRUE
3788,EUROPE,DIEGO,diego,32,0,0,0,FALSE,NA,32,0,TRUE
3789,EUROPE,DIEGO,diego,32,0,0,0,FALSE,NA,32,0,TRUE
3790,EUROPE,DIEGO,diego,32,0,0,0,FALSE,NA,32,0,TRUE
3791,EUROPE,DIEGO,diego,32,0,0,0,FALSE,NA,32,0,TRUE
3792,EUROPE,DIEGO,diego,32,0,0,0,FALSE,NA,32,0,TRUE
3793,EUROPE,DIEGO,diego,32,0,0,0,FALSE,NA,32,0,TRUE
3794,EUROPE,DIEGO,diego,32,0,0,0,FALSE,NA,32,0,TRUE
3795,EUROPE,DIEGO,diego,32,0,0,0,FALSE,NA,32,0,TRUE
3796,EUROPE,DIEGO,diego,32,0,0,0,FALSE,NA,32,0,TRUE
3797,EUROPE,DIEGO,diego,32,0,0,0,FALSE,NA,32,0,TRUE
3798,EUROPE,DIEGO,diego,32,0,0,0,FALSE,NA,32,0,TRUE
3799,EUROPE,DIEGO,diego,32,0,0,0,FALSE,NA,32,0,TRUE
3800,EUROPE,DIEGO,diego,32,0,0,0,FALSE,NA,32,0,TRUE
3801,EUROPE,DIEGO,diego,32,0,0,0,FALSE,NA,32,0,TRUE
3802,EUROPE,DIEGO,diego,32,0,0,0,FALSE,NA,32,0,TRUE
3803,EUROPE,DIEGO,diego,32,0,0,0,FALSE,NA,32,0,TRUE
3804,EUROPE,DIEGO,diego,32,0,0,0,FALSE,NA,32,0,TRUE
3805,EUROPE,DIEGO,diego,32,0,0,0,FALSE,NA,32,0,TRUE
3806,EUROPE,DIEGO,diego,32,0,0,0,FALSE,NA,32,0,TRUE
3807,EUROPE,DIEGO,diego,32,0,0,0,FALSE,NA,32,0,TRUE
3808,EUROPE,DIEGO,diego,32,0,0,0,FALSE,NA,32,0,TRUE
3809,EUROPE,DIEGO,diego,32,0,0,0,FALSE,NA,32,0,TRUE
3810,EUROPE,DIEGO,diego,32,0,0,0,FALSE,NA,32,0,TRUE
3811,EUROPE,DIEGO,diego,32,0,0,0,FALSE,NA,32,0,TRUE
3812,EUROPE,DIEGO,diego,32,0,0,0,FALSE,NA,32,0,TRUE
3813,EUROPE,DIEGO,diego,32,0,0,0,FALSE,NA,32,0,TRUE
3814,EUROPE,DIEGO,diego,32,0,0,0,FALSE,NA,32,0,TRUE
3815,EUROPE,DIEGO,diego,32,0,0,0,FALSE,NA,32,0,TRUE
3816,EUROPE,DIEGO,diego,32,0,0,0,FALSE,NA,32,0,TRUE
3817,EUROPE,DIEGO,diego,32,0,0,0,FALSE,NA,32,0,TRUE
3818,EUROPE,DIEGO,diego,32,0,0,0,FALSE,NA,32,0,TRUE
3819,EUROPE,DIEGO,diego,32,0,0,0,FALSE,NA,32,0,TRUE
3820,EUROPE,DIEGO,diego,32,0,0,0,FALSE,NA,32,0,TRUE
3821,EUROPE,DIEGO,diego,32,0,0,0,FALSE,NA,32,0,TRUE
3822,EUROPE,DIEGO,diego,32,0,0,0,FALSE,NA,32,0,TRUE
3823,EUROPE,DIEGO,diego,32,0,0,0,FALSE,NA,32,0,TRUE
3824,EUROPE,DIEGO,diego,32,0,0,0,FALSE,NA,32,0,TRUE
3825,EUROPE,DIEGO,diego,32,0,0,0,FALSE,NA,32,0,TRUE
3826,EUROPE,DIEGO,diego,32,0,0,0,FALSE,NA,32,0,TRUE
3827,EUROPE,DIEGO,diego,32,0,0,0,FALSE,NA,32,0,TRUE
3828,EUROPE,DIEGO,diego,32,0,0,0,FALSE,NA,32,0,TRUE
3829,EUROPE,DIEGO,diego,32,0,0,0,FALSE,NA,32,0,TRUE
3830,EUROPE,DIEGO,diego,32,0,0,0,FALSE,NA,32,0,TRUE
3831,EUROPE,DIEGO,diego,32,0,0,0,FALSE,NA,32,0,TRUE
3832,EUROPE,DIEGO,diego,32,0,0,0,FALSE,NA,32,0,TRUE
3833,EUROPE,DIEGO,diego,32,0,0,0,FALSE,NA,32,0,TRUE
3834,EUROPE,DIEGO,diego,32,0,0,0,FALSE,NA,32,0,TRUE
3835,EUROPE,DIEGO,diego,32,0,0,0,FALSE,NA,32,0,TRUE
3836,EUROPE,DIEGO,diego,32,0,0,0,FALSE,NA,32,0,TRUE
3837,EUROPE,DIEGO,diego,32,0,0,0,FALSE,NA,32,0,TRUE
3838,EUROPE,DIEGO,diego,32,0,0,0,FALSE,NA,32,0,TRUE
3839,EUROPE,DIEGO,diego,32,0,0,0,FALSE,NA,32,0,TRUE
3840,EUROPE,DIEGO,diego,32,0,0,0,FALSE,NA,32,0,TRUE
3841,EUROPE,DIEGO,diego,32,0,0,0,FALSE,NA,32,0,TRUE
3842,EUROPE,DIEGO,diego,32,0,0,0,FALSE,NA,32,0,TRUE
3843,EUROPE,DIEGO,diego,32,0,0,0,FALSE,NA,32,0,TRUE
3844,EUROPE,DIEGO,diego,32,0,0,0,FALSE,NA,32,0,TRUE
3845,EUROPE,DIEGO,diego,32,0,0,0,FALSE,NA,32,0,TRUE
3846,EUROPE,DIEGO,diego,32,0,0,0,FALSE,NA,32,0,TRUE
3847,EUROPE,DIEGO,diego,32,0,0,0,FALSE,NA,32,0,TRUE
3848,EUROPE,DIEGO,diego,32,0,0,0,FALSE,NA,32,0,TRUE
3849,EUROPE,DIEGO,diego,32,0,0,0,FALSE,NA,32,0,TRUE
3850,EUROPE,DIEGO,diego,32,0,0,0,FALSE,NA,32,0,TRUE
3851,EUROPE,DIEGO,diego,32,0,0,0,FALSE,NA,32,0,TRUE
3852,EUROPE,DIEGO,diego,32,0,0,0,FALSE,NA,32,0,TRUE
3853,EUROPE,DIEGO,diego,32,0,0,0,FALSE,NA,32,0,TRUE
3854,EUROPE,DIEGO,diego,32,0,0,0,FALSE,NA,32,0,TRUE
3855,EUROPE,DIEGO,diego,32,0,0,0,FALSE,NA,32,0,TRUE
3856,EUROPE,DIEGO,diego,32,0,0,0,FALSE,NA,32,0,TRUE
3857,EUROPE,DIEGO,diego,32,0,0,0,FALSE,NA,32,0,TRUE
3858,EUROPE,DIEGO,diego,32,0,0,0,FALSE,NA,32,0,TRUE
3859,EUROPE,DIEGO,diego,32,0,0,0,FALSE,NA,32,0,TRUE
3860,EUROPE,DIEGO,diego,32,0,0,0,FALSE,NA,32,0,TRUE
3861,EUROPE,DIEGO,diego,32,0,0,0,FALSE,NA,32,0,TRUE
3862,EUROPE,DIEGO,diego,32,0,0,0,FALSE,NA,32,0,TRUE
3863,EUROPE,DIEGO,diego,32,0,0,0,FALSE,NA,32,0,TRUE
3864,EUROPE,DIEGO,diego,32,0,0,0,FALSE,NA,32,0,TRUE
3865,EUROPE,DIEGO,diego,32,0,0,0,FALSE,NA,32,0,TRUE
3866,EUROPE,DIEGO,diego,32,0,0,0,FALSE,NA,32,0,TRUE
3867,EUROPE,DIEGO,diego,32,0,0,0,FALSE,NA,32,0,TRUE
3868,EUROPE,DIEGO,diego,32,0,0,0,FALSE,NA,32,0,TRUE
3869,EUROPE,DIEGO,diego,32,0,0,0,FALSE,NA,32,0,TRUE
3870,EUROPE,DIEGO,diego,32,0,0,0,FALSE,NA,32,0,TRUE
3871,EUROPE,DIEGO,diego,32,0,0,0,FALSE,NA,32,0,TRUE
3872,EUROPE,DIEGO,diego,32,0,0,0,FALSE,NA,32,0,TRUE
3873,EUROPE,DIEGO,diego,32,0,0,0,FALSE,NA,32,0,TRUE
3874,EUROPE,DIEGO,diego,32,0,0,0,FALSE,NA,32,0,TRUE
3875,EUROPE,DIEGO,diego,32,0,0,0,FALSE,NA,32,0,TRUE
3876,EUROPE,DIEGO,diego,32,0,0,0,FALSE,NA,32,0,TRUE
3877,EUROPE,DIEGO,diego,32,0,0,0,FALSE,NA,32,0,TRUE
3878,EUROPE,DIEGO,diego,32,0,0,0,FALSE,NA,32,0,TRUE
3879,EUROPE,DIEGO,diego,32,0,0,0,FALSE,NA,32,0,TRUE
3880,EUROPE,DIEGO,diego,32,0,0,0,FALSE,NA,32,0,TRUE
3881,EUROPE,DIEGO,diego,32,0,0,0,FALSE,NA,32,0,TRUE
3882,EUROPE,DIEGO,diego,32,0,0,0,FALSE,NA,32,0,TRUE
3883,EUROPE,DIEGO,diego,32,0,0,0,FALSE,NA,32,0,TRUE
3884,EUROPE,DIEGO,diego,32,0,0,0,FALSE,NA,32,0,TRUE
3885,EUROPE,DIEGO,diego,32,0,0,0,FALSE,NA,32,0,TRUE
3886,EUROPE,DIEGO,diego,32,0,0,0,FALSE,NA,32,0,TRUE
3887,EUROPE,DIEGO,diego,32,0,0,0,FALSE,NA,32,0,TRUE
3888,EUROPE,DIEGO,diego,32,0,0,0,FALSE,NA,32,0,TRUE
3889,EUROPE,DIEGO,diego,32,0,0,0,FALSE,NA,32,0,TRUE
3890,EUROPE,DIEGO,diego,32,0,0,0,FALSE,NA,32,0,TRUE
3891,EUROPE,DIEGO,diego,32,0,0,0,FALSE,NA,32,0,TRUE
3892,EUROPE,DIEGO,diego,32,0,0,0,FALSE,NA,32,0,TRUE
3893,EUROPE,DIEGO,diego,32,0,0,0,FALSE,NA,32,0,TRUE
3894,EUROPE,DIEGO,diego,32,0,0,0,FALSE,NA,32,0,TRUE
3895,EUROPE,DIEGO,diego,32,0,0,0,FALSE,NA,32,0,TRUE
3896,EUROPE,DIEGO,diego,32,0,0,0,FALSE,NA,32,0,TRUE
3897,EUROPE,DIEGO,diego,32,0,0,0,FALSE,NA,32,0,TRUE
3898,EUROPE,DIEGO,diego,32,0,0,0,FALSE,NA,32,0,TRUE
3899,EUROPE,DIEGO,diego,32,0,0,0,FALSE,NA,32,0,TRUE
3900,EUROPE,DIEGO,diego,32,0,0,0,FALSE,NA,32,0,TRUE
3901,EUROPE,DIEGO,diego,32,0,0,0,FALSE,NA,32,0,TRUE
3902,EUROPE,DIEGO,diego,32,0,0,0,FALSE,NA,32,0,TRUE
3903,EUROPE,DIEGO,diego,32,0,0,0,FALSE,NA,32,0,TRUE
3904,EUROPE,DIEGO,diego,32,0,0,0,FALSE,NA,32,0,TRUE
3905,EUROPE,DIEGO,diego,32,0,0,0,FALSE,NA,32,0,TRUE
3906,EUROPE,DIEGO,diego,32,0,0,0,FALSE,NA,32,0,TRUE
3907,EUROPE,DIEGO,diego,32,0,0,0,FALSE,NA,32,0,TRUE
3908,EUROPE,DIEGO,diego,32,0,0,0,FALSE,NA,32,0,TRUE
3909,EUROPE,DIEGO,diego,32,0,0,0,FALSE,NA,32,0,TRUE
3910,EUROPE,DIEGO,diego,32,0,0,0,FALSE,NA,32,0,TRUE
3911,EUROPE,DIEGO,diego,32,0,0,0,FALSE,NA,32,0,TRUE
3912,EUROPE,DIEGO,diego,32,0,0,0,FALSE,NA,32,0,TRUE
3913,EUROPE,DIEGO,diego,32,0,0,0,FALSE,NA,32,0,TRUE
3914,EUROPE,DIEGO,diego,32,0,0,0,FALSE,NA,32,0,TRUE
3915,EUROPE,DIEGO,diego,32,0,0,0,FALSE,NA,32,0,TRUE
3916,EUROPE,DIEGO,diego,32,0,0,0,FALSE,NA,32,0,TRUE
3917,EUROPE,DIEGO,diego,32,0,0,0,FALSE,NA,32,0,TRUE
3918,EUROPE,DIEGO,diego,32,0,0,0,FALSE,NA,32,0,TRUE
3919,EUROPE,DIEGO,diego,32,0,0,0,FALSE,NA,32,0,TRUE
3920,EUROPE,DIEGO,diego,32,0,0,0,FALSE,NA,32,0,TRUE
3921,EUROPE,DIEGO,diego,32,0,0,0,FALSE,NA,32,0,TRUE
3922,EUROPE,DIEGO,diego,32,0,0,0,FALSE,NA,32,0,TRUE
3923,EUROPE,DIEGO,diego,32,0,0,0,FALSE,NA,32,0,TRUE
3924,EUROPE,DIEGO,diego,32,0,0,0,FALSE,NA,32,0,TRUE
3925,EUROPE,DIEGO,diego,32,0,0,0,FALSE,NA,32,0,TRUE
3926,EUROPE,DIEGO,diego,32,0,0,0,FALSE,NA,32,0,TRUE
3927,EUROPE,DIEGO,diego,32,0,0,0,FALSE,NA,32,0,TRUE
3928,EUROPE,DIEGO,diego,32,0,0,0,FALSE,NA,32,0,TRUE
3929,EUROPE,DIEGO,diego,32,0,0,0,FALSE,NA,32,0,TRUE
3930,EUROPE,DIEGO,diego,32,0,0,0,FALSE,NA,32,0,TRUE
3931,EUROPE,DIEGO,diego,32,0,0,0,FALSE,NA,32,0,TRUE
3932,EUROPE,DIEGO,diego,32,0,0,0,FALSE,NA,32,0,TRUE
3933,EUROPE,DIEGO,diego,32,0,0,0,FALSE,NA,32,0,TRUE
3934,EUROPE,DIEGO,diego,32,0,0,0,FALSE,NA,32,0,TRUE
3935,EUROPE,DIEGO,diego,32,0,0,0,FALSE,NA,32,0,TRUE
3936,EUROPE,DIEGO,diego,32,0,0,0,FALSE,NA,32,0,TRUE
3937,EUROPE,DIEGO,diego,32,0,0,0,FALSE,NA,32,0,TRUE
3938,EUROPE,DIEGO,diego,32,0,0,0,FALSE,NA,32,0,TRUE
3939,EUROPE,DIEGO,diego,32,0,0,0,FALSE,NA,32,0,TRUE
3940,EUROPE,DIEGO,diego,32,0,0,0,FALSE,NA,32,0,TRUE
3941,EUROPE,DIEGO,diego,32,0,0,0,FALSE,NA,32,0,TRUE
3942,EUROPE,DIEGO,diego,32,0,0,0,FALSE,NA,32,0,TRUE
3943,EUROPE,DIEGO,diego,32,0,0,0,FALSE,NA,32,0,TRUE
3944,EUROPE,DIEGO,diego,32,0,0,0,FALSE,NA,32,0,TRUE
3945,EUROPE,DIEGO,diego,32,0,0,0,FALSE,NA,32,0,TRUE
3946,EUROPE,DIEGO,diego,32,0,0,0,FALSE,NA,32,0,TRUE
3947,EUROPE,DIEGO,diego,32,0,0,0,FALSE,NA,32,0,TRUE
3948,EUROPE,DIEGO,diego,32,0,0,0,FALSE,NA,32,0,TRUE
3949,EUROPE,DIEGO,diego,32,0,0,0,FALSE,NA,32,0,TRUE
3950,EUROPE,DIEGO,diego,32,0,0,0,FALSE,NA,32,0,TRUE
3951,EUROPE,DIEGO,diego,32,0,0,0,FALSE,NA,32,0,TRUE
3952,EUROPE,DIEGO,diego,32,0,0,0,FALSE,NA,32,0,TRUE
3953,EUROPE,DIEGO,diego,32,0,0,0,FALSE,NA,32,0,TRUE
3954,EUROPE,DIEGO,diego,32,0,0,0,FALSE,NA,32,0,TRUE
3955,EUROPE,DIEGO,diego,32,0,0,0,FALSE,NA,32,0,TRUE
3956,EUROPE,DIEGO,diego,32,0,0,0,FALSE,NA,32,0,TRUE
3957,EUROPE,DIEGO,diego,32,0,0,0,FALSE,NA,32,0,TRUE
3958,EUROPE,DIEGO,diego,32,0,0,0,FALSE,NA,32,0,TRUE
3959,EUROPE,DIEGO,diego,32,0,0,0,FALSE,NA,32,0,TRUE
3960,EUROPE,DIEGO,diego,32,0,0,0,FALSE,NA,32,0,TRUE
3961,EUROPE,DIEGO,diego,32,0,0,0,FALSE,NA,32,0,TRUE
3962,EUROPE,DIEGO,diego,32,0,0,0,FALSE,NA,32,0,TRUE
3963,EUROPE,DIEGO,diego,32,0,0,0,FALSE,NA,32,0,TRUE
3964,EUROPE,DIEGO,diego,32,0,0,0,FALSE,NA,32,0,TRUE
3965,EUROPE,DIEGO,diego,32,0,0,0,FALSE,NA,32,0,TRUE
3966,EUROPE,DIEGO,diego,32,0,0,0,FALSE,NA,32,0,TRUE
3967,EUROPE,DIEGO,diego,32,0,0,0,FALSE,NA,32,0,TRUE
3968,EUROPE,DIEGO,diego,32,0,0,0,FALSE,NA,32,0,TRUE
3969,EUROPE,DIEGO,diego,32,0,0,0,FALSE,NA,32,0,TRUE
3970,EUROPE,DIEGO,diego,32,0,0,0,FALSE,NA,32,0,TRUE
3971,EUROPE,DIEGO,diego,32,0,0,0,FALSE,NA,32,0,TRUE
3972,EUROPE,DIEGO,diego,32,0,0,0,FALSE,NA,32,0,TRUE
3973,EUROPE,DIEGO,diego,32,0,0,0,FALSE,NA,32,0,TRUE
3974,EUROPE,DIEGO,diego,32,0,0,0,FALSE,NA,32,0,TRUE
3975,EUROPE,DIEGO,diego,32,0,0,0,FALSE,NA,32,0,TRUE
3976,EUROPE,DIEGO,diego,32,0,0,0,FALSE,NA,32,0,TRUE
3977,EUROPE,DIEGO,diego,32,0,0,0,FALSE,NA,32,0,TRUE
3978,EUROPE,DIEGO,diego,32,0,0,0,FALSE,NA,32,0,TRUE
3979,EUROPE,DIEGO,diego,32,0,0,0,FALSE,NA,32,0,TRUE
3980,EUROPE,DIEGO,diego,32,0,0,0,FALSE,NA,32,0,TRUE
3981,EUROPE,DIEGO,diego,32,0,0,0,FALSE,NA,32,0,TRUE
3982,EUROPE,DIEGO,diego,32,0,0,0,FALSE,NA,32,0,TRUE
3983,EUROPE,DIEGO,diego,32,0,0,0,FALSE,NA,32,0,TRUE
3984,EUROPE,DIEGO,diego,32,0,0,0,FALSE,NA,32,0,TRUE
3985,EUROPE,DIEGO,diego,32,0,0,0,FALSE,NA,32,0,TRUE
3986,EUROPE,DIEGO,diego,32,0,0,0,FALSE,NA,32,0,TRUE
3987,EUROPE,DIEGO,diego,32,0,0,0,FALSE,NA,32,0,TRUE
3988,EUROPE,DIEGO,diego,32,0,0,0,FALSE,NA,32,0,TRUE
3989,EUROPE,DIEGO,diego,32,0,0,0,FALSE,NA,32,0,TRUE
3990,EUROPE,DIEGO,diego,32,0,0,0,FALSE,NA,32,0,TRUE
3991,EUROPE,DIEGO,diego,32,0,0,0,FALSE,NA,32,0,TRUE
3992,EUROPE,DIEGO,diego,32,0,0,0,FALSE,NA,32,0,TRUE
3993,EUROPE,DIEGO,diego,32,0,0,0,FALSE,NA,32,0,TRUE
3994,EUROPE,DIEGO,diego,32,0,0,0,FALSE,NA,32,0,TRUE
3995,EUROPE,DIEGO,diego,32,0,0,0,FALSE,NA,32,0,TRUE
3996,EUROPE,DIEGO,diego,32,0,0,0,FALSE,NA,32,0,TRUE
3997,EUROPE,DIEGO,diego,32,0,0,0,FALSE,NA,32,0,TRUE
3998,EUROPE,DIEGO,diego,32,0,0,0,FALSE,NA,32,0,TRUE
3999,EUROPE,DIEGO,diego,32,0,0,0,FALSE,NA,32,0,TRUE
4000,EUROPE,DIEGO,diego,32,0,0,0,FALSE,NA,32,0,TRUE
4001,EUROPE,DIEGO,diego,32,0,0,0,FALSE,NA,32,0,TRUE
4002,EUROPE,DIEGO,diego,32,0,0,0,FALSE,NA,32,0,TRUE
4003,EUROPE,DIEGO,diego,32,0,0,0,FALSE,NA,32,0,TRUE
4004,EUROPE,DIEGO,diego,32,0,0,0,FALSE,NA,32,0,TRUE
4005,EUROPE,DIEGO,diego,32,0,0,0,FALSE,NA,32,0,TRUE
4006,EUROPE,DIEGO,diego,32,0,0,0,FALSE,NA,32,0,TRUE
4007,EUROPE,DIEGO,diego,32,0,0,0,FALSE,NA,32,0,TRUE
4008,EUROPE,DIEGO,diego,32,0,0,0,FALSE,NA,32,0,TRUE
4009,EUROPE,DIEGO,diego,32,0,0,0,FALSE,NA,32,0,TRUE
4010,EUROPE,DIEGO,diego,32,0,0,0,FALSE,NA,32,0,TRUE
4011,EUROPE,DIEGO,diego,32,0,0,0,FALSE,NA,32,0,TRUE
4012,EUROPE,DIEGO,diego,32,0,0,0,FALSE,NA,32,0,TRUE
4013,EUROPE,DIEGO,diego,32,0,0,0,FALSE,NA,32,0,TRUE
4014,EUROPE,DIEGO,diego,32,0,0,0,FALSE,NA,32,0,TRUE
4015,EUROPE,DIEGO,diego,32,0,0,0,FALSE,NA,32,0,TRUE
4016,EUROPE,DIEGO,diego,32,0,0,0,FALSE,NA,32,0,TRUE
4017,EUROPE,DIEGO,diego,32,0,0,0,FALSE,NA,32,0,TRUE
4018,EUROPE,DIEGO,diego,32,0,0,0,FALSE,NA,32,0,TRUE
4019,EUROPE,DIEGO,diego,32,0,0,0,FALSE,NA,32,0,TRUE
4020,EUROPE,DIEGO,diego,32,0,0,0,FALSE,NA,32,0,TRUE
4021,EUROPE,DIEGO,diego,32,0,0,0,FALSE,NA,32,0,TRUE
4022,EUROPE,DIEGO,diego,32,0,0,0,FALSE,NA,32,0,TRUE
4023,EUROPE,DIEGO,diego,32,0,0,0,FALSE,NA,32,0,TRUE
4024,EUROPE,DIEGO,diego,32,0,0,0,FALSE,NA,32,0,TRUE
4025,EUROPE,DIEGO,diego,32,0,0,0,FALSE,NA,32,0,TRUE
4026,EUROPE,DIEGO,diego,32,0,0,0,FALSE,NA,32,0,TRUE
4027,EUROPE,DIEGO,diego,32,0,0,0,FALSE,NA,32,0,TRUE
4028,EUROPE,DIEGO,diego,32,0,0,0,FALSE,NA,32,0,TRUE
4029,EUROPE,DIEGO,diego,32,0,0,0,FALSE,NA,32,0,TRUE
4030,EUROPE,DIEGO,diego,32,0,0,0,FALSE,NA,32,0,TRUE
4031,EUROPE,DIEGO,diego,32,0,0,0,FALSE,NA,32,0,TRUE
4032,EUROPE,DIEGO,diego,32,0,0,0,FALSE,NA,32,0,TRUE
4033,EUROPE,DIEGO,diego,32,0,0,0,FALSE,NA,32,0,TRUE
4034,EUROPE,DIEGO,diego,32,0,0,0,FALSE,NA,32,0,TRUE
4035,EUROPE,DIEGO,diego,32,0,0,0,FALSE,NA,32,0,TRUE
4036,EUROPE,DIEGO,diego,32,0,0,0,FALSE,NA,32,0,TRUE
4037,EUROPE,DIEGO,diego,32,0,0,0,FALSE,NA,32,0,TRUE
4038,EUROPE,DIEGO,diego,32,0,0,0,FALSE,NA,32,0,TRUE
4039,EUROPE,DIEGO,diego,32,0,0,0,FALSE,NA,32,0,TRUE
4040,EUROPE,DIEGO,diego,32,0,0,0,FALSE,NA,32,0,TRUE
4041,EUROPE,DIEGO,diego,32,0,0,0,FALSE,NA,32,0,TRUE
4042,EUROPE,DIEGO,diego,32,0,0,0,FALSE,NA,32,0,TRUE
4043,EUROPE,DIEGO,diego,32,0,0,0,FALSE,NA,32,0,TRUE
4044,EUROPE,DIEGO,diego,32,0,0,0,FALSE,NA,32,0,TRUE
4045,EUROPE,DIEGO,diego,32,0,0,0,FALSE,NA,32,0,TRUE
4046,EUROPE,DIEGO,diego,32,0,0,0,FALSE,NA,32,0,TRUE
4047,EUROPE,DIEGO,diego,32,0,0,0,FALSE,NA,32,0,TRUE
4048,EUROPE,DIEGO,diego,32,0,0,0,FALSE,NA,32,0,TRUE
4049,EUROPE,DIEGO,diego,32,0,0,0,FALSE,NA,32,0,TRUE
4050,EUROPE,DIEGO,diego,32,0,0,0,FALSE,NA,32,0,TRUE
4051,EUROPE,DIEGO,diego,32,0,0,0,FALSE,NA,32,0,TRUE
4052,EUROPE,DIEGO,diego,32,0,0,0,FALSE,NA,32,0,TRUE
4053,EUROPE,DIEGO,diego,32,0,0,0,FALSE,NA,32,0,TRUE
4054,EUROPE,DIEGO,diego,32,0,0,0,FALSE,NA,32,0,TRUE
4055,EUROPE,DIEGO,diego,32,0,0,0,FALSE,NA,32,0,TRUE
4056,EUROPE,DIEGO,diego,32,0,0,0,FALSE,NA,32,0,TRUE
4057,EUROPE,DIEGO,diego,32,0,0,0,FALSE,NA,32,0,TRUE
4058,EUROPE,DIEGO,diego,32,0,0,0,FALSE,NA,32,0,TRUE
4059,EUROPE,DIEGO,diego,32,0,0,0,FALSE,NA,32,0,TRUE
4060,EUROPE,DIEGO,diego,32,0,0,0,FALSE,NA,32,0,TRUE
4061,EUROPE,DIEGO,diego,32,0,0,0,FALSE,NA,32,0,TRUE
4062,EUROPE,DIEGO,diego,32,0,0,0,FALSE,NA,32,0,TRUE
4063,EUROPE,DIEGO,diego,32,0,0,0,FALSE,NA,32,0,TRUE
4064,EUROPE,DIEGO,diego,32,0,0,0,FALSE,NA,32,0,TRUE
4065,EUROPE,DIEGO,diego,32,0,0,0,FALSE,NA,32,0,TRUE
4066,EUROPE,DIEGO,diego,32,0,0,0,FALSE,NA,32,0,TRUE
4067,EUROPE,DIEGO,diego,32,0,0,0,FALSE,NA,32,0,TRUE
4068,EUROPE,DIEGO,diego,32,0,0,0,FALSE,NA,32,0,TRUE
4069,EUROPE,DIEGO,diego,32,0,0,0,FALSE,NA,32,0,TRUE
4070,EUROPE,DIEGO,diego,32,0,0,0,FALSE,NA,32,0,TRUE
4071,EUROPE,DIEGO,diego,32,0,0,0,FALSE,NA,32,0,TRUE
4072,EUROPE,DIEGO,diego,32,0,0,0,FALSE,NA,32,0,TRUE
4073,EUROPE,DIEGO,diego,32,0,0,0,FALSE,NA,32,0,TRUE
4074,EUROPE,DIEGO,diego,32,0,0,0,FALSE,NA,32,0,TRUE
4075,EUROPE,DIEGO,diego,32,0,0,0,FALSE,NA,32,0,TRUE
4076,EUROPE,DIEGO,diego,32,0,0,0,FALSE,NA,32,0,TRUE
4077,EUROPE,DIEGO,diego,32,0,0,0,FALSE,NA,32,0,TRUE
4078,EUROPE,DIEGO,diego,32,0,0,0,FALSE,NA,32,0,TRUE
4079,EUROPE,DIEGO,diego,32,0,0,0,FALSE,NA,32,0,TRUE
4080,EUROPE,DIEGO,diego,32,0,0,0,FALSE,NA,32,0,TRUE
4081,EUROPE,DIEGO,diego,32,0,0,0,FALSE,NA,32,0,TRUE
4082,EUROPE,DIEGO,diego,32,0,0,0,FALSE,NA,32,0,TRUE
4083,EUROPE,DIEGO,diego,32,0,0,0,FALSE,NA,32,0,TRUE
4084,EUROPE,DIEGO,diego,32,0,0,0,FALSE,NA,32,0,TRUE
4085,EUROPE,DIEGO,diego,32,0,0,0,FALSE,NA,32,0,TRUE
4086,EUROPE,DIEGO,diego,32,0,0,0,FALSE,NA,32,0,TRUE
4087,EUROPE,DIEGO,diego,32,0,0,0,FALSE,NA,32,0,TRUE
4088,EUROPE,DIEGO,diego,32,0,0,0,FALSE,NA,32,0,TRUE
4089,EUROPE,DIEGO,diego,32,0,0,0,FALSE,NA,32,0,TRUE
4090,EUROPE,DIEGO,diego,32,0,0,0,FALSE,NA,32,0,TRUE
4091,EUROPE,DIEGO,diego,32,0,0,0,FALSE,NA,32,0,TRUE
4092,EUROPE,DIEGO,diego,32,0,0,0,FALSE,NA,32,0,TRUE
4093,EUROPE,DIEGO,diego,32,0,0,0,FALSE,NA,32,0,TRUE
4094,EUROPE,DIEGO,diego,32,0,0,0,FALSE,NA,32,0,TRUE
4095,EUROPE,DIEGO,diego,32,0,0,0,FALSE,NA,32,0,TRUE
4096,EUROPE,DIEGO,diego,32,0,0,0,FALSE,NA,32,0,TRUE
4097,EUROPE,DIEGO,diego,32,0,0,0,FALSE,NA,32,0,TRUE
4098,EUROPE,DIEGO,diego,32,0,0,0,FALSE,NA,32,0,TRUE
4099,EUROPE,DIEGO,diego,32,0,0,0,FALSE,NA,32,0,TRUE
4100,EUROPE,DIEGO,diego,32,0,0,0,FALSE,NA,32,0,TRUE
4101,EUROPE,DIEGO,diego,32,0,0,0,FALSE,NA,32,0,TRUE
4102,EUROPE,DIEGO,diego,32,0,0,0,FALSE,NA,32,0,TRUE
4103,EUROPE,DIEGO,diego,32,0,0,0,FALSE,NA,32,0,TRUE
4104,EUROPE,DIEGO,diego,32,0,0,0,FALSE,NA,32,0,TRUE
4105,EUROPE,DIEGO,diego,32,0,0,0,FALSE,NA,32,0,TRUE
4106,EUROPE,DIEGO,diego,32,0,0,0,FALSE,NA,32,0,TRUE
4107,EUROPE,DIEGO,diego,32,0,0,0,FALSE,NA,32,0,TRUE
4108,EUROPE,DIEGO,diego,32,0,0,0,FALSE,NA,32,0,TRUE
4109,EUROPE,DIEGO,diego,32,0,0,0,FALSE,NA,32,0,TRUE
4110,EUROPE,DIEGO,diego,32,0,0,0,FALSE,NA,32,0,TRUE
4111,EUROPE,DIEGO,diego,32,0,0,0,FALSE,NA,32,0,TRUE
4112,EUROPE,DIEGO,diego,32,0,0,0,FALSE,NA,32,0,TRUE
4113,EUROPE,DIEGO,diego,32,0,0,0,FALSE,NA,32,0,TRUE
4114,EUROPE,DIEGO,diego,32,0,0,0,FALSE,NA,32,0,TRUE
4115,EUROPE,DIEGO,diego,32,0,0,0,FALSE,NA,32,0,TRUE
4116,EUROPE,DIEGO,diego,32,0,0,0,FALSE,NA,32,0,TRUE
4117,EUROPE,DIEGO,diego,32,0,0,0,FALSE,NA,32,0,TRUE
4118,EUROPE,DIEGO,diego,32,0,0,0,FALSE,NA,32,0,TRUE
4119,EUROPE,DIEGO,diego,32,0,0,0,FALSE,NA,32,0,TRUE
4120,EUROPE,DIEGO,diego,32,0,0,0,FALSE,NA,32,0,TRUE
4121,EUROPE,DIEGO,diego,32,0,0,0,FALSE,NA,32,0,TRUE
4122,EUROPE,DIEGO,diego,32,0,0,0,FALSE,NA,32,0,TRUE
4123,EUROPE,DIEGO,diego,32,0,0,0,FALSE,NA,32,0,TRUE
4124,EUROPE,DIEGO,diego,32,0,0,0,FALSE,NA,32,0,TRUE
4125,EUROPE,DIEGO,diego,32,0,0,0,FALSE,NA,32,0,TRUE
4126,EUROPE,DIEGO,diego,32,0,0,0,FALSE,NA,32,0,TRUE
4127,EUROPE,DIEGO,diego,32,0,0,0,FALSE,NA,32,0,TRUE
4128,EUROPE,DIEGO,diego,32,0,0,0,FALSE,NA,32,0,TRUE
4129,EUROPE,DIEGO,diego,32,0,0,0,FALSE,NA,32,0,TRUE
4130,EUROPE,DIEGO,diego,32,0,0,0,FALSE,NA,32,0,TRUE
4131,EUROPE,DIEGO,diego,32,0,0,0,FALSE,NA,32,0,TRUE
4132,EUROPE,DIEGO,diego,32,0,0,0,FALSE,NA,32,0,TRUE
4133,EUROPE,DIEGO,diego,32,0,0,0,FALSE,NA,32,0,TRUE
4134,EUROPE,DIEGO,diego,32,0,0,0,FALSE,NA,32,0,TRUE
4135,EUROPE,DIEGO,diego,32,0,0,0,FALSE,NA,32,0,TRUE
4136,EUROPE,DIEGO,diego,32,0,0,0,FALSE,NA,32,0,TRUE
4137,EUROPE,DIEGO,diego,32,0,0,0,FALSE,NA,32,0,TRUE
4138,EUROPE,DIEGO,diego,32,0,0,0,FALSE,NA,32,0,TRUE
4139,EUROPE,DIEGO,diego,32,0,0,0,FALSE,NA,32,0,TRUE
4140,EUROPE,DIEGO,diego,32,0,0,0,FALSE,NA,32,0,TRUE
4141,EUROPE,DIEGO,diego,32,0,0,0,FALSE,NA,32,0,TRUE
4142,EUROPE,DIEGO,diego,32,0,0,0,FALSE,NA,32,0,TRUE
4143,EUROPE,DIEGO,diego,32,0,0,0,FALSE,NA,32,0,TRUE
4144,EUROPE,DIEGO,diego,32,0,0,0,FALSE,NA,32,0,TRUE
4145,EUROPE,DIEGO,diego,32,0,0,0,FALSE,NA,32,0,TRUE
4146,EUROPE,DIEGO,diego,32,0,0,0,FALSE,NA,32,0,TRUE
4147,EUROPE,DIEGO,diego,32,0,0,0,FALSE,NA,32,0,TRUE
4148,EUROPE,DIEGO,diego,32,0,0,0,FALSE,NA,32,0,TRUE
4149,EUROPE,DIEGO,diego,32,0,0,0,FALSE,NA,32,0,TRUE
4150,EUROPE,DIEGO,diego,32,0,0,0,FALSE,NA,32,0,TRUE
4151,EUROPE,DIEGO,diego,32,0,0,0,FALSE,NA,32,0,TRUE
4152,EUROPE,DIEGO,diego,32,0,0,0,FALSE,NA,32,0,TRUE
4153,EUROPE,DIEGO,diego,32,0,0,0,FALSE,NA,32,0,TRUE
4154,EUROPE,DIEGO,diego,32,0,0,0,FALSE,NA,32,0,TRUE
4155,EUROPE,DIEGO,diego,32,0,0,0,FALSE,NA,32,0,TRUE
4156,EUROPE,DIEGO,diego,32,0,0,0,FALSE,NA,32,0,TRUE
4157,EUROPE,DIEGO,diego,32,0,0,0,FALSE,NA,32,0,TRUE
4158,EUROPE,DIEGO,diego,32,0,0,0,FALSE,NA,32,0,TRUE
4159,EUROPE,DIEGO,diego,32,0,0,0,FALSE,NA,32,0,TRUE
4160,EUROPE,DIEGO,diego,32,0,0,0,FALSE,NA,32,0,TRUE
4161,EUROPE,DIEGO,diego,32,0,0,0,FALSE,NA,32,0,TRUE
4162,EUROPE,DIEGO,diego,32,0,0,0,FALSE,NA,32,0,TRUE
4163,EUROPE,DIEGO,diego,32,0,0,0,FALSE,NA,32,0,TRUE
4164,EUROPE,DIEGO,diego,32,0,0,0,FALSE,NA,32,0,TRUE
4165,EUROPE,DIEGO,diego,32,0,0,0,FALSE,NA,32,0,TRUE
4166,EUROPE,DIEGO,diego,32,0,0,0,FALSE,NA,32,0,TRUE
4167,EUROPE,DIEGO,diego,32,0,0,0,FALSE,NA,32,0,TRUE
4168,EUROPE,DIEGO,diego,32,0,0,0,FALSE,NA,32,0,TRUE
4169,EUROPE,DIEGO,diego,32,0,0,0,FALSE,NA,32,0,TRUE
4170,EUROPE,DIEGO,diego,32,0,0,0,FALSE,NA,32,0,TRUE
4171,EUROPE,DIEGO,diego,32,0,0,0,FALSE,NA,32,0,TRUE
4172,EUROPE,DIEGO,diego,32,0,0,0,FALSE,NA,32,0,TRUE
4173,EUROPE,DIEGO,diego,32,0,0,0,FALSE,NA,32,0,TRUE
4174,EUROPE,DIEGO,diego,32,0,0,0,FALSE,NA,32,0,TRUE
4175,EUROPE,DIEGO,diego,32,0,0,0,FALSE,NA,32,0,TRUE
4176,EUROPE,DIEGO,diego,32,0,0,0,FALSE,NA,32,0,TRUE
4177,EUROPE,DIEGO,diego,32,0,0,0,FALSE,NA,32,0,TRUE
4178,EUROPE,DIEGO,diego,32,0,0,0,FALSE,NA,32,0,TRUE
4179,EUROPE,DIEGO,diego,32,0,0,0,FALSE,NA,32,0,TRUE
4180,EUROPE,DIEGO,diego,32,0,0,0,FALSE,NA,32,0,TRUE
4181,EUROPE,DIEGO,diego,32,0,0,0,FALSE,NA,32,0,TRUE
4182,EUROPE,DIEGO,diego,32,0,0,0,FALSE,NA,32,0,TRUE
4183,EUROPE,DIEGO,diego,32,0,0,0,FALSE,NA,32,0,TRUE
4184,EUROPE,DIEGO,diego,32,0,0,0,FALSE,NA,32,0,TRUE
4185,EUROPE,DIEGO,diego,32,0,0,0,FALSE,NA,32,0,TRUE
4186,EUROPE,DIEGO,diego,32,0,0,0,FALSE,NA,32,0,TRUE
4187,EUROPE,DIEGO,diego,32,0,0,0,FALSE,NA,32,0,TRUE
4188,EUROPE,DIEGO,diego,32,0,0,0,FALSE,NA,32,0,TRUE
4189,EUROPE,DIEGO,diego,32,0,0,0,FALSE,NA,32,0,TRUE
4190,EUROPE,DIEGO,diego,32,0,0,0,FALSE,NA,32,0,TRUE
4191,EUROPE,DIEGO,diego,32,0,0,0,FALSE,NA,32,0,TRUE
4192,EUROPE,DIEGO,diego,32,0,0,0,FALSE,NA,32,0,TRUE
4193,EUROPE,DIEGO,diego,32,0,0,0,FALSE,NA,32,0,TRUE
4194,EUROPE,DIEGO,diego,32,0,0,0,FALSE,NA,32,0,TRUE
4195,EUROPE,DIEGO,diego,32,0,0,0,FALSE,NA,32,0,TRUE
4196,EUROPE,DIEGO,diego,32,0,0,0,FALSE,NA,32,0,TRUE
4197,EUROPE,DIEGO,diego,32,0,0,0,FALSE,NA,32,0,TRUE
4198,EUROPE,DIEGO,diego,32,0,0,0,FALSE,NA,32,0,TRUE
4199,EUROPE,DIEGO,diego,32,0,0,0,FALSE,NA,32,0,TRUE
4200,EUROPE,DIEGO,diego,32,0,0,0,FALSE,NA,32,0,TRUE
4201,EUROPE,DIEGO,diego,32,0,0,0,FALSE,NA,32,0,TRUE
4202,EUROPE,DIEGO,diego,32,0,0,0,FALSE,NA,32,0,TRUE
4203,EUROPE,DIEGO,diego,32,0,0,0,FALSE,NA,32,0,TRUE
4204,EUROPE,DIEGO,diego,32,0,0,0,FALSE,NA,32,0,TRUE
4205,EUROPE,DIEGO,diego,32,0,0,0,FALSE,NA,32,0,TRUE
4206,EUROPE,DIEGO,diego,32,0,0,0,FALSE,NA,32,0,TRUE
4207,EUROPE,DIEGO,diego,32,0,0,0,FALSE,NA,32,0,TRUE
4208,EUROPE,DIEGO,diego,32,0,0,0,FALSE,NA,32,0,TRUE
4209,EUROPE,DIEGO,diego,32,0,0,0,FALSE,NA,32,0,TRUE
4210,EUROPE,DIEGO,diego,32,0,0,0,FALSE,NA,32,0,TRUE
4211,EUROPE,DIEGO,diego,32,0,0,0,FALSE,NA,32,0,TRUE
4212,EUROPE,DIEGO,diego,32,0,0,0,FALSE,NA,32,0,TRUE
4213,EUROPE,DIEGO,diego,32,0,0,0,FALSE,NA,32,0,TRUE
4214,EUROPE,DIEGO,diego,32,0,0,0,FALSE,NA,32,0,TRUE
4215,EUROPE,DIEGO,diego,32,0,0,0,FALSE,NA,32,0,TRUE
4216,EUROPE,DIEGO,diego,32,0,0,0,FALSE,NA,32,0,TRUE
4217,EUROPE,DIEGO,diego,32,0,0,0,FALSE,NA,32,0,TRUE
4218,EUROPE,DIEGO,diego,32,0,0,0,FALSE,NA,32,0,TRUE
4219,EUROPE,DIEGO,diego,32,0,0,0,FALSE,NA,32,0,TRUE
4220,EUROPE,DIEGO,diego,32,0,0,0,FALSE,NA,32,0,TRUE
4221,EUROPE,DIEGO,diego,32,0,0,0,FALSE,NA,32,0,TRUE
4222,EUROPE,DIEGO,diego,32,0,0,0,FALSE,NA,32,0,TRUE
4223,EUROPE,DIEGO,diego,32,0,0,0,FALSE,NA,32,0,TRUE
4224,EUROPE,DIEGO,diego,32,0,0,0,FALSE,NA,32,0,TRUE
4225,EUROPE,DIEGO,diego,32,0,0,0,FALSE,NA,32,0,TRUE
4226,EUROPE,DIEGO,diego,32,0,0,0,FALSE,NA,32,0,TRUE
4227,EUROPE,DIEGO,diego,32,0,0,0,FALSE,NA,32,0,TRUE
4228,EUROPE,DIEGO,diego,32,0,0,0,FALSE,NA,32,0,TRUE
4229,EUROPE,DIEGO,diego,32,0,0,0,FALSE,NA,32,0,TRUE
4230,EUROPE,DIEGO,diego,32,0,0,0,FALSE,NA,32,0,TRUE
4231,EUROPE,DIEGO,diego,32,0,0,0,FALSE,NA,32,0,TRUE
4232,EUROPE,DIEGO,diego,32,0,0,0,FALSE,NA,32,0,TRUE
4233,EUROPE,DIEGO,diego,32,0,0,0,FALSE,NA,32,0,TRUE
4234,EUROPE,DIEGO,diego,32,0,0,0,FALSE,NA,32,0,TRUE
4235,EUROPE,DIEGO,diego,32,0,0,0,FALSE,NA,32,0,TRUE
4236,EUROPE,DIEGO,diego,32,0,0,0,FALSE,NA,32,0,TRUE
4237,EUROPE,DIEGO,diego,32,0,0,0,FALSE,NA,32,0,TRUE
4238,EUROPE,DIEGO,diego,32,0,0,0,FALSE,NA,32,0,TRUE
4239,EUROPE,DIEGO,diego,32,0,0,0,FALSE,NA,32,0,TRUE
4240,EUROPE,DIEGO,diego,32,0,0,0,FALSE,NA,32,0,TRUE
4241,EUROPE,DIEGO,diego,32,0,0,0,FALSE,NA,32,0,TRUE
4242,EUROPE,DIEGO,diego,32,0,0,0,FALSE,NA,32,0,TRUE
4243,EUROPE,DIEGO,diego,32,0,0,0,FALSE,NA,32,0,TRUE
4244,EUROPE,DIEGO,diego,32,0,0,0,FALSE,NA,32,0,TRUE
4245,EUROPE,DIEGO,diego,32,0,0,0,FALSE,NA,32,0,TRUE
4246,EUROPE,DIEGO,diego,32,0,0,0,FALSE,NA,32,0,TRUE
4247,EUROPE,DIEGO,diego,32,0,0,0,FALSE,NA,32,0,TRUE
4248,EUROPE,DIEGO,diego,32,0,0,0,FALSE,NA,32,0,TRUE
4249,EUROPE,DIEGO,diego,32,0,0,0,FALSE,NA,32,0,TRUE
4250,EUROPE,DIEGO,diego,32,0,0,0,FALSE,NA,32,0,TRUE
4251,EUROPE,DIEGO,diego,32,0,0,0,FALSE,NA,32,0,TRUE
4252,EUROPE,DIEGO,diego,32,0,0,0,FALSE,NA,32,0,TRUE
4253,EUROPE,DIEGO,diego,32,0,0,0,FALSE,NA,32,0,TRUE
4254,EUROPE,DIEGO,diego,32,0,0,0,FALSE,NA,32,0,TRUE
4255,EUROPE,DIEGO,diego,32,0,0,0,FALSE,NA,32,0,TRUE
4256,EUROPE,DIEGO,diego,32,0,0,0,FALSE,NA,32,0,TRUE
4257,EUROPE,DIEGO,diego,32,0,0,0,FALSE,NA,32,0,TRUE
4258,EUROPE,DIEGO,diego,32,0,0,0,FALSE,NA,32,0,TRUE
4259,EUROPE,DIEGO,diego,32,0,0,0,FALSE,NA,32,0,TRUE
4260,EUROPE,DIEGO,diego,32,0,0,0,FALSE,NA,32,0,TRUE
4261,EUROPE,DIEGO,diego,32,0,0,0,FALSE,NA,32,0,TRUE
4262,EUROPE,DIEGO,diego,32,0,0,0,FALSE,NA,32,0,TRUE
4263,EUROPE,DIEGO,diego,32,0,0,0,FALSE,NA,32,0,TRUE
4264,EUROPE,DIEGO,diego,32,0,0,0,FALSE,NA,32,0,TRUE
4265,EUROPE,DIEGO,diego,32,0,0,0,FALSE,NA,32,0,TRUE
4266,EUROPE,DIEGO,diego,32,0,0,0,FALSE,NA,32,0,TRUE
4267,EUROPE,DIEGO,diego,32,0,0,0,FALSE,NA,32,0,TRUE
4268,EUROPE,DIEGO,diego,32,0,0,0,FALSE,NA,32,0,TRUE
4269,EUROPE,DIEGO,diego,32,0,0,0,FALSE,NA,32,0,TRUE
4270,EUROPE,DIEGO,diego,32,0,0,0,FALSE,NA,32,0,TRUE
4271,EUROPE,DIEGO,diego,32,0,0,0,FALSE,NA,32,0,TRUE
4272,EUROPE,DIEGO,diego,32,0,0,0,FALSE,NA,32,0,TRUE
4273,EUROPE,DIEGO,diego,32,0,0,0,FALSE,NA,32,0,TRUE
4274,EUROPE,DIEGO,diego,32,0,0,0,FALSE,NA,32,0,TRUE
4275,EUROPE,DIEGO,diego,32,0,0,0,FALSE,NA,32,0,TRUE
4276,EUROPE,DIEGO,diego,32,0,0,0,FALSE,NA,32,0,TRUE
4277,EUROPE,DIEGO,diego,32,0,0,0,FALSE,NA,32,0,TRUE
4278,EUROPE,DIEGO,diego,32,0,0,0,FALSE,NA,32,0,TRUE
4279,EUROPE,DIEGO,diego,32,0,0,0,FALSE,NA,32,0,TRUE
4280,EUROPE,DIEGO,diego,32,0,0,0,FALSE,NA,32,0,TRUE
4281,EUROPE,DIEGO,diego,32,0,0,0,FALSE,NA,32,0,TRUE
4282,EUROPE,DIEGO,diego,32,0,0,0,FALSE,NA,32,0,TRUE
4283,EUROPE,DIEGO,diego,32,0,0,0,FALSE,NA,32,0,TRUE
4284,EUROPE,DIEGO,diego,32,0,0,0,FALSE,NA,32,0,TRUE
4285,EUROPE,DIEGO,diego,32,0,0,0,FALSE,NA,32,0,TRUE
4286,EUROPE,DIEGO,diego,32,0,0,0,FALSE,NA,32,0,TRUE
4287,EUROPE,DIEGO,diego,32,0,0,0,FALSE,NA,32,0,TRUE
4288,EUROPE,DIEGO,diego,32,0,0,0,FALSE,NA,32,0,TRUE
4289,EUROPE,DIEGO,diego,32,0,0,0,FALSE,NA,32,0,TRUE
4290,EUROPE,DIEGO,diego,32,0,0,0,FALSE,NA,32,0,TRUE
4291,EUROPE,DIEGO,diego,32,0,0,0,FALSE,NA,32,0,TRUE
4292,EUROPE,DIEGO,diego,32,0,0,0,FALSE,NA,32,0,TRUE
4293,EUROPE,DIEGO,diego,32,0,0,0,FALSE,NA,32,0,TRUE
4294,EUROPE,DIEGO,diego,32,0,0,0,FALSE,NA,32,0,TRUE
4295,EUROPE,DIEGO,diego,32,0,0,0,FALSE,NA,32,0,TRUE
4296,EUROPE,DIEGO,diego,32,0,0,0,FALSE,NA,32,0,TRUE
4297,EUROPE,DIEGO,diego,32,0,0,0,FALSE,NA,32,0,TRUE
4298,EUROPE,DIEGO,diego,32,0,0,0,FALSE,NA,32,0,TRUE
4299,EUROPE,DIEGO,diego,32,0,0,0,FALSE,NA,32,0,TRUE
4300,EUROPE,DIEGO,diego,32,0,0,0,FALSE,NA,32,0,TRUE
4301,EUROPE,DIEGO,diego,32,0,0,0,FALSE,NA,32,0,TRUE
4302,EUROPE,DIEGO,diego,32,0,0,0,FALSE,NA,32,0,TRUE
4303,EUROPE,DIEGO,diego,32,0,0,0,FALSE,NA,32,0,TRUE
4304,EUROPE,DIEGO,diego,32,0,0,0,FALSE,NA,32,0,TRUE
4305,EUROPE,DIEGO,diego,32,0,0,0,FALSE,NA,32,0,TRUE
4306,EUROPE,DIEGO,diego,32,0,0,0,FALSE,NA,32,0,TRUE
4307,EUROPE,DIEGO,diego,32,0,0,0,FALSE,NA,32,0,TRUE
4308,EUROPE,DIEGO,diego,32,0,0,0,FALSE,NA,32,0,TRUE
4309,EUROPE,DIEGO,diego,32,0,0,0,FALSE,NA,32,0,TRUE
4310,EUROPE,DIEGO,diego,32,0,0,0,FALSE,NA,32,0,TRUE
4311,EUROPE,DIEGO,diego,32,0,0,0,FALSE,NA,32,0,TRUE
4312,EUROPE,DIEGO,diego,32,0,0,0,FALSE,NA,32,0,TRUE
4313,EUROPE,DIEGO,diego,32,0,0,0,FALSE,NA,32,0,TRUE
4314,EUROPE,DIEGO,diego,32,0,0,0,FALSE,NA,32,0,TRUE
4315,EUROPE,DIEGO,diego,32,0,0,0,FALSE,NA,32,0,TRUE
4316,EUROPE,DIEGO,diego,32,0,0,0,FALSE,NA,32,0,TRUE
4317,EUROPE,DIEGO,diego,32,0,0,0,FALSE,NA,32,0,TRUE
4318,EUROPE,DIEGO,diego,32,0,0,0,FALSE,NA,32,0,TRUE
4319,EUROPE,DIEGO,diego,32,0,0,0,FALSE,NA,32,0,TRUE
4320,EUROPE,DIEGO,diego,32,0,0,0,FALSE,NA,32,0,TRUE
4321,EUROPE,DIEGO,diego,32,0,0,0,FALSE,NA,32,0,TRUE
4322,EUROPE,DIEGO,diego,32,0,0,0,FALSE,NA,32,0,TRUE
4323,EUROPE,DIEGO,diego,32,0,0,0,FALSE,NA,32,0,TRUE
4324,EUROPE,DIEGO,diego,32,0,0,0,FALSE,NA,32,0,TRUE
4325,EUROPE,DIEGO,diego,32,0,0,0,FALSE,NA,32,0,TRUE
4326,EUROPE,DIEGO,diego,32,0,0,0,FALSE,NA,32,0,TRUE
4327,EUROPE,DIEGO,diego,32,0,0,0,FALSE,NA,32,0,TRUE
4328,EUROPE,DIEGO,diego,32,0,0,0,FALSE,NA,32,0,TRUE
4329,EUROPE,DIEGO,diego,32,0,0,0,FALSE,NA,32,0,TRUE
4330,EUROPE,DIEGO,diego,32,0,0,0,FALSE,NA,32,0,TRUE
4331,EUROPE,DIEGO,diego,32,0,0,0,FALSE,NA,32,0,TRUE
4332,EUROPE,DIEGO,diego,32,0,0,0,FALSE,NA,32,0,TRUE
4333,EUROPE,DIEGO,diego,32,0,0,0,FALSE,NA,32,0,TRUE
4334,EUROPE,DIEGO,diego,32,0,0,0,FALSE,NA,32,0,TRUE
4335,EUROPE,DIEGO,diego,32,0,0,0,FALSE,NA,32,0,TRUE
4336,EUROPE,DIEGO,diego,32,0,0,0,FALSE,NA,32,0,TRUE
4337,EUROPE,DIEGO,diego,32,0,0,0,FALSE,NA,32,0,TRUE
4338,EUROPE,DIEGO,diego,32,0,0,0,FALSE,NA,32,0,TRUE
4339,EUROPE,DIEGO,diego,32,0,0,0,FALSE,NA,32,0,TRUE
4340,EUROPE,DIEGO,diego,32,0,0,0,FALSE,NA,32,0,TRUE
4341,EUROPE,DIEGO,diego,32,0,0,0,FALSE,NA,32,0,TRUE
4342,EUROPE,DIEGO,diego,32,0,0,0,FALSE,NA,32,0,TRUE
4343,EUROPE,DIEGO,diego,32,0,0,0,FALSE,NA,32,0,TRUE
4344,EUROPE,DIEGO,diego,32,0,0,0,FALSE,NA,32,0,TRUE
4345,EUROPE,DIEGO,diego,32,0,0,0,FALSE,NA,32,0,TRUE
4346,EUROPE,DIEGO,diego,32,0,0,0,FALSE,NA,32,0,TRUE
4347,EUROPE,DIEGO,diego,32,0,0,0,FALSE,NA,32,0,TRUE
4348,EUROPE,DIEGO,diego,32,0,0,0,FALSE,NA,32,0,TRUE
4349,EUROPE,DIEGO,diego,32,0,0,0,FALSE,NA,32,0,TRUE
4350,EUROPE,DIEGO,diego,32,0,0,0,FALSE,NA,32,0,TRUE
4351,EUROPE,DIEGO,diego,32,0,0,0,FALSE,NA,32,0,TRUE
4352,EUROPE,DIEGO,diego,32,0,0,0,FALSE,NA,32,0,TRUE
4353,EUROPE,DIEGO,diego,32,0,0,0,FALSE,NA,32,0,TRUE
4354,EUROPE,DIEGO,diego,32,0,0,0,FALSE,NA,32,0,TRUE
4355,EUROPE,DIEGO,diego,32,0,0,0,FALSE,NA,32,0,TRUE
4356,EUROPE,DIEGO,diego,32,0,0,0,FALSE,NA,32,0,TRUE
4357,EUROPE,DIEGO,diego,32,0,0,0,FALSE,NA,32,0,TRUE
4358,EUROPE,DIEGO,diego,32,0,0,0,FALSE,NA,32,0,TRUE
4359,EUROPE,DIEGO,diego,32,0,0,0,FALSE,NA,32,0,TRUE
4360,EUROPE,DIEGO,diego,32,0,0,0,FALSE,NA,32,0,TRUE
4361,EUROPE,DIEGO,diego,32,0,0,0,FALSE,NA,32,0,TRUE
4362,EUROPE,DIEGO,diego,32,0,0,0,FALSE,NA,32,0,TRUE
4363,EUROPE,DIEGO,diego,32,0,0,0,FALSE,NA,32,0,TRUE
4364,EUROPE,DIEGO,diego,32,0,0,0,FALSE,NA,32,0,TRUE
4365,EUROPE,DIEGO,diego,32,0,0,0,FALSE,NA,32,0,TRUE
4366,EUROPE,DIEGO,diego,32,0,0,0,FALSE,NA,32,0,TRUE
4367,EUROPE,DIEGO,diego,32,0,0,0,FALSE,NA,32,0,TRUE
4368,EUROPE,DIEGO,diego,32,0,0,0,FALSE,NA,32,0,TRUE
4369,EUROPE,DIEGO,diego,32,0,0,0,FALSE,NA,32,0,TRUE
4370,EUROPE,DIEGO,diego,32,0,0,0,FALSE,NA,32,0,TRUE
4371,EUROPE,DIEGO,diego,32,0,0,0,FALSE,NA,32,0,TRUE
4372,EUROPE,DIEGO,diego,32,0,0,0,FALSE,NA,32,0,TRUE
4373,EUROPE,DIEGO,diego,32,0,0,0,FALSE,NA,32,0,TRUE
4374,EUROPE,DIEGO,diego,32,0,0,0,FALSE,NA,32,0,TRUE
4375,EUROPE,DIEGO,diego,32,0,0,0,FALSE,NA,32,0,TRUE
4376,EUROPE,DIEGO,diego,32,0,0,0,FALSE,NA,32,0,TRUE
4377,EUROPE,DIEGO,diego,32,0,0,0,FALSE,NA,32,0,TRUE
4378,EUROPE,DIEGO,diego,32,0,0,0,FALSE,NA,32,0,TRUE
4379,EUROPE,DIEGO,diego,32,0,0,0,FALSE,NA,32,0,TRUE
4380,EUROPE,DIEGO,diego,32,0,0,0,FALSE,NA,32,0,TRUE
4381,EUROPE,DIEGO,diego,32,0,0,0,FALSE,NA,32,0,TRUE
4382,EUROPE,DIEGO,diego,32,0,0,0,FALSE,NA,32,0,TRUE
4383,EUROPE,DIEGO,diego,32,0,0,0,FALSE,NA,32,0,TRUE
4384,EUROPE,DIEGO,diego,32,0,0,0,FALSE,NA,32,0,TRUE
4385,EUROPE,DIEGO,diego,32,0,0,0,FALSE,NA,32,0,TRUE
4386,EUROPE,DIEGO,diego,32,0,0,0,FALSE,NA,32,0,TRUE
4387,EUROPE,DIEGO,diego,32,0,0,0,FALSE,NA,32,0,TRUE
4388,EUROPE,DIEGO,diego,32,0,0,0,FALSE,NA,32,0,TRUE
4389,EUROPE,DIEGO,diego,32,0,0,0,FALSE,NA,32,0,TRUE
4390,EUROPE,DIEGO,diego,32,0,0,0,FALSE,NA,32,0,TRUE
4391,EUROPE,DIEGO,diego,32,0,0,0,FALSE,NA,32,0,TRUE
4392,EUROPE,DIEGO,diego,32,0,0,0,FALSE,NA,32,0,TRUE
4393,EUROPE,DIEGO,diego,32,0,0,0,FALSE,NA,32,0,TRUE
4394,EUROPE,DIEGO,diego,32,0,0,0,FALSE,NA,32,0,TRUE
4395,EUROPE,DIEGO,diego,32,0,0,0,FALSE,NA,32,0,TRUE
4396,EUROPE,DIEGO,diego,32,0,0,0,FALSE,NA,32,0,TRUE
4397,EUROPE,DIEGO,diego,32,0,0,0,FALSE,NA,32,0,TRUE
4398,EUROPE,DIEGO,diego,32,0,0,0,FALSE,NA,32,0,TRUE
4399,EUROPE,DIEGO,diego,32,0,0,0,FALSE,NA,32,0,TRUE
4400,EUROPE,DIEGO,diego,32,0,0,0,FALSE,NA,32,0,TRUE
4401,EUROPE,DIEGO,diego,32,0,0,0,FALSE,NA,32,0,TRUE
4402,EUROPE,DIEGO,diego,32,0,0,0,FALSE,NA,32,0,TRUE
4403,EUROPE,DIEGO,diego,32,0,0,0,FALSE,NA,32,0,TRUE
4404,EUROPE,DIEGO,diego,32,0,0,0,FALSE,NA,32,0,TRUE
4405,EUROPE,DIEGO,diego,32,0,0,0,FALSE,NA,32,0,TRUE
4406,EUROPE,DIEGO,diego,32,0,0,0,FALSE,NA,32,0,TRUE
4407,EUROPE,DIEGO,diego,32,0,0,0,FALSE,NA,32,0,TRUE
4408,EUROPE,DIEGO,diego,32,0,0,0,FALSE,NA,32,0,TRUE
4409,EUROPE,DIEGO,diego,32,0,0,0,FALSE,NA,32,0,TRUE
4410,EUROPE,DIEGO,diego,32,0,0,0,FALSE,NA,32,0,TRUE
4411,EUROPE,DIEGO,diego,32,0,0,0,FALSE,NA,32,0,TRUE
4412,EUROPE,DIEGO,diego,32,0,0,0,FALSE,NA,32,0,TRUE
4413,EUROPE,DIEGO,diego,32,0,0,0,FALSE,NA,32,0,TRUE
4414,EUROPE,DIEGO,diego,32,0,0,0,FALSE,NA,32,0,TRUE
4415,EUROPE,DIEGO,diego,32,0,0,0,FALSE,NA,32,0,TRUE
4416,EUROPE,DIEGO,diego,32,0,0,0,FALSE,NA,32,0,TRUE
4417,EUROPE,DIEGO,diego,32,0,0,0,FALSE,NA,32,0,TRUE
4418,EUROPE,DIEGO,diego,32,0,0,0,FALSE,NA,32,0,TRUE
4419,EUROPE,DIEGO,diego,32,0,0,0,FALSE,NA,32,0,TRUE
4420,EUROPE,DIEGO,diego,32,0,0,0,FALSE,NA,32,0,TRUE
4421,EUROPE,DIEGO,diego,32,0,0,0,FALSE,NA,32,0,TRUE
4422,EUROPE,DIEGO,diego,32,0,0,0,FALSE,NA,32,0,TRUE
4423,EUROPE,DIEGO,diego,32,0,0,0,FALSE,NA,32,0,TRUE
4424,EUROPE,DIEGO,diego,32,0,0,0,FALSE,NA,32,0,TRUE
4425,EUROPE,DIEGO,diego,32,0,0,0,FALSE,NA,32,0,TRUE
4426,EUROPE,DIEGO,diego,32,0,0,0,FALSE,NA,32,0,TRUE
4427,EUROPE,DIEGO,diego,32,0,0,0,FALSE,NA,32,0,TRUE
4428,EUROPE,DIEGO,diego,32,0,0,0,FALSE,NA,32,0,TRUE
4429,EUROPE,DIEGO,diego,32,0,0,0,FALSE,NA,32,0,TRUE
4430,EUROPE,DIEGO,diego,32,0,0,0,FALSE,NA,32,0,TRUE
4431,EUROPE,DIEGO,diego,32,0,0,0,FALSE,NA,32,0,TRUE
4432,EUROPE,DIEGO,diego,32,0,0,0,FALSE,NA,32,0,TRUE
4433,EUROPE,DIEGO,diego,32,0,0,0,FALSE,NA,32,0,TRUE
4434,EUROPE,DIEGO,diego,32,0,0,0,FALSE,NA,32,0,TRUE
4435,EUROPE,DIEGO,diego,32,0,0,0,FALSE,NA,32,0,TRUE
4436,EUROPE,DIEGO,diego,32,0,0,0,FALSE,NA,32,0,TRUE
4437,EUROPE,DIEGO,diego,32,0,0,0,FALSE,NA,32,0,TRUE
4438,EUROPE,DIEGO,diego,32,0,0,0,FALSE,NA,32,0,TRUE
4439,EUROPE,DIEGO,diego,32,0,0,0,FALSE,NA,32,0,TRUE
4440,EUROPE,DIEGO,diego,32,0,0,0,FALSE,NA,32,0,TRUE
4441,EUROPE,DIEGO,diego,32,0,0,0,FALSE,NA,32,0,TRUE
4442,EUROPE,DIEGO,diego,32,0,0,0,FALSE,NA,32,0,TRUE
4443,EUROPE,DIEGO,diego,32,0,0,0,FALSE,NA,32,0,TRUE
4444,EUROPE,DIEGO,diego,32,0,0,0,FALSE,NA,32,0,TRUE
4445,EUROPE,DIEGO,diego,32,0,0,0,FALSE,NA,32,0,TRUE
4446,EUROPE,DIEGO,diego,32,0,0,0,FALSE,NA,32,0,TRUE
4447,EUROPE,DIEGO,diego,32,0,0,0,FALSE,NA,32,0,TRUE
4448,EUROPE,DIEGO,diego,32,0,0,0,FALSE,NA,32,0,TRUE
4449,EUROPE,DIEGO,diego,32,0,0,0,FALSE,NA,32,0,TRUE
4450,EUROPE,DIEGO,diego,32,0,0,0,FALSE,NA,32,0,TRUE
4451,EUROPE,DIEGO,diego,32,0,0,0,FALSE,NA,32,0,TRUE
4452,EUROPE,DIEGO,diego,32,0,0,0,FALSE,NA,32,0,TRUE
4453,EUROPE,DIEGO,diego,32,0,0,0,FALSE,NA,32,0,TRUE
4454,EUROPE,DIEGO,diego,32,0,0,0,FALSE,NA,32,0,TRUE
4455,EUROPE,DIEGO,diego,32,0,0,0,FALSE,NA,32,0,TRUE
4456,EUROPE,DIEGO,diego,32,0,0,0,FALSE,NA,32,0,TRUE
4457,EUROPE,DIEGO,diego,32,0,0,0,FALSE,NA,32,0,TRUE
4458,EUROPE,DIEGO,diego,32,0,0,0,FALSE,NA,32,0,TRUE
4459,EUROPE,DIEGO,diego,32,0,0,0,FALSE,NA,32,0,TRUE
4460,EUROPE,DIEGO,diego,32,0,0,0,FALSE,NA,32,0,TRUE
4461,EUROPE,DIEGO,diego,32,0,0,0,FALSE,NA,32,0,TRUE
4462,EUROPE,DIEGO,diego,32,0,0,0,FALSE,NA,32,0,TRUE
4463,EUROPE,DIEGO,diego,32,0,0,0,FALSE,NA,32,0,TRUE
4464,EUROPE,DIEGO,diego,32,0,0,0,FALSE,NA,32,0,TRUE
4465,EUROPE,DIEGO,diego,32,0,0,0,FALSE,NA,32,0,TRUE
4466,EUROPE,DIEGO,diego,32,0,0,0,FALSE,NA,32,0,TRUE
4467,EUROPE,DIEGO,diego,32,0,0,0,FALSE,NA,32,0,TRUE
4468,EUROPE,DIEGO,diego,32,0,0,0,FALSE,NA,32,0,TRUE
4469,EUROPE,DIEGO,diego,32,0,0,0,FALSE,NA,32,0,TRUE
4470,EUROPE,DIEGO,diego,32,0,0,0,FALSE,NA,32,0,TRUE
4471,EUROPE,DIEGO,diego,32,0,0,0,FALSE,NA,32,0,TRUE
4472,EUROPE,DIEGO,diego,32,0,0,0,FALSE,NA,32,0,TRUE
4473,EUROPE,DIEGO,diego,32,0,0,0,FALSE,NA,32,0,TRUE
4474,EUROPE,DIEGO,diego,32,0,0,0,FALSE,NA,32,0,TRUE
4475,EUROPE,DIEGO,diego,32,0,0,0,FALSE,NA,32,0,TRUE
4476,EUROPE,DIEGO,diego,32,0,0,0,FALSE,NA,32,0,TRUE
4477,EUROPE,DIEGO,diego,32,0,0,0,FALSE,NA,32,0,TRUE
4478,EUROPE,DIEGO,diego,32,0,0,0,FALSE,NA,32,0,TRUE
4479,EUROPE,DIEGO,diego,32,0,0,0,FALSE,NA,32,0,TRUE
4480,EUROPE,DIEGO,diego,32,0,0,0,FALSE,NA,32,0,TRUE
4481,EUROPE,DIEGO,diego,32,0,0,0,FALSE,NA,32,0,TRUE
4482,EUROPE,DIEGO,diego,32,0,0,0,FALSE,NA,32,0,TRUE
4483,EUROPE,DIEGO,diego,32,0,0,0,FALSE,NA,32,0,TRUE
4484,EUROPE,DIEGO,diego,32,0,0,0,FALSE,NA,32,0,TRUE
4485,EUROPE,DIEGO,diego,32,0,0,0,FALSE,NA,32,0,TRUE
4486,EUROPE,DIEGO,diego,32,0,0,0,FALSE,NA,32,0,TRUE
4487,EUROPE,DIEGO,diego,32,0,0,0,FALSE,NA,32,0,TRUE
4488,EUROPE,DIEGO,diego,32,0,0,0,FALSE,NA,32,0,TRUE
4489,EUROPE,DIEGO,diego,32,0,0,0,FALSE,NA,32,0,TRUE
4490,EUROPE,DIEGO,diego,32,0,0,0,FALSE,NA,32,0,TRUE
4491,EUROPE,DIEGO,diego,32,0,0,0,FALSE,NA,32,0,TRUE
4492,EUROPE,DIEGO,diego,32,0,0,0,FALSE,NA,32,0,TRUE
4493,EUROPE,DIEGO,diego,32,0,0,0,FALSE,NA,32,0,TRUE
4494,EUROPE,DIEGO,diego,32,0,0,0,FALSE,NA,32,0,TRUE
4495,EUROPE,DIEGO,diego,32,0,0,0,FALSE,NA,32,0,TRUE
4496,EUROPE,DIEGO,diego,32,0,0,0,FALSE,NA,32,0,TRUE
4497,EUROPE,DIEGO,diego,32,0,0,0,FALSE,NA,32,0,TRUE
4498,EUROPE,DIEGO,diego,32,0,0,0,FALSE,NA,32,0,TRUE
4499,EUROPE,DIEGO,diego,32,0,0,0,FALSE,NA,32,0,TRUE
4500,EUROPE,DIEGO,diego,32,0,0,0,FALSE,NA,32,0,TRUE
4501,EUROPE,DIEGO,diego,32,0,0,0,FALSE,NA,32,0,TRUE
4502,EUROPE,DIEGO,diego,32,0,0,0,FALSE,NA,32,0,TRUE
4503,EUROPE,DIEGO,diego,32,0,0,0,FALSE,NA,32,0,TRUE
4504,EUROPE,DIEGO,diego,32,0,0,0,FALSE,NA,32,0,TRUE
4505,EUROPE,DIEGO,diego,32,0,0,0,FALSE,NA,32,0,TRUE
4506,EUROPE,DIEGO,diego,32,0,0,0,FALSE,NA,32,0,TRUE
4507,EUROPE,DIEGO,diego,32,0,0,0,FALSE,NA,32,0,TRUE
4508,EUROPE,DIEGO,diego,32,0,0,0,FALSE,NA,32,0,TRUE
4509,EUROPE,DIEGO,diego,32,0,0,0,FALSE,NA,32,0,TRUE
4510,EUROPE,DIEGO,diego,32,0,0,0,FALSE,NA,32,0,TRUE
4511,EUROPE,DIEGO,diego,32,0,0,0,FALSE,NA,32,0,TRUE
4512,EUROPE,DIEGO,diego,32,0,0,0,FALSE,NA,32,0,TRUE
4513,EUROPE,DIEGO,diego,32,0,0,0,FALSE,NA,32,0,TRUE
4514,EUROPE,DIEGO,diego,32,0,0,0,FALSE,NA,32,0,TRUE
4515,EUROPE,DIEGO,diego,32,0,0,0,FALSE,NA,32,0,TRUE
4516,EUROPE,DIEGO,diego,32,0,0,0,FALSE,NA,32,0,TRUE
4517,EUROPE,DIEGO,diego,32,0,0,0,FALSE,NA,32,0,TRUE
4518,EUROPE,DIEGO,diego,32,0,0,0,FALSE,NA,32,0,TRUE
4519,EUROPE,DIEGO,diego,32,0,0,0,FALSE,NA,32,0,TRUE
4520,EUROPE,DIEGO,diego,32,0,0,0,FALSE,NA,32,0,TRUE
4521,EUROPE,DIEGO,diego,32,0,0,0,FALSE,NA,32,0,TRUE
4522,EUROPE,DIEGO,diego,32,0,0,0,FALSE,NA,32,0,TRUE
4523,EUROPE,DIEGO,diego,32,0,0,0,FALSE,NA,32,0,TRUE
4524,EUROPE,DIEGO,diego,32,0,0,0,FALSE,NA,32,0,TRUE
4525,EUROPE,DIEGO,diego,32,0,0,0,FALSE,NA,32,0,TRUE
4526,EUROPE,DIEGO,diego,32,0,0,0,FALSE,NA,32,0,TRUE
4527,EUROPE,DIEGO,diego,32,0,0,0,FALSE,NA,32,0,TRUE
4528,EUROPE,DIEGO,diego,32,0,0,0,FALSE,NA,32,0,TRUE
4529,EUROPE,DIEGO,diego,32,0,0,0,FALSE,NA,32,0,TRUE
4530,EUROPE,DIEGO,diego,32,0,0,0,FALSE,NA,32,0,TRUE
4531,EUROPE,DIEGO,diego,32,0,0,0,FALSE,NA,32,0,TRUE
4532,EUROPE,DIEGO,diego,32,0,0,0,FALSE,NA,32,0,TRUE
4533,EUROPE,DIEGO,diego,32,0,0,0,FALSE,NA,32,0,TRUE
4534,EUROPE,DIEGO,diego,32,0,0,0,FALSE,NA,32,0,TRUE
4535,EUROPE,DIEGO,diego,32,0,0,0,FALSE,NA,32,0,TRUE
4536,EUROPE,DIEGO,diego,32,0,0,0,FALSE,NA,32,0,TRUE
4537,EUROPE,DIEGO,diego,32,0,0,0,FALSE,NA,32,0,TRUE
4538,EUROPE,DIEGO,diego,32,0,0,0,FALSE,NA,32,0,TRUE
4539,EUROPE,DIEGO,diego,32,0,0,0,FALSE,NA,32,0,TRUE
4540,EUROPE,DIEGO,diego,32,0,0,0,FALSE,NA,32,0,TRUE
4541,EUROPE,DIEGO,diego,32,0,0,0,FALSE,NA,32,0,TRUE
4542,EUROPE,DIEGO,diego,32,0,0,0,FALSE,NA,32,0,TRUE
4543,EUROPE,DIEGO,diego,32,0,0,0,FALSE,NA,32,0,TRUE
4544,EUROPE,DIEGO,diego,32,0,0,0,FALSE,NA,32,0,TRUE
4545,EUROPE,DIEGO,diego,32,0,0,0,FALSE,NA,32,0,TRUE
4546,EUROPE,DIEGO,diego,32,0,0,0,FALSE,NA,32,0,TRUE
4547,EUROPE,DIEGO,diego,32,0,0,0,FALSE,NA,32,0,TRUE
4548,EUROPE,DIEGO,diego,32,0,0,0,FALSE,NA,32,0,TRUE
4549,EUROPE,DIEGO,diego,32,0,0,0,FALSE,NA,32,0,TRUE
4550,EUROPE,DIEGO,diego,32,0,0,0,FALSE,NA,32,0,TRUE
4551,EUROPE,DIEGO,diego,32,0,0,0,FALSE,NA,32,0,TRUE
4552,EUROPE,DIEGO,diego,32,0,0,0,FALSE,NA,32,0,TRUE
4553,EUROPE,DIEGO,diego,32,0,0,0,FALSE,NA,32,0,TRUE
4554,EUROPE,DIEGO,diego,32,0,0,0,FALSE,NA,32,0,TRUE
4555,EUROPE,DIEGO,diego,32,0,0,0,FALSE,NA,32,0,TRUE
4556,EUROPE,DIEGO,diego,32,0,0,0,FALSE,NA,32,0,TRUE
4557,EUROPE,DIEGO,diego,32,0,0,0,FALSE,NA,32,0,TRUE
4558,EUROPE,DIEGO,diego,32,0,0,0,FALSE,NA,32,0,TRUE
4559,EUROPE,DIEGO,diego,32,0,0,0,FALSE,NA,32,0,TRUE
4560,EUROPE,DIEGO,diego,32,0,0,0,FALSE,NA,32,0,TRUE
4561,EUROPE,DIEGO,diego,32,0,0,0,FALSE,NA,32,0,TRUE
4562,EUROPE,DIEGO,diego,32,0,0,0,FALSE,NA,32,0,TRUE
4563,EUROPE,DIEGO,diego,32,0,0,0,FALSE,NA,32,0,TRUE
4564,EUROPE,DIEGO,diego,32,0,0,0,FALSE,NA,32,0,TRUE
4565,EUROPE,DIEGO,diego,32,0,0,0,FALSE,NA,32,0,TRUE
4566,EUROPE,DIEGO,diego,32,0,0,0,FALSE,NA,32,0,TRUE
4567,EUROPE,DIEGO,diego,32,0,0,0,FALSE,NA,32,0,TRUE
4568,EUROPE,DIEGO,diego,32,0,0,0,FALSE,NA,32,0,TRUE
4569,EUROPE,DIEGO,diego,32,0,0,0,FALSE,NA,32,0,TRUE
4570,EUROPE,DIEGO,diego,32,0,0,0,FALSE,NA,32,0,TRUE
4571,EUROPE,DIEGO,diego,32,0,0,0,FALSE,NA,32,0,TRUE
4572,EUROPE,DIEGO,diego,32,0,0,0,FALSE,NA,32,0,TRUE
4573,EUROPE,DIEGO,diego,32,0,0,0,FALSE,NA,32,0,TRUE
4574,EUROPE,DIEGO,diego,32,0,0,0,FALSE,NA,32,0,TRUE
4575,EUROPE,DIEGO,diego,32,0,0,0,FALSE,NA,32,0,TRUE
4576,EUROPE,DIEGO,diego,32,0,0,0,FALSE,NA,32,0,TRUE
4577,EUROPE,DIEGO,diego,32,0,0,0,FALSE,NA,32,0,TRUE
4578,EUROPE,DIEGO,diego,32,0,0,0,FALSE,NA,32,0,TRUE
4579,EUROPE,DIEGO,diego,32,0,0,0,FALSE,NA,32,0,TRUE
4580,EUROPE,DIEGO,diego,32,0,0,0,FALSE,NA,32,0,TRUE
4581,EUROPE,DIEGO,diego,32,0,0,0,FALSE,NA,32,0,TRUE
4582,EUROPE,DIEGO,diego,32,0,0,0,FALSE,NA,32,0,TRUE
4583,EUROPE,DIEGO,diego,32,0,0,0,FALSE,NA,32,0,TRUE
4584,EUROPE,DIEGO,diego,32,0,0,0,FALSE,NA,32,0,TRUE
4585,EUROPE,DIEGO,diego,32,0,0,0,FALSE,NA,32,0,TRUE
4586,EUROPE,DIEGO,diego,32,0,0,0,FALSE,NA,32,0,TRUE
4587,EUROPE,DIEGO,diego,32,0,0,0,FALSE,NA,32,0,TRUE
4588,EUROPE,DIEGO,diego,32,0,0,0,FALSE,NA,32,0,TRUE
4589,EUROPE,DIEGO,diego,32,0,0,0,FALSE,NA,32,0,TRUE
4590,EUROPE,DIEGO,diego,32,0,0,0,FALSE,NA,32,0,TRUE
4591,EUROPE,DIEGO,diego,32,0,0,0,FALSE,NA,32,0,TRUE
4592,EUROPE,DIEGO,diego,32,0,0,0,FALSE,NA,32,0,TRUE
4593,EUROPE,DIEGO,diego,32,0,0,0,FALSE,NA,32,0,TRUE
4594,EUROPE,DIEGO,diego,32,0,0,0,FALSE,NA,32,0,TRUE
4595,EUROPE,DIEGO,diego,32,0,0,0,FALSE,NA,32,0,TRUE
4596,EUROPE,DIEGO,diego,32,0,0,0,FALSE,NA,32,0,TRUE
4597,EUROPE,DIEGO,diego,32,0,0,0,FALSE,NA,32,0,TRUE
4598,EUROPE,DIEGO,diego,32,0,0,0,FALSE,NA,32,0,TRUE
4599,EUROPE,DIEGO,diego,32,0,0,0,FALSE,NA,32,0,TRUE
4600,EUROPE,DIEGO,diego,32,0,0,0,FALSE,NA,32,0,TRUE
4601,EUROPE,DIEGO,diego,32,0,0,0,FALSE,NA,32,0,TRUE
4602,EUROPE,DIEGO,diego,32,0,0,0,FALSE,NA,32,0,TRUE
4603,EUROPE,DIEGO,diego,32,0,0,0,FALSE,NA,32,0,TRUE
4604,EUROPE,DIEGO,diego,32,0,0,0,FALSE,NA,32,0,TRUE
4605,EUROPE,DIEGO,diego,32,0,0,0,FALSE,NA,32,0,TRUE
4606,EUROPE,DIEGO,diego,32,0,0,0,FALSE,NA,32,0,TRUE
4607,EUROPE,DIEGO,diego,32,0,0,0,FALSE,NA,32,0,TRUE
4608,EUROPE,DIEGO,diego,32,0,0,0,FALSE,NA,32,0,TRUE
4609,EUROPE,DIEGO,diego,32,0,0,0,FALSE,NA,32,0,TRUE
4610,EUROPE,DIEGO,diego,32,0,0,0,FALSE,NA,32,0,TRUE
4611,EUROPE,DIEGO,diego,32,0,0,0,FALSE,NA,32,0,TRUE
4612,EUROPE,DIEGO,diego,32,0,0,0,FALSE,NA,32,0,TRUE
4613,EUROPE,DIEGO,diego,32,0,0,0,FALSE,NA,32,0,TRUE
4614,EUROPE,DIEGO,diego,32,0,0,0,FALSE,NA,32,0,TRUE
4615,EUROPE,DIEGO,diego,32,0,0,0,FALSE,NA,32,0,TRUE
4616,EUROPE,DIEGO,diego,32,0,0,0,FALSE,NA,32,0,TRUE
4617,EUROPE,DIEGO,diego,32,0,0,0,FALSE,NA,32,0,TRUE
4618,EUROPE,DIEGO,diego,32,0,0,0,FALSE,NA,32,0,TRUE
4619,EUROPE,DIEGO,diego,32,0,0,0,FALSE,NA,32,0,TRUE
4620,EUROPE,DIEGO,diego,32,0,0,0,FALSE,NA,32,0,TRUE
4621,EUROPE,DIEGO,diego,32,0,0,0,FALSE,NA,32,0,TRUE
4622,EUROPE,DIEGO,diego,32,0,0,0,FALSE,NA,32,0,TRUE
4623,EUROPE,DIEGO,diego,32,0,0,0,FALSE,NA,32,0,TRUE
4624,EUROPE,DIEGO,diego,32,0,0,0,FALSE,NA,32,0,TRUE
4625,EUROPE,DIEGO,diego,32,0,0,0,FALSE,NA,32,0,TRUE
4626,EUROPE,DIEGO,diego,32,0,0,0,FALSE,NA,32,0,TRUE
4627,EUROPE,DIEGO,diego,32,0,0,0,FALSE,NA,32,0,TRUE
4628,EUROPE,DIEGO,diego,32,0,0,0,FALSE,NA,32,0,TRUE
4629,EUROPE,DIEGO,diego,32,0,0,0,FALSE,NA,32,0,TRUE
4630,EUROPE,DIEGO,diego,32,0,0,0,FALSE,NA,32,0,TRUE
4631,EUROPE,DIEGO,diego,32,0,0,0,FALSE,NA,32,0,TRUE
4632,EUROPE,DIEGO,diego,32,0,0,0,FALSE,NA,32,0,TRUE
4633,EUROPE,DIEGO,diego,32,0,0,0,FALSE,NA,32,0,TRUE
4634,EUROPE,DIEGO,diego,32,0,0,0,FALSE,NA,32,0,TRUE
4635,EUROPE,DIEGO,diego,32,0,0,0,FALSE,NA,32,0,TRUE
4636,EUROPE,DIEGO,diego,32,0,0,0,FALSE,NA,32,0,TRUE
4637,EUROPE,DIEGO,diego,32,0,0,0,FALSE,NA,32,0,TRUE
4638,EUROPE,DIEGO,diego,32,0,0,0,FALSE,NA,32,0,TRUE
4639,EUROPE,DIEGO,diego,32,0,0,0,FALSE,NA,32,0,TRUE
4640,EUROPE,DIEGO,diego,32,0,0,0,FALSE,NA,32,0,TRUE
4641,EUROPE,DIEGO,diego,32,0,0,0,FALSE,NA,32,0,TRUE
4642,EUROPE,DIEGO,diego,32,0,0,0,FALSE,NA,32,0,TRUE
4643,EUROPE,DIEGO,diego,32,0,0,0,FALSE,NA,32,0,TRUE
4644,EUROPE,DIEGO,diego,32,0,0,0,FALSE,NA,32,0,TRUE
4645,EUROPE,DIEGO,diego,32,0,0,0,FALSE,NA,32,0,TRUE
4646,EUROPE,DIEGO,diego,32,0,0,0,FALSE,NA,32,0,TRUE
4647,EUROPE,DIEGO,diego,32,0,0,0,FALSE,NA,32,0,TRUE
4648,EUROPE,DIEGO,diego,32,0,0,0,FALSE,NA,32,0,TRUE
4649,EUROPE,DIEGO,diego,32,0,0,0,FALSE,NA,32,0,TRUE
4650,EUROPE,DIEGO,diego,32,0,0,0,FALSE,NA,32,0,TRUE
4651,EUROPE,DIEGO,diego,32,0,0,0,FALSE,NA,32,0,TRUE
4652,EUROPE,DIEGO,diego,32,0,0,0,FALSE,NA,32,0,TRUE
4653,EUROPE,DIEGO,diego,32,0,0,0,FALSE,NA,32,0,TRUE
4654,EUROPE,DIEGO,diego,32,0,0,0,FALSE,NA,32,0,TRUE
4655,EUROPE,DIEGO,diego,32,0,0,0,FALSE,NA,32,0,TRUE
4656,EUROPE,DIEGO,diego,32,0,0,0,FALSE,NA,32,0,TRUE
4657,EUROPE,DIEGO,diego,32,0,0,0,FALSE,NA,32,0,TRUE
4658,EUROPE,DIEGO,diego,32,0,0,0,FALSE,NA,32,0,TRUE
4659,EUROPE,DIEGO,diego,32,0,0,0,FALSE,NA,32,0,TRUE
4660,EUROPE,DIEGO,diego,32,0,0,0,FALSE,NA,32,0,TRUE
4661,EUROPE,DIEGO,diego,32,0,0,0,FALSE,NA,32,0,TRUE
4662,EUROPE,DIEGO,diego,32,0,0,0,FALSE,NA,32,0,TRUE
4663,EUROPE,DIEGO,diego,32,0,0,0,FALSE,NA,32,0,TRUE
4664,EUROPE,DIEGO,diego,32,0,0,0,FALSE,NA,32,0,TRUE
4665,EUROPE,DIEGO,diego,32,0,0,0,FALSE,NA,32,0,TRUE
4666,EUROPE,DIEGO,diego,32,0,0,0,FALSE,NA,32,0,TRUE
4667,EUROPE,DIEGO,diego,32,0,0,0,FALSE,NA,32,0,TRUE
4668,EUROPE,DIEGO,diego,32,0,0,0,FALSE,NA,32,0,TRUE
4669,EUROPE,DIEGO,diego,32,0,0,0,FALSE,NA,32,0,TRUE
4670,EUROPE,DIEGO,diego,32,0,0,0,FALSE,NA,32,0,TRUE
4671,EUROPE,DIEGO,diego,32,0,0,0,FALSE,NA,32,0,TRUE
4672,EUROPE,DIEGO,diego,32,0,0,0,FALSE,NA,32,0,TRUE
4673,EUROPE,DIEGO,diego,32,0,0,0,FALSE,NA,32,0,TRUE
4674,EUROPE,DIEGO,diego,32,0,0,0,FALSE,NA,32,0,TRUE
4675,EUROPE,DIEGO,diego,32,0,0,0,FALSE,NA,32,0,TRUE
4676,EUROPE,DIEGO,diego,32,0,0,0,FALSE,NA,32,0,TRUE
4677,EUROPE,DIEGO,diego,32,0,0,0,FALSE,NA,32,0,TRUE
4678,EUROPE,DIEGO,diego,32,0,0,0,FALSE,NA,32,0,TRUE
4679,EUROPE,DIEGO,diego,32,0,0,0,FALSE,NA,32,0,TRUE
4680,EUROPE,DIEGO,diego,32,0,0,0,FALSE,NA,32,0,TRUE
4681,EUROPE,DIEGO,diego,32,0,0,0,FALSE,NA,32,0,TRUE
4682,EUROPE,DIEGO,diego,32,0,0,0,FALSE,NA,32,0,TRUE
4683,EUROPE,DIEGO,diego,32,0,0,0,FALSE,NA,32,0,TRUE
4684,EUROPE,DIEGO,diego,32,0,0,0,FALSE,NA,32,0,TRUE
4685,EUROPE,DIEGO,diego,32,0,0,0,FALSE,NA,32,0,TRUE
4686,EUROPE,DIEGO,diego,32,0,0,0,FALSE,NA,32,0,TRUE
4687,EUROPE,DIEGO,diego,32,0,0,0,FALSE,NA,32,0,TRUE
4688,EUROPE,DIEGO,diego,32,0,0,0,FALSE,NA,32,0,TRUE
4689,EUROPE,DIEGO,diego,32,0,0,0,FALSE,NA,32,0,TRUE
4690,EUROPE,DIEGO,diego,32,0,0,0,FALSE,NA,32,0,TRUE
4691,EUROPE,DIEGO,diego,32,0,0,0,FALSE,NA,32,0,TRUE
4692,EUROPE,DIEGO,diego,32,0,0,0,FALSE,NA,32,0,TRUE
4693,EUROPE,DIEGO,diego,32,0,0,0,FALSE,NA,32,0,TRUE
4694,EUROPE,DIEGO,diego,32,0,0,0,FALSE,NA,32,0,TRUE
4695,EUROPE,DIEGO,diego,32,0,0,0,FALSE,NA,32,0,TRUE
4696,EUROPE,DIEGO,diego,32,0,0,0,FALSE,NA,32,0,TRUE
4697,EUROPE,DIEGO,diego,32,0,0,0,FALSE,NA,32,0,TRUE
4698,EUROPE,DIEGO,diego,32,0,0,0,FALSE,NA,32,0,TRUE
4699,EUROPE,DIEGO,diego,32,0,0,0,FALSE,NA,32,0,TRUE
4700,EUROPE,DIEGO,diego,32,0,0,0,FALSE,NA,32,0,TRUE
4701,EUROPE,DIEGO,diego,32,0,0,0,FALSE,NA,32,0,TRUE
4702,EUROPE,DIEGO,diego,32,0,0,0,FALSE,NA,32,0,TRUE
4703,EUROPE,DIEGO,diego,32,0,0,0,FALSE,NA,32,0,TRUE
4704,EUROPE,DIEGO,diego,32,0,0,0,FALSE,NA,32,0,TRUE
4705,EUROPE,DIEGO,diego,32,0,0,0,FALSE,NA,32,0,TRUE
4706,EUROPE,DIEGO,diego,32,0,0,0,FALSE,NA,32,0,TRUE
4707,EUROPE,DIEGO,diego,32,0,0,0,FALSE,NA,32,0,TRUE
4708,EUROPE,DIEGO,diego,32,0,0,0,FALSE,NA,32,0,TRUE
4709,EUROPE,DIEGO,diego,32,0,0,0,FALSE,NA,32,0,TRUE
4710,EUROPE,DIEGO,diego,32,0,0,0,FALSE,NA,32,0,TRUE
4711,EUROPE,DIEGO,diego,32,0,0,0,FALSE,NA,32,0,TRUE
4712,EUROPE,DIEGO,diego,32,0,0,0,FALSE,NA,32,0,TRUE
4713,EUROPE,DIEGO,diego,32,0,0,0,FALSE,NA,32,0,TRUE
4714,EUROPE,DIEGO,diego,32,0,0,0,FALSE,NA,32,0,TRUE
4715,EUROPE,DIEGO,diego,32,0,0,0,FALSE,NA,32,0,TRUE
4716,EUROPE,DIEGO,diego,32,0,0,0,FALSE,NA,32,0,TRUE
4717,EUROPE,DIEGO,diego,32,0,0,0,FALSE,NA,32,0,TRUE
4718,EUROPE,DIEGO,diego,32,0,0,0,FALSE,NA,32,0,TRUE
4719,EUROPE,DIEGO,diego,32,0,0,0,FALSE,NA,32,0,TRUE
4720,EUROPE,DIEGO,diego,32,0,0,0,FALSE,NA,32,0,TRUE
4721,EUROPE,DIEGO,diego,32,0,0,0,FALSE,NA,32,0,TRUE
4722,EUROPE,DIEGO,diego,32,0,0,0,FALSE,NA,32,0,TRUE
4723,EUROPE,DIEGO,diego,32,0,0,0,FALSE,NA,32,0,TRUE
4724,EUROPE,DIEGO,diego,32,0,0,0,FALSE,NA,32,0,TRUE
4725,EUROPE,DIEGO,diego,32,0,0,0,FALSE,NA,32,0,TRUE
4726,EUROPE,DIEGO,diego,32,0,0,0,FALSE,NA,32,0,TRUE
4727,EUROPE,DIEGO,diego,32,0,0,0,FALSE,NA,32,0,TRUE
4728,EUROPE,DIEGO,diego,32,0,0,0,FALSE,NA,32,0,TRUE
4729,EUROPE,DIEGO,diego,32,0,0,0,FALSE,NA,32,0,TRUE
4730,EUROPE,DIEGO,diego,32,0,0,0,FALSE,NA,32,0,TRUE
4731,EUROPE,DIEGO,diego,32,0,0,0,FALSE,NA,32,0,TRUE
4732,EUROPE,DIEGO,diego,32,0,0,0,FALSE,NA,32,0,TRUE
4733,EUROPE,DIEGO,diego,32,0,0,0,FALSE,NA,32,0,TRUE
4734,EUROPE,DIEGO,diego,32,0,0,0,FALSE,NA,32,0,TRUE
4735,EUROPE,DIEGO,diego,32,0,0,0,FALSE,NA,32,0,TRUE
4736,EUROPE,DIEGO,diego,32,0,0,0,FALSE,NA,32,0,TRUE
4737,EUROPE,DIEGO,diego,32,0,0,0,FALSE,NA,32,0,TRUE
4738,EUROPE,DIEGO,diego,32,0,0,0,FALSE,NA,32,0,TRUE
4739,EUROPE,DIEGO,diego,32,0,0,0,FALSE,NA,32,0,TRUE
4740,EUROPE,DIEGO,diego,32,0,0,0,FALSE,NA,32,0,TRUE
4741,EUROPE,DIEGO,diego,32,0,0,0,FALSE,NA,32,0,TRUE
4742,EUROPE,DIEGO,diego,32,0,0,0,FALSE,NA,32,0,TRUE
4743,EUROPE,DIEGO,diego,32,0,0,0,FALSE,NA,32,0,TRUE
4744,EUROPE,DIEGO,diego,32,0,0,0,FALSE,NA,32,0,TRUE
4745,EUROPE,DIEGO,diego,32,0,0,0,FALSE,NA,32,0,TRUE
4746,EUROPE,DIEGO,diego,32,0,0,0,FALSE,NA,32,0,TRUE
4747,EUROPE,DIEGO,diego,32,0,0,0,FALSE,NA,32,0,TRUE
4748,EUROPE,DIEGO,diego,32,0,0,0,FALSE,NA,32,0,TRUE
4749,EUROPE,DIEGO,diego,32,0,0,0,FALSE,NA,32,0,TRUE
4750,EUROPE,DIEGO,diego,32,0,0,0,FALSE,NA,32,0,TRUE
4751,EUROPE,DIEGO,diego,32,0,0,0,FALSE,NA,32,0,TRUE
4752,EUROPE,DIEGO,diego,32,0,0,0,FALSE,NA,32,0,TRUE
4753,EUROPE,DIEGO,diego,32,0,0,0,FALSE,NA,32,0,TRUE
4754,EUROPE,DIEGO,diego,32,0,0,0,FALSE,NA,32,0,TRUE
4755,EUROPE,DIEGO,diego,32,0,0,0,FALSE,NA,32,0,TRUE
4756,EUROPE,DIEGO,diego,32,0,0,0,FALSE,NA,32,0,TRUE
