"D","assigned_pct","unassigned_pct"
0,0.00143243901390898,99.9985675609861
2,0.303677070948704,99.6963229290513
4,5.71686410451075,94.2831358954892
6,27.3624500436894,72.6375499563106
8,59.7198149288794,40.2801850711206
10,83.1144089040409,16.8855910959591
