"D","assigned_pct","unassigned_pct"
0,9.1665625,90.8334375
2,28.8781625,71.1218375
4,55.9523375,44.0476625
6,81.4905625,18.5094375
8,98.6310125,1.3689875
10,99.55405,0.44595
