"cluster","n_patterns","pct_total_patterns","pct_rest_patterns"
1,18012,99.8005319148936,100
2,36,0.199468085106383,0.199468085106375
