"D","assigned_pct","unassigned_pct"
0,5.88235294117647,94.1176470588235
2,88.2352941176471,11.7647058823529
4,100,0
6,100,0
8,100,0
10,100,0
