"D","assigned_pct","unassigned_pct"
0,32.3769875,67.6230125
2,77.4139375,22.5860625
4,94.0659375,5.9340625
6,98.941,1.059
8,99.4538625,0.5461375
10,99.7873625,0.2126375
