"D","assigned_pct","unassigned_pct"
0,0.00558721644876523,99.9944127835512
2,0.926546727753567,99.0734532722464
4,12.2220359816739,87.7779640183261
6,39.4410921145752,60.5589078854248
8,78.2741088389764,21.7258911610236
10,80.9056877863448,19.0943122136552
