"D","assigned_pct","unassigned_pct"
0,24.9281375,75.0718625
2,50.34405,49.65595
4,76.4885125,23.5114875
6,91.3788375,8.6211625
8,98.550675,1.449325
10,99.185325,0.814675
