"cluster","n_patterns","pct_total_patterns","pct_rest_patterns"
"1",1,2.08333333333333,100
"2",1,2.08333333333333,97.9166666666667
"Restantes",46,95.8333333333333,0
