"cluster","n_patterns","pct_total_patterns","pct_rest_patterns"
"1",807,2.53510507963434,100
"2",1486,4.668111707976,97.4648949203657
"Restantes",29540,92.7967832123897,0
