"cluster","n_patterns","pct_total_patterns","pct_rest_patterns"
1,55,88.7096774193548,100
2,5,8.06451612903226,11.2903225806452
3,2,3.2258064516129,3.22580645161291
