"cluster","n_patterns","pct_total_patterns","pct_rest_patterns"
"1",18591,99.5555317553818,100
"2",57,0.305237228231766,0.444468244618193
"Restantes",26,0.13923101638642,0
