"D","assigned_pct","unassigned_pct"
0,0.00572975605563593,99.9942702439444
2,0.918193407915658,99.0818065920843
4,12.2817321052556,87.7182678947444
6,51.9087249860337,48.0912750139663
8,75.1557777427626,24.8442222572374
10,91.4569337210468,8.54306627895317
