"cluster","n_archetypes","pct_total_arch","pct_rest_arch"
1,18711,99.7600767754319,100
2,42,0.223928342930262,0.239923224568145
3,3,0.0159948816378759,0.0159948816378801
