"D","assigned_pct","unassigned_pct"
0,10.2941176470588,89.7058823529412
2,97.0588235294118,2.94117647058824
4,100,0
6,100,0
8,100,0
10,100,0
