"D","assigned_pct","unassigned_pct"
0,98.50395,1.49605
2,99.99465,0.00535
4,100,0
6,100,0
8,100,0
10,100,0
