"cluster","n_patterns","pct_total_patterns","pct_rest_patterns"
"1",16994,91.0035343258006,100
"2",559,2.99346685230802,8.99646567419941
"Restantes",1121,6.0029988218914,0
