"D","assigned_pct","unassigned_pct"
0,76.6883375,23.3116625
2,99.96625,0.03375
4,100,0
6,100,0
8,100,0
10,100,0
