"cluster","n_patterns","pct_total_patterns","pct_rest_patterns"
1,107,77.536231884058,100
2,31,22.463768115942,22.463768115942
