"D","assigned_pct","unassigned_pct"
0,2.08333333333333,97.9166666666667
1,16.6666666666667,83.3333333333333
2,45.8333333333333,54.1666666666667
3,75,25
4,91.6666666666667,8.33333333333333
5,97.9166666666667,2.08333333333333
6,100,0
7,100,0
8,100,0
9,100,0
10,100,0
11,100,0
12,100,0
13,100,0
14,100,0
15,100,0
16,100,0
17,100,0
18,100,0
19,100,0
20,100,0
