"D","assigned_pct","unassigned_pct"
0,0.0114595121112719,99.9885404878887
2,1.72752145077423,98.2724785492258
4,21.0210425291143,78.9789574708857
6,54.7005486241423,45.2994513758577
8,76.4936757817536,23.5063242182464
10,93.7961066307602,6.2038933692398
