"D","assigned_pct","unassigned_pct"
0,28.683725,71.316275
2,74.9998625,25.0001375
4,92.8960875,7.1039125
6,98.7433875,1.2566125
8,99.43255,0.56745
10,99.759325,0.240675
