"cluster","n_patterns","pct_total_patterns","pct_rest_patterns"
"1",1,0.00314139415072409,100
"2",1,0.00314139415072409,99.9968586058493
"Restantes",31831,99.9937172116986,0
