"D","assigned_pct","unassigned_pct"
0,5.75539568345324,94.2446043165468
1,37.410071942446,62.589928057554
2,94.9640287769784,5.03597122302158
3,100,0
4,100,0
5,100,0
6,100,0
7,100,0
8,100,0
9,100,0
10,100,0
11,100,0
12,100,0
13,100,0
14,100,0
15,100,0
16,100,0
17,100,0
18,100,0
19,100,0
20,100,0
