"D","assigned_pct","unassigned_pct"
0,75.4459125,24.5540875
2,99.985925,0.014075
4,100,0
6,100,0
8,100,0
10,100,0
