"D","assigned_pct","unassigned_pct"
0,3.75586854460094,96.2441314553991
2,87.3239436619718,12.6760563380282
4,100,0
6,100,0
8,100,0
10,100,0
