"D","assigned_pct","unassigned_pct"
0,97.8945625,2.1054375
2,99.985275,0.014725
4,100,0
6,100,0
8,100,0
10,100,0
