"cluster","Early Adopter","Uninterested","Homo Economicus","Fearful","Stubborn","Influencer","Careful","Activist"
"cluster_1",0,0,0,0,0,0,0,0
"cluster_2",10,11.1111111111111,0,0,0,14.2857142857143,0,0
"cluster_3",28.5714285714286,0,33.3333333333333,20,50,20,15.3846153846154,12.5
"cluster_4",16.6666666666667,17.6470588235294,41.1764705882353,60,20,5.88235294117647,58.8235294117647,31.25
"cluster_5",16.6666666666667,18.1818181818182,6.25,6.25,10,37.5,5.26315789473684,0
"cluster_6",23.5294117647059,17.6470588235294,33.3333333333333,41.1764705882353,20,12.5,28.5714285714286,23.5294117647059
