"D","assigned_pct","unassigned_pct"
0,0.0085946340834539,99.9914053659165
2,1.32070877082408,98.6792912291759
4,16.4286430505221,83.5713569494779
6,54.5415478935984,45.4584521064016
8,75.4508601796279,24.5491398203721
10,93.0655627336666,6.93443726633339
