"D","assigned_pct","unassigned_pct"
0,35.237725,64.762275
2,80.793575,19.206425
4,95.84285,4.15715
6,98.991175,1.008825
8,99.463975,0.536025
10,99.8206875,0.1793125
