"cluster","n_patterns","pct_total_patterns","pct_rest_patterns"
1,137,99.2753623188406,100
2,1,0.72463768115942,0.724637681159422
