"D","assigned_pct","unassigned_pct"
0,71.794575,28.205425
2,99.9366,0.0634
4,100,0
6,100,0
8,100,0
10,100,0
