"D","assigned_pct","unassigned_pct"
0,3.28638497652582,96.7136150234742
2,79.3427230046948,20.6572769953052
4,100,0
6,100,0
8,100,0
10,100,0
