"cluster","n_patterns","pct_total_patterns","pct_rest_patterns"
"1",2257,12.5055407801418,100
"2",1721,9.53568262411348,87.4944592198582
"Restantes",14070,77.9587765957447,0
