"cluster","n_patterns","pct_total_patterns","pct_rest_patterns"
"1",4095,6.03635077168001,100
"2",3403,5.01628856557438,93.96364922832
"Restantes",60341,88.9473606627456,0
