"D","assigned_pct","unassigned_pct"
0,21.69735,78.30265
2,44.8351,55.1649
4,64.682375,35.317625
6,81.7110375,18.2889625
8,95.1913375,4.8086625
10,98.898875,1.101125
