"D","assigned_pct","unassigned_pct"
0,0.00372481096584348,99.9962751890342
2,0.635080269676314,99.3649197303237
4,6.76518791671323,93.2348120832868
6,23.7503259209595,76.2496740790405
8,54.0181398294037,45.9818601705963
10,76.8428502253511,23.1571497746489
