"cluster","n_patterns","pct_total_patterns","pct_rest_patterns"
"1",222,1.18881867837635,100
"2",263,1.40837528113955,98.8111813216236
"Restantes",18189,97.4028060404841,0
