"cluster","n_patterns","pct_total_patterns","pct_rest_patterns"
"1",53,38.1294964028777,100
"2",40,28.7769784172662,61.8705035971223
"Restantes",46,33.0935251798561,0
