"cluster","best_match","pct_match"
"1","Careful",76.4705882352941
"2","Fearful",31.8181818181818
"3","Influencer",35.7142857142857
"4","Stubborn",31.8181818181818
