"D","assigned_pct","unassigned_pct"
0,40.3157,59.6843
2,82.527825,17.472175
4,100,0
6,100,0
8,100,0
10,100,0
