"D","assigned_pct","unassigned_pct"
0,4.25531914893617,95.7446808510638
1,31.9148936170213,68.0851063829787
2,72.3404255319149,27.6595744680851
3,95.7446808510638,4.25531914893617
4,97.8723404255319,2.12765957446809
5,100,0
6,100,0
7,100,0
8,100,0
9,100,0
10,100,0
11,100,0
12,100,0
13,100,0
14,100,0
15,100,0
16,100,0
17,100,0
18,100,0
19,100,0
20,100,0
