"D","assigned_pct","unassigned_pct"
0,62.045875,37.954125
2,99.3226,0.6774
4,99.9897125,0.0102875
6,100,0
8,100,0
10,100,0
