"D","assigned_pct","unassigned_pct"
0,2.94117647058824,97.0588235294118
2,61.7647058823529,38.2352941176471
4,97.0588235294118,2.94117647058824
6,100,0
8,100,0
10,100,0
