"cluster","n_patterns","pct_total_patterns","pct_rest_patterns"
1,18016,99.822695035461,100
2,32,0.177304964539007,0.177304964539005
