"cluster","n_patterns","pct_total_patterns","pct_rest_patterns"
1,212,99.5305164319249,100
2,1,0.469483568075117,0.46948356807512
