"cluster","n_patterns","pct_total_patterns","pct_rest_patterns"
"1",16548,91.688829787234,100
"2",439,2.4324024822695,8.31117021276596
"3",79,0.437721631205674,5.87876773049645
"4",225,1.24667553191489,5.44104609929077
"5",41,0.227171985815603,4.19437056737588
"6",33,0.182845744680851,3.96719858156028
"7",217,1.20234929078014,3.78435283687944
"Restantes",466,2.58200354609929,0
