"cluster","n_patterns","pct_total_patterns","pct_rest_patterns"
"1",18,0.0565450947130336,100
"2",20,0.0628278830144818,99.943454905287
"3",15,0.0471209122608614,99.8806270222725
"4",19,0.0596864888637577,99.8335061100116
"5",6,0.0188483649043446,99.7738196211479
"Restantes",31755,99.7549712562435,0
