"D","assigned_pct","unassigned_pct"
0,5.79710144927536,94.2028985507246
1,38.4057971014493,61.5942028985507
2,94.9275362318841,5.07246376811594
3,99.2753623188406,0.72463768115942
4,100,0
5,100,0
6,100,0
7,100,0
8,100,0
9,100,0
10,100,0
11,100,0
12,100,0
13,100,0
14,100,0
15,100,0
16,100,0
17,100,0
18,100,0
19,100,0
20,100,0
