"D","assigned_pct","unassigned_pct"
0,3.84615384615385,96.1538461538462
2,86.0576923076923,13.9423076923077
4,100,0
6,100,0
8,100,0
10,100,0
