macro_archetype_5,AUTONOMY,COMPETENCE,FINANCIAL,MEANING,PHYSIOLOGICAL,POPULARITY,RELATEDNESS,SECURITY,STIMULATION
G1_Activist_Stubborn_Sentient,2.933488331514874,0.07447431562959404,-1.0132751115295455,1.4365585077037335,0.6402996010392529,0.41262041855253306,0.00969398147670681,-1.374647086776217,-0.082858318286263
G2_EarlyAdopter_Influencer,2.7757085315604506,-1.0983608931488427,1.1725533789577491,1.8191965316693255,-0.2963442165016845,-0.041425852984695755,-0.5371235783763982,-1.45765284538358,-0.7862290169460342
G3_Fearful_Careful,2.568310188818886,-0.058794690639426314,-0.10863464504882947,0.2782722273844398,-1.2290935124483795,-0.17897923765186896,-0.06033332777629482,-2.1564441186194347,0.839356034489849
G4_HomoEconomicus,2.566513189943485,-0.9802134829581185,-1.6078722962811616,-0.01138281776835992,0.04891208190332186,0.19842299286620185,-0.05035082421064562,-0.28135735801138284,1.481450940433393
G5_Uninterested,2.287449269034278,-0.5126753154032172,-0.08964146710035237,0.5647434733380857,-1.9933162627501453,0.24813443600397633,0.14756846801570628,-0.9849753391890934,0.8683959777893754
