"cluster","n_archetypes","total_frequency","freq_pct_total","freq_pct_rest"
1,18711,799863,99.982875,99.982875
2,42,126,0.01575,91.970802919708
3,3,11,0.001375,100
