"D","assigned_pct","unassigned_pct"
0,98.5058125,1.4941875
2,99.9955625,0.0044375
4,100,0
6,100,0
8,100,0
10,100,0
