"cluster","n_patterns","pct_total_patterns","pct_rest_patterns"
"1",17808,98.6702127659574,100
"2",76,0.421099290780142,1.32978723404256
"3",49,0.271498226950355,0.908687943262407
"4",82,0.454343971631206,0.637189716312051
"Restantes",33,0.182845744680851,0
