"D","assigned_pct","unassigned_pct"
0,0.00187596143023299,99.9981240385698
2,0.345176903162871,99.6548230968371
4,2.71920609312273,97.2807939068773
6,8.73166247701947,91.2683375229805
8,32.4738303380482,67.5261696619518
10,60.676096499456,39.323903500544
