"D","assigned_pct","unassigned_pct"
0,17.3393125,82.6606875
2,32.5039,67.4961
4,45.6426,54.3574
6,52.60955,47.39045
8,80.0100875,19.9899125
10,92.72975,7.27025
