"D","assigned_pct","unassigned_pct"
0,24.3519875,75.6480125
2,48.9281125,51.0718875
4,76.08185,23.91815
6,91.7147125,8.2852875
8,98.585575,1.414425
10,99.7019875,0.2980125
