"D","assigned_pct","unassigned_pct"
0,0.00562788429069898,99.9943721157093
2,0.836678797883915,99.1633212021161
4,11.0728623419503,88.9271376580497
6,39.3586087870033,60.6413912129967
8,78.7209694968671,21.2790305031329
10,93.896559486737,6.10344051326305
