"cluster","n_patterns","pct_total_patterns","pct_rest_patterns"
1,47,97.9166666666667,100
2,1,2.08333333333333,2.08333333333334
