"D","assigned_pct","unassigned_pct"
0,78.27055,21.72945
2,99.996875,0.003125
4,100,0
6,100,0
8,100,0
10,100,0
