"D","n_patterns_covered","freq_covered","pct_covered"
0,0,0,0
1,0,0,0
2,2,11,0.001375
3,13,31,0.003875
4,31,72,0.009
5,59,182,0.02275
6,99,304,0.038
7,161,478,0.05975
8,249,704,0.088
9,359,1034,0.12925
10,492,1662,0.20775
11,660,3332,0.4165
12,896,6977,0.872125
13,1176,12598,1.57475
14,2008,22343,2.792875
15,2368,35381,4.422625
16,11665,767304,95.913
17,11671,767313,95.914125
18,18048,800000,100
19,18048,800000,100
20,18048,800000,100
