"D","assigned_pct","unassigned_pct"
0,4.83870967741935,95.1612903225807
2,82.258064516129,17.741935483871
4,100,0
6,100,0
8,100,0
10,100,0
