"cluster","n_patterns","pct_total_patterns","pct_rest_patterns"
"1",3991,5.71686410451075,100
"2",3365,4.82015728180373,94.2831358954893
"Restantes",62455,89.4629786136855,0
