"D","assigned_pct","unassigned_pct"
0,4.41176470588235,95.5882352941177
2,79.4117647058823,20.5882352941176
4,100,0
6,100,0
8,100,0
10,100,0
