"D","assigned_pct","unassigned_pct"
0,6.38297872340426,93.6170212765958
1,40.4255319148936,59.5744680851064
2,87.2340425531915,12.7659574468085
3,100,0
4,100,0
5,100,0
6,100,0
7,100,0
8,100,0
9,100,0
10,100,0
11,100,0
12,100,0
13,100,0
14,100,0
15,100,0
16,100,0
17,100,0
18,100,0
19,100,0
20,100,0
