"D","assigned_pct","unassigned_pct"
0,77.0602125,22.9397875
2,99.9626875,0.0373125
4,100,0
6,100,0
8,100,0
10,100,0
