"cluster","n_patterns","pct_total_patterns","pct_rest_patterns"
1,207,99.5192307692308,100
2,1,0.480769230769231,0.480769230769226
