"cluster","Early Adopter","Uninterested","Homo Economicus","Fearful","Stubborn","Influencer","Careful","Activist"
"cluster_1",0,0,0,0,0,0,0,0
"cluster_2",16.6666666666667,17.6470588235294,41.1764705882353,60,20,5.88235294117647,58.8235294117647,31.25
"cluster_3",33.3333333333333,11.7647058823529,21.0526315789474,15,21.4285714285714,21.4285714285714,30,25
"cluster_4",10.5263157894737,5.26315789473684,41.1764705882353,33.3333333333333,5.88235294117647,5.88235294117647,42.1052631578947,16.6666666666667
"cluster_5",23.5294117647059,11.1111111111111,20,20,12.5,12.5,22.7272727272727,16.6666666666667
"cluster_6",10.5263157894737,11.1111111111111,20,26.3157894736842,12.5,12.5,28.5714285714286,23.5294117647059
"cluster_7",16.6666666666667,17.6470588235294,26.3157894736842,33.3333333333333,12.5,12.5,42.1052631578947,31.25
"cluster_8",16.6666666666667,11.1111111111111,26.3157894736842,26.3157894736842,5.88235294117647,0,17.3913043478261,16.6666666666667
