"D","assigned_pct","unassigned_pct"
0,27.3324125,72.6675875
2,55.978625,44.021375
4,82.4140625,17.5859375
6,95.29945,4.70055
8,99.2958875,0.7041125
10,99.7591375,0.2408625
