"D","assigned_pct","unassigned_pct"
0,0.00744962193168697,99.9925503780683
2,1.22546280776251,98.7745371922375
4,16.5288486609305,83.4711513390695
6,46.5349945990241,53.4650054009759
8,81.6720676425671,18.3279323574329
10,94.1902260960256,5.80977390397437
