"cluster","n_patterns","pct_total_patterns","pct_rest_patterns"
"1",11427,35.5405573525753,100
"2",17473,54.3449863150037,64.4594426474247
"Restantes",3252,10.114456332421,0
