"D","assigned_pct","unassigned_pct"
0,54.74485,45.25515
2,94.219725,5.780275
4,100,0
6,100,0
8,100,0
10,100,0
