"D","assigned_pct","unassigned_pct"
0,36.63855,63.36145
2,82.2727125,17.7272875
4,96.3372625,3.6627375
6,99.0300125,0.9699875
8,99.5315375,0.4684625
10,99.856425,0.143575
