"cluster","n_patterns","pct_total_patterns","pct_rest_patterns"
1,84,60.8695652173913,100
2,54,39.1304347826087,39.1304347826087
