"D","assigned_pct","unassigned_pct"
0,0.0065184191902261,99.9934815808098
2,1.03177263753864,98.9682273624614
4,14.7269713562037,85.2730286437963
6,44.7936454724923,55.2063545275077
8,81.235333556822,18.764666443178
10,93.9360077476068,6.06399225239319
