"D","assigned_pct","unassigned_pct"
0,26.2409625,73.7590375
2,52.198675,47.801325
4,80.4849,19.5151
6,94.730175,5.269825
8,99.2547125,0.7452875
10,99.7438875,0.2561125
