"D","assigned_pct","unassigned_pct"
0,0.00656586500581548,99.9934341349942
2,1.0120811916107,98.9879188083893
4,13.0529396315612,86.9470603684388
6,44.6122387723708,55.3877612276292
8,81.5414775072225,18.4585224927775
10,94.0588301504521,5.94116984954789
