"D","assigned_pct","unassigned_pct"
0,96.0160375,3.9839625
2,99.9707875,0.0292125
4,100,0
6,100,0
8,100,0
10,100,0
