"cluster","Early Adopter","Uninterested","Homo Economicus","Fearful","Stubborn","Influencer","Careful","Activist"
"cluster_1",0,0,0,0,0,0,0,0
"cluster_2",10,11.1111111111111,0,0,0,14.2857142857143,0,0
"cluster_3",18.1818181818182,9.09090909090909,6.66666666666667,6.66666666666667,11.1111111111111,25,5.55555555555556,0
"cluster_4",28.5714285714286,0,33.3333333333333,20,50,20,15.3846153846154,12.5
"cluster_5",16.6666666666667,17.6470588235294,41.1764705882353,60,20,5.88235294117647,58.8235294117647,31.25
"cluster_6",16.6666666666667,11.1111111111111,41.1764705882353,50,20,12.5,50,31.25
"cluster_7",8.33333333333333,9.09090909090909,6.66666666666667,6.66666666666667,0,11.1111111111111,5.55555555555556,0
