"D","assigned_pct","unassigned_pct"
0,0.00716219506954491,99.9928378049305
2,1.06716706536219,98.9328329346378
4,13.5866840469267,86.4133159530733
6,53.7050035094756,46.2949964905244
8,75.4021572531549,24.5978427468451
10,92.1960722522239,7.80392774777614
