"D","assigned_pct","unassigned_pct"
0,1.40845070422535,98.5915492957747
2,44.6009389671362,55.3990610328638
4,100,0
6,100,0
8,100,0
10,100,0
