"D","assigned_pct","unassigned_pct"
0,48.1148,51.8852
2,92.7024125,7.2975875
4,100,0
6,100,0
8,100,0
10,100,0
