"cluster","Early.Adopter","Fearful","Careful","Stubborn","Influencer","Uninterested","Homo.Economicus","X8"
"cluster_1",33.3333333333333,62.5,100,71.4285714285714,33.3333333333333,44.4444444444444,44.4444444444444,33.3333333333333
"cluster_2",77.7777777777778,88.8888888888889,55.5555555555556,77.7777777777778,77.7777777777778,88.8888888888889,88.8888888888889,77.7777777777778
"cluster_3",37.5,50,80,57.1428571428571,37.5,33.3333333333333,50,37.5
"cluster_4",44.4444444444444,75,83.3333333333333,62.5,44.4444444444444,55.5555555555556,55.5555555555556,44.4444444444444
"cluster_5",66.6666666666667,77.7777777777778,62.5,66.6666666666667,66.6666666666667,77.7777777777778,77.7777777777778,66.6666666666667
"cluster_6",25,37.5,60,42.8571428571429,25,22.2222222222222,37.5,25
