"cluster","Early.Adopter","Fearful","Careful","Stubborn","Influencer","Uninterested","Homo.Economicus","X8"
"cluster_1",33.3333333333333,62.5,100,71.4285714285714,33.3333333333333,44.4444444444444,44.4444444444444,33.3333333333333
"cluster_2",50,44.4444444444444,11.1111111111111,33.3333333333333,71.4285714285714,44.4444444444444,62.5,50
