"cluster","n_patterns","pct_total_patterns","pct_rest_patterns"
"1",23,48.936170212766,100
"2",11,23.4042553191489,51.063829787234
"Restantes",13,27.6595744680851,0
