"cluster","n_patterns","pct_total_patterns","pct_rest_patterns"
"1",13773,73.7549534111599,100
"2",425,2.27589161400878,26.2450465888401
"Restantes",4476,23.9691549748313,0
