"D","assigned_pct","unassigned_pct"
0,2.12765957446809,97.8723404255319
1,17.0212765957447,82.9787234042553
2,48.936170212766,51.063829787234
3,80.8510638297872,19.1489361702128
4,93.6170212765958,6.38297872340426
5,100,0
6,100,0
7,100,0
8,100,0
9,100,0
10,100,0
11,100,0
12,100,0
13,100,0
14,100,0
15,100,0
16,100,0
17,100,0
18,100,0
19,100,0
20,100,0
