"D","assigned_pct","unassigned_pct"
0,72.1767,27.8233
2,99.926325,0.073675
4,100,0
6,100,0
8,100,0
10,100,0
