"cluster","n_patterns","pct_total_patterns","pct_rest_patterns"
1,73,80.2197802197802,100
2,18,19.7802197802198,19.7802197802198
