"cluster","n_patterns","pct_total_patterns","pct_rest_patterns"
"1",1,0.00554078014184397,100
"2",1,0.00554078014184397,99.9944592198582
"Restantes",18046,99.9889184397163,0
