"D","assigned_pct","unassigned_pct"
0,85.8675375,14.1324625
2,99.8973125,0.1026875
4,100,0
6,100,0
8,100,0
10,100,0
