"D","assigned_pct","unassigned_pct"
0,19.220775,80.779225
2,37.7938125,62.2061875
4,58.815425,41.184575
6,73.5916875,26.4083125
8,90.3838125,9.6161875
10,97.9375875,2.0624125
