"D","assigned_pct","unassigned_pct"
0,3.2258064516129,96.7741935483871
2,64.5161290322581,35.4838709677419
4,96.7741935483871,3.2258064516129
6,100,0
8,100,0
10,100,0
