"D","assigned_pct","unassigned_pct"
0,4.16666666666667,95.8333333333333
1,31.25,68.75
2,70.8333333333333,29.1666666666667
3,91.6666666666667,8.33333333333333
4,97.9166666666667,2.08333333333333
5,100,0
6,100,0
7,100,0
8,100,0
9,100,0
10,100,0
11,100,0
12,100,0
13,100,0
14,100,0
15,100,0
16,100,0
17,100,0
18,100,0
19,100,0
20,100,0
