"D","assigned_pct","unassigned_pct"
0,55.6794125,44.3205875
2,98.052475,1.947525
4,100,0
6,100,0
8,100,0
10,100,0
