"D","assigned_pct","unassigned_pct"
0,0.00884446999513554,99.9911555300049
2,1.36499653591592,98.6350034640841
4,17.392650245434,82.607349754566
6,55.0877813647017,44.9122186352983
8,76.9837409159923,23.0162590840077
10,93.1676469287578,6.83235307124221
