"D","assigned_pct","unassigned_pct"
0,72.1899875,27.8100125
2,99.9332375,0.0667625
4,100,0
6,100,0
8,100,0
10,100,0
