n_participants,model_type,model_label,n_boot,n_ok,convergence_rate,tasa_convergencia,mean_AIC,sd_AIC,mean_BIC,sd_BIC,mean_logLik,sd_logLik,mean_terms_with_p,mean_significant_terms,n_with_warnings
200,M2,M2: interacción arquetipo x dimensiones,5,5,1,1,623.2979386121515,34.031202539126944,851.9382806833911,34.03120253912694,-259.64896930607574,17.01560126956347,51,18.8,5
200,M1,M1: arquetipo + dimensiones,5,5,1,1,759.2663615035613,27.615116199665504,829.6172359870196,27.615116199665504,-363.6331807517806,13.807558099832752,9,6.4,0
200,M0,M0: solo arquetipo,5,5,1,1,1215.0224412966113,29.77629600232685,1245.8009488831244,29.77629600232685,-600.5112206483057,14.888148001163424,3.6,3,0
