"D","assigned_pct","unassigned_pct"
0,11.7647058823529,88.2352941176471
2,100,0
4,100,0
6,100,0
8,100,0
10,100,0
