"D","assigned_pct","unassigned_pct"
0,0.00186240548292174,99.9981375945171
2,0.334301784184453,99.6656982158156
4,2.83458114500689,97.1654188549931
6,9.12113085260923,90.8788691473908
8,34.0624650798972,65.9375349201028
10,62.1074980444742,37.8925019555258
