"cluster","n_patterns","pct_total_patterns","pct_rest_patterns"
"1",7942,42.5297204669594,100
"2",1830,9.79972153796723,57.4702795330406
"Restantes",8902,47.6705579950734,0
