"D","assigned_pct","unassigned_pct"
0,2.89855072463768,97.1014492753623
1,23.1884057971014,76.8115942028985
2,62.3188405797101,37.6811594202899
3,91.304347826087,8.69565217391304
4,100,0
5,100,0
6,100,0
7,100,0
8,100,0
9,100,0
10,100,0
11,100,0
12,100,0
13,100,0
14,100,0
15,100,0
16,100,0
17,100,0
18,100,0
19,100,0
20,100,0
