"D","assigned_pct","unassigned_pct"
0,55.2867625,44.7132375
2,98.119825,1.880175
4,100,0
6,100,0
8,100,0
10,100,0
