"D","assigned_pct","unassigned_pct"
0,1.92307692307692,98.0769230769231
2,52.4038461538462,47.5961538461538
4,100,0
6,100,0
8,100,0
10,100,0
