"D","assigned_pct","unassigned_pct"
0,0.00375192286046599,99.9962480771395
2,0.625633136982704,99.3743668630173
4,6.50020635575733,93.4997936442427
6,22.6803736915169,77.3196263084831
8,52.4143623607099,47.5856376392901
10,75.4783701647094,24.5216298352906
