"cluster","n_patterns","pct_total_patterns","pct_rest_patterns"
"1",28,41.1764705882353,100
"2",14,20.5882352941176,58.8235294117647
"Restantes",26,38.2352941176471,0
