"D","assigned_pct","unassigned_pct"
0,8.82352941176471,91.1764705882353
2,92.6470588235294,7.35294117647059
4,100,0
6,100,0
8,100,0
10,100,0
