"D","assigned_pct","unassigned_pct"
0,30.682175,69.317825
2,57.9101375,42.0898625
4,100,0
6,100,0
8,100,0
10,100,0
