term,estimate,std.error,statistic,p.value,coef.type,arquetipo,determinant,is_significant,boot_id,n_participants,model_status,Estado_Mental_expert,expert_defined,recovered
z_profits,0.08367585354885433,0.05887897984974688,1.4211498528402926,0.15527319961355138,location,Careful,profits,FALSE,10,3000,ok,NA,FALSE,FALSE
z_profits,0.10741020670446134,0.06193877641667322,1.734135107576128,0.08289411360499868,location,Stubborn,profits,FALSE,10,3000,ok,NA,FALSE,FALSE
z_profits,-0.9664540311876523,0.06858788815707563,-14.090739008822382,4.3300647879631297e-45,location,Homo_Economicus,profits,TRUE,10,3000,ok,Early,TRUE,TRUE
z_profits,-0.010365465146979726,0.05998782968387333,-0.17279280149997323,0.8628142955048699,location,Early_Adopter,profits,FALSE,10,3000,ok,NA,FALSE,FALSE
z_profits,-1.0138479170653334,0.06245081946673208,-16.23434129003569,2.8832634253614444e-59,location,Influencer,profits,TRUE,10,3000,ok,Early,TRUE,TRUE
z_profits,-0.8874894031337908,0.05994362605850089,-14.805400698777575,1.3517906248526008e-49,location,Uninterested,profits,TRUE,10,3000,ok,Early,TRUE,TRUE
z_profits,-0.013716434022075695,0.0626852982917919,-0.21881420996399317,0.826794777150766,location,Fearful,profits,FALSE,10,3000,ok,NA,FALSE,FALSE
z_profits,-0.10567504418362664,NA,NA,NA,location,Activist,profits,FALSE,10,3000,ok,NA,FALSE,FALSE
