term,estimate,std.error,statistic,p.value,coef.type,arquetipo,determinant,is_significant,boot_id,n_participants,model_status,Estado_Mental_expert,expert_defined,recovered
z_profits,0.010465368796772616,0.07190810327180619,0.14553810100114112,0.884286035725606,location,Fearful,profits,FALSE,7,2000,ok,NA,FALSE,FALSE
z_profits,-1.0456748681099226,0.09362369830331414,-11.168912220517432,5.788541082664996e-29,location,Influencer,profits,TRUE,7,2000,ok,Early,TRUE,TRUE
z_profits,-0.9140849415034987,0.07633997367188274,-11.973870274468947,4.8702637179916546e-33,location,Uninterested,profits,TRUE,7,2000,ok,Early,TRUE,TRUE
z_profits,0.05064250175463568,0.07250413122158061,0.6984774646822071,0.48487864622999455,location,Early_Adopter,profits,FALSE,7,2000,ok,NA,FALSE,FALSE
z_profits,0.07544049447466379,0.07477000558071834,1.0089673511288109,0.3129902923886318,location,Careful,profits,FALSE,7,2000,ok,NA,FALSE,FALSE
z_profits,-0.97767900131299,0.07414202406785982,-13.186570148370265,1.0484802746959889e-39,location,Homo_Economicus,profits,TRUE,7,2000,ok,Early,TRUE,TRUE
z_profits,0.02814753368840097,NA,NA,NA,location,Stubborn,profits,FALSE,7,2000,ok,NA,FALSE,FALSE
z_profits,-0.047281823985197896,0.06791359255080198,-0.696205607880768,0.48630007621857113,location,Activist,profits,FALSE,7,2000,ok,NA,FALSE,FALSE
