term,estimate,std.error,statistic,p.value,coef.type,arquetipo,determinant,is_significant,boot_id,n_participants,model_status,Estado_Mental_expert,expert_defined,recovered
z_profits,0.006570256460378029,NA,NA,NA,location,Fearful,profits,FALSE,10,2000,ok,NA,FALSE,FALSE
z_profits,-0.0362467187087257,0.07233429297274062,-0.5011000622123365,0.6163007030682062,location,Activist,profits,FALSE,10,2000,ok,NA,FALSE,FALSE
z_profits,-0.9176621464067597,0.07217272351302355,-12.714805562813046,4.893251477702734e-37,location,Uninterested,profits,TRUE,10,2000,ok,Early,TRUE,TRUE
z_profits,-0.889179700703707,0.07171128485208404,-12.399438980040337,2.6315958562592756e-35,location,Homo_Economicus,profits,TRUE,10,2000,ok,Early,TRUE,TRUE
z_profits,0.10207305600489715,0.07109614235529628,1.4357045631927068,0.15108642622490706,location,Careful,profits,FALSE,10,2000,ok,NA,FALSE,FALSE
z_profits,-0.08928662938788101,0.07616486995561085,-1.172280993060417,0.24108426003106728,location,Stubborn,profits,FALSE,10,2000,ok,NA,FALSE,FALSE
z_profits,-1.1693785183860586,0.09809054805507857,-11.921418949860938,9.153611653179742e-33,location,Influencer,profits,TRUE,10,2000,ok,Early,TRUE,TRUE
z_profits,0.008061800502808284,0.07173386586789529,0.11238486041801864,0.910518258912106,location,Early_Adopter,profits,FALSE,10,2000,ok,NA,FALSE,FALSE
