term,estimate,std.error,statistic,p.value,coef.type,arquetipo,determinant,is_significant,boot_id,n_participants,model_status,Estado_Mental_expert,expert_defined,recovered
z_profits,0.15735528891135908,0.1072631307107246,1.4670025745913275,0.14237535497779197,location,Careful,profits,FALSE,10,1000,ok,NA,FALSE,FALSE
z_profits,-0.9351153364364257,NA,NA,NA,location,Uninterested,profits,FALSE,10,1000,ok,Early,TRUE,FALSE
z_profits,-0.1578694094005119,0.12101319970354754,-1.30456354998672,0.1920415067391924,location,Fearful,profits,FALSE,10,1000,ok,NA,FALSE,FALSE
z_profits,0.16729176951693292,0.09379581921157958,1.7835738407440647,0.07449293945287594,location,Early_Adopter,profits,FALSE,10,1000,ok,NA,FALSE,FALSE
z_profits,-0.296164132522771,0.10630186843625729,-2.7860670454758987,0.005335183559303493,location,Activist,profits,TRUE,10,1000,ok,NA,FALSE,FALSE
z_profits,-0.9638462554337462,0.1054620571101203,-9.139270386384812,6.287508462681869e-20,location,Homo_Economicus,profits,TRUE,10,1000,ok,Early,TRUE,TRUE
z_profits,-0.17590252167622933,0.11790765860857129,-1.4918668028188806,0.1357340669747783,location,Stubborn,profits,FALSE,10,1000,ok,NA,FALSE,FALSE
z_profits,-1.073412086490313,0.11292735622616111,-9.505332652440533,1.9940964396052985e-21,location,Influencer,profits,TRUE,10,1000,ok,Early,TRUE,TRUE
