term,estimate,std.error,statistic,p.value,coef.type,arquetipo,determinant,is_significant,boot_id,n_participants,model_status,Estado_Mental_expert,expert_defined,recovered
z_profits,-0.091609824597795,0.0567716256877586,-1.613655122395912,0.10660225326875768,location,Fearful,profits,FALSE,1,3000,ok,NA,FALSE,FALSE
z_profits,0.0057279522889024876,0.062465806637025195,0.09169740370417907,0.926938460246312,location,Stubborn,profits,FALSE,1,3000,ok,NA,FALSE,FALSE
z_profits,-1.0206728203173698,0.07060878407769786,-14.45532356419312,2.3203681248584403e-47,location,Homo_Economicus,profits,TRUE,1,3000,ok,Early,TRUE,TRUE
z_profits,-0.9874557644315447,0.06295372314452258,-15.685422801200287,1.902918443270705e-55,location,Influencer,profits,TRUE,1,3000,ok,Early,TRUE,TRUE
z_profits,0.019487886853729198,0.059606909465383294,0.32694006497764805,0.7437132172940384,location,Early_Adopter,profits,FALSE,1,3000,ok,NA,FALSE,FALSE
z_profits,0.03494028687622704,0.059696814831643866,0.5852956640109721,0.5583489298704911,location,Careful,profits,FALSE,1,3000,ok,NA,FALSE,FALSE
z_profits,-0.8976431428595123,0.061124338336416915,-14.685527357679563,7.981086659167401e-49,location,Uninterested,profits,TRUE,1,3000,ok,Early,TRUE,TRUE
z_profits,0.020547618002936845,NA,NA,NA,location,Activist,profits,FALSE,1,3000,ok,NA,FALSE,FALSE
