"D","assigned_pct","unassigned_pct"
0,99.322425,0.677575
2,99.99925,0.00075
4,100,0
6,100,0
8,100,0
10,100,0
