"D","assigned_pct","unassigned_pct"
0,0.719424460431655,99.2805755395683
1,6.47482014388489,93.5251798561151
2,17.9856115107914,82.0143884892086
3,38.1294964028777,61.8705035971223
4,58.9928057553957,41.0071942446043
5,76.978417266187,23.021582733813
6,88.4892086330935,11.5107913669065
7,95.6834532374101,4.31654676258993
8,99.2805755395683,0.719424460431655
9,100,0
10,100,0
11,100,0
12,100,0
13,100,0
14,100,0
15,100,0
16,100,0
17,100,0
18,100,0
19,100,0
20,100,0
