"D","assigned_pct","unassigned_pct"
0,30.0236375,69.9763625
2,57.1423875,42.8576125
4,85.0282125,14.9717875
6,90.086775,9.913225
8,95.0533375,4.9466625
10,100,0
