"D","assigned_pct","unassigned_pct"
0,0.72463768115942,99.2753623188406
1,6.52173913043478,93.4782608695652
2,18.8405797101449,81.1594202898551
3,36.9565217391304,63.0434782608696
4,60.8695652173913,39.1304347826087
5,77.536231884058,22.463768115942
6,87.6811594202899,12.3188405797101
7,94.2028985507246,5.79710144927536
8,99.2753623188406,0.72463768115942
9,100,0
10,100,0
11,100,0
12,100,0
13,100,0
14,100,0
15,100,0
16,100,0
17,100,0
18,100,0
19,100,0
20,100,0
