"cluster","n_patterns","pct_total_patterns","pct_rest_patterns"
"1",3765,3.53149739241361,100
"2",5544,5.20016508460586,96.4685026075864
"3",8395,7.87434810340299,91.2683375229805
"4",6476,6.07436311109444,83.3939894195775
"5",11550,10.8336772595955,77.3196263084831
"6",6231,5.84455783589089,66.4859490488876
"7",5601,5.2536299853675,60.6413912129967
"8",3507,3.28949836791356,55.3877612276292
"Restantes",55543,52.0982628597156,0
