"D","assigned_pct","unassigned_pct"
0,7.35294117647059,92.6470588235294
2,91.1764705882353,8.82352941176471
4,100,0
6,100,0
8,100,0
10,100,0
