"D","assigned_pct","unassigned_pct"
0,0.00147407833252259,99.9985259216675
2,0.308082371497221,99.6919176285028
4,6.03635077168001,93.96364922832
6,29.0128097407096,70.9871902592904
8,62.0955497575141,37.9044502424859
10,84.8759563083182,15.1240436916818
