"D","assigned_pct","unassigned_pct"
0,0.938967136150235,99.0610328638498
2,30.9859154929577,69.0140845070423
4,100,0
6,100,0
8,100,0
10,100,0
