"D","assigned_pct","unassigned_pct"
0,1.43884892086331,98.5611510791367
1,10.7913669064748,89.2086330935252
2,38.1294964028777,61.8705035971223
3,66.9064748201439,33.0935251798561
4,100,0
5,100,0
6,100,0
7,100,0
8,100,0
9,100,0
10,100,0
11,100,0
12,100,0
13,100,0
14,100,0
15,100,0
16,100,0
17,100,0
18,100,0
19,100,0
20,100,0
