"D","assigned_pct","unassigned_pct"
0,97.650175,2.349825
2,99.9781375,0.0218625
4,100,0
6,100,0
8,100,0
10,100,0
