"cluster","n_patterns","pct_total_patterns","pct_rest_patterns"
"1",8751,27.4903402129865,100
"2",15004,47.1334778374643,72.5096597870135
"3",2771,8.70480319165646,25.3761819495492
"Restantes",5307,16.6713787578928,0
