"D","assigned_pct","unassigned_pct"
0,0.00429731704172695,99.9957026829583
2,0.780679262580396,99.2193207374196
4,11.6013235736489,88.3986764263512
6,38.6916102046955,61.3083897953045
8,68.4634226697798,31.5365773302202
10,89.2137342252654,10.7862657747346
