"D","assigned_pct","unassigned_pct"
0,23.1799,76.8201
2,71.1829125,28.8170875
4,92.0468625,7.9531375
6,97.3880375,2.6119625
8,99.1968875,0.8031125
10,99.705625,0.294375
