"D","assigned_pct","unassigned_pct"
0,17.1011,82.8989
2,60.3215625,39.6784375
4,85.5941875,14.4058125
6,94.6375875,5.3624125
8,98.9621625,1.0378375
10,99.6776,0.3224
