"cluster","n_patterns","pct_total_patterns","pct_rest_patterns"
1,18650,99.8714790617971,100
2,24,0.128520938202849,0.128520938202854
