"cluster","n_patterns","pct_total_patterns","pct_rest_patterns"
"1",16872,90.3502195566028,100
"2",560,2.99882189139981,9.64978044339723
"Restantes",1242,6.65095855199743,0
