"D","assigned_pct","unassigned_pct"
0,71.5510625,28.4489375
2,99.9914875,0.0085125
4,100,0
6,100,0
8,100,0
10,100,0
