"D","assigned_pct","unassigned_pct"
0,0.00281394214534949,99.9971860578546
2,0.502757663302443,99.4972423366976
4,4.26687427306495,95.7331257269351
6,16.6060105804225,83.3939894195775
8,42.8066258957716,57.1933741042284
10,71.9984617116272,28.0015382883728
