"cluster","n_patterns","pct_total_patterns","pct_rest_patterns"
"1",1,0.0031102264244837,100
"2",1,0.0031102264244837,99.9968897735755
"Restantes",32150,99.993779547151,0
