"cluster","n_patterns","pct_total_patterns","pct_rest_patterns"
1,18663,99.9410945699904,100
2,11,0.0589054300096391,0.0589054300096308
