"D","assigned_pct","unassigned_pct"
0,84.045275,15.954725
2,99.999975,2.5e-05
4,100,0
6,100,0
8,100,0
10,100,0
