"cluster","n_patterns","pct_total_patterns","pct_rest_patterns"
1,18038,99.9445921985816,100
2,10,0.0554078014184397,0.0554078014184398
