"cluster","n_patterns","pct_total_patterns","pct_rest_patterns"
"1",2257,12.5055407801418,100
"2",1721,9.53568262411348,87.4944592198582
"3",383,2.12211879432624,77.9587765957447
"Restantes",13687,75.8366578014184,0
