"D","assigned_pct","unassigned_pct"
0,8.776575,91.223425
2,29.305175,70.694825
4,57.281475,42.718525
6,82.871925,17.128075
8,98.8086625,1.1913375
10,99.609425,0.390575
