"cluster","n_patterns","pct_total_patterns","pct_rest_patterns"
"1",59,86.7647058823529,100
"2",7,10.2941176470588,13.2352941176471
"Restantes",2,2.94117647058824,0
