"cluster","n_patterns","pct_total_patterns","pct_rest_patterns"
"1",34,35.4166666666667,100
"2",18,18.75,64.5833333333333
"3",12,12.5,45.8333333333333
"Restantes",32,33.3333333333333,0
