"D","assigned_pct","unassigned_pct"
0,61.695325,38.304675
2,99.053675,0.946325
4,99.99265,0.00735
6,100,0
8,100,0
10,100,0
