"D","assigned_pct","unassigned_pct"
0,74.7985625,25.2014375
2,99.998575,0.001425
4,100,0
6,100,0
8,100,0
10,100,0
