"cluster","n_patterns","pct_total_patterns","pct_rest_patterns"
"1",16872,90.3502195566028,100
"2",560,2.99882189139981,9.64978044339723
"3",92,0.492663596444254,6.65095855199742
"4",225,1.20488379565171,6.15829495555316
"5",121,0.64795973010603,4.95341115990145
"6",66,0.353432580057834,4.30545142979543
"7",108,0.57834422191282,3.95201884973758
"Restantes",630,3.37367462782478,0
