"D","assigned_pct","unassigned_pct"
0,0.00737039166261295,99.9926296083374
2,1.11882545438465,98.8811745456154
4,16.1323132711272,83.8676867288728
6,54.3330532584502,45.6669467415498
8,76.7213549728033,23.2786450271967
10,92.5721192824187,7.42788071758133
