"D","assigned_pct","unassigned_pct"
0,64.5111125,35.4888875
2,99.833825,0.166175
4,100,0
6,100,0
8,100,0
10,100,0
