"cluster","n_patterns","pct_total_patterns","pct_rest_patterns"
"1",1,0.469483568075117,100
"2",1,0.469483568075117,99.5305164319249
"Restantes",211,99.0610328638498,0
