"cluster","n_patterns","pct_total_patterns","pct_rest_patterns"
"1",18011,96.4496090821463,100
"2",126,0.674734925564957,3.55039091785369
"Restantes",537,2.87565599228874,0
