"D","assigned_pct","unassigned_pct"
0,11.2903225806452,88.7096774193548
2,96.7741935483871,3.2258064516129
4,100,0
6,100,0
8,100,0
10,100,0
