"D","assigned_pct","unassigned_pct"
0,99.4972,0.5028
2,99.999725,0.000275
4,100,0
6,100,0
8,100,0
10,100,0
