"D","assigned_pct","unassigned_pct"
0,0.00465601370730435,99.9953439862927
2,0.763586247997914,99.2364137520021
4,9.98714940216784,90.0128505978322
6,33.6713599284836,66.3286400715164
8,76.9480761351361,23.0519238648639
10,80.7632137669013,19.2367862330987
