analysis_sample,weighting,method,matrix_name,d_hamming,coverage_threshold,first_prototype_reaching_threshold,max_coverage_available,matrix
COMPLETE,equal_candidate,KMEANS,matrix_32_raw_0_1,0,80,NA,4.732827380952242,RAW
COMPLETE,equal_candidate,KMEANS,matrix_32_raw_0_1,0,85,NA,4.732827380952242,RAW
COMPLETE,equal_candidate,KMEANS,matrix_32_raw_0_1,0,90,NA,4.732827380952242,RAW
COMPLETE,equal_candidate,KMEANS,matrix_32_raw_0_1,0,95,NA,4.732827380952242,RAW
COMPLETE,equal_candidate,KMEANS,matrix_32_raw_0_1,1,80,NA,16.284613095237624,RAW
COMPLETE,equal_candidate,KMEANS,matrix_32_raw_0_1,1,85,NA,16.284613095237624,RAW
COMPLETE,equal_candidate,KMEANS,matrix_32_raw_0_1,1,90,NA,16.284613095237624,RAW
COMPLETE,equal_candidate,KMEANS,matrix_32_raw_0_1,1,95,NA,16.284613095237624,RAW
COMPLETE,equal_candidate,KMEANS,matrix_32_raw_0_1,2,80,NA,37.13544642857033,RAW
COMPLETE,equal_candidate,KMEANS,matrix_32_raw_0_1,2,85,NA,37.13544642857033,RAW
COMPLETE,equal_candidate,KMEANS,matrix_32_raw_0_1,2,90,NA,37.13544642857033,RAW
COMPLETE,equal_candidate,KMEANS,matrix_32_raw_0_1,2,95,NA,37.13544642857033,RAW
COMPLETE,equal_candidate,KMEANS,matrix_32_raw_0_1,3,80,NA,58.98119047618882,RAW
COMPLETE,equal_candidate,KMEANS,matrix_32_raw_0_1,3,85,NA,58.98119047618882,RAW
COMPLETE,equal_candidate,KMEANS,matrix_32_raw_0_1,3,90,NA,58.98119047618882,RAW
COMPLETE,equal_candidate,KMEANS,matrix_32_raw_0_1,3,95,NA,58.98119047618882,RAW
COMPLETE,equal_candidate,KMEANS,matrix_32_raw_0_1,4,80,12,81.34708333333127,RAW
COMPLETE,equal_candidate,KMEANS,matrix_32_raw_0_1,4,85,NA,81.34708333333127,RAW
COMPLETE,equal_candidate,KMEANS,matrix_32_raw_0_1,4,90,NA,81.34708333333127,RAW
COMPLETE,equal_candidate,KMEANS,matrix_32_raw_0_1,4,95,NA,81.34708333333127,RAW
COMPLETE,equal_candidate,KMEANS,matrix_32_raw_0_1,5,80,6,92.05627976190216,RAW
COMPLETE,equal_candidate,KMEANS,matrix_32_raw_0_1,5,85,7,92.05627976190216,RAW
COMPLETE,equal_candidate,KMEANS,matrix_32_raw_0_1,5,90,11,92.05627976190216,RAW
COMPLETE,equal_candidate,KMEANS,matrix_32_raw_0_1,5,95,NA,92.05627976190216,RAW
COMPLETE,equal_candidate,KMEANS,matrix_32_raw_0_1,6,80,5,98.26693452380653,RAW
COMPLETE,equal_candidate,KMEANS,matrix_32_raw_0_1,6,85,6,98.26693452380653,RAW
COMPLETE,equal_candidate,KMEANS,matrix_32_raw_0_1,6,90,6,98.26693452380653,RAW
COMPLETE,equal_candidate,KMEANS,matrix_32_raw_0_1,6,95,9,98.26693452380653,RAW
COMPLETE,equal_candidate,KMEANS,matrix_32_raw_0_1,7,80,3,99.40735119047308,RAW
COMPLETE,equal_candidate,KMEANS,matrix_32_raw_0_1,7,85,4,99.40735119047308,RAW
COMPLETE,equal_candidate,KMEANS,matrix_32_raw_0_1,7,90,5,99.40735119047308,RAW
COMPLETE,equal_candidate,KMEANS,matrix_32_raw_0_1,7,95,6,99.40735119047308,RAW
COMPLETE,equal_candidate,KMEANS,matrix_32_raw_0_1,8,80,3,99.92812499999678,RAW
COMPLETE,equal_candidate,KMEANS,matrix_32_raw_0_1,8,85,3,99.92812499999678,RAW
COMPLETE,equal_candidate,KMEANS,matrix_32_raw_0_1,8,90,3,99.92812499999678,RAW
COMPLETE,equal_candidate,KMEANS,matrix_32_raw_0_1,8,95,5,99.92812499999678,RAW
COMPLETE,equal_candidate,KMEANS,matrix_32_raw_0_1,9,80,2,99.9999999999988,RAW
COMPLETE,equal_candidate,KMEANS,matrix_32_raw_0_1,9,85,3,99.9999999999988,RAW
COMPLETE,equal_candidate,KMEANS,matrix_32_raw_0_1,9,90,3,99.9999999999988,RAW
COMPLETE,equal_candidate,KMEANS,matrix_32_raw_0_1,9,95,3,99.9999999999988,RAW
COMPLETE,equal_candidate,KMEANS,matrix_32_raw_0_1,10,80,2,99.999999999999,RAW
COMPLETE,equal_candidate,KMEANS,matrix_32_raw_0_1,10,85,2,99.999999999999,RAW
COMPLETE,equal_candidate,KMEANS,matrix_32_raw_0_1,10,90,2,99.999999999999,RAW
COMPLETE,equal_candidate,KMEANS,matrix_32_raw_0_1,10,95,3,99.999999999999,RAW
COMPLETE,equal_candidate,KMEANS,matrix_32_pos_0_1,0,80,NA,8.275565476190268,POS
COMPLETE,equal_candidate,KMEANS,matrix_32_pos_0_1,0,85,NA,8.275565476190268,POS
COMPLETE,equal_candidate,KMEANS,matrix_32_pos_0_1,0,90,NA,8.275565476190268,POS
COMPLETE,equal_candidate,KMEANS,matrix_32_pos_0_1,0,95,NA,8.275565476190268,POS
COMPLETE,equal_candidate,KMEANS,matrix_32_pos_0_1,1,80,NA,28.820684523808794,POS
COMPLETE,equal_candidate,KMEANS,matrix_32_pos_0_1,1,85,NA,28.820684523808794,POS
COMPLETE,equal_candidate,KMEANS,matrix_32_pos_0_1,1,90,NA,28.820684523808794,POS
COMPLETE,equal_candidate,KMEANS,matrix_32_pos_0_1,1,95,NA,28.820684523808794,POS
COMPLETE,equal_candidate,KMEANS,matrix_32_pos_0_1,2,80,NA,58.83458333333186,POS
COMPLETE,equal_candidate,KMEANS,matrix_32_pos_0_1,2,85,NA,58.83458333333186,POS
COMPLETE,equal_candidate,KMEANS,matrix_32_pos_0_1,2,90,NA,58.83458333333186,POS
COMPLETE,equal_candidate,KMEANS,matrix_32_pos_0_1,2,95,NA,58.83458333333186,POS
COMPLETE,equal_candidate,KMEANS,matrix_32_pos_0_1,3,80,11,81.45782738095038,POS
COMPLETE,equal_candidate,KMEANS,matrix_32_pos_0_1,3,85,NA,81.45782738095038,POS
COMPLETE,equal_candidate,KMEANS,matrix_32_pos_0_1,3,90,NA,81.45782738095038,POS
COMPLETE,equal_candidate,KMEANS,matrix_32_pos_0_1,3,95,NA,81.45782738095038,POS
COMPLETE,equal_candidate,KMEANS,matrix_32_pos_0_1,4,80,6,91.60687499999764,POS
COMPLETE,equal_candidate,KMEANS,matrix_32_pos_0_1,4,85,7,91.60687499999764,POS
COMPLETE,equal_candidate,KMEANS,matrix_32_pos_0_1,4,90,9,91.60687499999764,POS
COMPLETE,equal_candidate,KMEANS,matrix_32_pos_0_1,4,95,NA,91.60687499999764,POS
COMPLETE,equal_candidate,KMEANS,matrix_32_pos_0_1,5,80,4,97.44327380952129,POS
COMPLETE,equal_candidate,KMEANS,matrix_32_pos_0_1,5,85,4,97.44327380952129,POS
COMPLETE,equal_candidate,KMEANS,matrix_32_pos_0_1,5,90,6,97.44327380952129,POS
COMPLETE,equal_candidate,KMEANS,matrix_32_pos_0_1,5,95,10,97.44327380952129,POS
COMPLETE,equal_candidate,KMEANS,matrix_32_pos_0_1,6,80,3,99.38008928571202,POS
COMPLETE,equal_candidate,KMEANS,matrix_32_pos_0_1,6,85,3,99.38008928571202,POS
COMPLETE,equal_candidate,KMEANS,matrix_32_pos_0_1,6,90,4,99.38008928571202,POS
COMPLETE,equal_candidate,KMEANS,matrix_32_pos_0_1,6,95,5,99.38008928571202,POS
COMPLETE,equal_candidate,KMEANS,matrix_32_pos_0_1,7,80,2,99.9139880952358,POS
COMPLETE,equal_candidate,KMEANS,matrix_32_pos_0_1,7,85,2,99.9139880952358,POS
COMPLETE,equal_candidate,KMEANS,matrix_32_pos_0_1,7,90,2,99.9139880952358,POS
COMPLETE,equal_candidate,KMEANS,matrix_32_pos_0_1,7,95,4,99.9139880952358,POS
COMPLETE,equal_candidate,KMEANS,matrix_32_pos_0_1,8,80,2,99.99687499999835,POS
COMPLETE,equal_candidate,KMEANS,matrix_32_pos_0_1,8,85,2,99.99687499999835,POS
COMPLETE,equal_candidate,KMEANS,matrix_32_pos_0_1,8,90,2,99.99687499999835,POS
COMPLETE,equal_candidate,KMEANS,matrix_32_pos_0_1,8,95,2,99.99687499999835,POS
COMPLETE,equal_candidate,KMEANS,matrix_32_pos_0_1,9,80,2,99.99999999999844,POS
COMPLETE,equal_candidate,KMEANS,matrix_32_pos_0_1,9,85,2,99.99999999999844,POS
COMPLETE,equal_candidate,KMEANS,matrix_32_pos_0_1,9,90,2,99.99999999999844,POS
COMPLETE,equal_candidate,KMEANS,matrix_32_pos_0_1,9,95,2,99.99999999999844,POS
COMPLETE,equal_candidate,KMEANS,matrix_32_pos_0_1,10,80,1,99.99999999999874,POS
COMPLETE,equal_candidate,KMEANS,matrix_32_pos_0_1,10,85,2,99.99999999999874,POS
COMPLETE,equal_candidate,KMEANS,matrix_32_pos_0_1,10,90,2,99.99999999999874,POS
COMPLETE,equal_candidate,KMEANS,matrix_32_pos_0_1,10,95,2,99.99999999999874,POS
COMPLETE,equal_candidate,KMEANS,matrix_32_ext_0_1,0,80,NA,7.361339285714257,EXT
COMPLETE,equal_candidate,KMEANS,matrix_32_ext_0_1,0,85,NA,7.361339285714257,EXT
COMPLETE,equal_candidate,KMEANS,matrix_32_ext_0_1,0,90,NA,7.361339285714257,EXT
COMPLETE,equal_candidate,KMEANS,matrix_32_ext_0_1,0,95,NA,7.361339285714257,EXT
COMPLETE,equal_candidate,KMEANS,matrix_32_ext_0_1,1,80,NA,15.627142857142797,EXT
COMPLETE,equal_candidate,KMEANS,matrix_32_ext_0_1,1,85,NA,15.627142857142797,EXT
COMPLETE,equal_candidate,KMEANS,matrix_32_ext_0_1,1,90,NA,15.627142857142797,EXT
COMPLETE,equal_candidate,KMEANS,matrix_32_ext_0_1,1,95,NA,15.627142857142797,EXT
COMPLETE,equal_candidate,KMEANS,matrix_32_ext_0_1,2,80,NA,35.32276785714271,EXT
COMPLETE,equal_candidate,KMEANS,matrix_32_ext_0_1,2,85,NA,35.32276785714271,EXT
COMPLETE,equal_candidate,KMEANS,matrix_32_ext_0_1,2,90,NA,35.32276785714271,EXT
COMPLETE,equal_candidate,KMEANS,matrix_32_ext_0_1,2,95,NA,35.32276785714271,EXT
COMPLETE,equal_candidate,KMEANS,matrix_32_ext_0_1,3,80,NA,50.543541666666414,EXT
COMPLETE,equal_candidate,KMEANS,matrix_32_ext_0_1,3,85,NA,50.543541666666414,EXT
COMPLETE,equal_candidate,KMEANS,matrix_32_ext_0_1,3,90,NA,50.543541666666414,EXT
COMPLETE,equal_candidate,KMEANS,matrix_32_ext_0_1,3,95,NA,50.543541666666414,EXT
COMPLETE,equal_candidate,KMEANS,matrix_32_ext_0_1,4,80,NA,71.44276785714247,EXT
COMPLETE,equal_candidate,KMEANS,matrix_32_ext_0_1,4,85,NA,71.44276785714247,EXT
COMPLETE,equal_candidate,KMEANS,matrix_32_ext_0_1,4,90,NA,71.44276785714247,EXT
COMPLETE,equal_candidate,KMEANS,matrix_32_ext_0_1,4,95,NA,71.44276785714247,EXT
COMPLETE,equal_candidate,KMEANS,matrix_32_ext_0_1,5,80,11,84.15779761904706,EXT
COMPLETE,equal_candidate,KMEANS,matrix_32_ext_0_1,5,85,NA,84.15779761904706,EXT
COMPLETE,equal_candidate,KMEANS,matrix_32_ext_0_1,5,90,NA,84.15779761904706,EXT
COMPLETE,equal_candidate,KMEANS,matrix_32_ext_0_1,5,95,NA,84.15779761904706,EXT
COMPLETE,equal_candidate,KMEANS,matrix_32_ext_0_1,6,80,5,92.39642857142844,EXT
COMPLETE,equal_candidate,KMEANS,matrix_32_ext_0_1,6,85,6,92.39642857142844,EXT
COMPLETE,equal_candidate,KMEANS,matrix_32_ext_0_1,6,90,10,92.39642857142844,EXT
COMPLETE,equal_candidate,KMEANS,matrix_32_ext_0_1,6,95,NA,92.39642857142844,EXT
COMPLETE,equal_candidate,KMEANS,matrix_32_ext_0_1,7,80,3,95.6253869047624,EXT
COMPLETE,equal_candidate,KMEANS,matrix_32_ext_0_1,7,85,4,95.6253869047624,EXT
COMPLETE,equal_candidate,KMEANS,matrix_32_ext_0_1,7,90,7,95.6253869047624,EXT
COMPLETE,equal_candidate,KMEANS,matrix_32_ext_0_1,7,95,12,95.6253869047624,EXT
COMPLETE,equal_candidate,KMEANS,matrix_32_ext_0_1,8,80,3,96.97595238095352,EXT
COMPLETE,equal_candidate,KMEANS,matrix_32_ext_0_1,8,85,3,96.97595238095352,EXT
COMPLETE,equal_candidate,KMEANS,matrix_32_ext_0_1,8,90,4,96.97595238095352,EXT
COMPLETE,equal_candidate,KMEANS,matrix_32_ext_0_1,8,95,8,96.97595238095352,EXT
COMPLETE,equal_candidate,KMEANS,matrix_32_ext_0_1,9,80,2,99.08625000000208,EXT
COMPLETE,equal_candidate,KMEANS,matrix_32_ext_0_1,9,85,3,99.08625000000208,EXT
COMPLETE,equal_candidate,KMEANS,matrix_32_ext_0_1,9,90,3,99.08625000000208,EXT
COMPLETE,equal_candidate,KMEANS,matrix_32_ext_0_1,9,95,6,99.08625000000208,EXT
COMPLETE,equal_candidate,KMEANS,matrix_32_ext_0_1,10,80,2,99.81562500000192,EXT
COMPLETE,equal_candidate,KMEANS,matrix_32_ext_0_1,10,85,2,99.81562500000192,EXT
COMPLETE,equal_candidate,KMEANS,matrix_32_ext_0_1,10,90,3,99.81562500000192,EXT
COMPLETE,equal_candidate,KMEANS,matrix_32_ext_0_1,10,95,4,99.81562500000192,EXT
COMPLETE,equal_candidate,KMEANS,matrix_32_z_abs,0,80,NA,3.046517857142778,Z_ABS
COMPLETE,equal_candidate,KMEANS,matrix_32_z_abs,0,85,NA,3.046517857142778,Z_ABS
COMPLETE,equal_candidate,KMEANS,matrix_32_z_abs,0,90,NA,3.046517857142778,Z_ABS
COMPLETE,equal_candidate,KMEANS,matrix_32_z_abs,0,95,NA,3.046517857142778,Z_ABS
COMPLETE,equal_candidate,KMEANS,matrix_32_z_abs,1,80,NA,7.415744047618853,Z_ABS
COMPLETE,equal_candidate,KMEANS,matrix_32_z_abs,1,85,NA,7.415744047618853,Z_ABS
COMPLETE,equal_candidate,KMEANS,matrix_32_z_abs,1,90,NA,7.415744047618853,Z_ABS
COMPLETE,equal_candidate,KMEANS,matrix_32_z_abs,1,95,NA,7.415744047618853,Z_ABS
COMPLETE,equal_candidate,KMEANS,matrix_32_z_abs,2,80,NA,17.939851190475725,Z_ABS
COMPLETE,equal_candidate,KMEANS,matrix_32_z_abs,2,85,NA,17.939851190475725,Z_ABS
COMPLETE,equal_candidate,KMEANS,matrix_32_z_abs,2,90,NA,17.939851190475725,Z_ABS
COMPLETE,equal_candidate,KMEANS,matrix_32_z_abs,2,95,NA,17.939851190475725,Z_ABS
COMPLETE,equal_candidate,KMEANS,matrix_32_z_abs,3,80,NA,28.37729166666593,Z_ABS
COMPLETE,equal_candidate,KMEANS,matrix_32_z_abs,3,85,NA,28.37729166666593,Z_ABS
COMPLETE,equal_candidate,KMEANS,matrix_32_z_abs,3,90,NA,28.37729166666593,Z_ABS
COMPLETE,equal_candidate,KMEANS,matrix_32_z_abs,3,95,NA,28.37729166666593,Z_ABS
COMPLETE,equal_candidate,KMEANS,matrix_32_z_abs,4,80,NA,42.65059523809429,Z_ABS
COMPLETE,equal_candidate,KMEANS,matrix_32_z_abs,4,85,NA,42.65059523809429,Z_ABS
COMPLETE,equal_candidate,KMEANS,matrix_32_z_abs,4,90,NA,42.65059523809429,Z_ABS
COMPLETE,equal_candidate,KMEANS,matrix_32_z_abs,4,95,NA,42.65059523809429,Z_ABS
COMPLETE,equal_candidate,KMEANS,matrix_32_z_abs,5,80,NA,57.5729464285697,Z_ABS
COMPLETE,equal_candidate,KMEANS,matrix_32_z_abs,5,85,NA,57.5729464285697,Z_ABS
COMPLETE,equal_candidate,KMEANS,matrix_32_z_abs,5,90,NA,57.5729464285697,Z_ABS
COMPLETE,equal_candidate,KMEANS,matrix_32_z_abs,5,95,NA,57.5729464285697,Z_ABS
COMPLETE,equal_candidate,KMEANS,matrix_32_z_abs,6,80,NA,72.23184523809276,Z_ABS
COMPLETE,equal_candidate,KMEANS,matrix_32_z_abs,6,85,NA,72.23184523809276,Z_ABS
COMPLETE,equal_candidate,KMEANS,matrix_32_z_abs,6,90,NA,72.23184523809276,Z_ABS
COMPLETE,equal_candidate,KMEANS,matrix_32_z_abs,6,95,NA,72.23184523809276,Z_ABS
COMPLETE,equal_candidate,KMEANS,matrix_32_z_abs,7,80,12,80.91630952380713,Z_ABS
COMPLETE,equal_candidate,KMEANS,matrix_32_z_abs,7,85,NA,80.91630952380713,Z_ABS
COMPLETE,equal_candidate,KMEANS,matrix_32_z_abs,7,90,NA,80.91630952380713,Z_ABS
COMPLETE,equal_candidate,KMEANS,matrix_32_z_abs,7,95,NA,80.91630952380713,Z_ABS
COMPLETE,equal_candidate,KMEANS,matrix_32_z_abs,8,80,7,88.06032738094932,Z_ABS
COMPLETE,equal_candidate,KMEANS,matrix_32_z_abs,8,85,10,88.06032738094932,Z_ABS
COMPLETE,equal_candidate,KMEANS,matrix_32_z_abs,8,90,NA,88.06032738094932,Z_ABS
COMPLETE,equal_candidate,KMEANS,matrix_32_z_abs,8,95,NA,88.06032738094932,Z_ABS
COMPLETE,equal_candidate,KMEANS,matrix_32_z_abs,9,80,4,94.85895833333107,Z_ABS
COMPLETE,equal_candidate,KMEANS,matrix_32_z_abs,9,85,6,94.85895833333107,Z_ABS
COMPLETE,equal_candidate,KMEANS,matrix_32_z_abs,9,90,7,94.85895833333107,Z_ABS
COMPLETE,equal_candidate,KMEANS,matrix_32_z_abs,9,95,NA,94.85895833333107,Z_ABS
COMPLETE,equal_candidate,KMEANS,matrix_32_z_abs,10,80,3,98.69943452380808,Z_ABS
COMPLETE,equal_candidate,KMEANS,matrix_32_z_abs,10,85,4,98.69943452380808,Z_ABS
COMPLETE,equal_candidate,KMEANS,matrix_32_z_abs,10,90,5,98.69943452380808,Z_ABS
COMPLETE,equal_candidate,KMEANS,matrix_32_z_abs,10,95,6,98.69943452380808,Z_ABS
COMPLETE,equal_candidate,EFA,matrix_32_raw_0_1,0,80,NA,10.296994047618655,RAW
COMPLETE,equal_candidate,EFA,matrix_32_raw_0_1,0,85,NA,10.296994047618655,RAW
COMPLETE,equal_candidate,EFA,matrix_32_raw_0_1,0,90,NA,10.296994047618655,RAW
COMPLETE,equal_candidate,EFA,matrix_32_raw_0_1,0,95,NA,10.296994047618655,RAW
COMPLETE,equal_candidate,EFA,matrix_32_raw_0_1,1,80,NA,18.3935119047612,RAW
COMPLETE,equal_candidate,EFA,matrix_32_raw_0_1,1,85,NA,18.3935119047612,RAW
COMPLETE,equal_candidate,EFA,matrix_32_raw_0_1,1,90,NA,18.3935119047612,RAW
COMPLETE,equal_candidate,EFA,matrix_32_raw_0_1,1,95,NA,18.3935119047612,RAW
COMPLETE,equal_candidate,EFA,matrix_32_raw_0_1,2,80,NA,33.47705357142728,RAW
COMPLETE,equal_candidate,EFA,matrix_32_raw_0_1,2,85,NA,33.47705357142728,RAW
COMPLETE,equal_candidate,EFA,matrix_32_raw_0_1,2,90,NA,33.47705357142728,RAW
COMPLETE,equal_candidate,EFA,matrix_32_raw_0_1,2,95,NA,33.47705357142728,RAW
COMPLETE,equal_candidate,EFA,matrix_32_raw_0_1,3,80,NA,45.37770833333156,RAW
COMPLETE,equal_candidate,EFA,matrix_32_raw_0_1,3,85,NA,45.37770833333156,RAW
COMPLETE,equal_candidate,EFA,matrix_32_raw_0_1,3,90,NA,45.37770833333156,RAW
COMPLETE,equal_candidate,EFA,matrix_32_raw_0_1,3,95,NA,45.37770833333156,RAW
COMPLETE,equal_candidate,EFA,matrix_32_raw_0_1,4,80,NA,56.09669642856916,RAW
COMPLETE,equal_candidate,EFA,matrix_32_raw_0_1,4,85,NA,56.09669642856916,RAW
COMPLETE,equal_candidate,EFA,matrix_32_raw_0_1,4,90,NA,56.09669642856916,RAW
COMPLETE,equal_candidate,EFA,matrix_32_raw_0_1,4,95,NA,56.09669642856916,RAW
COMPLETE,equal_candidate,EFA,matrix_32_raw_0_1,5,80,NA,67.05425595237837,RAW
COMPLETE,equal_candidate,EFA,matrix_32_raw_0_1,5,85,NA,67.05425595237837,RAW
COMPLETE,equal_candidate,EFA,matrix_32_raw_0_1,5,90,NA,67.05425595237837,RAW
COMPLETE,equal_candidate,EFA,matrix_32_raw_0_1,5,95,NA,67.05425595237837,RAW
COMPLETE,equal_candidate,EFA,matrix_32_raw_0_1,6,80,NA,77.71836309523526,RAW
COMPLETE,equal_candidate,EFA,matrix_32_raw_0_1,6,85,NA,77.71836309523526,RAW
COMPLETE,equal_candidate,EFA,matrix_32_raw_0_1,6,90,NA,77.71836309523526,RAW
COMPLETE,equal_candidate,EFA,matrix_32_raw_0_1,6,95,NA,77.71836309523526,RAW
COMPLETE,equal_candidate,EFA,matrix_32_raw_0_1,7,80,7,91.03148809523506,RAW
COMPLETE,equal_candidate,EFA,matrix_32_raw_0_1,7,85,8,91.03148809523506,RAW
COMPLETE,equal_candidate,EFA,matrix_32_raw_0_1,7,90,12,91.03148809523506,RAW
COMPLETE,equal_candidate,EFA,matrix_32_raw_0_1,7,95,NA,91.03148809523506,RAW
COMPLETE,equal_candidate,EFA,matrix_32_raw_0_1,8,80,6,96.24422619047256,RAW
COMPLETE,equal_candidate,EFA,matrix_32_raw_0_1,8,85,7,96.24422619047256,RAW
COMPLETE,equal_candidate,EFA,matrix_32_raw_0_1,8,90,8,96.24422619047256,RAW
COMPLETE,equal_candidate,EFA,matrix_32_raw_0_1,8,95,12,96.24422619047256,RAW
COMPLETE,equal_candidate,EFA,matrix_32_raw_0_1,9,80,5,98.44342261904325,RAW
COMPLETE,equal_candidate,EFA,matrix_32_raw_0_1,9,85,6,98.44342261904325,RAW
COMPLETE,equal_candidate,EFA,matrix_32_raw_0_1,9,90,7,98.44342261904325,RAW
COMPLETE,equal_candidate,EFA,matrix_32_raw_0_1,9,95,8,98.44342261904325,RAW
COMPLETE,equal_candidate,EFA,matrix_32_raw_0_1,10,80,5,99.50639880951928,RAW
COMPLETE,equal_candidate,EFA,matrix_32_raw_0_1,10,85,5,99.50639880951928,RAW
COMPLETE,equal_candidate,EFA,matrix_32_raw_0_1,10,90,6,99.50639880951928,RAW
COMPLETE,equal_candidate,EFA,matrix_32_raw_0_1,10,95,6,99.50639880951928,RAW
COMPLETE,equal_candidate,EFA,matrix_32_pos_0_1,0,80,NA,9.355892857142516,POS
COMPLETE,equal_candidate,EFA,matrix_32_pos_0_1,0,85,NA,9.355892857142516,POS
COMPLETE,equal_candidate,EFA,matrix_32_pos_0_1,0,90,NA,9.355892857142516,POS
COMPLETE,equal_candidate,EFA,matrix_32_pos_0_1,0,95,NA,9.355892857142516,POS
COMPLETE,equal_candidate,EFA,matrix_32_pos_0_1,1,80,NA,18.794583333332643,POS
COMPLETE,equal_candidate,EFA,matrix_32_pos_0_1,1,85,NA,18.794583333332643,POS
COMPLETE,equal_candidate,EFA,matrix_32_pos_0_1,1,90,NA,18.794583333332643,POS
COMPLETE,equal_candidate,EFA,matrix_32_pos_0_1,1,95,NA,18.794583333332643,POS
COMPLETE,equal_candidate,EFA,matrix_32_pos_0_1,2,80,NA,28.613005952379908,POS
COMPLETE,equal_candidate,EFA,matrix_32_pos_0_1,2,85,NA,28.613005952379908,POS
COMPLETE,equal_candidate,EFA,matrix_32_pos_0_1,2,90,NA,28.613005952379908,POS
COMPLETE,equal_candidate,EFA,matrix_32_pos_0_1,2,95,NA,28.613005952379908,POS
COMPLETE,equal_candidate,EFA,matrix_32_pos_0_1,3,80,NA,43.66907738095074,POS
COMPLETE,equal_candidate,EFA,matrix_32_pos_0_1,3,85,NA,43.66907738095074,POS
COMPLETE,equal_candidate,EFA,matrix_32_pos_0_1,3,90,NA,43.66907738095074,POS
COMPLETE,equal_candidate,EFA,matrix_32_pos_0_1,3,95,NA,43.66907738095074,POS
COMPLETE,equal_candidate,EFA,matrix_32_pos_0_1,4,80,NA,60.02547619047383,POS
COMPLETE,equal_candidate,EFA,matrix_32_pos_0_1,4,85,NA,60.02547619047383,POS
COMPLETE,equal_candidate,EFA,matrix_32_pos_0_1,4,90,NA,60.02547619047383,POS
COMPLETE,equal_candidate,EFA,matrix_32_pos_0_1,4,95,NA,60.02547619047383,POS
COMPLETE,equal_candidate,EFA,matrix_32_pos_0_1,5,80,NA,69.51214285714028,POS
COMPLETE,equal_candidate,EFA,matrix_32_pos_0_1,5,85,NA,69.51214285714028,POS
COMPLETE,equal_candidate,EFA,matrix_32_pos_0_1,5,90,NA,69.51214285714028,POS
COMPLETE,equal_candidate,EFA,matrix_32_pos_0_1,5,95,NA,69.51214285714028,POS
COMPLETE,equal_candidate,EFA,matrix_32_pos_0_1,6,80,10,82.02059523809227,POS
COMPLETE,equal_candidate,EFA,matrix_32_pos_0_1,6,85,NA,82.02059523809227,POS
COMPLETE,equal_candidate,EFA,matrix_32_pos_0_1,6,90,NA,82.02059523809227,POS
COMPLETE,equal_candidate,EFA,matrix_32_pos_0_1,6,95,NA,82.02059523809227,POS
COMPLETE,equal_candidate,EFA,matrix_32_pos_0_1,7,80,7,89.68116071428241,POS
COMPLETE,equal_candidate,EFA,matrix_32_pos_0_1,7,85,8,89.68116071428241,POS
COMPLETE,equal_candidate,EFA,matrix_32_pos_0_1,7,90,NA,89.68116071428241,POS
COMPLETE,equal_candidate,EFA,matrix_32_pos_0_1,7,95,NA,89.68116071428241,POS
COMPLETE,equal_candidate,EFA,matrix_32_pos_0_1,8,80,5,94.47303571428137,POS
COMPLETE,equal_candidate,EFA,matrix_32_pos_0_1,8,85,7,94.47303571428137,POS
COMPLETE,equal_candidate,EFA,matrix_32_pos_0_1,8,90,8,94.47303571428137,POS
COMPLETE,equal_candidate,EFA,matrix_32_pos_0_1,8,95,NA,94.47303571428137,POS
COMPLETE,equal_candidate,EFA,matrix_32_pos_0_1,9,80,5,98.23238095237596,POS
COMPLETE,equal_candidate,EFA,matrix_32_pos_0_1,9,85,5,98.23238095237596,POS
COMPLETE,equal_candidate,EFA,matrix_32_pos_0_1,9,90,6,98.23238095237596,POS
COMPLETE,equal_candidate,EFA,matrix_32_pos_0_1,9,95,8,98.23238095237596,POS
COMPLETE,equal_candidate,EFA,matrix_32_pos_0_1,10,80,4,99.5060119047568,POS
COMPLETE,equal_candidate,EFA,matrix_32_pos_0_1,10,85,5,99.5060119047568,POS
COMPLETE,equal_candidate,EFA,matrix_32_pos_0_1,10,90,5,99.5060119047568,POS
COMPLETE,equal_candidate,EFA,matrix_32_pos_0_1,10,95,6,99.5060119047568,POS
COMPLETE,equal_candidate,EFA,matrix_32_ext_0_1,0,80,NA,6.564404761904798,EXT
COMPLETE,equal_candidate,EFA,matrix_32_ext_0_1,0,85,NA,6.564404761904798,EXT
COMPLETE,equal_candidate,EFA,matrix_32_ext_0_1,0,90,NA,6.564404761904798,EXT
COMPLETE,equal_candidate,EFA,matrix_32_ext_0_1,0,95,NA,6.564404761904798,EXT
COMPLETE,equal_candidate,EFA,matrix_32_ext_0_1,1,80,NA,13.3456845238096,EXT
COMPLETE,equal_candidate,EFA,matrix_32_ext_0_1,1,85,NA,13.3456845238096,EXT
COMPLETE,equal_candidate,EFA,matrix_32_ext_0_1,1,90,NA,13.3456845238096,EXT
COMPLETE,equal_candidate,EFA,matrix_32_ext_0_1,1,95,NA,13.3456845238096,EXT
COMPLETE,equal_candidate,EFA,matrix_32_ext_0_1,2,80,NA,27.76217261904777,EXT
COMPLETE,equal_candidate,EFA,matrix_32_ext_0_1,2,85,NA,27.76217261904777,EXT
COMPLETE,equal_candidate,EFA,matrix_32_ext_0_1,2,90,NA,27.76217261904777,EXT
COMPLETE,equal_candidate,EFA,matrix_32_ext_0_1,2,95,NA,27.76217261904777,EXT
COMPLETE,equal_candidate,EFA,matrix_32_ext_0_1,3,80,NA,37.546190476190624,EXT
COMPLETE,equal_candidate,EFA,matrix_32_ext_0_1,3,85,NA,37.546190476190624,EXT
COMPLETE,equal_candidate,EFA,matrix_32_ext_0_1,3,90,NA,37.546190476190624,EXT
COMPLETE,equal_candidate,EFA,matrix_32_ext_0_1,3,95,NA,37.546190476190624,EXT
COMPLETE,equal_candidate,EFA,matrix_32_ext_0_1,4,80,NA,50.85038690476222,EXT
COMPLETE,equal_candidate,EFA,matrix_32_ext_0_1,4,85,NA,50.85038690476222,EXT
COMPLETE,equal_candidate,EFA,matrix_32_ext_0_1,4,90,NA,50.85038690476222,EXT
COMPLETE,equal_candidate,EFA,matrix_32_ext_0_1,4,95,NA,50.85038690476222,EXT
COMPLETE,equal_candidate,EFA,matrix_32_ext_0_1,5,80,NA,59.57559523809575,EXT
COMPLETE,equal_candidate,EFA,matrix_32_ext_0_1,5,85,NA,59.57559523809575,EXT
COMPLETE,equal_candidate,EFA,matrix_32_ext_0_1,5,90,NA,59.57559523809575,EXT
COMPLETE,equal_candidate,EFA,matrix_32_ext_0_1,5,95,NA,59.57559523809575,EXT
COMPLETE,equal_candidate,EFA,matrix_32_ext_0_1,6,80,NA,71.0485119047625,EXT
COMPLETE,equal_candidate,EFA,matrix_32_ext_0_1,6,85,NA,71.0485119047625,EXT
COMPLETE,equal_candidate,EFA,matrix_32_ext_0_1,6,90,NA,71.0485119047625,EXT
COMPLETE,equal_candidate,EFA,matrix_32_ext_0_1,6,95,NA,71.0485119047625,EXT
COMPLETE,equal_candidate,EFA,matrix_32_ext_0_1,7,80,NA,79.62616071428523,EXT
COMPLETE,equal_candidate,EFA,matrix_32_ext_0_1,7,85,NA,79.62616071428523,EXT
COMPLETE,equal_candidate,EFA,matrix_32_ext_0_1,7,90,NA,79.62616071428523,EXT
COMPLETE,equal_candidate,EFA,matrix_32_ext_0_1,7,95,NA,79.62616071428523,EXT
COMPLETE,equal_candidate,EFA,matrix_32_ext_0_1,8,80,7,86.69089285714207,EXT
COMPLETE,equal_candidate,EFA,matrix_32_ext_0_1,8,85,9,86.69089285714207,EXT
COMPLETE,equal_candidate,EFA,matrix_32_ext_0_1,8,90,NA,86.69089285714207,EXT
COMPLETE,equal_candidate,EFA,matrix_32_ext_0_1,8,95,NA,86.69089285714207,EXT
COMPLETE,equal_candidate,EFA,matrix_32_ext_0_1,9,80,6,90.98077380952292,EXT
COMPLETE,equal_candidate,EFA,matrix_32_ext_0_1,9,85,6,90.98077380952292,EXT
COMPLETE,equal_candidate,EFA,matrix_32_ext_0_1,9,90,10,90.98077380952292,EXT
COMPLETE,equal_candidate,EFA,matrix_32_ext_0_1,9,95,NA,90.98077380952292,EXT
COMPLETE,equal_candidate,EFA,matrix_32_ext_0_1,10,80,4,95.8946130952371,EXT
COMPLETE,equal_candidate,EFA,matrix_32_ext_0_1,10,85,5,95.8946130952371,EXT
COMPLETE,equal_candidate,EFA,matrix_32_ext_0_1,10,90,6,95.8946130952371,EXT
COMPLETE,equal_candidate,EFA,matrix_32_ext_0_1,10,95,11,95.8946130952371,EXT
COMPLETE,equal_candidate,EFA,matrix_32_z_abs,0,80,NA,5.602291666666807,Z_ABS
COMPLETE,equal_candidate,EFA,matrix_32_z_abs,0,85,NA,5.602291666666807,Z_ABS
COMPLETE,equal_candidate,EFA,matrix_32_z_abs,0,90,NA,5.602291666666807,Z_ABS
COMPLETE,equal_candidate,EFA,matrix_32_z_abs,0,95,NA,5.602291666666807,Z_ABS
COMPLETE,equal_candidate,EFA,matrix_32_z_abs,1,80,NA,9.126339285714518,Z_ABS
COMPLETE,equal_candidate,EFA,matrix_32_z_abs,1,85,NA,9.126339285714518,Z_ABS
COMPLETE,equal_candidate,EFA,matrix_32_z_abs,1,90,NA,9.126339285714518,Z_ABS
COMPLETE,equal_candidate,EFA,matrix_32_z_abs,1,95,NA,9.126339285714518,Z_ABS
COMPLETE,equal_candidate,EFA,matrix_32_z_abs,2,80,NA,17.577470238095692,Z_ABS
COMPLETE,equal_candidate,EFA,matrix_32_z_abs,2,85,NA,17.577470238095692,Z_ABS
COMPLETE,equal_candidate,EFA,matrix_32_z_abs,2,90,NA,17.577470238095692,Z_ABS
COMPLETE,equal_candidate,EFA,matrix_32_z_abs,2,95,NA,17.577470238095692,Z_ABS
COMPLETE,equal_candidate,EFA,matrix_32_z_abs,3,80,NA,25.29315476190543,Z_ABS
COMPLETE,equal_candidate,EFA,matrix_32_z_abs,3,85,NA,25.29315476190543,Z_ABS
COMPLETE,equal_candidate,EFA,matrix_32_z_abs,3,90,NA,25.29315476190543,Z_ABS
COMPLETE,equal_candidate,EFA,matrix_32_z_abs,3,95,NA,25.29315476190543,Z_ABS
COMPLETE,equal_candidate,EFA,matrix_32_z_abs,4,80,NA,38.13514880952468,Z_ABS
COMPLETE,equal_candidate,EFA,matrix_32_z_abs,4,85,NA,38.13514880952468,Z_ABS
COMPLETE,equal_candidate,EFA,matrix_32_z_abs,4,90,NA,38.13514880952468,Z_ABS
COMPLETE,equal_candidate,EFA,matrix_32_z_abs,4,95,NA,38.13514880952468,Z_ABS
COMPLETE,equal_candidate,EFA,matrix_32_z_abs,5,80,NA,50.276309523810546,Z_ABS
COMPLETE,equal_candidate,EFA,matrix_32_z_abs,5,85,NA,50.276309523810546,Z_ABS
COMPLETE,equal_candidate,EFA,matrix_32_z_abs,5,90,NA,50.276309523810546,Z_ABS
COMPLETE,equal_candidate,EFA,matrix_32_z_abs,5,95,NA,50.276309523810546,Z_ABS
COMPLETE,equal_candidate,EFA,matrix_32_z_abs,6,80,NA,63.09678571428742,Z_ABS
COMPLETE,equal_candidate,EFA,matrix_32_z_abs,6,85,NA,63.09678571428742,Z_ABS
COMPLETE,equal_candidate,EFA,matrix_32_z_abs,6,90,NA,63.09678571428742,Z_ABS
COMPLETE,equal_candidate,EFA,matrix_32_z_abs,6,95,NA,63.09678571428742,Z_ABS
COMPLETE,equal_candidate,EFA,matrix_32_z_abs,7,80,NA,73.65375000000235,Z_ABS
COMPLETE,equal_candidate,EFA,matrix_32_z_abs,7,85,NA,73.65375000000235,Z_ABS
COMPLETE,equal_candidate,EFA,matrix_32_z_abs,7,90,NA,73.65375000000235,Z_ABS
COMPLETE,equal_candidate,EFA,matrix_32_z_abs,7,95,NA,73.65375000000235,Z_ABS
COMPLETE,equal_candidate,EFA,matrix_32_z_abs,8,80,10,82.40071428571628,Z_ABS
COMPLETE,equal_candidate,EFA,matrix_32_z_abs,8,85,NA,82.40071428571628,Z_ABS
COMPLETE,equal_candidate,EFA,matrix_32_z_abs,8,90,NA,82.40071428571628,Z_ABS
COMPLETE,equal_candidate,EFA,matrix_32_z_abs,8,95,NA,82.40071428571628,Z_ABS
COMPLETE,equal_candidate,EFA,matrix_32_z_abs,9,80,5,91.92026785714415,Z_ABS
COMPLETE,equal_candidate,EFA,matrix_32_z_abs,9,85,7,91.92026785714415,Z_ABS
COMPLETE,equal_candidate,EFA,matrix_32_z_abs,9,90,10,91.92026785714415,Z_ABS
COMPLETE,equal_candidate,EFA,matrix_32_z_abs,9,95,NA,91.92026785714415,Z_ABS
COMPLETE,equal_candidate,EFA,matrix_32_z_abs,10,80,5,96.76559523809634,Z_ABS
COMPLETE,equal_candidate,EFA,matrix_32_z_abs,10,85,5,96.76559523809634,Z_ABS
COMPLETE,equal_candidate,EFA,matrix_32_z_abs,10,90,6,96.76559523809634,Z_ABS
COMPLETE,equal_candidate,EFA,matrix_32_z_abs,10,95,10,96.76559523809634,Z_ABS
EUROPE,equal_candidate,KMEANS,matrix_32_raw_0_1,0,80,NA,4.739166666666578,RAW
EUROPE,equal_candidate,KMEANS,matrix_32_raw_0_1,0,85,NA,4.739166666666578,RAW
EUROPE,equal_candidate,KMEANS,matrix_32_raw_0_1,0,90,NA,4.739166666666578,RAW
EUROPE,equal_candidate,KMEANS,matrix_32_raw_0_1,0,95,NA,4.739166666666578,RAW
EUROPE,equal_candidate,KMEANS,matrix_32_raw_0_1,1,80,NA,17.504613095237776,RAW
EUROPE,equal_candidate,KMEANS,matrix_32_raw_0_1,1,85,NA,17.504613095237776,RAW
EUROPE,equal_candidate,KMEANS,matrix_32_raw_0_1,1,90,NA,17.504613095237776,RAW
EUROPE,equal_candidate,KMEANS,matrix_32_raw_0_1,1,95,NA,17.504613095237776,RAW
EUROPE,equal_candidate,KMEANS,matrix_32_raw_0_1,2,80,NA,38.20863095238024,RAW
EUROPE,equal_candidate,KMEANS,matrix_32_raw_0_1,2,85,NA,38.20863095238024,RAW
EUROPE,equal_candidate,KMEANS,matrix_32_raw_0_1,2,90,NA,38.20863095238024,RAW
EUROPE,equal_candidate,KMEANS,matrix_32_raw_0_1,2,95,NA,38.20863095238024,RAW
EUROPE,equal_candidate,KMEANS,matrix_32_raw_0_1,3,80,NA,57.3579761904751,RAW
EUROPE,equal_candidate,KMEANS,matrix_32_raw_0_1,3,85,NA,57.3579761904751,RAW
EUROPE,equal_candidate,KMEANS,matrix_32_raw_0_1,3,90,NA,57.3579761904751,RAW
EUROPE,equal_candidate,KMEANS,matrix_32_raw_0_1,3,95,NA,57.3579761904751,RAW
EUROPE,equal_candidate,KMEANS,matrix_32_raw_0_1,4,80,NA,77.29324404761763,RAW
EUROPE,equal_candidate,KMEANS,matrix_32_raw_0_1,4,85,NA,77.29324404761763,RAW
EUROPE,equal_candidate,KMEANS,matrix_32_raw_0_1,4,90,NA,77.29324404761763,RAW
EUROPE,equal_candidate,KMEANS,matrix_32_raw_0_1,4,95,NA,77.29324404761763,RAW
EUROPE,equal_candidate,KMEANS,matrix_32_raw_0_1,5,80,9,87.89217261904655,RAW
EUROPE,equal_candidate,KMEANS,matrix_32_raw_0_1,5,85,11,87.89217261904655,RAW
EUROPE,equal_candidate,KMEANS,matrix_32_raw_0_1,5,90,NA,87.89217261904655,RAW
EUROPE,equal_candidate,KMEANS,matrix_32_raw_0_1,5,95,NA,87.89217261904655,RAW
EUROPE,equal_candidate,KMEANS,matrix_32_raw_0_1,6,80,5,95.0534523809513,RAW
EUROPE,equal_candidate,KMEANS,matrix_32_raw_0_1,6,85,6,95.0534523809513,RAW
EUROPE,equal_candidate,KMEANS,matrix_32_raw_0_1,6,90,8,95.0534523809513,RAW
EUROPE,equal_candidate,KMEANS,matrix_32_raw_0_1,6,95,12,95.0534523809513,RAW
EUROPE,equal_candidate,KMEANS,matrix_32_raw_0_1,7,80,4,98.3517559523803,RAW
EUROPE,equal_candidate,KMEANS,matrix_32_raw_0_1,7,85,4,98.3517559523803,RAW
EUROPE,equal_candidate,KMEANS,matrix_32_raw_0_1,7,90,4,98.3517559523803,RAW
EUROPE,equal_candidate,KMEANS,matrix_32_raw_0_1,7,95,7,98.3517559523803,RAW
EUROPE,equal_candidate,KMEANS,matrix_32_raw_0_1,8,80,2,99.36964285714238,RAW
EUROPE,equal_candidate,KMEANS,matrix_32_raw_0_1,8,85,4,99.36964285714238,RAW
EUROPE,equal_candidate,KMEANS,matrix_32_raw_0_1,8,90,4,99.36964285714238,RAW
EUROPE,equal_candidate,KMEANS,matrix_32_raw_0_1,8,95,4,99.36964285714238,RAW
EUROPE,equal_candidate,KMEANS,matrix_32_raw_0_1,9,80,2,99.8272321428566,RAW
EUROPE,equal_candidate,KMEANS,matrix_32_raw_0_1,9,85,2,99.8272321428566,RAW
EUROPE,equal_candidate,KMEANS,matrix_32_raw_0_1,9,90,3,99.8272321428566,RAW
EUROPE,equal_candidate,KMEANS,matrix_32_raw_0_1,9,95,3,99.8272321428566,RAW
EUROPE,equal_candidate,KMEANS,matrix_32_raw_0_1,10,80,2,99.96562499999942,RAW
EUROPE,equal_candidate,KMEANS,matrix_32_raw_0_1,10,85,2,99.96562499999942,RAW
EUROPE,equal_candidate,KMEANS,matrix_32_raw_0_1,10,90,2,99.96562499999942,RAW
EUROPE,equal_candidate,KMEANS,matrix_32_raw_0_1,10,95,3,99.96562499999942,RAW
EUROPE,equal_candidate,KMEANS,matrix_32_pos_0_1,0,80,NA,8.311041666666558,POS
EUROPE,equal_candidate,KMEANS,matrix_32_pos_0_1,0,85,NA,8.311041666666558,POS
EUROPE,equal_candidate,KMEANS,matrix_32_pos_0_1,0,90,NA,8.311041666666558,POS
EUROPE,equal_candidate,KMEANS,matrix_32_pos_0_1,0,95,NA,8.311041666666558,POS
EUROPE,equal_candidate,KMEANS,matrix_32_pos_0_1,1,80,NA,25.905833333332993,POS
EUROPE,equal_candidate,KMEANS,matrix_32_pos_0_1,1,85,NA,25.905833333332993,POS
EUROPE,equal_candidate,KMEANS,matrix_32_pos_0_1,1,90,NA,25.905833333332993,POS
EUROPE,equal_candidate,KMEANS,matrix_32_pos_0_1,1,95,NA,25.905833333332993,POS
EUROPE,equal_candidate,KMEANS,matrix_32_pos_0_1,2,80,NA,52.86735119047552,POS
EUROPE,equal_candidate,KMEANS,matrix_32_pos_0_1,2,85,NA,52.86735119047552,POS
EUROPE,equal_candidate,KMEANS,matrix_32_pos_0_1,2,90,NA,52.86735119047552,POS
EUROPE,equal_candidate,KMEANS,matrix_32_pos_0_1,2,95,NA,52.86735119047552,POS
EUROPE,equal_candidate,KMEANS,matrix_32_pos_0_1,3,80,NA,70.98163690476102,POS
EUROPE,equal_candidate,KMEANS,matrix_32_pos_0_1,3,85,NA,70.98163690476102,POS
EUROPE,equal_candidate,KMEANS,matrix_32_pos_0_1,3,90,NA,70.98163690476102,POS
EUROPE,equal_candidate,KMEANS,matrix_32_pos_0_1,3,95,NA,70.98163690476102,POS
EUROPE,equal_candidate,KMEANS,matrix_32_pos_0_1,4,80,9,86.38193452380835,POS
EUROPE,equal_candidate,KMEANS,matrix_32_pos_0_1,4,85,12,86.38193452380835,POS
EUROPE,equal_candidate,KMEANS,matrix_32_pos_0_1,4,90,NA,86.38193452380835,POS
EUROPE,equal_candidate,KMEANS,matrix_32_pos_0_1,4,95,NA,86.38193452380835,POS
EUROPE,equal_candidate,KMEANS,matrix_32_pos_0_1,5,80,5,92.26877976190356,POS
EUROPE,equal_candidate,KMEANS,matrix_32_pos_0_1,5,85,7,92.26877976190356,POS
EUROPE,equal_candidate,KMEANS,matrix_32_pos_0_1,5,90,10,92.26877976190356,POS
EUROPE,equal_candidate,KMEANS,matrix_32_pos_0_1,5,95,NA,92.26877976190356,POS
EUROPE,equal_candidate,KMEANS,matrix_32_pos_0_1,6,80,4,97.93241071428496,POS
EUROPE,equal_candidate,KMEANS,matrix_32_pos_0_1,6,85,4,97.93241071428496,POS
EUROPE,equal_candidate,KMEANS,matrix_32_pos_0_1,6,90,6,97.93241071428496,POS
EUROPE,equal_candidate,KMEANS,matrix_32_pos_0_1,6,95,7,97.93241071428496,POS
EUROPE,equal_candidate,KMEANS,matrix_32_pos_0_1,7,80,2,99.46002976190408,POS
EUROPE,equal_candidate,KMEANS,matrix_32_pos_0_1,7,85,2,99.46002976190408,POS
EUROPE,equal_candidate,KMEANS,matrix_32_pos_0_1,7,90,4,99.46002976190408,POS
EUROPE,equal_candidate,KMEANS,matrix_32_pos_0_1,7,95,5,99.46002976190408,POS
EUROPE,equal_candidate,KMEANS,matrix_32_pos_0_1,8,80,2,99.90535714285636,POS
EUROPE,equal_candidate,KMEANS,matrix_32_pos_0_1,8,85,2,99.90535714285636,POS
EUROPE,equal_candidate,KMEANS,matrix_32_pos_0_1,8,90,2,99.90535714285636,POS
EUROPE,equal_candidate,KMEANS,matrix_32_pos_0_1,8,95,3,99.90535714285636,POS
EUROPE,equal_candidate,KMEANS,matrix_32_pos_0_1,9,80,2,99.9491071428556,POS
EUROPE,equal_candidate,KMEANS,matrix_32_pos_0_1,9,85,2,99.9491071428556,POS
EUROPE,equal_candidate,KMEANS,matrix_32_pos_0_1,9,90,2,99.9491071428556,POS
EUROPE,equal_candidate,KMEANS,matrix_32_pos_0_1,9,95,3,99.9491071428556,POS
EUROPE,equal_candidate,KMEANS,matrix_32_pos_0_1,10,80,2,99.99999999999842,POS
EUROPE,equal_candidate,KMEANS,matrix_32_pos_0_1,10,85,2,99.99999999999842,POS
EUROPE,equal_candidate,KMEANS,matrix_32_pos_0_1,10,90,2,99.99999999999842,POS
EUROPE,equal_candidate,KMEANS,matrix_32_pos_0_1,10,95,2,99.99999999999842,POS
EUROPE,equal_candidate,KMEANS,matrix_32_ext_0_1,0,80,NA,5.935535714285674,EXT
EUROPE,equal_candidate,KMEANS,matrix_32_ext_0_1,0,85,NA,5.935535714285674,EXT
EUROPE,equal_candidate,KMEANS,matrix_32_ext_0_1,0,90,NA,5.935535714285674,EXT
EUROPE,equal_candidate,KMEANS,matrix_32_ext_0_1,0,95,NA,5.935535714285674,EXT
EUROPE,equal_candidate,KMEANS,matrix_32_ext_0_1,1,80,NA,16.659315476190365,EXT
EUROPE,equal_candidate,KMEANS,matrix_32_ext_0_1,1,85,NA,16.659315476190365,EXT
EUROPE,equal_candidate,KMEANS,matrix_32_ext_0_1,1,90,NA,16.659315476190365,EXT
EUROPE,equal_candidate,KMEANS,matrix_32_ext_0_1,1,95,NA,16.659315476190365,EXT
EUROPE,equal_candidate,KMEANS,matrix_32_ext_0_1,2,80,NA,32.05285714285693,EXT
EUROPE,equal_candidate,KMEANS,matrix_32_ext_0_1,2,85,NA,32.05285714285693,EXT
EUROPE,equal_candidate,KMEANS,matrix_32_ext_0_1,2,90,NA,32.05285714285693,EXT
EUROPE,equal_candidate,KMEANS,matrix_32_ext_0_1,2,95,NA,32.05285714285693,EXT
EUROPE,equal_candidate,KMEANS,matrix_32_ext_0_1,3,80,NA,45.8076785714284,EXT
EUROPE,equal_candidate,KMEANS,matrix_32_ext_0_1,3,85,NA,45.8076785714284,EXT
EUROPE,equal_candidate,KMEANS,matrix_32_ext_0_1,3,90,NA,45.8076785714284,EXT
EUROPE,equal_candidate,KMEANS,matrix_32_ext_0_1,3,95,NA,45.8076785714284,EXT
EUROPE,equal_candidate,KMEANS,matrix_32_ext_0_1,4,80,NA,63.70800595238057,EXT
EUROPE,equal_candidate,KMEANS,matrix_32_ext_0_1,4,85,NA,63.70800595238057,EXT
EUROPE,equal_candidate,KMEANS,matrix_32_ext_0_1,4,90,NA,63.70800595238057,EXT
EUROPE,equal_candidate,KMEANS,matrix_32_ext_0_1,4,95,NA,63.70800595238057,EXT
EUROPE,equal_candidate,KMEANS,matrix_32_ext_0_1,5,80,NA,73.27580357142779,EXT
EUROPE,equal_candidate,KMEANS,matrix_32_ext_0_1,5,85,NA,73.27580357142779,EXT
EUROPE,equal_candidate,KMEANS,matrix_32_ext_0_1,5,90,NA,73.27580357142779,EXT
EUROPE,equal_candidate,KMEANS,matrix_32_ext_0_1,5,95,NA,73.27580357142779,EXT
EUROPE,equal_candidate,KMEANS,matrix_32_ext_0_1,6,80,11,81.88372023809492,EXT
EUROPE,equal_candidate,KMEANS,matrix_32_ext_0_1,6,85,NA,81.88372023809492,EXT
EUROPE,equal_candidate,KMEANS,matrix_32_ext_0_1,6,90,NA,81.88372023809492,EXT
EUROPE,equal_candidate,KMEANS,matrix_32_ext_0_1,6,95,NA,81.88372023809492,EXT
EUROPE,equal_candidate,KMEANS,matrix_32_ext_0_1,7,80,5,88.59726190476228,EXT
EUROPE,equal_candidate,KMEANS,matrix_32_ext_0_1,7,85,9,88.59726190476228,EXT
EUROPE,equal_candidate,KMEANS,matrix_32_ext_0_1,7,90,NA,88.59726190476228,EXT
EUROPE,equal_candidate,KMEANS,matrix_32_ext_0_1,7,95,NA,88.59726190476228,EXT
EUROPE,equal_candidate,KMEANS,matrix_32_ext_0_1,8,80,4,94.58133928571486,EXT
EUROPE,equal_candidate,KMEANS,matrix_32_ext_0_1,8,85,6,94.58133928571486,EXT
EUROPE,equal_candidate,KMEANS,matrix_32_ext_0_1,8,90,8,94.58133928571486,EXT
EUROPE,equal_candidate,KMEANS,matrix_32_ext_0_1,8,95,NA,94.58133928571486,EXT
EUROPE,equal_candidate,KMEANS,matrix_32_ext_0_1,9,80,3,97.49422619047743,EXT
EUROPE,equal_candidate,KMEANS,matrix_32_ext_0_1,9,85,4,97.49422619047743,EXT
EUROPE,equal_candidate,KMEANS,matrix_32_ext_0_1,9,90,5,97.49422619047743,EXT
EUROPE,equal_candidate,KMEANS,matrix_32_ext_0_1,9,95,7,97.49422619047743,EXT
EUROPE,equal_candidate,KMEANS,matrix_32_ext_0_1,10,80,2,99.12949404762088,EXT
EUROPE,equal_candidate,KMEANS,matrix_32_ext_0_1,10,85,3,99.12949404762088,EXT
EUROPE,equal_candidate,KMEANS,matrix_32_ext_0_1,10,90,5,99.12949404762088,EXT
EUROPE,equal_candidate,KMEANS,matrix_32_ext_0_1,10,95,6,99.12949404762088,EXT
EUROPE,equal_candidate,KMEANS,matrix_32_z_abs,0,80,NA,3.371994047618807,Z_ABS
EUROPE,equal_candidate,KMEANS,matrix_32_z_abs,0,85,NA,3.371994047618807,Z_ABS
EUROPE,equal_candidate,KMEANS,matrix_32_z_abs,0,90,NA,3.371994047618807,Z_ABS
EUROPE,equal_candidate,KMEANS,matrix_32_z_abs,0,95,NA,3.371994047618807,Z_ABS
EUROPE,equal_candidate,KMEANS,matrix_32_z_abs,1,80,NA,6.856369047618561,Z_ABS
EUROPE,equal_candidate,KMEANS,matrix_32_z_abs,1,85,NA,6.856369047618561,Z_ABS
EUROPE,equal_candidate,KMEANS,matrix_32_z_abs,1,90,NA,6.856369047618561,Z_ABS
EUROPE,equal_candidate,KMEANS,matrix_32_z_abs,1,95,NA,6.856369047618561,Z_ABS
EUROPE,equal_candidate,KMEANS,matrix_32_z_abs,2,80,NA,15.27851190476081,Z_ABS
EUROPE,equal_candidate,KMEANS,matrix_32_z_abs,2,85,NA,15.27851190476081,Z_ABS
EUROPE,equal_candidate,KMEANS,matrix_32_z_abs,2,90,NA,15.27851190476081,Z_ABS
EUROPE,equal_candidate,KMEANS,matrix_32_z_abs,2,95,NA,15.27851190476081,Z_ABS
EUROPE,equal_candidate,KMEANS,matrix_32_z_abs,3,80,NA,24.759434523807773,Z_ABS
EUROPE,equal_candidate,KMEANS,matrix_32_z_abs,3,85,NA,24.759434523807773,Z_ABS
EUROPE,equal_candidate,KMEANS,matrix_32_z_abs,3,90,NA,24.759434523807773,Z_ABS
EUROPE,equal_candidate,KMEANS,matrix_32_z_abs,3,95,NA,24.759434523807773,Z_ABS
EUROPE,equal_candidate,KMEANS,matrix_32_z_abs,4,80,NA,37.29976190475945,Z_ABS
EUROPE,equal_candidate,KMEANS,matrix_32_z_abs,4,85,NA,37.29976190475945,Z_ABS
EUROPE,equal_candidate,KMEANS,matrix_32_z_abs,4,90,NA,37.29976190475945,Z_ABS
EUROPE,equal_candidate,KMEANS,matrix_32_z_abs,4,95,NA,37.29976190475945,Z_ABS
EUROPE,equal_candidate,KMEANS,matrix_32_z_abs,5,80,NA,48.9277380952349,Z_ABS
EUROPE,equal_candidate,KMEANS,matrix_32_z_abs,5,85,NA,48.9277380952349,Z_ABS
EUROPE,equal_candidate,KMEANS,matrix_32_z_abs,5,90,NA,48.9277380952349,Z_ABS
EUROPE,equal_candidate,KMEANS,matrix_32_z_abs,5,95,NA,48.9277380952349,Z_ABS
EUROPE,equal_candidate,KMEANS,matrix_32_z_abs,6,80,NA,65.16985119047091,Z_ABS
EUROPE,equal_candidate,KMEANS,matrix_32_z_abs,6,85,NA,65.16985119047091,Z_ABS
EUROPE,equal_candidate,KMEANS,matrix_32_z_abs,6,90,NA,65.16985119047091,Z_ABS
EUROPE,equal_candidate,KMEANS,matrix_32_z_abs,6,95,NA,65.16985119047091,Z_ABS
EUROPE,equal_candidate,KMEANS,matrix_32_z_abs,7,80,NA,76.82199404761275,Z_ABS
EUROPE,equal_candidate,KMEANS,matrix_32_z_abs,7,85,NA,76.82199404761275,Z_ABS
EUROPE,equal_candidate,KMEANS,matrix_32_z_abs,7,90,NA,76.82199404761275,Z_ABS
EUROPE,equal_candidate,KMEANS,matrix_32_z_abs,7,95,NA,76.82199404761275,Z_ABS
EUROPE,equal_candidate,KMEANS,matrix_32_z_abs,8,80,8,84.63380952380271,Z_ABS
EUROPE,equal_candidate,KMEANS,matrix_32_z_abs,8,85,NA,84.63380952380271,Z_ABS
EUROPE,equal_candidate,KMEANS,matrix_32_z_abs,8,90,NA,84.63380952380271,Z_ABS
EUROPE,equal_candidate,KMEANS,matrix_32_z_abs,8,95,NA,84.63380952380271,Z_ABS
EUROPE,equal_candidate,KMEANS,matrix_32_z_abs,9,80,6,91.14961309523034,Z_ABS
EUROPE,equal_candidate,KMEANS,matrix_32_z_abs,9,85,7,91.14961309523034,Z_ABS
EUROPE,equal_candidate,KMEANS,matrix_32_z_abs,9,90,12,91.14961309523034,Z_ABS
EUROPE,equal_candidate,KMEANS,matrix_32_z_abs,9,95,NA,91.14961309523034,Z_ABS
EUROPE,equal_candidate,KMEANS,matrix_32_z_abs,10,80,4,97.24800595237208,Z_ABS
EUROPE,equal_candidate,KMEANS,matrix_32_z_abs,10,85,5,97.24800595237208,Z_ABS
EUROPE,equal_candidate,KMEANS,matrix_32_z_abs,10,90,6,97.24800595237208,Z_ABS
EUROPE,equal_candidate,KMEANS,matrix_32_z_abs,10,95,9,97.24800595237208,Z_ABS
EUROPE,equal_candidate,EFA,matrix_32_raw_0_1,0,80,NA,8.119553571428387,RAW
EUROPE,equal_candidate,EFA,matrix_32_raw_0_1,0,85,NA,8.119553571428387,RAW
EUROPE,equal_candidate,EFA,matrix_32_raw_0_1,0,90,NA,8.119553571428387,RAW
EUROPE,equal_candidate,EFA,matrix_32_raw_0_1,0,95,NA,8.119553571428387,RAW
EUROPE,equal_candidate,EFA,matrix_32_raw_0_1,1,80,NA,15.421845238094884,RAW
EUROPE,equal_candidate,EFA,matrix_32_raw_0_1,1,85,NA,15.421845238094884,RAW
EUROPE,equal_candidate,EFA,matrix_32_raw_0_1,1,90,NA,15.421845238094884,RAW
EUROPE,equal_candidate,EFA,matrix_32_raw_0_1,1,95,NA,15.421845238094884,RAW
EUROPE,equal_candidate,EFA,matrix_32_raw_0_1,2,80,NA,28.50360119047553,RAW
EUROPE,equal_candidate,EFA,matrix_32_raw_0_1,2,85,NA,28.50360119047553,RAW
EUROPE,equal_candidate,EFA,matrix_32_raw_0_1,2,90,NA,28.50360119047553,RAW
EUROPE,equal_candidate,EFA,matrix_32_raw_0_1,2,95,NA,28.50360119047553,RAW
EUROPE,equal_candidate,EFA,matrix_32_raw_0_1,3,80,NA,40.10300595237999,RAW
EUROPE,equal_candidate,EFA,matrix_32_raw_0_1,3,85,NA,40.10300595237999,RAW
EUROPE,equal_candidate,EFA,matrix_32_raw_0_1,3,90,NA,40.10300595237999,RAW
EUROPE,equal_candidate,EFA,matrix_32_raw_0_1,3,95,NA,40.10300595237999,RAW
EUROPE,equal_candidate,EFA,matrix_32_raw_0_1,4,80,NA,52.29973214285593,RAW
EUROPE,equal_candidate,EFA,matrix_32_raw_0_1,4,85,NA,52.29973214285593,RAW
EUROPE,equal_candidate,EFA,matrix_32_raw_0_1,4,90,NA,52.29973214285593,RAW
EUROPE,equal_candidate,EFA,matrix_32_raw_0_1,4,95,NA,52.29973214285593,RAW
EUROPE,equal_candidate,EFA,matrix_32_raw_0_1,5,80,NA,69.23562499999854,RAW
EUROPE,equal_candidate,EFA,matrix_32_raw_0_1,5,85,NA,69.23562499999854,RAW
EUROPE,equal_candidate,EFA,matrix_32_raw_0_1,5,90,NA,69.23562499999854,RAW
EUROPE,equal_candidate,EFA,matrix_32_raw_0_1,5,95,NA,69.23562499999854,RAW
EUROPE,equal_candidate,EFA,matrix_32_raw_0_1,6,80,NA,79.29589285714135,RAW
EUROPE,equal_candidate,EFA,matrix_32_raw_0_1,6,85,NA,79.29589285714135,RAW
EUROPE,equal_candidate,EFA,matrix_32_raw_0_1,6,90,NA,79.29589285714135,RAW
EUROPE,equal_candidate,EFA,matrix_32_raw_0_1,6,95,NA,79.29589285714135,RAW
EUROPE,equal_candidate,EFA,matrix_32_raw_0_1,7,80,8,88.60901785714138,RAW
EUROPE,equal_candidate,EFA,matrix_32_raw_0_1,7,85,9,88.60901785714138,RAW
EUROPE,equal_candidate,EFA,matrix_32_raw_0_1,7,90,NA,88.60901785714138,RAW
EUROPE,equal_candidate,EFA,matrix_32_raw_0_1,7,95,NA,88.60901785714138,RAW
EUROPE,equal_candidate,EFA,matrix_32_raw_0_1,8,80,6,93.16101190475938,RAW
EUROPE,equal_candidate,EFA,matrix_32_raw_0_1,8,85,8,93.16101190475938,RAW
EUROPE,equal_candidate,EFA,matrix_32_raw_0_1,8,90,10,93.16101190475938,RAW
EUROPE,equal_candidate,EFA,matrix_32_raw_0_1,8,95,NA,93.16101190475938,RAW
EUROPE,equal_candidate,EFA,matrix_32_raw_0_1,9,80,6,95.7997321428534,RAW
EUROPE,equal_candidate,EFA,matrix_32_raw_0_1,9,85,6,95.7997321428534,RAW
EUROPE,equal_candidate,EFA,matrix_32_raw_0_1,9,90,7,95.7997321428534,RAW
EUROPE,equal_candidate,EFA,matrix_32_raw_0_1,9,95,9,95.7997321428534,RAW
EUROPE,equal_candidate,EFA,matrix_32_raw_0_1,10,80,4,98.77732142856726,RAW
EUROPE,equal_candidate,EFA,matrix_32_raw_0_1,10,85,6,98.77732142856726,RAW
EUROPE,equal_candidate,EFA,matrix_32_raw_0_1,10,90,6,98.77732142856726,RAW
EUROPE,equal_candidate,EFA,matrix_32_raw_0_1,10,95,7,98.77732142856726,RAW
EUROPE,equal_candidate,EFA,matrix_32_pos_0_1,0,80,NA,5.4314285714286905,POS
EUROPE,equal_candidate,EFA,matrix_32_pos_0_1,0,85,NA,5.4314285714286905,POS
EUROPE,equal_candidate,EFA,matrix_32_pos_0_1,0,90,NA,5.4314285714286905,POS
EUROPE,equal_candidate,EFA,matrix_32_pos_0_1,0,95,NA,5.4314285714286905,POS
EUROPE,equal_candidate,EFA,matrix_32_pos_0_1,1,80,NA,12.269494047619318,POS
EUROPE,equal_candidate,EFA,matrix_32_pos_0_1,1,85,NA,12.269494047619318,POS
EUROPE,equal_candidate,EFA,matrix_32_pos_0_1,1,90,NA,12.269494047619318,POS
EUROPE,equal_candidate,EFA,matrix_32_pos_0_1,1,95,NA,12.269494047619318,POS
EUROPE,equal_candidate,EFA,matrix_32_pos_0_1,2,80,NA,23.379166666667185,POS
EUROPE,equal_candidate,EFA,matrix_32_pos_0_1,2,85,NA,23.379166666667185,POS
EUROPE,equal_candidate,EFA,matrix_32_pos_0_1,2,90,NA,23.379166666667185,POS
EUROPE,equal_candidate,EFA,matrix_32_pos_0_1,2,95,NA,23.379166666667185,POS
EUROPE,equal_candidate,EFA,matrix_32_pos_0_1,3,80,NA,36.54910714285796,POS
EUROPE,equal_candidate,EFA,matrix_32_pos_0_1,3,85,NA,36.54910714285796,POS
EUROPE,equal_candidate,EFA,matrix_32_pos_0_1,3,90,NA,36.54910714285796,POS
EUROPE,equal_candidate,EFA,matrix_32_pos_0_1,3,95,NA,36.54910714285796,POS
EUROPE,equal_candidate,EFA,matrix_32_pos_0_1,4,80,NA,48.493422619048715,POS
EUROPE,equal_candidate,EFA,matrix_32_pos_0_1,4,85,NA,48.493422619048715,POS
EUROPE,equal_candidate,EFA,matrix_32_pos_0_1,4,90,NA,48.493422619048715,POS
EUROPE,equal_candidate,EFA,matrix_32_pos_0_1,4,95,NA,48.493422619048715,POS
EUROPE,equal_candidate,EFA,matrix_32_pos_0_1,5,80,NA,58.10699404762025,POS
EUROPE,equal_candidate,EFA,matrix_32_pos_0_1,5,85,NA,58.10699404762025,POS
EUROPE,equal_candidate,EFA,matrix_32_pos_0_1,5,90,NA,58.10699404762025,POS
EUROPE,equal_candidate,EFA,matrix_32_pos_0_1,5,95,NA,58.10699404762025,POS
EUROPE,equal_candidate,EFA,matrix_32_pos_0_1,6,80,NA,71.8894642857159,POS
EUROPE,equal_candidate,EFA,matrix_32_pos_0_1,6,85,NA,71.8894642857159,POS
EUROPE,equal_candidate,EFA,matrix_32_pos_0_1,6,90,NA,71.8894642857159,POS
EUROPE,equal_candidate,EFA,matrix_32_pos_0_1,6,95,NA,71.8894642857159,POS
EUROPE,equal_candidate,EFA,matrix_32_pos_0_1,7,80,10,84.30145833333529,POS
EUROPE,equal_candidate,EFA,matrix_32_pos_0_1,7,85,NA,84.30145833333529,POS
EUROPE,equal_candidate,EFA,matrix_32_pos_0_1,7,90,NA,84.30145833333529,POS
EUROPE,equal_candidate,EFA,matrix_32_pos_0_1,7,95,NA,84.30145833333529,POS
EUROPE,equal_candidate,EFA,matrix_32_pos_0_1,8,80,6,90.60687500000148,POS
EUROPE,equal_candidate,EFA,matrix_32_pos_0_1,8,85,7,90.60687500000148,POS
EUROPE,equal_candidate,EFA,matrix_32_pos_0_1,8,90,11,90.60687500000148,POS
EUROPE,equal_candidate,EFA,matrix_32_pos_0_1,8,95,NA,90.60687500000148,POS
EUROPE,equal_candidate,EFA,matrix_32_pos_0_1,9,80,5,95.15217261904913,POS
EUROPE,equal_candidate,EFA,matrix_32_pos_0_1,9,85,6,95.15217261904913,POS
EUROPE,equal_candidate,EFA,matrix_32_pos_0_1,9,90,6,95.15217261904913,POS
EUROPE,equal_candidate,EFA,matrix_32_pos_0_1,9,95,11,95.15217261904913,POS
EUROPE,equal_candidate,EFA,matrix_32_pos_0_1,10,80,5,98.38059523809656,POS
EUROPE,equal_candidate,EFA,matrix_32_pos_0_1,10,85,5,98.38059523809656,POS
EUROPE,equal_candidate,EFA,matrix_32_pos_0_1,10,90,6,98.38059523809656,POS
EUROPE,equal_candidate,EFA,matrix_32_pos_0_1,10,95,6,98.38059523809656,POS
EUROPE,equal_candidate,EFA,matrix_32_ext_0_1,0,80,NA,4.8616666666666175,EXT
EUROPE,equal_candidate,EFA,matrix_32_ext_0_1,0,85,NA,4.8616666666666175,EXT
EUROPE,equal_candidate,EFA,matrix_32_ext_0_1,0,90,NA,4.8616666666666175,EXT
EUROPE,equal_candidate,EFA,matrix_32_ext_0_1,0,95,NA,4.8616666666666175,EXT
EUROPE,equal_candidate,EFA,matrix_32_ext_0_1,1,80,NA,9.764434523809424,EXT
EUROPE,equal_candidate,EFA,matrix_32_ext_0_1,1,85,NA,9.764434523809424,EXT
EUROPE,equal_candidate,EFA,matrix_32_ext_0_1,1,90,NA,9.764434523809424,EXT
EUROPE,equal_candidate,EFA,matrix_32_ext_0_1,1,95,NA,9.764434523809424,EXT
EUROPE,equal_candidate,EFA,matrix_32_ext_0_1,2,80,NA,19.728095238095033,EXT
EUROPE,equal_candidate,EFA,matrix_32_ext_0_1,2,85,NA,19.728095238095033,EXT
EUROPE,equal_candidate,EFA,matrix_32_ext_0_1,2,90,NA,19.728095238095033,EXT
EUROPE,equal_candidate,EFA,matrix_32_ext_0_1,2,95,NA,19.728095238095033,EXT
EUROPE,equal_candidate,EFA,matrix_32_ext_0_1,3,80,NA,27.42059523809497,EXT
EUROPE,equal_candidate,EFA,matrix_32_ext_0_1,3,85,NA,27.42059523809497,EXT
EUROPE,equal_candidate,EFA,matrix_32_ext_0_1,3,90,NA,27.42059523809497,EXT
EUROPE,equal_candidate,EFA,matrix_32_ext_0_1,3,95,NA,27.42059523809497,EXT
EUROPE,equal_candidate,EFA,matrix_32_ext_0_1,4,80,NA,37.059880952380546,EXT
EUROPE,equal_candidate,EFA,matrix_32_ext_0_1,4,85,NA,37.059880952380546,EXT
EUROPE,equal_candidate,EFA,matrix_32_ext_0_1,4,90,NA,37.059880952380546,EXT
EUROPE,equal_candidate,EFA,matrix_32_ext_0_1,4,95,NA,37.059880952380546,EXT
EUROPE,equal_candidate,EFA,matrix_32_ext_0_1,5,80,NA,47.6283630952378,EXT
EUROPE,equal_candidate,EFA,matrix_32_ext_0_1,5,85,NA,47.6283630952378,EXT
EUROPE,equal_candidate,EFA,matrix_32_ext_0_1,5,90,NA,47.6283630952378,EXT
EUROPE,equal_candidate,EFA,matrix_32_ext_0_1,5,95,NA,47.6283630952378,EXT
EUROPE,equal_candidate,EFA,matrix_32_ext_0_1,6,80,NA,58.63297619047574,EXT
EUROPE,equal_candidate,EFA,matrix_32_ext_0_1,6,85,NA,58.63297619047574,EXT
EUROPE,equal_candidate,EFA,matrix_32_ext_0_1,6,90,NA,58.63297619047574,EXT
EUROPE,equal_candidate,EFA,matrix_32_ext_0_1,6,95,NA,58.63297619047574,EXT
EUROPE,equal_candidate,EFA,matrix_32_ext_0_1,7,80,NA,71.3150892857133,EXT
EUROPE,equal_candidate,EFA,matrix_32_ext_0_1,7,85,NA,71.3150892857133,EXT
EUROPE,equal_candidate,EFA,matrix_32_ext_0_1,7,90,NA,71.3150892857133,EXT
EUROPE,equal_candidate,EFA,matrix_32_ext_0_1,7,95,NA,71.3150892857133,EXT
EUROPE,equal_candidate,EFA,matrix_32_ext_0_1,8,80,10,82.1974404761884,EXT
EUROPE,equal_candidate,EFA,matrix_32_ext_0_1,8,85,NA,82.1974404761884,EXT
EUROPE,equal_candidate,EFA,matrix_32_ext_0_1,8,90,NA,82.1974404761884,EXT
EUROPE,equal_candidate,EFA,matrix_32_ext_0_1,8,95,NA,82.1974404761884,EXT
EUROPE,equal_candidate,EFA,matrix_32_ext_0_1,9,80,7,90.27119047618804,EXT
EUROPE,equal_candidate,EFA,matrix_32_ext_0_1,9,85,8,90.27119047618804,EXT
EUROPE,equal_candidate,EFA,matrix_32_ext_0_1,9,90,12,90.27119047618804,EXT
EUROPE,equal_candidate,EFA,matrix_32_ext_0_1,9,95,NA,90.27119047618804,EXT
EUROPE,equal_candidate,EFA,matrix_32_ext_0_1,10,80,5,95.01148809523497,EXT
EUROPE,equal_candidate,EFA,matrix_32_ext_0_1,10,85,6,95.01148809523497,EXT
EUROPE,equal_candidate,EFA,matrix_32_ext_0_1,10,90,7,95.01148809523497,EXT
EUROPE,equal_candidate,EFA,matrix_32_ext_0_1,10,95,12,95.01148809523497,EXT
EUROPE,equal_candidate,EFA,matrix_32_z_abs,0,80,NA,2.854374999999982,Z_ABS
EUROPE,equal_candidate,EFA,matrix_32_z_abs,0,85,NA,2.854374999999982,Z_ABS
EUROPE,equal_candidate,EFA,matrix_32_z_abs,0,90,NA,2.854374999999982,Z_ABS
EUROPE,equal_candidate,EFA,matrix_32_z_abs,0,95,NA,2.854374999999982,Z_ABS
EUROPE,equal_candidate,EFA,matrix_32_z_abs,1,80,NA,6.340208333333293,Z_ABS
EUROPE,equal_candidate,EFA,matrix_32_z_abs,1,85,NA,6.340208333333293,Z_ABS
EUROPE,equal_candidate,EFA,matrix_32_z_abs,1,90,NA,6.340208333333293,Z_ABS
EUROPE,equal_candidate,EFA,matrix_32_z_abs,1,95,NA,6.340208333333293,Z_ABS
EUROPE,equal_candidate,EFA,matrix_32_z_abs,2,80,NA,14.257916666666576,Z_ABS
EUROPE,equal_candidate,EFA,matrix_32_z_abs,2,85,NA,14.257916666666576,Z_ABS
EUROPE,equal_candidate,EFA,matrix_32_z_abs,2,90,NA,14.257916666666576,Z_ABS
EUROPE,equal_candidate,EFA,matrix_32_z_abs,2,95,NA,14.257916666666576,Z_ABS
EUROPE,equal_candidate,EFA,matrix_32_z_abs,3,80,NA,21.99904761904748,Z_ABS
EUROPE,equal_candidate,EFA,matrix_32_z_abs,3,85,NA,21.99904761904748,Z_ABS
EUROPE,equal_candidate,EFA,matrix_32_z_abs,3,90,NA,21.99904761904748,Z_ABS
EUROPE,equal_candidate,EFA,matrix_32_z_abs,3,95,NA,21.99904761904748,Z_ABS
EUROPE,equal_candidate,EFA,matrix_32_z_abs,4,80,NA,33.23770833333312,Z_ABS
EUROPE,equal_candidate,EFA,matrix_32_z_abs,4,85,NA,33.23770833333312,Z_ABS
EUROPE,equal_candidate,EFA,matrix_32_z_abs,4,90,NA,33.23770833333312,Z_ABS
EUROPE,equal_candidate,EFA,matrix_32_z_abs,4,95,NA,33.23770833333312,Z_ABS
EUROPE,equal_candidate,EFA,matrix_32_z_abs,5,80,NA,43.95642857142841,Z_ABS
EUROPE,equal_candidate,EFA,matrix_32_z_abs,5,85,NA,43.95642857142841,Z_ABS
EUROPE,equal_candidate,EFA,matrix_32_z_abs,5,90,NA,43.95642857142841,Z_ABS
EUROPE,equal_candidate,EFA,matrix_32_z_abs,5,95,NA,43.95642857142841,Z_ABS
EUROPE,equal_candidate,EFA,matrix_32_z_abs,6,80,NA,53.63794642857133,Z_ABS
EUROPE,equal_candidate,EFA,matrix_32_z_abs,6,85,NA,53.63794642857133,Z_ABS
EUROPE,equal_candidate,EFA,matrix_32_z_abs,6,90,NA,53.63794642857133,Z_ABS
EUROPE,equal_candidate,EFA,matrix_32_z_abs,6,95,NA,53.63794642857133,Z_ABS
EUROPE,equal_candidate,EFA,matrix_32_z_abs,7,80,NA,68.99577380952383,Z_ABS
EUROPE,equal_candidate,EFA,matrix_32_z_abs,7,85,NA,68.99577380952383,Z_ABS
EUROPE,equal_candidate,EFA,matrix_32_z_abs,7,90,NA,68.99577380952383,Z_ABS
EUROPE,equal_candidate,EFA,matrix_32_z_abs,7,95,NA,68.99577380952383,Z_ABS
EUROPE,equal_candidate,EFA,matrix_32_z_abs,8,80,12,80.37755952380915,Z_ABS
EUROPE,equal_candidate,EFA,matrix_32_z_abs,8,85,NA,80.37755952380915,Z_ABS
EUROPE,equal_candidate,EFA,matrix_32_z_abs,8,90,NA,80.37755952380915,Z_ABS
EUROPE,equal_candidate,EFA,matrix_32_z_abs,8,95,NA,80.37755952380915,Z_ABS
EUROPE,equal_candidate,EFA,matrix_32_z_abs,9,80,5,88.67553571428415,Z_ABS
EUROPE,equal_candidate,EFA,matrix_32_z_abs,9,85,9,88.67553571428415,Z_ABS
EUROPE,equal_candidate,EFA,matrix_32_z_abs,9,90,NA,88.67553571428415,Z_ABS
EUROPE,equal_candidate,EFA,matrix_32_z_abs,9,95,NA,88.67553571428415,Z_ABS
EUROPE,equal_candidate,EFA,matrix_32_z_abs,10,80,5,95.47327380952176,Z_ABS
EUROPE,equal_candidate,EFA,matrix_32_z_abs,10,85,5,95.47327380952176,Z_ABS
EUROPE,equal_candidate,EFA,matrix_32_z_abs,10,90,6,95.47327380952176,Z_ABS
EUROPE,equal_candidate,EFA,matrix_32_z_abs,10,95,12,95.47327380952176,Z_ABS
LATAM,equal_candidate,KMEANS,matrix_32_raw_0_1,0,80,NA,4.158452380952277,RAW
LATAM,equal_candidate,KMEANS,matrix_32_raw_0_1,0,85,NA,4.158452380952277,RAW
LATAM,equal_candidate,KMEANS,matrix_32_raw_0_1,0,90,NA,4.158452380952277,RAW
LATAM,equal_candidate,KMEANS,matrix_32_raw_0_1,0,95,NA,4.158452380952277,RAW
LATAM,equal_candidate,KMEANS,matrix_32_raw_0_1,1,80,NA,14.38360119047584,RAW
LATAM,equal_candidate,KMEANS,matrix_32_raw_0_1,1,85,NA,14.38360119047584,RAW
LATAM,equal_candidate,KMEANS,matrix_32_raw_0_1,1,90,NA,14.38360119047584,RAW
LATAM,equal_candidate,KMEANS,matrix_32_raw_0_1,1,95,NA,14.38360119047584,RAW
LATAM,equal_candidate,KMEANS,matrix_32_raw_0_1,2,80,NA,37.21139880952288,RAW
LATAM,equal_candidate,KMEANS,matrix_32_raw_0_1,2,85,NA,37.21139880952288,RAW
LATAM,equal_candidate,KMEANS,matrix_32_raw_0_1,2,90,NA,37.21139880952288,RAW
LATAM,equal_candidate,KMEANS,matrix_32_raw_0_1,2,95,NA,37.21139880952288,RAW
LATAM,equal_candidate,KMEANS,matrix_32_raw_0_1,3,80,NA,59.49041666666516,RAW
LATAM,equal_candidate,KMEANS,matrix_32_raw_0_1,3,85,NA,59.49041666666516,RAW
LATAM,equal_candidate,KMEANS,matrix_32_raw_0_1,3,90,NA,59.49041666666516,RAW
LATAM,equal_candidate,KMEANS,matrix_32_raw_0_1,3,95,NA,59.49041666666516,RAW
LATAM,equal_candidate,KMEANS,matrix_32_raw_0_1,4,80,12,81.53773809523624,RAW
LATAM,equal_candidate,KMEANS,matrix_32_raw_0_1,4,85,NA,81.53773809523624,RAW
LATAM,equal_candidate,KMEANS,matrix_32_raw_0_1,4,90,NA,81.53773809523624,RAW
LATAM,equal_candidate,KMEANS,matrix_32_raw_0_1,4,95,NA,81.53773809523624,RAW
LATAM,equal_candidate,KMEANS,matrix_32_raw_0_1,5,80,7,91.54297619047368,RAW
LATAM,equal_candidate,KMEANS,matrix_32_raw_0_1,5,85,9,91.54297619047368,RAW
LATAM,equal_candidate,KMEANS,matrix_32_raw_0_1,5,90,12,91.54297619047368,RAW
LATAM,equal_candidate,KMEANS,matrix_32_raw_0_1,5,95,NA,91.54297619047368,RAW
LATAM,equal_candidate,KMEANS,matrix_32_raw_0_1,6,80,4,96.28666666666412,RAW
LATAM,equal_candidate,KMEANS,matrix_32_raw_0_1,6,85,4,96.28666666666412,RAW
LATAM,equal_candidate,KMEANS,matrix_32_raw_0_1,6,90,7,96.28666666666412,RAW
LATAM,equal_candidate,KMEANS,matrix_32_raw_0_1,6,95,9,96.28666666666412,RAW
LATAM,equal_candidate,KMEANS,matrix_32_raw_0_1,7,80,3,97.75711309523652,RAW
LATAM,equal_candidate,KMEANS,matrix_32_raw_0_1,7,85,3,97.75711309523652,RAW
LATAM,equal_candidate,KMEANS,matrix_32_raw_0_1,7,90,4,97.75711309523652,RAW
LATAM,equal_candidate,KMEANS,matrix_32_raw_0_1,7,95,6,97.75711309523652,RAW
LATAM,equal_candidate,KMEANS,matrix_32_raw_0_1,8,80,2,98.78568452380811,RAW
LATAM,equal_candidate,KMEANS,matrix_32_raw_0_1,8,85,2,98.78568452380811,RAW
LATAM,equal_candidate,KMEANS,matrix_32_raw_0_1,8,90,3,98.78568452380811,RAW
LATAM,equal_candidate,KMEANS,matrix_32_raw_0_1,8,95,4,98.78568452380811,RAW
LATAM,equal_candidate,KMEANS,matrix_32_raw_0_1,9,80,2,99.69211309523688,RAW
LATAM,equal_candidate,KMEANS,matrix_32_raw_0_1,9,85,2,99.69211309523688,RAW
LATAM,equal_candidate,KMEANS,matrix_32_raw_0_1,9,90,2,99.69211309523688,RAW
LATAM,equal_candidate,KMEANS,matrix_32_raw_0_1,9,95,3,99.69211309523688,RAW
LATAM,equal_candidate,KMEANS,matrix_32_raw_0_1,10,80,2,99.9531249999998,RAW
LATAM,equal_candidate,KMEANS,matrix_32_raw_0_1,10,85,2,99.9531249999998,RAW
LATAM,equal_candidate,KMEANS,matrix_32_raw_0_1,10,90,2,99.9531249999998,RAW
LATAM,equal_candidate,KMEANS,matrix_32_raw_0_1,10,95,2,99.9531249999998,RAW
LATAM,equal_candidate,KMEANS,matrix_32_pos_0_1,0,80,NA,7.820744047618897,POS
LATAM,equal_candidate,KMEANS,matrix_32_pos_0_1,0,85,NA,7.820744047618897,POS
LATAM,equal_candidate,KMEANS,matrix_32_pos_0_1,0,90,NA,7.820744047618897,POS
LATAM,equal_candidate,KMEANS,matrix_32_pos_0_1,0,95,NA,7.820744047618897,POS
LATAM,equal_candidate,KMEANS,matrix_32_pos_0_1,1,80,NA,25.410446428570932,POS
LATAM,equal_candidate,KMEANS,matrix_32_pos_0_1,1,85,NA,25.410446428570932,POS
LATAM,equal_candidate,KMEANS,matrix_32_pos_0_1,1,90,NA,25.410446428570932,POS
LATAM,equal_candidate,KMEANS,matrix_32_pos_0_1,1,95,NA,25.410446428570932,POS
LATAM,equal_candidate,KMEANS,matrix_32_pos_0_1,2,80,NA,50.03282738095142,POS
LATAM,equal_candidate,KMEANS,matrix_32_pos_0_1,2,85,NA,50.03282738095142,POS
LATAM,equal_candidate,KMEANS,matrix_32_pos_0_1,2,90,NA,50.03282738095142,POS
LATAM,equal_candidate,KMEANS,matrix_32_pos_0_1,2,95,NA,50.03282738095142,POS
LATAM,equal_candidate,KMEANS,matrix_32_pos_0_1,3,80,NA,71.97717261904623,POS
LATAM,equal_candidate,KMEANS,matrix_32_pos_0_1,3,85,NA,71.97717261904623,POS
LATAM,equal_candidate,KMEANS,matrix_32_pos_0_1,3,90,NA,71.97717261904623,POS
LATAM,equal_candidate,KMEANS,matrix_32_pos_0_1,3,95,NA,71.97717261904623,POS
LATAM,equal_candidate,KMEANS,matrix_32_pos_0_1,4,80,7,88.78476190476019,POS
LATAM,equal_candidate,KMEANS,matrix_32_pos_0_1,4,85,9,88.78476190476019,POS
LATAM,equal_candidate,KMEANS,matrix_32_pos_0_1,4,90,NA,88.78476190476019,POS
LATAM,equal_candidate,KMEANS,matrix_32_pos_0_1,4,95,NA,88.78476190476019,POS
LATAM,equal_candidate,KMEANS,matrix_32_pos_0_1,5,80,4,94.6330059523796,POS
LATAM,equal_candidate,KMEANS,matrix_32_pos_0_1,5,85,5,94.6330059523796,POS
LATAM,equal_candidate,KMEANS,matrix_32_pos_0_1,5,90,8,94.6330059523796,POS
LATAM,equal_candidate,KMEANS,matrix_32_pos_0_1,5,95,NA,94.6330059523796,POS
LATAM,equal_candidate,KMEANS,matrix_32_pos_0_1,6,80,2,98.2127380952383,POS
LATAM,equal_candidate,KMEANS,matrix_32_pos_0_1,6,85,3,98.2127380952383,POS
LATAM,equal_candidate,KMEANS,matrix_32_pos_0_1,6,90,4,98.2127380952383,POS
LATAM,equal_candidate,KMEANS,matrix_32_pos_0_1,6,95,6,98.2127380952383,POS
LATAM,equal_candidate,KMEANS,matrix_32_pos_0_1,7,80,2,99.6272619047605,POS
LATAM,equal_candidate,KMEANS,matrix_32_pos_0_1,7,85,2,99.6272619047605,POS
LATAM,equal_candidate,KMEANS,matrix_32_pos_0_1,7,90,2,99.6272619047605,POS
LATAM,equal_candidate,KMEANS,matrix_32_pos_0_1,7,95,4,99.6272619047605,POS
LATAM,equal_candidate,KMEANS,matrix_32_pos_0_1,8,80,2,99.96874999999834,POS
LATAM,equal_candidate,KMEANS,matrix_32_pos_0_1,8,85,2,99.96874999999834,POS
LATAM,equal_candidate,KMEANS,matrix_32_pos_0_1,8,90,2,99.96874999999834,POS
LATAM,equal_candidate,KMEANS,matrix_32_pos_0_1,8,95,2,99.96874999999834,POS
LATAM,equal_candidate,KMEANS,matrix_32_pos_0_1,9,80,1,99.99999999999858,POS
LATAM,equal_candidate,KMEANS,matrix_32_pos_0_1,9,85,2,99.99999999999858,POS
LATAM,equal_candidate,KMEANS,matrix_32_pos_0_1,9,90,2,99.99999999999858,POS
LATAM,equal_candidate,KMEANS,matrix_32_pos_0_1,9,95,2,99.99999999999858,POS
LATAM,equal_candidate,KMEANS,matrix_32_pos_0_1,10,80,1,99.99999999999903,POS
LATAM,equal_candidate,KMEANS,matrix_32_pos_0_1,10,85,1,99.99999999999903,POS
LATAM,equal_candidate,KMEANS,matrix_32_pos_0_1,10,90,1,99.99999999999903,POS
LATAM,equal_candidate,KMEANS,matrix_32_pos_0_1,10,95,2,99.99999999999903,POS
LATAM,equal_candidate,KMEANS,matrix_32_ext_0_1,0,80,NA,5.238392857142726,EXT
LATAM,equal_candidate,KMEANS,matrix_32_ext_0_1,0,85,NA,5.238392857142726,EXT
LATAM,equal_candidate,KMEANS,matrix_32_ext_0_1,0,90,NA,5.238392857142726,EXT
LATAM,equal_candidate,KMEANS,matrix_32_ext_0_1,0,95,NA,5.238392857142726,EXT
LATAM,equal_candidate,KMEANS,matrix_32_ext_0_1,1,80,NA,11.548928571428286,EXT
LATAM,equal_candidate,KMEANS,matrix_32_ext_0_1,1,85,NA,11.548928571428286,EXT
LATAM,equal_candidate,KMEANS,matrix_32_ext_0_1,1,90,NA,11.548928571428286,EXT
LATAM,equal_candidate,KMEANS,matrix_32_ext_0_1,1,95,NA,11.548928571428286,EXT
LATAM,equal_candidate,KMEANS,matrix_32_ext_0_1,2,80,NA,29.3105952380945,EXT
LATAM,equal_candidate,KMEANS,matrix_32_ext_0_1,2,85,NA,29.3105952380945,EXT
LATAM,equal_candidate,KMEANS,matrix_32_ext_0_1,2,90,NA,29.3105952380945,EXT
LATAM,equal_candidate,KMEANS,matrix_32_ext_0_1,2,95,NA,29.3105952380945,EXT
LATAM,equal_candidate,KMEANS,matrix_32_ext_0_1,3,80,NA,48.05297619047497,EXT
LATAM,equal_candidate,KMEANS,matrix_32_ext_0_1,3,85,NA,48.05297619047497,EXT
LATAM,equal_candidate,KMEANS,matrix_32_ext_0_1,3,90,NA,48.05297619047497,EXT
LATAM,equal_candidate,KMEANS,matrix_32_ext_0_1,3,95,NA,48.05297619047497,EXT
LATAM,equal_candidate,KMEANS,matrix_32_ext_0_1,4,80,NA,68.2863988095221,EXT
LATAM,equal_candidate,KMEANS,matrix_32_ext_0_1,4,85,NA,68.2863988095221,EXT
LATAM,equal_candidate,KMEANS,matrix_32_ext_0_1,4,90,NA,68.2863988095221,EXT
LATAM,equal_candidate,KMEANS,matrix_32_ext_0_1,4,95,NA,68.2863988095221,EXT
LATAM,equal_candidate,KMEANS,matrix_32_ext_0_1,5,80,10,84.1115178571401,EXT
LATAM,equal_candidate,KMEANS,matrix_32_ext_0_1,5,85,NA,84.1115178571401,EXT
LATAM,equal_candidate,KMEANS,matrix_32_ext_0_1,5,90,NA,84.1115178571401,EXT
LATAM,equal_candidate,KMEANS,matrix_32_ext_0_1,5,95,NA,84.1115178571401,EXT
LATAM,equal_candidate,KMEANS,matrix_32_ext_0_1,6,80,5,93.36592261904424,EXT
LATAM,equal_candidate,KMEANS,matrix_32_ext_0_1,6,85,7,93.36592261904424,EXT
LATAM,equal_candidate,KMEANS,matrix_32_ext_0_1,6,90,8,93.36592261904424,EXT
LATAM,equal_candidate,KMEANS,matrix_32_ext_0_1,6,95,NA,93.36592261904424,EXT
LATAM,equal_candidate,KMEANS,matrix_32_ext_0_1,7,80,3,97.37491071428376,EXT
LATAM,equal_candidate,KMEANS,matrix_32_ext_0_1,7,85,4,97.37491071428376,EXT
LATAM,equal_candidate,KMEANS,matrix_32_ext_0_1,7,90,6,97.37491071428376,EXT
LATAM,equal_candidate,KMEANS,matrix_32_ext_0_1,7,95,8,97.37491071428376,EXT
LATAM,equal_candidate,KMEANS,matrix_32_ext_0_1,8,80,3,98.76803571428462,EXT
LATAM,equal_candidate,KMEANS,matrix_32_ext_0_1,8,85,3,98.76803571428462,EXT
LATAM,equal_candidate,KMEANS,matrix_32_ext_0_1,8,90,4,98.76803571428462,EXT
LATAM,equal_candidate,KMEANS,matrix_32_ext_0_1,8,95,6,98.76803571428462,EXT
LATAM,equal_candidate,KMEANS,matrix_32_ext_0_1,9,80,2,99.5104166666664,EXT
LATAM,equal_candidate,KMEANS,matrix_32_ext_0_1,9,85,2,99.5104166666664,EXT
LATAM,equal_candidate,KMEANS,matrix_32_ext_0_1,9,90,3,99.5104166666664,EXT
LATAM,equal_candidate,KMEANS,matrix_32_ext_0_1,9,95,5,99.5104166666664,EXT
LATAM,equal_candidate,KMEANS,matrix_32_ext_0_1,10,80,2,99.83258928571416,EXT
LATAM,equal_candidate,KMEANS,matrix_32_ext_0_1,10,85,2,99.83258928571416,EXT
LATAM,equal_candidate,KMEANS,matrix_32_ext_0_1,10,90,2,99.83258928571416,EXT
LATAM,equal_candidate,KMEANS,matrix_32_ext_0_1,10,95,3,99.83258928571416,EXT
LATAM,equal_candidate,KMEANS,matrix_32_z_abs,0,80,NA,1.6440178571427218,Z_ABS
LATAM,equal_candidate,KMEANS,matrix_32_z_abs,0,85,NA,1.6440178571427218,Z_ABS
LATAM,equal_candidate,KMEANS,matrix_32_z_abs,0,90,NA,1.6440178571427218,Z_ABS
LATAM,equal_candidate,KMEANS,matrix_32_z_abs,0,95,NA,1.6440178571427218,Z_ABS
LATAM,equal_candidate,KMEANS,matrix_32_z_abs,1,80,NA,3.200059523809261,Z_ABS
LATAM,equal_candidate,KMEANS,matrix_32_z_abs,1,85,NA,3.200059523809261,Z_ABS
LATAM,equal_candidate,KMEANS,matrix_32_z_abs,1,90,NA,3.200059523809261,Z_ABS
LATAM,equal_candidate,KMEANS,matrix_32_z_abs,1,95,NA,3.200059523809261,Z_ABS
LATAM,equal_candidate,KMEANS,matrix_32_z_abs,2,80,NA,5.706041666666195,Z_ABS
LATAM,equal_candidate,KMEANS,matrix_32_z_abs,2,85,NA,5.706041666666195,Z_ABS
LATAM,equal_candidate,KMEANS,matrix_32_z_abs,2,90,NA,5.706041666666195,Z_ABS
LATAM,equal_candidate,KMEANS,matrix_32_z_abs,2,95,NA,5.706041666666195,Z_ABS
LATAM,equal_candidate,KMEANS,matrix_32_z_abs,3,80,NA,10.449613095237243,Z_ABS
LATAM,equal_candidate,KMEANS,matrix_32_z_abs,3,85,NA,10.449613095237243,Z_ABS
LATAM,equal_candidate,KMEANS,matrix_32_z_abs,3,90,NA,10.449613095237243,Z_ABS
LATAM,equal_candidate,KMEANS,matrix_32_z_abs,3,95,NA,10.449613095237243,Z_ABS
LATAM,equal_candidate,KMEANS,matrix_32_z_abs,4,80,NA,20.703601190474473,Z_ABS
LATAM,equal_candidate,KMEANS,matrix_32_z_abs,4,85,NA,20.703601190474473,Z_ABS
LATAM,equal_candidate,KMEANS,matrix_32_z_abs,4,90,NA,20.703601190474473,Z_ABS
LATAM,equal_candidate,KMEANS,matrix_32_z_abs,4,95,NA,20.703601190474473,Z_ABS
LATAM,equal_candidate,KMEANS,matrix_32_z_abs,5,80,NA,30.904315476187904,Z_ABS
LATAM,equal_candidate,KMEANS,matrix_32_z_abs,5,85,NA,30.904315476187904,Z_ABS
LATAM,equal_candidate,KMEANS,matrix_32_z_abs,5,90,NA,30.904315476187904,Z_ABS
LATAM,equal_candidate,KMEANS,matrix_32_z_abs,5,95,NA,30.904315476187904,Z_ABS
LATAM,equal_candidate,KMEANS,matrix_32_z_abs,6,80,NA,48.86770833332933,Z_ABS
LATAM,equal_candidate,KMEANS,matrix_32_z_abs,6,85,NA,48.86770833332933,Z_ABS
LATAM,equal_candidate,KMEANS,matrix_32_z_abs,6,90,NA,48.86770833332933,Z_ABS
LATAM,equal_candidate,KMEANS,matrix_32_z_abs,6,95,NA,48.86770833332933,Z_ABS
LATAM,equal_candidate,KMEANS,matrix_32_z_abs,7,80,NA,64.04645833332793,Z_ABS
LATAM,equal_candidate,KMEANS,matrix_32_z_abs,7,85,NA,64.04645833332793,Z_ABS
LATAM,equal_candidate,KMEANS,matrix_32_z_abs,7,90,NA,64.04645833332793,Z_ABS
LATAM,equal_candidate,KMEANS,matrix_32_z_abs,7,95,NA,64.04645833332793,Z_ABS
LATAM,equal_candidate,KMEANS,matrix_32_z_abs,8,80,NA,78.41249999999334,Z_ABS
LATAM,equal_candidate,KMEANS,matrix_32_z_abs,8,85,NA,78.41249999999334,Z_ABS
LATAM,equal_candidate,KMEANS,matrix_32_z_abs,8,90,NA,78.41249999999334,Z_ABS
LATAM,equal_candidate,KMEANS,matrix_32_z_abs,8,95,NA,78.41249999999334,Z_ABS
LATAM,equal_candidate,KMEANS,matrix_32_z_abs,9,80,8,87.86610119046944,Z_ABS
LATAM,equal_candidate,KMEANS,matrix_32_z_abs,9,85,9,87.86610119046944,Z_ABS
LATAM,equal_candidate,KMEANS,matrix_32_z_abs,9,90,NA,87.86610119046944,Z_ABS
LATAM,equal_candidate,KMEANS,matrix_32_z_abs,9,95,NA,87.86610119046944,Z_ABS
LATAM,equal_candidate,KMEANS,matrix_32_z_abs,10,80,8,96.09672619046924,Z_ABS
LATAM,equal_candidate,KMEANS,matrix_32_z_abs,10,85,9,96.09672619046924,Z_ABS
LATAM,equal_candidate,KMEANS,matrix_32_z_abs,10,90,9,96.09672619046924,Z_ABS
LATAM,equal_candidate,KMEANS,matrix_32_z_abs,10,95,12,96.09672619046924,Z_ABS
LATAM,equal_candidate,EFA,matrix_32_raw_0_1,0,80,NA,6.799642857142641,RAW
LATAM,equal_candidate,EFA,matrix_32_raw_0_1,0,85,NA,6.799642857142641,RAW
LATAM,equal_candidate,EFA,matrix_32_raw_0_1,0,90,NA,6.799642857142641,RAW
LATAM,equal_candidate,EFA,matrix_32_raw_0_1,0,95,NA,6.799642857142641,RAW
LATAM,equal_candidate,EFA,matrix_32_raw_0_1,1,80,NA,15.062976190475712,RAW
LATAM,equal_candidate,EFA,matrix_32_raw_0_1,1,85,NA,15.062976190475712,RAW
LATAM,equal_candidate,EFA,matrix_32_raw_0_1,1,90,NA,15.062976190475712,RAW
LATAM,equal_candidate,EFA,matrix_32_raw_0_1,1,95,NA,15.062976190475712,RAW
LATAM,equal_candidate,EFA,matrix_32_raw_0_1,2,80,NA,32.0534226190466,RAW
LATAM,equal_candidate,EFA,matrix_32_raw_0_1,2,85,NA,32.0534226190466,RAW
LATAM,equal_candidate,EFA,matrix_32_raw_0_1,2,90,NA,32.0534226190466,RAW
LATAM,equal_candidate,EFA,matrix_32_raw_0_1,2,95,NA,32.0534226190466,RAW
LATAM,equal_candidate,EFA,matrix_32_raw_0_1,3,80,NA,44.53446428571285,RAW
LATAM,equal_candidate,EFA,matrix_32_raw_0_1,3,85,NA,44.53446428571285,RAW
LATAM,equal_candidate,EFA,matrix_32_raw_0_1,3,90,NA,44.53446428571285,RAW
LATAM,equal_candidate,EFA,matrix_32_raw_0_1,3,95,NA,44.53446428571285,RAW
LATAM,equal_candidate,EFA,matrix_32_raw_0_1,4,80,NA,57.02824404761735,RAW
LATAM,equal_candidate,EFA,matrix_32_raw_0_1,4,85,NA,57.02824404761735,RAW
LATAM,equal_candidate,EFA,matrix_32_raw_0_1,4,90,NA,57.02824404761735,RAW
LATAM,equal_candidate,EFA,matrix_32_raw_0_1,4,95,NA,57.02824404761735,RAW
LATAM,equal_candidate,EFA,matrix_32_raw_0_1,5,80,NA,66.58910714285513,RAW
LATAM,equal_candidate,EFA,matrix_32_raw_0_1,5,85,NA,66.58910714285513,RAW
LATAM,equal_candidate,EFA,matrix_32_raw_0_1,5,90,NA,66.58910714285513,RAW
LATAM,equal_candidate,EFA,matrix_32_raw_0_1,5,95,NA,66.58910714285513,RAW
LATAM,equal_candidate,EFA,matrix_32_raw_0_1,6,80,NA,79.76327380952142,RAW
LATAM,equal_candidate,EFA,matrix_32_raw_0_1,6,85,NA,79.76327380952142,RAW
LATAM,equal_candidate,EFA,matrix_32_raw_0_1,6,90,NA,79.76327380952142,RAW
LATAM,equal_candidate,EFA,matrix_32_raw_0_1,6,95,NA,79.76327380952142,RAW
LATAM,equal_candidate,EFA,matrix_32_raw_0_1,7,80,5,90.25568452380612,RAW
LATAM,equal_candidate,EFA,matrix_32_raw_0_1,7,85,8,90.25568452380612,RAW
LATAM,equal_candidate,EFA,matrix_32_raw_0_1,7,90,12,90.25568452380612,RAW
LATAM,equal_candidate,EFA,matrix_32_raw_0_1,7,95,NA,90.25568452380612,RAW
LATAM,equal_candidate,EFA,matrix_32_raw_0_1,8,80,5,94.55886904761462,RAW
LATAM,equal_candidate,EFA,matrix_32_raw_0_1,8,85,5,94.55886904761462,RAW
LATAM,equal_candidate,EFA,matrix_32_raw_0_1,8,90,7,94.55886904761462,RAW
LATAM,equal_candidate,EFA,matrix_32_raw_0_1,8,95,NA,94.55886904761462,RAW
LATAM,equal_candidate,EFA,matrix_32_raw_0_1,9,80,5,97.46752976189998,RAW
LATAM,equal_candidate,EFA,matrix_32_raw_0_1,9,85,5,97.46752976189998,RAW
LATAM,equal_candidate,EFA,matrix_32_raw_0_1,9,90,5,97.46752976189998,RAW
LATAM,equal_candidate,EFA,matrix_32_raw_0_1,9,95,8,97.46752976189998,RAW
LATAM,equal_candidate,EFA,matrix_32_raw_0_1,10,80,5,99.0879166666621,RAW
LATAM,equal_candidate,EFA,matrix_32_raw_0_1,10,85,5,99.0879166666621,RAW
LATAM,equal_candidate,EFA,matrix_32_raw_0_1,10,90,5,99.0879166666621,RAW
LATAM,equal_candidate,EFA,matrix_32_raw_0_1,10,95,6,99.0879166666621,RAW
LATAM,equal_candidate,EFA,matrix_32_pos_0_1,0,80,NA,5.097172619047703,POS
LATAM,equal_candidate,EFA,matrix_32_pos_0_1,0,85,NA,5.097172619047703,POS
LATAM,equal_candidate,EFA,matrix_32_pos_0_1,0,90,NA,5.097172619047703,POS
LATAM,equal_candidate,EFA,matrix_32_pos_0_1,0,95,NA,5.097172619047703,POS
LATAM,equal_candidate,EFA,matrix_32_pos_0_1,1,80,NA,11.788244047619246,POS
LATAM,equal_candidate,EFA,matrix_32_pos_0_1,1,85,NA,11.788244047619246,POS
LATAM,equal_candidate,EFA,matrix_32_pos_0_1,1,90,NA,11.788244047619246,POS
LATAM,equal_candidate,EFA,matrix_32_pos_0_1,1,95,NA,11.788244047619246,POS
LATAM,equal_candidate,EFA,matrix_32_pos_0_1,2,80,NA,26.10074404761948,POS
LATAM,equal_candidate,EFA,matrix_32_pos_0_1,2,85,NA,26.10074404761948,POS
LATAM,equal_candidate,EFA,matrix_32_pos_0_1,2,90,NA,26.10074404761948,POS
LATAM,equal_candidate,EFA,matrix_32_pos_0_1,2,95,NA,26.10074404761948,POS
LATAM,equal_candidate,EFA,matrix_32_pos_0_1,3,80,NA,38.12428571428633,POS
LATAM,equal_candidate,EFA,matrix_32_pos_0_1,3,85,NA,38.12428571428633,POS
LATAM,equal_candidate,EFA,matrix_32_pos_0_1,3,90,NA,38.12428571428633,POS
LATAM,equal_candidate,EFA,matrix_32_pos_0_1,3,95,NA,38.12428571428633,POS
LATAM,equal_candidate,EFA,matrix_32_pos_0_1,4,80,NA,49.71937500000103,POS
LATAM,equal_candidate,EFA,matrix_32_pos_0_1,4,85,NA,49.71937500000103,POS
LATAM,equal_candidate,EFA,matrix_32_pos_0_1,4,90,NA,49.71937500000103,POS
LATAM,equal_candidate,EFA,matrix_32_pos_0_1,4,95,NA,49.71937500000103,POS
LATAM,equal_candidate,EFA,matrix_32_pos_0_1,5,80,NA,57.64062500000146,POS
LATAM,equal_candidate,EFA,matrix_32_pos_0_1,5,85,NA,57.64062500000146,POS
LATAM,equal_candidate,EFA,matrix_32_pos_0_1,5,90,NA,57.64062500000146,POS
LATAM,equal_candidate,EFA,matrix_32_pos_0_1,5,95,NA,57.64062500000146,POS
LATAM,equal_candidate,EFA,matrix_32_pos_0_1,6,80,NA,71.59553571428688,POS
LATAM,equal_candidate,EFA,matrix_32_pos_0_1,6,85,NA,71.59553571428688,POS
LATAM,equal_candidate,EFA,matrix_32_pos_0_1,6,90,NA,71.59553571428688,POS
LATAM,equal_candidate,EFA,matrix_32_pos_0_1,6,95,NA,71.59553571428688,POS
LATAM,equal_candidate,EFA,matrix_32_pos_0_1,7,80,9,84.66651785714426,POS
LATAM,equal_candidate,EFA,matrix_32_pos_0_1,7,85,NA,84.66651785714426,POS
LATAM,equal_candidate,EFA,matrix_32_pos_0_1,7,90,NA,84.66651785714426,POS
LATAM,equal_candidate,EFA,matrix_32_pos_0_1,7,95,NA,84.66651785714426,POS
LATAM,equal_candidate,EFA,matrix_32_pos_0_1,8,80,6,89.84145833333459,POS
LATAM,equal_candidate,EFA,matrix_32_pos_0_1,8,85,8,89.84145833333459,POS
LATAM,equal_candidate,EFA,matrix_32_pos_0_1,8,90,NA,89.84145833333459,POS
LATAM,equal_candidate,EFA,matrix_32_pos_0_1,8,95,NA,89.84145833333459,POS
LATAM,equal_candidate,EFA,matrix_32_pos_0_1,9,80,5,94.21485119047726,POS
LATAM,equal_candidate,EFA,matrix_32_pos_0_1,9,85,6,94.21485119047726,POS
LATAM,equal_candidate,EFA,matrix_32_pos_0_1,9,90,7,94.21485119047726,POS
LATAM,equal_candidate,EFA,matrix_32_pos_0_1,9,95,NA,94.21485119047726,POS
LATAM,equal_candidate,EFA,matrix_32_pos_0_1,10,80,5,98.21392857142936,POS
LATAM,equal_candidate,EFA,matrix_32_pos_0_1,10,85,5,98.21392857142936,POS
LATAM,equal_candidate,EFA,matrix_32_pos_0_1,10,90,5,98.21392857142936,POS
LATAM,equal_candidate,EFA,matrix_32_pos_0_1,10,95,8,98.21392857142936,POS
LATAM,equal_candidate,EFA,matrix_32_ext_0_1,0,80,NA,5.547113095238177,EXT
LATAM,equal_candidate,EFA,matrix_32_ext_0_1,0,85,NA,5.547113095238177,EXT
LATAM,equal_candidate,EFA,matrix_32_ext_0_1,0,90,NA,5.547113095238177,EXT
LATAM,equal_candidate,EFA,matrix_32_ext_0_1,0,95,NA,5.547113095238177,EXT
LATAM,equal_candidate,EFA,matrix_32_ext_0_1,1,80,NA,11.068720238095404,EXT
LATAM,equal_candidate,EFA,matrix_32_ext_0_1,1,85,NA,11.068720238095404,EXT
LATAM,equal_candidate,EFA,matrix_32_ext_0_1,1,90,NA,11.068720238095404,EXT
LATAM,equal_candidate,EFA,matrix_32_ext_0_1,1,95,NA,11.068720238095404,EXT
LATAM,equal_candidate,EFA,matrix_32_ext_0_1,2,80,NA,23.174732142857472,EXT
LATAM,equal_candidate,EFA,matrix_32_ext_0_1,2,85,NA,23.174732142857472,EXT
LATAM,equal_candidate,EFA,matrix_32_ext_0_1,2,90,NA,23.174732142857472,EXT
LATAM,equal_candidate,EFA,matrix_32_ext_0_1,2,95,NA,23.174732142857472,EXT
LATAM,equal_candidate,EFA,matrix_32_ext_0_1,3,80,NA,32.500327380952825,EXT
LATAM,equal_candidate,EFA,matrix_32_ext_0_1,3,85,NA,32.500327380952825,EXT
LATAM,equal_candidate,EFA,matrix_32_ext_0_1,3,90,NA,32.500327380952825,EXT
LATAM,equal_candidate,EFA,matrix_32_ext_0_1,3,95,NA,32.500327380952825,EXT
LATAM,equal_candidate,EFA,matrix_32_ext_0_1,4,80,NA,44.94875000000068,EXT
LATAM,equal_candidate,EFA,matrix_32_ext_0_1,4,85,NA,44.94875000000068,EXT
LATAM,equal_candidate,EFA,matrix_32_ext_0_1,4,90,NA,44.94875000000068,EXT
LATAM,equal_candidate,EFA,matrix_32_ext_0_1,4,95,NA,44.94875000000068,EXT
LATAM,equal_candidate,EFA,matrix_32_ext_0_1,5,80,NA,55.31964285714383,EXT
LATAM,equal_candidate,EFA,matrix_32_ext_0_1,5,85,NA,55.31964285714383,EXT
LATAM,equal_candidate,EFA,matrix_32_ext_0_1,5,90,NA,55.31964285714383,EXT
LATAM,equal_candidate,EFA,matrix_32_ext_0_1,5,95,NA,55.31964285714383,EXT
LATAM,equal_candidate,EFA,matrix_32_ext_0_1,6,80,NA,65.73479166666803,EXT
LATAM,equal_candidate,EFA,matrix_32_ext_0_1,6,85,NA,65.73479166666803,EXT
LATAM,equal_candidate,EFA,matrix_32_ext_0_1,6,90,NA,65.73479166666803,EXT
LATAM,equal_candidate,EFA,matrix_32_ext_0_1,6,95,NA,65.73479166666803,EXT
LATAM,equal_candidate,EFA,matrix_32_ext_0_1,7,80,NA,79.11000000000094,EXT
LATAM,equal_candidate,EFA,matrix_32_ext_0_1,7,85,NA,79.11000000000094,EXT
LATAM,equal_candidate,EFA,matrix_32_ext_0_1,7,90,NA,79.11000000000094,EXT
LATAM,equal_candidate,EFA,matrix_32_ext_0_1,7,95,NA,79.11000000000094,EXT
LATAM,equal_candidate,EFA,matrix_32_ext_0_1,8,80,8,85.98258928571394,EXT
LATAM,equal_candidate,EFA,matrix_32_ext_0_1,8,85,12,85.98258928571394,EXT
LATAM,equal_candidate,EFA,matrix_32_ext_0_1,8,90,NA,85.98258928571394,EXT
LATAM,equal_candidate,EFA,matrix_32_ext_0_1,8,95,NA,85.98258928571394,EXT
LATAM,equal_candidate,EFA,matrix_32_ext_0_1,9,80,5,92.64083333333238,EXT
LATAM,equal_candidate,EFA,matrix_32_ext_0_1,9,85,6,92.64083333333238,EXT
LATAM,equal_candidate,EFA,matrix_32_ext_0_1,9,90,9,92.64083333333238,EXT
LATAM,equal_candidate,EFA,matrix_32_ext_0_1,9,95,NA,92.64083333333238,EXT
LATAM,equal_candidate,EFA,matrix_32_ext_0_1,10,80,4,96.62491071428458,EXT
LATAM,equal_candidate,EFA,matrix_32_ext_0_1,10,85,5,96.62491071428458,EXT
LATAM,equal_candidate,EFA,matrix_32_ext_0_1,10,90,6,96.62491071428458,EXT
LATAM,equal_candidate,EFA,matrix_32_ext_0_1,10,95,9,96.62491071428458,EXT
LATAM,equal_candidate,EFA,matrix_32_z_abs,0,80,NA,3.297083333333286,Z_ABS
LATAM,equal_candidate,EFA,matrix_32_z_abs,0,85,NA,3.297083333333286,Z_ABS
LATAM,equal_candidate,EFA,matrix_32_z_abs,0,90,NA,3.297083333333286,Z_ABS
LATAM,equal_candidate,EFA,matrix_32_z_abs,0,95,NA,3.297083333333286,Z_ABS
LATAM,equal_candidate,EFA,matrix_32_z_abs,1,80,NA,7.726785714285604,Z_ABS
LATAM,equal_candidate,EFA,matrix_32_z_abs,1,85,NA,7.726785714285604,Z_ABS
LATAM,equal_candidate,EFA,matrix_32_z_abs,1,90,NA,7.726785714285604,Z_ABS
LATAM,equal_candidate,EFA,matrix_32_z_abs,1,95,NA,7.726785714285604,Z_ABS
LATAM,equal_candidate,EFA,matrix_32_z_abs,2,80,NA,17.008005952380714,Z_ABS
LATAM,equal_candidate,EFA,matrix_32_z_abs,2,85,NA,17.008005952380714,Z_ABS
LATAM,equal_candidate,EFA,matrix_32_z_abs,2,90,NA,17.008005952380714,Z_ABS
LATAM,equal_candidate,EFA,matrix_32_z_abs,2,95,NA,17.008005952380714,Z_ABS
LATAM,equal_candidate,EFA,matrix_32_z_abs,3,80,NA,24.582797619047273,Z_ABS
LATAM,equal_candidate,EFA,matrix_32_z_abs,3,85,NA,24.582797619047273,Z_ABS
LATAM,equal_candidate,EFA,matrix_32_z_abs,3,90,NA,24.582797619047273,Z_ABS
LATAM,equal_candidate,EFA,matrix_32_z_abs,3,95,NA,24.582797619047273,Z_ABS
LATAM,equal_candidate,EFA,matrix_32_z_abs,4,80,NA,34.130535714285145,Z_ABS
LATAM,equal_candidate,EFA,matrix_32_z_abs,4,85,NA,34.130535714285145,Z_ABS
LATAM,equal_candidate,EFA,matrix_32_z_abs,4,90,NA,34.130535714285145,Z_ABS
LATAM,equal_candidate,EFA,matrix_32_z_abs,4,95,NA,34.130535714285145,Z_ABS
LATAM,equal_candidate,EFA,matrix_32_z_abs,5,80,NA,44.547857142856614,Z_ABS
LATAM,equal_candidate,EFA,matrix_32_z_abs,5,85,NA,44.547857142856614,Z_ABS
LATAM,equal_candidate,EFA,matrix_32_z_abs,5,90,NA,44.547857142856614,Z_ABS
LATAM,equal_candidate,EFA,matrix_32_z_abs,5,95,NA,44.547857142856614,Z_ABS
LATAM,equal_candidate,EFA,matrix_32_z_abs,6,80,NA,57.2402380952373,Z_ABS
LATAM,equal_candidate,EFA,matrix_32_z_abs,6,85,NA,57.2402380952373,Z_ABS
LATAM,equal_candidate,EFA,matrix_32_z_abs,6,90,NA,57.2402380952373,Z_ABS
LATAM,equal_candidate,EFA,matrix_32_z_abs,6,95,NA,57.2402380952373,Z_ABS
LATAM,equal_candidate,EFA,matrix_32_z_abs,7,80,NA,69.58348214285634,Z_ABS
LATAM,equal_candidate,EFA,matrix_32_z_abs,7,85,NA,69.58348214285634,Z_ABS
LATAM,equal_candidate,EFA,matrix_32_z_abs,7,90,NA,69.58348214285634,Z_ABS
LATAM,equal_candidate,EFA,matrix_32_z_abs,7,95,NA,69.58348214285634,Z_ABS
LATAM,equal_candidate,EFA,matrix_32_z_abs,8,80,NA,79.69749999999814,Z_ABS
LATAM,equal_candidate,EFA,matrix_32_z_abs,8,85,NA,79.69749999999814,Z_ABS
LATAM,equal_candidate,EFA,matrix_32_z_abs,8,90,NA,79.69749999999814,Z_ABS
LATAM,equal_candidate,EFA,matrix_32_z_abs,8,95,NA,79.69749999999814,Z_ABS
LATAM,equal_candidate,EFA,matrix_32_z_abs,9,80,6,90.31080357142552,Z_ABS
LATAM,equal_candidate,EFA,matrix_32_z_abs,9,85,9,90.31080357142552,Z_ABS
LATAM,equal_candidate,EFA,matrix_32_z_abs,9,90,12,90.31080357142552,Z_ABS
LATAM,equal_candidate,EFA,matrix_32_z_abs,9,95,NA,90.31080357142552,Z_ABS
LATAM,equal_candidate,EFA,matrix_32_z_abs,10,80,5,95.66559523809232,Z_ABS
LATAM,equal_candidate,EFA,matrix_32_z_abs,10,85,5,95.66559523809232,Z_ABS
LATAM,equal_candidate,EFA,matrix_32_z_abs,10,90,8,95.66559523809232,Z_ABS
LATAM,equal_candidate,EFA,matrix_32_z_abs,10,95,11,95.66559523809232,Z_ABS
DIEGO,equal_candidate,KMEANS,matrix_32_raw_0_1,0,80,NA,0.36684523809516306,RAW
DIEGO,equal_candidate,KMEANS,matrix_32_raw_0_1,0,85,NA,0.36684523809516306,RAW
DIEGO,equal_candidate,KMEANS,matrix_32_raw_0_1,0,90,NA,0.36684523809516306,RAW
DIEGO,equal_candidate,KMEANS,matrix_32_raw_0_1,0,95,NA,0.36684523809516306,RAW
DIEGO,equal_candidate,KMEANS,matrix_32_raw_0_1,1,80,NA,1.3738095238092427,RAW
DIEGO,equal_candidate,KMEANS,matrix_32_raw_0_1,1,85,NA,1.3738095238092427,RAW
DIEGO,equal_candidate,KMEANS,matrix_32_raw_0_1,1,90,NA,1.3738095238092427,RAW
DIEGO,equal_candidate,KMEANS,matrix_32_raw_0_1,1,95,NA,1.3738095238092427,RAW
DIEGO,equal_candidate,KMEANS,matrix_32_raw_0_1,2,80,NA,3.905386904761106,RAW
DIEGO,equal_candidate,KMEANS,matrix_32_raw_0_1,2,85,NA,3.905386904761106,RAW
DIEGO,equal_candidate,KMEANS,matrix_32_raw_0_1,2,90,NA,3.905386904761106,RAW
DIEGO,equal_candidate,KMEANS,matrix_32_raw_0_1,2,95,NA,3.905386904761106,RAW
DIEGO,equal_candidate,KMEANS,matrix_32_raw_0_1,3,80,NA,7.3462797619032685,RAW
DIEGO,equal_candidate,KMEANS,matrix_32_raw_0_1,3,85,NA,7.3462797619032685,RAW
DIEGO,equal_candidate,KMEANS,matrix_32_raw_0_1,3,90,NA,7.3462797619032685,RAW
DIEGO,equal_candidate,KMEANS,matrix_32_raw_0_1,3,95,NA,7.3462797619032685,RAW
DIEGO,equal_candidate,KMEANS,matrix_32_raw_0_1,4,80,NA,14.296369047616142,RAW
DIEGO,equal_candidate,KMEANS,matrix_32_raw_0_1,4,85,NA,14.296369047616142,RAW
DIEGO,equal_candidate,KMEANS,matrix_32_raw_0_1,4,90,NA,14.296369047616142,RAW
DIEGO,equal_candidate,KMEANS,matrix_32_raw_0_1,4,95,NA,14.296369047616142,RAW
DIEGO,equal_candidate,KMEANS,matrix_32_raw_0_1,5,80,NA,23.02639880951888,RAW
DIEGO,equal_candidate,KMEANS,matrix_32_raw_0_1,5,85,NA,23.02639880951888,RAW
DIEGO,equal_candidate,KMEANS,matrix_32_raw_0_1,5,90,NA,23.02639880951888,RAW
DIEGO,equal_candidate,KMEANS,matrix_32_raw_0_1,5,95,NA,23.02639880951888,RAW
DIEGO,equal_candidate,KMEANS,matrix_32_raw_0_1,6,80,NA,31.87470238094643,RAW
DIEGO,equal_candidate,KMEANS,matrix_32_raw_0_1,6,85,NA,31.87470238094643,RAW
DIEGO,equal_candidate,KMEANS,matrix_32_raw_0_1,6,90,NA,31.87470238094643,RAW
DIEGO,equal_candidate,KMEANS,matrix_32_raw_0_1,6,95,NA,31.87470238094643,RAW
DIEGO,equal_candidate,KMEANS,matrix_32_raw_0_1,7,80,NA,44.68238095237181,RAW
DIEGO,equal_candidate,KMEANS,matrix_32_raw_0_1,7,85,NA,44.68238095237181,RAW
DIEGO,equal_candidate,KMEANS,matrix_32_raw_0_1,7,90,NA,44.68238095237181,RAW
DIEGO,equal_candidate,KMEANS,matrix_32_raw_0_1,7,95,NA,44.68238095237181,RAW
DIEGO,equal_candidate,KMEANS,matrix_32_raw_0_1,8,80,NA,63.453482142841374,RAW
DIEGO,equal_candidate,KMEANS,matrix_32_raw_0_1,8,85,NA,63.453482142841374,RAW
DIEGO,equal_candidate,KMEANS,matrix_32_raw_0_1,8,90,NA,63.453482142841374,RAW
DIEGO,equal_candidate,KMEANS,matrix_32_raw_0_1,8,95,NA,63.453482142841374,RAW
DIEGO,equal_candidate,KMEANS,matrix_32_raw_0_1,9,80,NA,77.71178571426603,RAW
DIEGO,equal_candidate,KMEANS,matrix_32_raw_0_1,9,85,NA,77.71178571426603,RAW
DIEGO,equal_candidate,KMEANS,matrix_32_raw_0_1,9,90,NA,77.71178571426603,RAW
DIEGO,equal_candidate,KMEANS,matrix_32_raw_0_1,9,95,NA,77.71178571426603,RAW
DIEGO,equal_candidate,KMEANS,matrix_32_raw_0_1,10,80,5,89.84389880950192,RAW
DIEGO,equal_candidate,KMEANS,matrix_32_raw_0_1,10,85,8,89.84389880950192,RAW
DIEGO,equal_candidate,KMEANS,matrix_32_raw_0_1,10,90,NA,89.84389880950192,RAW
DIEGO,equal_candidate,KMEANS,matrix_32_raw_0_1,10,95,NA,89.84389880950192,RAW
DIEGO,equal_candidate,KMEANS,matrix_32_pos_0_1,0,80,NA,1.0240773809522965,POS
DIEGO,equal_candidate,KMEANS,matrix_32_pos_0_1,0,85,NA,1.0240773809522965,POS
DIEGO,equal_candidate,KMEANS,matrix_32_pos_0_1,0,90,NA,1.0240773809522965,POS
DIEGO,equal_candidate,KMEANS,matrix_32_pos_0_1,0,95,NA,1.0240773809522965,POS
DIEGO,equal_candidate,KMEANS,matrix_32_pos_0_1,1,80,NA,4.114107142856803,POS
DIEGO,equal_candidate,KMEANS,matrix_32_pos_0_1,1,85,NA,4.114107142856803,POS
DIEGO,equal_candidate,KMEANS,matrix_32_pos_0_1,1,90,NA,4.114107142856803,POS
DIEGO,equal_candidate,KMEANS,matrix_32_pos_0_1,1,95,NA,4.114107142856803,POS
DIEGO,equal_candidate,KMEANS,matrix_32_pos_0_1,2,80,NA,12.29110119047518,POS
DIEGO,equal_candidate,KMEANS,matrix_32_pos_0_1,2,85,NA,12.29110119047518,POS
DIEGO,equal_candidate,KMEANS,matrix_32_pos_0_1,2,90,NA,12.29110119047518,POS
DIEGO,equal_candidate,KMEANS,matrix_32_pos_0_1,2,95,NA,12.29110119047518,POS
DIEGO,equal_candidate,KMEANS,matrix_32_pos_0_1,3,80,NA,22.308422619045754,POS
DIEGO,equal_candidate,KMEANS,matrix_32_pos_0_1,3,85,NA,22.308422619045754,POS
DIEGO,equal_candidate,KMEANS,matrix_32_pos_0_1,3,90,NA,22.308422619045754,POS
DIEGO,equal_candidate,KMEANS,matrix_32_pos_0_1,3,95,NA,22.308422619045754,POS
DIEGO,equal_candidate,KMEANS,matrix_32_pos_0_1,4,80,NA,37.87913690475905,POS
DIEGO,equal_candidate,KMEANS,matrix_32_pos_0_1,4,85,NA,37.87913690475905,POS
DIEGO,equal_candidate,KMEANS,matrix_32_pos_0_1,4,90,NA,37.87913690475905,POS
DIEGO,equal_candidate,KMEANS,matrix_32_pos_0_1,4,95,NA,37.87913690475905,POS
DIEGO,equal_candidate,KMEANS,matrix_32_pos_0_1,5,80,NA,49.68089285713878,POS
DIEGO,equal_candidate,KMEANS,matrix_32_pos_0_1,5,85,NA,49.68089285713878,POS
DIEGO,equal_candidate,KMEANS,matrix_32_pos_0_1,5,90,NA,49.68089285713878,POS
DIEGO,equal_candidate,KMEANS,matrix_32_pos_0_1,5,95,NA,49.68089285713878,POS
DIEGO,equal_candidate,KMEANS,matrix_32_pos_0_1,6,80,NA,66.41532738094676,POS
DIEGO,equal_candidate,KMEANS,matrix_32_pos_0_1,6,85,NA,66.41532738094676,POS
DIEGO,equal_candidate,KMEANS,matrix_32_pos_0_1,6,90,NA,66.41532738094676,POS
DIEGO,equal_candidate,KMEANS,matrix_32_pos_0_1,6,95,NA,66.41532738094676,POS
DIEGO,equal_candidate,KMEANS,matrix_32_pos_0_1,7,80,NA,76.75672619047216,POS
DIEGO,equal_candidate,KMEANS,matrix_32_pos_0_1,7,85,NA,76.75672619047216,POS
DIEGO,equal_candidate,KMEANS,matrix_32_pos_0_1,7,90,NA,76.75672619047216,POS
DIEGO,equal_candidate,KMEANS,matrix_32_pos_0_1,7,95,NA,76.75672619047216,POS
DIEGO,equal_candidate,KMEANS,matrix_32_pos_0_1,8,80,6,86.12333333332944,POS
DIEGO,equal_candidate,KMEANS,matrix_32_pos_0_1,8,85,12,86.12333333332944,POS
DIEGO,equal_candidate,KMEANS,matrix_32_pos_0_1,8,90,NA,86.12333333332944,POS
DIEGO,equal_candidate,KMEANS,matrix_32_pos_0_1,8,95,NA,86.12333333332944,POS
DIEGO,equal_candidate,KMEANS,matrix_32_pos_0_1,9,80,3,92.40449404762424,POS
DIEGO,equal_candidate,KMEANS,matrix_32_pos_0_1,9,85,5,92.40449404762424,POS
DIEGO,equal_candidate,KMEANS,matrix_32_pos_0_1,9,90,9,92.40449404762424,POS
DIEGO,equal_candidate,KMEANS,matrix_32_pos_0_1,9,95,NA,92.40449404762424,POS
DIEGO,equal_candidate,KMEANS,matrix_32_pos_0_1,10,80,2,97.26339285715144,POS
DIEGO,equal_candidate,KMEANS,matrix_32_pos_0_1,10,85,3,97.26339285715144,POS
DIEGO,equal_candidate,KMEANS,matrix_32_pos_0_1,10,90,5,97.26339285715144,POS
DIEGO,equal_candidate,KMEANS,matrix_32_pos_0_1,10,95,9,97.26339285715144,POS
DIEGO,equal_candidate,KMEANS,matrix_32_ext_0_1,0,80,NA,0.16467261904757724,EXT
DIEGO,equal_candidate,KMEANS,matrix_32_ext_0_1,0,85,NA,0.16467261904757724,EXT
DIEGO,equal_candidate,KMEANS,matrix_32_ext_0_1,0,90,NA,0.16467261904757724,EXT
DIEGO,equal_candidate,KMEANS,matrix_32_ext_0_1,0,95,NA,0.16467261904757724,EXT
DIEGO,equal_candidate,KMEANS,matrix_32_ext_0_1,1,80,NA,0.4354761904760797,EXT
DIEGO,equal_candidate,KMEANS,matrix_32_ext_0_1,1,85,NA,0.4354761904760797,EXT
DIEGO,equal_candidate,KMEANS,matrix_32_ext_0_1,1,90,NA,0.4354761904760797,EXT
DIEGO,equal_candidate,KMEANS,matrix_32_ext_0_1,1,95,NA,0.4354761904760797,EXT
DIEGO,equal_candidate,KMEANS,matrix_32_ext_0_1,2,80,NA,0.7354464285712418,EXT
DIEGO,equal_candidate,KMEANS,matrix_32_ext_0_1,2,85,NA,0.7354464285712418,EXT
DIEGO,equal_candidate,KMEANS,matrix_32_ext_0_1,2,90,NA,0.7354464285712418,EXT
DIEGO,equal_candidate,KMEANS,matrix_32_ext_0_1,2,95,NA,0.7354464285712418,EXT
DIEGO,equal_candidate,KMEANS,matrix_32_ext_0_1,3,80,NA,1.1182142857140016,EXT
DIEGO,equal_candidate,KMEANS,matrix_32_ext_0_1,3,85,NA,1.1182142857140016,EXT
DIEGO,equal_candidate,KMEANS,matrix_32_ext_0_1,3,90,NA,1.1182142857140016,EXT
DIEGO,equal_candidate,KMEANS,matrix_32_ext_0_1,3,95,NA,1.1182142857140016,EXT
DIEGO,equal_candidate,KMEANS,matrix_32_ext_0_1,4,80,NA,1.9282440476185587,EXT
DIEGO,equal_candidate,KMEANS,matrix_32_ext_0_1,4,85,NA,1.9282440476185587,EXT
DIEGO,equal_candidate,KMEANS,matrix_32_ext_0_1,4,90,NA,1.9282440476185587,EXT
DIEGO,equal_candidate,KMEANS,matrix_32_ext_0_1,4,95,NA,1.9282440476185587,EXT
DIEGO,equal_candidate,KMEANS,matrix_32_ext_0_1,5,80,NA,3.7249107142847655,EXT
DIEGO,equal_candidate,KMEANS,matrix_32_ext_0_1,5,85,NA,3.7249107142847655,EXT
DIEGO,equal_candidate,KMEANS,matrix_32_ext_0_1,5,90,NA,3.7249107142847655,EXT
DIEGO,equal_candidate,KMEANS,matrix_32_ext_0_1,5,95,NA,3.7249107142847655,EXT
DIEGO,equal_candidate,KMEANS,matrix_32_ext_0_1,6,80,NA,7.940863095236074,EXT
DIEGO,equal_candidate,KMEANS,matrix_32_ext_0_1,6,85,NA,7.940863095236074,EXT
DIEGO,equal_candidate,KMEANS,matrix_32_ext_0_1,6,90,NA,7.940863095236074,EXT
DIEGO,equal_candidate,KMEANS,matrix_32_ext_0_1,6,95,NA,7.940863095236074,EXT
DIEGO,equal_candidate,KMEANS,matrix_32_ext_0_1,7,80,NA,15.804523809519797,EXT
DIEGO,equal_candidate,KMEANS,matrix_32_ext_0_1,7,85,NA,15.804523809519797,EXT
DIEGO,equal_candidate,KMEANS,matrix_32_ext_0_1,7,90,NA,15.804523809519797,EXT
DIEGO,equal_candidate,KMEANS,matrix_32_ext_0_1,7,95,NA,15.804523809519797,EXT
DIEGO,equal_candidate,KMEANS,matrix_32_ext_0_1,8,80,NA,29.507738095230604,EXT
DIEGO,equal_candidate,KMEANS,matrix_32_ext_0_1,8,85,NA,29.507738095230604,EXT
DIEGO,equal_candidate,KMEANS,matrix_32_ext_0_1,8,90,NA,29.507738095230604,EXT
DIEGO,equal_candidate,KMEANS,matrix_32_ext_0_1,8,95,NA,29.507738095230604,EXT
DIEGO,equal_candidate,KMEANS,matrix_32_ext_0_1,9,80,NA,50.992083333320565,EXT
DIEGO,equal_candidate,KMEANS,matrix_32_ext_0_1,9,85,NA,50.992083333320565,EXT
DIEGO,equal_candidate,KMEANS,matrix_32_ext_0_1,9,90,NA,50.992083333320565,EXT
DIEGO,equal_candidate,KMEANS,matrix_32_ext_0_1,9,95,NA,50.992083333320565,EXT
DIEGO,equal_candidate,KMEANS,matrix_32_ext_0_1,10,80,NA,74.13160714283862,EXT
DIEGO,equal_candidate,KMEANS,matrix_32_ext_0_1,10,85,NA,74.13160714283862,EXT
DIEGO,equal_candidate,KMEANS,matrix_32_ext_0_1,10,90,NA,74.13160714283862,EXT
DIEGO,equal_candidate,KMEANS,matrix_32_ext_0_1,10,95,NA,74.13160714283862,EXT
DIEGO,equal_candidate,KMEANS,matrix_32_z_abs,0,80,NA,0.2187797619047056,Z_ABS
DIEGO,equal_candidate,KMEANS,matrix_32_z_abs,0,85,NA,0.2187797619047056,Z_ABS
DIEGO,equal_candidate,KMEANS,matrix_32_z_abs,0,90,NA,0.2187797619047056,Z_ABS
DIEGO,equal_candidate,KMEANS,matrix_32_z_abs,0,95,NA,0.2187797619047056,Z_ABS
DIEGO,equal_candidate,KMEANS,matrix_32_z_abs,1,80,NA,0.5850892857141351,Z_ABS
DIEGO,equal_candidate,KMEANS,matrix_32_z_abs,1,85,NA,0.5850892857141351,Z_ABS
DIEGO,equal_candidate,KMEANS,matrix_32_z_abs,1,90,NA,0.5850892857141351,Z_ABS
DIEGO,equal_candidate,KMEANS,matrix_32_z_abs,1,95,NA,0.5850892857141351,Z_ABS
DIEGO,equal_candidate,KMEANS,matrix_32_z_abs,2,80,NA,0.9244642857140478,Z_ABS
DIEGO,equal_candidate,KMEANS,matrix_32_z_abs,2,85,NA,0.9244642857140478,Z_ABS
DIEGO,equal_candidate,KMEANS,matrix_32_z_abs,2,90,NA,0.9244642857140478,Z_ABS
DIEGO,equal_candidate,KMEANS,matrix_32_z_abs,2,95,NA,0.9244642857140478,Z_ABS
DIEGO,equal_candidate,KMEANS,matrix_32_z_abs,3,80,NA,1.279613095237766,Z_ABS
DIEGO,equal_candidate,KMEANS,matrix_32_z_abs,3,85,NA,1.279613095237766,Z_ABS
DIEGO,equal_candidate,KMEANS,matrix_32_z_abs,3,90,NA,1.279613095237766,Z_ABS
DIEGO,equal_candidate,KMEANS,matrix_32_z_abs,3,95,NA,1.279613095237766,Z_ABS
DIEGO,equal_candidate,KMEANS,matrix_32_z_abs,4,80,NA,1.7449999999995516,Z_ABS
DIEGO,equal_candidate,KMEANS,matrix_32_z_abs,4,85,NA,1.7449999999995516,Z_ABS
DIEGO,equal_candidate,KMEANS,matrix_32_z_abs,4,90,NA,1.7449999999995516,Z_ABS
DIEGO,equal_candidate,KMEANS,matrix_32_z_abs,4,95,NA,1.7449999999995516,Z_ABS
DIEGO,equal_candidate,KMEANS,matrix_32_z_abs,5,80,NA,3.0052976190468454,Z_ABS
DIEGO,equal_candidate,KMEANS,matrix_32_z_abs,5,85,NA,3.0052976190468454,Z_ABS
DIEGO,equal_candidate,KMEANS,matrix_32_z_abs,5,90,NA,3.0052976190468454,Z_ABS
DIEGO,equal_candidate,KMEANS,matrix_32_z_abs,5,95,NA,3.0052976190468454,Z_ABS
DIEGO,equal_candidate,KMEANS,matrix_32_z_abs,6,80,NA,5.757172619046131,Z_ABS
DIEGO,equal_candidate,KMEANS,matrix_32_z_abs,6,85,NA,5.757172619046131,Z_ABS
DIEGO,equal_candidate,KMEANS,matrix_32_z_abs,6,90,NA,5.757172619046131,Z_ABS
DIEGO,equal_candidate,KMEANS,matrix_32_z_abs,6,95,NA,5.757172619046131,Z_ABS
DIEGO,equal_candidate,KMEANS,matrix_32_z_abs,7,80,NA,12.404791666663485,Z_ABS
DIEGO,equal_candidate,KMEANS,matrix_32_z_abs,7,85,NA,12.404791666663485,Z_ABS
DIEGO,equal_candidate,KMEANS,matrix_32_z_abs,7,90,NA,12.404791666663485,Z_ABS
DIEGO,equal_candidate,KMEANS,matrix_32_z_abs,7,95,NA,12.404791666663485,Z_ABS
DIEGO,equal_candidate,KMEANS,matrix_32_z_abs,8,80,NA,24.510476190469863,Z_ABS
DIEGO,equal_candidate,KMEANS,matrix_32_z_abs,8,85,NA,24.510476190469863,Z_ABS
DIEGO,equal_candidate,KMEANS,matrix_32_z_abs,8,90,NA,24.510476190469863,Z_ABS
DIEGO,equal_candidate,KMEANS,matrix_32_z_abs,8,95,NA,24.510476190469863,Z_ABS
DIEGO,equal_candidate,KMEANS,matrix_32_z_abs,9,80,NA,43.78279761903629,Z_ABS
DIEGO,equal_candidate,KMEANS,matrix_32_z_abs,9,85,NA,43.78279761903629,Z_ABS
DIEGO,equal_candidate,KMEANS,matrix_32_z_abs,9,90,NA,43.78279761903629,Z_ABS
DIEGO,equal_candidate,KMEANS,matrix_32_z_abs,9,95,NA,43.78279761903629,Z_ABS
DIEGO,equal_candidate,KMEANS,matrix_32_z_abs,10,80,NA,67.41056547617333,Z_ABS
DIEGO,equal_candidate,KMEANS,matrix_32_z_abs,10,85,NA,67.41056547617333,Z_ABS
DIEGO,equal_candidate,KMEANS,matrix_32_z_abs,10,90,NA,67.41056547617333,Z_ABS
DIEGO,equal_candidate,KMEANS,matrix_32_z_abs,10,95,NA,67.41056547617333,Z_ABS
DIEGO,equal_candidate,EFA,matrix_32_raw_0_1,0,80,NA,0.8436607142856096,RAW
DIEGO,equal_candidate,EFA,matrix_32_raw_0_1,0,85,NA,0.8436607142856096,RAW
DIEGO,equal_candidate,EFA,matrix_32_raw_0_1,0,90,NA,0.8436607142856096,RAW
DIEGO,equal_candidate,EFA,matrix_32_raw_0_1,0,95,NA,0.8436607142856096,RAW
DIEGO,equal_candidate,EFA,matrix_32_raw_0_1,1,80,NA,1.681607142856934,RAW
DIEGO,equal_candidate,EFA,matrix_32_raw_0_1,1,85,NA,1.681607142856934,RAW
DIEGO,equal_candidate,EFA,matrix_32_raw_0_1,1,90,NA,1.681607142856934,RAW
DIEGO,equal_candidate,EFA,matrix_32_raw_0_1,1,95,NA,1.681607142856934,RAW
DIEGO,equal_candidate,EFA,matrix_32_raw_0_1,2,80,NA,3.2042857142853176,RAW
DIEGO,equal_candidate,EFA,matrix_32_raw_0_1,2,85,NA,3.2042857142853176,RAW
DIEGO,equal_candidate,EFA,matrix_32_raw_0_1,2,90,NA,3.2042857142853176,RAW
DIEGO,equal_candidate,EFA,matrix_32_raw_0_1,2,95,NA,3.2042857142853176,RAW
DIEGO,equal_candidate,EFA,matrix_32_raw_0_1,3,80,NA,5.021101190475571,RAW
DIEGO,equal_candidate,EFA,matrix_32_raw_0_1,3,85,NA,5.021101190475571,RAW
DIEGO,equal_candidate,EFA,matrix_32_raw_0_1,3,90,NA,5.021101190475571,RAW
DIEGO,equal_candidate,EFA,matrix_32_raw_0_1,3,95,NA,5.021101190475571,RAW
DIEGO,equal_candidate,EFA,matrix_32_raw_0_1,4,80,NA,8.745416666665522,RAW
DIEGO,equal_candidate,EFA,matrix_32_raw_0_1,4,85,NA,8.745416666665522,RAW
DIEGO,equal_candidate,EFA,matrix_32_raw_0_1,4,90,NA,8.745416666665522,RAW
DIEGO,equal_candidate,EFA,matrix_32_raw_0_1,4,95,NA,8.745416666665522,RAW
DIEGO,equal_candidate,EFA,matrix_32_raw_0_1,5,80,NA,13.83610119047446,RAW
DIEGO,equal_candidate,EFA,matrix_32_raw_0_1,5,85,NA,13.83610119047446,RAW
DIEGO,equal_candidate,EFA,matrix_32_raw_0_1,5,90,NA,13.83610119047446,RAW
DIEGO,equal_candidate,EFA,matrix_32_raw_0_1,5,95,NA,13.83610119047446,RAW
DIEGO,equal_candidate,EFA,matrix_32_raw_0_1,6,80,NA,24.65562499999713,RAW
DIEGO,equal_candidate,EFA,matrix_32_raw_0_1,6,85,NA,24.65562499999713,RAW
DIEGO,equal_candidate,EFA,matrix_32_raw_0_1,6,90,NA,24.65562499999713,RAW
DIEGO,equal_candidate,EFA,matrix_32_raw_0_1,6,95,NA,24.65562499999713,RAW
DIEGO,equal_candidate,EFA,matrix_32_raw_0_1,7,80,NA,35.32991071428152,RAW
DIEGO,equal_candidate,EFA,matrix_32_raw_0_1,7,85,NA,35.32991071428152,RAW
DIEGO,equal_candidate,EFA,matrix_32_raw_0_1,7,90,NA,35.32991071428152,RAW
DIEGO,equal_candidate,EFA,matrix_32_raw_0_1,7,95,NA,35.32991071428152,RAW
DIEGO,equal_candidate,EFA,matrix_32_raw_0_1,8,80,NA,47.18455357142232,RAW
DIEGO,equal_candidate,EFA,matrix_32_raw_0_1,8,85,NA,47.18455357142232,RAW
DIEGO,equal_candidate,EFA,matrix_32_raw_0_1,8,90,NA,47.18455357142232,RAW
DIEGO,equal_candidate,EFA,matrix_32_raw_0_1,8,95,NA,47.18455357142232,RAW
DIEGO,equal_candidate,EFA,matrix_32_raw_0_1,9,80,NA,64.04077380951533,RAW
DIEGO,equal_candidate,EFA,matrix_32_raw_0_1,9,85,NA,64.04077380951533,RAW
DIEGO,equal_candidate,EFA,matrix_32_raw_0_1,9,90,NA,64.04077380951533,RAW
DIEGO,equal_candidate,EFA,matrix_32_raw_0_1,9,95,NA,64.04077380951533,RAW
DIEGO,equal_candidate,EFA,matrix_32_raw_0_1,10,80,12,80.14803571427439,RAW
DIEGO,equal_candidate,EFA,matrix_32_raw_0_1,10,85,NA,80.14803571427439,RAW
DIEGO,equal_candidate,EFA,matrix_32_raw_0_1,10,90,NA,80.14803571427439,RAW
DIEGO,equal_candidate,EFA,matrix_32_raw_0_1,10,95,NA,80.14803571427439,RAW
DIEGO,equal_candidate,EFA,matrix_32_pos_0_1,0,80,NA,0.3437797619047179,POS
DIEGO,equal_candidate,EFA,matrix_32_pos_0_1,0,85,NA,0.3437797619047179,POS
DIEGO,equal_candidate,EFA,matrix_32_pos_0_1,0,90,NA,0.3437797619047179,POS
DIEGO,equal_candidate,EFA,matrix_32_pos_0_1,0,95,NA,0.3437797619047179,POS
DIEGO,equal_candidate,EFA,matrix_32_pos_0_1,1,80,NA,0.8551785714284618,POS
DIEGO,equal_candidate,EFA,matrix_32_pos_0_1,1,85,NA,0.8551785714284618,POS
DIEGO,equal_candidate,EFA,matrix_32_pos_0_1,1,90,NA,0.8551785714284618,POS
DIEGO,equal_candidate,EFA,matrix_32_pos_0_1,1,95,NA,0.8551785714284618,POS
DIEGO,equal_candidate,EFA,matrix_32_pos_0_1,2,80,NA,1.7618452380950118,POS
DIEGO,equal_candidate,EFA,matrix_32_pos_0_1,2,85,NA,1.7618452380950118,POS
DIEGO,equal_candidate,EFA,matrix_32_pos_0_1,2,90,NA,1.7618452380950118,POS
DIEGO,equal_candidate,EFA,matrix_32_pos_0_1,2,95,NA,1.7618452380950118,POS
DIEGO,equal_candidate,EFA,matrix_32_pos_0_1,3,80,NA,2.959464285713908,POS
DIEGO,equal_candidate,EFA,matrix_32_pos_0_1,3,85,NA,2.959464285713908,POS
DIEGO,equal_candidate,EFA,matrix_32_pos_0_1,3,90,NA,2.959464285713908,POS
DIEGO,equal_candidate,EFA,matrix_32_pos_0_1,3,95,NA,2.959464285713908,POS
DIEGO,equal_candidate,EFA,matrix_32_pos_0_1,4,80,NA,4.659374999999412,POS
DIEGO,equal_candidate,EFA,matrix_32_pos_0_1,4,85,NA,4.659374999999412,POS
DIEGO,equal_candidate,EFA,matrix_32_pos_0_1,4,90,NA,4.659374999999412,POS
DIEGO,equal_candidate,EFA,matrix_32_pos_0_1,4,95,NA,4.659374999999412,POS
DIEGO,equal_candidate,EFA,matrix_32_pos_0_1,5,80,NA,7.757351190475171,POS
DIEGO,equal_candidate,EFA,matrix_32_pos_0_1,5,85,NA,7.757351190475171,POS
DIEGO,equal_candidate,EFA,matrix_32_pos_0_1,5,90,NA,7.757351190475171,POS
DIEGO,equal_candidate,EFA,matrix_32_pos_0_1,5,95,NA,7.757351190475171,POS
DIEGO,equal_candidate,EFA,matrix_32_pos_0_1,6,80,NA,13.859642857140964,POS
DIEGO,equal_candidate,EFA,matrix_32_pos_0_1,6,85,NA,13.859642857140964,POS
DIEGO,equal_candidate,EFA,matrix_32_pos_0_1,6,90,NA,13.859642857140964,POS
DIEGO,equal_candidate,EFA,matrix_32_pos_0_1,6,95,NA,13.859642857140964,POS
DIEGO,equal_candidate,EFA,matrix_32_pos_0_1,7,80,NA,22.185446428568795,POS
DIEGO,equal_candidate,EFA,matrix_32_pos_0_1,7,85,NA,22.185446428568795,POS
DIEGO,equal_candidate,EFA,matrix_32_pos_0_1,7,90,NA,22.185446428568795,POS
DIEGO,equal_candidate,EFA,matrix_32_pos_0_1,7,95,NA,22.185446428568795,POS
DIEGO,equal_candidate,EFA,matrix_32_pos_0_1,8,80,NA,38.47098214285246,POS
DIEGO,equal_candidate,EFA,matrix_32_pos_0_1,8,85,NA,38.47098214285246,POS
DIEGO,equal_candidate,EFA,matrix_32_pos_0_1,8,90,NA,38.47098214285246,POS
DIEGO,equal_candidate,EFA,matrix_32_pos_0_1,8,95,NA,38.47098214285246,POS
DIEGO,equal_candidate,EFA,matrix_32_pos_0_1,9,80,NA,56.617202380944605,POS
DIEGO,equal_candidate,EFA,matrix_32_pos_0_1,9,85,NA,56.617202380944605,POS
DIEGO,equal_candidate,EFA,matrix_32_pos_0_1,9,90,NA,56.617202380944605,POS
DIEGO,equal_candidate,EFA,matrix_32_pos_0_1,9,95,NA,56.617202380944605,POS
DIEGO,equal_candidate,EFA,matrix_32_pos_0_1,10,80,NA,76.09050595237025,POS
DIEGO,equal_candidate,EFA,matrix_32_pos_0_1,10,85,NA,76.09050595237025,POS
DIEGO,equal_candidate,EFA,matrix_32_pos_0_1,10,90,NA,76.09050595237025,POS
DIEGO,equal_candidate,EFA,matrix_32_pos_0_1,10,95,NA,76.09050595237025,POS
DIEGO,equal_candidate,EFA,matrix_32_ext_0_1,0,80,NA,0.23223214285710775,EXT
DIEGO,equal_candidate,EFA,matrix_32_ext_0_1,0,85,NA,0.23223214285710775,EXT
DIEGO,equal_candidate,EFA,matrix_32_ext_0_1,0,90,NA,0.23223214285710775,EXT
DIEGO,equal_candidate,EFA,matrix_32_ext_0_1,0,95,NA,0.23223214285710775,EXT
DIEGO,equal_candidate,EFA,matrix_32_ext_0_1,1,80,NA,0.6241071428570485,EXT
DIEGO,equal_candidate,EFA,matrix_32_ext_0_1,1,85,NA,0.6241071428570485,EXT
DIEGO,equal_candidate,EFA,matrix_32_ext_0_1,1,90,NA,0.6241071428570485,EXT
DIEGO,equal_candidate,EFA,matrix_32_ext_0_1,1,95,NA,0.6241071428570485,EXT
DIEGO,equal_candidate,EFA,matrix_32_ext_0_1,2,80,NA,0.9241666666665272,EXT
DIEGO,equal_candidate,EFA,matrix_32_ext_0_1,2,85,NA,0.9241666666665272,EXT
DIEGO,equal_candidate,EFA,matrix_32_ext_0_1,2,90,NA,0.9241666666665272,EXT
DIEGO,equal_candidate,EFA,matrix_32_ext_0_1,2,95,NA,0.9241666666665272,EXT
DIEGO,equal_candidate,EFA,matrix_32_ext_0_1,3,80,NA,1.2072619047617223,EXT
DIEGO,equal_candidate,EFA,matrix_32_ext_0_1,3,85,NA,1.2072619047617223,EXT
DIEGO,equal_candidate,EFA,matrix_32_ext_0_1,3,90,NA,1.2072619047617223,EXT
DIEGO,equal_candidate,EFA,matrix_32_ext_0_1,3,95,NA,1.2072619047617223,EXT
DIEGO,equal_candidate,EFA,matrix_32_ext_0_1,4,80,NA,1.544821428571196,EXT
DIEGO,equal_candidate,EFA,matrix_32_ext_0_1,4,85,NA,1.544821428571196,EXT
DIEGO,equal_candidate,EFA,matrix_32_ext_0_1,4,90,NA,1.544821428571196,EXT
DIEGO,equal_candidate,EFA,matrix_32_ext_0_1,4,95,NA,1.544821428571196,EXT
DIEGO,equal_candidate,EFA,matrix_32_ext_0_1,5,80,NA,2.125267857142537,EXT
DIEGO,equal_candidate,EFA,matrix_32_ext_0_1,5,85,NA,2.125267857142537,EXT
DIEGO,equal_candidate,EFA,matrix_32_ext_0_1,5,90,NA,2.125267857142537,EXT
DIEGO,equal_candidate,EFA,matrix_32_ext_0_1,5,95,NA,2.125267857142537,EXT
DIEGO,equal_candidate,EFA,matrix_32_ext_0_1,6,80,NA,3.568869047618506,EXT
DIEGO,equal_candidate,EFA,matrix_32_ext_0_1,6,85,NA,3.568869047618506,EXT
DIEGO,equal_candidate,EFA,matrix_32_ext_0_1,6,90,NA,3.568869047618506,EXT
DIEGO,equal_candidate,EFA,matrix_32_ext_0_1,6,95,NA,3.568869047618506,EXT
DIEGO,equal_candidate,EFA,matrix_32_ext_0_1,7,80,NA,7.273749999998899,EXT
DIEGO,equal_candidate,EFA,matrix_32_ext_0_1,7,85,NA,7.273749999998899,EXT
DIEGO,equal_candidate,EFA,matrix_32_ext_0_1,7,90,NA,7.273749999998899,EXT
DIEGO,equal_candidate,EFA,matrix_32_ext_0_1,7,95,NA,7.273749999998899,EXT
DIEGO,equal_candidate,EFA,matrix_32_ext_0_1,8,80,NA,17.194404761902174,EXT
DIEGO,equal_candidate,EFA,matrix_32_ext_0_1,8,85,NA,17.194404761902174,EXT
DIEGO,equal_candidate,EFA,matrix_32_ext_0_1,8,90,NA,17.194404761902174,EXT
DIEGO,equal_candidate,EFA,matrix_32_ext_0_1,8,95,NA,17.194404761902174,EXT
DIEGO,equal_candidate,EFA,matrix_32_ext_0_1,9,80,NA,37.95002976189911,EXT
DIEGO,equal_candidate,EFA,matrix_32_ext_0_1,9,85,NA,37.95002976189911,EXT
DIEGO,equal_candidate,EFA,matrix_32_ext_0_1,9,90,NA,37.95002976189911,EXT
DIEGO,equal_candidate,EFA,matrix_32_ext_0_1,9,95,NA,37.95002976189911,EXT
DIEGO,equal_candidate,EFA,matrix_32_ext_0_1,10,80,NA,55.5452083333246,EXT
DIEGO,equal_candidate,EFA,matrix_32_ext_0_1,10,85,NA,55.5452083333246,EXT
DIEGO,equal_candidate,EFA,matrix_32_ext_0_1,10,90,NA,55.5452083333246,EXT
DIEGO,equal_candidate,EFA,matrix_32_ext_0_1,10,95,NA,55.5452083333246,EXT
DIEGO,equal_candidate,EFA,matrix_32_z_abs,0,80,NA,0.22806547619044223,Z_ABS
DIEGO,equal_candidate,EFA,matrix_32_z_abs,0,85,NA,0.22806547619044223,Z_ABS
DIEGO,equal_candidate,EFA,matrix_32_z_abs,0,90,NA,0.22806547619044223,Z_ABS
DIEGO,equal_candidate,EFA,matrix_32_z_abs,0,95,NA,0.22806547619044223,Z_ABS
DIEGO,equal_candidate,EFA,matrix_32_z_abs,1,80,NA,0.6265773809522878,Z_ABS
DIEGO,equal_candidate,EFA,matrix_32_z_abs,1,85,NA,0.6265773809522878,Z_ABS
DIEGO,equal_candidate,EFA,matrix_32_z_abs,1,90,NA,0.6265773809522878,Z_ABS
DIEGO,equal_candidate,EFA,matrix_32_z_abs,1,95,NA,0.6265773809522878,Z_ABS
DIEGO,equal_candidate,EFA,matrix_32_z_abs,2,80,NA,0.9401190476189076,Z_ABS
DIEGO,equal_candidate,EFA,matrix_32_z_abs,2,85,NA,0.9401190476189076,Z_ABS
DIEGO,equal_candidate,EFA,matrix_32_z_abs,2,90,NA,0.9401190476189076,Z_ABS
DIEGO,equal_candidate,EFA,matrix_32_z_abs,2,95,NA,0.9401190476189076,Z_ABS
DIEGO,equal_candidate,EFA,matrix_32_z_abs,3,80,NA,1.2223809523807707,Z_ABS
DIEGO,equal_candidate,EFA,matrix_32_z_abs,3,85,NA,1.2223809523807707,Z_ABS
DIEGO,equal_candidate,EFA,matrix_32_z_abs,3,90,NA,1.2223809523807707,Z_ABS
DIEGO,equal_candidate,EFA,matrix_32_z_abs,3,95,NA,1.2223809523807707,Z_ABS
DIEGO,equal_candidate,EFA,matrix_32_z_abs,4,80,NA,1.5318154761902487,Z_ABS
DIEGO,equal_candidate,EFA,matrix_32_z_abs,4,85,NA,1.5318154761902487,Z_ABS
DIEGO,equal_candidate,EFA,matrix_32_z_abs,4,90,NA,1.5318154761902487,Z_ABS
DIEGO,equal_candidate,EFA,matrix_32_z_abs,4,95,NA,1.5318154761902487,Z_ABS
DIEGO,equal_candidate,EFA,matrix_32_z_abs,5,80,NA,2.0184821428568434,Z_ABS
DIEGO,equal_candidate,EFA,matrix_32_z_abs,5,85,NA,2.0184821428568434,Z_ABS
DIEGO,equal_candidate,EFA,matrix_32_z_abs,5,90,NA,2.0184821428568434,Z_ABS
DIEGO,equal_candidate,EFA,matrix_32_z_abs,5,95,NA,2.0184821428568434,Z_ABS
DIEGO,equal_candidate,EFA,matrix_32_z_abs,6,80,NA,3.6404761904756473,Z_ABS
DIEGO,equal_candidate,EFA,matrix_32_z_abs,6,85,NA,3.6404761904756473,Z_ABS
DIEGO,equal_candidate,EFA,matrix_32_z_abs,6,90,NA,3.6404761904756473,Z_ABS
DIEGO,equal_candidate,EFA,matrix_32_z_abs,6,95,NA,3.6404761904756473,Z_ABS
DIEGO,equal_candidate,EFA,matrix_32_z_abs,7,80,NA,7.614315476189338,Z_ABS
DIEGO,equal_candidate,EFA,matrix_32_z_abs,7,85,NA,7.614315476189338,Z_ABS
DIEGO,equal_candidate,EFA,matrix_32_z_abs,7,90,NA,7.614315476189338,Z_ABS
DIEGO,equal_candidate,EFA,matrix_32_z_abs,7,95,NA,7.614315476189338,Z_ABS
DIEGO,equal_candidate,EFA,matrix_32_z_abs,8,80,NA,18.06014880952113,Z_ABS
DIEGO,equal_candidate,EFA,matrix_32_z_abs,8,85,NA,18.06014880952113,Z_ABS
DIEGO,equal_candidate,EFA,matrix_32_z_abs,8,90,NA,18.06014880952113,Z_ABS
DIEGO,equal_candidate,EFA,matrix_32_z_abs,8,95,NA,18.06014880952113,Z_ABS
DIEGO,equal_candidate,EFA,matrix_32_z_abs,9,80,NA,33.36860119047125,Z_ABS
DIEGO,equal_candidate,EFA,matrix_32_z_abs,9,85,NA,33.36860119047125,Z_ABS
DIEGO,equal_candidate,EFA,matrix_32_z_abs,9,90,NA,33.36860119047125,Z_ABS
DIEGO,equal_candidate,EFA,matrix_32_z_abs,9,95,NA,33.36860119047125,Z_ABS
DIEGO,equal_candidate,EFA,matrix_32_z_abs,10,80,NA,60.027380952372134,Z_ABS
DIEGO,equal_candidate,EFA,matrix_32_z_abs,10,85,NA,60.027380952372134,Z_ABS
DIEGO,equal_candidate,EFA,matrix_32_z_abs,10,90,NA,60.027380952372134,Z_ABS
DIEGO,equal_candidate,EFA,matrix_32_z_abs,10,95,NA,60.027380952372134,Z_ABS
RENOVISOR,equal_candidate,KMEANS,matrix_32_raw_0_1,0,80,NA,3.963720238095135,RAW
RENOVISOR,equal_candidate,KMEANS,matrix_32_raw_0_1,0,85,NA,3.963720238095135,RAW
RENOVISOR,equal_candidate,KMEANS,matrix_32_raw_0_1,0,90,NA,3.963720238095135,RAW
RENOVISOR,equal_candidate,KMEANS,matrix_32_raw_0_1,0,95,NA,3.963720238095135,RAW
RENOVISOR,equal_candidate,KMEANS,matrix_32_raw_0_1,1,80,NA,12.888005952380626,RAW
RENOVISOR,equal_candidate,KMEANS,matrix_32_raw_0_1,1,85,NA,12.888005952380626,RAW
RENOVISOR,equal_candidate,KMEANS,matrix_32_raw_0_1,1,90,NA,12.888005952380626,RAW
RENOVISOR,equal_candidate,KMEANS,matrix_32_raw_0_1,1,95,NA,12.888005952380626,RAW
RENOVISOR,equal_candidate,KMEANS,matrix_32_raw_0_1,2,80,NA,33.703928571427696,RAW
RENOVISOR,equal_candidate,KMEANS,matrix_32_raw_0_1,2,85,NA,33.703928571427696,RAW
RENOVISOR,equal_candidate,KMEANS,matrix_32_raw_0_1,2,90,NA,33.703928571427696,RAW
RENOVISOR,equal_candidate,KMEANS,matrix_32_raw_0_1,2,95,NA,33.703928571427696,RAW
RENOVISOR,equal_candidate,KMEANS,matrix_32_raw_0_1,3,80,NA,55.160357142855666,RAW
RENOVISOR,equal_candidate,KMEANS,matrix_32_raw_0_1,3,85,NA,55.160357142855666,RAW
RENOVISOR,equal_candidate,KMEANS,matrix_32_raw_0_1,3,90,NA,55.160357142855666,RAW
RENOVISOR,equal_candidate,KMEANS,matrix_32_raw_0_1,3,95,NA,55.160357142855666,RAW
RENOVISOR,equal_candidate,KMEANS,matrix_32_raw_0_1,4,80,NA,77.8127083333314,RAW
RENOVISOR,equal_candidate,KMEANS,matrix_32_raw_0_1,4,85,NA,77.8127083333314,RAW
RENOVISOR,equal_candidate,KMEANS,matrix_32_raw_0_1,4,90,NA,77.8127083333314,RAW
RENOVISOR,equal_candidate,KMEANS,matrix_32_raw_0_1,4,95,NA,77.8127083333314,RAW
RENOVISOR,equal_candidate,KMEANS,matrix_32_raw_0_1,5,80,8,91.00812499999756,RAW
RENOVISOR,equal_candidate,KMEANS,matrix_32_raw_0_1,5,85,10,91.00812499999756,RAW
RENOVISOR,equal_candidate,KMEANS,matrix_32_raw_0_1,5,90,12,91.00812499999756,RAW
RENOVISOR,equal_candidate,KMEANS,matrix_32_raw_0_1,5,95,NA,91.00812499999756,RAW
RENOVISOR,equal_candidate,KMEANS,matrix_32_raw_0_1,6,80,6,96.33467261904512,RAW
RENOVISOR,equal_candidate,KMEANS,matrix_32_raw_0_1,6,85,7,96.33467261904512,RAW
RENOVISOR,equal_candidate,KMEANS,matrix_32_raw_0_1,6,90,9,96.33467261904512,RAW
RENOVISOR,equal_candidate,KMEANS,matrix_32_raw_0_1,6,95,10,96.33467261904512,RAW
RENOVISOR,equal_candidate,KMEANS,matrix_32_raw_0_1,7,80,5,98.29833333333106,RAW
RENOVISOR,equal_candidate,KMEANS,matrix_32_raw_0_1,7,85,5,98.29833333333106,RAW
RENOVISOR,equal_candidate,KMEANS,matrix_32_raw_0_1,7,90,6,98.29833333333106,RAW
RENOVISOR,equal_candidate,KMEANS,matrix_32_raw_0_1,7,95,7,98.29833333333106,RAW
RENOVISOR,equal_candidate,KMEANS,matrix_32_raw_0_1,8,80,4,99.5924107142836,RAW
RENOVISOR,equal_candidate,KMEANS,matrix_32_raw_0_1,8,85,5,99.5924107142836,RAW
RENOVISOR,equal_candidate,KMEANS,matrix_32_raw_0_1,8,90,5,99.5924107142836,RAW
RENOVISOR,equal_candidate,KMEANS,matrix_32_raw_0_1,8,95,6,99.5924107142836,RAW
RENOVISOR,equal_candidate,KMEANS,matrix_32_raw_0_1,9,80,3,99.92276785714064,RAW
RENOVISOR,equal_candidate,KMEANS,matrix_32_raw_0_1,9,85,3,99.92276785714064,RAW
RENOVISOR,equal_candidate,KMEANS,matrix_32_raw_0_1,9,90,3,99.92276785714064,RAW
RENOVISOR,equal_candidate,KMEANS,matrix_32_raw_0_1,9,95,4,99.92276785714064,RAW
RENOVISOR,equal_candidate,KMEANS,matrix_32_raw_0_1,10,80,2,99.9906249999984,RAW
RENOVISOR,equal_candidate,KMEANS,matrix_32_raw_0_1,10,85,2,99.9906249999984,RAW
RENOVISOR,equal_candidate,KMEANS,matrix_32_raw_0_1,10,90,3,99.9906249999984,RAW
RENOVISOR,equal_candidate,KMEANS,matrix_32_raw_0_1,10,95,4,99.9906249999984,RAW
RENOVISOR,equal_candidate,KMEANS,matrix_32_pos_0_1,0,80,NA,6.657946428571326,POS
RENOVISOR,equal_candidate,KMEANS,matrix_32_pos_0_1,0,85,NA,6.657946428571326,POS
RENOVISOR,equal_candidate,KMEANS,matrix_32_pos_0_1,0,90,NA,6.657946428571326,POS
RENOVISOR,equal_candidate,KMEANS,matrix_32_pos_0_1,0,95,NA,6.657946428571326,POS
RENOVISOR,equal_candidate,KMEANS,matrix_32_pos_0_1,1,80,NA,24.455386904761543,POS
RENOVISOR,equal_candidate,KMEANS,matrix_32_pos_0_1,1,85,NA,24.455386904761543,POS
RENOVISOR,equal_candidate,KMEANS,matrix_32_pos_0_1,1,90,NA,24.455386904761543,POS
RENOVISOR,equal_candidate,KMEANS,matrix_32_pos_0_1,1,95,NA,24.455386904761543,POS
RENOVISOR,equal_candidate,KMEANS,matrix_32_pos_0_1,2,80,NA,50.61690476190402,POS
RENOVISOR,equal_candidate,KMEANS,matrix_32_pos_0_1,2,85,NA,50.61690476190402,POS
RENOVISOR,equal_candidate,KMEANS,matrix_32_pos_0_1,2,90,NA,50.61690476190402,POS
RENOVISOR,equal_candidate,KMEANS,matrix_32_pos_0_1,2,95,NA,50.61690476190402,POS
RENOVISOR,equal_candidate,KMEANS,matrix_32_pos_0_1,3,80,NA,75.04377976190372,POS
RENOVISOR,equal_candidate,KMEANS,matrix_32_pos_0_1,3,85,NA,75.04377976190372,POS
RENOVISOR,equal_candidate,KMEANS,matrix_32_pos_0_1,3,90,NA,75.04377976190372,POS
RENOVISOR,equal_candidate,KMEANS,matrix_32_pos_0_1,3,95,NA,75.04377976190372,POS
RENOVISOR,equal_candidate,KMEANS,matrix_32_pos_0_1,4,80,9,89.18717261904646,POS
RENOVISOR,equal_candidate,KMEANS,matrix_32_pos_0_1,4,85,10,89.18717261904646,POS
RENOVISOR,equal_candidate,KMEANS,matrix_32_pos_0_1,4,90,NA,89.18717261904646,POS
RENOVISOR,equal_candidate,KMEANS,matrix_32_pos_0_1,4,95,NA,89.18717261904646,POS
RENOVISOR,equal_candidate,KMEANS,matrix_32_pos_0_1,5,80,6,94.97633928571322,POS
RENOVISOR,equal_candidate,KMEANS,matrix_32_pos_0_1,5,85,8,94.97633928571322,POS
RENOVISOR,equal_candidate,KMEANS,matrix_32_pos_0_1,5,90,10,94.97633928571322,POS
RENOVISOR,equal_candidate,KMEANS,matrix_32_pos_0_1,5,95,NA,94.97633928571322,POS
RENOVISOR,equal_candidate,KMEANS,matrix_32_pos_0_1,6,80,4,97.8179464285704,POS
RENOVISOR,equal_candidate,KMEANS,matrix_32_pos_0_1,6,85,4,97.8179464285704,POS
RENOVISOR,equal_candidate,KMEANS,matrix_32_pos_0_1,6,90,6,97.8179464285704,POS
RENOVISOR,equal_candidate,KMEANS,matrix_32_pos_0_1,6,95,6,97.8179464285704,POS
RENOVISOR,equal_candidate,KMEANS,matrix_32_pos_0_1,7,80,2,99.23005952380856,POS
RENOVISOR,equal_candidate,KMEANS,matrix_32_pos_0_1,7,85,2,99.23005952380856,POS
RENOVISOR,equal_candidate,KMEANS,matrix_32_pos_0_1,7,90,3,99.23005952380856,POS
RENOVISOR,equal_candidate,KMEANS,matrix_32_pos_0_1,7,95,4,99.23005952380856,POS
RENOVISOR,equal_candidate,KMEANS,matrix_32_pos_0_1,8,80,1,99.87946428571362,POS
RENOVISOR,equal_candidate,KMEANS,matrix_32_pos_0_1,8,85,1,99.87946428571362,POS
RENOVISOR,equal_candidate,KMEANS,matrix_32_pos_0_1,8,90,2,99.87946428571362,POS
RENOVISOR,equal_candidate,KMEANS,matrix_32_pos_0_1,8,95,3,99.87946428571362,POS
RENOVISOR,equal_candidate,KMEANS,matrix_32_pos_0_1,9,80,1,99.96562499999962,POS
RENOVISOR,equal_candidate,KMEANS,matrix_32_pos_0_1,9,85,1,99.96562499999962,POS
RENOVISOR,equal_candidate,KMEANS,matrix_32_pos_0_1,9,90,1,99.96562499999962,POS
RENOVISOR,equal_candidate,KMEANS,matrix_32_pos_0_1,9,95,2,99.96562499999962,POS
RENOVISOR,equal_candidate,KMEANS,matrix_32_pos_0_1,10,80,1,99.99999999999972,POS
RENOVISOR,equal_candidate,KMEANS,matrix_32_pos_0_1,10,85,1,99.99999999999972,POS
RENOVISOR,equal_candidate,KMEANS,matrix_32_pos_0_1,10,90,1,99.99999999999972,POS
RENOVISOR,equal_candidate,KMEANS,matrix_32_pos_0_1,10,95,1,99.99999999999972,POS
RENOVISOR,equal_candidate,KMEANS,matrix_32_ext_0_1,0,80,NA,6.4097023809523925,EXT
RENOVISOR,equal_candidate,KMEANS,matrix_32_ext_0_1,0,85,NA,6.4097023809523925,EXT
RENOVISOR,equal_candidate,KMEANS,matrix_32_ext_0_1,0,90,NA,6.4097023809523925,EXT
RENOVISOR,equal_candidate,KMEANS,matrix_32_ext_0_1,0,95,NA,6.4097023809523925,EXT
RENOVISOR,equal_candidate,KMEANS,matrix_32_ext_0_1,1,80,NA,14.399970238095271,EXT
RENOVISOR,equal_candidate,KMEANS,matrix_32_ext_0_1,1,85,NA,14.399970238095271,EXT
RENOVISOR,equal_candidate,KMEANS,matrix_32_ext_0_1,1,90,NA,14.399970238095271,EXT
RENOVISOR,equal_candidate,KMEANS,matrix_32_ext_0_1,1,95,NA,14.399970238095271,EXT
RENOVISOR,equal_candidate,KMEANS,matrix_32_ext_0_1,2,80,NA,32.71333333333341,EXT
RENOVISOR,equal_candidate,KMEANS,matrix_32_ext_0_1,2,85,NA,32.71333333333341,EXT
RENOVISOR,equal_candidate,KMEANS,matrix_32_ext_0_1,2,90,NA,32.71333333333341,EXT
RENOVISOR,equal_candidate,KMEANS,matrix_32_ext_0_1,2,95,NA,32.71333333333341,EXT
RENOVISOR,equal_candidate,KMEANS,matrix_32_ext_0_1,3,80,NA,47.6938690476192,EXT
RENOVISOR,equal_candidate,KMEANS,matrix_32_ext_0_1,3,85,NA,47.6938690476192,EXT
RENOVISOR,equal_candidate,KMEANS,matrix_32_ext_0_1,3,90,NA,47.6938690476192,EXT
RENOVISOR,equal_candidate,KMEANS,matrix_32_ext_0_1,3,95,NA,47.6938690476192,EXT
RENOVISOR,equal_candidate,KMEANS,matrix_32_ext_0_1,4,80,NA,66.1852678571426,EXT
RENOVISOR,equal_candidate,KMEANS,matrix_32_ext_0_1,4,85,NA,66.1852678571426,EXT
RENOVISOR,equal_candidate,KMEANS,matrix_32_ext_0_1,4,90,NA,66.1852678571426,EXT
RENOVISOR,equal_candidate,KMEANS,matrix_32_ext_0_1,4,95,NA,66.1852678571426,EXT
RENOVISOR,equal_candidate,KMEANS,matrix_32_ext_0_1,5,80,NA,79.10011904761893,EXT
RENOVISOR,equal_candidate,KMEANS,matrix_32_ext_0_1,5,85,NA,79.10011904761893,EXT
RENOVISOR,equal_candidate,KMEANS,matrix_32_ext_0_1,5,90,NA,79.10011904761893,EXT
RENOVISOR,equal_candidate,KMEANS,matrix_32_ext_0_1,5,95,NA,79.10011904761893,EXT
RENOVISOR,equal_candidate,KMEANS,matrix_32_ext_0_1,6,80,6,89.47901785714288,EXT
RENOVISOR,equal_candidate,KMEANS,matrix_32_ext_0_1,6,85,9,89.47901785714288,EXT
RENOVISOR,equal_candidate,KMEANS,matrix_32_ext_0_1,6,90,NA,89.47901785714288,EXT
RENOVISOR,equal_candidate,KMEANS,matrix_32_ext_0_1,6,95,NA,89.47901785714288,EXT
RENOVISOR,equal_candidate,KMEANS,matrix_32_ext_0_1,7,80,4,95.78681547619192,EXT
RENOVISOR,equal_candidate,KMEANS,matrix_32_ext_0_1,7,85,4,95.78681547619192,EXT
RENOVISOR,equal_candidate,KMEANS,matrix_32_ext_0_1,7,90,7,95.78681547619192,EXT
RENOVISOR,equal_candidate,KMEANS,matrix_32_ext_0_1,7,95,11,95.78681547619192,EXT
RENOVISOR,equal_candidate,KMEANS,matrix_32_ext_0_1,8,80,3,98.5224404761926,EXT
RENOVISOR,equal_candidate,KMEANS,matrix_32_ext_0_1,8,85,4,98.5224404761926,EXT
RENOVISOR,equal_candidate,KMEANS,matrix_32_ext_0_1,8,90,4,98.5224404761926,EXT
RENOVISOR,equal_candidate,KMEANS,matrix_32_ext_0_1,8,95,6,98.5224404761926,EXT
RENOVISOR,equal_candidate,KMEANS,matrix_32_ext_0_1,9,80,2,99.59357142857417,EXT
RENOVISOR,equal_candidate,KMEANS,matrix_32_ext_0_1,9,85,3,99.59357142857417,EXT
RENOVISOR,equal_candidate,KMEANS,matrix_32_ext_0_1,9,90,3,99.59357142857417,EXT
RENOVISOR,equal_candidate,KMEANS,matrix_32_ext_0_1,9,95,5,99.59357142857417,EXT
RENOVISOR,equal_candidate,KMEANS,matrix_32_ext_0_1,10,80,2,99.9906250000033,EXT
RENOVISOR,equal_candidate,KMEANS,matrix_32_ext_0_1,10,85,2,99.9906250000033,EXT
RENOVISOR,equal_candidate,KMEANS,matrix_32_ext_0_1,10,90,2,99.9906250000033,EXT
RENOVISOR,equal_candidate,KMEANS,matrix_32_ext_0_1,10,95,4,99.9906250000033,EXT
RENOVISOR,equal_candidate,KMEANS,matrix_32_z_abs,0,80,NA,2.2719940476189535,Z_ABS
RENOVISOR,equal_candidate,KMEANS,matrix_32_z_abs,0,85,NA,2.2719940476189535,Z_ABS
RENOVISOR,equal_candidate,KMEANS,matrix_32_z_abs,0,90,NA,2.2719940476189535,Z_ABS
RENOVISOR,equal_candidate,KMEANS,matrix_32_z_abs,0,95,NA,2.2719940476189535,Z_ABS
RENOVISOR,equal_candidate,KMEANS,matrix_32_z_abs,1,80,NA,5.732886904761667,Z_ABS
RENOVISOR,equal_candidate,KMEANS,matrix_32_z_abs,1,85,NA,5.732886904761667,Z_ABS
RENOVISOR,equal_candidate,KMEANS,matrix_32_z_abs,1,90,NA,5.732886904761667,Z_ABS
RENOVISOR,equal_candidate,KMEANS,matrix_32_z_abs,1,95,NA,5.732886904761667,Z_ABS
RENOVISOR,equal_candidate,KMEANS,matrix_32_z_abs,2,80,NA,12.94095238095183,Z_ABS
RENOVISOR,equal_candidate,KMEANS,matrix_32_z_abs,2,85,NA,12.94095238095183,Z_ABS
RENOVISOR,equal_candidate,KMEANS,matrix_32_z_abs,2,90,NA,12.94095238095183,Z_ABS
RENOVISOR,equal_candidate,KMEANS,matrix_32_z_abs,2,95,NA,12.94095238095183,Z_ABS
RENOVISOR,equal_candidate,KMEANS,matrix_32_z_abs,3,80,NA,19.83999999999912,Z_ABS
RENOVISOR,equal_candidate,KMEANS,matrix_32_z_abs,3,85,NA,19.83999999999912,Z_ABS
RENOVISOR,equal_candidate,KMEANS,matrix_32_z_abs,3,90,NA,19.83999999999912,Z_ABS
RENOVISOR,equal_candidate,KMEANS,matrix_32_z_abs,3,95,NA,19.83999999999912,Z_ABS
RENOVISOR,equal_candidate,KMEANS,matrix_32_z_abs,4,80,NA,29.737738095236864,Z_ABS
RENOVISOR,equal_candidate,KMEANS,matrix_32_z_abs,4,85,NA,29.737738095236864,Z_ABS
RENOVISOR,equal_candidate,KMEANS,matrix_32_z_abs,4,90,NA,29.737738095236864,Z_ABS
RENOVISOR,equal_candidate,KMEANS,matrix_32_z_abs,4,95,NA,29.737738095236864,Z_ABS
RENOVISOR,equal_candidate,KMEANS,matrix_32_z_abs,5,80,NA,37.76080357142721,Z_ABS
RENOVISOR,equal_candidate,KMEANS,matrix_32_z_abs,5,85,NA,37.76080357142721,Z_ABS
RENOVISOR,equal_candidate,KMEANS,matrix_32_z_abs,5,90,NA,37.76080357142721,Z_ABS
RENOVISOR,equal_candidate,KMEANS,matrix_32_z_abs,5,95,NA,37.76080357142721,Z_ABS
RENOVISOR,equal_candidate,KMEANS,matrix_32_z_abs,6,80,NA,47.10044642856974,Z_ABS
RENOVISOR,equal_candidate,KMEANS,matrix_32_z_abs,6,85,NA,47.10044642856974,Z_ABS
RENOVISOR,equal_candidate,KMEANS,matrix_32_z_abs,6,90,NA,47.10044642856974,Z_ABS
RENOVISOR,equal_candidate,KMEANS,matrix_32_z_abs,6,95,NA,47.10044642856974,Z_ABS
RENOVISOR,equal_candidate,KMEANS,matrix_32_z_abs,7,80,NA,65.82857142856795,Z_ABS
RENOVISOR,equal_candidate,KMEANS,matrix_32_z_abs,7,85,NA,65.82857142856795,Z_ABS
RENOVISOR,equal_candidate,KMEANS,matrix_32_z_abs,7,90,NA,65.82857142856795,Z_ABS
RENOVISOR,equal_candidate,KMEANS,matrix_32_z_abs,7,95,NA,65.82857142856795,Z_ABS
RENOVISOR,equal_candidate,KMEANS,matrix_32_z_abs,8,80,NA,77.70318452380543,Z_ABS
RENOVISOR,equal_candidate,KMEANS,matrix_32_z_abs,8,85,NA,77.70318452380543,Z_ABS
RENOVISOR,equal_candidate,KMEANS,matrix_32_z_abs,8,90,NA,77.70318452380543,Z_ABS
RENOVISOR,equal_candidate,KMEANS,matrix_32_z_abs,8,95,NA,77.70318452380543,Z_ABS
RENOVISOR,equal_candidate,KMEANS,matrix_32_z_abs,9,80,8,87.33238095237672,Z_ABS
RENOVISOR,equal_candidate,KMEANS,matrix_32_z_abs,9,85,10,87.33238095237672,Z_ABS
RENOVISOR,equal_candidate,KMEANS,matrix_32_z_abs,9,90,NA,87.33238095237672,Z_ABS
RENOVISOR,equal_candidate,KMEANS,matrix_32_z_abs,9,95,NA,87.33238095237672,Z_ABS
RENOVISOR,equal_candidate,KMEANS,matrix_32_z_abs,10,80,8,94.50098214285217,Z_ABS
RENOVISOR,equal_candidate,KMEANS,matrix_32_z_abs,10,85,8,94.50098214285217,Z_ABS
RENOVISOR,equal_candidate,KMEANS,matrix_32_z_abs,10,90,10,94.50098214285217,Z_ABS
RENOVISOR,equal_candidate,KMEANS,matrix_32_z_abs,10,95,NA,94.50098214285217,Z_ABS
RENOVISOR,equal_candidate,EFA,matrix_32_raw_0_1,0,80,NA,7.368720238095259,RAW
RENOVISOR,equal_candidate,EFA,matrix_32_raw_0_1,0,85,NA,7.368720238095259,RAW
RENOVISOR,equal_candidate,EFA,matrix_32_raw_0_1,0,90,NA,7.368720238095259,RAW
RENOVISOR,equal_candidate,EFA,matrix_32_raw_0_1,0,95,NA,7.368720238095259,RAW
RENOVISOR,equal_candidate,EFA,matrix_32_raw_0_1,1,80,NA,12.97491071428575,RAW
RENOVISOR,equal_candidate,EFA,matrix_32_raw_0_1,1,85,NA,12.97491071428575,RAW
RENOVISOR,equal_candidate,EFA,matrix_32_raw_0_1,1,90,NA,12.97491071428575,RAW
RENOVISOR,equal_candidate,EFA,matrix_32_raw_0_1,1,95,NA,12.97491071428575,RAW
RENOVISOR,equal_candidate,EFA,matrix_32_raw_0_1,2,80,NA,24.009821428571488,RAW
RENOVISOR,equal_candidate,EFA,matrix_32_raw_0_1,2,85,NA,24.009821428571488,RAW
RENOVISOR,equal_candidate,EFA,matrix_32_raw_0_1,2,90,NA,24.009821428571488,RAW
RENOVISOR,equal_candidate,EFA,matrix_32_raw_0_1,2,95,NA,24.009821428571488,RAW
RENOVISOR,equal_candidate,EFA,matrix_32_raw_0_1,3,80,NA,36.16276785714293,RAW
RENOVISOR,equal_candidate,EFA,matrix_32_raw_0_1,3,85,NA,36.16276785714293,RAW
RENOVISOR,equal_candidate,EFA,matrix_32_raw_0_1,3,90,NA,36.16276785714293,RAW
RENOVISOR,equal_candidate,EFA,matrix_32_raw_0_1,3,95,NA,36.16276785714293,RAW
RENOVISOR,equal_candidate,EFA,matrix_32_raw_0_1,4,80,NA,50.37889880952386,RAW
RENOVISOR,equal_candidate,EFA,matrix_32_raw_0_1,4,85,NA,50.37889880952386,RAW
RENOVISOR,equal_candidate,EFA,matrix_32_raw_0_1,4,90,NA,50.37889880952386,RAW
RENOVISOR,equal_candidate,EFA,matrix_32_raw_0_1,4,95,NA,50.37889880952386,RAW
RENOVISOR,equal_candidate,EFA,matrix_32_raw_0_1,5,80,NA,62.16392857142895,RAW
RENOVISOR,equal_candidate,EFA,matrix_32_raw_0_1,5,85,NA,62.16392857142895,RAW
RENOVISOR,equal_candidate,EFA,matrix_32_raw_0_1,5,90,NA,62.16392857142895,RAW
RENOVISOR,equal_candidate,EFA,matrix_32_raw_0_1,5,95,NA,62.16392857142895,RAW
RENOVISOR,equal_candidate,EFA,matrix_32_raw_0_1,6,80,NA,77.484791666667,RAW
RENOVISOR,equal_candidate,EFA,matrix_32_raw_0_1,6,85,NA,77.484791666667,RAW
RENOVISOR,equal_candidate,EFA,matrix_32_raw_0_1,6,90,NA,77.484791666667,RAW
RENOVISOR,equal_candidate,EFA,matrix_32_raw_0_1,6,95,NA,77.484791666667,RAW
RENOVISOR,equal_candidate,EFA,matrix_32_raw_0_1,7,80,7,85.99937499999982,RAW
RENOVISOR,equal_candidate,EFA,matrix_32_raw_0_1,7,85,11,85.99937499999982,RAW
RENOVISOR,equal_candidate,EFA,matrix_32_raw_0_1,7,90,NA,85.99937499999982,RAW
RENOVISOR,equal_candidate,EFA,matrix_32_raw_0_1,7,95,NA,85.99937499999982,RAW
RENOVISOR,equal_candidate,EFA,matrix_32_raw_0_1,8,80,6,91.7538095238082,RAW
RENOVISOR,equal_candidate,EFA,matrix_32_raw_0_1,8,85,6,91.7538095238082,RAW
RENOVISOR,equal_candidate,EFA,matrix_32_raw_0_1,8,90,10,91.7538095238082,RAW
RENOVISOR,equal_candidate,EFA,matrix_32_raw_0_1,8,95,NA,91.7538095238082,RAW
RENOVISOR,equal_candidate,EFA,matrix_32_raw_0_1,9,80,5,96.45291666666542,RAW
RENOVISOR,equal_candidate,EFA,matrix_32_raw_0_1,9,85,6,96.45291666666542,RAW
RENOVISOR,equal_candidate,EFA,matrix_32_raw_0_1,9,90,6,96.45291666666542,RAW
RENOVISOR,equal_candidate,EFA,matrix_32_raw_0_1,9,95,9,96.45291666666542,RAW
RENOVISOR,equal_candidate,EFA,matrix_32_raw_0_1,10,80,4,98.49877976190382,RAW
RENOVISOR,equal_candidate,EFA,matrix_32_raw_0_1,10,85,5,98.49877976190382,RAW
RENOVISOR,equal_candidate,EFA,matrix_32_raw_0_1,10,90,6,98.49877976190382,RAW
RENOVISOR,equal_candidate,EFA,matrix_32_raw_0_1,10,95,7,98.49877976190382,RAW
RENOVISOR,equal_candidate,EFA,matrix_32_pos_0_1,0,80,NA,3.645357142857205,POS
RENOVISOR,equal_candidate,EFA,matrix_32_pos_0_1,0,85,NA,3.645357142857205,POS
RENOVISOR,equal_candidate,EFA,matrix_32_pos_0_1,0,90,NA,3.645357142857205,POS
RENOVISOR,equal_candidate,EFA,matrix_32_pos_0_1,0,95,NA,3.645357142857205,POS
RENOVISOR,equal_candidate,EFA,matrix_32_pos_0_1,1,80,NA,8.243779761904907,POS
RENOVISOR,equal_candidate,EFA,matrix_32_pos_0_1,1,85,NA,8.243779761904907,POS
RENOVISOR,equal_candidate,EFA,matrix_32_pos_0_1,1,90,NA,8.243779761904907,POS
RENOVISOR,equal_candidate,EFA,matrix_32_pos_0_1,1,95,NA,8.243779761904907,POS
RENOVISOR,equal_candidate,EFA,matrix_32_pos_0_1,2,80,NA,16.086398809524084,POS
RENOVISOR,equal_candidate,EFA,matrix_32_pos_0_1,2,85,NA,16.086398809524084,POS
RENOVISOR,equal_candidate,EFA,matrix_32_pos_0_1,2,90,NA,16.086398809524084,POS
RENOVISOR,equal_candidate,EFA,matrix_32_pos_0_1,2,95,NA,16.086398809524084,POS
RENOVISOR,equal_candidate,EFA,matrix_32_pos_0_1,3,80,NA,25.578214285714715,POS
RENOVISOR,equal_candidate,EFA,matrix_32_pos_0_1,3,85,NA,25.578214285714715,POS
RENOVISOR,equal_candidate,EFA,matrix_32_pos_0_1,3,90,NA,25.578214285714715,POS
RENOVISOR,equal_candidate,EFA,matrix_32_pos_0_1,3,95,NA,25.578214285714715,POS
RENOVISOR,equal_candidate,EFA,matrix_32_pos_0_1,4,80,NA,38.72473214285781,POS
RENOVISOR,equal_candidate,EFA,matrix_32_pos_0_1,4,85,NA,38.72473214285781,POS
RENOVISOR,equal_candidate,EFA,matrix_32_pos_0_1,4,90,NA,38.72473214285781,POS
RENOVISOR,equal_candidate,EFA,matrix_32_pos_0_1,4,95,NA,38.72473214285781,POS
RENOVISOR,equal_candidate,EFA,matrix_32_pos_0_1,5,80,NA,51.66943452381045,POS
RENOVISOR,equal_candidate,EFA,matrix_32_pos_0_1,5,85,NA,51.66943452381045,POS
RENOVISOR,equal_candidate,EFA,matrix_32_pos_0_1,5,90,NA,51.66943452381045,POS
RENOVISOR,equal_candidate,EFA,matrix_32_pos_0_1,5,95,NA,51.66943452381045,POS
RENOVISOR,equal_candidate,EFA,matrix_32_pos_0_1,6,80,NA,67.33565476190601,POS
RENOVISOR,equal_candidate,EFA,matrix_32_pos_0_1,6,85,NA,67.33565476190601,POS
RENOVISOR,equal_candidate,EFA,matrix_32_pos_0_1,6,90,NA,67.33565476190601,POS
RENOVISOR,equal_candidate,EFA,matrix_32_pos_0_1,6,95,NA,67.33565476190601,POS
RENOVISOR,equal_candidate,EFA,matrix_32_pos_0_1,7,80,NA,79.62133928571564,POS
RENOVISOR,equal_candidate,EFA,matrix_32_pos_0_1,7,85,NA,79.62133928571564,POS
RENOVISOR,equal_candidate,EFA,matrix_32_pos_0_1,7,90,NA,79.62133928571564,POS
RENOVISOR,equal_candidate,EFA,matrix_32_pos_0_1,7,95,NA,79.62133928571564,POS
RENOVISOR,equal_candidate,EFA,matrix_32_pos_0_1,8,80,8,88.39169642857243,POS
RENOVISOR,equal_candidate,EFA,matrix_32_pos_0_1,8,85,10,88.39169642857243,POS
RENOVISOR,equal_candidate,EFA,matrix_32_pos_0_1,8,90,NA,88.39169642857243,POS
RENOVISOR,equal_candidate,EFA,matrix_32_pos_0_1,8,95,NA,88.39169642857243,POS
RENOVISOR,equal_candidate,EFA,matrix_32_pos_0_1,9,80,6,93.31791666666707,POS
RENOVISOR,equal_candidate,EFA,matrix_32_pos_0_1,9,85,6,93.31791666666707,POS
RENOVISOR,equal_candidate,EFA,matrix_32_pos_0_1,9,90,8,93.31791666666707,POS
RENOVISOR,equal_candidate,EFA,matrix_32_pos_0_1,9,95,NA,93.31791666666707,POS
RENOVISOR,equal_candidate,EFA,matrix_32_pos_0_1,10,80,5,97.4014583333336,POS
RENOVISOR,equal_candidate,EFA,matrix_32_pos_0_1,10,85,5,97.4014583333336,POS
RENOVISOR,equal_candidate,EFA,matrix_32_pos_0_1,10,90,6,97.4014583333336,POS
RENOVISOR,equal_candidate,EFA,matrix_32_pos_0_1,10,95,7,97.4014583333336,POS
RENOVISOR,equal_candidate,EFA,matrix_32_ext_0_1,0,80,NA,5.3253571428571815,EXT
RENOVISOR,equal_candidate,EFA,matrix_32_ext_0_1,0,85,NA,5.3253571428571815,EXT
RENOVISOR,equal_candidate,EFA,matrix_32_ext_0_1,0,90,NA,5.3253571428571815,EXT
RENOVISOR,equal_candidate,EFA,matrix_32_ext_0_1,0,95,NA,5.3253571428571815,EXT
RENOVISOR,equal_candidate,EFA,matrix_32_ext_0_1,1,80,NA,10.443005952381023,EXT
RENOVISOR,equal_candidate,EFA,matrix_32_ext_0_1,1,85,NA,10.443005952381023,EXT
RENOVISOR,equal_candidate,EFA,matrix_32_ext_0_1,1,90,NA,10.443005952381023,EXT
RENOVISOR,equal_candidate,EFA,matrix_32_ext_0_1,1,95,NA,10.443005952381023,EXT
RENOVISOR,equal_candidate,EFA,matrix_32_ext_0_1,2,80,NA,19.124196428571555,EXT
RENOVISOR,equal_candidate,EFA,matrix_32_ext_0_1,2,85,NA,19.124196428571555,EXT
RENOVISOR,equal_candidate,EFA,matrix_32_ext_0_1,2,90,NA,19.124196428571555,EXT
RENOVISOR,equal_candidate,EFA,matrix_32_ext_0_1,2,95,NA,19.124196428571555,EXT
RENOVISOR,equal_candidate,EFA,matrix_32_ext_0_1,3,80,NA,27.741636904762117,EXT
RENOVISOR,equal_candidate,EFA,matrix_32_ext_0_1,3,85,NA,27.741636904762117,EXT
RENOVISOR,equal_candidate,EFA,matrix_32_ext_0_1,3,90,NA,27.741636904762117,EXT
RENOVISOR,equal_candidate,EFA,matrix_32_ext_0_1,3,95,NA,27.741636904762117,EXT
RENOVISOR,equal_candidate,EFA,matrix_32_ext_0_1,4,80,NA,37.467886904762246,EXT
RENOVISOR,equal_candidate,EFA,matrix_32_ext_0_1,4,85,NA,37.467886904762246,EXT
RENOVISOR,equal_candidate,EFA,matrix_32_ext_0_1,4,90,NA,37.467886904762246,EXT
RENOVISOR,equal_candidate,EFA,matrix_32_ext_0_1,4,95,NA,37.467886904762246,EXT
RENOVISOR,equal_candidate,EFA,matrix_32_ext_0_1,5,80,NA,48.18785714285777,EXT
RENOVISOR,equal_candidate,EFA,matrix_32_ext_0_1,5,85,NA,48.18785714285777,EXT
RENOVISOR,equal_candidate,EFA,matrix_32_ext_0_1,5,90,NA,48.18785714285777,EXT
RENOVISOR,equal_candidate,EFA,matrix_32_ext_0_1,5,95,NA,48.18785714285777,EXT
RENOVISOR,equal_candidate,EFA,matrix_32_ext_0_1,6,80,NA,61.09297619047645,EXT
RENOVISOR,equal_candidate,EFA,matrix_32_ext_0_1,6,85,NA,61.09297619047645,EXT
RENOVISOR,equal_candidate,EFA,matrix_32_ext_0_1,6,90,NA,61.09297619047645,EXT
RENOVISOR,equal_candidate,EFA,matrix_32_ext_0_1,6,95,NA,61.09297619047645,EXT
RENOVISOR,equal_candidate,EFA,matrix_32_ext_0_1,7,80,NA,72.58014880952354,EXT
RENOVISOR,equal_candidate,EFA,matrix_32_ext_0_1,7,85,NA,72.58014880952354,EXT
RENOVISOR,equal_candidate,EFA,matrix_32_ext_0_1,7,90,NA,72.58014880952354,EXT
RENOVISOR,equal_candidate,EFA,matrix_32_ext_0_1,7,95,NA,72.58014880952354,EXT
RENOVISOR,equal_candidate,EFA,matrix_32_ext_0_1,8,80,10,82.54690476190399,EXT
RENOVISOR,equal_candidate,EFA,matrix_32_ext_0_1,8,85,NA,82.54690476190399,EXT
RENOVISOR,equal_candidate,EFA,matrix_32_ext_0_1,8,90,NA,82.54690476190399,EXT
RENOVISOR,equal_candidate,EFA,matrix_32_ext_0_1,8,95,NA,82.54690476190399,EXT
RENOVISOR,equal_candidate,EFA,matrix_32_ext_0_1,9,80,6,92.1851785714275,EXT
RENOVISOR,equal_candidate,EFA,matrix_32_ext_0_1,9,85,7,92.1851785714275,EXT
RENOVISOR,equal_candidate,EFA,matrix_32_ext_0_1,9,90,10,92.1851785714275,EXT
RENOVISOR,equal_candidate,EFA,matrix_32_ext_0_1,9,95,NA,92.1851785714275,EXT
RENOVISOR,equal_candidate,EFA,matrix_32_ext_0_1,10,80,5,95.86095238095128,EXT
RENOVISOR,equal_candidate,EFA,matrix_32_ext_0_1,10,85,5,95.86095238095128,EXT
RENOVISOR,equal_candidate,EFA,matrix_32_ext_0_1,10,90,7,95.86095238095128,EXT
RENOVISOR,equal_candidate,EFA,matrix_32_ext_0_1,10,95,10,95.86095238095128,EXT
RENOVISOR,equal_candidate,EFA,matrix_32_z_abs,0,80,NA,3.569553571428625,Z_ABS
RENOVISOR,equal_candidate,EFA,matrix_32_z_abs,0,85,NA,3.569553571428625,Z_ABS
RENOVISOR,equal_candidate,EFA,matrix_32_z_abs,0,90,NA,3.569553571428625,Z_ABS
RENOVISOR,equal_candidate,EFA,matrix_32_z_abs,0,95,NA,3.569553571428625,Z_ABS
RENOVISOR,equal_candidate,EFA,matrix_32_z_abs,1,80,NA,6.745357142857243,Z_ABS
RENOVISOR,equal_candidate,EFA,matrix_32_z_abs,1,85,NA,6.745357142857243,Z_ABS
RENOVISOR,equal_candidate,EFA,matrix_32_z_abs,1,90,NA,6.745357142857243,Z_ABS
RENOVISOR,equal_candidate,EFA,matrix_32_z_abs,1,95,NA,6.745357142857243,Z_ABS
RENOVISOR,equal_candidate,EFA,matrix_32_z_abs,2,80,NA,14.441636904762126,Z_ABS
RENOVISOR,equal_candidate,EFA,matrix_32_z_abs,2,85,NA,14.441636904762126,Z_ABS
RENOVISOR,equal_candidate,EFA,matrix_32_z_abs,2,90,NA,14.441636904762126,Z_ABS
RENOVISOR,equal_candidate,EFA,matrix_32_z_abs,2,95,NA,14.441636904762126,Z_ABS
RENOVISOR,equal_candidate,EFA,matrix_32_z_abs,3,80,NA,22.640416666667043,Z_ABS
RENOVISOR,equal_candidate,EFA,matrix_32_z_abs,3,85,NA,22.640416666667043,Z_ABS
RENOVISOR,equal_candidate,EFA,matrix_32_z_abs,3,90,NA,22.640416666667043,Z_ABS
RENOVISOR,equal_candidate,EFA,matrix_32_z_abs,3,95,NA,22.640416666667043,Z_ABS
RENOVISOR,equal_candidate,EFA,matrix_32_z_abs,4,80,NA,33.90348214285764,Z_ABS
RENOVISOR,equal_candidate,EFA,matrix_32_z_abs,4,85,NA,33.90348214285764,Z_ABS
RENOVISOR,equal_candidate,EFA,matrix_32_z_abs,4,90,NA,33.90348214285764,Z_ABS
RENOVISOR,equal_candidate,EFA,matrix_32_z_abs,4,95,NA,33.90348214285764,Z_ABS
RENOVISOR,equal_candidate,EFA,matrix_32_z_abs,5,80,NA,48.40288690476236,Z_ABS
RENOVISOR,equal_candidate,EFA,matrix_32_z_abs,5,85,NA,48.40288690476236,Z_ABS
RENOVISOR,equal_candidate,EFA,matrix_32_z_abs,5,90,NA,48.40288690476236,Z_ABS
RENOVISOR,equal_candidate,EFA,matrix_32_z_abs,5,95,NA,48.40288690476236,Z_ABS
RENOVISOR,equal_candidate,EFA,matrix_32_z_abs,6,80,NA,64.68595238095334,Z_ABS
RENOVISOR,equal_candidate,EFA,matrix_32_z_abs,6,85,NA,64.68595238095334,Z_ABS
RENOVISOR,equal_candidate,EFA,matrix_32_z_abs,6,90,NA,64.68595238095334,Z_ABS
RENOVISOR,equal_candidate,EFA,matrix_32_z_abs,6,95,NA,64.68595238095334,Z_ABS
RENOVISOR,equal_candidate,EFA,matrix_32_z_abs,7,80,NA,75.76991071428705,Z_ABS
RENOVISOR,equal_candidate,EFA,matrix_32_z_abs,7,85,NA,75.76991071428705,Z_ABS
RENOVISOR,equal_candidate,EFA,matrix_32_z_abs,7,90,NA,75.76991071428705,Z_ABS
RENOVISOR,equal_candidate,EFA,matrix_32_z_abs,7,95,NA,75.76991071428705,Z_ABS
RENOVISOR,equal_candidate,EFA,matrix_32_z_abs,8,80,8,84.9412797619064,Z_ABS
RENOVISOR,equal_candidate,EFA,matrix_32_z_abs,8,85,NA,84.9412797619064,Z_ABS
RENOVISOR,equal_candidate,EFA,matrix_32_z_abs,8,90,NA,84.9412797619064,Z_ABS
RENOVISOR,equal_candidate,EFA,matrix_32_z_abs,8,95,NA,84.9412797619064,Z_ABS
RENOVISOR,equal_candidate,EFA,matrix_32_z_abs,9,80,6,91.63675595238172,Z_ABS
RENOVISOR,equal_candidate,EFA,matrix_32_z_abs,9,85,6,91.63675595238172,Z_ABS
RENOVISOR,equal_candidate,EFA,matrix_32_z_abs,9,90,8,91.63675595238172,Z_ABS
RENOVISOR,equal_candidate,EFA,matrix_32_z_abs,9,95,NA,91.63675595238172,Z_ABS
RENOVISOR,equal_candidate,EFA,matrix_32_z_abs,10,80,5,95.39416666666664,Z_ABS
RENOVISOR,equal_candidate,EFA,matrix_32_z_abs,10,85,5,95.39416666666664,Z_ABS
RENOVISOR,equal_candidate,EFA,matrix_32_z_abs,10,90,6,95.39416666666664,Z_ABS
RENOVISOR,equal_candidate,EFA,matrix_32_z_abs,10,95,11,95.39416666666664,Z_ABS
WHY_EUROPE,equal_candidate,KMEANS,matrix_32_raw_0_1,0,80,NA,1.5412797619047292,RAW
WHY_EUROPE,equal_candidate,KMEANS,matrix_32_raw_0_1,0,85,NA,1.5412797619047292,RAW
WHY_EUROPE,equal_candidate,KMEANS,matrix_32_raw_0_1,0,90,NA,1.5412797619047292,RAW
WHY_EUROPE,equal_candidate,KMEANS,matrix_32_raw_0_1,0,95,NA,1.5412797619047292,RAW
WHY_EUROPE,equal_candidate,KMEANS,matrix_32_raw_0_1,1,80,NA,6.72038690476176,RAW
WHY_EUROPE,equal_candidate,KMEANS,matrix_32_raw_0_1,1,85,NA,6.72038690476176,RAW
WHY_EUROPE,equal_candidate,KMEANS,matrix_32_raw_0_1,1,90,NA,6.72038690476176,RAW
WHY_EUROPE,equal_candidate,KMEANS,matrix_32_raw_0_1,1,95,NA,6.72038690476176,RAW
WHY_EUROPE,equal_candidate,KMEANS,matrix_32_raw_0_1,2,80,NA,22.332351190475705,RAW
WHY_EUROPE,equal_candidate,KMEANS,matrix_32_raw_0_1,2,85,NA,22.332351190475705,RAW
WHY_EUROPE,equal_candidate,KMEANS,matrix_32_raw_0_1,2,90,NA,22.332351190475705,RAW
WHY_EUROPE,equal_candidate,KMEANS,matrix_32_raw_0_1,2,95,NA,22.332351190475705,RAW
WHY_EUROPE,equal_candidate,KMEANS,matrix_32_raw_0_1,3,80,NA,41.71044642857048,RAW
WHY_EUROPE,equal_candidate,KMEANS,matrix_32_raw_0_1,3,85,NA,41.71044642857048,RAW
WHY_EUROPE,equal_candidate,KMEANS,matrix_32_raw_0_1,3,90,NA,41.71044642857048,RAW
WHY_EUROPE,equal_candidate,KMEANS,matrix_32_raw_0_1,3,95,NA,41.71044642857048,RAW
WHY_EUROPE,equal_candidate,KMEANS,matrix_32_raw_0_1,4,80,NA,58.95092261904632,RAW
WHY_EUROPE,equal_candidate,KMEANS,matrix_32_raw_0_1,4,85,NA,58.95092261904632,RAW
WHY_EUROPE,equal_candidate,KMEANS,matrix_32_raw_0_1,4,90,NA,58.95092261904632,RAW
WHY_EUROPE,equal_candidate,KMEANS,matrix_32_raw_0_1,4,95,NA,58.95092261904632,RAW
WHY_EUROPE,equal_candidate,KMEANS,matrix_32_raw_0_1,5,80,NA,72.00607142856985,RAW
WHY_EUROPE,equal_candidate,KMEANS,matrix_32_raw_0_1,5,85,NA,72.00607142856985,RAW
WHY_EUROPE,equal_candidate,KMEANS,matrix_32_raw_0_1,5,90,NA,72.00607142856985,RAW
WHY_EUROPE,equal_candidate,KMEANS,matrix_32_raw_0_1,5,95,NA,72.00607142856985,RAW
WHY_EUROPE,equal_candidate,KMEANS,matrix_32_raw_0_1,6,80,10,82.97184523809311,RAW
WHY_EUROPE,equal_candidate,KMEANS,matrix_32_raw_0_1,6,85,NA,82.97184523809311,RAW
WHY_EUROPE,equal_candidate,KMEANS,matrix_32_raw_0_1,6,90,NA,82.97184523809311,RAW
WHY_EUROPE,equal_candidate,KMEANS,matrix_32_raw_0_1,6,95,NA,82.97184523809311,RAW
WHY_EUROPE,equal_candidate,KMEANS,matrix_32_raw_0_1,7,80,4,89.66437499999807,RAW
WHY_EUROPE,equal_candidate,KMEANS,matrix_32_raw_0_1,7,85,4,89.66437499999807,RAW
WHY_EUROPE,equal_candidate,KMEANS,matrix_32_raw_0_1,7,90,NA,89.66437499999807,RAW
WHY_EUROPE,equal_candidate,KMEANS,matrix_32_raw_0_1,7,95,NA,89.66437499999807,RAW
WHY_EUROPE,equal_candidate,KMEANS,matrix_32_raw_0_1,8,80,3,94.36130952380888,RAW
WHY_EUROPE,equal_candidate,KMEANS,matrix_32_raw_0_1,8,85,3,94.36130952380888,RAW
WHY_EUROPE,equal_candidate,KMEANS,matrix_32_raw_0_1,8,90,4,94.36130952380888,RAW
WHY_EUROPE,equal_candidate,KMEANS,matrix_32_raw_0_1,8,95,NA,94.36130952380888,RAW
WHY_EUROPE,equal_candidate,KMEANS,matrix_32_raw_0_1,9,80,2,96.51550595238136,RAW
WHY_EUROPE,equal_candidate,KMEANS,matrix_32_raw_0_1,9,85,3,96.51550595238136,RAW
WHY_EUROPE,equal_candidate,KMEANS,matrix_32_raw_0_1,9,90,3,96.51550595238136,RAW
WHY_EUROPE,equal_candidate,KMEANS,matrix_32_raw_0_1,9,95,7,96.51550595238136,RAW
WHY_EUROPE,equal_candidate,KMEANS,matrix_32_raw_0_1,10,80,2,98.7855059523818,RAW
WHY_EUROPE,equal_candidate,KMEANS,matrix_32_raw_0_1,10,85,2,98.7855059523818,RAW
WHY_EUROPE,equal_candidate,KMEANS,matrix_32_raw_0_1,10,90,2,98.7855059523818,RAW
WHY_EUROPE,equal_candidate,KMEANS,matrix_32_raw_0_1,10,95,3,98.7855059523818,RAW
WHY_EUROPE,equal_candidate,KMEANS,matrix_32_pos_0_1,0,80,NA,3.78089285714279,POS
WHY_EUROPE,equal_candidate,KMEANS,matrix_32_pos_0_1,0,85,NA,3.78089285714279,POS
WHY_EUROPE,equal_candidate,KMEANS,matrix_32_pos_0_1,0,90,NA,3.78089285714279,POS
WHY_EUROPE,equal_candidate,KMEANS,matrix_32_pos_0_1,0,95,NA,3.78089285714279,POS
WHY_EUROPE,equal_candidate,KMEANS,matrix_32_pos_0_1,1,80,NA,13.33556547619024,POS
WHY_EUROPE,equal_candidate,KMEANS,matrix_32_pos_0_1,1,85,NA,13.33556547619024,POS
WHY_EUROPE,equal_candidate,KMEANS,matrix_32_pos_0_1,1,90,NA,13.33556547619024,POS
WHY_EUROPE,equal_candidate,KMEANS,matrix_32_pos_0_1,1,95,NA,13.33556547619024,POS
WHY_EUROPE,equal_candidate,KMEANS,matrix_32_pos_0_1,2,80,NA,38.44720238095168,POS
WHY_EUROPE,equal_candidate,KMEANS,matrix_32_pos_0_1,2,85,NA,38.44720238095168,POS
WHY_EUROPE,equal_candidate,KMEANS,matrix_32_pos_0_1,2,90,NA,38.44720238095168,POS
WHY_EUROPE,equal_candidate,KMEANS,matrix_32_pos_0_1,2,95,NA,38.44720238095168,POS
WHY_EUROPE,equal_candidate,KMEANS,matrix_32_pos_0_1,3,80,NA,60.1328869047609,POS
WHY_EUROPE,equal_candidate,KMEANS,matrix_32_pos_0_1,3,85,NA,60.1328869047609,POS
WHY_EUROPE,equal_candidate,KMEANS,matrix_32_pos_0_1,3,90,NA,60.1328869047609,POS
WHY_EUROPE,equal_candidate,KMEANS,matrix_32_pos_0_1,3,95,NA,60.1328869047609,POS
WHY_EUROPE,equal_candidate,KMEANS,matrix_32_pos_0_1,4,80,NA,76.88794642857032,POS
WHY_EUROPE,equal_candidate,KMEANS,matrix_32_pos_0_1,4,85,NA,76.88794642857032,POS
WHY_EUROPE,equal_candidate,KMEANS,matrix_32_pos_0_1,4,90,NA,76.88794642857032,POS
WHY_EUROPE,equal_candidate,KMEANS,matrix_32_pos_0_1,4,95,NA,76.88794642857032,POS
WHY_EUROPE,equal_candidate,KMEANS,matrix_32_pos_0_1,5,80,6,88.73330357142746,POS
WHY_EUROPE,equal_candidate,KMEANS,matrix_32_pos_0_1,5,85,10,88.73330357142746,POS
WHY_EUROPE,equal_candidate,KMEANS,matrix_32_pos_0_1,5,90,NA,88.73330357142746,POS
WHY_EUROPE,equal_candidate,KMEANS,matrix_32_pos_0_1,5,95,NA,88.73330357142746,POS
WHY_EUROPE,equal_candidate,KMEANS,matrix_32_pos_0_1,6,80,3,95.27553571428456,POS
WHY_EUROPE,equal_candidate,KMEANS,matrix_32_pos_0_1,6,85,3,95.27553571428456,POS
WHY_EUROPE,equal_candidate,KMEANS,matrix_32_pos_0_1,6,90,6,95.27553571428456,POS
WHY_EUROPE,equal_candidate,KMEANS,matrix_32_pos_0_1,6,95,10,95.27553571428456,POS
WHY_EUROPE,equal_candidate,KMEANS,matrix_32_pos_0_1,7,80,2,97.52065476190324,POS
WHY_EUROPE,equal_candidate,KMEANS,matrix_32_pos_0_1,7,85,2,97.52065476190324,POS
WHY_EUROPE,equal_candidate,KMEANS,matrix_32_pos_0_1,7,90,3,97.52065476190324,POS
WHY_EUROPE,equal_candidate,KMEANS,matrix_32_pos_0_1,7,95,5,97.52065476190324,POS
WHY_EUROPE,equal_candidate,KMEANS,matrix_32_pos_0_1,8,80,1,98.70726190476066,POS
WHY_EUROPE,equal_candidate,KMEANS,matrix_32_pos_0_1,8,85,1,98.70726190476066,POS
WHY_EUROPE,equal_candidate,KMEANS,matrix_32_pos_0_1,8,90,2,98.70726190476066,POS
WHY_EUROPE,equal_candidate,KMEANS,matrix_32_pos_0_1,8,95,3,98.70726190476066,POS
WHY_EUROPE,equal_candidate,KMEANS,matrix_32_pos_0_1,9,80,1,99.69845238095132,POS
WHY_EUROPE,equal_candidate,KMEANS,matrix_32_pos_0_1,9,85,1,99.69845238095132,POS
WHY_EUROPE,equal_candidate,KMEANS,matrix_32_pos_0_1,9,90,1,99.69845238095132,POS
WHY_EUROPE,equal_candidate,KMEANS,matrix_32_pos_0_1,9,95,2,99.69845238095132,POS
WHY_EUROPE,equal_candidate,KMEANS,matrix_32_pos_0_1,10,80,1,99.93080357142776,POS
WHY_EUROPE,equal_candidate,KMEANS,matrix_32_pos_0_1,10,85,1,99.93080357142776,POS
WHY_EUROPE,equal_candidate,KMEANS,matrix_32_pos_0_1,10,90,1,99.93080357142776,POS
WHY_EUROPE,equal_candidate,KMEANS,matrix_32_pos_0_1,10,95,1,99.93080357142776,POS
WHY_EUROPE,equal_candidate,KMEANS,matrix_32_ext_0_1,0,80,NA,0.9163392857143084,EXT
WHY_EUROPE,equal_candidate,KMEANS,matrix_32_ext_0_1,0,85,NA,0.9163392857143084,EXT
WHY_EUROPE,equal_candidate,KMEANS,matrix_32_ext_0_1,0,90,NA,0.9163392857143084,EXT
WHY_EUROPE,equal_candidate,KMEANS,matrix_32_ext_0_1,0,95,NA,0.9163392857143084,EXT
WHY_EUROPE,equal_candidate,KMEANS,matrix_32_ext_0_1,1,80,NA,3.631636904761994,EXT
WHY_EUROPE,equal_candidate,KMEANS,matrix_32_ext_0_1,1,85,NA,3.631636904761994,EXT
WHY_EUROPE,equal_candidate,KMEANS,matrix_32_ext_0_1,1,90,NA,3.631636904761994,EXT
WHY_EUROPE,equal_candidate,KMEANS,matrix_32_ext_0_1,1,95,NA,3.631636904761994,EXT
WHY_EUROPE,equal_candidate,KMEANS,matrix_32_ext_0_1,2,80,NA,12.36330357142888,EXT
WHY_EUROPE,equal_candidate,KMEANS,matrix_32_ext_0_1,2,85,NA,12.36330357142888,EXT
WHY_EUROPE,equal_candidate,KMEANS,matrix_32_ext_0_1,2,90,NA,12.36330357142888,EXT
WHY_EUROPE,equal_candidate,KMEANS,matrix_32_ext_0_1,2,95,NA,12.36330357142888,EXT
WHY_EUROPE,equal_candidate,KMEANS,matrix_32_ext_0_1,3,80,NA,23.805446428571965,EXT
WHY_EUROPE,equal_candidate,KMEANS,matrix_32_ext_0_1,3,85,NA,23.805446428571965,EXT
WHY_EUROPE,equal_candidate,KMEANS,matrix_32_ext_0_1,3,90,NA,23.805446428571965,EXT
WHY_EUROPE,equal_candidate,KMEANS,matrix_32_ext_0_1,3,95,NA,23.805446428571965,EXT
WHY_EUROPE,equal_candidate,KMEANS,matrix_32_ext_0_1,4,80,NA,40.05988095238203,EXT
WHY_EUROPE,equal_candidate,KMEANS,matrix_32_ext_0_1,4,85,NA,40.05988095238203,EXT
WHY_EUROPE,equal_candidate,KMEANS,matrix_32_ext_0_1,4,90,NA,40.05988095238203,EXT
WHY_EUROPE,equal_candidate,KMEANS,matrix_32_ext_0_1,4,95,NA,40.05988095238203,EXT
WHY_EUROPE,equal_candidate,KMEANS,matrix_32_ext_0_1,5,80,NA,56.27011904762027,EXT
WHY_EUROPE,equal_candidate,KMEANS,matrix_32_ext_0_1,5,85,NA,56.27011904762027,EXT
WHY_EUROPE,equal_candidate,KMEANS,matrix_32_ext_0_1,5,90,NA,56.27011904762027,EXT
WHY_EUROPE,equal_candidate,KMEANS,matrix_32_ext_0_1,5,95,NA,56.27011904762027,EXT
WHY_EUROPE,equal_candidate,KMEANS,matrix_32_ext_0_1,6,80,NA,71.2355654761912,EXT
WHY_EUROPE,equal_candidate,KMEANS,matrix_32_ext_0_1,6,85,NA,71.2355654761912,EXT
WHY_EUROPE,equal_candidate,KMEANS,matrix_32_ext_0_1,6,90,NA,71.2355654761912,EXT
WHY_EUROPE,equal_candidate,KMEANS,matrix_32_ext_0_1,6,95,NA,71.2355654761912,EXT
WHY_EUROPE,equal_candidate,KMEANS,matrix_32_ext_0_1,7,80,10,81.9376785714291,EXT
WHY_EUROPE,equal_candidate,KMEANS,matrix_32_ext_0_1,7,85,NA,81.9376785714291,EXT
WHY_EUROPE,equal_candidate,KMEANS,matrix_32_ext_0_1,7,90,NA,81.9376785714291,EXT
WHY_EUROPE,equal_candidate,KMEANS,matrix_32_ext_0_1,7,95,NA,81.9376785714291,EXT
WHY_EUROPE,equal_candidate,KMEANS,matrix_32_ext_0_1,8,80,4,88.47330357142859,EXT
WHY_EUROPE,equal_candidate,KMEANS,matrix_32_ext_0_1,8,85,6,88.47330357142859,EXT
WHY_EUROPE,equal_candidate,KMEANS,matrix_32_ext_0_1,8,90,NA,88.47330357142859,EXT
WHY_EUROPE,equal_candidate,KMEANS,matrix_32_ext_0_1,8,95,NA,88.47330357142859,EXT
WHY_EUROPE,equal_candidate,KMEANS,matrix_32_ext_0_1,9,80,3,95.24449404762252,EXT
WHY_EUROPE,equal_candidate,KMEANS,matrix_32_ext_0_1,9,85,3,95.24449404762252,EXT
WHY_EUROPE,equal_candidate,KMEANS,matrix_32_ext_0_1,9,90,5,95.24449404762252,EXT
WHY_EUROPE,equal_candidate,KMEANS,matrix_32_ext_0_1,9,95,11,95.24449404762252,EXT
WHY_EUROPE,equal_candidate,KMEANS,matrix_32_ext_0_1,10,80,2,98.12056547619528,EXT
WHY_EUROPE,equal_candidate,KMEANS,matrix_32_ext_0_1,10,85,3,98.12056547619528,EXT
WHY_EUROPE,equal_candidate,KMEANS,matrix_32_ext_0_1,10,90,3,98.12056547619528,EXT
WHY_EUROPE,equal_candidate,KMEANS,matrix_32_ext_0_1,10,95,5,98.12056547619528,EXT
WHY_EUROPE,equal_candidate,KMEANS,matrix_32_z_abs,0,80,NA,1.2462797619046813,Z_ABS
WHY_EUROPE,equal_candidate,KMEANS,matrix_32_z_abs,0,85,NA,1.2462797619046813,Z_ABS
WHY_EUROPE,equal_candidate,KMEANS,matrix_32_z_abs,0,90,NA,1.2462797619046813,Z_ABS
WHY_EUROPE,equal_candidate,KMEANS,matrix_32_z_abs,0,95,NA,1.2462797619046813,Z_ABS
WHY_EUROPE,equal_candidate,KMEANS,matrix_32_z_abs,1,80,NA,1.8131249999998829,Z_ABS
WHY_EUROPE,equal_candidate,KMEANS,matrix_32_z_abs,1,85,NA,1.8131249999998829,Z_ABS
WHY_EUROPE,equal_candidate,KMEANS,matrix_32_z_abs,1,90,NA,1.8131249999998829,Z_ABS
WHY_EUROPE,equal_candidate,KMEANS,matrix_32_z_abs,1,95,NA,1.8131249999998829,Z_ABS
WHY_EUROPE,equal_candidate,KMEANS,matrix_32_z_abs,2,80,NA,2.2213095238093805,Z_ABS
WHY_EUROPE,equal_candidate,KMEANS,matrix_32_z_abs,2,85,NA,2.2213095238093805,Z_ABS
WHY_EUROPE,equal_candidate,KMEANS,matrix_32_z_abs,2,90,NA,2.2213095238093805,Z_ABS
WHY_EUROPE,equal_candidate,KMEANS,matrix_32_z_abs,2,95,NA,2.2213095238093805,Z_ABS
WHY_EUROPE,equal_candidate,KMEANS,matrix_32_z_abs,3,80,NA,3.492470238095012,Z_ABS
WHY_EUROPE,equal_candidate,KMEANS,matrix_32_z_abs,3,85,NA,3.492470238095012,Z_ABS
WHY_EUROPE,equal_candidate,KMEANS,matrix_32_z_abs,3,90,NA,3.492470238095012,Z_ABS
WHY_EUROPE,equal_candidate,KMEANS,matrix_32_z_abs,3,95,NA,3.492470238095012,Z_ABS
WHY_EUROPE,equal_candidate,KMEANS,matrix_32_z_abs,4,80,NA,5.311398809523469,Z_ABS
WHY_EUROPE,equal_candidate,KMEANS,matrix_32_z_abs,4,85,NA,5.311398809523469,Z_ABS
WHY_EUROPE,equal_candidate,KMEANS,matrix_32_z_abs,4,90,NA,5.311398809523469,Z_ABS
WHY_EUROPE,equal_candidate,KMEANS,matrix_32_z_abs,4,95,NA,5.311398809523469,Z_ABS
WHY_EUROPE,equal_candidate,KMEANS,matrix_32_z_abs,5,80,NA,8.747410714285152,Z_ABS
WHY_EUROPE,equal_candidate,KMEANS,matrix_32_z_abs,5,85,NA,8.747410714285152,Z_ABS
WHY_EUROPE,equal_candidate,KMEANS,matrix_32_z_abs,5,90,NA,8.747410714285152,Z_ABS
WHY_EUROPE,equal_candidate,KMEANS,matrix_32_z_abs,5,95,NA,8.747410714285152,Z_ABS
WHY_EUROPE,equal_candidate,KMEANS,matrix_32_z_abs,6,80,NA,14.547886904760931,Z_ABS
WHY_EUROPE,equal_candidate,KMEANS,matrix_32_z_abs,6,85,NA,14.547886904760931,Z_ABS
WHY_EUROPE,equal_candidate,KMEANS,matrix_32_z_abs,6,90,NA,14.547886904760931,Z_ABS
WHY_EUROPE,equal_candidate,KMEANS,matrix_32_z_abs,6,95,NA,14.547886904760931,Z_ABS
WHY_EUROPE,equal_candidate,KMEANS,matrix_32_z_abs,7,80,NA,25.838363095236435,Z_ABS
WHY_EUROPE,equal_candidate,KMEANS,matrix_32_z_abs,7,85,NA,25.838363095236435,Z_ABS
WHY_EUROPE,equal_candidate,KMEANS,matrix_32_z_abs,7,90,NA,25.838363095236435,Z_ABS
WHY_EUROPE,equal_candidate,KMEANS,matrix_32_z_abs,7,95,NA,25.838363095236435,Z_ABS
WHY_EUROPE,equal_candidate,KMEANS,matrix_32_z_abs,8,80,NA,41.2076190476168,Z_ABS
WHY_EUROPE,equal_candidate,KMEANS,matrix_32_z_abs,8,85,NA,41.2076190476168,Z_ABS
WHY_EUROPE,equal_candidate,KMEANS,matrix_32_z_abs,8,90,NA,41.2076190476168,Z_ABS
WHY_EUROPE,equal_candidate,KMEANS,matrix_32_z_abs,8,95,NA,41.2076190476168,Z_ABS
WHY_EUROPE,equal_candidate,KMEANS,matrix_32_z_abs,9,80,NA,60.148809523805426,Z_ABS
WHY_EUROPE,equal_candidate,KMEANS,matrix_32_z_abs,9,85,NA,60.148809523805426,Z_ABS
WHY_EUROPE,equal_candidate,KMEANS,matrix_32_z_abs,9,90,NA,60.148809523805426,Z_ABS
WHY_EUROPE,equal_candidate,KMEANS,matrix_32_z_abs,9,95,NA,60.148809523805426,Z_ABS
WHY_EUROPE,equal_candidate,KMEANS,matrix_32_z_abs,10,80,NA,77.91410714285107,Z_ABS
WHY_EUROPE,equal_candidate,KMEANS,matrix_32_z_abs,10,85,NA,77.91410714285107,Z_ABS
WHY_EUROPE,equal_candidate,KMEANS,matrix_32_z_abs,10,90,NA,77.91410714285107,Z_ABS
WHY_EUROPE,equal_candidate,KMEANS,matrix_32_z_abs,10,95,NA,77.91410714285107,Z_ABS
WHY_EUROPE,equal_candidate,EFA,matrix_32_raw_0_1,0,80,NA,1.7441666666665656,RAW
WHY_EUROPE,equal_candidate,EFA,matrix_32_raw_0_1,0,85,NA,1.7441666666665656,RAW
WHY_EUROPE,equal_candidate,EFA,matrix_32_raw_0_1,0,90,NA,1.7441666666665656,RAW
WHY_EUROPE,equal_candidate,EFA,matrix_32_raw_0_1,0,95,NA,1.7441666666665656,RAW
WHY_EUROPE,equal_candidate,EFA,matrix_32_raw_0_1,1,80,NA,3.591428571428363,RAW
WHY_EUROPE,equal_candidate,EFA,matrix_32_raw_0_1,1,85,NA,3.591428571428363,RAW
WHY_EUROPE,equal_candidate,EFA,matrix_32_raw_0_1,1,90,NA,3.591428571428363,RAW
WHY_EUROPE,equal_candidate,EFA,matrix_32_raw_0_1,1,95,NA,3.591428571428363,RAW
WHY_EUROPE,equal_candidate,EFA,matrix_32_raw_0_1,2,80,NA,9.224642857142316,RAW
WHY_EUROPE,equal_candidate,EFA,matrix_32_raw_0_1,2,85,NA,9.224642857142316,RAW
WHY_EUROPE,equal_candidate,EFA,matrix_32_raw_0_1,2,90,NA,9.224642857142316,RAW
WHY_EUROPE,equal_candidate,EFA,matrix_32_raw_0_1,2,95,NA,9.224642857142316,RAW
WHY_EUROPE,equal_candidate,EFA,matrix_32_raw_0_1,3,80,NA,14.48035714285628,RAW
WHY_EUROPE,equal_candidate,EFA,matrix_32_raw_0_1,3,85,NA,14.48035714285628,RAW
WHY_EUROPE,equal_candidate,EFA,matrix_32_raw_0_1,3,90,NA,14.48035714285628,RAW
WHY_EUROPE,equal_candidate,EFA,matrix_32_raw_0_1,3,95,NA,14.48035714285628,RAW
WHY_EUROPE,equal_candidate,EFA,matrix_32_raw_0_1,4,80,NA,23.903809523808174,RAW
WHY_EUROPE,equal_candidate,EFA,matrix_32_raw_0_1,4,85,NA,23.903809523808174,RAW
WHY_EUROPE,equal_candidate,EFA,matrix_32_raw_0_1,4,90,NA,23.903809523808174,RAW
WHY_EUROPE,equal_candidate,EFA,matrix_32_raw_0_1,4,95,NA,23.903809523808174,RAW
WHY_EUROPE,equal_candidate,EFA,matrix_32_raw_0_1,5,80,NA,32.67163690476006,RAW
WHY_EUROPE,equal_candidate,EFA,matrix_32_raw_0_1,5,85,NA,32.67163690476006,RAW
WHY_EUROPE,equal_candidate,EFA,matrix_32_raw_0_1,5,90,NA,32.67163690476006,RAW
WHY_EUROPE,equal_candidate,EFA,matrix_32_raw_0_1,5,95,NA,32.67163690476006,RAW
WHY_EUROPE,equal_candidate,EFA,matrix_32_raw_0_1,6,80,NA,47.56181547618797,RAW
WHY_EUROPE,equal_candidate,EFA,matrix_32_raw_0_1,6,85,NA,47.56181547618797,RAW
WHY_EUROPE,equal_candidate,EFA,matrix_32_raw_0_1,6,90,NA,47.56181547618797,RAW
WHY_EUROPE,equal_candidate,EFA,matrix_32_raw_0_1,6,95,NA,47.56181547618797,RAW
WHY_EUROPE,equal_candidate,EFA,matrix_32_raw_0_1,7,80,NA,58.91630952380617,RAW
WHY_EUROPE,equal_candidate,EFA,matrix_32_raw_0_1,7,85,NA,58.91630952380617,RAW
WHY_EUROPE,equal_candidate,EFA,matrix_32_raw_0_1,7,90,NA,58.91630952380617,RAW
WHY_EUROPE,equal_candidate,EFA,matrix_32_raw_0_1,7,95,NA,58.91630952380617,RAW
WHY_EUROPE,equal_candidate,EFA,matrix_32_raw_0_1,8,80,NA,73.114077380948,RAW
WHY_EUROPE,equal_candidate,EFA,matrix_32_raw_0_1,8,85,NA,73.114077380948,RAW
WHY_EUROPE,equal_candidate,EFA,matrix_32_raw_0_1,8,90,NA,73.114077380948,RAW
WHY_EUROPE,equal_candidate,EFA,matrix_32_raw_0_1,8,95,NA,73.114077380948,RAW
WHY_EUROPE,equal_candidate,EFA,matrix_32_raw_0_1,9,80,10,81.55877976189872,RAW
WHY_EUROPE,equal_candidate,EFA,matrix_32_raw_0_1,9,85,NA,81.55877976189872,RAW
WHY_EUROPE,equal_candidate,EFA,matrix_32_raw_0_1,9,90,NA,81.55877976189872,RAW
WHY_EUROPE,equal_candidate,EFA,matrix_32_raw_0_1,9,95,NA,81.55877976189872,RAW
WHY_EUROPE,equal_candidate,EFA,matrix_32_raw_0_1,10,80,5,91.17494047618244,RAW
WHY_EUROPE,equal_candidate,EFA,matrix_32_raw_0_1,10,85,8,91.17494047618244,RAW
WHY_EUROPE,equal_candidate,EFA,matrix_32_raw_0_1,10,90,10,91.17494047618244,RAW
WHY_EUROPE,equal_candidate,EFA,matrix_32_raw_0_1,10,95,NA,91.17494047618244,RAW
WHY_EUROPE,equal_candidate,EFA,matrix_32_pos_0_1,0,80,NA,0.6686011904761487,POS
WHY_EUROPE,equal_candidate,EFA,matrix_32_pos_0_1,0,85,NA,0.6686011904761487,POS
WHY_EUROPE,equal_candidate,EFA,matrix_32_pos_0_1,0,90,NA,0.6686011904761487,POS
WHY_EUROPE,equal_candidate,EFA,matrix_32_pos_0_1,0,95,NA,0.6686011904761487,POS
WHY_EUROPE,equal_candidate,EFA,matrix_32_pos_0_1,1,80,NA,2.007678571428446,POS
WHY_EUROPE,equal_candidate,EFA,matrix_32_pos_0_1,1,85,NA,2.007678571428446,POS
WHY_EUROPE,equal_candidate,EFA,matrix_32_pos_0_1,1,90,NA,2.007678571428446,POS
WHY_EUROPE,equal_candidate,EFA,matrix_32_pos_0_1,1,95,NA,2.007678571428446,POS
WHY_EUROPE,equal_candidate,EFA,matrix_32_pos_0_1,2,80,NA,5.809999999999639,POS
WHY_EUROPE,equal_candidate,EFA,matrix_32_pos_0_1,2,85,NA,5.809999999999639,POS
WHY_EUROPE,equal_candidate,EFA,matrix_32_pos_0_1,2,90,NA,5.809999999999639,POS
WHY_EUROPE,equal_candidate,EFA,matrix_32_pos_0_1,2,95,NA,5.809999999999639,POS
WHY_EUROPE,equal_candidate,EFA,matrix_32_pos_0_1,3,80,NA,11.223958333332645,POS
WHY_EUROPE,equal_candidate,EFA,matrix_32_pos_0_1,3,85,NA,11.223958333332645,POS
WHY_EUROPE,equal_candidate,EFA,matrix_32_pos_0_1,3,90,NA,11.223958333332645,POS
WHY_EUROPE,equal_candidate,EFA,matrix_32_pos_0_1,3,95,NA,11.223958333332645,POS
WHY_EUROPE,equal_candidate,EFA,matrix_32_pos_0_1,4,80,NA,19.089910714284496,POS
WHY_EUROPE,equal_candidate,EFA,matrix_32_pos_0_1,4,85,NA,19.089910714284496,POS
WHY_EUROPE,equal_candidate,EFA,matrix_32_pos_0_1,4,90,NA,19.089910714284496,POS
WHY_EUROPE,equal_candidate,EFA,matrix_32_pos_0_1,4,95,NA,19.089910714284496,POS
WHY_EUROPE,equal_candidate,EFA,matrix_32_pos_0_1,5,80,NA,28.222053571426684,POS
WHY_EUROPE,equal_candidate,EFA,matrix_32_pos_0_1,5,85,NA,28.222053571426684,POS
WHY_EUROPE,equal_candidate,EFA,matrix_32_pos_0_1,5,90,NA,28.222053571426684,POS
WHY_EUROPE,equal_candidate,EFA,matrix_32_pos_0_1,5,95,NA,28.222053571426684,POS
WHY_EUROPE,equal_candidate,EFA,matrix_32_pos_0_1,6,80,NA,40.85883928571187,POS
WHY_EUROPE,equal_candidate,EFA,matrix_32_pos_0_1,6,85,NA,40.85883928571187,POS
WHY_EUROPE,equal_candidate,EFA,matrix_32_pos_0_1,6,90,NA,40.85883928571187,POS
WHY_EUROPE,equal_candidate,EFA,matrix_32_pos_0_1,6,95,NA,40.85883928571187,POS
WHY_EUROPE,equal_candidate,EFA,matrix_32_pos_0_1,7,80,NA,54.58279761904484,POS
WHY_EUROPE,equal_candidate,EFA,matrix_32_pos_0_1,7,85,NA,54.58279761904484,POS
WHY_EUROPE,equal_candidate,EFA,matrix_32_pos_0_1,7,90,NA,54.58279761904484,POS
WHY_EUROPE,equal_candidate,EFA,matrix_32_pos_0_1,7,95,NA,54.58279761904484,POS
WHY_EUROPE,equal_candidate,EFA,matrix_32_pos_0_1,8,80,NA,65.93360119047247,POS
WHY_EUROPE,equal_candidate,EFA,matrix_32_pos_0_1,8,85,NA,65.93360119047247,POS
WHY_EUROPE,equal_candidate,EFA,matrix_32_pos_0_1,8,90,NA,65.93360119047247,POS
WHY_EUROPE,equal_candidate,EFA,matrix_32_pos_0_1,8,95,NA,65.93360119047247,POS
WHY_EUROPE,equal_candidate,EFA,matrix_32_pos_0_1,9,80,NA,77.65946428570798,POS
WHY_EUROPE,equal_candidate,EFA,matrix_32_pos_0_1,9,85,NA,77.65946428570798,POS
WHY_EUROPE,equal_candidate,EFA,matrix_32_pos_0_1,9,90,NA,77.65946428570798,POS
WHY_EUROPE,equal_candidate,EFA,matrix_32_pos_0_1,9,95,NA,77.65946428570798,POS
WHY_EUROPE,equal_candidate,EFA,matrix_32_pos_0_1,10,80,6,88.17255952380096,POS
WHY_EUROPE,equal_candidate,EFA,matrix_32_pos_0_1,10,85,9,88.17255952380096,POS
WHY_EUROPE,equal_candidate,EFA,matrix_32_pos_0_1,10,90,NA,88.17255952380096,POS
WHY_EUROPE,equal_candidate,EFA,matrix_32_pos_0_1,10,95,NA,88.17255952380096,POS
WHY_EUROPE,equal_candidate,EFA,matrix_32_ext_0_1,0,80,NA,1.0972916666665902,EXT
WHY_EUROPE,equal_candidate,EFA,matrix_32_ext_0_1,0,85,NA,1.0972916666665902,EXT
WHY_EUROPE,equal_candidate,EFA,matrix_32_ext_0_1,0,90,NA,1.0972916666665902,EXT
WHY_EUROPE,equal_candidate,EFA,matrix_32_ext_0_1,0,95,NA,1.0972916666665902,EXT
WHY_EUROPE,equal_candidate,EFA,matrix_32_ext_0_1,1,80,NA,2.7888392857140905,EXT
WHY_EUROPE,equal_candidate,EFA,matrix_32_ext_0_1,1,85,NA,2.7888392857140905,EXT
WHY_EUROPE,equal_candidate,EFA,matrix_32_ext_0_1,1,90,NA,2.7888392857140905,EXT
WHY_EUROPE,equal_candidate,EFA,matrix_32_ext_0_1,1,95,NA,2.7888392857140905,EXT
WHY_EUROPE,equal_candidate,EFA,matrix_32_ext_0_1,2,80,NA,7.049523809523319,EXT
WHY_EUROPE,equal_candidate,EFA,matrix_32_ext_0_1,2,85,NA,7.049523809523319,EXT
WHY_EUROPE,equal_candidate,EFA,matrix_32_ext_0_1,2,90,NA,7.049523809523319,EXT
WHY_EUROPE,equal_candidate,EFA,matrix_32_ext_0_1,2,95,NA,7.049523809523319,EXT
WHY_EUROPE,equal_candidate,EFA,matrix_32_ext_0_1,3,80,NA,12.32824404761818,EXT
WHY_EUROPE,equal_candidate,EFA,matrix_32_ext_0_1,3,85,NA,12.32824404761818,EXT
WHY_EUROPE,equal_candidate,EFA,matrix_32_ext_0_1,3,90,NA,12.32824404761818,EXT
WHY_EUROPE,equal_candidate,EFA,matrix_32_ext_0_1,3,95,NA,12.32824404761818,EXT
WHY_EUROPE,equal_candidate,EFA,matrix_32_ext_0_1,4,80,NA,18.3103869047606,EXT
WHY_EUROPE,equal_candidate,EFA,matrix_32_ext_0_1,4,85,NA,18.3103869047606,EXT
WHY_EUROPE,equal_candidate,EFA,matrix_32_ext_0_1,4,90,NA,18.3103869047606,EXT
WHY_EUROPE,equal_candidate,EFA,matrix_32_ext_0_1,4,95,NA,18.3103869047606,EXT
WHY_EUROPE,equal_candidate,EFA,matrix_32_ext_0_1,5,80,NA,25.78681547618871,EXT
WHY_EUROPE,equal_candidate,EFA,matrix_32_ext_0_1,5,85,NA,25.78681547618871,EXT
WHY_EUROPE,equal_candidate,EFA,matrix_32_ext_0_1,5,90,NA,25.78681547618871,EXT
WHY_EUROPE,equal_candidate,EFA,matrix_32_ext_0_1,5,95,NA,25.78681547618871,EXT
WHY_EUROPE,equal_candidate,EFA,matrix_32_ext_0_1,6,80,NA,35.74330357142622,EXT
WHY_EUROPE,equal_candidate,EFA,matrix_32_ext_0_1,6,85,NA,35.74330357142622,EXT
WHY_EUROPE,equal_candidate,EFA,matrix_32_ext_0_1,6,90,NA,35.74330357142622,EXT
WHY_EUROPE,equal_candidate,EFA,matrix_32_ext_0_1,6,95,NA,35.74330357142622,EXT
WHY_EUROPE,equal_candidate,EFA,matrix_32_ext_0_1,7,80,NA,45.334345238091984,EXT
WHY_EUROPE,equal_candidate,EFA,matrix_32_ext_0_1,7,85,NA,45.334345238091984,EXT
WHY_EUROPE,equal_candidate,EFA,matrix_32_ext_0_1,7,90,NA,45.334345238091984,EXT
WHY_EUROPE,equal_candidate,EFA,matrix_32_ext_0_1,7,95,NA,45.334345238091984,EXT
WHY_EUROPE,equal_candidate,EFA,matrix_32_ext_0_1,8,80,NA,58.828601190472014,EXT
WHY_EUROPE,equal_candidate,EFA,matrix_32_ext_0_1,8,85,NA,58.828601190472014,EXT
WHY_EUROPE,equal_candidate,EFA,matrix_32_ext_0_1,8,90,NA,58.828601190472014,EXT
WHY_EUROPE,equal_candidate,EFA,matrix_32_ext_0_1,8,95,NA,58.828601190472014,EXT
WHY_EUROPE,equal_candidate,EFA,matrix_32_ext_0_1,9,80,NA,74.16994047618417,EXT
WHY_EUROPE,equal_candidate,EFA,matrix_32_ext_0_1,9,85,NA,74.16994047618417,EXT
WHY_EUROPE,equal_candidate,EFA,matrix_32_ext_0_1,9,90,NA,74.16994047618417,EXT
WHY_EUROPE,equal_candidate,EFA,matrix_32_ext_0_1,9,95,NA,74.16994047618417,EXT
WHY_EUROPE,equal_candidate,EFA,matrix_32_ext_0_1,10,80,10,84.102083333325,EXT
WHY_EUROPE,equal_candidate,EFA,matrix_32_ext_0_1,10,85,NA,84.102083333325,EXT
WHY_EUROPE,equal_candidate,EFA,matrix_32_ext_0_1,10,90,NA,84.102083333325,EXT
WHY_EUROPE,equal_candidate,EFA,matrix_32_ext_0_1,10,95,NA,84.102083333325,EXT
WHY_EUROPE,equal_candidate,EFA,matrix_32_z_abs,0,80,NA,0.3193749999999652,Z_ABS
WHY_EUROPE,equal_candidate,EFA,matrix_32_z_abs,0,85,NA,0.3193749999999652,Z_ABS
WHY_EUROPE,equal_candidate,EFA,matrix_32_z_abs,0,90,NA,0.3193749999999652,Z_ABS
WHY_EUROPE,equal_candidate,EFA,matrix_32_z_abs,0,95,NA,0.3193749999999652,Z_ABS
WHY_EUROPE,equal_candidate,EFA,matrix_32_z_abs,1,80,NA,0.8991369047618066,Z_ABS
WHY_EUROPE,equal_candidate,EFA,matrix_32_z_abs,1,85,NA,0.8991369047618066,Z_ABS
WHY_EUROPE,equal_candidate,EFA,matrix_32_z_abs,1,90,NA,0.8991369047618066,Z_ABS
WHY_EUROPE,equal_candidate,EFA,matrix_32_z_abs,1,95,NA,0.8991369047618066,Z_ABS
WHY_EUROPE,equal_candidate,EFA,matrix_32_z_abs,2,80,NA,2.092440476190249,Z_ABS
WHY_EUROPE,equal_candidate,EFA,matrix_32_z_abs,2,85,NA,2.092440476190249,Z_ABS
WHY_EUROPE,equal_candidate,EFA,matrix_32_z_abs,2,90,NA,2.092440476190249,Z_ABS
WHY_EUROPE,equal_candidate,EFA,matrix_32_z_abs,2,95,NA,2.092440476190249,Z_ABS
WHY_EUROPE,equal_candidate,EFA,matrix_32_z_abs,3,80,NA,4.0132142857138495,Z_ABS
WHY_EUROPE,equal_candidate,EFA,matrix_32_z_abs,3,85,NA,4.0132142857138495,Z_ABS
WHY_EUROPE,equal_candidate,EFA,matrix_32_z_abs,3,90,NA,4.0132142857138495,Z_ABS
WHY_EUROPE,equal_candidate,EFA,matrix_32_z_abs,3,95,NA,4.0132142857138495,Z_ABS
WHY_EUROPE,equal_candidate,EFA,matrix_32_z_abs,4,80,NA,7.058154761904,Z_ABS
WHY_EUROPE,equal_candidate,EFA,matrix_32_z_abs,4,85,NA,7.058154761904,Z_ABS
WHY_EUROPE,equal_candidate,EFA,matrix_32_z_abs,4,90,NA,7.058154761904,Z_ABS
WHY_EUROPE,equal_candidate,EFA,matrix_32_z_abs,4,95,NA,7.058154761904,Z_ABS
WHY_EUROPE,equal_candidate,EFA,matrix_32_z_abs,5,80,NA,10.983511904760666,Z_ABS
WHY_EUROPE,equal_candidate,EFA,matrix_32_z_abs,5,85,NA,10.983511904760666,Z_ABS
WHY_EUROPE,equal_candidate,EFA,matrix_32_z_abs,5,90,NA,10.983511904760666,Z_ABS
WHY_EUROPE,equal_candidate,EFA,matrix_32_z_abs,5,95,NA,10.983511904760666,Z_ABS
WHY_EUROPE,equal_candidate,EFA,matrix_32_z_abs,6,80,NA,18.566726190474068,Z_ABS
WHY_EUROPE,equal_candidate,EFA,matrix_32_z_abs,6,85,NA,18.566726190474068,Z_ABS
WHY_EUROPE,equal_candidate,EFA,matrix_32_z_abs,6,90,NA,18.566726190474068,Z_ABS
WHY_EUROPE,equal_candidate,EFA,matrix_32_z_abs,6,95,NA,18.566726190474068,Z_ABS
WHY_EUROPE,equal_candidate,EFA,matrix_32_z_abs,7,80,NA,32.57324404761563,Z_ABS
WHY_EUROPE,equal_candidate,EFA,matrix_32_z_abs,7,85,NA,32.57324404761563,Z_ABS
WHY_EUROPE,equal_candidate,EFA,matrix_32_z_abs,7,90,NA,32.57324404761563,Z_ABS
WHY_EUROPE,equal_candidate,EFA,matrix_32_z_abs,7,95,NA,32.57324404761563,Z_ABS
WHY_EUROPE,equal_candidate,EFA,matrix_32_z_abs,8,80,NA,48.44318452380463,Z_ABS
WHY_EUROPE,equal_candidate,EFA,matrix_32_z_abs,8,85,NA,48.44318452380463,Z_ABS
WHY_EUROPE,equal_candidate,EFA,matrix_32_z_abs,8,90,NA,48.44318452380463,Z_ABS
WHY_EUROPE,equal_candidate,EFA,matrix_32_z_abs,8,95,NA,48.44318452380463,Z_ABS
WHY_EUROPE,equal_candidate,EFA,matrix_32_z_abs,9,80,NA,64.68238095237425,Z_ABS
WHY_EUROPE,equal_candidate,EFA,matrix_32_z_abs,9,85,NA,64.68238095237425,Z_ABS
WHY_EUROPE,equal_candidate,EFA,matrix_32_z_abs,9,90,NA,64.68238095237425,Z_ABS
WHY_EUROPE,equal_candidate,EFA,matrix_32_z_abs,9,95,NA,64.68238095237425,Z_ABS
WHY_EUROPE,equal_candidate,EFA,matrix_32_z_abs,10,80,12,81.25770833332366,Z_ABS
WHY_EUROPE,equal_candidate,EFA,matrix_32_z_abs,10,85,NA,81.25770833332366,Z_ABS
WHY_EUROPE,equal_candidate,EFA,matrix_32_z_abs,10,90,NA,81.25770833332366,Z_ABS
WHY_EUROPE,equal_candidate,EFA,matrix_32_z_abs,10,95,NA,81.25770833332366,Z_ABS
WHY_LATAM,equal_candidate,KMEANS,matrix_32_raw_0_1,0,80,NA,4.320119047618944,RAW
WHY_LATAM,equal_candidate,KMEANS,matrix_32_raw_0_1,0,85,NA,4.320119047618944,RAW
WHY_LATAM,equal_candidate,KMEANS,matrix_32_raw_0_1,0,90,NA,4.320119047618944,RAW
WHY_LATAM,equal_candidate,KMEANS,matrix_32_raw_0_1,0,95,NA,4.320119047618944,RAW
WHY_LATAM,equal_candidate,KMEANS,matrix_32_raw_0_1,1,80,NA,13.170386904761594,RAW
WHY_LATAM,equal_candidate,KMEANS,matrix_32_raw_0_1,1,85,NA,13.170386904761594,RAW
WHY_LATAM,equal_candidate,KMEANS,matrix_32_raw_0_1,1,90,NA,13.170386904761594,RAW
WHY_LATAM,equal_candidate,KMEANS,matrix_32_raw_0_1,1,95,NA,13.170386904761594,RAW
WHY_LATAM,equal_candidate,KMEANS,matrix_32_raw_0_1,2,80,NA,34.47726190476109,RAW
WHY_LATAM,equal_candidate,KMEANS,matrix_32_raw_0_1,2,85,NA,34.47726190476109,RAW
WHY_LATAM,equal_candidate,KMEANS,matrix_32_raw_0_1,2,90,NA,34.47726190476109,RAW
WHY_LATAM,equal_candidate,KMEANS,matrix_32_raw_0_1,2,95,NA,34.47726190476109,RAW
WHY_LATAM,equal_candidate,KMEANS,matrix_32_raw_0_1,3,80,NA,58.47845238095108,RAW
WHY_LATAM,equal_candidate,KMEANS,matrix_32_raw_0_1,3,85,NA,58.47845238095108,RAW
WHY_LATAM,equal_candidate,KMEANS,matrix_32_raw_0_1,3,90,NA,58.47845238095108,RAW
WHY_LATAM,equal_candidate,KMEANS,matrix_32_raw_0_1,3,95,NA,58.47845238095108,RAW
WHY_LATAM,equal_candidate,KMEANS,matrix_32_raw_0_1,4,80,12,81.41202380952191,RAW
WHY_LATAM,equal_candidate,KMEANS,matrix_32_raw_0_1,4,85,NA,81.41202380952191,RAW
WHY_LATAM,equal_candidate,KMEANS,matrix_32_raw_0_1,4,90,NA,81.41202380952191,RAW
WHY_LATAM,equal_candidate,KMEANS,matrix_32_raw_0_1,4,95,NA,81.41202380952191,RAW
WHY_LATAM,equal_candidate,KMEANS,matrix_32_raw_0_1,5,80,6,91.57705357142612,RAW
WHY_LATAM,equal_candidate,KMEANS,matrix_32_raw_0_1,5,85,8,91.57705357142612,RAW
WHY_LATAM,equal_candidate,KMEANS,matrix_32_raw_0_1,5,90,11,91.57705357142612,RAW
WHY_LATAM,equal_candidate,KMEANS,matrix_32_raw_0_1,5,95,NA,91.57705357142612,RAW
WHY_LATAM,equal_candidate,KMEANS,matrix_32_raw_0_1,6,80,4,96.01193452380691,RAW
WHY_LATAM,equal_candidate,KMEANS,matrix_32_raw_0_1,6,85,4,96.01193452380691,RAW
WHY_LATAM,equal_candidate,KMEANS,matrix_32_raw_0_1,6,90,5,96.01193452380691,RAW
WHY_LATAM,equal_candidate,KMEANS,matrix_32_raw_0_1,6,95,8,96.01193452380691,RAW
WHY_LATAM,equal_candidate,KMEANS,matrix_32_raw_0_1,7,80,3,98.39068452380722,RAW
WHY_LATAM,equal_candidate,KMEANS,matrix_32_raw_0_1,7,85,3,98.39068452380722,RAW
WHY_LATAM,equal_candidate,KMEANS,matrix_32_raw_0_1,7,90,4,98.39068452380722,RAW
WHY_LATAM,equal_candidate,KMEANS,matrix_32_raw_0_1,7,95,5,98.39068452380722,RAW
WHY_LATAM,equal_candidate,KMEANS,matrix_32_raw_0_1,8,80,2,99.14803571428456,RAW
WHY_LATAM,equal_candidate,KMEANS,matrix_32_raw_0_1,8,85,3,99.14803571428456,RAW
WHY_LATAM,equal_candidate,KMEANS,matrix_32_raw_0_1,8,90,3,99.14803571428456,RAW
WHY_LATAM,equal_candidate,KMEANS,matrix_32_raw_0_1,8,95,4,99.14803571428456,RAW
WHY_LATAM,equal_candidate,KMEANS,matrix_32_raw_0_1,9,80,2,99.7714285714272,RAW
WHY_LATAM,equal_candidate,KMEANS,matrix_32_raw_0_1,9,85,2,99.7714285714272,RAW
WHY_LATAM,equal_candidate,KMEANS,matrix_32_raw_0_1,9,90,2,99.7714285714272,RAW
WHY_LATAM,equal_candidate,KMEANS,matrix_32_raw_0_1,9,95,3,99.7714285714272,RAW
WHY_LATAM,equal_candidate,KMEANS,matrix_32_raw_0_1,10,80,2,99.85223214285584,RAW
WHY_LATAM,equal_candidate,KMEANS,matrix_32_raw_0_1,10,85,2,99.85223214285584,RAW
WHY_LATAM,equal_candidate,KMEANS,matrix_32_raw_0_1,10,90,2,99.85223214285584,RAW
WHY_LATAM,equal_candidate,KMEANS,matrix_32_raw_0_1,10,95,2,99.85223214285584,RAW
WHY_LATAM,equal_candidate,KMEANS,matrix_32_pos_0_1,0,80,NA,7.82830357142843,POS
WHY_LATAM,equal_candidate,KMEANS,matrix_32_pos_0_1,0,85,NA,7.82830357142843,POS
WHY_LATAM,equal_candidate,KMEANS,matrix_32_pos_0_1,0,90,NA,7.82830357142843,POS
WHY_LATAM,equal_candidate,KMEANS,matrix_32_pos_0_1,0,95,NA,7.82830357142843,POS
WHY_LATAM,equal_candidate,KMEANS,matrix_32_pos_0_1,1,80,NA,25.507886904761445,POS
WHY_LATAM,equal_candidate,KMEANS,matrix_32_pos_0_1,1,85,NA,25.507886904761445,POS
WHY_LATAM,equal_candidate,KMEANS,matrix_32_pos_0_1,1,90,NA,25.507886904761445,POS
WHY_LATAM,equal_candidate,KMEANS,matrix_32_pos_0_1,1,95,NA,25.507886904761445,POS
WHY_LATAM,equal_candidate,KMEANS,matrix_32_pos_0_1,2,80,NA,50.619791666665776,POS
WHY_LATAM,equal_candidate,KMEANS,matrix_32_pos_0_1,2,85,NA,50.619791666665776,POS
WHY_LATAM,equal_candidate,KMEANS,matrix_32_pos_0_1,2,90,NA,50.619791666665776,POS
WHY_LATAM,equal_candidate,KMEANS,matrix_32_pos_0_1,2,95,NA,50.619791666665776,POS
WHY_LATAM,equal_candidate,KMEANS,matrix_32_pos_0_1,3,80,NA,72.42940476190343,POS
WHY_LATAM,equal_candidate,KMEANS,matrix_32_pos_0_1,3,85,NA,72.42940476190343,POS
WHY_LATAM,equal_candidate,KMEANS,matrix_32_pos_0_1,3,90,NA,72.42940476190343,POS
WHY_LATAM,equal_candidate,KMEANS,matrix_32_pos_0_1,3,95,NA,72.42940476190343,POS
WHY_LATAM,equal_candidate,KMEANS,matrix_32_pos_0_1,4,80,7,89.81577380952233,POS
WHY_LATAM,equal_candidate,KMEANS,matrix_32_pos_0_1,4,85,9,89.81577380952233,POS
WHY_LATAM,equal_candidate,KMEANS,matrix_32_pos_0_1,4,90,NA,89.81577380952233,POS
WHY_LATAM,equal_candidate,KMEANS,matrix_32_pos_0_1,4,95,NA,89.81577380952233,POS
WHY_LATAM,equal_candidate,KMEANS,matrix_32_pos_0_1,5,80,5,94.56514880952253,POS
WHY_LATAM,equal_candidate,KMEANS,matrix_32_pos_0_1,5,85,7,94.56514880952253,POS
WHY_LATAM,equal_candidate,KMEANS,matrix_32_pos_0_1,5,90,8,94.56514880952253,POS
WHY_LATAM,equal_candidate,KMEANS,matrix_32_pos_0_1,5,95,NA,94.56514880952253,POS
WHY_LATAM,equal_candidate,KMEANS,matrix_32_pos_0_1,6,80,2,98.25392857142866,POS
WHY_LATAM,equal_candidate,KMEANS,matrix_32_pos_0_1,6,85,3,98.25392857142866,POS
WHY_LATAM,equal_candidate,KMEANS,matrix_32_pos_0_1,6,90,4,98.25392857142866,POS
WHY_LATAM,equal_candidate,KMEANS,matrix_32_pos_0_1,6,95,5,98.25392857142866,POS
WHY_LATAM,equal_candidate,KMEANS,matrix_32_pos_0_1,7,80,2,99.31696428571271,POS
WHY_LATAM,equal_candidate,KMEANS,matrix_32_pos_0_1,7,85,2,99.31696428571271,POS
WHY_LATAM,equal_candidate,KMEANS,matrix_32_pos_0_1,7,90,2,99.31696428571271,POS
WHY_LATAM,equal_candidate,KMEANS,matrix_32_pos_0_1,7,95,4,99.31696428571271,POS
WHY_LATAM,equal_candidate,KMEANS,matrix_32_pos_0_1,8,80,2,99.96160714285551,POS
WHY_LATAM,equal_candidate,KMEANS,matrix_32_pos_0_1,8,85,2,99.96160714285551,POS
WHY_LATAM,equal_candidate,KMEANS,matrix_32_pos_0_1,8,90,2,99.96160714285551,POS
WHY_LATAM,equal_candidate,KMEANS,matrix_32_pos_0_1,8,95,2,99.96160714285551,POS
WHY_LATAM,equal_candidate,KMEANS,matrix_32_pos_0_1,9,80,1,99.99999999999872,POS
WHY_LATAM,equal_candidate,KMEANS,matrix_32_pos_0_1,9,85,2,99.99999999999872,POS
WHY_LATAM,equal_candidate,KMEANS,matrix_32_pos_0_1,9,90,2,99.99999999999872,POS
WHY_LATAM,equal_candidate,KMEANS,matrix_32_pos_0_1,9,95,2,99.99999999999872,POS
WHY_LATAM,equal_candidate,KMEANS,matrix_32_pos_0_1,10,80,1,99.99999999999928,POS
WHY_LATAM,equal_candidate,KMEANS,matrix_32_pos_0_1,10,85,1,99.99999999999928,POS
WHY_LATAM,equal_candidate,KMEANS,matrix_32_pos_0_1,10,90,2,99.99999999999928,POS
WHY_LATAM,equal_candidate,KMEANS,matrix_32_pos_0_1,10,95,2,99.99999999999928,POS
WHY_LATAM,equal_candidate,KMEANS,matrix_32_ext_0_1,0,80,NA,5.245505952380823,EXT
WHY_LATAM,equal_candidate,KMEANS,matrix_32_ext_0_1,0,85,NA,5.245505952380823,EXT
WHY_LATAM,equal_candidate,KMEANS,matrix_32_ext_0_1,0,90,NA,5.245505952380823,EXT
WHY_LATAM,equal_candidate,KMEANS,matrix_32_ext_0_1,0,95,NA,5.245505952380823,EXT
WHY_LATAM,equal_candidate,KMEANS,matrix_32_ext_0_1,1,80,NA,11.489077380952102,EXT
WHY_LATAM,equal_candidate,KMEANS,matrix_32_ext_0_1,1,85,NA,11.489077380952102,EXT
WHY_LATAM,equal_candidate,KMEANS,matrix_32_ext_0_1,1,90,NA,11.489077380952102,EXT
WHY_LATAM,equal_candidate,KMEANS,matrix_32_ext_0_1,1,95,NA,11.489077380952102,EXT
WHY_LATAM,equal_candidate,KMEANS,matrix_32_ext_0_1,2,80,NA,29.01714285714214,EXT
WHY_LATAM,equal_candidate,KMEANS,matrix_32_ext_0_1,2,85,NA,29.01714285714214,EXT
WHY_LATAM,equal_candidate,KMEANS,matrix_32_ext_0_1,2,90,NA,29.01714285714214,EXT
WHY_LATAM,equal_candidate,KMEANS,matrix_32_ext_0_1,2,95,NA,29.01714285714214,EXT
WHY_LATAM,equal_candidate,KMEANS,matrix_32_ext_0_1,3,80,NA,45.71395833333215,EXT
WHY_LATAM,equal_candidate,KMEANS,matrix_32_ext_0_1,3,85,NA,45.71395833333215,EXT
WHY_LATAM,equal_candidate,KMEANS,matrix_32_ext_0_1,3,90,NA,45.71395833333215,EXT
WHY_LATAM,equal_candidate,KMEANS,matrix_32_ext_0_1,3,95,NA,45.71395833333215,EXT
WHY_LATAM,equal_candidate,KMEANS,matrix_32_ext_0_1,4,80,NA,67.98940476190334,EXT
WHY_LATAM,equal_candidate,KMEANS,matrix_32_ext_0_1,4,85,NA,67.98940476190334,EXT
WHY_LATAM,equal_candidate,KMEANS,matrix_32_ext_0_1,4,90,NA,67.98940476190334,EXT
WHY_LATAM,equal_candidate,KMEANS,matrix_32_ext_0_1,4,95,NA,67.98940476190334,EXT
WHY_LATAM,equal_candidate,KMEANS,matrix_32_ext_0_1,5,80,11,81.56824404761696,EXT
WHY_LATAM,equal_candidate,KMEANS,matrix_32_ext_0_1,5,85,NA,81.56824404761696,EXT
WHY_LATAM,equal_candidate,KMEANS,matrix_32_ext_0_1,5,90,NA,81.56824404761696,EXT
WHY_LATAM,equal_candidate,KMEANS,matrix_32_ext_0_1,5,95,NA,81.56824404761696,EXT
WHY_LATAM,equal_candidate,KMEANS,matrix_32_ext_0_1,6,80,6,92.63517857142536,EXT
WHY_LATAM,equal_candidate,KMEANS,matrix_32_ext_0_1,6,85,7,92.63517857142536,EXT
WHY_LATAM,equal_candidate,KMEANS,matrix_32_ext_0_1,6,90,9,92.63517857142536,EXT
WHY_LATAM,equal_candidate,KMEANS,matrix_32_ext_0_1,6,95,NA,92.63517857142536,EXT
WHY_LATAM,equal_candidate,KMEANS,matrix_32_ext_0_1,7,80,3,97.82931547618853,EXT
WHY_LATAM,equal_candidate,KMEANS,matrix_32_ext_0_1,7,85,4,97.82931547618853,EXT
WHY_LATAM,equal_candidate,KMEANS,matrix_32_ext_0_1,7,90,5,97.82931547618853,EXT
WHY_LATAM,equal_candidate,KMEANS,matrix_32_ext_0_1,7,95,7,97.82931547618853,EXT
WHY_LATAM,equal_candidate,KMEANS,matrix_32_ext_0_1,8,80,3,99.26071428571308,EXT
WHY_LATAM,equal_candidate,KMEANS,matrix_32_ext_0_1,8,85,3,99.26071428571308,EXT
WHY_LATAM,equal_candidate,KMEANS,matrix_32_ext_0_1,8,90,4,99.26071428571308,EXT
WHY_LATAM,equal_candidate,KMEANS,matrix_32_ext_0_1,8,95,5,99.26071428571308,EXT
WHY_LATAM,equal_candidate,KMEANS,matrix_32_ext_0_1,9,80,2,99.74553571428524,EXT
WHY_LATAM,equal_candidate,KMEANS,matrix_32_ext_0_1,9,85,2,99.74553571428524,EXT
WHY_LATAM,equal_candidate,KMEANS,matrix_32_ext_0_1,9,90,3,99.74553571428524,EXT
WHY_LATAM,equal_candidate,KMEANS,matrix_32_ext_0_1,9,95,5,99.74553571428524,EXT
WHY_LATAM,equal_candidate,KMEANS,matrix_32_ext_0_1,10,80,2,99.9249999999996,EXT
WHY_LATAM,equal_candidate,KMEANS,matrix_32_ext_0_1,10,85,2,99.9249999999996,EXT
WHY_LATAM,equal_candidate,KMEANS,matrix_32_ext_0_1,10,90,2,99.9249999999996,EXT
WHY_LATAM,equal_candidate,KMEANS,matrix_32_ext_0_1,10,95,3,99.9249999999996,EXT
WHY_LATAM,equal_candidate,KMEANS,matrix_32_z_abs,0,80,NA,1.4824107142855802,Z_ABS
WHY_LATAM,equal_candidate,KMEANS,matrix_32_z_abs,0,85,NA,1.4824107142855802,Z_ABS
WHY_LATAM,equal_candidate,KMEANS,matrix_32_z_abs,0,90,NA,1.4824107142855802,Z_ABS
WHY_LATAM,equal_candidate,KMEANS,matrix_32_z_abs,0,95,NA,1.4824107142855802,Z_ABS
WHY_LATAM,equal_candidate,KMEANS,matrix_32_z_abs,1,80,NA,3.1849107142854254,Z_ABS
WHY_LATAM,equal_candidate,KMEANS,matrix_32_z_abs,1,85,NA,3.1849107142854254,Z_ABS
WHY_LATAM,equal_candidate,KMEANS,matrix_32_z_abs,1,90,NA,3.1849107142854254,Z_ABS
WHY_LATAM,equal_candidate,KMEANS,matrix_32_z_abs,1,95,NA,3.1849107142854254,Z_ABS
WHY_LATAM,equal_candidate,KMEANS,matrix_32_z_abs,2,80,NA,5.42749999999951,Z_ABS
WHY_LATAM,equal_candidate,KMEANS,matrix_32_z_abs,2,85,NA,5.42749999999951,Z_ABS
WHY_LATAM,equal_candidate,KMEANS,matrix_32_z_abs,2,90,NA,5.42749999999951,Z_ABS
WHY_LATAM,equal_candidate,KMEANS,matrix_32_z_abs,2,95,NA,5.42749999999951,Z_ABS
WHY_LATAM,equal_candidate,KMEANS,matrix_32_z_abs,3,80,NA,10.146339285713376,Z_ABS
WHY_LATAM,equal_candidate,KMEANS,matrix_32_z_abs,3,85,NA,10.146339285713376,Z_ABS
WHY_LATAM,equal_candidate,KMEANS,matrix_32_z_abs,3,90,NA,10.146339285713376,Z_ABS
WHY_LATAM,equal_candidate,KMEANS,matrix_32_z_abs,3,95,NA,10.146339285713376,Z_ABS
WHY_LATAM,equal_candidate,KMEANS,matrix_32_z_abs,4,80,NA,20.17041666666486,Z_ABS
WHY_LATAM,equal_candidate,KMEANS,matrix_32_z_abs,4,85,NA,20.17041666666486,Z_ABS
WHY_LATAM,equal_candidate,KMEANS,matrix_32_z_abs,4,90,NA,20.17041666666486,Z_ABS
WHY_LATAM,equal_candidate,KMEANS,matrix_32_z_abs,4,95,NA,20.17041666666486,Z_ABS
WHY_LATAM,equal_candidate,KMEANS,matrix_32_z_abs,5,80,NA,31.84255952380649,Z_ABS
WHY_LATAM,equal_candidate,KMEANS,matrix_32_z_abs,5,85,NA,31.84255952380649,Z_ABS
WHY_LATAM,equal_candidate,KMEANS,matrix_32_z_abs,5,90,NA,31.84255952380649,Z_ABS
WHY_LATAM,equal_candidate,KMEANS,matrix_32_z_abs,5,95,NA,31.84255952380649,Z_ABS
WHY_LATAM,equal_candidate,KMEANS,matrix_32_z_abs,6,80,NA,42.374851190471965,Z_ABS
WHY_LATAM,equal_candidate,KMEANS,matrix_32_z_abs,6,85,NA,42.374851190471965,Z_ABS
WHY_LATAM,equal_candidate,KMEANS,matrix_32_z_abs,6,90,NA,42.374851190471965,Z_ABS
WHY_LATAM,equal_candidate,KMEANS,matrix_32_z_abs,6,95,NA,42.374851190471965,Z_ABS
WHY_LATAM,equal_candidate,KMEANS,matrix_32_z_abs,7,80,NA,59.85133928570888,Z_ABS
WHY_LATAM,equal_candidate,KMEANS,matrix_32_z_abs,7,85,NA,59.85133928570888,Z_ABS
WHY_LATAM,equal_candidate,KMEANS,matrix_32_z_abs,7,90,NA,59.85133928570888,Z_ABS
WHY_LATAM,equal_candidate,KMEANS,matrix_32_z_abs,7,95,NA,59.85133928570888,Z_ABS
WHY_LATAM,equal_candidate,KMEANS,matrix_32_z_abs,8,80,NA,74.62282738094638,Z_ABS
WHY_LATAM,equal_candidate,KMEANS,matrix_32_z_abs,8,85,NA,74.62282738094638,Z_ABS
WHY_LATAM,equal_candidate,KMEANS,matrix_32_z_abs,8,90,NA,74.62282738094638,Z_ABS
WHY_LATAM,equal_candidate,KMEANS,matrix_32_z_abs,8,95,NA,74.62282738094638,Z_ABS
WHY_LATAM,equal_candidate,KMEANS,matrix_32_z_abs,9,80,9,86.90372023808801,Z_ABS
WHY_LATAM,equal_candidate,KMEANS,matrix_32_z_abs,9,85,12,86.90372023808801,Z_ABS
WHY_LATAM,equal_candidate,KMEANS,matrix_32_z_abs,9,90,NA,86.90372023808801,Z_ABS
WHY_LATAM,equal_candidate,KMEANS,matrix_32_z_abs,9,95,NA,86.90372023808801,Z_ABS
WHY_LATAM,equal_candidate,KMEANS,matrix_32_z_abs,10,80,8,92.12735119046845,Z_ABS
WHY_LATAM,equal_candidate,KMEANS,matrix_32_z_abs,10,85,8,92.12735119046845,Z_ABS
WHY_LATAM,equal_candidate,KMEANS,matrix_32_z_abs,10,90,10,92.12735119046845,Z_ABS
WHY_LATAM,equal_candidate,KMEANS,matrix_32_z_abs,10,95,NA,92.12735119046845,Z_ABS
WHY_LATAM,equal_candidate,EFA,matrix_32_raw_0_1,0,80,NA,6.799642857142641,RAW
WHY_LATAM,equal_candidate,EFA,matrix_32_raw_0_1,0,85,NA,6.799642857142641,RAW
WHY_LATAM,equal_candidate,EFA,matrix_32_raw_0_1,0,90,NA,6.799642857142641,RAW
WHY_LATAM,equal_candidate,EFA,matrix_32_raw_0_1,0,95,NA,6.799642857142641,RAW
WHY_LATAM,equal_candidate,EFA,matrix_32_raw_0_1,1,80,NA,15.062976190475712,RAW
WHY_LATAM,equal_candidate,EFA,matrix_32_raw_0_1,1,85,NA,15.062976190475712,RAW
WHY_LATAM,equal_candidate,EFA,matrix_32_raw_0_1,1,90,NA,15.062976190475712,RAW
WHY_LATAM,equal_candidate,EFA,matrix_32_raw_0_1,1,95,NA,15.062976190475712,RAW
WHY_LATAM,equal_candidate,EFA,matrix_32_raw_0_1,2,80,NA,32.0534226190466,RAW
WHY_LATAM,equal_candidate,EFA,matrix_32_raw_0_1,2,85,NA,32.0534226190466,RAW
WHY_LATAM,equal_candidate,EFA,matrix_32_raw_0_1,2,90,NA,32.0534226190466,RAW
WHY_LATAM,equal_candidate,EFA,matrix_32_raw_0_1,2,95,NA,32.0534226190466,RAW
WHY_LATAM,equal_candidate,EFA,matrix_32_raw_0_1,3,80,NA,44.53446428571285,RAW
WHY_LATAM,equal_candidate,EFA,matrix_32_raw_0_1,3,85,NA,44.53446428571285,RAW
WHY_LATAM,equal_candidate,EFA,matrix_32_raw_0_1,3,90,NA,44.53446428571285,RAW
WHY_LATAM,equal_candidate,EFA,matrix_32_raw_0_1,3,95,NA,44.53446428571285,RAW
WHY_LATAM,equal_candidate,EFA,matrix_32_raw_0_1,4,80,NA,57.02824404761735,RAW
WHY_LATAM,equal_candidate,EFA,matrix_32_raw_0_1,4,85,NA,57.02824404761735,RAW
WHY_LATAM,equal_candidate,EFA,matrix_32_raw_0_1,4,90,NA,57.02824404761735,RAW
WHY_LATAM,equal_candidate,EFA,matrix_32_raw_0_1,4,95,NA,57.02824404761735,RAW
WHY_LATAM,equal_candidate,EFA,matrix_32_raw_0_1,5,80,NA,66.58910714285513,RAW
WHY_LATAM,equal_candidate,EFA,matrix_32_raw_0_1,5,85,NA,66.58910714285513,RAW
WHY_LATAM,equal_candidate,EFA,matrix_32_raw_0_1,5,90,NA,66.58910714285513,RAW
WHY_LATAM,equal_candidate,EFA,matrix_32_raw_0_1,5,95,NA,66.58910714285513,RAW
WHY_LATAM,equal_candidate,EFA,matrix_32_raw_0_1,6,80,NA,79.76327380952142,RAW
WHY_LATAM,equal_candidate,EFA,matrix_32_raw_0_1,6,85,NA,79.76327380952142,RAW
WHY_LATAM,equal_candidate,EFA,matrix_32_raw_0_1,6,90,NA,79.76327380952142,RAW
WHY_LATAM,equal_candidate,EFA,matrix_32_raw_0_1,6,95,NA,79.76327380952142,RAW
WHY_LATAM,equal_candidate,EFA,matrix_32_raw_0_1,7,80,5,90.25568452380612,RAW
WHY_LATAM,equal_candidate,EFA,matrix_32_raw_0_1,7,85,8,90.25568452380612,RAW
WHY_LATAM,equal_candidate,EFA,matrix_32_raw_0_1,7,90,12,90.25568452380612,RAW
WHY_LATAM,equal_candidate,EFA,matrix_32_raw_0_1,7,95,NA,90.25568452380612,RAW
WHY_LATAM,equal_candidate,EFA,matrix_32_raw_0_1,8,80,5,94.55886904761462,RAW
WHY_LATAM,equal_candidate,EFA,matrix_32_raw_0_1,8,85,5,94.55886904761462,RAW
WHY_LATAM,equal_candidate,EFA,matrix_32_raw_0_1,8,90,7,94.55886904761462,RAW
WHY_LATAM,equal_candidate,EFA,matrix_32_raw_0_1,8,95,NA,94.55886904761462,RAW
WHY_LATAM,equal_candidate,EFA,matrix_32_raw_0_1,9,80,5,97.46752976189998,RAW
WHY_LATAM,equal_candidate,EFA,matrix_32_raw_0_1,9,85,5,97.46752976189998,RAW
WHY_LATAM,equal_candidate,EFA,matrix_32_raw_0_1,9,90,5,97.46752976189998,RAW
WHY_LATAM,equal_candidate,EFA,matrix_32_raw_0_1,9,95,8,97.46752976189998,RAW
WHY_LATAM,equal_candidate,EFA,matrix_32_raw_0_1,10,80,5,99.0879166666621,RAW
WHY_LATAM,equal_candidate,EFA,matrix_32_raw_0_1,10,85,5,99.0879166666621,RAW
WHY_LATAM,equal_candidate,EFA,matrix_32_raw_0_1,10,90,5,99.0879166666621,RAW
WHY_LATAM,equal_candidate,EFA,matrix_32_raw_0_1,10,95,6,99.0879166666621,RAW
WHY_LATAM,equal_candidate,EFA,matrix_32_pos_0_1,0,80,NA,5.1013392857143725,POS
WHY_LATAM,equal_candidate,EFA,matrix_32_pos_0_1,0,85,NA,5.1013392857143725,POS
WHY_LATAM,equal_candidate,EFA,matrix_32_pos_0_1,0,90,NA,5.1013392857143725,POS
WHY_LATAM,equal_candidate,EFA,matrix_32_pos_0_1,0,95,NA,5.1013392857143725,POS
WHY_LATAM,equal_candidate,EFA,matrix_32_pos_0_1,1,80,NA,11.82038690476211,POS
WHY_LATAM,equal_candidate,EFA,matrix_32_pos_0_1,1,85,NA,11.82038690476211,POS
WHY_LATAM,equal_candidate,EFA,matrix_32_pos_0_1,1,90,NA,11.82038690476211,POS
WHY_LATAM,equal_candidate,EFA,matrix_32_pos_0_1,1,95,NA,11.82038690476211,POS
WHY_LATAM,equal_candidate,EFA,matrix_32_pos_0_1,2,80,NA,26.166815476190923,POS
WHY_LATAM,equal_candidate,EFA,matrix_32_pos_0_1,2,85,NA,26.166815476190923,POS
WHY_LATAM,equal_candidate,EFA,matrix_32_pos_0_1,2,90,NA,26.166815476190923,POS
WHY_LATAM,equal_candidate,EFA,matrix_32_pos_0_1,2,95,NA,26.166815476190923,POS
WHY_LATAM,equal_candidate,EFA,matrix_32_pos_0_1,3,80,NA,38.19750000000064,POS
WHY_LATAM,equal_candidate,EFA,matrix_32_pos_0_1,3,85,NA,38.19750000000064,POS
WHY_LATAM,equal_candidate,EFA,matrix_32_pos_0_1,3,90,NA,38.19750000000064,POS
WHY_LATAM,equal_candidate,EFA,matrix_32_pos_0_1,3,95,NA,38.19750000000064,POS
WHY_LATAM,equal_candidate,EFA,matrix_32_pos_0_1,4,80,NA,49.75925595238201,POS
WHY_LATAM,equal_candidate,EFA,matrix_32_pos_0_1,4,85,NA,49.75925595238201,POS
WHY_LATAM,equal_candidate,EFA,matrix_32_pos_0_1,4,90,NA,49.75925595238201,POS
WHY_LATAM,equal_candidate,EFA,matrix_32_pos_0_1,4,95,NA,49.75925595238201,POS
WHY_LATAM,equal_candidate,EFA,matrix_32_pos_0_1,5,80,NA,57.682529761906224,POS
WHY_LATAM,equal_candidate,EFA,matrix_32_pos_0_1,5,85,NA,57.682529761906224,POS
WHY_LATAM,equal_candidate,EFA,matrix_32_pos_0_1,5,90,NA,57.682529761906224,POS
WHY_LATAM,equal_candidate,EFA,matrix_32_pos_0_1,5,95,NA,57.682529761906224,POS
WHY_LATAM,equal_candidate,EFA,matrix_32_pos_0_1,6,80,NA,71.63625000000123,POS
WHY_LATAM,equal_candidate,EFA,matrix_32_pos_0_1,6,85,NA,71.63625000000123,POS
WHY_LATAM,equal_candidate,EFA,matrix_32_pos_0_1,6,90,NA,71.63625000000123,POS
WHY_LATAM,equal_candidate,EFA,matrix_32_pos_0_1,6,95,NA,71.63625000000123,POS
WHY_LATAM,equal_candidate,EFA,matrix_32_pos_0_1,7,80,9,84.7093750000014,POS
WHY_LATAM,equal_candidate,EFA,matrix_32_pos_0_1,7,85,NA,84.7093750000014,POS
WHY_LATAM,equal_candidate,EFA,matrix_32_pos_0_1,7,90,NA,84.7093750000014,POS
WHY_LATAM,equal_candidate,EFA,matrix_32_pos_0_1,7,95,NA,84.7093750000014,POS
WHY_LATAM,equal_candidate,EFA,matrix_32_pos_0_1,8,80,6,89.89622023809643,POS
WHY_LATAM,equal_candidate,EFA,matrix_32_pos_0_1,8,85,8,89.89622023809643,POS
WHY_LATAM,equal_candidate,EFA,matrix_32_pos_0_1,8,90,NA,89.89622023809643,POS
WHY_LATAM,equal_candidate,EFA,matrix_32_pos_0_1,8,95,NA,89.89622023809643,POS
WHY_LATAM,equal_candidate,EFA,matrix_32_pos_0_1,9,80,5,94.23985119047714,POS
WHY_LATAM,equal_candidate,EFA,matrix_32_pos_0_1,9,85,6,94.23985119047714,POS
WHY_LATAM,equal_candidate,EFA,matrix_32_pos_0_1,9,90,7,94.23985119047714,POS
WHY_LATAM,equal_candidate,EFA,matrix_32_pos_0_1,9,95,NA,94.23985119047714,POS
WHY_LATAM,equal_candidate,EFA,matrix_32_pos_0_1,10,80,5,98.22642857142957,POS
WHY_LATAM,equal_candidate,EFA,matrix_32_pos_0_1,10,85,5,98.22642857142957,POS
WHY_LATAM,equal_candidate,EFA,matrix_32_pos_0_1,10,90,5,98.22642857142957,POS
WHY_LATAM,equal_candidate,EFA,matrix_32_pos_0_1,10,95,8,98.22642857142957,POS
WHY_LATAM,equal_candidate,EFA,matrix_32_ext_0_1,0,80,NA,5.547113095238179,EXT
WHY_LATAM,equal_candidate,EFA,matrix_32_ext_0_1,0,85,NA,5.547113095238179,EXT
WHY_LATAM,equal_candidate,EFA,matrix_32_ext_0_1,0,90,NA,5.547113095238179,EXT
WHY_LATAM,equal_candidate,EFA,matrix_32_ext_0_1,0,95,NA,5.547113095238179,EXT
WHY_LATAM,equal_candidate,EFA,matrix_32_ext_0_1,1,80,NA,11.054345238095406,EXT
WHY_LATAM,equal_candidate,EFA,matrix_32_ext_0_1,1,85,NA,11.054345238095406,EXT
WHY_LATAM,equal_candidate,EFA,matrix_32_ext_0_1,1,90,NA,11.054345238095406,EXT
WHY_LATAM,equal_candidate,EFA,matrix_32_ext_0_1,1,95,NA,11.054345238095406,EXT
WHY_LATAM,equal_candidate,EFA,matrix_32_ext_0_1,2,80,NA,23.162232142857484,EXT
WHY_LATAM,equal_candidate,EFA,matrix_32_ext_0_1,2,85,NA,23.162232142857484,EXT
WHY_LATAM,equal_candidate,EFA,matrix_32_ext_0_1,2,90,NA,23.162232142857484,EXT
WHY_LATAM,equal_candidate,EFA,matrix_32_ext_0_1,2,95,NA,23.162232142857484,EXT
WHY_LATAM,equal_candidate,EFA,matrix_32_ext_0_1,3,80,NA,32.47970238095283,EXT
WHY_LATAM,equal_candidate,EFA,matrix_32_ext_0_1,3,85,NA,32.47970238095283,EXT
WHY_LATAM,equal_candidate,EFA,matrix_32_ext_0_1,3,90,NA,32.47970238095283,EXT
WHY_LATAM,equal_candidate,EFA,matrix_32_ext_0_1,3,95,NA,32.47970238095283,EXT
WHY_LATAM,equal_candidate,EFA,matrix_32_ext_0_1,4,80,NA,44.93625000000069,EXT
WHY_LATAM,equal_candidate,EFA,matrix_32_ext_0_1,4,85,NA,44.93625000000069,EXT
WHY_LATAM,equal_candidate,EFA,matrix_32_ext_0_1,4,90,NA,44.93625000000069,EXT
WHY_LATAM,equal_candidate,EFA,matrix_32_ext_0_1,4,95,NA,44.93625000000069,EXT
WHY_LATAM,equal_candidate,EFA,matrix_32_ext_0_1,5,80,NA,55.325892857143856,EXT
WHY_LATAM,equal_candidate,EFA,matrix_32_ext_0_1,5,85,NA,55.325892857143856,EXT
WHY_LATAM,equal_candidate,EFA,matrix_32_ext_0_1,5,90,NA,55.325892857143856,EXT
WHY_LATAM,equal_candidate,EFA,matrix_32_ext_0_1,5,95,NA,55.325892857143856,EXT
WHY_LATAM,equal_candidate,EFA,matrix_32_ext_0_1,6,80,NA,65.71291666666806,EXT
WHY_LATAM,equal_candidate,EFA,matrix_32_ext_0_1,6,85,NA,65.71291666666806,EXT
WHY_LATAM,equal_candidate,EFA,matrix_32_ext_0_1,6,90,NA,65.71291666666806,EXT
WHY_LATAM,equal_candidate,EFA,matrix_32_ext_0_1,6,95,NA,65.71291666666806,EXT
WHY_LATAM,equal_candidate,EFA,matrix_32_ext_0_1,7,80,NA,79.10687500000095,EXT
WHY_LATAM,equal_candidate,EFA,matrix_32_ext_0_1,7,85,NA,79.10687500000095,EXT
WHY_LATAM,equal_candidate,EFA,matrix_32_ext_0_1,7,90,NA,79.10687500000095,EXT
WHY_LATAM,equal_candidate,EFA,matrix_32_ext_0_1,7,95,NA,79.10687500000095,EXT
WHY_LATAM,equal_candidate,EFA,matrix_32_ext_0_1,8,80,8,85.98258928571394,EXT
WHY_LATAM,equal_candidate,EFA,matrix_32_ext_0_1,8,85,12,85.98258928571394,EXT
WHY_LATAM,equal_candidate,EFA,matrix_32_ext_0_1,8,90,NA,85.98258928571394,EXT
WHY_LATAM,equal_candidate,EFA,matrix_32_ext_0_1,8,95,NA,85.98258928571394,EXT
WHY_LATAM,equal_candidate,EFA,matrix_32_ext_0_1,9,80,5,92.6564583333324,EXT
WHY_LATAM,equal_candidate,EFA,matrix_32_ext_0_1,9,85,6,92.6564583333324,EXT
WHY_LATAM,equal_candidate,EFA,matrix_32_ext_0_1,9,90,9,92.6564583333324,EXT
WHY_LATAM,equal_candidate,EFA,matrix_32_ext_0_1,9,95,NA,92.6564583333324,EXT
WHY_LATAM,equal_candidate,EFA,matrix_32_ext_0_1,10,80,4,96.6436607142846,EXT
WHY_LATAM,equal_candidate,EFA,matrix_32_ext_0_1,10,85,5,96.6436607142846,EXT
WHY_LATAM,equal_candidate,EFA,matrix_32_ext_0_1,10,90,6,96.6436607142846,EXT
WHY_LATAM,equal_candidate,EFA,matrix_32_ext_0_1,10,95,9,96.6436607142846,EXT
WHY_LATAM,equal_candidate,EFA,matrix_32_z_abs,0,80,NA,3.2887499999999505,Z_ABS
WHY_LATAM,equal_candidate,EFA,matrix_32_z_abs,0,85,NA,3.2887499999999505,Z_ABS
WHY_LATAM,equal_candidate,EFA,matrix_32_z_abs,0,90,NA,3.2887499999999505,Z_ABS
WHY_LATAM,equal_candidate,EFA,matrix_32_z_abs,0,95,NA,3.2887499999999505,Z_ABS
WHY_LATAM,equal_candidate,EFA,matrix_32_z_abs,1,80,NA,7.708630952380838,Z_ABS
WHY_LATAM,equal_candidate,EFA,matrix_32_z_abs,1,85,NA,7.708630952380838,Z_ABS
WHY_LATAM,equal_candidate,EFA,matrix_32_z_abs,1,90,NA,7.708630952380838,Z_ABS
WHY_LATAM,equal_candidate,EFA,matrix_32_z_abs,1,95,NA,7.708630952380838,Z_ABS
WHY_LATAM,equal_candidate,EFA,matrix_32_z_abs,2,80,NA,16.950238095237843,Z_ABS
WHY_LATAM,equal_candidate,EFA,matrix_32_z_abs,2,85,NA,16.950238095237843,Z_ABS
WHY_LATAM,equal_candidate,EFA,matrix_32_z_abs,2,90,NA,16.950238095237843,Z_ABS
WHY_LATAM,equal_candidate,EFA,matrix_32_z_abs,2,95,NA,16.950238095237843,Z_ABS
WHY_LATAM,equal_candidate,EFA,matrix_32_z_abs,3,80,NA,24.518809523809157,Z_ABS
WHY_LATAM,equal_candidate,EFA,matrix_32_z_abs,3,85,NA,24.518809523809157,Z_ABS
WHY_LATAM,equal_candidate,EFA,matrix_32_z_abs,3,90,NA,24.518809523809157,Z_ABS
WHY_LATAM,equal_candidate,EFA,matrix_32_z_abs,3,95,NA,24.518809523809157,Z_ABS
WHY_LATAM,equal_candidate,EFA,matrix_32_z_abs,4,80,NA,33.4661904761899,Z_ABS
WHY_LATAM,equal_candidate,EFA,matrix_32_z_abs,4,85,NA,33.4661904761899,Z_ABS
WHY_LATAM,equal_candidate,EFA,matrix_32_z_abs,4,90,NA,33.4661904761899,Z_ABS
WHY_LATAM,equal_candidate,EFA,matrix_32_z_abs,4,95,NA,33.4661904761899,Z_ABS
WHY_LATAM,equal_candidate,EFA,matrix_32_z_abs,5,80,NA,44.53842261904705,Z_ABS
WHY_LATAM,equal_candidate,EFA,matrix_32_z_abs,5,85,NA,44.53842261904705,Z_ABS
WHY_LATAM,equal_candidate,EFA,matrix_32_z_abs,5,90,NA,44.53842261904705,Z_ABS
WHY_LATAM,equal_candidate,EFA,matrix_32_z_abs,5,95,NA,44.53842261904705,Z_ABS
WHY_LATAM,equal_candidate,EFA,matrix_32_z_abs,6,80,NA,57.24711309523724,Z_ABS
WHY_LATAM,equal_candidate,EFA,matrix_32_z_abs,6,85,NA,57.24711309523724,Z_ABS
WHY_LATAM,equal_candidate,EFA,matrix_32_z_abs,6,90,NA,57.24711309523724,Z_ABS
WHY_LATAM,equal_candidate,EFA,matrix_32_z_abs,6,95,NA,57.24711309523724,Z_ABS
WHY_LATAM,equal_candidate,EFA,matrix_32_z_abs,7,80,NA,69.60809523809439,Z_ABS
WHY_LATAM,equal_candidate,EFA,matrix_32_z_abs,7,85,NA,69.60809523809439,Z_ABS
WHY_LATAM,equal_candidate,EFA,matrix_32_z_abs,7,90,NA,69.60809523809439,Z_ABS
WHY_LATAM,equal_candidate,EFA,matrix_32_z_abs,7,95,NA,69.60809523809439,Z_ABS
WHY_LATAM,equal_candidate,EFA,matrix_32_z_abs,8,80,NA,79.7268749999981,Z_ABS
WHY_LATAM,equal_candidate,EFA,matrix_32_z_abs,8,85,NA,79.7268749999981,Z_ABS
WHY_LATAM,equal_candidate,EFA,matrix_32_z_abs,8,90,NA,79.7268749999981,Z_ABS
WHY_LATAM,equal_candidate,EFA,matrix_32_z_abs,8,95,NA,79.7268749999981,Z_ABS
WHY_LATAM,equal_candidate,EFA,matrix_32_z_abs,9,80,6,90.33386904761592,Z_ABS
WHY_LATAM,equal_candidate,EFA,matrix_32_z_abs,9,85,9,90.33386904761592,Z_ABS
WHY_LATAM,equal_candidate,EFA,matrix_32_z_abs,9,90,12,90.33386904761592,Z_ABS
WHY_LATAM,equal_candidate,EFA,matrix_32_z_abs,9,95,NA,90.33386904761592,Z_ABS
WHY_LATAM,equal_candidate,EFA,matrix_32_z_abs,10,80,5,95.6869047619018,Z_ABS
WHY_LATAM,equal_candidate,EFA,matrix_32_z_abs,10,85,5,95.6869047619018,Z_ABS
WHY_LATAM,equal_candidate,EFA,matrix_32_z_abs,10,90,8,95.6869047619018,Z_ABS
WHY_LATAM,equal_candidate,EFA,matrix_32_z_abs,10,95,11,95.6869047619018,Z_ABS
