"cluster","n_patterns","pct_total_patterns","pct_rest_patterns"
"1",16422,90.9906914893617,100
"2",438,2.42686170212766,9.00930851063831
"3",79,0.437721631205674,6.58244680851065
"4",227,1.25775709219858,6.14472517730498
"Restantes",882,4.88696808510638,0
