"cluster","n_patterns","pct_total_patterns","pct_rest_patterns"
"1",44,93.6170212765958,100
"2",2,4.25531914893617,6.38297872340425
"Restantes",1,2.12765957446809,0
