"cluster","n_patterns","pct_total_patterns","pct_rest_patterns"
"1",15668,48.7310276188106,100
"2",15622,48.5879572032844,51.2689723811894
"Restantes",862,2.68101517790495,0
