"D","assigned_pct","unassigned_pct"
0,16.770875,83.229125
2,60.4056,39.5944
4,86.6162875,13.3837125
6,95.24995,4.75005
8,99.0136375,0.9863625
10,99.7087,0.2913
