"D","assigned_pct","unassigned_pct"
0,0.0117926266601807,99.9882073733398
2,1.78953109568242,98.2104689043176
4,22.1170713011689,77.882928698831
6,55.3545895428883,44.6454104571117
8,78.3870634885538,21.6129365114462
10,94.482524801368,5.51747519863206
