"D","assigned_pct","unassigned_pct"
0,0.00750384572093198,99.9924961542791
2,1.17622781675609,98.8237721832439
4,15.3481784414512,84.6518215585488
6,47.9017371402844,52.0982628597156
8,81.9316774847109,18.0683225152891
10,94.2304806213184,5.76951937868157
