"D","assigned_pct","unassigned_pct"
0,28.35935,71.64065
2,75.207425,24.792575
4,94.192975,5.807025
6,98.822175,1.177825
8,99.4635375,0.5364625
10,99.7829,0.2171
