"cluster","n_patterns","pct_total_patterns","pct_rest_patterns"
"1",34,33.6633663366337,100
"2",19,18.8118811881188,66.3366336633663
"Restantes",48,47.5247524752475,0
